"rf_coeffs"
"Iteration" "cd etc.."
("Iteration" "cd" "cl")
1 2.095781665180824 3.978845821076792
2 0.3699983609901687 1.456329317506517
3 0.2629163733430019 0.3230734617288864
4 -0.009887558024524122 0.05773342485519643
5 0.05997897333827792 -0.07496342936810825
6 -0.005873321221193599 0.09834966743074351
7 0.03914906093880011 0.1493023577977066
8 0.01909439028502318 0.2411989046147194
9 0.03965849294683986 0.2482618733188725
10 0.02943074480671283 0.2652034621069804
11 0.03714497492686977 0.2748845393595721
12 0.03441603339083354 0.2877328386144454
13 0.03354812052454696 0.2790004320119422
14 0.03482677993761767 0.2990357171734133
15 0.03211064671890598 0.2922607210272542
16 0.03391664952759183 0.3100258612295475
17 0.03230329180643737 0.3103285071415859
18 0.03207371053284585 0.3167207308447141
19 0.03245777804605915 0.3243591286420792
20 0.03136623694079967 0.3252788666618094
21 0.03203383674454426 0.3335292751278743
22 0.0315876254168545 0.3369157082443494
23 0.03181630856503383 0.3411517969129739
24 0.03177360223644672 0.3462193091246226
25 0.0316031140298518 0.349045141657434
26 0.03171793151780757 0.3543157879457043
27 0.03150947405273157 0.3573323715214283
28 0.03147108289826809 0.3614632988215473
29 0.03139864221408693 0.3649530610016548
30 0.03127015103074409 0.3684059381988196
31 0.03126496116587289 0.3721904371529989
32 0.03112753820592366 0.3754415135590878
33 0.03109871230014816 0.3788820880183454
34 0.03096987356042498 0.382077860007399
35 0.03091642928875055 0.3853384625915958
36 0.0308169849671409 0.388488039140722
37 0.03074552491191928 0.3915343284962343
38 0.03068662145518818 0.3945758038286914
39 0.03062281784325845 0.397564587504534
40 0.03057232823841961 0.4006525882058556
41 0.03051821500853711 0.4034625539420322
42 0.03044721437078568 0.4063212060618276
43 0.03039797029418965 0.4091661742766111
44 0.03033592201777866 0.411958796488666
45 0.03028250282763529 0.4147283540439853
46 0.03023422568106298 0.4175896477468626
47 0.03019464605104666 0.4203822763537644
48 0.03014457680226479 0.4231686429444567
49 0.03009578377705505 0.425890748238306
50 0.03004670148368254 0.4286590943834968
51 0.02999081988508812 0.4313379241821458
52 0.02993291505466481 0.4339387731789625
53 0.02987148250479828 0.4364992081511335
54 0.0298132417341162 0.4390584802104932
55 0.02975790404773786 0.4415675522432284
56 0.02969808031905403 0.4440490444420725
57 0.02963875184043369 0.4464676661135396
58 0.02957744924136662 0.4488325111410956
59 0.02951694676730071 0.4511388755066831
60 0.02945582256339988 0.4533886207020712
61 0.0293950613259332 0.455583235731584
62 0.02933491227438509 0.4577171214812581
63 0.02927402286067253 0.459791348993722
64 0.02921484908864164 0.4617798300944516
65 0.0291486604759344 0.463735903475045
66 0.02909284587159014 0.4656424771523894
67 0.02903427791079511 0.4674936121844273
68 0.02897753921184422 0.4692786010995277
69 0.02892604413691835 0.4710368449747691
70 0.02886464604558232 0.4726895711758981
71 0.02880609808106019 0.4742813149530489
72 0.02874548100064304 0.4758136915371058
73 0.02869156072712403 0.4773099738054636
74 0.02863546073088656 0.4787942134662171
75 0.02858421309626442 0.4801871627610379
76 0.02853446945826272 0.4815105505028998
77 0.02847856908236228 0.4828275394715185
78 0.02842776535400248 0.4840493345159674
79 0.02837676967253949 0.485253903451275
80 0.02832957918854169 0.486416200266967
81 0.02828324025400782 0.4875544799607622
82 0.02823633342459613 0.4886112175910062
83 0.0281902644225991 0.4896300833157579
84 0.02814576789493947 0.4906165958336747
85 0.02809943848907617 0.4915472427130009
86 0.02806005421547271 0.4924821622339255
87 0.02801931953469131 0.4933632760082917
88 0.02798015234251231 0.4941946686586622
89 0.02794117392153132 0.4950011451923172
90 0.02790405763875962 0.4957821125588848
91 0.02786843610949146 0.4965192502827825
92 0.027833259489018 0.4972298811249344
93 0.02779967224556452 0.4979144979114495
94 0.0277668709099094 0.4985797678948398
95 0.02773574388773297 0.499210487966431
96 0.02770495809971788 0.4998117918798354
97 0.02767544546248619 0.5003944405023131
98 0.02764688141302406 0.5009540982851857
99 0.02761943909238527 0.5014932136216681
100 0.02759274591603447 0.5020166144951368
101 0.02756725467202559 0.5025120106312171
102 0.02754238492314041 0.5029928760112689
103 0.02751819957091237 0.5034550415993946
104 0.02749466980781577 0.503900839744045
105 0.0274720274033354 0.5043309602696415
106 0.02745016425080834 0.5047431472815659
107 0.02742841901450889 0.5051474743224031
108 0.02740799050277813 0.505538240355116
109 0.02738824279844407 0.5059098091110343
110 0.02736851900464834 0.5062761971200989
111 0.02734974339562713 0.5066310833578825
112 0.02733111272602073 0.5069749696518583
113 0.02731299980025682 0.5073079684243227
114 0.02729524043084674 0.5076276017746529
115 0.02727789950974405 0.5079443400622125
116 0.02726084928804435 0.5082518915571447
117 0.02724416449960572 0.5085510255390264
118 0.02722773579387243 0.5088423163338105
119 0.02721157794858841 0.5091259756838775
120 0.02719516033548645 0.5093970890921371
121 0.02717985792462409 0.509670049686662
122 0.027164350333623 0.5099422560130817
123 0.0271492855258041 0.5101955780152545
124 0.02713370891313606 0.5104527195177365
125 0.02711918129387371 0.5106953508266115
126 0.02710391759766391 0.5109381671294329
127 0.02708953415089232 0.5111765088643019
128 0.02707481816924242 0.5114099950898306
129 0.02706046374195311 0.5116382646875012
130 0.02704598071801905 0.5118618084656915
131 0.02703171269712111 0.5120808048566898
132 0.02701744325046014 0.5122951765591507
133 0.02700323330490085 0.5125089462358398
134 0.02698933587567551 0.5127107956771956
135 0.0269749344598378 0.5129150862339238
136 0.02696135119600112 0.5131088988610241
137 0.02694710543687597 0.5133057474007741
138 0.02693373485046909 0.5134949268810715
139 0.02691975428485273 0.5136799114861154
140 0.02690637467761952 0.5138615027128398
141 0.02689245271110512 0.5140388958120271
142 0.02687923540968043 0.514212461855213
143 0.02686563943467696 0.5143850852143059
144 0.02685259791761908 0.5145496575982405
145 0.02683915251587016 0.5147111222042141
146 0.02682610998897337 0.5148691445355256
147 0.02681299869831424 0.5150237323329605
148 0.02680021342754178 0.5151766713237796
149 0.02678741582973302 0.515322910327885
150 0.0267746503813093 0.5154646908494664
151 0.02676205145754837 0.5156036919745407
152 0.02674962888271052 0.5157391657163147
153 0.02673734453184717 0.515870913419811
154 0.02672521216810229 0.5159991884013806
155 0.02671323047055428 0.516123548575793
156 0.02670138450675446 0.5162444492419214
157 0.02668972256953862 0.516361510882788
158 0.02667818547927858 0.5164751285617947
159 0.02666685104523325 0.5165849606646232
160 0.02665566150709676 0.5166915498584559
161 0.02664468785542198 0.5167945015732426
162 0.02663391562666372 0.5168932946232391
163 0.02662320162381892 0.5169908981431056
164 0.02661287069864347 0.5170838408220507
165 0.02660264427498376 0.5171724285920676
166 0.02659258473393566 0.5172592573986819
167 0.02658278559497098 0.5173430293361242
168 0.02657317257916834 0.5174235862376979
169 0.02656377307814747 0.5175010482217041
170 0.02655457497770919 0.517575534241094
171 0.0265455937822444 0.5176471710155381
172 0.02653682512410769 0.5177160562622554
173 0.02652827520114747 0.5177822467830493
174 0.02651994044464276 0.517845852455139
175 0.026511828588794 0.5179069431223767
176 0.02650392756243819 0.5179655724592537
177 0.02649625053195415 0.5180218673408784
178 0.02648878621464017 0.518075869734297
179 0.02648158539134201 0.5181271115514416
180 0.02647448447240563 0.5181774157465604
181 0.02646772184736624 0.5182250661262902
182 0.02646111674093221 0.5182711928309762
183 0.02645470958403901 0.518314902418561
184 0.02644850554400948 0.5183568525350506
185 0.0264425169053827 0.5183972046879476
186 0.02643672904998823 0.5184359537193026
187 0.02643113444687088 0.5184731348324662
188 0.0264257101442641 0.5185092463184391
189 0.02642055184527739 0.5185434394260056
190 0.02641551971871556 0.5185764856358829
191 0.02641070434851606 0.5186083772572347
192 0.02640605060061069 0.5186391461198441
193 0.02640158550932701 0.5186688228341507
194 0.0263972843859811 0.518697507345474
195 0.02639315554310339 0.5187252339308306
196 0.02638918519680665 0.5187520971599675
197 0.02638537725053753 0.5187781499398403
198 0.02638171928014183 0.5188034519771884
199 0.02637821377254753 0.518828078920347
200 0.02637483186045063 0.5188522852863685
201 0.02637164232856779 0.5188754447206182
202 0.02636853445470301 0.5188983305976004
203 0.02636558935818283 0.5189208179830698
204 0.02636275082286145 0.5189428705618285
205 0.02636004682182709 0.5189645596086488
206 0.02635744844611478 0.5189859221992857
207 0.02635496884790119 0.5190069946137412
208 0.02635259027302382 0.5190278275003353
209 0.02635031770835187 0.5190484574497567
210 0.02634814061764345 0.5190689223478004
211 0.02634605675202386 0.5190892557038403
212 0.02634406332500978 0.5191094968683435
213 0.02634215328430487 0.5191296637475347
214 0.02634032517967779 0.5191497928300339
215 0.02633856998153695 0.5191698862059698
216 0.02633689112110225 0.5191900110346287
217 0.02633527773714761 0.5192101633663511
218 0.02633372961416202 0.519230358710924
219 0.02633224228919373 0.5192506231813803
220 0.02633081185882007 0.5192709664927186
221 0.02632943565161642 0.5192914106950295
222 0.02632810971314446 0.5193119649442635
223 0.02632683099029575 0.5193326419719431
224 0.02632561744482775 0.519353468468389
225 0.02632440123607568 0.5193744144727153
226 0.02632325421844423 0.519395508776879
227 0.02632212718944558 0.5194167661254341
228 0.0263210489830302 0.5194379828881674
229 0.02631997922326438 0.5194597021867123
230 0.02631896503869001 0.519481500209478
231 0.02631795911815776 0.5195034150395114
232 0.02631698885729536 0.5195252474928593
233 0.02631601508251845 0.5195479009529049
234 0.02631511000545433 0.519570018401695
235 0.02631416094087583 0.5195929096482979
236 0.02631329340854276 0.5196153690806554
237 0.02631237923948622 0.5196383045725146
238 0.02631152649301766 0.5196614198769612
239 0.02631065917426604 0.5196846936790083
240 0.02630982022341872 0.5197080821664283
241 0.02630897850363142 0.5197316156654426
242 0.02630815374177287 0.5197552765160276
243 0.02630733147661814 0.5197790713771063
244 0.02630652024579511 0.519802999106953
245 0.0263057139580403 0.5198270482523445
246 0.02630491369344364 0.5198512164386766
247 0.0263041202115749 0.5198755014769701
248 0.02630332935074592 0.5198998851775412
249 0.02630254501600475 0.5199243764906694
250 0.02630176307274579 0.5199489555208086
251 0.02630098527172216 0.5199736234981195
252 0.02630021121326457 0.5199983748388276
253 0.02629943934569084 0.5200231960558358
254 0.02629867145015239 0.5200480902133628
255 0.0262979056211024 0.520073043842694
256 0.02629714293328262 0.5200980552142012
257 0.02629638297303882 0.5201231178782552
258 0.02629562556786503 0.5201482245651939
259 0.02629487036600246 0.5201733407465936
260 0.02629411769743565 0.5201985315722816
261 0.02629337190117415 0.5202237632916364
262 0.02629262649426475 0.5202490033788164
263 0.02629188431455135 0.5202742575593732
264 0.02629114540645901 0.5202995272754376
265 0.02629041014231886 0.5203248084241971
266 0.02628967876858395 0.5203500974183219
267 0.02628895161634457 0.5203753902667936
268 0.02628822888883674 0.5204006830507508
269 0.02628751080454605 0.5204259726838671
270 0.02628679760219197 0.5204512555112328
271 0.02628608987621014 0.5204765457899484
272 0.02628538789941785 0.5205018035972616
273 0.02628468936790587 0.5205270434324208
274 0.0262839982409099 0.5205522695466916
275 0.02628331297619103 0.5205774806645926
276 0.02628263459846652 0.5206026723488832
277 0.02628196283211325 0.5206278426584477
278 0.02628129814441199 0.5206529894764339
279 0.02628064059254584 0.5206781113549966
280 0.02627999063439331 0.5207032075100839
281 0.02627934800659004 0.5207282778324874
282 0.02627871378341323 0.520753320321709
283 0.02627808742082213 0.520778335247063
284 0.02627746954817176 0.5208033217730977
285 0.02627686135127831 0.5208282907314673
286 0.02627626031223773 0.5208532169035659
287 0.02627566770123151 0.5208781153227519
288 0.02627508482109522 0.5209029874716276
289 0.02627451119534365 0.5209278335360165
290 0.02627394710825259 0.520952652625878
291 0.02627339248740213 0.5209774447757988
292 0.02627284747934325 0.5210022103576227
293 0.02627231206917729 0.5210269497883138
294 0.02627178633329239 0.5210516631043366
295 0.02627127040343193 0.5210763522954136
296 0.02627076439996925 0.5211010186313496
297 0.02627026827584747 0.5211256620906666
298 0.0262697821162624 0.521150283561792
299 0.02626930671353558 0.521174886782298
300 0.02626884059219022 0.5211994687255362
301 0.01513512303128947 0.5025615025011743
302 0.01502447430543927 0.4980949208327585
303 0.01393570014768525 0.499171948989995
304 0.01403947833951942 0.5041659667516074
305 0.01402783071874459 0.5091251233088745
306 0.01418993453312813 0.5128488198394419
307 0.01413624662901606 0.5156833773376336
308 0.01406502412707968 0.5174874337289254
309 0.01392924828641231 0.5189982837152575
310 0.01374507547602273 0.5199899625783154
311 0.0135599857427617 0.5208282861595142
312 0.01339063286221829 0.5216558194910098
313 0.01320823848859018 0.5222515376219811
314 0.01308006874412255 0.5229748606998161
315 0.01294422187677114 0.5235297825875336
316 0.01281887514672421 0.5239933458988815
317 0.01272937164660145 0.5244698868494345
318 0.01261069400522996 0.5248119931218189
319 0.01252828503633487 0.5251546383192643
320 0.01244311762487385 0.5254241869385911
321 0.01236411410626771 0.525659584495923
322 0.01229606113340263 0.5259142241946974
323 0.01222337034501097 0.5260988760013497
324 0.01216377188382156 0.5263122582191997
325 0.01210688059903855 0.5265142209897721
326 0.01205186871381734 0.5266860022126656
327 0.01200590038488877 0.5268880735224184
328 0.01196266814707821 0.5270513564551155
329 0.01192408892403147 0.5272246152423649
330 0.01188946098629847 0.5273850129184238
331 0.01185256675894949 0.5275413332415275
332 0.01182413898458317 0.5276731729671255
333 0.01178950425509051 0.5278064690676726
334 0.01176368549967669 0.5279131653804015
335 0.01173350578894098 0.5280114251383067
336 0.01170323747119694 0.5280962111258281
337 0.01167595923168207 0.5281509439868288
338 0.01164569737091044 0.5281965594292304
339 0.01161562397723596 0.5282291188551372
340 0.01158354430980441 0.5282405996796464
341 0.01155422746637617 0.5282381910538629
342 0.0115237854197069 0.5282286307300519
343 0.01149425139478889 0.5282078225020529
344 0.01146609888491606 0.5281796940266599
345 0.01143767658176657 0.5281469757170769
346 0.01141181248269943 0.5281099620717121
347 0.01138532905224428 0.5280695457389348
348 0.01136050252811274 0.5280242224646435
349 0.01133730214868064 0.5279783926854598
350 0.01131594705217963 0.5279324762283214
351 0.01129943510690694 0.5278963212266151
352 0.01128018276310032 0.5278573397625039
353 0.01126339690850645 0.5278144286066391
354 0.01124992535287132 0.5277768951645496
355 0.0112350808160714 0.5277371793455985
356 0.01122423568942247 0.5277021513737562
357 0.01121396460928139 0.5276711218848954
358 0.0112032094693083 0.5276352942992408
359 0.01119616448409352 0.5276068864977217
360 0.01118844700491292 0.5275765332777503
361 0.01118256001019881 0.5275495223005616
362 0.01117791346299686 0.5275260171248656
363 0.0111735903831837 0.5275030251204246
364 0.01117022115872172 0.5274807275809517
365 0.01116831740666214 0.5274643509775044
366 0.01116674453405984 0.5274493747088037
367 0.011165952080106 0.5274369767409021
368 0.01116583924775841 0.5274269805012746
369 0.01116625187356023 0.5274195071485258
370 0.01116707812277074 0.5274134495022103
371 0.01116841453494346 0.5274099797265961
372 0.01117011528576149 0.5274072540056934
373 0.01117215954791188 0.5274074283541302
374 0.01117487356137051 0.5274107730263479
375 0.01117781336934847 0.5274167917628433
376 0.01118095317400382 0.5274238781267291
377 0.01118465068042717 0.5274335747500092
378 0.01118855309476473 0.5274463971533324
379 0.01119272799780692 0.5274624325694288
380 0.01119709926682486 0.5274798228819175
381 0.0112018831303256 0.5274999268641395
382 0.01120692651519869 0.5275213790638589
383 0.01121236598037271 0.5275489751846567
384 0.01121773429393554 0.5275785995004763
385 0.01122309990948912 0.5276091710148977
386 0.01122869338394977 0.5276425704415661
387 0.01123471049413778 0.5276799851501048
388 0.01124103315577257 0.5277200600708114
389 0.01124748220520122 0.5277636137369318
390 0.011253946172792 0.5278084185769124
391 0.01126057763465454 0.5278568254082159
392 0.01126718276426415 0.5279068293606078
393 0.01127393426077484 0.5279605847410327
394 0.01128067310020953 0.5280158562984641
395 0.01128755986108148 0.5280749117309731
396 0.01129444140166488 0.528135726873013
397 0.01130145887034794 0.5282002451945222
398 0.01130839870234846 0.5282658644032041
399 0.01131544364729976 0.5283350360460322
400 0.01132211823419334 0.5284029653552776
401 0.0113291338293816 0.5284769711034174
402 0.01133615063901526 0.5285525681433084
403 0.01134330866337536 0.5286322002728929
404 0.01135024329460243 0.5287121208334208
405 0.01135728574765576 0.5287964744010412
406 0.01136399739075149 0.5288796571918972
407 0.01137069688379883 0.5289669606225286
408 0.01137708799860335 0.529053325155236
409 0.01138354949388038 0.5291439596076238
410 0.01138975634149321 0.529233961017655
411 0.01139606423474618 0.5293287741942115
412 0.01140208466981094 0.5294223900368801
413 0.01140815962378747 0.5295206018144587
414 0.0114138504578179 0.5296168821963007
415 0.01141959501355838 0.5297177799541505
416 0.01142501582223136 0.5298171784518405
417 0.01143045364912294 0.5299213105345787
418 0.01143551909649563 0.5300228763111736
419 0.01144057411645324 0.5301291862205483
420 0.01144526535060385 0.5302331014135753
421 0.01144994764936668 0.5303418249397804
422 0.01145459783019813 0.5304645719150237
423 0.01145870233035788 0.530557254637385
424 0.01146241352710782 0.5306771599264556
425 0.01146648127827012 0.5307981552261358
426 0.01146977352081888 0.5308950978425148
427 0.01147270021427498 0.5310013970902461
428 0.01147562246621772 0.5311170484051068
429 0.01147853256979223 0.5312239766319409
430 0.01148105311551081 0.5313420119632384
431 0.01148361208241636 0.5314511156092155
432 0.01148563823806782 0.5315704731071964
433 0.01148777814000974 0.5316809417216849
434 0.0114893581652844 0.5318003411975948
435 0.01149094777179437 0.531911048840003
436 0.01149176107149069 0.5320295890689253
437 0.01149290232262331 0.5321270758306472
438 0.01149340283489235 0.5322645172024504
439 0.01149466432598786 0.5323776261882984
440 0.01149485724261236 0.5324955183692477
441 0.01149481323674512 0.5326159282217673
442 0.01149472361708348 0.5327174553621838
443 0.01149376706576305 0.5328484340918611
444 0.01149346501273397 0.5329524027843293
445 0.01149220484363963 0.5330771235741004
446 0.01149138278335522 0.5331921160627965
447 0.01148989140671665 0.5333050524691633
448 0.01148806489260674 0.5334181880486379
449 0.01148629352287554 0.5335293632525485
450 0.01148409753156323 0.5336435993867288
451 0.01148196410352424 0.5337577975031209
452 0.01147962725327355 0.5338657171603056
453 0.01147687318124406 0.5339806942405078
454 0.01147426902626031 0.5340914332829827
455 0.01147121816984025 0.5342057650798757
456 0.0114681737853775 0.534314842070541
457 0.01146483718974463 0.5344252967296544
458 0.0114613386100081 0.5345338653067155
459 0.01145774271389032 0.5346437446425895
460 0.01145397643713256 0.534751995344565
461 0.01145006627941646 0.5348604928114129
462 0.01144602496715327 0.5349675421080722
463 0.01144183398185574 0.5350746016331963
464 0.01143750511777578 0.5351800993106598
465 0.01143308780115853 0.5352857513281535
466 0.01142849362164358 0.5353896117033572
467 0.01142388631870246 0.5354938664097108
468 0.01141899349141924 0.5355979609820222
469 0.01141427649253336 0.5356994776107707
470 0.01140922662763275 0.5357999556366903
471 0.01140428135054925 0.5359002635375124
472 0.01139914453952104 0.5359996539471161
473 0.01139383304069723 0.5360970187764756
474 0.01138873124204322 0.5361956215501943
475 0.01138365665732659 0.5362935890259557
476 0.01137836836953358 0.5363899895851545
477 0.01137315573916569 0.5364857723978216
478 0.01136777756072218 0.5365801175687347
479 0.0113625043074676 0.5366740238439217
480 0.0113571083275863 0.5367665912848494
481 0.01135183174746925 0.5368587688874741
482 0.01134644396942911 0.5369496494988888
483 0.01134119270997606 0.5370400637841889
484 0.01133584763186024 0.5371291832021815
485 0.01133065866707648 0.5372178823700129
486 0.01132538318506239 0.5373052678640969
487 0.01132027341865543 0.5373922280055943
488 0.01131509422625638 0.5374778959907118
489 0.01131008620884402 0.5375631200998764
490 0.01130503048078334 0.5376471038890451
491 0.01130015326711584 0.5377306386765534
492 0.01129532505654715 0.5378116916229817
493 0.01129053250157438 0.5378945476361953
494 0.01128585665713538 0.5379755250622631
495 0.0112812782995799 0.5380561976976053
496 0.01127676293137997 0.5381350601610687
497 0.01127237376407027 0.5382139063463202
498 0.01126805748602096 0.5382911696350897
499 0.01126397970899441 0.5383672986306134
500 0.01125984664523362 0.5384437706881915
501 0.01125593787433644 0.5385204490803188
502 0.01125211141455104 0.538595016000707
503 0.0112484200255026 0.5386695820492271
504 0.01124494299319607 0.5387410636735762
505 0.01124145073614387 0.538815117758231
506 0.0112382977432076 0.5388856198190206
507 0.01123507506584027 0.5389588908418599
508 0.01123207792399959 0.5390303717835567
509 0.01122934759265584 0.5390993517550834
510 0.01122651519821199 0.5391696681354597
511 0.01122415324299779 0.5392375434956138
512 0.01122159060373874 0.5393075759476219
513 0.01121958535899325 0.5393738640574171
514 0.0112172975994835 0.5394435220868875
515 0.01121535135012411 0.5395129916270992
516 0.01121342665342516 0.5395806889336073
517 0.01121175716590388 0.5396469890957295
518 0.0112103111446547 0.5397084314678401
519 0.01120866166769439 0.5397783135525467
520 0.01120734339704249 0.5398450996408454
521 0.01120648790436097 0.5399049470343065
522 0.01120512688516867 0.5399730578199378
523 0.01120443893989448 0.5400378442526408
524 0.01120366244787285 0.5401006127383845
525 0.01120301481376632 0.5401670593532246
526 0.01120262680597671 0.540228824532622
527 0.01120224916632703 0.5402929978304638
528 0.01120210316540638 0.5403545034768449
529 0.01120203192313594 0.5404186998452267
530 0.01120214212228953 0.5404802383647502
531 0.01120234225929275 0.5405441991529658
532 0.01120269651982689 0.5406073119598307
533 0.01120316616306124 0.5406687275868505
534 0.01120368558509298 0.5407305069882423
535 0.0112044084529147 0.5407945264930222
536 0.0112051997797037 0.5408567349415669
537 0.01120609188262775 0.5409190497630812
538 0.01120707800460341 0.5409828702650145
539 0.01120820159077223 0.5410452942512486
540 0.01120932347931233 0.5411076945859153
541 0.01121061508277577 0.5411708530043942
542 0.0112119379262342 0.5412338212682281
543 0.01121338557544527 0.5412973294126974
544 0.01121486928026385 0.5413606251483194
545 0.01121645065355826 0.5414243401745228
546 0.01121806412792088 0.5414879234875871
547 0.01121976582045488 0.5415519487959215
548 0.01122148733657613 0.5416158805345346
549 0.01122329139822607 0.5416802764010308
550 0.01122511819855239 0.5417445732338064
551 0.01122694293274914 0.5418099942968012
552 0.01122890738070715 0.5418739544638103
553 0.01123076262237408 0.5419400512446232
554 0.01123278967224438 0.5420043501284906
555 0.01123467215170499 0.5420709074702974
556 0.01123674102893765 0.5421358273184028
557 0.01123865206497583 0.5422029197139333
558 0.01124073046542111 0.5422683464418921
559 0.01124264876054514 0.5423360013918449
560 0.01124471899695347 0.5424020420908446
561 0.01124663103128679 0.5424702651828468
562 0.0112486622312928 0.5425366695529464
563 0.0112505408453542 0.5426055149413138
564 0.01125252154074232 0.5426724629771149
565 0.01125434994563934 0.5427419154073818
566 0.01125628167912914 0.5428092559622495
567 0.01125803830100402 0.5428793907634404
568 0.01125988819883595 0.5429472235221744
569 0.01126156964387131 0.543018024300389
570 0.01126330831263245 0.5430860609855533
571 0.0112648934131095 0.5431575714375696
572 0.01126652398832798 0.5432260818195119
573 0.01126800134419615 0.5432982236117553
574 0.01126949508382433 0.5433668639707951
575 0.01127084231695979 0.5434396616088726
576 0.01127220315839085 0.5435087192864786
577 0.01127341516650639 0.5435821021678736
578 0.01127461493593074 0.54365119130647
579 0.01127567193778056 0.5437251690531738
580 0.01127671831417569 0.5437946010350997
581 0.01127761699001781 0.5438690794036539
582 0.0112784834673366 0.5439384612764824
583 0.01127920514828342 0.5440134284137326
584 0.01127990286488947 0.544083086415993
585 0.01128044612010944 0.5441584088155438
586 0.01128104897705794 0.5442295842084828
587 0.0112813415924276 0.5443024328066222
588 0.0112816300592413 0.5443743906386763
589 0.01128177403258063 0.5444463248793808
590 0.01128189665490008 0.5445206584299112
591 0.01128195760595602 0.5445939223484475
592 0.01128179215766542 0.5446662433824353
593 0.01128160003791777 0.5447390994237238
594 0.0112812430120619 0.5448114209161201
595 0.01128085680807117 0.5448843927754302
596 0.01128028442148476 0.5449552068132801
597 0.01127968211876211 0.5450287038209907
598 0.01127901648760288 0.5451027834350457
599 0.01127824380931871 0.5451752316137689
600 0.01127722448761398 0.5452451647087935
601 0.01127619593823859 0.5453178059580872
602 0.01127508727621447 0.5453895192515221
603 0.0112739043078199 0.5454620456363802
604 0.01127258263077513 0.5455330878805158
605 0.01127118182454049 0.5456048639990217
606 0.0112696584922027 0.5456752888625249
607 0.01126807075157137 0.5457465105047119
608 0.01126635741017147 0.5458163639185202
609 0.01126459641732537 0.5458870507778134
610 0.01126270494601065 0.5459563065477753
611 0.01126077377978705 0.5460263519256161
612 0.01125871465132984 0.546094940096621
613 0.01125661996857613 0.5461642743990104
614 0.01125439876846728 0.5462321098172581
615 0.01125214911071661 0.5463006647517639
616 0.0112497758782415 0.5463676765028145
617 0.01124738068783706 0.5464353707314658
618 0.01124486647269566 0.5465014954673876
619 0.01124233152499611 0.5465682211816987
620 0.0112396937019786 0.5466334316922887
621 0.01123704655945732 0.5466993117718069
622 0.01123428564773909 0.5467634938479713
623 0.01123152403782091 0.546828302858734
624 0.01122863095463159 0.5468925505931175
625 0.01122581223227072 0.5469556392976863
626 0.01122282255924649 0.5470163314688482
627 0.01121981452597137 0.5470800799310029
628 0.01121685295988273 0.5471408022033905
629 0.01121382730097719 0.5472011905140374
630 0.01121067046868045 0.5472621026945385
631 0.0112076631117873 0.5473221165285316
632 0.01120447108591396 0.5473805011305487
633 0.01120136684875333 0.5474392128800097
634 0.01119816658823974 0.5474966750034349
635 0.0111950195744299 0.5475541182773583
636 0.01119179292625098 0.5476099317999357
637 0.01118863191970778 0.54766614206765
638 0.01118536002257206 0.5477213768177855
639 0.01118225747168865 0.5477752837227056
640 0.01117896052083507 0.5478284913242205
641 0.01117578693872117 0.5478828246327748
642 0.01117260671536217 0.5479343217729353
643 0.01116946867886531 0.5479856702352038
644 0.01116622349036433 0.5480368794436978
645 0.01116319508100367 0.5480868042002869
646 0.0111599521006808 0.5481365999312733
647 0.0111569569213708 0.5481855628428204
648 0.0111538146543037 0.5482329943344035
649 0.011150823393643 0.5482806513614272
650 0.01114777307173739 0.5483267526794178
651 0.01114483651935195 0.5483730167437157
652 0.01114187531174108 0.548417718767652
653 0.01113901004268855 0.5484625358269321
654 0.01113613483782608 0.5485057790473462
655 0.01113335529992433 0.548549148818823
656 0.01113057242951611 0.5485909304175177
657 0.01112788406303523 0.5486328163451175
658 0.01112518017105558 0.5486735625269327
659 0.01112262000062971 0.5487135992721071
660 0.01112002704658533 0.5487525010032632
661 0.01111757252679895 0.5487913886929964
662 0.01111510614824756 0.5488290170934857
663 0.0111127758600396 0.548866539649734
664 0.01111043228334567 0.5489027903003099
665 0.01110822709548673 0.5489389005876731
666 0.01110601223459008 0.5489738018843658
667 0.01110393555435478 0.549008512198992
668 0.01110185531726245 0.5490420877547622
669 0.01109991385829116 0.5490754406162902
670 0.01109797259243826 0.5491077159685943
671 0.01109617131378308 0.5491397531211925
672 0.01109437078716262 0.5491707487377706
673 0.01109271137686072 0.5492014977338053
674 0.01109105353350631 0.5492312412765762
675 0.01108954111986324 0.5492607645603408
676 0.01108802856327991 0.5492892936955956
677 0.01108666311611281 0.5493176295199887
678 0.01108529856597543 0.5493449908642577
679 0.01108407973286636 0.5493721926247546
680 0.0110828635383238 0.5493984751126867
681 0.01108179577467106 0.5494245674822038
682 0.01108072678567128 0.5494494126957661
683 0.01107978632883139 0.5494750152190258
684 0.01107888648787356 0.54949868119906
685 0.01107807591259689 0.5495232093684004
686 0.01107732585368667 0.5495459176505209
687 0.01107666232345902 0.5495692186518831
688 0.01107604957071978 0.5495915078022076
689 0.01107553532591604 0.5496138478780462
690 0.01107505224648992 0.5496351478807718
691 0.0110746776322478 0.5496566423911412
692 0.01107432862789164 0.5496771525974162
693 0.01107409168805563 0.5496981967120772
694 0.01107386965631539 0.5497174851672276
695 0.01107375323128162 0.5497378393095738
696 0.01107365811699384 0.5497565328713715
697 0.01107367032382944 0.5497762804427206
698 0.01107369541881907 0.5497943705582753
699 0.01107382328663629 0.5498134976677276
700 0.01107395937704466 0.5498310273286614
701 0.01107420056224897 0.5498496135802305
702 0.0110744449194805 0.5498666250511056
703 0.01107478716245478 0.5498847176341723
704 0.01107512974434022 0.549901308556962
705 0.01107557317177702 0.54991897518231
706 0.01107600477705174 0.5499351329109183
707 0.01107653764348914 0.5499524343761012
708 0.01107705123768849 0.5499682844075712
709 0.01107765687068911 0.5499849290462345
710 0.01107826712073806 0.5500010054334786
711 0.01107895190747862 0.5500174418333363
712 0.01107962599522844 0.550033191711492
713 0.01108037382543471 0.5500493716943516
714 0.01108110816003668 0.5500649372054229
715 0.01108193259097227 0.5500813793884257
716 0.01108269541677476 0.5500963033348624
717 0.01108354198315119 0.5501121632924051
718 0.01108438029932236 0.5501276454428827
719 0.0110852977074388 0.5501439871136243
720 0.01108616273908859 0.5501592735875011
721 0.01108707958957835 0.5501749630619959
722 0.01108797185553416 0.5501903239894743
723 0.01108892150174909 0.5502061963166324
724 0.01108984023656995 0.5502217321680181
725 0.01109080936308741 0.5502377408784064
726 0.01109174160224841 0.5502534026337369
727 0.01109271815601681 0.5502695368665742
728 0.01109365197780404 0.5502853339676179
729 0.01109462908874589 0.5503016442919562
730 0.01109555779466558 0.550317630727053
731 0.01109652704131269 0.5503341448027559
732 0.0110974425048559 0.5503503442223499
733 0.01109839633572714 0.5503670978850919
734 0.01109929238120875 0.5503835500232447
735 0.01110022367734064 0.5504005802323402
736 0.01110109323571408 0.5504173146116454
737 0.01110199433461452 0.5504346447181415
738 0.01110282840124512 0.5504516644509893
739 0.01110369865112657 0.550469323927008
740 0.01110448865157321 0.550486663070153
741 0.01110530836170135 0.5505046492336086
742 0.01110605418214529 0.5505223225791878
743 0.01110682515983563 0.5505406710411376
744 0.01110751766594289 0.5505586871282264
745 0.01110823161400062 0.5505774020264281
746 0.01110886603083397 0.5505957762484714
747 0.01110952012262549 0.5506148805417913
748 0.01111009233622561 0.5506336203671514
749 0.01111068076068225 0.5506531103310105
750 0.01111118463991059 0.5506722039529849
751 0.01111170262129348 0.55069207860484
752 0.01111213452003012 0.5507115307609058
753 0.0111125788489836 0.5507317914860891
754 0.01111293542006815 0.5507516028939864
755 0.01111329294462524 0.5507719033171156
756 0.01111358011936465 0.5507924831274866
757 0.01111387013987443 0.5508132026138753
758 0.01111405619326264 0.5508337278929759
759 0.01111427101823703 0.5508551943844592
760 0.01111438406135906 0.5508760705491638
761 0.01111450584720745 0.5508978229928925
762 0.01111453214624381 0.5509189680539545
763 0.01111456584206283 0.5509410172496423
764 0.01111450532324765 0.5509624502921624
765 0.01111445201180337 0.5509847974051155
766 0.01111430526898924 0.5510065160391678
767 0.0111141659618643 0.551029154462669
768 0.01111393432182515 0.5510511495538351
769 0.01111370826846288 0.5510740404946413
770 0.01111339019861633 0.5510962724578214
771 0.01111307901341545 0.5511193995038491
772 0.01111267444970512 0.5511418411265062
773 0.01111227973987118 0.5511651746666617
774 0.01111178912152597 0.551187789729474
775 0.01111131235884473 0.5512112936216967
776 0.01111073843746965 0.5512340601060364
777 0.01111017935145478 0.5512576918130363
778 0.01110952429128263 0.551280571144632
779 0.0111088934995235 0.5513040420063996
780 0.01110815246332662 0.5513270636179175
781 0.01110742067155992 0.5513511131743887
782 0.01110666232520189 0.5513742087961055
783 0.01110585170282295 0.5513977636935914
784 0.0111049689840183 0.5514211342899555
785 0.01110413421308047 0.5514446478910368
786 0.01110316670287172 0.5514679848312306
787 0.01110228420420516 0.5514914917835387
788 0.01110124854477323 0.5515147818404527
789 0.01110030855173582 0.5515381787020904
790 0.01109920419711089 0.5515613256951524
791 0.01109820337185066 0.5515848553087648
792 0.01109706408488163 0.5516075286055424
793 0.01109598888733645 0.5516309219171222
794 0.01109481051905678 0.5516534024154479
795 0.01109368668830803 0.5516766600239853
796 0.01109247056024986 0.5516989226221355
797 0.01109130088008723 0.551721961300201
798 0.01109005023351803 0.5517439570448885
799 0.01108883945421946 0.551766713534805
800 0.01108755610870773 0.5517883905610667
801 0.01108631047693559 0.5518108211770797
802 0.01108499769173596 0.5518321455603781
803 0.01108372699380492 0.5518542307443894
804 0.01108239059480854 0.5518751703339322
805 0.01108110040161852 0.5518968625804017
806 0.01107974437816804 0.5519173668963525
807 0.01107843989016218 0.5519386322228729
808 0.01107707245683178 0.5519586875483317
809 0.01107575834103487 0.5519794890161468
810 0.01107438435192199 0.5519990540800352
811 0.01107306407435006 0.5520193451994063
812 0.01107168752657506 0.5520383835410436
813 0.01107036635862659 0.5520581278214096
814 0.01106899181915096 0.5520765976004929
815 0.01106767636054886 0.5520957620521816
816 0.01106631087583851 0.5521136502987993
817 0.01106500428199104 0.5521321943157979
818 0.0110636495768705 0.5521494528518786
819 0.01106235837954266 0.5521673667913922
820 0.01106100592762416 0.552184046806342
821 0.01105976170741645 0.5522011017578907
822 0.01105842977166318 0.5522171569236497
823 0.0110571933320316 0.5522337249586676
824 0.01105590240468341 0.5522489859566525
825 0.01105468766374723 0.5522648095541998
826 0.01105342963604172 0.5522793470916285
827 0.01105224251365202 0.5522944224106446
828 0.01105100781488091 0.5523082638557887
829 0.01104987901733785 0.5523224337356584
830 0.01104868285609647 0.5523355784099924
831 0.01104757813677482 0.552349124749518
832 0.01104643315382885 0.5523613939640303
833 0.01104536403795111 0.5523741032197511
834 0.01104426728121902 0.5523855995660959
835 0.01104324165143237 0.5523975148108641
836 0.01104219413222234 0.5524082232167444
837 0.01104120336470061 0.5524193197025814
838 0.01104021709512951 0.5524291519799457
839 0.01103928471140444 0.5524394044592097
840 0.01103834896955206 0.552448566586988
841 0.01103747209163399 0.5524580245303766
842 0.0110365907185683 0.5524663678147116
843 0.01103576924422503 0.5524749966489334
844 0.01103494387385868 0.5524825296716159
845 0.01103418071562424 0.5524903545772489
846 0.01103341247227974 0.5524970873781665
847 0.01103270919334237 0.5525041164799606
848 0.01103199357525496 0.5525099754674961
849 0.01103135659895864 0.5525162577566587
850 0.01103070626746718 0.5525214469509889
851 0.01103012646867015 0.5525269245504136
852 0.01102953766297388 0.552531320608183
853 0.01102901757038268 0.5525360202207195
854 0.0110284940783673 0.5525396271982745
855 0.01102803083470968 0.5525437003425021
856 0.01102756820977175 0.5525465173136745
857 0.01102717033173178 0.5525497981873945
858 0.01102676460700873 0.5525520055501681
859 0.01102643038466252 0.5525545466345374
860 0.0110260829267806 0.5525560300769027
861 0.01102580978629466 0.5525578973407713
862 0.01102552092568905 0.5525587242844984
863 0.01102530873411819 0.5525599517810158
864 0.01102507886294185 0.5525601458867343
865 0.01102498072066211 0.5525611919575817
866 0.01102473547468476 0.5525602755352393
867 0.01102464072392582 0.5525601501150483
868 0.01102452715341631 0.5525592136070222
869 0.01102450600421323 0.5525588531556634
870 0.01102444643286399 0.5525573024874819
871 0.01102447168029422 0.5525563340225853
872 0.01102445957729408 0.5525542337903355
873 0.01102453376042057 0.5525527563470595
874 0.01102457395766532 0.5525501889796964
875 0.01102470240092772 0.5525482784437928
876 0.01102478941521142 0.5525452930969179
877 0.01102496655308237 0.5525429752850984
878 0.01102510078078914 0.5525395950336446
879 0.01102532822364624 0.5525369174170814
880 0.01102550426461819 0.5525331881631462
881 0.0110257756788062 0.5525301790664104
882 0.0110259940957633 0.5525261362768872
883 0.01102630876012228 0.5525228391757577
884 0.01102656318569882 0.5525185190197696
885 0.01102691635295212 0.5525149767358173
886 0.01102720774130959 0.5525104241052292
887 0.01102759985970578 0.5525066955827647
888 0.01102792418098509 0.5525019704169188
889 0.011028349489968 0.552498087638492
890 0.01102870449838061 0.5524932103969195
891 0.01102916084235731 0.552489209690385
892 0.01102954280599577 0.552484247007485
893 0.01103002718649509 0.5524801834922786
894 0.01103043410247581 0.5524751558313205
895 0.01103094383374232 0.5524710643199684
896 0.01103138141574958 0.5524661395773117
897 0.01103189520160212 0.5524619305394816
898 0.01103235554604519 0.5524569699746363
899 0.01103288521353698 0.5524528383287645
900 0.01103336481219059 0.5524479706899935
901 0.01103390760245035 0.5524439395813467
902 0.01103440000417931 0.5524391700764713
903 0.01103495377437123 0.5524352741062158
904 0.01103545848610967 0.5524306676008484
905 0.01103602144101714 0.5524269436445888
906 0.01103653430887219 0.5524225304772228
907 0.01103710336646239 0.5524190121330446
908 0.01103762263104811 0.5524148428136185
909 0.01103819581039603 0.5524115711767014
910 0.01103871286594169 0.5524076110575659
911 0.01103928828338959 0.5524046289221263
912 0.01103980824092447 0.5524010241821956
913 0.01104037964337256 0.5523983402803982
914 0.01104089582317453 0.5523950532294909
915 0.011041460438132 0.55239268617439
916 0.01104197077106671 0.5523897554959778
917 0.0110425269153898 0.5523877468471132
918 0.01104302901239418 0.5523852017705763
919 0.01104357421209651 0.5523835777290692
920 0.01104406538968124 0.5523814404941586
921 0.01104459756443373 0.5523802243726329
922 0.01104508387319598 0.5523786292707153
923 0.01104558563471674 0.5523777214697988
924 0.01104604875814439 0.5523763802796571
925 0.0110465441673826 0.552376016529585
926 0.01104698894189596 0.5523752180929573
927 0.01104746625883673 0.5523753317120675
928 0.01104788919874187 0.5523749862610593
929 0.01104834534619112 0.5523755576947003
930 0.01104874503066622 0.5523756836257966
931 0.01104917838522693 0.5523767352807866
932 0.01104955392464685 0.552377350916088
933 0.01104996287915148 0.5523788913174719
934 0.01105031240658744 0.5523799999643386
935 0.01105069468968128 0.5523820300318427
936 0.01105101731238179 0.55238363633087
937 0.01105137241388443 0.5523861631305802
938 0.01105166738651896 0.5523882707138302
939 0.0110519943424877 0.5523912967192609
940 0.0110522600996632 0.5523939032396992
941 0.01105255717767734 0.5523974281109294
942 0.01105279143345344 0.5524005308911841
943 0.01105305855439353 0.5524045549784056
944 0.01105326244408287 0.5524081520522276
945 0.01105350021864041 0.5524126684076264
946 0.01105362180215934 0.5524161683296767
947 0.01105389416539745 0.5524218840614049
948 0.01105404845456515 0.5524265136946275
949 0.01105421623514039 0.5524318348322153
950 0.01105431800926263 0.5524367565454557
951 0.01105446046208008 0.5524426660218242
952 0.01105454170667705 0.5524481179378021
953 0.0110546562053324 0.5524545228538649
954 0.01105470805654227 0.5524604029997411
955 0.01105479168489005 0.5524672221676629
956 0.01105481199613417 0.5524735015217686
957 0.01105486505966284 0.5524807183272969
958 0.0110548544973954 0.5524873860448839
959 0.01105487777837125 0.5524949854531414
960 0.01105483720825994 0.5525020199640215
961 0.01105483121206747 0.5525099777827557
962 0.01105476125040716 0.5525173542547689
963 0.01105472694392953 0.5525256490439573
964 0.01105462795202953 0.5525333402206103
965 0.01105456639928479 0.5525419508655445
966 0.01105443939717981 0.5525499280362433
967 0.01105435128265899 0.5525588246128955
968 0.01105419742283679 0.5525670505701961
969 0.01105408199430974 0.5525761959954324
970 0.01105390173284113 0.5525846548753706
971 0.01105376195651305 0.5525940228616882
972 0.01105355208701565 0.5526027167837445
973 0.011053396887297 0.5526122017744208
974 0.011053152006107 0.5526210560759768
975 0.01105297978815284 0.5526307028382251
976 0.0110527120820435 0.5526397040914295
977 0.01105251976677355 0.5526494782097611
978 0.01105222652277141 0.552658557043597
979 0.01105201639291129 0.5526684218977646
980 0.01105170327564379 0.5526775799462303
981 0.01105147508054797 0.5526875094430422
982 0.01105113996967124 0.5526966691287599
983 0.01105089574611793 0.552706617039229
984 0.01105054429185894 0.552715783157406
985 0.01105028390049899 0.5527257261030455
986 0.01104991484953078 0.5527348381195373
987 0.01104963303717326 0.5527447264869683
988 0.01104926020908739 0.5527537260241507
989 0.01104896387725493 0.5527635864706042
990 0.0110485700724003 0.552772505616412
991 0.01104826474721347 0.5527821692654812
992 0.01104785405009382 0.5527909388495132
993 0.01104753311284407 0.5528004485447411
994 0.01104712477045196 0.5528090280249492
995 0.01104679445432063 0.5528184226738241
996 0.0110463697008974 0.5528268289358955
997 0.0110460352984515 0.5528359258533544
998 0.01104559841860977 0.5528440778665612
999 0.01104525147720648 0.55285289688616
1000 0.011044819338084 0.552860750584796
1001 0.01104445951511979 0.5528693493023257
1002 0.0110440293224319 0.5528769266733043
1003 0.01104366221637211 0.5528851986235155
1004 0.01104323114358561 0.5528924435194729
1005 0.01104285891772494 0.5529003636514829
1006 0.01104242721518253 0.5529072582612043
1007 0.01104205331727858 0.5529148165857498
1008 0.01104162163788868 0.552921337454406
1009 0.01104124648052667 0.5529284944277448
1010 0.01104081770623572 0.5529346342806035
1011 0.01104044359811885 0.5529413748945626
1012 0.01104001723223346 0.5529471002266481
1013 0.01103964576839926 0.552953403823725
1014 0.0110392228834853 0.5529586948330619
1015 0.01103885552189417 0.5529645448073247
1016 0.01103843764696639 0.5529693859001267
1017 0.01103807488782701 0.5529747628364409
1018 0.01103766301911336 0.5529791371363184
1019 0.01103730683457943 0.5529840351144776
1020 0.0110369025291856 0.5529879326194684
1021 0.01103655348257065 0.5529923331186093
1022 0.01103615694146701 0.5529957362550995
1023 0.01103581630370144 0.5529996342594762
1024 0.01103542839020049 0.5530025376704943
1025 0.01103509683749115 0.5530059226758998
1026 0.01103471922359368 0.553008321577561
1027 0.01103443386033965 0.5530113496068356
1028 0.01103401247388058 0.5530130659663902
1029 0.01103375374728786 0.5530155258721052
1030 0.01103333468242527 0.5530167294567855
1031 0.01103309825856014 0.5530187022884544
1032 0.01103273467314416 0.5530196078887942
1033 0.01103245417988012 0.5530208996456339
1034 0.01103211069504566 0.5530211745106609
1035 0.01103184106648576 0.5530219541287746
1036 0.01103151906703285 0.5530217312101882
1037 0.01103126522075593 0.553022031034202
1038 0.0110309611388795 0.5530213210275379
1039 0.01103072138184034 0.5530211174517456
1040 0.01103043242887473 0.5530199081744784
1041 0.01103021518193375 0.5530192439132393
1042 0.01102993294613856 0.5530175771497614
1043 0.01102972471385795 0.5530163279235593
1044 0.01102946612646 0.5530141232959904
1045 0.01102927520920232 0.5530124826657089
1046 0.01102903504516778 0.5530098667312561
1047 0.0110288598159166 0.5530077762868384
1048 0.01102863614402248 0.5530046951898042
1049 0.01102847797532324 0.5530021530202944
1050 0.01102827446489003 0.5529986521631028
1051 0.01102813184814931 0.5529957333524876
1052 0.0110279443396444 0.5529918041803852
1053 0.01102781867182695 0.5529884289113257
1054 0.01102764608842052 0.5529841049974857
1055 0.01102754435040826 0.5529803972078324
1056 0.01102738753549933 0.5529757086426824
1057 0.01102729977432247 0.5529716131705213
1058 0.01102713136325462 0.5529662318521195
1059 0.01102708153611513 0.5529619796250592
1060 0.01102697202819821 0.5529567794971607
1061 0.01102693135699222 0.5529521023305256
1062 0.01102682924853095 0.5529464754286137
1063 0.01102679819935349 0.5529414622685382
1064 0.01102671195291281 0.5529355444592652
1065 0.01102669917450771 0.552930297601781
1066 0.01102663164143146 0.5529241405858568
1067 0.01102663754494566 0.5529186846564572
1068 0.01102658780128493 0.5529123109670582
1069 0.01102661180012294 0.5529066694021239
1070 0.01102658022098612 0.5529001189107887
1071 0.0110266217350482 0.5528943178173787
1072 0.01102660731428407 0.5528876127601157
1073 0.01102666757601144 0.5528816956692642
1074 0.01102666965165995 0.552874863181293
1075 0.01102674715366385 0.5528688472803853
1076 0.01102676616345514 0.5528619245668246
1077 0.01102686058894395 0.5528558412755122
1078 0.01102689613125583 0.5528488580688793
1079 0.01102700843005253 0.5528427520098932
1080 0.01102706015558624 0.5528357378244223
1081 0.01102718905579381 0.5528296279478727
1082 0.01102725652830241 0.5528226144567494
1083 0.01102740256628656 0.5528165148102355
1084 0.01102748245497268 0.5528095794946774
1085 0.01102764556792195 0.5528035104124379
1086 0.01102774306729935 0.5527965895159797
1087 0.01102791870328833 0.5527906293749081
1088 0.01102802882196789 0.5527838627946127
1089 0.01102822370297947 0.5527779689969061
1090 0.01102834377373336 0.5527713065317374
1091 0.01102855270024148 0.5527655395054976
1092 0.01102868597015438 0.5527590359451406
1093 0.01102891000084437 0.5527534484454689
1094 0.01102905589749323 0.5527471302164338
1095 0.01102929233342795 0.5527417239391315
1096 0.01102945119899142 0.5527356113547228
1097 0.0110296992954446 0.5527304141063958
1098 0.01102986881832723 0.552724529817795
1099 0.01103012734653235 0.552719560129862
1100 0.01103030948610768 0.5527139345378022
1101 0.0110305784666032 0.5527092229602992
1102 0.01103077026489437 0.5527038755714715
1103 0.01103104770212938 0.552699432203103
1104 0.01103125063696284 0.5526943840411762
1105 0.0110315363749952 0.5526902317546784
1106 0.01103174530801371 0.5526854789987017
1107 0.01103203781817605 0.5526816267952606
1108 0.01103225674690803 0.5526772106362097
1109 0.01103255743226824 0.5526736980283151
1110 0.01103278304514427 0.5526696292865731
1111 0.01103308885225628 0.552666450309799
1112 0.01103330456910843 0.5526627545985466
1113 0.01103362165191968 0.5526599184494476
1114 0.01103386421696603 0.5526564851307308
1115 0.01103417673945512 0.5526540521193941
1116 0.0110344260572915 0.5526510384796464
1117 0.01103473885886656 0.552649003783536
1118 0.01103499220568725 0.5526463834436579
1119 0.01103529902332623 0.5526447364972926
1120 0.01103556537338346 0.5526423911174391
1121 0.01103586821785047 0.5526412080299242
1122 0.0110361338127539 0.5526393026857603
1123 0.01103645682200113 0.5526384369919938
1124 0.01103671300366262 0.5526370934794272
1125 0.0110370349341214 0.5526366445028656
1126 0.01103729162860403 0.5526355960041008
1127 0.01103760596696419 0.552635513777975
1128 0.01103787386577629 0.5526347900813634
1129 0.01103818111504474 0.5526351827448749
1130 0.01103844547137294 0.5526349044201575
1131 0.01103876369978013 0.5526356579138035
1132 0.01103902095391642 0.552635809047745
1133 0.01103933676838448 0.5526369840273069
1134 0.01103958933323347 0.5526375136836217
1135 0.01103990199175681 0.55263905650916
1136 0.01104015170211388 0.55263996621888
1137 0.01104046107804199 0.552641892268831
1138 0.01104074535312635 0.5526434219321119
1139 0.01104099696908913 0.5526454744331785
1140 0.01104127778053874 0.5526473177704639
1141 0.01104152750416569 0.5526497245175274
1142 0.01104180838920422 0.5526519533564771
1143 0.01104205694051227 0.552654733168677
1144 0.01104233091569255 0.5526573355571202
1145 0.01104257439312225 0.5526604387682033
1146 0.01104283964827873 0.5526633796880671
1147 0.01104307760599442 0.5526667900363201
1148 0.01104333022423474 0.5526700410082969
1149 0.01104356285477766 0.5526737404435449
1150 0.01104380513343323 0.5526772968904912
1151 0.0110440321622398 0.5526812804978725
1152 0.01104426106483501 0.5526851186268418
1153 0.01104448215675337 0.552689364522032
1154 0.01104469959864189 0.55269346834801
1155 0.01104491312646812 0.5526979563604758
1156 0.01104511522294979 0.5527022923778263
1157 0.01104534406057069 0.5527072271202758
1158 0.01104550072049925 0.5527114726861515
1159 0.01104571947606365 0.5527166166152616
1160 0.01104586657226831 0.5527210748295062
1161 0.01104607753586109 0.5527264526541108
1162 0.01104621467155417 0.5527310914498403
1163 0.01104641418113008 0.5527366391893804
1164 0.01104653838081819 0.5527414209296693
1165 0.01104672353448699 0.552747108071745
1166 0.01104683279881693 0.5527519984439665
1167 0.01104700338064083 0.5527577928051614
1168 0.01104709910997596 0.5527627788336161
1169 0.01104725710756278 0.5527686749292997
1170 0.01104733859540629 0.5527737310805257
1171 0.01104748266716512 0.5527796944282672
1172 0.01104754955078241 0.5527847995101407
1173 0.01104767956434569 0.5527908092205454
1174 0.0110477317587759 0.5527959417368092
1175 0.01104784792258954 0.5528019770737452
1176 0.01104788515024339 0.5528071121470888
1177 0.01104798631770089 0.5528131427741964
1178 0.01104800817309511 0.5528182543012748
1179 0.01104809418724543 0.5528242546467812
1180 0.01104810086480132 0.5528293236354943
1181 0.01104817195439569 0.5528352740886185
1182 0.01104816385125641 0.5528402836534052
1183 0.01104822005662401 0.5528461619382175
1184 0.0110481970462785 0.5528510914028585
1185 0.01104823791916551 0.5528568710898014
1186 0.01104819987857291 0.5528616986231256
1187 0.01104822552311579 0.5528673597915664
1188 0.011048172684628 0.5528720665937139
1189 0.01104818318940849 0.5528775874541069
1190 0.01104811549284403 0.5528821506805968
1191 0.01104811073110698 0.5528875094003265
1192 0.01104803027965407 0.5528917919264892
1193 0.01104801262932066 0.5528969581212292
1194 0.0110479069573833 0.5529015069763283
1195 0.01104788439294407 0.552906378588338
1196 0.01104777134433855 0.5529102596573451
1197 0.01104772377081778 0.5529149733707541
1198 0.01104759095953452 0.5529189625218141
1199 0.01104754331658987 0.5529234394827952
1200 0.01104739177541601 0.552927152787307
1201 0.0110473305440201 0.5529313529604484
1202 0.01104716470539691 0.5529347125184493
1203 0.01104708542625357 0.5529388284601356
1204 0.01104691857760871 0.5529419129637609
1205 0.01104682098275774 0.5529457163191744
1206 0.01104664162193703 0.5529485164917264
1207 0.01104653040020345 0.5529520532065884
1208 0.01104634059130736 0.5529545844605348
1209 0.01104621797284936 0.5529578445234817
1210 0.01104601740532689 0.5529600863457205
1211 0.01104588318040011 0.5529630525091704
1212 0.01104567421952521 0.552965018834698
1213 0.01104552964023962 0.5529676884704111
1214 0.01104530808188569 0.5529694261361464
1215 0.01104515972185977 0.5529716528292307
1216 0.01104492271701948 0.5529730365277032
1217 0.01104476511360634 0.5529751422408262
1218 0.01104452532918728 0.5529762706402295
1219 0.01104436549987789 0.5529778934625873
1220 0.01104411082001527 0.5529786559964193
1221 0.01104393611800912 0.5529801497590825
1222 0.01104368617802372 0.5529806091813151
1223 0.01104350376540132 0.5529817401884781
1224 0.01104324691089681 0.5529818613635132
1225 0.01104305697233163 0.5529826839600692
1226 0.01104279577223971 0.5529825111335479
1227 0.01104260062393947 0.5529830321609395
1228 0.01104233526521835 0.5529825500938749
1229 0.01104213682493896 0.5529827759620927
1230 0.01104186877243791 0.5529819971127298
1231 0.01104166726580759 0.5529819260361463
1232 0.01104139676062971 0.552980852964737
1233 0.01104119330496759 0.5529804927256502
1234 0.01104092123046711 0.5529791325992545
1235 0.01104071704034598 0.5529784932585422
1236 0.01104044428981095 0.5529768534945058
1237 0.01104024012694821 0.5529759429050982
1238 0.01103996746091237 0.5529740309063841
1239 0.01103976424367923 0.5529728616478951
1240 0.01103949315676919 0.552970691250106
1241 0.01103926514471143 0.5529691176731146
1242 0.01103903459200158 0.5529668782373175
1243 0.01103880444606517 0.5529650856073981
1244 0.01103857449709853 0.5529625930592991
1245 0.01103834417455125 0.5529605469294301
1246 0.01103811643549299 0.5529578245379806
1247 0.01103789106688447 0.5529555529021632
1248 0.011037667195126 0.5529526299848346
1249 0.01103744867319459 0.5529501487544962
1250 0.01103722888551971 0.5529470371645473
1251 0.01103701967286102 0.5529443762061503
1252 0.01103680443460988 0.5529410882453792
1253 0.01103660397357891 0.5529382481405455
1254 0.01103639467039712 0.5529348045342249
1255 0.01103620418007286 0.5529318049444856
1256 0.01103600139819429 0.5529282207278432
1257 0.01103582131207287 0.5529250746510487
1258 0.01103562517588816 0.5529213572329672
1259 0.01103545731428661 0.552918092797125
1260 0.01103526921869496 0.5529142659724327
1261 0.0110351137296832 0.5529108930367733
1262 0.01103493465137353 0.5529069781239001
1263 0.01103479218961167 0.5529035121917457
1264 0.01103462158952459 0.5528995131487938
1265 0.01103449340446496 0.5528959793844698
1266 0.0110343328478474 0.5528919223267793
1267 0.0110342189182262 0.5528883319277523
1268 0.01103406900214792 0.5528842340304144
1269 0.01103396991754395 0.5528806045767436
1270 0.0110338304693768 0.5528764756534512
1271 0.01103374729260193 0.5528728311790266
1272 0.01103361911768301 0.5528686899391729
1273 0.01103355199519168 0.5528650431611611
1274 0.01103343673268243 0.5528609188130127
1275 0.01103339459899408 0.5528574662779113
1276 0.01103328126009474 0.5528531062952835
1277 0.01103324871369121 0.5528496678104649
1278 0.01103315328521778 0.552845388619806
1279 0.01103313853107589 0.5528420332022379
1280 0.01103305957293 0.5528378246162213
1281 0.01103305998795232 0.5528345312659541
1282 0.01103299716448635 0.552830401656857
1283 0.01103301248982122 0.5528271806465466
1284 0.01103296455549508 0.5528231315253197
1285 0.01103299483832416 0.5528199973392718
1286 0.01103296220357674 0.5528160477592022
1287 0.01103300791286396 0.5528130160959476
1288 0.01103299081667062 0.5528091808430938
1289 0.01103305193823323 0.55280626236526
1290 0.01103305053121854 0.5528025557140568
1291 0.01103312711976844 0.5527997666629393
1292 0.0110331410822036 0.5527961987555757
1293 0.0110332327803093 0.5527935476161407
1294 0.0110332618527689 0.5527901275577866
1295 0.01103336854373261 0.5527876254035271
1296 0.01103341252381252 0.5527843633873832
1297 0.01103353382954981 0.5527820192559827
1298 0.01103359235309534 0.5527789235924135
1299 0.01103372794963957 0.5527767458155527
1300 0.01103380065423533 0.552773824030898
1301 0.01103395042313054 0.5527718225951596
1302 0.01103403726656022 0.5527690855549686
1303 0.01103420101070187 0.5527672701586305
1304 0.01103430149044537 0.5527647234755365
1305 0.01103447864876735 0.5527630994426525
1306 0.01103459227839841 0.5527607484352766
1307 0.01103478241741014 0.5527593221047136
1308 0.01103490872073568 0.5527571719880857
1309 0.01103511121870743 0.5527559478065591
1310 0.01103524945441683 0.5527540025222565
1311 0.01103546361739718 0.5527529860180045
1312 0.01103561315833069 0.552751248051718
1313 0.01103583831897563 0.5527504400076499
1314 0.01103599863995844 0.5527489111604377
1315 0.01103623438808244 0.5527483145243597
1316 0.01103641793488611 0.5527469906271003
1317 0.01103663920173538 0.55274661828658
1318 0.01103684231971372 0.5527454930611697
1319 0.0110370727570433 0.5527453341720012
1320 0.01103728543207929 0.5527444350197607
1321 0.01103752404519603 0.5527444819293299
1322 0.01103774653090242 0.5527437894607619
1323 0.01103799213037709 0.5527440358841216
1324 0.01103822071143119 0.5527435612752847
1325 0.01103846690428653 0.5527440769449175
1326 0.01103871399673442 0.552743712844925
1327 0.01103896276321651 0.5527443373047506
1328 0.01103920448984766 0.5527442949212579
1329 0.01103948099182943 0.552745200889478
1330 0.01103970349695817 0.5527453020516343
1331 0.01103999081603354 0.5527463485677542
1332 0.01104021480626102 0.5527466415169935
1333 0.01104050795900238 0.5527478816897158
1334 0.01104073374218265 0.5527483555844667
1335 0.01104102631506685 0.5527498021022018
1336 0.01104126084851228 0.5527504302819264
1337 0.01104154999832083 0.5527520308679813
1338 0.01104178036108574 0.5527528296799697
1339 0.01104207916247734 0.5527546189711967
1340 0.01104230701943205 0.5527555698435488
1341 0.01104260423302373 0.5527575171606963
1342 0.01104283022100913 0.5527586176171714
1343 0.01104312593547715 0.5527607141864007
1344 0.01104335056663647 0.5527619646696244
1345 0.01104364401532294 0.5527641999709472
1346 0.01104386513473605 0.5527655789493657
1347 0.01104415518483078 0.5527679430601964
1348 0.01104437221581286 0.5527694435355698
1349 0.01104465788979882 0.5527719270478396
1350 0.01104487024257543 0.5527735406334221
1351 0.01104515078132935 0.5527761340010179
1352 0.01104535786516864 0.5527778521145064
1353 0.011045632390014 0.552780544175931
1354 0.0110458332255685 0.5527823555974822
1355 0.01104610099306653 0.5527851355437494
1356 0.01104630114819968 0.5527870667613191
1357 0.01104655346973668 0.5527898711939827
1358 0.01104673773060981 0.5527918358819396
1359 0.01104699122882022 0.5527947669916493
1360 0.01104716925651619 0.5527967975690158
1361 0.01104741327788323 0.5527997811181333
1362 0.0110475812018432 0.5528018578225292
1363 0.01104781532905467 0.5528048815778208
1364 0.01104797303069942 0.5528069924965546
1365 0.011048196836934 0.5528100598285163
1366 0.0110483439355084 0.552812200411172
1367 0.01104855687174582 0.5528152881082053
1368 0.01104869286322986 0.5528174448351877
1369 0.01104889444711904 0.5528205424063731
1370 0.01104901879319039 0.5528227061884952
1371 0.01104920850532893 0.5528258044618105
1372 0.0110493207460488 0.5528279661348843
1373 0.01104949825730795 0.552831055479051
1374 0.01104959805409509 0.5528332054884204
1375 0.01104976299073297 0.5528362764180957
1376 0.01104984991193899 0.552838405863605
1377 0.01105000190156022 0.5528414490167896
1378 0.01105007567634957 0.5528435480060371
1379 0.01105021445805043 0.5528465532892858
1380 0.01105027482685136 0.552848612319378
1381 0.01105040018705663 0.5528515708952637
1382 0.0110504469525256 0.5528535814014408
1383 0.0110505587149659 0.5528564848070356
1384 0.01105059173421695 0.5528584385389622
1385 0.01105068979794092 0.5528612790147555
1386 0.01105070895426724 0.5528631680339275
1387 0.01105079322806191 0.5528659375779684
1388 0.01105079849537364 0.5528677541417315
1389 0.01105086901956759 0.5528704461172496
1390 0.01105086044327212 0.5528721836973299
1391 0.01105091725402645 0.552874791311919
1392 0.01105089486818666 0.5528764425404895
1393 0.01105093807360885 0.5528789599666927
1394 0.01105090212212807 0.5528805211677165
1395 0.01105093184296187 0.5528829434335415
1396 0.01105088239509909 0.552884407653797
1397 0.01105089882621959 0.5528867290617993
1398 0.01105083618058371 0.5528880915294548
1399 0.01105083962900405 0.5528903083003815
1400 0.01105076373266036 0.5528915613489213
1401 0.01105075413976679 0.5528936662427317
1402 0.01105066630436989 0.5528948162177394
1403 0.01105064501216668 0.5528968160396825
1404 0.01105054468073152 0.5528978508472939
1405 0.01105051095626985 0.552899732037614
1406 0.01105039852627711 0.5529006485985338
1407 0.01105035342678054 0.5529024148302738
1408 0.01105023003970864 0.5529032178145563
1409 0.0110501735140012 0.5529048616737444
1410 0.01105003864694748 0.5529055386759752
1411 0.01104997145384075 0.5529070624653526
1412 0.01104982687077463 0.5529076258231761
1413 0.01104975038641794 0.552909037205411
1414 0.01104959594758802 0.5529094790009117
1415 0.01104951002081241 0.5529107705988883
1416 0.01104934600592842 0.5529110867989108
1417 0.0110492509108437 0.5529122549386357
1418 0.01104907842781456 0.5529124515430003
1419 0.01104897534696183 0.5529135028908556
1420 0.01104879532212174 0.552913584006908
1421 0.01104868420082037 0.5529145121776663
1422 0.01104849689320168 0.5529144746529073
1423 0.0110483800258175 0.5529152982408834
1424 0.01104818670591731 0.5529151497999095
1425 0.01104806355402372 0.552915858711166
1426 0.0110478640001901 0.5529155923743827
1427 0.01104773518883859 0.5529161880065063
1428 0.01104753382266101 0.5529157723604382
1429 0.01104739477999602 0.5529163186772157
1430 0.01104719399350967 0.5529158121236015
1431 0.01104705126871197 0.5529162488833738
1432 0.01104684634010226 0.5529156264004484
1433 0.01104669878562792 0.552915950862322
1434 0.01104649204054662 0.5529152401454289
1435 0.01104634226011359 0.5529154626783459
1436 0.01104613331054006 0.552914658113129
1437 0.01104598231821105 0.5529147962489868
1438 0.01104577294422725 0.5529139078165846
1439 0.01104562751325252 0.5529139568017408
1440 0.0110454081118231 0.5529129843763776
1441 0.01104525931366683 0.552912950334966
1442 0.01104504986456689 0.5529119053007862
1443 0.01104490551980825 0.552911791163697
1444 0.01104468828821966 0.5529106687386247
1445 0.01104454087681537 0.5529104814212117
1446 0.01104433593857712 0.5529093120868901
1447 0.01104419596978204 0.5529090658346714
1448 0.01104398263996367 0.5529078084061715
1449 0.01104384706228282 0.5529075015786507
1450 0.01104363810298068 0.552906195340976
1451 0.01104350053166608 0.5529058167925635
1452 0.0110433041847851 0.5529044791013428
1453 0.01104317593311994 0.5529040776784705
1454 0.01104297585523003 0.5529026713792182
1455 0.01104285305284592 0.5529022260226777
1456 0.01104265907259 0.5529007833686953
1457 0.01104253560954393 0.552900269851285
1458 0.01104235607108005 0.5528988306797614
1459 0.01104224533199491 0.5528983247515051
1460 0.01104206294095137 0.5528968172635722
1461 0.01104195851565074 0.5528962708307826
1462 0.01104178358867116 0.5528947452073711
1463 0.01104168725497552 0.5528941848404384
1464 0.01104152008663946 0.552892644357733
1465 0.01104143202476042 0.5528920747779181
1466 0.01104127274053384 0.5528905210135183
1467 0.01104119258456324 0.5528899399785138
1468 0.01104104202922071 0.5528883822587141
1469 0.01104097038156523 0.5528877960961297
1470 0.01104082917208827 0.5528862424196334
1471 0.01104076648637031 0.5528856568745957
1472 0.01104063441488557 0.5528841063692024
1473 0.01104058092169528 0.5528835259599638
1474 0.01104045805211901 0.5528819805535594
1475 0.0110404143051321 0.5528814123013639
1476 0.01104030140997899 0.5528798817995553
1477 0.01104026783338309 0.5528793316743925
1478 0.01104016455389178 0.5528778145597645
1479 0.01104014099039975 0.5528772834421045
1480 0.01104004869759287 0.5528757965324096
1481 0.01104003521286599 0.55287528570191
1482 0.01103995328510566 0.5528738256152352
1483 0.01103994976088955 0.5528733375154767
1484 0.01103987766904079 0.5528719012907942
1485 0.01103988469959833 0.5528714443007718
1486 0.01103982288542779 0.5528700380679767
1487 0.01103984086697757 0.5528696191530184
1488 0.01103979033841698 0.5528682563080398
1489 0.01103981852545622 0.5528678701113729
1490 0.01103977807403557 0.5528665428727094
1491 0.01103981633434541 0.5528661916158183
1492 0.01103978613244126 0.552864903763497
1493 0.01103983494405423 0.5528645949845307
1494 0.01103981531709949 0.5528633528849543
1495 0.01103987421686863 0.5528630857542863
1496 0.01103986410538035 0.5528618826190395
1497 0.01103993345358316 0.5528616637772383
1498 0.01103993350517626 0.5528605088488702
1499 0.011040012059195 0.5528603298420899
1500 0.01104002218543708 0.5528592265906471
1501 0.01104011052571234 0.5528590957683017
1502 0.01104012934436381 0.5528580340826523
1503 0.01104022739833877 0.5528579554023362
1504 0.01104025555626392 0.5528569441620227
1505 0.01104036265754334 0.5528569145701697
1506 0.01104039952420949 0.5528559521545834
1507 0.01104051469242441 0.5528559663461231
1508 0.01104056010256697 0.5528550545518045
1509 0.01104068399435785 0.5528551215806348
1510 0.01104073766728142 0.5528542612769672
1511 0.01104086944701694 0.552854378030562
1512 0.01104093066584299 0.5528535660185236
1513 0.01104106985026553 0.5528537314590715
1514 0.01104113825637779 0.5528529675193165
1515 0.01104128448061864 0.5528531820623229
1516 0.01104135972156338 0.5528524663655872
1517 0.01104151254814369 0.5528527295892792
1518 0.01104159409110076 0.5528520608615221
1519 0.01104175286469377 0.5528523708659934
1520 0.01104184026643302 0.5528517482091363
1521 0.01104200460160242 0.5528521046754551
1522 0.01104209740049686 0.5528515271184968
1523 0.01104226674538907 0.5528519286789024
1524 0.01104236441405691 0.5528513948303775
1525 0.01104253822887347 0.5528518400762945
1526 0.01104264025208306 0.5528513485174845
1527 0.01104281799296605 0.5528518358843265
1528 0.01104292384994528 0.5528513851474002
1529 0.01104310497095751 0.552851913023919
1530 0.01104321413058281 0.5528515014938307
1531 0.01104339807029237 0.5528520680405743
1532 0.01104350999189353 0.5528516939820353
1533 0.0110436961628039 0.5528522969835427
1534 0.01104381024075007 0.5528519580839477
1535 0.01104399449918941 0.5528526200992464
1536 0.0110441162907118 0.5528522902045332
1537 0.01104429863988231 0.5528529725099067
1538 0.01104442185165197 0.5528526731572492
1539 0.01104460491848377 0.552853389759043
1540 0.01104472892374932 0.5528531310152993
1541 0.01104491207728981 0.5528538784884788
1542 0.01104503668813776 0.552853650152148
1543 0.01104521950791127 0.5528544210629365
1544 0.01104534312531001 0.5528542206232663
1545 0.01104552465097807 0.5528550119955244
1546 0.01104564767626092 0.5528548366845201
1547 0.01104582806040568 0.5528556481908825
1548 0.01104594905232165 0.5528554979785707
1549 0.01104612744237076 0.5528563276827293
1550 0.01104624678703012 0.5528561987958893
1551 0.01104642319572983 0.5528570454034523
1552 0.01104653954159013 0.5528569376306732
1553 0.01104671303863074 0.5528577981793965
1554 0.01104682039343004 0.5528576802753609
1555 0.01104699886564917 0.5528585819558182
1556 0.01104710317403527 0.5528584918696084
1557 0.01104727701369722 0.5528594008851634
1558 0.01104737653703378 0.5528593166467523
1559 0.01104754635046517 0.5528602348327103
1560 0.01104764159169658 0.5528601618293766
1561 0.0110478072390493 0.5528610908697499
1562 0.0110478978582939 0.5528610278844325
1563 0.0110480589394431 0.5528619652913944
1564 0.01104814453923121 0.5528619097479541
1565 0.01104830070797919 0.5528628535685821
1566 0.01104838100562282 0.5528628042361839
1567 0.01104853195765588 0.5528637530581121
1568 0.01104860667972458 0.5528637088214142
1569 0.01104875217748771 0.5528646616335929
1570 0.01104882102905987 0.5528646210308993
1571 0.01104896085938704 0.552865576933274
1572 0.0110490236049785 0.5528655386996271
1573 0.01104915754633301 0.5528664966979923
1574 0.01104921400863652 0.5528664598495333
1575 0.01104934184705462 0.5528674189691716
1576 0.01104939186300519 0.5528673825661448
1577 0.01104951342489549 0.5528683419842718
1578 0.01104955685833001 0.5528683052111473
1579 0.01104967201702214 0.5528692643391571
1580 0.01104970875152023 0.5528692264655591
1581 0.01104981740028418 0.5528701847691115
1582 0.0110498473521821 0.5528701451499415
1583 0.01104994940767389 0.552871102167999
1584 0.01104997252143034 0.5528710602707916
1585 0.01105006792793685 0.5528720156659519
1586 0.01105008417471298 0.5528719710698308
1587 0.01105017290594496 0.5528729246180873
1588 0.01105018228361055 0.5528728770028587
1589 0.01105026433894435 0.5528738285598607
1590 0.0110502668687724 0.5528737776742332
1591 0.01105034226892734 0.5528747271433756
1592 0.01105033800410176 0.5528746728988654
1593 0.01105040680461983 0.5528756203489473
1594 0.01105039582333066 0.5528755627431438
1595 0.0110504580950134 0.5528765082334992
1596 0.01105044049736296 0.5528764473349589
1597 0.01105049633549205 0.552877390996723
1598 0.01105047224340275 0.5528773269405159
1599 0.01105052176804544 0.5528782689819121
1600 0.01105049133430003 0.5528782020894654
1601 0.01105053467898398 0.5528791427691039
1602 0.01105049806088529 0.5528790733012565
1603 0.01105053539261183 0.5528800129421481
1604 0.01105049279115796 0.552879941337946
1605 0.01105052429533249 0.552880880290049
1606 0.01105047591502772 0.5528808069632221
1607 0.01105050178595661 0.5528817455718327
1608 0.01105044784273411 0.5528816709347334
1609 0.01105046829074474 0.5528826095512026
1610 0.01105040903052523 0.5528825341890869
1611 0.01105042430049573 0.552883473350562
1612 0.01105035996532094 0.552883397716776
1613 0.01105037027333289 0.5528843376705548
1614 0.0110503011277102 0.5528842623294949
1615 0.0110503067694456 0.5528852036925265
1616 0.0110502331047847 0.5528851292535545
1617 0.01105023434071422 0.5528860724091612
1618 0.01105015643234504 0.5528859993714638
1619 0.01105015354209405 0.5528869447517782
1620 0.01105007168681835 0.5528868736828697
1621 0.01105006496310988 0.5528878217116667
1622 0.01104997947663116 0.5528877532766636
1623 0.01104996920343229 0.5528887041772502
1624 0.01104988070560679 0.5528886418928367
1625 0.01104986720000803 0.5528895961691699
1626 0.01104977461175459 0.5528895275806667
1627 0.01104975812149737 0.5528904846920649
1628 0.01104966381688416 0.5528904284372846
1629 0.01104964497535779 0.5528913919421187
1630 0.01104954814842449 0.5528913396304166
1631 0.01104952662954493 0.5528923038423589
1632 0.0110494274356324 0.5528922534726218
1633 0.01104940267676202 0.5528932031643234
1634 0.01104930064651375 0.5528931517558947
1635 0.0110492780499681 0.5528941477405901
1636 0.01104917545640452 0.5528941030758221
1637 0.0110491503324616 0.5528950937320849
1638 0.01104904607165024 0.5528950508860992
1639 0.01104901700798789 0.5528960576483628
1640 0.01104891604264848 0.5528960081909612
1641 0.01104888721864029 0.5528970027546847
1642 0.01104878046287759 0.5528969624894596
1643 0.01104875288007048 0.5528979650789586
1644 0.01104864743944825 0.5528979361180142
1645 0.01104861639343211 0.5528989475875472
1646 0.01104851433423031 0.5528989142197729
1647 0.01104848595128998 0.5528999241469067
1648 0.01104837941734308 0.5528999024648181
1649 0.01104834903613688 0.5529009187130248
1650 0.01104824803635996 0.5529008928447146
1651 0.01104821781885664 0.5529019158792104
1652 0.01104811738663465 0.5529018990335064
1653 0.01104808790292902 0.5529029215713187
1654 0.01104798850129284 0.5529029065951599
1655 0.01104795951975116 0.5529039254186533
1656 0.01104786126896822 0.5529039113989982
1657 0.01104783477774192 0.5529049404107588
1658 0.01104773807092794 0.552904929674074
1659 0.01104771325219633 0.5529059615109505
1660 0.01104761776229058 0.5529059476865036
1661 0.01104759409246443 0.5529069687579657
1662 0.01104750033596296 0.5529069532900377
1663 0.01104747858284419 0.5529079728730785
1664 0.01104738760675356 0.5529079650469388
1665 0.0110473692491826 0.5529089910010889
1666 0.01104728031266808 0.552908979212657
1667 0.01104726357029121 0.5529099975380383
1668 0.01104717638609617 0.5529099769394621
1669 0.01104716213976987 0.5529109864004147
1670 0.01104707807554103 0.5529109674308449
1671 0.01104706610937865 0.5529119703994603
1672 0.01104698437769473 0.5529119441313662
1673 0.0110469762226563 0.5529129470453097
1674 0.01104689732238767 0.5529129140613559
1675 0.01104689173429286 0.5529139104305291
1676 0.01104681523351884 0.5529138655385888
1677 0.01104681221710408 0.552914843781439
1678 0.0110467385369316 0.5529147887124749
1679 0.01104673810122772 0.5529157550023327
1680 0.01104666800614787 0.5529156965836144
1681 0.01104667200138455 0.5529166591775555
1682 0.01104660391983236 0.5529165952087741
1683 0.01104661094316491 0.5529175148253681
1684 0.01104654517975492 0.5529174413547643
1685 0.01104655574957512 0.5529183539140099
1686 0.01104649425565708 0.5529182784472776
1687 0.01104650806264751 0.5529191736958745
1688 0.01104644904809531 0.5529190747759057
1689 0.0110464656520737 0.5529199503518448
1690 0.01104640968294232 0.5529198321527786
1691 0.01104642982663855 0.5529206938437426
1692 0.01104637704063222 0.5529205566354497
1693 0.01104640026307084 0.5529213989805414
1694 0.01104635162829928 0.5529212523508289
1695 0.01104637768663348 0.5529220702662581
1696 0.0110463314980456 0.5529218964551394
1697 0.01104636030691927 0.5529226903718419
1698 0.01104631741647775 0.5529224959975474
1699 0.01104634952126735 0.5529232692422604
1700 0.01104630905981129 0.5529230453796142
1701 0.01104634423214103 0.5529237965544679
1702 0.01104630796403055 0.5529235610342972
1703 0.01104634587832679 0.5529242838548534
1704 0.01104631175318215 0.552924017284492
1705 0.01104635270505921 0.5529247172086957
1706 0.0110463215043157 0.5529244251471515
1707 0.01104636523905555 0.5529250987089874
1708 0.01104633640835652 0.5529247765566997
1709 0.01104638268571723 0.5529254219541051
1710 0.01104635732824175 0.5529250811149299
1711 0.01104640608878822 0.552925696152385
1712 0.01104638293058265 0.5529253253326799
1713 0.01104643423462859 0.5529259130041017
1714 0.01104641349690907 0.5529255135980691
1715 0.01104646717789612 0.552926072319139
1716 0.0110464483936244 0.552925640490344
1717 0.01104650441917406 0.5529261711979736
1718 0.01104648865715214 0.5529257186126703
1719 0.0110465466943263 0.55292621727679
1720 0.01104653265124342 0.5529257331248896
1721 0.0110465927731128 0.552926203058552
1722 0.01104658075482668 0.5529256901426451
1723 0.0110466427822647 0.5529261301922584
1724 0.01104663245251288 0.5529255868300408
1725 0.0110466964025165 0.5529259988133028
1726 0.01104668751383388 0.5529254231431
1727 0.01104675330071369 0.5529258080412245
1728 0.01104674673283195 0.5529252110759726
1729 0.01104681399168765 0.5529255654583906
1730 0.01104680898387835 0.5529249422460626
1731 0.01104687741073622 0.5529252655413666
1732 0.01104687306962914 0.5529246078258261
1733 0.01104694282266027 0.5529249038319063
1734 0.0110469395394844 0.5529242163068157
1735 0.01104701135892262 0.5529244948027136
1736 0.01104701011126409 0.5529237895843739
1737 0.01104708268912198 0.5529240384112228
1738 0.01104708191567627 0.5529233036128148
1739 0.01104715522455232 0.5529235254487026
1740 0.01104715533601786 0.5529227659472303
1741 0.01104722961681704 0.5529229649876032
1742 0.01104723034560818 0.552922180139595
1743 0.01104730582375182 0.5529223616946177
1744 0.01104730749044856 0.552921556644884
1745 0.01104738363716258 0.5529217175755148
1746 0.01104738526561559 0.5529208853904453
1747 0.01104746192162964 0.552921027168886
1748 0.01104746483630585 0.5529201830998189
1749 0.01104754193906355 0.5529203059676883
1750 0.01104754501925054 0.5529194425696267
1751 0.01104762222366654 0.5529195467050616
1752 0.01104762540916446 0.5529186648916578
1753 0.01104770336123354 0.5529187592523485
1754 0.01104770683618738 0.5529178630133013
1755 0.01104778526374944 0.5529179479377724
1756 0.01104778871480766 0.5529170373149687
1757 0.01104786667562788 0.5529171057162856
1758 0.01104786980190637 0.5529161797800588
1759 0.01104794817202021 0.5529162430816782
1760 0.01104795231000239 0.5529153182685382
1761 0.0110480305751046 0.5529153730890504
1762 0.01104803420293516 0.5529144379408132
1763 0.01104811231841185 0.5529144873187092
1764 0.01104811583848223 0.5529135473960243
1765 0.01104819339566736 0.5529135893689802
1766 0.01104819658824059 0.5529126454652568
1767 0.01104827478470042 0.5529126949864325
1768 0.01104827784624523 0.5529117512560877
1769 0.01104835554106588 0.5529117999866976
1770 0.01104835806772994 0.5529108555530231
1771 0.01104843541824383 0.5529109069070047
1772 0.01104843758452501 0.5529099658789302
1773 0.01104851483877071 0.5529100250824641
1774 0.01104851624944548 0.5529090858411788
1775 0.01104859295919317 0.5529091512911589
1776 0.01104859469035496 0.5529082277521189
1777 0.0110486710665704 0.5529083026942636
1778 0.01104867206505763 0.5529073872415443
1779 0.01104874781524908 0.5529074718862871
1780 0.01104874823067727 0.5529065678117576
1781 0.01104882354544913 0.5529066661517736
1782 0.01104882351465704 0.5529057772477326
1783 0.01104889837589682 0.5529058914965703
1784 0.01104889782778211 0.5529050193665418
1785 0.01104897216799412 0.5529051510051316
1786 0.01104897105029961 0.5529042972911079
1787 0.01104904484054831 0.5529044481104292
1788 0.01104904313841856 0.552903614736948
1789 0.01104911636809752 0.5529037866648082
1790 0.01104911407346487 0.5529029755219536
1791 0.0110491867278713 0.552903170357597
1792 0.01104918382861858 0.5529023831734189
1793 0.01104925589273212 0.5529026026036216
1794 0.01104925237678756 0.552901841009542
1795 0.01104932383673557 0.5529020866420686
1796 0.01104931969696901 0.5529013522168543
1797 0.01104939053786866 0.5529016255551054
1798 0.01104938577082281 0.5529009197897143
1799 0.01104945597778479 0.5529012222216052
1800 0.01104945058052858 0.5529005464879564
1801 0.01104951961185242 0.5529008831111589
1802 0.01104951391210636 0.5529002232079014
1803 0.0110495825648603 0.5529005956213368
1804 0.01104957629603148 0.5528999771894584
1805 0.01104964417638363 0.5529003837821812
1806 0.01104963753090547 0.5528997991380507
1807 0.01104970486016626 0.5529002377335857
1808 0.01104969705153456 0.5528996863783906
1809 0.01104976351599937 0.5529001571000859
1810 0.01104975537253028 0.5528996418498968
1811 0.01104982140888286 0.5529001479255526
1812 0.01104981216783678 0.5528996687392077
1813 0.01104987737744864 0.5529002086981424
1814 0.01104986554320687 0.5528997434246439
1815 0.01104993300326569 0.5529003416067442
1816 0.01104992093118434 0.5528999216190665
1817 0.01104998735371757 0.5529005570947851
1818 0.01104997396129343 0.5529001693538772
1819 0.01105003956933326 0.5529008394321185
1820 0.01105002534285231 0.5529004858618116
1821 0.01105009030064974 0.552901192609269
1822 0.01105007538410986 0.5529008753322794
1823 0.01105013962710917 0.5529016191730912
1824 0.01105012402227275 0.5529013384734667
1825 0.01105018750379798 0.5529021185552936
1826 0.01105017119681092 0.5529018739922401
1827 0.01105023390740793 0.552902689609547
1828 0.0110502168741423 0.5529024806687565
1829 0.01105027881746126 0.5529033313242464
1830 0.01105026102978601 0.5529031573856276
1831 0.0110503222004468 0.5529040424172473
1832 0.01105030364634454 0.5529039027328392
1833 0.01105036402048416 0.5529048212294676
1834 0.01105034469524612 0.5529047150230155
1835 0.01105040426091762 0.5529056660581707
1836 0.01105038415139332 0.5529055923775915
1837 0.01105044289703075 0.5529065748711638
1838 0.0110504219804315 0.5529065325826121
1839 0.01105047989336701 0.5529075453170093
1840 0.01105045815556955 0.5529075332605695
1841 0.01105051520013117 0.5529085747007346
1842 0.01105049274136122 0.552908592810046
1843 0.01105054849787243 0.552909657096926
1844 0.01105052507461829 0.5529097021902534
1845 0.01105058069744369 0.5529108000546785
1846 0.01105055640285924 0.5529108702062571
1847 0.0110506109244717 0.5529119909420566
1848 0.01105058552436494 0.5529120835962852
1849 0.01105063910032938 0.5529132267439731
1850 0.01105061258509734 0.5529133397821606
1851 0.01105066518171926 0.5529145033193524
1852 0.01105063811448627 0.5529146409444978
1853 0.0110506898480063 0.5529158241802683
1854 0.01105066176486873 0.5529159805561006
1855 0.01105071228707368 0.5529171783718337
1856 0.011050683047973 0.5529173500953097
1857 0.01105073290794431 0.5529185662738293
1858 0.01105070265375747 0.5529187523935996
1859 0.0110507516041039 0.5529199829003194
1860 0.01105071983100677 0.5529201768620352
1861 0.01105076756145768 0.552921416427124
1862 0.01105073545152919 0.552921627974038
1863 0.01105078231186311 0.5529228777672206
1864 0.01105074900144019 0.5529230973104147
1865 0.01105079444224985 0.5529243500173449
1866 0.01105075977079865 0.5529245732686975
1867 0.01105080452666901 0.5529258343282473
1868 0.01105076877680157 0.5529260615472245
1869 0.01105081267019202 0.5529273275080077
1870 0.01105077564238931 0.5529275551429433
1871 0.0110508178970007 0.5529288155846551
1872 0.01105077998108556 0.5529290455670643
1873 0.01105082121155849 0.5529303043032936
1874 0.01105078210966969 0.5529305317333382
1875 0.01105082299334361 0.5529317943981612
1876 0.01105078257926088 0.5529320151303886
1877 0.01105082158233003 0.5529332639194681
1878 0.01105078015039725 0.5529334795000879
1879 0.0110508182185027 0.5529347213725215
1880 0.01105077582241218 0.5529349301734321
1881 0.01105081247866322 0.5529361584804242
1882 0.01105076871647719 0.5529363544424799
1883 0.01105080513078339 0.552937579512546
1884 0.01105075991147432 0.5529377585820321
1885 0.0110507948098106 0.5529389655535326
1886 0.0110507490316932 0.5529391358737885
1887 0.01105078286450172 0.5529403266213456
1888 0.01105073589705725 0.5529404798399586
1889 0.01105076803502854 0.5529416462810318
1890 0.01105071964591248 0.5529417777390534
1891 0.01105075163397713 0.5529429340932349
1892 0.01105070241663483 0.5529430470288348
1893 0.01105073334847663 0.5529441824121758
1894 0.0110506825506771 0.5529442682415873
1895 0.01105071199908594 0.5529453762341182
1896 0.01105066086594308 0.5529454456619374
1897 0.01105068950055391 0.5529465305839943
1898 0.01105063716006687 0.5529465730176036
1899 0.01105066496278428 0.5529476344037533
1900 0.01105061157454684 0.5529476492576685
1901 0.01105063835123148 0.5529486829291287
1902 0.01105058433581274 0.552948673236065
1903 0.01105061008969268 0.5529496775381673
1904 0.01105055490015778 0.552949635957387
1905 0.01105057942067751 0.5529506073136219
1906 0.01105052349396768 0.5529505368132006
1907 0.0110505483286578 0.5529514900984607
1908 0.0110504913832016 0.5529513853610641
1909 0.01105051499045306 0.5529523038508298
1910 0.01105045789661732 0.5529521744418353
1911 0.01105048073275046 0.5529530600368606
1912 0.01105042306955552 0.5529528994834793
1913 0.01105044492286379 0.5529537501405641
1914 0.01105038629325179 0.5529535530677099
1915 0.01105040755434617 0.5529543717042192
1916 0.01105034812511585 0.5529541379913714
1917 0.01105036876984761 0.552954923088639
1918 0.01105030943167576 0.5529546618381326
1919 0.01105033059723721 0.5529554240201545
1920 0.01105027076919218 0.5529551276031365
1921 0.01105029094634002 0.5529558514876599
1922 0.01105023071617514 0.5529555214613874
1923 0.01105025038973614 0.5529562101701104
1924 0.01105018981552311 0.5529558452174296
1925 0.01105020975513359 0.5529565069725053
1926 0.01105014910745539 0.5529561091277773
1927 0.01105016808575283 0.5529567303170342
1928 0.01105010688492386 0.5529562950148627
1929 0.0110501263861047 0.5529568906478419
1930 0.01105006615824942 0.5529564324145221
1931 0.01105008561275586 0.5529569952420789
1932 0.01105002538439517 0.5529565051678178
1933 0.01105004439305492 0.5529570321972562
1934 0.01104998370437203 0.5529565043248537
1935 0.01105000287797664 0.5529570014485687
1936 0.01104994259287687 0.5529564440984959
1937 0.01104996250710641 0.5529569169232
1938 0.01104990274541824 0.5529563315760502
1939 0.01104992287030168 0.5529567747233669
1940 0.01104986342500792 0.5529561602141115
1941 0.0110498837285348 0.5529565734221458
1942 0.01104982500684789 0.552955933918041
1943 0.01104984601338128 0.5529563224215115
1944 0.01104978778356006 0.552955655550222
1945 0.01104980859536546 0.5529560109098577
1946 0.0110497505961671 0.552955314650771
1947 0.01104977260588837 0.5529556513272619
1948 0.01104971561329312 0.5529549330039015
1949 0.01104973891348887 0.5529552527911076
1950 0.01104968275240556 0.5529545119260714
1951 0.01104970625572224 0.5529548040297261
1952 0.0110496505903614 0.5529540384652127
1953 0.01104967487410845 0.5529543090589181
1954 0.01104962086986649 0.5529535310802847
1955 0.01104964623257846 0.5529537829417619
1956 0.01104959297823973 0.5529529841851857
1957 0.01104961961269365 0.5529532220567626
1958 0.01104956733673468 0.5529524049830755
1959 0.01104959494831947 0.5529526259928846
1960 0.01104954366699373 0.552951792149553
1961 0.01104957230513193 0.5529519974667136
1962 0.01104952307272563 0.5529511592055659
1963 0.0110495529418545 0.5529513505762051
1964 0.0110495043296675 0.5529504942099044
1965 0.01104953533119321 0.552950673847986
1966 0.01104948805745691 0.5529498070113534
1967 0.01104952097443088 0.5529499829719029
1968 0.01104947537970167 0.5529491104194003
1969 0.0110495090214012 0.5529492718834953
1970 0.01104946419334822 0.5529483862256842
1971 0.01104949977986852 0.5529485467342655
1972 0.0110494569014893 0.5529476600872276
1973 0.01104949424812701 0.5529478190261925
1974 0.01104945235300887 0.5529469232856576
1975 0.0110494911698577 0.5529470797803508
1976 0.01104945160672748 0.5529461905012379
1977 0.01104949190601 0.5529463438045362
1978 0.01104945377124041 0.5529454537842883
1979 0.01104949518787068 0.5529456029050421
1980 0.01104945811026602 0.5529447089685792
1981 0.01104950178901035 0.5529448667600044
1982 0.01104946648008942 0.5529439762937556
1983 0.01104951170483649 0.5529441375100254
1984 0.01104947839708335 0.552943255899054
1985 0.01104952519625899 0.5529434208552116
1986 0.01104949375121924 0.5529425482355632
1987 0.01104954202757478 0.5529427177740744
1988 0.01104951128973029 0.5529418431902713
1989 0.01104956144612373 0.5529420237429353
1990 0.01104953276256371 0.5529411614300346
1991 0.01104958457102078 0.5529413514863708
1992 0.01104955741445326 0.5529404983318889
1993 0.01104961097030179 0.5529407003982599
1994 0.0110495859547218 0.5529398642904233
1995 0.01104964069720381 0.5529400733184379
1996 0.01104961689459093 0.5529392467193994
1997 0.01104967390184696 0.5529394758010977
1998 0.01104965175656896 0.5529386630423756
1999 0.01104971014110808 0.5529389053061196
2000 0.0110496890911146 0.5529381029360942
2001 0.01104974880960519 0.5529383587492565
2002 0.01104972985689511 0.5529375781586516
2003 0.0110497911702224 0.5529378504610928
2004 0.01104977362082284 0.5529370864488741
2005 0.01104983610904767 0.5529373733673369
2006 0.01104981977648539 0.5529366249631462
2007 0.01104988421031404 0.5529369355135915
2008 0.01104986937917417 0.5529362061759546
2009 0.01104993520600778 0.5529365366845608
2010 0.01104992136648889 0.5529358231124243
2011 0.01104998791192971 0.552936167502586
2012 0.01104997565953017 0.5529354771132908
2013 0.01105004365721927 0.5529358429611915
2014 0.01105003275657509 0.5529351744986419
2015 0.01105010166656164 0.5529355585412518
2016 0.0110500917014352 0.5529349089652249
2017 0.011050162211666 0.5529353193672185
2018 0.01105015339164201 0.5529346910469349
2019 0.01105022481058711 0.5529351222878426
2020 0.01105021634384081 0.5529345086190242
2021 0.01105028840290251 0.552934958733624
2022 0.01105028169087845 0.5529343754790278
2023 0.01105035480964416 0.5529348484268469
2024 0.01105034875632975 0.5529342853940992
2025 0.011050422297714 0.552934777055256
2026 0.01105041697418304 0.5529342357733944
2027 0.01105049082631034 0.5529347448465234
2028 0.01105048604727948 0.5529342242087939
2029 0.01105056127675362 0.5529347631727144
2030 0.0110505572611828 0.5529342654536631
2031 0.01105063273202931 0.5529348239295432
2032 0.0110506288380168 0.5529343442470968
2033 0.01105070457643966 0.5529349225800985
2034 0.01105070099834361 0.5529344630261113
2035 0.01105077697664073 0.5529350613826958
2036 0.01105077413228426 0.5529346275510386
2037 0.01105085035304415 0.5529352463995371
2038 0.01105084792554647 0.5529348357139398
2039 0.01105092404585698 0.5529354723841412
2040 0.01105092104762087 0.552935074760349
2041 0.0110509967059868 0.5529357258086431
2042 0.01105099391400368 0.5529353498533026
2043 0.01105107050333099 0.5529360301665911
2044 0.01105106785563838 0.5529356749782551
2045 0.01105114426715785 0.5529363744659188
2046 0.01105114104025739 0.552936033664839
2047 0.01105121661561303 0.5529367451076992
2048 0.01105121294376039 0.5529364202485381
2049 0.01105128787869564 0.5529371449055134
2050 0.01105128403026328 0.5529368393311002
2051 0.01105135859208438 0.5529375803089821
2052 0.011051354653217 0.5529372954611221
2053 0.01105142927978593 0.5529380580460115
2054 0.01105142467510498 0.552937787039787
2055 0.01105149824062143 0.5529385600591166
2056 0.01105149261673134 0.5529383001130971
2057 0.011051565489894 0.552939086745362
2058 0.01105155876669687 0.55293883624831
2059 0.01105163073687162 0.5529396344049726
2060 0.01105162395644753 0.552939405045648
2061 0.01105169525070657 0.5529402161743181
2062 0.01105168759057646 0.5529399993843207
2063 0.01105175751597813 0.5529408170022652
2064 0.01105174824021479 0.5529406047866811
2065 0.0110518174279888 0.5529414351508746
2066 0.01105180733375829 0.5529412346146846
2067 0.01105187594597522 0.552942079326104
2068 0.01105186463436093 0.5529418868216454
2069 0.01105193116536469 0.5529427297511769
2070 0.01105191865816317 0.5529425458840889
2071 0.01105198436238117 0.5529433987742047
2072 0.01105197093475565 0.5529432252343914
2073 0.01105203544204821 0.5529440847621861
2074 0.01105202046405937 0.552943916850236
2075 0.0110520832235866 0.5529447756392415
2076 0.0110520672216456 0.5529446149955866
2077 0.01105212815684335 0.5529454746017163
2078 0.01105211082308503 0.5529453173029504
2079 0.01105217090976502 0.552946186028754
2080 0.01105215215267912 0.5529460312248593
2081 0.01105221069750745 0.5529469013054996
2082 0.011052190128113 0.5529467455532696
2083 0.01105224703996423 0.5529476150325628
2084 0.01105222534463873 0.5529474645945145
2085 0.01105228073210698 0.5529483333580409
2086 0.01105225732328669 0.5529481818398759
2087 0.01105231152583037 0.5529490536216773
2088 0.01105228649164362 0.5529489003967494
2089 0.01105233947882187 0.5529497742883144
2090 0.01105231268317198 0.5529496175457747
2091 0.01105236327286957 0.5529504802639232
2092 0.01105233502637037 0.5529503229756078
2093 0.01105238446552384 0.5529511860712139
2094 0.01105235464178208 0.5529510255692289
2095 0.01105240240907543 0.5529518835242809
2096 0.01105237106127635 0.5529517199433654
2097 0.01105241786556261 0.5529525793398155
2098 0.01105238475564206 0.5529524087511749
2099 0.01105242967128963 0.5529532596246037
2100 0.01105239518006527 0.5529530858565898
2101 0.01105243857305628 0.5529539303841444
2102 0.01105240282841163 0.5529537538488263
2103 0.01105244464675606 0.5529545909669762
2104 0.01105240657854251 0.5529543996898924
2105 0.01105244701060687 0.5529552309192015
2106 0.01105240776687453 0.5529550350125322
2107 0.01105244696024885 0.5529558606574521
2108 0.01105240599760383 0.5529556541504429
2109 0.0110524438241081 0.5529564725249774
2110 0.01105240208202472 0.5529562643526758
2111 0.01105243855178294 0.5529570740031612
2112 0.01105239553208886 0.552956858766144
2113 0.01105243038784518 0.5529576566498771
2114 0.01105238515034771 0.5529574231983772
2115 0.01105241858880919 0.5529582105314961
2116 0.01105237236585807 0.5529579699529087
2117 0.01105240523885581 0.5529587544984488
2118 0.01105235807345035 0.5529585067405575
2119 0.01105239011067678 0.5529592854738934
2120 0.01105234145161563 0.5529590245081699
2121 0.01105237142600756 0.5529597834774924
2122 0.01105232135306874 0.552959509066792
2123 0.01105235039760482 0.5529602586483222
2124 0.01105229999969238 0.5529599807216274
2125 0.01105232871697303 0.5529607266843091
2126 0.01105227726305626 0.5529604373803926
2127 0.01105230473459999 0.5529611700910928
2128 0.01105225192966357 0.5529608655019533
2129 0.01105227812624571 0.5529615831396246
2130 0.01105222478056715 0.5529612705391715
2131 0.01105225079370682 0.5529619835004222
2132 0.0110521967394641 0.5529616602886568
2133 0.01105222201227865 0.5529623628228495
2134 0.0110521667221651 0.552962022996778
2135 0.01105219095339663 0.5529627109137147
2136 0.01105213596705746 0.5529623696543581
2137 0.01105215972772546 0.552963047088449
2138 0.01105210361209073 0.5529626891009607
2139 0.01105212713603724 0.5529633595271897
2140 0.01105207059645226 0.5529629904390778
2141 0.01105209362707297 0.5529636496343167
2142 0.01105203683457603 0.5529632713840629
2143 0.01105205978140335 0.5529639230595397
2144 0.01105200266880704 0.5529635339934443
2145 0.01105202428873127 0.5529641642280384
2146 0.01105196673522555 0.5529637630963551
2147 0.01105198965758328 0.5529643990388098
2148 0.01105193227576652 0.5529639896278252
2149 0.01105195438101335 0.5529646089786946
2150 0.01105189621738991 0.5529641830800076
2151 0.0110519182207413 0.5529647923839363
2152 0.01105186110942492 0.5529643673034349
2153 0.01105188315014312 0.5529649663247291
2154 0.01105182572498927 0.5529645282242578
2155 0.01105184809180886 0.5529651214213582
2156 0.01105179072425467 0.5529646725528694
2157 0.0110518132427315 0.5529652568540955
2158 0.01105175567959608 0.5529647944759869
2159 0.01105177826446142 0.552965368720221
2160 0.01105172191412449 0.5529649075638736
2161 0.01105174471759115 0.5529654715606299
2162 0.01105168835370367 0.552964998640446
2163 0.01105171186764232 0.5529655591024247
2164 0.011051655881722 0.5529650770476884
2165 0.01105167988657311 0.5529656307328741
2166 0.01105162420220807 0.5529651390312487
2167 0.01105164818840437 0.5529656801552409
2168 0.01105159373891897 0.5529651888381926
2169 0.01105161847513712 0.552965724116367
2170 0.01105156408385399 0.5529652199889961
2171 0.01105158915657726 0.5529657465235377
2172 0.0110515351745026 0.5529652328678306
2173 0.01105156164326073 0.5529657609249105
2174 0.01105150924624375 0.5529652495310626
2175 0.01105153626131919 0.5529657696133786
2176 0.01105148425317445 0.5529652493041649
2177 0.011051511368011 0.5529657573104048
2178 0.01105145984329165 0.5529652281296257
2179 0.01105148883781856 0.5529657422038097
2180 0.01105143841367386 0.5529652091086726
2181 0.0110514674703629 0.5529657106573233
2182 0.01105141745849663 0.552965168744856
2183 0.01105144734220265 0.5529656649906926
2184 0.01105139905173513 0.5529651265857075
2185 0.01105143014013989 0.5529656206800861
2186 0.01105138258200727 0.5529650760642869
2187 0.01105141467026694 0.5529655677776577
2188 0.01105136787495771 0.5529650168314695
2189 0.01105140069413022 0.5529655026801397
2190 0.01105135538797569 0.5529649535589966
2191 0.01105138910390787 0.5529654344831247
2192 0.01105134437350952 0.5529648777100652
2193 0.0110513793566514 0.5529653589907584
2194 0.01105133551237812 0.5529647970958075
2195 0.01105137071125875 0.5529652673787098
2196 0.01105132800552281 0.5529647042793359
2197 0.01105136583126783 0.5529651882154512
2198 0.0110513245186124 0.552964624833268
2199 0.01105136317838519 0.5529650758444637
2200 0.01105131948761151 0.5529645561778553
2201 0.01105136314507908 0.5529649780226051
2202 0.01105131878362508 0.552964456593441
2203 0.01105136365019279 0.552964873821861
2204 0.01105131985067183 0.5529643490325586
2205 0.01105136637107896 0.5529647713534465
2206 0.01105132376904662 0.552964247053752
2207 0.01105137156904804 0.5529646707124923
2208 0.01105132974527249 0.5529641430167477
2209 0.01105137808669036 0.5529645609168219
2210 0.011051337145097 0.5529640306832242
2211 0.01105138647972534 0.5529644474995205
2212 0.01105134671741608 0.552963917518792
2213 0.01105139753569841 0.5529643394576853
2214 0.01105135891124993 0.5529638098857853
2215 0.01105141008789903 0.5529642255460278
2216 0.0110513719205715 0.5529636908106053
2217 0.0110514241202762 0.5529641066718325
2218 0.01105138773427085 0.5529635803633691
2219 0.01105144125972834 0.5529639995031035
2220 0.01105140564049717 0.5529634717647218
2221 0.01105145943351234 0.5529638854286654
2222 0.01105142424406699 0.552963353272776
2223 0.01105147964223218 0.5529637749104709
2224 0.01105144550678545 0.5529632439784526
2225 0.01105150125450693 0.5529636614999355
2226 0.01105146770300065 0.5529631290389703
2227 0.01105152427632153 0.5529635472187076
2228 0.01105149193464153 0.5529630193142303
2229 0.01105154888147252 0.5529634337702688
2230 0.01105151687384012 0.5529629024645158
2231 0.0110515753338771 0.5529633259560608
2232 0.01105154470991929 0.5529628017127876
2233 0.01105160306395099 0.55296321814393
2234 0.01105157248174263 0.5529626890669345
2235 0.01105163161315753 0.5529631076985151
2236 0.01105160150655345 0.5529625770303392
2237 0.0110516617668834 0.5529630024809298
2238 0.0110516330605302 0.5529624811341688
2239 0.01105169375618949 0.5529629062091311
2240 0.01105166520488115 0.5529623826765392
2241 0.01105172589428214 0.5529628040702338
2242 0.01105169749661984 0.5529622780545164
2243 0.01105175940251955 0.5529627083179984
2244 0.01105173169261759 0.5529621853052696
2245 0.01105179369068898 0.552962614005292
2246 0.01105176619596746 0.5529620908633145
2247 0.01105182858138072 0.5529625210396697
2248 0.0110518016135423 0.5529620008078028
2249 0.01105186372583147 0.5529624260100449
2250 0.01105183696867034 0.5529619065156891
2251 0.01105190074022597 0.5529623472548137
2252 0.01105187461567452 0.5529618324443489
2253 0.0110519376398748 0.5529622654546477
2254 0.01105191090616424 0.5529617445222714
2255 0.01105197416697129 0.5529621793652296
2256 0.01105194888270705 0.552961673081927
2257 0.01105201241838062 0.5529621099811365
2258 0.0110519865576129 0.5529615986696863
2259 0.0110520503520704 0.5529620399582111
2260 0.01105202462346462 0.5529615306732766
2261 0.01105208884208164 0.5529619775506269
2262 0.01105206308625904 0.5529614695351801
2263 0.01105212652545971 0.5529619103952149
2264 0.01105210075798884 0.5529614046396758
2265 0.01105216456047066 0.5529618507656932
2266 0.01105213901420141 0.5529613497816102
2267 0.01105220258331381 0.5529617961242221
2268 0.01105217693937715 0.5529612974276287
2269 0.01105224102077574 0.5529617525149481
2270 0.0110522152923634 0.5529612562623876
2271 0.01105227939040161 0.5529617156085793
2272 0.01105225321325955 0.5529612190120703
2273 0.01105231624933086 0.5529616716158656
2274 0.01105228986591474 0.5529611776076583
2275 0.01105235314446562 0.552961636449399
2276 0.01105232697049562 0.5529611495501158
2277 0.01105238973845655 0.5529616079095528
2278 0.01105236319867623 0.5529611229214526
2279 0.01105242648489972 0.5529615923561302
2280 0.01105239975004568 0.5529611107875598
2281 0.01105246257184245 0.5529615815302629
2282 0.01105243475487406 0.5529610951577008
2283 0.01105249698092779 0.5529615660240608
2284 0.01105246967223739 0.5529610917458779
2285 0.01105253182617028 0.552961567532943
2286 0.01105250442335041 0.5529610995675079
2287 0.01105256594567204 0.5529615760301126
2288 0.01105253717480106 0.5529611012725337
2289 0.01105259830097008 0.5529615809473941
2290 0.01105256949880617 0.5529611129964288
2291 0.01105263088523577 0.5529616028167598
2292 0.0110526017205978 0.552961139032541
2293 0.01105266252821088 0.552961630970092
2294 0.01105263273363558 0.5529611692318321
2295 0.01105269253752595 0.55296165854985
2296 0.01105266252032065 0.5529612031667852
2297 0.01105272225308608 0.5529616995200509
2298 0.01105269173204162 0.5529612476380438
2299 0.01105275074701221 0.5529617452130978
2300 0.01105271976432843 0.5529612975178267
2301 0.01105277892225718 0.5529618055226211
2302 0.01105274740331498 0.5529613610614074
2303 0.01105280576965695 0.5529618699800322
2304 0.01105277371349541 0.5529614296727778
2305 0.01105283159142196 0.5529619424433403
2306 0.01105279899115106 0.5529615057549898
2307 0.0110528562187842 0.5529620209670086
2308 0.01105282349604041 0.5529615929609358
2309 0.01105288025042289 0.5529621123540153
2310 0.01105284636710999 0.5529616816990683
2311 0.01105290231056293 0.5529622023950499
2312 0.01105286793196652 0.552961776009752
2313 0.01105292421685973 0.5529623098023176
2314 0.01105289003880102 0.5529618951824476
2315 0.011052945622316 0.5529624312962899
2316 0.01105291041633631 0.5529620163527372
2317 0.01105296504282152 0.5529625524180886
2318 0.01105292906377901 0.5529621389786066
2319 0.0110529834487081 0.5529626819609683
2320 0.01105294726521534 0.5529622759251727
2321 0.01105300077402518 0.5529628192325768
2322 0.01105296408299132 0.5529624180378298
2323 0.01105301782619196 0.5529629735984031
2324 0.01105298061657883 0.5529625761476868
2325 0.01105303382033591 0.5529631359182192
2326 0.01105299573054117 0.5529627391996921
2327 0.01105304781198283 0.5529632967231032
2328 0.01105300948703431 0.5529629070777504
2329 0.01105306117029404 0.5529634692077841
2330 0.0110530220643186 0.5529630805699103
2331 0.01105307388007056 0.5529636537782465
2332 0.01105303505674774 0.5529632771283169
2333 0.01105308623935224 0.5529638526120739
2334 0.01105304647044143 0.5529634756826151
2335 0.01105309671618177 0.5529640506311295
2336 0.01105305623450727 0.5529636749302936
2337 0.01105310656575561 0.5529642593491493
2338 0.01105306563890164 0.5529638871678572
2339 0.011053115179525 0.5529644719110222
2340 0.0110530743074607 0.5529641091784385
2341 0.01105312337252915 0.5529646968408903
2342 0.01105308186267758 0.5529643356753109
2343 0.01105313090964735 0.5529649315545664
2344 0.0110530889419006 0.5529645732036006
2345 0.01105313782692915 0.5529651753775159
2346 0.01105309524596147 0.5529648183551374
2347 0.01105314288997386 0.5529654151145474
2348 0.01105309987926431 0.5529650611220495
2349 0.01105314751623852 0.5529656645173096
2350 0.01105310460352708 0.5529653184541191
2351 0.01105315155658005 0.5529659213888189
2352 0.01105310819671638 0.5529655776727191
2353 0.01105315555590661 0.5529661917730484
2354 0.01105311184050273 0.5529658502669553
2355 0.01105315878259056 0.5529664664600638
2356 0.01105311427181221 0.5529661230412073
2357 0.01105316023403608 0.5529667349359085
2358 0.01105311589107035 0.5529663990636899
2359 0.0110531617717635 0.5529670150076421
2360 0.01105311684924971 0.552966678402836
2361 0.01105316294266305 0.5529673021475869
2362 0.01105311746114117 0.5529669642040562
2363 0.01105316299153977 0.5529675868431949
2364 0.01105311793797664 0.5529672582306363
2365 0.01105316330114918 0.552967883125161
2366 0.01105311814692416 0.5529675579432751
2367 0.01105316294834668 0.5529681811390972
2368 0.01105311667824786 0.5529678483146002
2369 0.01105316107950135 0.5529684708156321
2370 0.01105311485811625 0.5529681413012421
2371 0.01105315973928176 0.5529687718500705
2372 0.01105311346353807 0.5529684445973143
2373 0.01105315794649164 0.5529690738551042
2374 0.01105311161146837 0.5529687490676821
2375 0.0110531557278274 0.5529693766646946
2376 0.01105310901511931 0.5529690500849673
2377 0.01105315296287469 0.5529696778585563
2378 0.0110531058010226 0.5529693481222282
2379 0.01105314963026748 0.5529699761528358
2380 0.01105310290090315 0.5529696522584652
2381 0.01105314624630364 0.5529702758310061
2382 0.01105309906281969 0.552969948415878
2383 0.01105314290331274 0.5529705782249849
2384 0.01105309560872589 0.5529702495600525
2385 0.01105313948186733 0.5529708800327857
2386 0.01105309174852758 0.5529705470767362
2387 0.01105313465706211 0.5529711672481554
2388 0.01105308665480957 0.5529708311526749
2389 0.01105312974076798 0.5529714520028897
2390 0.01105308234241426 0.5529711212068209
2391 0.01105312542503385 0.5529717407266774
2392 0.01105307772874336 0.5529714058062218
2393 0.01105312102297368 0.5529720265929601
2394 0.01105307310828394 0.5529716874891999
2395 0.01105311616510217 0.5529723038666648
2396 0.01105306771234296 0.5529719571098752
2397 0.01105311055533975 0.5529725689234473
2398 0.01105306296099432 0.552972228794095
2399 0.01105310554217886 0.5529728344363406
2400 0.01105305754991071 0.5529724875474532
2401 0.0110531006632914 0.5529730964150988
2402 0.01105305265351776 0.5529727455615232
2403 0.01105309589529315 0.552973352406217
2404 0.01105304757875126 0.5529729949300367
2405 0.01105309000860123 0.5529735895292212
2406 0.01105304153024504 0.5529732264799373
2407 0.01105308422828909 0.5529738192088419
2408 0.01105303642810386 0.5529734587557669
2409 0.0110530794423013 0.5529740501329248
2410 0.01105303165243122 0.5529736852843475
2411 0.01105307434320008 0.5529742688291145
2412 0.01105302618682756 0.5529738953041767
2413 0.0110530696403959 0.552974482045639
2414 0.01105302160163551 0.5529741037988785
2415 0.01105306438638668 0.5529746781303221
2416 0.0110530160621011 0.5529742919586331
2417 0.01105305877629269 0.5529748595741056
2418 0.01105301111102408 0.5529744742159318
2419 0.011053054356821 0.5529750410700073
2420 0.01105300678874792 0.5529746506200688
2421 0.01105305007893904 0.5529752122952175
2422 0.01105300210783428 0.5529748113051445
2423 0.01105304490350713 0.5529753613938224
2424 0.01105299751893686 0.5529749602059547
2425 0.01105304129330182 0.5529755135850125
2426 0.011052994011693 0.552975106193844
2427 0.01105303749607383 0.5529756503546162
2428 0.01105298963427919 0.5529752304444471
2429 0.01105303295840552 0.5529757660235447
2430 0.01105298632543861 0.552975351881993
2431 0.01105302998746546 0.5529758829657537
2432 0.01105298272170797 0.5529754549786742
2433 0.01105302604138912 0.5529759761488714
2434 0.01105297876350791 0.5529755404327865
2435 0.01105302305396087 0.5529760642360648
2436 0.01105297626529574 0.5529756254977108
2437 0.01105302046718996 0.5529761410358456
2438 0.01105297397050017 0.5529756986079848
2439 0.01105301808685197 0.5529762055867838
2440 0.01105297146689819 0.5529757540883586
2441 0.01105301593683551 0.552976257440333
2442 0.01105296920474605 0.5529757966192214
2443 0.01105301367583075 0.5529762924963356
2444 0.01105296791540232 0.5529758345332229
2445 0.01105301231911503 0.5529763213053052
2446 0.01105296630825942 0.5529758530415197
2447 0.01105301147510115 0.5529763409175482
2448 0.01105296570914336 0.5529758669041291
2449 0.01105301121673852 0.5529763508584281
2450 0.01105296535054612 0.5529758683446844
2451 0.01105301027017093 0.5529763388209999
2452 0.01105296442038439 0.5529758488475666
2453 0.01105300979841756 0.5529763160352026
2454 0.01105296480576114 0.5529758271949948
2455 0.01105301070148739 0.5529762920827807
2456 0.011052966140078 0.5529758004400371
2457 0.0110530119021374 0.5529762569279231
2458 0.01105296678271244 0.5529757522354322
2459 0.01105301303204546 0.5529762068805899
2460 0.01105296851078671 0.552975700487216
2461 0.01105301463360489 0.5529761464175685
2462 0.01105296958217212 0.5529756274939375
2463 0.01105301641258118 0.5529760741685994
2464 0.01105297277960683 0.5529755626357139
2465 0.01105301991628289 0.5529760049053211
2466 0.01105297621312694 0.5529754863851468
2467 0.01105302273168023 0.5529759160891207
2468 0.01105297883942334 0.5529753890137395
2469 0.0110530265012144 0.5529758240115986
2470 0.01105298292705025 0.5529752926772592
2471 0.01105303057854524 0.5529757215765567
2472 0.01105298760788125 0.5529751910999507
2473 0.01105303543850403 0.5529756153494712
2474 0.01105299271505223 0.5529750813211755
2475 0.01105304042057147 0.5529754984161371
2476 0.01105299754607909 0.5529749569855783
2477 0.01105304628402703 0.5529753793958202
2478 0.01105300351037131 0.5529748325197709
2479 0.01105305228517393 0.552975250311447
2480 0.01105301045539512 0.5529747086712729
2481 0.011053059467309 0.5529751231385133
2482 0.01105301802504655 0.5529745806388189
2483 0.01105306696166701 0.5529749896321942
2484 0.01105302493045015 0.5529744362864766
2485 0.01105307404594304 0.5529748426872204
2486 0.01105303253774865 0.5529742896563362
2487 0.01105308265329221 0.5529747020533198
2488 0.01105304126254812 0.5529741455764285
2489 0.01105309148885197 0.5529745554989318
2490 0.01105305102011013 0.5529740053991526
2491 0.01105310141982273 0.5529744127889371
2492 0.01105306123215295 0.5529738622412147
2493 0.01105311152610015 0.5529742652973907
2494 0.01105307094567911 0.5529737074463074
2495 0.01105312150681386 0.5529741102098865
2496 0.01105308087834214 0.5529735480988288
2497 0.01105313210653965 0.5529739550472125
2498 0.01105309295322499 0.5529734057535279
2499 0.0110531441690698 0.5529738094315483
2500 0.0110531047043781 0.5529732550774882
2501 0.01105315661002424 0.5529736643916525
2502 0.01105311733912458 0.5529731094809236
2503 0.01105316953939037 0.5529735201183078
2504 0.01105313022161231 0.5529729631963285
2505 0.01105318234385801 0.5529733717405819
2506 0.01105314330033254 0.5529728161947521
2507 0.01105319558839243 0.5529732248477144
2508 0.01105315685475049 0.5529726713347606
2509 0.01105320956319508 0.5529730833407545
2510 0.01105317150478608 0.5529725362642427
2511 0.01105322445858369 0.5529729500493491
2512 0.01105318613950704 0.5529724000079015
2513 0.01105323933407176 0.5529728163902466
2514 0.01105320155318285 0.5529722716914202
2515 0.011053255131701 0.5529726919177295
2516 0.01105321740034564 0.5529721480673182
2517 0.01105327039288865 0.5529725626577471
2518 0.01105323286304608 0.5529720217611501
2519 0.01105328702328787 0.5529724487379376
2520 0.01105324994289116 0.5529719127194677
2521 0.01105330419232516 0.5529723421444693
2522 0.01105326650578502 0.55297180128535
2523 0.01105332055373979 0.5529722301100194
2524 0.01105328390913926 0.5529717016438008
2525 0.01105333830165912 0.5529721346978833
2526 0.01105330156685599 0.5529716070548841
2527 0.01105335615872407 0.5529720446826015
2528 0.01105331947597656 0.5529715195800221
2529 0.01105337423080616 0.5529719609588029
2530 0.0110533374271963 0.5529714367580202
2531 0.01105339211988013 0.5529718799046973
2532 0.01105335638440937 0.5529713697910484
2533 0.01105341138864697 0.5529718182398381
2534 0.01105337519515197 0.5529713063279306
2535 0.01105342997342499 0.5529717558925329
2536 0.0110533936556265 0.5529712456447592
2537 0.01105344902611666 0.5529717043518926
2538 0.01105341321526859 0.5529712024323545
2539 0.01105346812988479 0.552971659822429
2540 0.01105343177681503 0.552971156087292
2541 0.01105348715361519 0.5529716217956747
2542 0.01105345134759909 0.5529711270039165
2543 0.01105350709554348 0.5529716005512552
2544 0.01105347080809446 0.5529711046697573
2545 0.01105352638081697 0.5529715806391369
2546 0.01105349087438407 0.5529710975245331
2547 0.01105354653524244 0.5529715780585481
2548 0.0110535110854203 0.5529711000377276
2549 0.01105356637963904 0.5529715814474991
2550 0.01105353051260462 0.5529711037984115
2551 0.01105358576602821 0.5529715891951756
2552 0.01105354951767971 0.5529711117661766
2553 0.01105360477968399 0.5529716018383647
2554 0.01105356906827599 0.5529711347650212
2555 0.01105362518867718 0.5529716386639159
2556 0.01105358902309729 0.5529711714423878
2557 0.01105364455392968 0.5529716746882988
2558 0.01105360882597628 0.5529712178093295
2559 0.01105366429938539 0.5529717248737204
2560 0.01105362857514835 0.5529712731825978
2561 0.01105368367253155 0.5529717817174356
2562 0.01105364753624519 0.5529713312136295
2563 0.01105370253526357 0.552971843893146
2564 0.01105366591054082 0.5529713931976166
2565 0.01105372078330744 0.5529719097719031
2566 0.01105368458819292 0.5529714688895423
2567 0.01105374020890253 0.5529719986419472
2568 0.01105370348574945 0.5529715573713544
2569 0.0110537584812146 0.5529720865515609
2570 0.0110537220960846 0.5529716549534269
2571 0.01105377691903884 0.5529721871789168
2572 0.01105374045694956 0.5529717602949877
2573 0.01105379482594868 0.5529722934492369
2574 0.01105375782105467 0.5529718666273923
2575 0.01105381199626717 0.5529724031598642
2576 0.01105377443450791 0.5529719755951062
2577 0.01105382842117805 0.5529725154904672
2578 0.01105379126693249 0.552972097606015
2579 0.01105384581779822 0.5529726487690022
2580 0.01105380838979242 0.5529722334076316
2581 0.01105386233296114 0.5529727840729372
2582 0.01105382446229332 0.5529723699145552
2583 0.01105387816203197 0.5529729232362823
2584 0.01105383999453577 0.552972511077829
2585 0.01105389278216028 0.5529730599012401
2586 0.01105385458024879 0.5529726530063849
2587 0.01105390818414629 0.5529732154445133
2588 0.01105386990819228 0.5529728124354288
2589 0.01105392302809502 0.5529733754002408
2590 0.01105388367161318 0.5529729666079836
2591 0.01105393618767206 0.5529735283663911
2592 0.01105389744085205 0.5529731309248153
2593 0.01105394976253279 0.5529736947663205
2594 0.01105391043469514 0.5529732963149722
2595 0.01105396272271937 0.5529738652862657
2596 0.01105392302639342 0.5529734675364827
2597 0.01105397502340994 0.5529740381031781
2598 0.01105393459417927 0.5529736372729137
2599 0.01105398607846395 0.552974207046504
2600 0.01105394624735028 0.5529738171737846
2601 0.01105399737623955 0.5529743869502377
2602 0.01105395687551508 0.5529739946554164
2603 0.01105400805204842 0.552974569790577
2604 0.01105396718845505 0.5529741775490165
2605 0.01105401829169956 0.5529747560751461
2606 0.01105397693053829 0.5529743627158515
2607 0.01105402694421953 0.5529749338086252
2608 0.01105398516578513 0.5529745400916051
2609 0.01105403515641159 0.5529751141506662
2610 0.01105399396214189 0.5529747302418341
2611 0.01105404377867785 0.5529753057739487
2612 0.01105400157351234 0.5529749150270591
2613 0.01105405051377011 0.5529754851630697
2614 0.01105400795037996 0.5529750936873764
2615 0.01105405780617215 0.5529756765423426
2616 0.0110540151846768 0.5529752869241911
2617 0.01105406394099251 0.5529758614690305
2618 0.01105402068264794 0.5529754689421736
2619 0.01105406910196063 0.5529760424163239
2620 0.01105402587971962 0.5529756525782724
2621 0.01105407418464194 0.5529762271702199
2622 0.01105403031154067 0.5529758329534945
2623 0.01105407836998794 0.5529764076700304
2624 0.01105403466344448 0.5529760174253441
2625 0.01105408241701447 0.552976590723726
2626 0.01105403859258849 0.5529762016085764
2627 0.0110540857952515 0.5529767711343399
2628 0.01105404087212086 0.5529763724075828
2629 0.01105408775045816 0.5529769402711477
2630 0.01105404286122324 0.5529765429011074
2631 0.01105409003665447 0.5529771153061516
2632 0.01105404472553781 0.5529767146715303
2633 0.01105409130572691 0.5529772821866942
2634 0.01105404621648363 0.5529768854987372
2635 0.0110540925956271 0.5529774515043144
2636 0.01105404705515536 0.5529770509833007
2637 0.0110540931392325 0.5529776149973229
2638 0.0110540475088373 0.5529772142448024
2639 0.01105409365624983 0.5529777794746759
2640 0.01105404716099067 0.5529773699950344
2641 0.01105409222416679 0.5529779243795634
2642 0.01105404543133465 0.5529775118911971
2643 0.01105409109431457 0.5529780722164355
2644 0.01105404509091166 0.5529776677064587
2645 0.01105409059606274 0.5529782262222795
2646 0.01105404435929814 0.5529778198831603
2647 0.0110540891863731 0.5529783712903372
2648 0.01105404184386635 0.5529779529401847
2649 0.01105408627822592 0.552978499659874
2650 0.01105403895605899 0.5529780802449956
2651 0.01105408390163291 0.552978631534697
2652 0.01105403686124094 0.5529782141211483
2653 0.01105408203428561 0.5529787670672182
2654 0.01105403449599016 0.5529783437216491
2655 0.01105407868219496 0.5529788855125515
2656 0.01105403076648294 0.5529784570915294
2657 0.0110540744143856 0.5529789912293801
2658 0.01105402685834107 0.5529785650025055
2659 0.01105407159970674 0.5529791090826476
2660 0.01105402411470523 0.5529786816609065
2661 0.01105406858207534 0.5529792217958017
2662 0.01105402038210904 0.5529787856275925
2663 0.01105406397792711 0.5529793148005482
2664 0.01105401620073512 0.5529788811218117
2665 0.01105406007425842 0.5529794104379719
2666 0.01105401195160726 0.5529789708917182
2667 0.01105405573341235 0.5529794975245891
2668 0.01105400707693519 0.552979049833028
2669 0.01105405104778487 0.5529795761991757
2670 0.01105400344196093 0.5529791369986187
2671 0.01105404744515621 0.5529796607273848
2672 0.01105399940000534 0.5529792147951048
2673 0.01105404305811689 0.5529797328918459
2674 0.01105399476019566 0.5529792815084837
2675 0.01105403885104349 0.5529798012878312
2676 0.0110539909934075 0.5529793514752406
2677 0.01105403433133862 0.5529798603376139
2678 0.01105398573296429 0.5529794002697878
2679 0.01105402942923806 0.552979909864022
2680 0.01105398137086802 0.552979451551142
2681 0.0110540257663037 0.5529799654731052
2682 0.01105397767772382 0.5529795036823933
2683 0.01105402153378639 0.5529800089459164
2684 0.01105397354826469 0.5529795455189294
2685 0.01105401754833285 0.552980048645265
2686 0.0110539691312623 0.5529795768356608
2687 0.01105401342242168 0.5529800800304253
2688 0.01105396599292593 0.5529796151967652
2689 0.01105401038680211 0.5529801155128942
2690 0.01105396285993175 0.5529796465727659
2691 0.01105400669749626 0.5529801378822068
2692 0.01105395871896474 0.5529796606365974
2693 0.01105400351024113 0.552980158449707
2694 0.01105395585273173 0.5529796800269259
2695 0.01105400030387873 0.5529801706843752
2696 0.0110539530772615 0.5529796939577779
2697 0.01105399766825489 0.5529801820400454
2698 0.01105395040427919 0.552979700983859
2699 0.01105399548632315 0.5529801908667946
2700 0.01105394812644687 0.5529797047357687
2701 0.01105399309679015 0.552980189870387
2702 0.01105394641709286 0.5529797075202503
2703 0.01105399144967358 0.5529801890834584
2704 0.01105394462420816 0.5529797014203512
2705 0.01105399013800725 0.5529801847667077
2706 0.01105394341532908 0.5529796940589773
2707 0.01105398889982647 0.5529801733498383
2708 0.01105394265382015 0.5529796842403691
2709 0.01105398800336713 0.5529801580145329
2710 0.01105394173634601 0.5529796649618127
2711 0.01105398800858883 0.5529801450267828
2712 0.01105394188904596 0.5529796491940461
2713 0.01105398798516925 0.5529801239335524
2714 0.01105394228500295 0.5529796294524169
2715 0.01105398848819098 0.5529801013342182
2716 0.01105394281405027 0.5529796033062163
2717 0.01105398944828023 0.5529800763563057
2718 0.01105394375881896 0.5529795742567274
2719 0.01105399034240158 0.5529800432970294
2720 0.01105394534293188 0.5529795451901048
2721 0.01105399250352248 0.5529800164150299
2722 0.01105394771216663 0.5529795168534349
2723 0.01105399452724393 0.5529799813360643
2724 0.01105394955201682 0.5529794767291403
2725 0.01105399758879621 0.5529799508433315
2726 0.01105395302431699 0.5529794463677459
2727 0.01105400045676744 0.5529799111026563
2728 0.01105395558130444 0.5529794007804254
2729 0.01105400317564463 0.5529798637308435
2730 0.01105395939771041 0.5529793614538449
2731 0.01105400755996306 0.5529798266338612
2732 0.01105396376424418 0.552979321213824
2733 0.01105401225678795 0.5529797875967306
2734 0.01105396844363694 0.5529792788969443
2735 0.01105401687182167 0.5529797417046286
2736 0.01105397354260698 0.5529792353792362
2737 0.01105402182287021 0.5529796933935948
2738 0.01105397849072294 0.5529791843116407
2739 0.01105402791657161 0.5529796519184994
2740 0.01105398451929388 0.55297913869585
2741 0.01105403372646901 0.5529796018379961
2742 0.01105399114357891 0.5529790953720233
2743 0.01105404056531492 0.552979557678657
2744 0.01105399836675512 0.5529790528578478
2745 0.01105404768367445 0.5529795119526005
2746 0.01105400485049212 0.5529789983252292
2747 0.01105405422501996 0.5529794559219402
2748 0.01105401179736125 0.5529789437850112
2749 0.01105406202488698 0.5529794080990115
2750 0.01105402022547592 0.5529789003737655
2751 0.01105407080743658 0.5529793666094653
2752 0.0110540286902782 0.5529788539625559
2753 0.01105407872147842 0.5529793129812073
2754 0.01105403744035822 0.5529788076736134
2755 0.01105408786700512 0.5529792682541247
2756 0.01105404628242307 0.5529787580578817
2757 0.01105409668229861 0.5529792174076362
2758 0.01105405508918214 0.5529787054647111
2759 0.01105410591333806 0.5529791677165381
2760 0.01105406434505535 0.5529786542059527
2761 0.01105411567576279 0.5529791207469447
2762 0.01105407510066849 0.5529786166714571
2763 0.01105412644923578 0.5529790819634961
2764 0.01105408565680459 0.5529785750478706
2765 0.01105413630244986 0.5529790322914191
2766 0.01105409524626104 0.5529785217405202
2767 0.01105414699427934 0.552978989533641
2768 0.01105410621868384 0.5529784802470931
2769 0.01105415781142102 0.5529789460497261
2770 0.01105411743261103 0.5529784411053947
2771 0.01105416904106207 0.5529789062385203
2772 0.01105412863644732 0.552978400459337
2773 0.01105418016855876 0.5529788644608927
2774 0.01105413963025011 0.5529783569008246
2775 0.01105419197519816 0.5529788293368185
2776 0.01105415160920677 0.5529783229731133
2777 0.01105420337072154 0.5529787894092166
2778 0.01105416315507464 0.5529782852009307
2779 0.01105421503276632 0.5529787524099947
2780 0.01105417468115085 0.5529782465287901
2781 0.01105422698583808 0.5529787186298982
2782 0.01105418718134811 0.5529782187142781
2783 0.01105423947425462 0.5529786908564324
2784 0.01105419955338429 0.5529781904978256
2785 0.01105425132933765 0.5529786578017569
2786 0.01105421090458932 0.5529781525719342
2787 0.01105426338374509 0.5529786278386027
2788 0.01105422380756197 0.5529781317059388
2789 0.01105427629640872 0.5529786075633053
2790 0.01105423642901484 0.5529781098137247
2791 0.01105428835425441 0.5529785809311316
2792 0.01105424810969691 0.5529780800226815
2793 0.01105430063191673 0.5529785581972203
2794 0.01105426091590584 0.5529780633885865
2795 0.01105431349694108 0.5529785432494921
2796 0.01105427321976304 0.5529780440597966
2797 0.01105432542303547 0.5529785215332472
2798 0.01105428613081393 0.5529780342166508
2799 0.01105433846062151 0.552978513502539
2800 0.0110542982738186 0.5529780182535136
2801 0.01105435000693609 0.5529784933295172
2802 0.01105430978874583 0.5529779990142171
2803 0.01105436256598749 0.5529784862896786
2804 0.01105432253195179 0.5529779948905896
2805 0.01105437493442895 0.5529784802256642
2806 0.01105433509394264 0.5529779934100021
2807 0.01105438729264719 0.5529784780457003
2808 0.01105434741653564 0.5529779926491809
2809 0.01105439935246465 0.5529784763609432
2810 0.01105435886285013 0.5529779864215947
2811 0.01105441115155814 0.5529784759441037
2812 0.01105437120662368 0.5529779933399032
2813 0.01105442305929844 0.5529784801368981
2814 0.01105438235662071 0.5529779920397782
2815 0.01105443400539593 0.5529784787378674
2816 0.01105439371009379 0.552977996755234
2817 0.01105444604625699 0.5529784925023999
2818 0.01105440579738422 0.5529780130858278
2819 0.0110544580116975 0.5529785103929478
2820 0.01105441720057601 0.5529780276569147
2821 0.01105446858568222 0.5529785186080768
2822 0.01105442805017545 0.5529780412075631
2823 0.011054479648266 0.5529785360253312
2824 0.01105443866866911 0.5529780561430775
2825 0.01105449032036596 0.5529785543775806
2826 0.01105444969102672 0.5529780806032456
2827 0.01105450113876129 0.552978578860586
2828 0.01105445982244747 0.5529781004859305
2829 0.01105451126081141 0.5529786014482042
2830 0.01105447038999784 0.5529781300312915
2831 0.01105452179190612 0.5529786327597107
2832 0.01105448086903659 0.5529781637500706
2833 0.01105453185096301 0.5529786648396514
2834 0.01105449018930706 0.5529781907176822
2835 0.01105454092367808 0.5529786917195432
2836 0.01105449922781733 0.5529782193615035
2837 0.01105455047322224 0.5529787282234677
2838 0.01105450928046836 0.5529782637391215
2839 0.01105456027663005 0.5529787726083351
2840 0.01105451864262996 0.5529783066532562
2841 0.01105456881068576 0.5529788095403421
2842 0.01105452671099147 0.5529783412627601
2843 0.01105457776982554 0.5529788560802867
2844 0.01105453552560299 0.5529783880704706
2845 0.01105458596308834 0.5529788992155594
2846 0.01105454404626502 0.5529784381144307
2847 0.01105459440559137 0.5529789505908318
2848 0.01105455258936958 0.5529784931514207
2849 0.01105460259309934 0.5529790045811718
2850 0.01105455983305925 0.5529785399750553
2851 0.01105460950489709 0.5529790505894908
2852 0.01105456678459124 0.5529785884372599
2853 0.01105461696500455 0.5529791068103758
2854 0.01105457458131364 0.5529786506144947
2855 0.01105462467344459 0.5529791706489432
2856 0.01105458163384802 0.5529787104466253
2857 0.01105463111350338 0.5529792267854818
2858 0.01105458856876266 0.5529787743500447
2859 0.01105463798220241 0.5529792918572843
2860 0.01105459468852921 0.5529788338828798
2861 0.01105464413203854 0.5529793547421217
2862 0.01105460072787862 0.5529788975976493
2863 0.01105464996621984 0.5529794184487431
2864 0.01105460729025399 0.5529789716767179
2865 0.01105465643644441 0.5529794934856525
2866 0.01105461275171528 0.5529790386178004
2867 0.01105466124476156 0.552979556224872
2868 0.01105461736282926 0.5529791011294212
2869 0.01105466661853399 0.5529796286918628
2870 0.01105462307075713 0.552979178799329
2871 0.01105467208346115 0.5529797061299702
2872 0.01105462814727176 0.5529792548300332
2873 0.0110546766891857 0.5529797793538515
2874 0.01105463307186447 0.5529793334671519
2875 0.01105468149948371 0.5529798583182176
2876 0.01105463711617224 0.5529794063838654
2877 0.01105468536399916 0.552979931586807
2878 0.01105464098055365 0.5529794811240518
2879 0.01105468955487636 0.5529800115866658
2880 0.01105464501648794 0.5529795610038526
2881 0.01105469314552575 0.5529800885084034
2882 0.01105464890989423 0.5529796433011949
2883 0.01105469691405321 0.5529801707221819
2884 0.01105465231952084 0.5529797233497658
2885 0.01105470055274956 0.5529802551208541
2886 0.01105465568784691 0.5529798060989249
2887 0.01105470351371751 0.5529803351006521
2888 0.0110546588790773 0.5529798902426569
2889 0.01105470643324349 0.5529804173646361
2890 0.01105466145936169 0.5529799702896022
2891 0.01105470942494063 0.5529805033126904
2892 0.01105466426324244 0.5529800550680019
2893 0.01105471184011181 0.5529805852240165
2894 0.01105466690142022 0.5529801408861292
2895 0.01105471429185912 0.5529806698216958
2896 0.01105466902292222 0.5529802230008751
2897 0.0110547166616522 0.5529807558382003
2898 0.01105467102433816 0.5529803056777818
2899 0.01105471835808605 0.5529808362505557
2900 0.01105467327894636 0.5529803931139102
2901 0.01105472051414252 0.5529809229364211
2902 0.01105467502259991 0.5529804762734396
2903 0.01105472233802776 0.5529810080763767
2904 0.01105467664047701 0.5529805595885493
2905 0.01105472368375151 0.552981089001347
2906 0.01105467847664111 0.5529806464529076
2907 0.01105472543066218 0.5529811750671243
2908 0.01105467973500827 0.5529807279608114
2909 0.01105472646494553 0.5529812548310118
2910 0.01105468041960542 0.552980804037734
2911 0.01105472743228756 0.5529813340860704
2912 0.01105468192763099 0.552980888948829
2913 0.01105472889167476 0.55298141849421
2914 0.01105468278257027 0.552980967394658
2915 0.0110547295888644 0.5529814957731074
2916 0.01105468376370025 0.5529810473928372
2917 0.01105473069399445 0.5529815765598965
2918 0.01105468477994723 0.5529811273198733
2919 0.01105473111726571 0.5529816502572777
2920 0.01105468495762218 0.5529811983862171
2921 0.01105473211010664 0.5529817296741067
2922 0.01105468577094662 0.5529812748033327
2923 0.01105473252131844 0.552981801720993
2924 0.01105468668226941 0.5529813524305697
2925 0.0110547333649032 0.5529818777569213
2926 0.01105468764085408 0.5529814292776501
2927 0.0110547340141556 0.5529819509323217
2928 0.01105468748713046 0.552981493533337
2929 0.01105473362514199 0.5529820121093891
2930 0.01105468702281003 0.5529815525737044
2931 0.01105473394880895 0.5529820786584604
2932 0.01105468830432191 0.5529816282640491
2933 0.01105473515437855 0.5529821525873791
2934 0.01105468905552244 0.5529816972925055
2935 0.01105473501794297 0.5529822116782528
2936 0.0110546885398363 0.5529817513980027
2937 0.01105473566924582 0.5529822769846043
2938 0.01105468941751961 0.5529818171318196
2939 0.01105473588551503 0.5529823349705505
2940 0.01105468898341968 0.5529818678476802
2941 0.01105473545874127 0.5529823845118322
2942 0.01105468974614718 0.5529819284387522
2943 0.0110547360607718 0.5529824413305691
2944 0.01105468987673055 0.552981979480121
2945 0.0110547367215512 0.5529824974795956
2946 0.01105469051719092 0.5529820335637996
2947 0.0110547375014525 0.5529825517580388
2948 0.01105469100347228 0.5529820835369975
2949 0.01105473721673708 0.5529825923719888
2950 0.01105469050728606 0.5529821204713471
2951 0.01105473672361725 0.5529826271997218
2952 0.01105469083638524 0.5529821623141585
2953 0.01105473804851794 0.5529826777885959
2954 0.01105469214817408 0.5529822110661522
2955 0.01105473893312417 0.5529827211885933
2956 0.01105469215963751 0.5529822439883789
2957 0.01105473862990319 0.552982749184901
2958 0.01105469310120517 0.5529822833104581
2959 0.01105473983009571 0.552982788609198
2960 0.01105469386234705 0.5529823167474537
2961 0.01105474027584616 0.5529828177159514
2962 0.01105469387872767 0.5529823394452857
2963 0.01105474048284516 0.5529828404076483
2964 0.01105469441957276 0.5529823633050007
2965 0.01105474186771922 0.5529828715905372
2966 0.01105469588936944 0.5529823933979026
2967 0.01105474270323949 0.5529828934324303
2968 0.01105469634334242 0.5529824098942182
2969 0.01105474301221659 0.5529829062387994
2970 0.01105469745245964 0.5529824291060985
2971 0.01105474415540021 0.5529829232981482
2972 0.01105469838565854 0.5529824422596972
2973 0.01105474579008494 0.5529829426049401
2974 0.01105470007237445 0.5529824597617412
2975 0.01105474759423607 0.5529829596760909
2976 0.01105470157295922 0.5529824719759393
2977 0.01105474834410299 0.5529829622508896
2978 0.01105470213233798 0.5529824706015481
2979 0.01105474886248871 0.552982957835964
2980 0.0110547035459248 0.5529824736265951
2981 0.01105475145716612 0.5529829711623879
2982 0.01105470617784897 0.5529824852404309
2983 0.01105475363858033 0.5529829769519893
2984 0.01105470750999734 0.5529824806071741
2985 0.01105475467486915 0.5529829673258034
2986 0.01105470979389175 0.5529824820958749
2987 0.01105475726574392 0.5529829692264101
2988 0.01105471197650452 0.5529824781519141
2989 0.01105475918309368 0.5529829613609432
2990 0.01105471351436982 0.552982464294081
2991 0.01105476098558911 0.5529829482228694
2992 0.01105471570678648 0.552982452877458
2993 0.01105476232484758 0.5529829598464168
2994 0.01105472117756333 0.5529824239134326
2995 0.01105476313852646 0.552982942482059
2996 0.0110547238918232 0.5529824098740992
2997 0.01105476606839074 0.5529829312553909
2998 0.01105472659774545 0.5529823930288625
2999 0.0110547686380039 0.5529829128998777
3000 0.01105472984817749 0.5529823799820375
3001 0.01105477194700503 0.5529828979866435
3002 0.01105473301023723 0.5529823618110086
3003 0.01105477499071943 0.5529828771497096
3004 0.01105473602592401 0.5529823389457579
3005 0.01105477830576626 0.5529828555207341
3006 0.01105473918667402 0.5529823142229582
3007 0.01105478132993425 0.5529828277786679
3008 0.01105474273510617 0.5529822909154641
3009 0.01105478533697945 0.5529828071542403
3010 0.0110547471149968 0.5529822727975754
3011 0.01105478941045385 0.552982784888403
3012 0.01105475055241854 0.5529822427211972
3013 0.01105479278824943 0.5529827530794371
3014 0.01105475365410872 0.552982205811448
3015 0.01105479631562192 0.552982719412301
3016 0.01105475856535878 0.5529821853009571
3017 0.01105480126246676 0.5529826971811576
3018 0.01105476272035647 0.5529821545884145
3019 0.01105480562931924 0.5529826683426924
3020 0.01105476716955569 0.5529821245492379
3021 0.01105481002177729 0.5529826366336948
3022 0.01105477177409878 0.5529820941953778
3023 0.01105481498713611 0.5529826089546681
3024 0.0110547767725803 0.5529820658296534
3025 0.01105481910618902 0.5529825704995746
3026 0.01105478067418664 0.5529820245902368
3027 0.01105482419186204 0.5529825402649973
3028 0.01105478622898563 0.5529819973360617
3029 0.01105482949286172 0.5529825101638777
3030 0.01105479169200263 0.5529819690439487
3031 0.01105483480062421 0.5529824791382072
3032 0.01105479679736628 0.5529819352520331
3033 0.01105484015593199 0.5529824473666024
3034 0.01105480209493996 0.5529819018037487
3035 0.01105484508020464 0.5529824095719329
3036 0.01105480741813031 0.5529818680313611
3037 0.01105485123177033 0.5529823833636545
3038 0.01105481366912228 0.5529818419746844
3039 0.01105485729327717 0.552982355664647
3040 0.01105481904295089 0.552981806838333
3041 0.0110548624156907 0.5529823178093713
3042 0.0110548254172889 0.5529817816985698
3043 0.0110548690569286 0.5529822938786959
3044 0.01105483141817725 0.5529817515005374
3045 0.0110548744750715 0.5529822580993968
3046 0.01105483681112045 0.5529817151218734
3047 0.01105488104705404 0.552982233594998
3048 0.01105484334199657 0.5529816889240469
3049 0.01105488722437243 0.5529822046933811
3050 0.01105485012495018 0.5529816670998337
3051 0.01105489400439103 0.5529821819683794
3052 0.01105485702425228 0.5529816461504139
3053 0.01105490064982606 0.552982158501801
3054 0.01105486290390774 0.552981614956596
3055 0.01105490639971662 0.5529821262753336
3056 0.01105486884880244 0.5529815842854457
3057 0.01105491308576774 0.5529821035315681
3058 0.01105487625197869 0.5529815690356058
3059 0.01105492047724439 0.5529820885379885
3060 0.01105488336317709 0.5529815522536504
3061 0.01105492696161023 0.5529820656842459
3062 0.01105488931589873 0.5529815242672297
3063 0.0110549335927917 0.5529820452038436
3064 0.01105489679133828 0.5529815122748957
3065 0.01105494105438163 0.5529820335308897
3066 0.0110549039758548 0.5529814991380658
3067 0.01105494761917399 0.5529820147042727
3068 0.01105491021516006 0.5529814775758753
3069 0.0110549546612435 0.5529820019657874
3070 0.01105491764144767 0.552981468623247
3071 0.01105496193130983 0.5529819924837667
3072 0.01105492477031218 0.5529814590712493
3073 0.0110549689275994 0.5529819823384547
3074 0.01105493190581589 0.5529814511337205
3075 0.01105497595397966 0.552981973848242
3076 0.01105493892512546 0.5529814436923104
3077 0.01105498280049657 0.5529819652363182
3078 0.01105494552936774 0.5529814334347274
3079 0.01105499004178118 0.5529819628543857
3080 0.01105495267008282 0.5529814301571961
3081 0.01105499695158619 0.5529819587450598
3082 0.01105496021343782 0.5529814341702021
3083 0.01105500447661807 0.5529819628254532
3084 0.01105496766776057 0.5529814391251405
3085 0.01105501160377292 0.552981965599982
3086 0.01105497417272014 0.5529814365859591
3087 0.01105501806327811 0.5529819637525727
3088 0.01105498045694826 0.5529814333349573
3089 0.01105502492959794 0.5529819680166205
3090 0.01105498833413958 0.5529814490940007
3091 0.01105503273127933 0.5529819838680946
3092 0.01105499566267933 0.5529814622080279
3093 0.01105503917635797 0.5529819891937153
3094 0.01105500172802325 0.5529814649697339
3095 0.01105504627859394 0.552982003778394
3096 0.01105500867904979 0.5529814779006647
3097 0.01105505277217822 0.5529820141983031
3098 0.01105501580818949 0.5529814970129463
3099 0.01105505992949393 0.5529820340057743
3100 0.01105502305130813 0.5529815195270004
3101 0.01105506683590947 0.5529820544194884
3102 0.01105502908193788 0.5529815323358881
3103 0.01105507261361741 0.5529820660642639
3104 0.01105503493038782 0.5529815454158548
3105 0.011055079139404 0.5529820875445728
3106 0.01105504215297662 0.5529815752654506
3107 0.01105508626985972 0.5529821178690464
3108 0.01105504890238775 0.552981603837486
3109 0.01105509223331174 0.5529821397072884
3110 0.01105505441732784 0.5529816225081099
3111 0.01105509858818912 0.5529821684050156
3112 0.0110550608051607 0.5529816517897708
3113 0.01105510458216942 0.5529821956391492
3114 0.0110550671780987 0.5529816851357927
3115 0.01105511086148352 0.5529822287871256
3116 0.01105507344164936 0.5529817198726689
3117 0.01105511685280036 0.5529822620716908
3118 0.01105507887557454 0.5529817488529268
3119 0.0110551220003725 0.5529822894419758
3120 0.01105508382483057 0.5529817751269791
3121 0.01105512767841617 0.5529823248500204
3122 0.01105509026687173 0.5529818194002095
3123 0.01105513393262519 0.552982368558813
3124 0.01105509603224478 0.5529818603043661
3125 0.0110551389013406 0.5529824026215476
3126 0.01105510057649308 0.5529818913269847
3127 0.01105514431180206 0.5529824438678147
3128 0.01105510585459226 0.5529819313024892
3129 0.0110551491524997 0.5529824813888505
3130 0.01105511128923473 0.5529819770566775
3131 0.01105515454960137 0.5529825272194075
3132 0.01105511670929243 0.5529820249362538
3133 0.01105515958834598 0.5529825724630352
3134 0.01105512085320336 0.5529820622710752
3135 0.01105516343309823 0.5529826080121065
3136 0.01105512464185656 0.5529820977717986
3137 0.01105516793726683 0.5529826522275595
3138 0.01105512999444107 0.552982151702927
3139 0.01105517315344519 0.5529827058808596
3140 0.01105513470469477 0.5529822022345235
3141 0.01105517694964523 0.5529827481643702
3142 0.0110551380576217 0.5529822411249501
3143 0.01105518149504522 0.5529828004816516
3144 0.01105514278150016 0.5529822952285881
3145 0.01105518554567273 0.5529828494858027
3146 0.01105514638426741 0.5529823413764482
3147 0.01105518865583656 0.5529828911755078
3148 0.01105514961739918 0.552982385160227
3149 0.01105519217051128 0.5529829383471138
3150 0.01105515365288371 0.5529824389899771
3151 0.01105519608583748 0.5529829916838732
3152 0.01105515691325019 0.5529824867937106
3153 0.01105519926028449 0.552983040040151
3154 0.01105516027133258 0.5529825374887662
3155 0.01105520240416861 0.5529830891095445
3156 0.01105516309545465 0.55298258437888
3157 0.01105520566385122 0.5529831415573867
3158 0.01105516598361784 0.5529826329844605
3159 0.01105520817690663 0.5529831875883953
3160 0.011055169184478 0.5529826873149556
3161 0.01105521138990818 0.5529832418883256
3162 0.01105517239569589 0.5529827429006261
3163 0.0110552142112157 0.5529832942708224
3164 0.01105517447782947 0.5529827884004619
3165 0.01105521614316685 0.5529833389166281
3166 0.01105517618822126 0.5529828305974633
3167 0.01105521805767823 0.5529833838396615
3168 0.01105517906776889 0.5529828861334208
3169 0.0110552208969825 0.5529834389272307
3170 0.01105518109262212 0.5529829339480891
3171 0.01105522304480752 0.5529834892308574
3172 0.01105518314595502 0.5529829828380166
3173 0.01105522481937804 0.5529835356786158
3174 0.01105518515802379 0.5529830324839882
3175 0.01105522662512913 0.5529835831064489
3176 0.01105518664973535 0.5529830772322398
3177 0.01105522868435253 0.5529836344073212
3178 0.01105518853576676 0.5529831262115813
3179 0.01105522988615477 0.5529836769048705
3180 0.01105519005278217 0.5529831728081056
3181 0.01105523141162164 0.5529837228950049
3182 0.01105519134315947 0.5529832166696813
3183 0.01105523307057865 0.5529837711645481
3184 0.01105519282474276 0.5529832626653692
3185 0.01105523417429729 0.5529838136655154
3186 0.01105519424914452 0.5529833089309261
3187 0.01105523537071568 0.5529838568954323
3188 0.01105519510950934 0.5529833489883714
3189 0.01105523671066321 0.5529839022604907
3190 0.01105519637940798 0.5529833928657358
3191 0.01105523762528579 0.5529839427226013
3192 0.01105519750997979 0.5529834359202457
3193 0.01105523857904959 0.5529839832694907
3194 0.01105519817294482 0.5529834734699859
3195 0.01105523972839515 0.5529840260253499
3196 0.01105519893179121 0.5529835111335223
3197 0.01105524010366684 0.5529840600697612
3198 0.01105520007146606 0.5529835532615228
3199 0.01105524134101497 0.5529841019884898
3200 0.01105520132875867 0.5529835956963933
3201 0.01105524225788165 0.5529841407853502
3202 0.0110552017994235 0.5529836297482519
3203 0.01105524263843897 0.5529841734973782
3204 0.01105520185949761 0.5529836582064702
3205 0.01105524254387926 0.5529841998896976
3206 0.01105520216231737 0.5529836882109316
3207 0.01105524407317984 0.552984242268981
3208 0.0110552036417344 0.5529837289782703
3209 0.01105524456849468 0.5529842731355278
3210 0.01105520411539995 0.552983760046266
3211 0.0110552450090311 0.5529843024122808
3212 0.01105520442141321 0.5529837872018292
3213 0.01105524568573324 0.5529843331453216
3214 0.01105520489082039 0.5529838146970817
3215 0.01105524590785157 0.5529843579080493
3216 0.01105520582256575 0.5529838465630981
3217 0.01105524650567803 0.5529843846351614
3218 0.01105520594943474 0.5529838683724194
3219 0.01105524733222106 0.5529844134955981
3220 0.01105520689030875 0.552983896790699
3221 0.01105524841933161 0.5529844432979164
3222 0.0110552076817863 0.5529839229677385
3223 0.01105524841077711 0.5529844606252778
3224 0.01105520744125153 0.5529839371747388
3225 0.01105524804353054 0.5529844719641354
3226 0.01105520788880518 0.5529839563143992
3227 0.01105524965295713 0.5529845019939976
3228 0.01105520947740355 0.552983985134227
3229 0.01105525073369122 0.5529845258194167
3230 0.01105520965360718 0.552983998937835
3231 0.0110552505617454 0.5529845352820393
3232 0.01105521064590141 0.55298401947113
3233 0.01105525177706646 0.5529845559960425
3234 0.01105521113399103 0.5529840323670036
3235 0.01105525234327874 0.5529845698013036
3236 0.01105521176595495 0.5529840452571461
3237 0.01105525289695377 0.5529845808384524
3238 0.0110552128856082 0.5529840615759112
3239 0.01105525377467826 0.5529845930898681
3240 0.01105521342106616 0.5529840698857709
3241 0.011055255051157 0.5529846085865585
3242 0.01105521480158027 0.5529840846627117
3243 0.01105525653927715 0.5529846241594681
3244 0.0110552160096935 0.5529840965779187
3245 0.0110552571085844 0.5529846286951465
3246 0.01105521653171552 0.552984099727037
3247 0.01105525749415866 0.5529846287367166
3248 0.01105521726489457 0.5529841024680241
3249 0.01105525953450737 0.5529846441473221
3250 0.01105521947204744 0.5529841180999893
3251 0.01105526102935681 0.5529846523613858
3252 0.01105522051764086 0.5529841213398614
3253 0.01105526175824709 0.5529846509418777
3254 0.01105522159705437 0.5529841223768897
3255 0.01105526296014893 0.5529846516897867
3256 0.01105522303929532 0.5529841250372413
3257 0.01105526427104572 0.5529846517902991
3258 0.01105522431414932 0.5529841240390797
3259 0.0110552664263694 0.5529846592904637
3260 0.01105522655045415 0.5529841306737542
3261 0.01105526833323575 0.5529846622069156
3262 0.01105522804829216 0.5529841287654959
3263 0.01105526956151885 0.552984656515825
3264 0.01105523020391999 0.5529841319431985
3265 0.01105527192168661 0.5529846599491383
3266 0.01105523200155178 0.5529841290977755
3267 0.01105527349675633 0.5529846545360125
3268 0.01105523372887233 0.552984124047872
3269 0.01105527561370494 0.5529846523903802
3270 0.01105523518243654 0.5529841135304511
3271 0.01105527697768864 0.5529846408156651
3272 0.01105523805814557 0.5529841169149742
3273 0.01105528019720888 0.5529846457057815
3274 0.01105524040785339 0.5529841126710411
3275 0.011055282164918 0.5529846376553612
3276 0.01105524230210902 0.5529841025477712
3277 0.01105528453588911 0.5529846314466498
3278 0.01105524477139839 0.5529840960187912
3279 0.01105528685485241 0.5529846228992155
3280 0.01105524777640565 0.552984094416466
3281 0.01105528970936408 0.5529846181890914
3282 0.01105524997114799 0.5529840824812922
3283 0.01105529230877148 0.552984610264449
3284 0.01105525273113578 0.5529840745981314
3285 0.01105529496100607 0.5529846006983621
3286 0.01105525572528066 0.5529840683205852
3287 0.0110552978141776 0.5529845918494105
3288 0.01105525833062954 0.552984056468494
3289 0.01105530110559774 0.5529845867882152
3290 0.01105526160416692 0.5529840497996321
3291 0.01105530373451795 0.5529845731870637
3292 0.01105526453311464 0.5529840393562179
3293 0.011055306672669 0.5529845613303923
3294 0.01105526739915458 0.5529840262778727
3295 0.01105531024047749 0.5529845553301064
3296 0.01105527090649368 0.5529840184185026
3297 0.01105531336547989 0.552984543516032
3298 0.01105527435956118 0.5529840099947076
3299 0.01105531678130003 0.5529845335197131
3300 0.01105527756247996 0.5529839974478927
3301 0.01105532029110645 0.5529845239945901
3302 0.01105528087591389 0.5529839848917484
3303 0.01105532342014018 0.5529845094227502
3304 0.01105528491077304 0.552983979703858
3305 0.01105532752131263 0.552984503635403
3306 0.01105528826410286 0.5529839661880223
3307 0.01105533077198574 0.5529844893527545
3308 0.01105529161174554 0.5529839519728422
3309 0.01105533438830162 0.5529844774423996
3310 0.01105529601462557 0.5529839481053265
3311 0.01105533874334583 0.5529844724747948
3312 0.01105529960011914 0.5529839354191531
3313 0.01105534206635105 0.5529844572295242
3314 0.01105530248944464 0.5529839146098239
3315 0.0110553454944323 0.5529844419750092
3316 0.01105530715917168 0.5529839116869999
3317 0.01105535030887172 0.5529844399118704
3318 0.01105531173566158 0.5529839080396599
3319 0.01105535422216288 0.5529844295607014
3320 0.01105531494784475 0.5529838902982247
3321 0.01105535827853382 0.552984420566574
3322 0.01105531939373403 0.5529838840836071
3323 0.01105536244621633 0.5529844118377161
3324 0.01105532338666528 0.5529838741187919
3325 0.01105536608407124 0.5529843979297515
3326 0.01105532716515585 0.5529838616101118
3327 0.01105537014000977 0.5529843878373939
3328 0.01105533181258267 0.5529838579399632
3329 0.01105537476489776 0.5529843836919045
3330 0.0110553359498151 0.5529838491247194
3331 0.01105537842393198 0.5529843702741534
3332 0.01105533961930156 0.5529838357823271
3333 0.01105538322145518 0.5529843687046408
3334 0.01105534419442898 0.5529838309718678
3335 0.01105538725046591 0.5529843593772165
3336 0.01105534879369084 0.5529838285037016
3337 0.01105539187708217 0.5529843563518176
3338 0.01105535354870444 0.5529838274425258
3339 0.01105539635509039 0.5529843526990074
3340 0.01105535724796633 0.5529838160504187
3341 0.01105539983817767 0.5529843394349689
3342 0.0110553606214203 0.5529838011202215
3343 0.01105540406163321 0.5529843337801644
3344 0.01105536598959113 0.5529838073098845
3345 0.01105540935442334 0.5529843392994568
3346 0.01105537073959378 0.5529838086356105
3347 0.01105541321696368 0.5529843319574015
3348 0.01105537421464939 0.5529837976616611
3349 0.01105541785225935 0.5529843332281564
3350 0.01105537910626176 0.5529838007675943
3351 0.01105542205788196 0.5529843303262845
3352 0.01105538271030548 0.5529837926583122
3353 0.01105542569878279 0.5529843228570679
3354 0.01105538756166579 0.552983798031931
3355 0.01105543037744304 0.5529843257104199
3356 0.0110553916158021 0.5529837958535059
3357 0.01105543493875226 0.5529843300666747
3358 0.01105539620132608 0.5529838000107486
3359 0.01105543965633196 0.5529843365488616
3360 0.01105540063773843 0.5529838041519908
3361 0.01105544328579481 0.5529843330256575
3362 0.01105540401704566 0.5529837986699876
3363 0.01105544656043711 0.5529843262049468
3364 0.01105540810202743 0.5529838009854736
3365 0.01105545175084637 0.5529843401723145
3366 0.01105541321431294 0.552983814544075
3367 0.01105545630924372 0.5529843496956097
3368 0.01105541687213549 0.5529838155059347
3369 0.01105545957703444 0.5529843472738286
3370 0.01105542132507043 0.5529838259174719
3371 0.0110554642898981 0.5529843597656622
3372 0.01105542548138218 0.5529838340149446
3373 0.01105546808590071 0.5529843655010405
3374 0.01105542884604831 0.5529838355736241
3375 0.01105547161576995 0.5529843692544278
3376 0.01105543267189907 0.5529838425529483
3377 0.01105547602806436 0.5529843832710366
3378 0.01105543702686956 0.5529838564049109
3379 0.01105547982133711 0.5529843923320396
3380 0.0110554404252515 0.5529838623997513
3381 0.01105548320730328 0.5529843986138741
3382 0.01105544496359156 0.552983881484173
3383 0.01105548785619494 0.5529844187340748
3384 0.01105544864172763 0.5529838928805504
3385 0.01105549097424274 0.5529844258192999
3386 0.0110554515340205 0.5529838977343059
3387 0.01105549461660831 0.5529844389953286
3388 0.01105545521751273 0.5529839111380227
3389 0.01105549807973037 0.5529844514058506
3390 0.01105545936382731 0.5529839320833729
3391 0.01105550218097071 0.552984471806297
3392 0.01105546334618393 0.5529839525631945
3393 0.01105550576732576 0.552984489037439
3394 0.01105546650123516 0.5529839661804564
3395 0.01105550885160094 0.5529845025703891
3396 0.01105546928765233 0.5529839768181637
3397 0.011055511511278 0.5529845125815148
3398 0.01105547221792567 0.5529839902195119
3399 0.01105551529032955 0.5529845355416515
3400 0.01105547639616851 0.5529840177435446
3401 0.01105551912947192 0.5529845605720337
3402 0.0110554796748805 0.5529840383359546
3403 0.01105552203331327 0.5529845780986848
3404 0.01105548199912869 0.5529840500282172
3405 0.01105552450268954 0.5529845920972472
3406 0.01105548550323912 0.5529840751923575
3407 0.01105552815773095 0.5529846188803443
3408 0.01105548918408399 0.5529841038664843
3409 0.01105553137677251 0.5529846436905935
3410 0.01105549148363486 0.5529841199055439
3411 0.01105553338788785 0.5529846573318175
3412 0.01105549333484358 0.5529841316972541
3413 0.01105553605342716 0.5529846783921774
3414 0.01105549712647435 0.5529841647675169
3415 0.01105553975808712 0.5529847110235302
3416 0.01105550026766737 0.5529841932836643
3417 0.01105554195693947 0.552984730573321
3418 0.0110555020481199 0.5529842091325449
3419 0.01105554483578074 0.5529847582462145
3420 0.01105550509508991 0.5529842379028392
3421 0.01105554710276322 0.5529847801510719
3422 0.01105550741011365 0.5529842618716788
3423 0.01105554940974849 0.5529848038541884
3424 0.01105550958570222 0.5529842846389508
3425 0.01105555241782103 0.5529848362236253
3426 0.01105551259679028 0.5529843169415194
3427 0.01105555453164101 0.5529848602585459
3428 0.01105551425569271 0.5529843373202912
3429 0.01105555603065631 0.5529848789317464
3430 0.01105551641372764 0.5529843632129134
3431 0.01105555864408997 0.5529849094615962
3432 0.01105551893834648 0.5529843935661678
3433 0.01105556103758795 0.5529849395276137
3434 0.01105552113562018 0.552984422086869
3435 0.01105556267008019 0.5529849624151927
3436 0.01105552260313658 0.552984443864061
3437 0.01105556492382286 0.5529849926778293
3438 0.01105552492715624 0.552984474488471
3439 0.01105556685931321 0.5529850202444062
3440 0.01105552692331632 0.5529845036889538
3441 0.01105556868193108 0.5529850475551586
3442 0.01105552848954539 0.5529845286924481
3443 0.01105557088564974 0.5529850798569351
3444 0.0110555306873941 0.5529845606307306
3445 0.01105557231274099 0.5529851044876417
3446 0.01105553175954126 0.5529845823003307
3447 0.0110555732071688 0.5529851240419157
3448 0.01105553327848349 0.5529846086228928
3449 0.01105557553921502 0.5529851586330964
3450 0.01105553557849009 0.5529846430812496
3451 0.01105557753334397 0.552985191015963
3452 0.01105553675222148 0.5529846672164492
3453 0.01105557824157649 0.5529852107069868
3454 0.01105553869254188 0.5529846999802225
3455 0.01105558045949619 0.552985245239765
3456 0.01105554004583104 0.5529847263436998
3457 0.01105558130939615 0.5529852674236507
3458 0.01105554066764611 0.5529847458166359
3459 0.01105558268889822 0.5529852947606112
3460 0.01105554207584153 0.5529847726049344
3461 0.0110555838439557 0.552985319611889
3462 0.01105554392431188 0.552984805460863
3463 0.01105558566234097 0.5529853514410882
3464 0.01105554559989932 0.5529848364644073
3465 0.01105558693830979 0.5529853785046877
3466 0.01105554618971847 0.552984856447398
3467 0.01105558769538236 0.5529854003857035
3468 0.01105554689012585 0.552984876855863
3469 0.01105558854668759 0.552985422604932
3470 0.01105554856949295 0.5529849078368985
3471 0.01105559026667296 0.5529854534356915
3472 0.01105554993573542 0.5529849356194234
3473 0.01105559123414594 0.5529854773205012
3474 0.01105555054520585 0.5529849555992226
3475 0.01105559264358872 0.5529855057218301
3476 0.01105555208889784 0.5529849844489867
3477 0.01105559342764106 0.5529855270190919
3478 0.01105555251692868 0.5529850025305499
3479 0.01105559372679481 0.5529855431349796
3480 0.01105555345915891 0.5529850250918594
3481 0.01105559512953481 0.5529855697286257
3482 0.01105555477978955 0.5529850509090763
3483 0.01105559638349172 0.5529855953005475
3484 0.01105555603407869 0.5529850763591443
3485 0.01105559731979335 0.5529856171574075
3486 0.01105555666299851 0.5529850949789789
3487 0.01105559774533291 0.5529856332052687
3488 0.0110555569732221 0.5529851093483589
3489 0.01105559913474164 0.5529856588916359
3490 0.01105555864238827 0.5529851369271552
3491 0.01105560004642362 0.5529856788772497
3492 0.01105555910858981 0.5529851527227353
3493 0.01105560025643302 0.5529856912496316
3494 0.0110555599374577 0.5529851711349871
3495 0.01105560111687785 0.5529857088405437
3496 0.01105556063373897 0.5529851872025299
3497 0.01105560254102533 0.55298573275331
3498 0.01105556201949069 0.5529852096454689
3499 0.01105560352211557 0.5529857511755497
3500 0.01105556272385757 0.552985225179688
3501 0.01105560398119479 0.5529857635981759
3502 0.01105556382940386 0.5529852441060403
3503 0.01105560520283566 0.5529857826894996
3504 0.01105556456608114 0.5529852581385616
3505 0.01105560577678649 0.5529857951065286
3506 0.01105556522101362 0.5529852706868086
3507 0.01105560678452385 0.5529858108158434
3508 0.01105556814539011 0.5529853324469501
3509 0.01105560595102002 0.5529857608940317
3510 0.01105556501295116 0.552985332900263
3511 0.01105560795846564 0.5529857832921058
3512 0.01105556771032786 0.5529853581743364
3513 0.01105560995450484 0.5529858023206905
3514 0.01105556868925495 0.5529853696435746
3515 0.01105561045409589 0.5529858099414434
3516 0.01105556889704925 0.5529853744917668
3517 0.01105561114943185 0.5529858186143417
3518 0.01105557013897859 0.5529853883645045
3519 0.01105561262839382 0.5529858338182808
3520 0.01105557152199666 0.5529854020770141
3521 0.01105561330810765 0.5529858403909869
3522 0.01105557175963749 0.552985402940516
3523 0.01105561408319244 0.5529858468664182
3524 0.01105557317641508 0.5529854148810559
3525 0.01105561567445493 0.5529858598677097
3526 0.0110555740102922 0.5529854201302162
3527 0.01105561606309863 0.552985860283651
3528 0.01105557523798849 0.552985429161724
3529 0.01105561726147958 0.5529858674319481
3530 0.01105557610045999 0.5529854323034099
3531 0.01105561862481197 0.5529858761860723
3532 0.0110555775330295 0.5529854408379019
3533 0.01105562021986838 0.5529858860264623
3534 0.01105557886682742 0.5529854477158673
3535 0.01105562082046773 0.5529858848680249
3536 0.01105557927831914 0.5529854441596245
3537 0.01105562102191594 0.5529858780013555
3538 0.01105558017205974 0.5529854439580357
3539 0.01105562315306471 0.5529858900512713
3540 0.01105558242596794 0.5529854564857464
3541 0.0110556249607203 0.5529858981553227
3542 0.01105558323781724 0.5529854542532898
3543 0.01105562532283448 0.5529858908776752
3544 0.01105558464293134 0.5529854572424425
3545 0.01105562672403054 0.5529858922306083
3546 0.01105558568952441 0.5529854545700745
3547 0.01105562840046533 0.5529858965416694
3548 0.01105558747635489 0.5529854591336195
3549 0.01105563034999924 0.55298590235676
3550 0.01105558910544526 0.5529854614629118
3551 0.01105563118643214 0.5529858961136017
3552 0.01105558970264835 0.5529854522687607
3553 0.01105563165063252 0.5529858844671953
3554 0.01105559099166362 0.5529854486787201
3555 0.01105563416283759 0.552985892993817
3556 0.01105559356851359 0.5529854571880159
3557 0.01105563623082784 0.5529858965380604
3558 0.01105559464920813 0.5529854505406717
3559 0.01105563690786512 0.5529858853332952
3560 0.01105559645222587 0.552985450534157
3561 0.01105563893657133 0.5529858862462491
3562 0.0110555978681338 0.5529854447404288
3563 0.01105564055837361 0.5529858831734044
3564 0.01105559956607097 0.5529854417360089
3565 0.01105564215314715 0.5529858784133438
3566 0.01105560148734897 0.5529854403184388
3567 0.0110556438584939 0.5529858740945558
3568 0.01105560292968719 0.5529854329638653
3569 0.01105564595996315 0.5529858736457556
3570 0.01105560475296255 0.5529854286471254
3571 0.01105564741736238 0.5529858653340853
3572 0.01105560690124715 0.5529854278529969
3573 0.0110556497083439 0.5529858650924714
3574 0.01105560935383229 0.5529854290740113
3575 0.01105565184506612 0.5529858630967819
3576 0.01105561070974097 0.5529854187777651
3577 0.01105565297094386 0.5529858501513608
3578 0.01105561165227429 0.552985403007571
3579 0.01105565474709292 0.5529858426966489
3580 0.01105561467617766 0.5529854081521853
3581 0.01105565783471505 0.5529858479206741
3582 0.01105561726218558 0.5529854086769423
3583 0.01105565942941455 0.5529858384342623
3584 0.01105561842674876 0.552985394525499
3585 0.01105566167812254 0.5529858352032458
3586 0.01105562070698308 0.552985390362531
3587 0.01105566352052649 0.5529858264825382
3588 0.01105562309615449 0.5529853880958595
3589 0.01105566604028865 0.5529858249108495
3590 0.01105562581176693 0.5529853883654134
3591 0.01105566849908707 0.5529858226123523
3592 0.01105562762736277 0.5529853793854119
3593 0.01105567020734145 0.5529858124739498
3594 0.01105562914279821 0.552985366593621
3595 0.01105567203758149 0.5529858026826943
3596 0.01105563226118679 0.5529853702127417
3597 0.01105567537911522 0.5529858081052543
3598 0.01105563469553529 0.5529853665223388
3599 0.01105567720074037 0.552985798721667
3600 0.01105563620913602 0.5529853535675819
3601 0.01105567941223303 0.5529857926495821
3602 0.01105563854243817 0.5529853480233694
3603 0.01105568165598365 0.5529857862725143
3604 0.01105564152232676 0.5529853499478053
3605 0.01105568464109677 0.5529857878208312
3606 0.01105564420213536 0.5529853483869905
3607 0.01105568664260697 0.5529857795106849
3608 0.0110556459073857 0.5529853370631381
3609 0.01105568928723493 0.5529857779553891
3610 0.01105564866859938 0.5529853359718109
3611 0.01105569169251567 0.5529857733239674
3612 0.01105565133447681 0.5529853348859355
3613 0.01105569431836577 0.5529857715633917
3614 0.01105565377566486 0.5529853311095355
3615 0.01105569683351503 0.5529857688763898
3616 0.01105565655279007 0.552985331199332
3617 0.0110556995196941 0.5529857679826288
3618 0.01105565877940929 0.5529853257868874
3619 0.01105570166762298 0.5529857619492266
3620 0.01105566106006879 0.5529853209275245
3621 0.01105570454357341 0.5529857635327576
3622 0.01105566399143087 0.5529853229714844
3623 0.01105570710192051 0.5529857618919638
3624 0.01105566614702876 0.5529853176714834
3625 0.01105570908493895 0.5529857548510503
3626 0.0110556691776434 0.5529853217837735
3627 0.01105571235808901 0.5529857610600731
3628 0.01105567171567277 0.5529853206397822
3629 0.01105571456744995 0.5529857574948689
3630 0.0110556738693226 0.5529853164691805
3631 0.01105571711093047 0.5529857572851246
3632 0.01105567669234134 0.5529853191937714
3633 0.01105571993641397 0.5529857602692891
3634 0.0110556795042858 0.5529853225936738
3635 0.0110557224422449 0.5529857607833392
3636 0.01105568203516687 0.5529853238372701
3637 0.01105572488824292 0.5529857611018711
3638 0.0110556841529378 0.5529853207059771
3639 0.01105572726666614 0.5529857612406708
3640 0.0110556869767482 0.5529853255725847
3641 0.01105573005083748 0.5529857658044126
3642 0.01105568970974091 0.5529853303226291
3643 0.01105573259021651 0.5529857687903262
3644 0.01105569191851686 0.5529853299901106
3645 0.0110557345361285 0.5529857660008467
3646 0.01105569393677367 0.5529853281298529
3647 0.01105573792426361 0.5529857789031749
3648 0.01105569753289042 0.5529853429887989
3649 0.01105574049898468 0.5529857837748573
3650 0.01105569941590941 0.5529853418330456
3651 0.01105574208185054 0.5529857795382395
3652 0.01105570179638688 0.5529853458785181
3653 0.01105574480435994 0.5529857868200845
3654 0.01105570415476498 0.5529853497382425
3655 0.0110557475286603 0.5529857956011101
3656 0.01105570659587783 0.5529853555187318
3657 0.01105574964847612 0.5529857983779789
3658 0.01105570932886568 0.5529853654935158
3659 0.0110557524449168 0.5529858088511754
3660 0.0110557120553832 0.5529853756982366
3661 0.01105575475362156 0.5529858154225015
3662 0.01105571372565859 0.5529853760246273
3663 0.01105575709526447 0.5529858232775964
3664 0.01105571637571285 0.5529853867854151
3665 0.01105575938958095 0.5529858306247483
3666 0.01105571829123131 0.5529853910008761
3667 0.0110557611045229 0.5529858330644164
3668 0.01105572111043759 0.5529854054249842
3669 0.01105576421617388 0.5529858502932069
3670 0.01105572342084919 0.5529854148652545
3671 0.01105576596516422 0.5529858550523727
3672 0.0110557248639731 0.5529854166242449
3673 0.01105576809696336 0.5529858641236424
3674 0.01105572708398228 0.5529854263067256
3675 0.01105577008126541 0.5529858718329869
3676 0.01105572970159396 0.5529854417014508
3677 0.01105577270780872 0.552985887277795
3678 0.01105573194102617 0.5529854535229164
3679 0.01105577473966713 0.552985897807498
3680 0.01105573405667384 0.5529854652970948
3681 0.01105577716075109 0.5529859130051519
3682 0.01105573637856201 0.5529854798143767
3683 0.01105577862318595 0.5529859190132641
3684 0.01105573734301608 0.552985481163118
3685 0.01105578004715302 0.5529859251656997
3686 0.01105573924247708 0.5529854920031522
3687 0.01105578280956553 0.5529859456301001
3688 0.01105574200859415 0.5529855128709001
3689 0.01105578478910777 0.5529859589273941
3690 0.01105574346803044 0.5529855216754253
3691 0.01105578593207279 0.5529859645458423
3692 0.0110557453553203 0.5529855352343895
3693 0.01105578817048357 0.5529859816059389
3694 0.01105574699274463 0.5529855471525605
3695 0.01105578991196081 0.5529859937595287
3696 0.0110557482119238 0.5529855551835103
3697 0.01105579140135097 0.5529860048839141
3698 0.01105575060402634 0.5529855758735839
3699 0.01105579382235151 0.552986025576513
3700 0.01105575270937739 0.5529855941030652
3701 0.01105579510068968 0.5529860360337657
3702 0.01105575343520907 0.5529855992595623
3703 0.01105579671847916 0.5529860507761586
3704 0.01105575504267768 0.5529856131648728
3705 0.01105579802188641 0.5529860618909526
3706 0.01105575699798238 0.5529856321517309
3707 0.01105580004452624 0.5529860813976635
3708 0.01105575910032556 0.5529856528616602
3709 0.01105580175861051 0.5529860987021421
3710 0.01105575998096111 0.5529856619098492
3711 0.01105580236946404 0.5529861052390264
3712 0.01105576036766858 0.5529856657935347
3713 0.0110558035489088 0.5529861175404716
3714 0.01105576276456274 0.5529856908184947
3715 0.01105580597848952 0.5529861428029056
3716 0.01105576466022531 0.5529857114993811
3717 0.01105580684165727 0.5529861535148761
3718 0.01105576505022948 0.5529857176122853
3719 0.01105580827281623 0.5529861705550586
3720 0.01105576644471209 0.5529857334142695
3721 0.01105580922314069 0.5529861821293744
3722 0.01105576796390166 0.5529857520105356
3723 0.01105581083649589 0.5529862014023597
3724 0.01105576972565712 0.5529857730073375
3725 0.01105581227156726 0.5529862194783093
3726 0.01105577035094986 0.5529857829959086
3727 0.01105581262308146 0.5529862268547279
3728 0.0110557704566691 0.5529857874125237
3729 0.01105581350363589 0.552986239411379
3730 0.01105577255499789 0.5529858125968558
3731 0.01105581564086875 0.5529862647940126
3732 0.0110557741677208 0.5529858333967445
3733 0.01105581622572265 0.5529862755753274
3734 0.01105577427987092 0.5529858394870724
3735 0.0110558173772426 0.5529862924730385
3736 0.01105577538491173 0.5529858549360229
3737 0.01105581806000535 0.5529863038217608
3738 0.01105577666691968 0.5529858735171417
3739 0.01105581943565516 0.5529863229611467
3740 0.01105577817895917 0.5529858941720728
3741 0.01105582060645822 0.5529863404553261
3742 0.01105577854092297 0.5529859034705374
3743 0.01105582070333372 0.552986347114413
3744 0.0110557784028757 0.5529859071752551
3745 0.0110558213510236 0.5529863589722775
3746 0.01105578027381449 0.5529859316167972
3747 0.01105582326255622 0.5529863835224634
3748 0.01105578166198408 0.5529859514947342
3749 0.01105582362562763 0.5529863933033106
3750 0.01105578155622351 0.5529859565167596
3751 0.01105582456506406 0.5529864090873164
3752 0.01105578245649669 0.5529859708240497
3753 0.01105582504483075 0.5529864192072841
3754 0.01105578353635142 0.5529859880816357
3755 0.01105582622339768 0.5529864369697429
3756 0.01105578485815596 0.5529860073254613
3757 0.0110558272110669 0.552986453019173
3758 0.01105578504383908 0.5529860151475349
3759 0.01105582713850696 0.5529864581730808
3760 0.01105578473483713 0.5529860172265826
3761 0.0110558276139893 0.5529864682916659
3762 0.01105578644189663 0.552986039916339
3763 0.0110558293703006 0.5529864910715893
3764 0.01105578768332829 0.5529860580102596
3765 0.01105582959100401 0.5529864990145219
3766 0.01105578743633783 0.5529860611085604
3767 0.01105583038917072 0.5529865127756818
3768 0.01105578819559831 0.5529860732959229
3769 0.0110558307457905 0.5529865208662632
3770 0.01105578917024549 0.5529860886121042
3771 0.011055831820467 0.5529865366009236
3772 0.0110557903847304 0.5529861057071539
3773 0.01105583269803322 0.5529865503840975
3774 0.01105579046374626 0.5529861112052584
3775 0.01105583252640626 0.5529865531980119
3776 0.01105579006431092 0.552986110938577
3777 0.01105583291989732 0.552986560970101
3778 0.01105579169597495 0.5529861312651015
3779 0.01105583460510464 0.5529865813428597
3780 0.0110557928700985 0.552986146908035
3781 0.01105583476317825 0.5529865867984163
3782 0.01105579256419506 0.5529861474770175
3783 0.0110558355078816 0.5529865980017888
3784 0.01105579327549227 0.5529861570856197
3785 0.01105583582228084 0.5529866034941638
3786 0.01105579421347705 0.5529861697853267
3787 0.01105583686521052 0.5529866165844118
3788 0.01105579540094978 0.5529861842110948
3789 0.01105583772057537 0.5529866276753043
3790 0.01105579546290777 0.5529861869990585
3791 0.01105583753768732 0.5529866277709043
3792 0.0110557950555873 0.5529861839792886
3793 0.01105583792665155 0.5529866327590183
3794 0.0110557966889475 0.5529862015236884
3795 0.01105583961931177 0.5529866503426171
3796 0.01105579787597708 0.5529862143718123
3797 0.01105583979434628 0.5529866529880247
3798 0.01105579759097185 0.5529862121099692
3799 0.01105584056244706 0.5529866613357357
3800 0.01105579832997364 0.5529862188700574
3801 0.01105584091133575 0.5529866640197852
3802 0.01105579930748918 0.5529862287664618
3803 0.0110558419959677 0.5529866742770212
3804 0.01105580053905524 0.5529862403375464
3805 0.0110558428984197 0.5529866825019526
3806 0.01105580065168062 0.5529862402578526
3807 0.01105584277068593 0.5529866797403783
3808 0.0110558003042109 0.5529862343924323
3809 0.01105584322375515 0.552986681890528
3810 0.01105580200583925 0.5529862491066121
3811 0.01105584498820645 0.552986696643055
3812 0.01105580326791773 0.5529862591223925
3813 0.0110558452419487 0.5529866964625185
3814 0.01105580306525026 0.552986254041154
3815 0.01105584609620711 0.5529867019956591
3816 0.01105580389480175 0.5529862579893424
3817 0.01105584654027513 0.5529867018732363
3818 0.01105580497244756 0.5529862651016902
3819 0.01105584772962802 0.55298670937339
3820 0.01105580631297973 0.5529862739406132
3821 0.01105584874507953 0.5529867148880414
3822 0.01105580654191395 0.5529862711633903
3823 0.01105584873706388 0.5529867094454247
3824 0.01105580631903517 0.5529862626528796
3825 0.01105584931920644 0.5529867089875314
3826 0.01105580815302909 0.5529862747890152
3827 0.01105585121899473 0.5529867211916205
3828 0.01105580955303198 0.5529862822833281
3829 0.01105585161392457 0.5529867185278375
3830 0.01105580949508489 0.5529862747602193
3831 0.01105585261632943 0.552986721660882
3832 0.01105581047534747 0.5529862763463821
3833 0.01105585321187586 0.5529867191995197
3834 0.01105581170598303 0.5529862811515475
3835 0.0110558545567336 0.5529867244365619
3836 0.01105581320444695 0.5529862877719631
3837 0.01105585573206953 0.5529867277771442
3838 0.01105581359381937 0.552986282851693
3839 0.01105585588458842 0.5529867202202227
3840 0.01105581353388661 0.5529862722829385
3841 0.01105585663158126 0.5529867177555713
3842 0.011055815532508 0.5529862824444864
3843 0.0110558586956337 0.552986728019484
3844 0.01105581709607804 0.5529862880287665
3845 0.01105585925448951 0.5529867234905979
3846 0.01105581720320768 0.5529862786939055
3847 0.01105586042315146 0.5529867248667011
3848 0.01105581835000305 0.5529862785726264
3849 0.01105586118193459 0.5529867207124801
3850 0.01105581974156878 0.5529862817104727
3851 0.011055862688341 0.552986724339987
3852 0.01105582140266798 0.5529862867822954
3853 0.01105586402693613 0.5529867261927179
3854 0.01105582195401192 0.5529862804157831
3855 0.01105586433923076 0.5529867172233474
3856 0.01105582205416529 0.5529862684977069
3857 0.01105586524611027 0.5529867134659955
3858 0.01105582421049561 0.5529862774042249
3859 0.01105586746597548 0.5529867225198876
3860 0.01105582592776865 0.5529862818186017
3861 0.01105586817743277 0.5529867168746792
3862 0.01105582618733613 0.5529862714307766
3863 0.0110558694983751 0.552986717261878
3864 0.01105582748579156 0.5529862703826387
3865 0.01105587040370822 0.5529867121969774
3866 0.01105582901919566 0.5529862726311018
3867 0.01105587205126203 0.5529867150006479
3868 0.0110558308216296 0.5529862769497287
3869 0.01105587353108268 0.5529867161716092
3870 0.01105583151194643 0.5529862699511995
3871 0.01105587397884868 0.5529867066079119
3872 0.01105583174611235 0.5529862575010457
3873 0.01105587501767455 0.5529867023718271
3874 0.01105583403085867 0.5529862659675719
3875 0.01105587736304676 0.5529867110354728
3876 0.01105583587056259 0.5529862700358699
3877 0.01105587819452688 0.5529867050973086
3878 0.01105583624857925 0.5529862594169611
3879 0.01105587963227228 0.5529867053145459
3880 0.01105583766201799 0.5529862582592434
3881 0.01105588064669974 0.5529867001577166
3882 0.01105583929859908 0.5529862604340584
3883 0.01105588239535384 0.5529867029484397
3884 0.01105584120094133 0.5529862648042689
3885 0.01105588397380027 0.5529867042370632
3886 0.01105584198680043 0.5529862579706422
3887 0.01105588451281379 0.5529866948726264
3888 0.01105584230937741 0.5529862457720822
3889 0.01105588563660169 0.5529866909304249
3890 0.01105584467478644 0.5529862545653808
3891 0.01105588805914499 0.552986699966071
3892 0.01105584658805631 0.5529862590450458
3893 0.01105588896089814 0.5529866944824591
3894 0.01105584703374224 0.5529862489309492
3895 0.01105589046363344 0.5529866952531693
3896 0.01105584850932098 0.5529862483726898
3897 0.01105589153469237 0.5529866907127958
3898 0.01105585019700951 0.5529862511813513
3899 0.01105589333161131 0.5529866941845418
3900 0.01105585214529291 0.5529862562796225
3901 0.0110558949537336 0.5529866962499101
3902 0.0110558529715341 0.5529862502597722
3903 0.01105589552896831 0.5529866877256786
3904 0.01105585332697293 0.5529862389383615
3905 0.01105589668173179 0.5529866846880908
3906 0.01105585571724881 0.5529862486601108
3907 0.01105589912583642 0.5529866946875434
3908 0.01105585764868388 0.5529862541332934
3909 0.01105590004229107 0.5529866902258259
3910 0.01105585810608784 0.5529862450744721
3911 0.01105590155371528 0.5529866920834553
3912 0.01105585958693959 0.5529862456283695
3913 0.01105590262598766 0.5529866886722855
3914 0.01105586127489211 0.5529862496315923
3915 0.01105590441356262 0.5529866932920543
3916 0.01105586321345505 0.55298625589454
3917 0.01105590602563741 0.5529866965876097
3918 0.01105586402658472 0.552986251143567
3919 0.01105590658343461 0.5529866893486454
3920 0.01105586436092365 0.5529862411212002
3921 0.01105590771136128 0.5529866876158961
3922 0.01105586672318407 0.5529862521610033
3923 0.01105591012511099 0.5529866989571833
3924 0.01105586862151146 0.5529862589960196
3925 0.01105591100547855 0.5529866958720723
3926 0.01105586903979645 0.5529862513291705
3927 0.011055912474895 0.5529866991364091
3928 0.01105587047513894 0.5529862532939568
3929 0.01105591349945891 0.5529866971543335
3930 0.01105587211105008 0.5529862587053707
3931 0.01105591523887434 0.5529867032706709
3932 0.01105587399524354 0.5529862664741426
3933 0.01105591679059205 0.5529867080345271
3934 0.01105587474578494 0.552986263187928
3935 0.01105591728482389 0.5529867022729578
3936 0.01105587501426271 0.5529862546542377
3937 0.01105591834398096 0.5529867020350485
3938 0.0110558773056504 0.5529862671985601
3939 0.01105592068491117 0.5529867148943109
3940 0.01105587912940659 0.5529862755598086
3941 0.01105592148787057 0.5529867133317966
3942 0.01105587946768881 0.5529862694135719
3943 0.01105592287458108 0.5529867181127492
3944 0.01105588081702251 0.5529862728817477
3945 0.01105592381333893 0.5529867176557745
3946 0.01105588236775404 0.5529862798451919
3947 0.01105592546527295 0.552986725320344
3948 0.01105588416072183 0.5529862891429042
3949 0.01105592692224738 0.5529867315947599
3950 0.01105588481504216 0.5529862873672986
3951 0.01105592731946856 0.5529867273483565
3952 0.0110558849842646 0.5529862803382509
3953 0.011055928276917 0.5529867286014438
3954 0.0110558871732143 0.5529862943765574
3955 0.01105593051480149 0.5529867429591728
3956 0.01105588889312339 0.5529863042372742
3957 0.01105593121182014 0.5529867428816463
3958 0.01105588912293593 0.5529862995577274
3959 0.01105593248755366 0.5529867491100897
3960 0.01105589035866889 0.5529863044492627
3961 0.01105593331468814 0.5529867500996993
3962 0.01105589179984639 0.5529863128828701
3963 0.01105593485491665 0.5529867592148038
3964 0.01105589347745665 0.5529863235964583
3965 0.01105593619328385 0.5529867668723577
3966 0.01105589401250209 0.552986323195837
3967 0.01105593647166312 0.5529867640015435
3968 0.01105589406086604 0.5529863175172075
3969 0.01105593730608024 0.5529867665784521
3970 0.01105589612717879 0.5529863328784499
3971 0.01105593942166166 0.5529867822567042
3972 0.01105589772496643 0.5529863440552111
3973 0.01105593999499197 0.5529867834708233
3974 0.01105589782872184 0.5529863406353061
3975 0.01105594114226595 0.5529867909256214
3976 0.01105589893473788 0.5529863467286851
3977 0.01105594184314312 0.5529867931406984
3978 0.01105590025175727 0.5529863563966542
3979 0.0110559432571126 0.5529868034568607
3980 0.01105590179997171 0.5529863682682375
3981 0.01105594446371808 0.5529868122342362
3982 0.01105590220357876 0.5529863689755544
3983 0.01105594461211149 0.5529868104696117
3984 0.01105590211997142 0.5529863643646054
3985 0.01105594531215506 0.5529868140725417
3986 0.01105590405301974 0.552986380746032
3987 0.01105594729576295 0.552986830764816
3988 0.01105590552014406 0.5529863929313211
3989 0.01105594773745152 0.5529868329569018
3990 0.01105590548992283 0.5529863904456821
3991 0.01105594874825126 0.5529868412998857
3992 0.01105590646015059 0.5529863974119912
3993 0.01105594931785554 0.5529868444105579
3994 0.0110559076467232 0.5529864079594946
3995 0.01105595059913576 0.5529868555612208
3996 0.01105590906001945 0.5529864206210535
3997 0.01105595166991736 0.5529868650935825
3998 0.01105590932921483 0.5529864220717814
3999 0.01105595168617542 0.5529868640696838
4000 0.01105590911175698 0.5529864181559033
4001 0.01105595224915234 0.552986868307807
4002 0.01105591090842004 0.5529864351528476
4003 0.01105595409857644 0.5529868856086576
4004 0.01105591224434447 0.5529864479483623
4005 0.01105595440904753 0.5529868883804908
4006 0.01105591208050457 0.5529864459889975
4007 0.01105595528351458 0.5529868971927967
4008 0.01105591291590172 0.5529864534093795
4009 0.01105595572411114 0.5529869007850002
4010 0.01105591397458382 0.5529864644164176
4011 0.01105595687524107 0.5529869123415497
4012 0.01105591525575248 0.5529864774340333
4013 0.01105595781350673 0.5529869221919067
4014 0.01105591539438554 0.5529864791884392
4015 0.01105595770207977 0.5529869214675805
4016 0.01105591504865846 0.552986475530495
4017 0.01105595813388281 0.5529869258994402
4018 0.01105591671438513 0.5529864926897761
4019 0.0110559598549821 0.5529869433526908
4020 0.01105591792597529 0.5529865056423722
4021 0.01105596004200812 0.5529869462531378
4022 0.01105591763668621 0.5529865037551992
4023 0.01105596078875136 0.5529869550785063
4024 0.01105591834633761 0.5529865111716903
4025 0.01105596110978756 0.5529869586915098
4026 0.0110559192871072 0.5529865221766478
4027 0.01105596212026344 0.5529869700542979
4028 0.01105592051785371 0.5529865354857023
4029 0.01105596293405351 0.5529869798506795
4030 0.01105592049709933 0.552986536806643
4031 0.01105596267492042 0.5529869787484092
4032 0.01105592003422629 0.5529865329050788
4033 0.01105596300234679 0.5529869829845322
4034 0.01105592159747219 0.5529865498609741
4035 0.01105596461829597 0.5529870001787939
4036 0.01105592270067855 0.5529865625208232
4037 0.01105596469538203 0.5529870027365487
4038 0.01105592229823826 0.5529865602285301
4039 0.01105596532912565 0.55298701111305
4040 0.01105592289798941 0.5529865671779988
4041 0.0110559655475777 0.5529870142904189
4042 0.01105592373938667 0.5529865777335343
4043 0.01105596647816749 0.5529870252852191
4044 0.01105592479851657 0.5529865900985769
4045 0.01105596719463444 0.5529870344056027
4046 0.01105592472004433 0.5529865910906905
4047 0.01105596687305556 0.5529870329111395
4048 0.01105592416590898 0.552986586598361
4049 0.01105596709379572 0.552987036400121
4050 0.01105592562083155 0.5529866027383132
4051 0.01105596860939178 0.5529870528026268
4052 0.01105592663591144 0.5529866146508844
4053 0.0110559686036686 0.5529870546186328
4054 0.01105592615266555 0.5529866115864858
4055 0.01105596915472607 0.5529870621708431
4056 0.01105592667146235 0.5529866176955319
4057 0.01105596929761155 0.5529870645363349
4058 0.01105592743533973 0.5529866273800476
4059 0.01105597015445183 0.5529870746263413
4060 0.01105592841953552 0.5529866388061444
4061 0.01105597079656246 0.5529870827845567
4062 0.01105592826955062 0.5529866388253047
4063 0.01105597040717584 0.5529870803131889
4064 0.01105592765013378 0.5529866333368376
4065 0.01105597056248005 0.5529870827651241
4066 0.01105592904066306 0.5529866484114586
4067 0.01105597201633842 0.5529870980905162
4068 0.01105592999785678 0.5529866592480082
4069 0.01105597195505207 0.5529870988153945
4070 0.01105592945936204 0.5529866550586167
4071 0.0110559724511617 0.552987105208706
4072 0.01105592992583722 0.5529866599996295
4073 0.01105597254561359 0.55298710639782
4074 0.01105593064691736 0.5529866685324445
4075 0.0110559733568206 0.5529871153006621
4076 0.01105593158720423 0.5529866787407428
4077 0.01105597395774802 0.5529871222196094
4078 0.0110559313983799 0.5529866775063368
4079 0.01105597353174885 0.5529871184853307
4080 0.01105593074430986 0.552986670741741
4081 0.01105597365340348 0.5529871196386
4082 0.01105593210398014 0.5529866845243898
4083 0.01105597507961128 0.5529871336752321
4084 0.01105593303597473 0.5529866940559741
4085 0.01105597499521632 0.5529871330797529
4086 0.01105593247530701 0.5529866885233018
4087 0.01105597547056128 0.5529871381185051
4088 0.01105593292439601 0.5529866921258212
4089 0.01105597555061761 0.5529871379639623
4090 0.01105593363336681 0.5529866993049536
4091 0.01105597635181312 0.5529871455149619
4092 0.01105593456472928 0.5529867081438231
4093 0.0110559769455923 0.5529871510555237
4094 0.01105593437055864 0.552986705520998
4095 0.01105597651667251 0.5529871459330647
4096 0.0110559337163401 0.5529866973784415
4097 0.01105597664000811 0.552987145704507
4098 0.01105593507956342 0.5529867097734135
4099 0.01105597807173977 0.5529871583496939
4100 0.01105593601906932 0.5529867179127823
4101 0.01105597799678383 0.5529871563629503
4102 0.0110559354695421 0.552986710987461
4103 0.01105597848487709 0.5529871600067088
4104 0.01105593593343497 0.5529867131986366
4105 0.01105597858209658 0.5529871584682549
4106 0.01105593666158634 0.5529867189979264
4107 0.01105597940405672 0.5529871646396408
4108 0.01105593761525265 0.5529867264583328
4109 0.01105598002178863 0.5529871688049884
4110 0.01105593744650509 0.552986722461979
4111 0.01105597961988364 0.5529871623130356
4112 0.01105593682123584 0.5529867129583298
4113 0.0110559797742224 0.5529871607341361
4114 0.01105593821752683 0.5529867240150683
4115 0.01105598124041499 0.5529871720463146
4116 0.01105593919236227 0.5529867308220443
4117 0.01105598120211568 0.5529871687343431
4118 0.01105593868125232 0.5529867225829673
4119 0.01105598173030929 0.5529871710752586
4120 0.01105593918659846 0.5529867235009467
4121 0.01105598186995755 0.5529871682505358
4122 0.01105593995858003 0.552986728025635
4123 0.01105598273729542 0.5529871731608937
4124 0.01105594095905049 0.5529867342379516
4125 0.01105598340311331 0.5529871760914151
4126 0.01105594083918221 0.5529867290151931
4127 0.01105598305082519 0.5529871683816506
4128 0.01105594026498082 0.5529867183111127
4129 0.01105598325811063 0.5529871656247367
4130 0.01105594171582216 0.5529867282105466
4131 0.01105598477949534 0.5529871757912457
4132 0.01105594274571925 0.5529867338758474
4133 0.0110559847969072 0.5529871713516123
4134 0.0110559422918352 0.5529867245317077
4135 0.01105598538377196 0.5529871726094032
4136 0.01105594285643625 0.5529867243816761
4137 0.01105598558239796 0.5529871687242327
4138 0.01105594368804766 0.552986727863629
4139 0.01105598651057428 0.5529871726156917
4140 0.01105594475036527 0.5529867330787857
4141 0.01105598723895393 0.5529871745700317
4142 0.01105594469312506 0.552986726894249
4143 0.01105598694916577 0.5529871659112571
4144 0.01105594418225503 0.5529867152656632
4145 0.01105598722107924 0.552987162259174
4146 0.01105594569852027 0.552986724295026
4147 0.01105598880776866 0.5529871715728436
4148 0.01105594679280113 0.5529867291161398
4149 0.01105598888949416 0.5529871663082827
4150 0.01105594640417457 0.5529867189764845
4151 0.01105598954250776 0.5529871667993039
4152 0.01105594703470882 0.552986718078646
4153 0.01105598980576795 0.5529871621752936
4154 0.01105594793079356 0.5529867208430613
4155 0.01105599079903289 0.5529871653789324
4156 0.01105594905857321 0.5529867253969958
4157 0.01105599159290321 0.5529871666974978
4158 0.01105594906619995 0.5529867185953725
4159 0.01105599136707757 0.5529871574373587
4160 0.01105594861942841 0.5529867063938967
4161 0.01105599170350985 0.5529871532431521
4162 0.0110559502000156 0.5529867149061637
4163 0.01105599335373796 0.5529871620607665
4164 0.01105595135640707 0.552986719244589
4165 0.01105599349684683 0.5529871563355043
4166 0.0110559510293448 0.5529867086754748
4167 0.01105599421157163 0.5529871564277187
4168 0.01105595172067707 0.5529867073995035
4169 0.01105599453368966 0.5529871514365169
4170 0.01105595267474522 0.5529867098193155
4171 0.01105599558485306 0.5529871543268359
4172 0.01105595386008348 0.5529867140873751
4173 0.01105599643565331 0.5529871553860517
4174 0.01105595392351367 0.5529867070475559
4175 0.01105599626420654 0.5529871459053286
4176 0.01105595353064272 0.5529866946549247
4177 0.0110559966540044 0.5529871415475217
4178 0.01105595516344219 0.5529867030247356
4179 0.01105599835521571 0.552987150244827
4180 0.01105595636922624 0.5529867072594106
4181 0.01105599854648846 0.5529871444372003
4182 0.01105595608969388 0.5529866966362618
4183 0.01105599930809679 0.552987144503816
4184 0.01105595682651471 0.5529866953558663
4185 0.01105599967359073 0.5529871395224192
4186 0.0110559578225925 0.5529866978078514
4187 0.01105600076602398 0.5529871424742978
4188 0.01105595904823382 0.5529867021627763
4189 0.01105600165601541 0.5529871436456187
4190 0.01105595914951737 0.5529866952576228
4191 0.0110560015208243 0.5529871343187762
4192 0.01105595879200559 0.5529866830472985
4193 0.01105600194457128 0.55298713016488
4194 0.01105596045685306 0.5529866916380123
4195 0.0110560036742158 0.5529871390969037
4196 0.01105596169528755 0.552986696159764
4197 0.01105600389517678 0.5529871336021168
4198 0.01105596144086279 0.5529866858434469
4199 0.01105600468043612 0.5529871339917991
4200 0.01105596220106342 0.5529866849132165
4201 0.01105600506793046 0.5529871293840474
4202 0.01105596321740923 0.5529866877600115
4203 0.01105600617899318 0.5529871327505443
4204 0.01105596445962441 0.5529866925446051
4205 0.01105600708376224 0.5529871343679428
4206 0.01105596457391347 0.5529866861026748
4207 0.01105600695978591 0.5529871255200746
4208 0.01105596422615619 0.5529866743917599
4209 0.01105600739069891 0.5529871218731015
4210 0.01105596589530867 0.5529866834929746
4211 0.01105600912528782 0.5529871313462988
4212 0.01105596713210857 0.5529866885497356
4213 0.01105600934445679 0.5529871263983832
4214 0.01105596687699671 0.5529866788213776
4215 0.01105601012698763 0.5529871273929536
4216 0.01105596763130157 0.5529866785000118
4217 0.01105601050660303 0.5529871234020183
4218 0.01105596863782352 0.5529866819715608
4219 0.01105601160595573 0.5529871274061157
4220 0.01105596986655348 0.5529866874048061
4221 0.01105601249549068 0.5529871296851742
4222 0.01105596996445424 0.5529866816417368
4223 0.01105601235374687 0.552987121530101
4224 0.01105596959762379 0.5529866706393239
4225 0.0110560127626827 0.5529871185880871
4226 0.01105597124168179 0.5529866804400702
4227 0.01105601447125209 0.5529871287792451
4228 0.01105597245245945 0.552986686240299
4229 0.01105601466322152 0.5529871245869088
4230 0.01105597216784704 0.5529866772693601
4231 0.01105601541396809 0.5529871263287056
4232 0.01105597288966033 0.5529866777197013
4233 0.01105601576183253 0.5529871231583149
4234 0.01105597385862805 0.552986681980192
4235 0.01105601682231122 0.5529871279388197
4236 0.01105597504815296 0.5529866881980636
4237 0.01105601767178983 0.5529871310174164
4238 0.01105597510509828 0.552986683252891
4239 0.01105601748803463 0.5529871236916071
4240 0.01105597469474886 0.5529866730865864
4241 0.01105601785002858 0.5529871215672776
4242 0.01105597628829927 0.5529866836849717
4243 0.01105601950763409 0.5529871325696516
4244 0.01105597744919419 0.552986690323039
4245 0.01105601964893737 0.5529871292219601
4246 0.01105597711143677 0.5529866821870885
4247 0.0110560203437687 0.5529871317990166
4248 0.01105597777587172 0.5529866834628339
4249 0.01105602063382253 0.5529871294432995
4250 0.01105597869009482 0.5529866885764845
4251 0.0110560216365393 0.5529871350822563
4252 0.01105597981776428 0.5529866956339186
4253 0.01105602242180535 0.5529871389842418
4254 0.01105597981020753 0.5529866915116838
4255 0.01105602217366782 0.5529871324888019
4256 0.01105597933540619 0.5529866821818368
4257 0.01105602246782342 0.5529871311743891
4258 0.01105598085768599 0.552986693562547
4259 0.01105602405404058 0.5529871429669203
4260 0.01105598194909914 0.5529867010167194
4261 0.01105602412250281 0.5529871404192747
4262 0.01105598154050334 0.5529866936850694
4263 0.01105602474575858 0.552987143787312
4264 0.01105598213006291 0.5529866957319852
4265 0.01105602496064877 0.5529871422126622
4266 0.01105598296883236 0.5529867016257124
4267 0.01105602588655418 0.552987148617908
4268 0.01105598401815543 0.552986709432892
4269 0.01105602659251118 0.5529871532566395
4270 0.01105598393136446 0.5529867060460484
4271 0.01105602626559762 0.5529871474990771
4272 0.01105598337771863 0.5529866974520541
4273 0.01105602647755512 0.552987146883016
4274 0.01105598481436574 0.5529867094925187
4275 0.01105602797873292 0.5529871593389932
4276 0.01105598582381271 0.552986717635474
4277 0.01105602796880793 0.5529871574928567
4278 0.01105598532947236 0.5529867109463054
4279 0.01105602850197071 0.5529871614653593
4280 0.01105598583206953 0.5529867136118217
4281 0.01105602863448606 0.5529871605354839
4282 0.01105598658812842 0.5529867201355094
4283 0.01105602947497224 0.552987167538404
4284 0.0110559875497837 0.5529867285116924
4285 0.01105603009223794 0.5529871727271002
4286 0.01105598737504755 0.5529867256717633
4287 0.01105602967852218 0.5529871675167024
4288 0.01105598673530512 0.5529867176200385
4289 0.01105602980139928 0.5529871673982365
4290 0.01105598807954571 0.5529867301104531
4291 0.01105603121125687 0.5529871803025465
4292 0.01105598900144641 0.5529867387255991
4293 0.01105603111489124 0.5529871789224339
4294 0.01105598841844825 0.552986732464992
4295 0.01105603155721539 0.5529871832874887
4296 0.01105598883097948 0.5529867355146757
4297 0.01105603160295967 0.5529871827577848
4298 0.01105598950073273 0.5529867424247253
4299 0.01105603235562247 0.5529871901148293
4300 0.01105599037321993 0.5529867511247093
