"rf_coeffs"
"Iteration" "cd etc.."
("Iteration" "cd" "cl")
1 2.524135304916516 4.171873760119108
2 0.5530220721173936 1.324332631071089
3 0.4695294907792045 0.5496073536287908
4 0.05190671430021308 0.1366720526044494
5 0.1268493998570432 -0.01943201299529995
6 0.01555335298335245 0.1276716149524612
7 0.06776604472160187 0.1171939802044671
8 0.03100243042664468 0.2412284195761189
9 0.05823117038437876 0.2371420758100364
10 0.04415536826628266 0.2807330322973037
11 0.05047179877948195 0.2576795899855734
12 0.04787528517459511 0.2924727938103452
13 0.04444584138516625 0.2710694529555113
14 0.04723864942029541 0.3048242669203912
15 0.04079519308813947 0.2873339155400865
16 0.04340171227724256 0.3082068230945315
17 0.04018695086894942 0.3103635462120096
18 0.03992166141028937 0.314298340839967
19 0.03976861496941616 0.3270522517943936
20 0.03776223378514121 0.3240070086903747
21 0.03821808281154209 0.3348240749326258
22 0.03703029759036187 0.3366970822679776
23 0.03677907755241587 0.3407702954795126
24 0.03621745973226077 0.3455269502983058
25 0.03547914697121304 0.347051656701986
26 0.03536280176493123 0.3530383245255402
27 0.03474281026606361 0.3555160185367683
28 0.0344700500967868 0.3599645149743089
29 0.03400205368866324 0.363656757070673
30 0.03357649528361698 0.3664443877118862
31 0.03328515793225941 0.3703648900023401
32 0.03288252946999854 0.3732217643754256
33 0.03257399076521952 0.3766680252969772
34 0.03224421100294711 0.3797022516582321
35 0.0319397946327785 0.3827278571908407
36 0.0316802426655516 0.3858624998210602
37 0.03140272358014493 0.3886366475268449
38 0.03116775828015188 0.3916370684451609
39 0.0309202779191016 0.3942529635643864
40 0.03071197323489623 0.3973237491572971
41 0.03053092088710545 0.4001926152902852
42 0.03034006450768831 0.402960245161135
43 0.03018185019970902 0.4057000020724762
44 0.03000799854549501 0.4083948813962265
45 0.02986909382897707 0.4111216694798763
46 0.02972077851896954 0.4138112814077576
47 0.0295983246816053 0.4165301051852098
48 0.02946039449798279 0.4192176982966719
49 0.02933811007639629 0.4217878987481842
50 0.02922195606559946 0.4244101466529555
51 0.02911447418815271 0.4269847305077736
52 0.02900835744699694 0.4295285810146162
53 0.02891247350962338 0.432073065627158
54 0.02882069772566836 0.4345772476160736
55 0.02873360139947965 0.437081785062429
56 0.02865024252802607 0.4395120216378771
57 0.02857221441378621 0.4419085706283598
58 0.02849286503944906 0.4442496261367865
59 0.02842564591839958 0.446560034354981
60 0.0283607441676559 0.4488136805458253
61 0.02829485387917593 0.4510104622949794
62 0.02824287077325528 0.4532072693637763
63 0.02818416801083528 0.4554441548223293
64 0.02814768919544821 0.4574258172391944
65 0.02808702165275239 0.4594637153261354
66 0.02804969832470914 0.4614328374536683
67 0.0280034040260703 0.4633751554109251
68 0.02796959383776867 0.4652066710040065
69 0.02793111770552258 0.4670592758105927
70 0.02789799833409929 0.4689021469237769
71 0.02787379430619618 0.4705838151603536
72 0.02783722889266121 0.4723282586853756
73 0.02781959513224649 0.4738992552488682
74 0.02778775923638937 0.475507404488429
75 0.02776714649603016 0.4770894881634024
76 0.02774820459841517 0.4785299477542496
77 0.02772693988002818 0.4799894739328359
78 0.02771238224679539 0.4813989525132563
79 0.02769614040850356 0.482775485859936
80 0.02768322068719519 0.4841018217949321
81 0.02766984228838165 0.4853868726222058
82 0.02765933391081459 0.4866303673561642
83 0.02764716565207002 0.4878491452880586
84 0.02764116449983762 0.4890168500655447
85 0.02763304602715803 0.4901315127634284
86 0.02762557727517758 0.4912233899522472
87 0.02761989648800011 0.4923003242637413
88 0.02761581154741911 0.4933234662221875
89 0.02761314944230218 0.4943162992876467
90 0.02761086299292668 0.495280895896579
91 0.02760893995832985 0.4962262753953191
92 0.02760913209602225 0.4971253785095425
93 0.02760812662857979 0.4979987421704954
94 0.02760956730146768 0.4988498989651509
95 0.02761018425686443 0.499676481866081
96 0.02761229667138229 0.5004852040416846
97 0.02761526315096326 0.5012660887215949
98 0.02761757730813885 0.5020240160817553
99 0.02762120256259442 0.5027543076747628
100 0.02762325896297236 0.5034641345248406
101 0.02762688478953413 0.5041554018717869
102 0.0276298641660358 0.5048281978624507
103 0.027632901426844 0.5054882902477914
104 0.02763700331185591 0.5061133927336539
105 0.0276397473727359 0.5067291782547703
106 0.02764304198969004 0.5073386781435835
107 0.02764640676499544 0.5079265610935394
108 0.02764921578641363 0.5084996751572227
109 0.02765149467893147 0.5090560247497752
110 0.02765353140159396 0.5095990094129313
111 0.02765492768281114 0.5101220989001413
112 0.02765645535668878 0.5106436825012648
113 0.02765669594011583 0.5111452942589866
114 0.02765655199128407 0.511635856125298
115 0.02765604191624038 0.5121133293017354
116 0.02765474678665273 0.5125743941182643
117 0.02765315402773253 0.5130397044794407
118 0.02765088794148652 0.5134808047957696
119 0.02764718449236893 0.513913950997375
120 0.02764335086901143 0.5143353147001258
121 0.02763864876163656 0.5147471129984427
122 0.02763346205613144 0.5151496969890098
123 0.02762789710729542 0.5155452539045766
124 0.02762134332773667 0.5159267989853168
125 0.02761367255928371 0.5162996882296776
126 0.02760560647003723 0.5166628625721693
127 0.02759682175724118 0.5170173330562016
128 0.02758746863077899 0.5173626086739003
129 0.02757749784238069 0.5176991029884843
130 0.02756685202220717 0.518026329591818
131 0.02755561142455935 0.5183448366277342
132 0.02754373929690942 0.5186544077382067
133 0.02753128393939587 0.5189552282092289
134 0.02751827003715813 0.5192474528497927
135 0.02750469343070633 0.5195309166908271
136 0.0274906193126515 0.519805917698516
137 0.02747603976489075 0.5200723253879688
138 0.02746099671949879 0.520330252216272
139 0.02744551304070236 0.5205797747671814
140 0.02742960984558141 0.5208208824017222
141 0.02741330675522947 0.5210536978790289
142 0.02739632497625455 0.5212799947794838
143 0.02737987647914987 0.5214938416367658
144 0.0273620096707215 0.5217030637027309
145 0.02734480179579338 0.521902454022236
146 0.02732686936173137 0.5220935758329001
147 0.027308872293439 0.5222776924628755
148 0.02729064962456729 0.5224533978408223
149 0.02727189692980658 0.5226221916104399
150 0.02725367359408412 0.5227812082752807
151 0.0272348324151592 0.5229333298572381
152 0.02721616082488695 0.5230780127393901
153 0.02719696232261549 0.5232155797556157
154 0.02717829045945073 0.5233445722474033
155 0.02715932672021319 0.5234660924637394
156 0.02714047718642869 0.5235808199170336
157 0.02712153311358003 0.5236881774454907
158 0.02710273653915686 0.5237883686395216
159 0.02708392863712073 0.523881604023559
160 0.02706525919378083 0.5239676551189568
161 0.02704648783225337 0.5240471981201049
162 0.02702850412345342 0.5241188822423019
163 0.02700990866081371 0.5241856230126187
164 0.02699193790904369 0.5242452676726024
165 0.02697382728130257 0.5242985135153752
166 0.02695638080243052 0.5243455741866756
167 0.02693862797025976 0.5243868350805833
168 0.02692142249810049 0.524421877943242
169 0.02690425962458028 0.524451007491199
170 0.02688751159234874 0.524474485431881
171 0.02687093472404244 0.5244925621786051
172 0.02685490839370101 0.5245055162489534
173 0.02683867449976878 0.5245132345573321
174 0.02682316182432782 0.524515512188778
175 0.02680763887390914 0.5245123720062407
176 0.02679269600536909 0.524505534688027
177 0.02677814519325991 0.5244944924683659
178 0.02676367484244017 0.5244787763360227
179 0.02674960348568072 0.5244583304045508
180 0.02673584705341837 0.5244336639075239
181 0.02672245582189701 0.5244050438513554
182 0.02670940207251144 0.524372710913047
183 0.0266967127303914 0.5243367742019566
184 0.02668435702356527 0.5242973522926107
185 0.02667236998418174 0.5242546290531576
186 0.02666086651289051 0.5242094828611873
187 0.02664941113357575 0.5241603006109263
188 0.02663849958224817 0.5241082226801536
189 0.02662784576979594 0.524053561874227
190 0.02661760043367334 0.5239962616190075
191 0.02660766504549767 0.5239367337562462
192 0.02659808043869008 0.523874707466587
193 0.02658883551002075 0.5238107771354383
194 0.02657989885642279 0.5237444815244024
195 0.02657131980121482 0.5236766453909332
196 0.02656302272905518 0.5236066352535456
197 0.02655508039165407 0.523535386791005
198 0.02654741015083771 0.5234621946268739
199 0.02654007603508372 0.5233880084494151
200 0.02653301407869809 0.523312125537851
201 0.02652626299713993 0.5232354691207236
202 0.02651978539016553 0.5231573468636189
203 0.02651359099390763 0.5230786577646889
204 0.02650766992226165 0.5229987154989597
205 0.0265020069021188 0.5229184113108297
206 0.02649661169710837 0.5228370351656323
207 0.0264914543752584 0.5227555072042779
208 0.02648656095757902 0.5226721613181728
209 0.02648187450013255 0.5225900723780641
210 0.02647747280479405 0.5225075065780619
211 0.02647323877051614 0.5224244778592299
212 0.02646923424329215 0.5223411584163119
213 0.02646542106226889 0.5222577044048126
214 0.02646181850791922 0.522174226908403
215 0.02645839911261227 0.5220908029370891
216 0.02645517176266025 0.5220075037210238
217 0.0264521504521046 0.5219235650081866
218 0.02644921589668917 0.5218414547872724
219 0.02644657277438471 0.5217584590842098
220 0.02644391739199567 0.5216768108299165
221 0.02644159343650025 0.521594278731749
222 0.02643924349554306 0.5215128048261023
223 0.02643714436496357 0.5214318106173224
224 0.02643509346150765 0.5213514388227752
225 0.02643326819683814 0.5212707108175619
226 0.02643141884580348 0.52119158467117
227 0.02642979248764936 0.5211128360682875
228 0.02642819035341175 0.5210345741949221
229 0.02642673114781688 0.5209568566299457
230 0.02642533297043033 0.5208798020005186
231 0.02642403891859533 0.520803385325145
232 0.0264228172699975 0.5207277140169005
233 0.02642167314477804 0.5206527133580887
234 0.02642064226680745 0.5205780125946176
235 0.02641960824406927 0.5205045987519101
236 0.02641866890081957 0.520432081585848
237 0.02641776895112275 0.5203601923956085
238 0.02641693185315223 0.5202888801335466
239 0.02641612062802469 0.5202184433854039
240 0.02641538024570351 0.5201485995619707
241 0.02641464835863334 0.5200796929149587
242 0.02641401930372735 0.520011091628748
243 0.02641332645580512 0.519943889367218
244 0.02641273844414175 0.5198773175516571
245 0.0264121264902225 0.5198114559381357
246 0.02641156826279466 0.5197462990599262
247 0.02641100867432084 0.5196819086032143
248 0.02641048208545282 0.5196182525289562
249 0.02640995943090975 0.5195553578251235
250 0.02640945804909614 0.5194931993401417
251 0.02640901102896743 0.5194322531754308
252 0.0264085052898329 0.5193712832016053
253 0.02640799421189099 0.5193112002316324
254 0.02640751197651166 0.5192518294479455
255 0.02640703332870011 0.5191932459365407
256 0.0264065625499657 0.5191353287817805
257 0.02640612088457165 0.519077830810616
258 0.02640561279909709 0.5190215672632398
259 0.02640517625418774 0.518965502768247
260 0.02640465210583521 0.5189105461027007
261 0.02640421753007702 0.5188556174312644
262 0.02640366855970699 0.5188018608624582
263 0.02640322925940661 0.5187481742910706
264 0.02640266128570486 0.5186955804481973
265 0.02640220986428992 0.5186430799398269
266 0.02640162280090649 0.5185916667813127
267 0.02640115569412248 0.5185402993936815
268 0.02640055251016138 0.5184899621285209
269 0.02640006185079683 0.5184396713281066
270 0.02639945620849994 0.5183902110282861
271 0.02639890144473776 0.5183414752636457
272 0.026398331017647 0.5182927022397055
273 0.02639772558124985 0.5182446674731741
274 0.02639711793234495 0.5181974306994382
275 0.02639652963523006 0.5181500643610902
276 0.02639588591429601 0.5181034534419908
277 0.0263952524212433 0.5180575609213731
278 0.02639462366089376 0.5180115878015332
279 0.02639394956440854 0.5179662613549116
280 0.02639330629493732 0.5179214339161001
281 0.02639262992799518 0.5178769769652987
282 0.02639195801514552 0.5178328909411399
283 0.02639126455504924 0.5177892258850512
284 0.02639057210581641 0.5177458818893347
285 0.02638985940225727 0.5177029789635704
286 0.02638915160383931 0.5176603674946904
287 0.02638843017587095 0.5176181674338072
288 0.02638771139681114 0.5175762721883684
289 0.02638697572177175 0.5175347589639587
290 0.02638623302073245 0.5174937394264769
291 0.02638549756431255 0.5174528149556745
292 0.02638474597635175 0.5174122068021995
293 0.02638399651624323 0.5173719399129241
294 0.02638323868346392 0.5173319920806768
295 0.02638248321664224 0.5172923690994106
296 0.02638172199495152 0.5172530492007092
297 0.02638095989141231 0.5172140199542432
298 0.02638019466672512 0.5171752804256121
299 0.02637943325038803 0.5171368706335137
300 0.02637866287560177 0.5170986536056039
301 0.01504356382666643 0.4977019384743856
302 0.0151647842362092 0.4936000337657326
303 0.01369235660630423 0.4947532176381505
304 0.01384099796144693 0.4992305770703118
305 0.01371278090344849 0.5042203195198032
306 0.01393797508656226 0.5077281035654616
307 0.01385595136257982 0.5110019335823115
308 0.01386808855407065 0.5125454273660046
309 0.01369983950560326 0.5142318307821854
310 0.01358748169853926 0.5150996903315452
311 0.0133730370656366 0.5159440883471728
312 0.01321530786704197 0.5167489179058259
313 0.01303485540041801 0.5172359445438705
314 0.01289272650534796 0.5178511621521754
315 0.01273098493362106 0.518358380482031
316 0.01261961086149949 0.5187319522652049
317 0.01251297020584918 0.5192721720444516
318 0.01238928165241548 0.5194511478232917
319 0.01231399270931312 0.5198169022994451
320 0.01221344194432152 0.5200557165418034
321 0.01212137370782108 0.5202070910588831
322 0.01206310896597484 0.5204984005165837
323 0.01196940489716005 0.5205972865823348
324 0.01191364746645353 0.5208306402618644
325 0.01185359543723182 0.520998974897529
326 0.01178809605125175 0.5211095473182582
327 0.01174479561640784 0.5213075358374314
328 0.01169203612016216 0.5214315516157844
329 0.01165240577075004 0.5215989823800138
330 0.01161768623304742 0.5217560933622253
331 0.01158050009899527 0.521897771106002
332 0.01155305809841916 0.5220566722238023
333 0.01152204698531937 0.5221842065363738
334 0.0114964458695142 0.5223172229465024
335 0.01146980608283732 0.5224366291714989
336 0.01144409543517264 0.5225393209848068
337 0.01141966226632063 0.5226409423029202
338 0.01139392923262749 0.5227200421740815
339 0.01136965557272906 0.5227963271346153
340 0.0113455635718308 0.5228559320460595
341 0.01132033999910815 0.5229115596274851
342 0.01129470047056265 0.5229573523957305
343 0.01127258980993732 0.5229916111559908
344 0.01124833049339237 0.5230279347953838
345 0.01122774284353324 0.5230535976188122
346 0.01120470254696898 0.5230825842097645
347 0.01118686716070181 0.5230996788529225
348 0.01116763281524474 0.5231270655101968
349 0.01115279455117968 0.5231505976632597
350 0.01113634709789753 0.5231781644966498
351 0.01112426649379443 0.5232037682225446
352 0.01111260874929185 0.5232334845812399
353 0.01110304499062304 0.5232660752291504
354 0.01109407071326888 0.5232975064048273
355 0.01108740507806442 0.5233315387948151
356 0.01108177374237787 0.5233696088826177
357 0.01107758476443201 0.5234086547199461
358 0.01107448955682697 0.5234489133725867
359 0.01107261533853107 0.5234906419819612
360 0.01107167712503553 0.5235334123963683
361 0.01107172351917544 0.5235775379569959
362 0.01107266395945502 0.5236213991809872
363 0.01107446140109785 0.52366854989654
364 0.01107665554266495 0.5237134175314935
365 0.01107962911954191 0.5237584308255185
366 0.01108294496947324 0.5238034914931433
367 0.01108669440776801 0.5238477513691062
368 0.0110907050245527 0.5238894320244243
369 0.01109541471856672 0.5239303498485122
370 0.01109982879772956 0.523971989285369
371 0.0111044987736142 0.5240107834885516
372 0.01110880311393814 0.5240467546109775
373 0.01111419926775323 0.524081056998014
374 0.01111918281453943 0.5241155249092678
375 0.01112398899262994 0.5241480189766561
376 0.01112931168616469 0.5241767145787048
377 0.0111343746021083 0.524205801024919
378 0.01113903361631779 0.5242320215497405
379 0.01114428462995076 0.5242559416593137
380 0.01114917049833837 0.5242794857589804
381 0.01115371245304305 0.524301193009303
382 0.01115838041225073 0.5243190126323334
383 0.01116309463509433 0.524337223497614
384 0.01116762411277636 0.5243539665253515
385 0.01117206615986951 0.5243694238405192
386 0.01117619517654227 0.5243822454264503
387 0.01118038721176542 0.5243945066627848
388 0.01118425145829377 0.5244046399655145
389 0.01118805358812333 0.5244136320126522
390 0.01119160371750674 0.5244206810183276
391 0.01119508167316262 0.5244271595820731
392 0.01119832112384544 0.524431841506141
393 0.01120150179456605 0.5244364094693703
394 0.01120449504023016 0.5244390648432475
395 0.01120739758317991 0.524443036841704
396 0.01121015353008278 0.5244446791874993
397 0.01121284318308192 0.5244470059834493
398 0.01121539745894782 0.5244488085523485
399 0.01121791635931898 0.5244515373295925
400 0.01122029699490549 0.5244542039457031
401 0.01122270364782402 0.5244566025200433
402 0.01122490586563747 0.5244597747255414
403 0.01122720726543656 0.524463498976761
404 0.01122928411229509 0.5244683530513196
405 0.01123144743095236 0.5244745076294985
406 0.01123344277172309 0.5244802618257911
407 0.01123547619700135 0.5244878945068449
408 0.01123737451438847 0.5244959328150018
409 0.01123932573340311 0.5245061944064743
410 0.01124115288036823 0.5245169868480378
411 0.01124305415055903 0.524530197502748
412 0.01124482252821241 0.5245432305283104
413 0.01124668018789383 0.5245599859326981
414 0.0112484579367094 0.5245775987261898
415 0.01125030573969721 0.5245980363045677
416 0.01125206345864363 0.5246193626789121
417 0.01125390096489037 0.5246441367471431
418 0.01125560769208452 0.5246698467144346
419 0.01125756196366544 0.5246974267929428
420 0.01125926381999241 0.5247295078554941
421 0.0112613644282645 0.5247643135958212
422 0.01126318537663285 0.5247979619340151
423 0.01126509679953444 0.524837134080708
424 0.01126698344322589 0.5248756437975265
425 0.01126883862452393 0.524919607993327
426 0.01127102221098522 0.5249672912770289
427 0.01127303957185373 0.5250147632263068
428 0.01127500956790709 0.5250670997452475
429 0.01127702717658673 0.5251190350514566
430 0.01127887318469306 0.5251755029917038
431 0.0112809925673123 0.5252318695370966
432 0.01128269680734324 0.5252915328941266
433 0.0112846392394075 0.5253545246256683
434 0.01128637098781993 0.5254187543005755
435 0.01128826119835136 0.5254865234141278
436 0.01129000698068879 0.5255551538420502
437 0.01129180196983446 0.5256256713678124
438 0.01129353536545717 0.5257009465162311
439 0.01129535656638032 0.5257775010158297
440 0.0112969194496017 0.5258536314394315
441 0.01129861266418574 0.5259344336863808
442 0.01130020872031031 0.5260170399152798
443 0.01130187182130037 0.5261025894217362
444 0.01130336666916761 0.5261891299608774
445 0.01130492526852161 0.5262784453694823
446 0.01130633673694568 0.5263687946699055
447 0.0113078206858446 0.526462000983009
448 0.01130915805172505 0.5265561957097937
449 0.01131056252885569 0.5266531645168208
450 0.01131182138284759 0.5267510698417811
451 0.01131314040647785 0.5268516080058374
452 0.01131432148238169 0.5269530254307536
453 0.0113155445679253 0.5270568948918137
454 0.01131662029791675 0.5271615095912248
455 0.01131775949686042 0.5272685315543301
456 0.01131873027469891 0.5273760722323536
457 0.01131976623620453 0.5274858777628534
458 0.01132062456064723 0.5275960821892554
459 0.01132154205752232 0.5277083775297465
460 0.01132228459282403 0.527820992832631
461 0.01132307435564549 0.5279355204345577
462 0.01132368242962514 0.5280502240612308
463 0.01132433879912768 0.5281666985620256
464 0.01132480314621259 0.5282831609103414
465 0.01132532336269482 0.5284013077172565
466 0.01132562612529386 0.5285172452856083
467 0.0113260570225727 0.5286375520467457
468 0.01132626550576833 0.5287598516478497
469 0.01132655306382211 0.5288801292839695
470 0.01132648227683043 0.5289992076867299
471 0.01132653913230017 0.5291202501949912
472 0.01132639898972582 0.5292405525373144
473 0.01132633258651784 0.5293626561588155
474 0.01132607118905933 0.5294835714032948
475 0.01132584531693858 0.5296059870253558
476 0.01132542512313622 0.5297266702532347
477 0.01132502728961171 0.5298489137646142
478 0.01132447489656807 0.5299698413719097
479 0.01132393833697244 0.5300916759049801
480 0.01132320539167567 0.5302120031254156
481 0.01132249613545765 0.5303330511823826
482 0.01132158834270656 0.5304524894262752
483 0.01132069821341797 0.5305724457076657
484 0.01131961724879709 0.5306906783926925
485 0.01131854653542372 0.530809255825188
486 0.01131727525692851 0.5309258552435059
487 0.01131602582541413 0.5310428022958626
488 0.01131456886656559 0.5311575808933056
489 0.01131310151952504 0.5312730321415768
490 0.01131165804647185 0.5313871216639611
491 0.01130959063929065 0.5314977097110599
492 0.01130817848172844 0.5316089448428211
493 0.01130583645894861 0.5317190117776828
494 0.01130437215960355 0.5318250332766494
495 0.01130168297331222 0.5319340119257033
496 0.01130014171814149 0.5320363578271111
497 0.01129715811560365 0.5321434171622608
498 0.01129553660565979 0.5322420083788653
499 0.01129235192131265 0.532343719573552
500 0.01129029172902567 0.5324415448467528
501 0.01128756708023775 0.5325379812665114
502 0.01128491370860962 0.5326332187291254
503 0.01128223796209801 0.5327268723644475
504 0.01127937545334552 0.5328194942293888
505 0.01127651618350857 0.5329113102564207
506 0.01127361517355155 0.5329977450827186
507 0.01127050405295428 0.5330857506010478
508 0.01126749307657695 0.5331683067376272
509 0.0112641668229889 0.5332564623058411
510 0.01126113682419543 0.5333349525058695
511 0.01125778454097699 0.5334161132701177
512 0.01125454214162968 0.5334910795519061
513 0.01125111942330702 0.5335696528643329
514 0.01124789206047562 0.5336414363701918
515 0.01124440537133246 0.5337171670634022
516 0.01124114183987572 0.5337858724875925
517 0.01123761385725098 0.5338580175235255
518 0.01123442525079334 0.5339216699992259
519 0.01123083356349578 0.533992047118745
520 0.01122680350362383 0.5340673151562658
521 0.01122389018053454 0.5341277756289318
522 0.0112196427424304 0.5341953919554903
523 0.01121656522628673 0.534250138655583
524 0.01121212895385711 0.5343136688738944
525 0.01120902576123026 0.5343665228348179
526 0.0112051851591204 0.5344223554741521
527 0.01120089628834365 0.5344890843989643
528 0.01119806563179173 0.5345381497893074
529 0.01119384338441842 0.534601426891569
530 0.01119049301368678 0.5346527912799913
531 0.01118696075720463 0.5347027417209933
532 0.0111833063242028 0.5347504415767254
533 0.0111798693818363 0.5348007242527889
534 0.0111764459875979 0.5348504531687895
535 0.01117323262609014 0.5349016224149058
536 0.01116998854537191 0.5349515209806561
537 0.01116687015928346 0.5350016178104596
538 0.01116387541324385 0.5350471019903114
539 0.01116059461146568 0.5350992260325492
540 0.01115762551326088 0.535147329942024
541 0.01115490232821753 0.5351931440502474
542 0.01115171175109288 0.5352417720001367
543 0.01114917502200659 0.5352876324228963
544 0.0111463443021914 0.5353334822034378
545 0.01114372048904431 0.5353818951551007
546 0.01114138136995462 0.5354249616732866
547 0.01113885665622052 0.5354737807080586
548 0.01113645841291712 0.5355221183058251
549 0.01113450420830629 0.5355680361933152
550 0.01113233028932841 0.5356132818236
551 0.01113023325158475 0.5356637989665471
552 0.01112857836037498 0.5357050300770474
553 0.01112621014737709 0.5357646289491482
554 0.01112485058228324 0.5358077236725788
555 0.01112319602656218 0.5358588757998507
556 0.01112105742722931 0.5359187709489625
557 0.01112005280224569 0.5359636206928332
558 0.01111850061034926 0.5360110071923564
559 0.01111701969665078 0.5360617127821955
560 0.01111517923943108 0.5361219848562531
561 0.01111442368587138 0.5361673230669283
562 0.01111290933634597 0.5362253245888854
563 0.01111198505665973 0.536278612127547
564 0.01111094914786228 0.5363295814006651
565 0.01110989580892681 0.5363866483595645
566 0.01110900063266007 0.5364396464315176
567 0.01110828149894565 0.5364918497626305
568 0.01110745832037346 0.5365449335818298
569 0.01110679671374776 0.536604690768365
570 0.01110631292841525 0.5366601094260631
571 0.01110588122010446 0.5367202136250306
572 0.01110548577835887 0.5367771439258133
573 0.01110517167480322 0.5368341486304538
574 0.01110475943995327 0.5368914070403122
575 0.01110455040804067 0.5369508626834356
576 0.01110436126122755 0.5370076192294578
577 0.01110430732857713 0.5370695131818255
578 0.01110429443318144 0.5371316743449458
579 0.0111044383330422 0.5371951398439931
580 0.01110449235841236 0.5372526800189047
581 0.01110460860727402 0.5373159996656303
582 0.01110472872546153 0.5373801043465622
583 0.01110504453892818 0.5374454129620192
584 0.01110527562898238 0.5375114957992151
585 0.01110563348689949 0.5375760798098201
586 0.01110585649027344 0.5376335967093866
587 0.0111061387356908 0.5376971276537937
588 0.01110644965313925 0.5377628217020539
589 0.01110694392821494 0.5378212101036415
590 0.01110736853743067 0.5378977440373711
591 0.0111080442934332 0.5379581416077132
592 0.01110850184418287 0.5380241554536316
593 0.01110910752337416 0.538092992931668
594 0.01110964900851802 0.5381612020598912
595 0.01111029273692514 0.5382301156801107
596 0.01111081487235895 0.5382972882838283
597 0.01111145764874731 0.5383764538711356
598 0.01111194982678014 0.5384327770992648
599 0.01111233315721596 0.5385058141671445
600 0.01111271199539946 0.5385707877858872
601 0.01111313130407514 0.5386353420404648
602 0.01111342308529361 0.5386984134269946
603 0.01111385304440073 0.5387638541422703
604 0.01111427870840763 0.5388365595466363
605 0.01111496909008436 0.5389055410392263
606 0.01111540629107298 0.5389705855300019
607 0.01111588597403747 0.5390369173831464
608 0.01111621994727155 0.5391016666866912
609 0.01111667351598125 0.5391687157403136
610 0.01111703405437896 0.5392347393071648
611 0.01111751819446801 0.539302308757423
612 0.01111790327085689 0.5393740458784587
613 0.01111838139950926 0.539439785973731
614 0.01111857845816934 0.539506336673549
615 0.0111188503337206 0.5395702381074633
616 0.0111189094535697 0.5396326017123757
617 0.01111909667622614 0.5396963426449212
618 0.01111920545654576 0.539759885484943
619 0.0111195967572714 0.5398254247028348
620 0.01111933487838071 0.5398876966794527
621 0.01111968584679699 0.539951810889194
622 0.01111980090107678 0.5400104584527483
623 0.01111973051774589 0.5400722750513809
624 0.01111949498588373 0.5401402189973719
625 0.01111981241102122 0.5401970316335289
626 0.01111961127126649 0.5402560963024828
627 0.01111952824833521 0.540318264334981
628 0.01111949475588277 0.540382316938308
629 0.0111190759738485 0.5404372122820251
630 0.01111870677725405 0.5404907472815268
631 0.01111851232690866 0.5405358431238579
632 0.01111778682130323 0.5406109126496758
633 0.01111788798874115 0.5406697554296446
634 0.01111756131613989 0.5407117859179493
635 0.01111677312618838 0.5407771336567722
636 0.01111640847214122 0.5408225558820522
637 0.01111579814136838 0.5408768520297471
638 0.01111513728631626 0.5409309971041091
639 0.01111461970310981 0.5409864706047214
640 0.01111398131444342 0.5410395617625993
641 0.01111327355640591 0.5411045486200392
642 0.01111276021873515 0.5411458076558262
643 0.01111177575062695 0.5411922169755602
644 0.0111105609032161 0.5412374890981039
645 0.01110925194801367 0.5412956238706836
646 0.01110851424146318 0.5413346056122034
647 0.01110724936324684 0.5413893316117024
648 0.01110619633254955 0.5414408356895272
649 0.011105454147072 0.5414757337107874
650 0.01110359476299951 0.5415265318127436
651 0.01110255361266897 0.5415721078313022
652 0.01110127429036275 0.5416138887093647
653 0.01109999722365667 0.5416557351049043
654 0.01109857370474239 0.5416957908705867
655 0.01109724526161983 0.541738156548215
656 0.01109588387489544 0.541779508621302
657 0.01109463845888991 0.5418226874233136
658 0.01109329188396965 0.5418638515844458
659 0.01109202479007462 0.5419061859625532
660 0.01109049807771801 0.5419534184144407
661 0.01108936917526294 0.5419915538491815
662 0.01108768353020776 0.5420294080340045
663 0.01108616662834441 0.5420671725695032
664 0.01108455297480095 0.5421040147879825
665 0.01108310012924745 0.5421419555476222
666 0.01108154330936117 0.5421817754858868
667 0.01108026015009268 0.542218085581075
668 0.01107891256427649 0.5422558949458628
669 0.01107695301637902 0.5422975199293162
670 0.01107585524860615 0.5423334308264903
671 0.01107433564658468 0.5423685841053574
672 0.01107274096776934 0.5424053359369844
673 0.01107136016450557 0.5424411145510295
674 0.01106981787345949 0.5424785153938265
675 0.01106849546493242 0.5425144009634165
676 0.01106697186663897 0.5425517911837565
677 0.01106565677592978 0.5425874274470731
678 0.01106411844105824 0.5426231107768813
679 0.01106281396834119 0.54265991373288
680 0.01106141920864169 0.5426938244580012
681 0.01106006760193182 0.5427328039252927
682 0.01105880897790399 0.5427670795554291
683 0.01105749394389501 0.5428037497117699
684 0.01105614649328266 0.5428399573065741
685 0.01105495602315728 0.5428767340134806
686 0.01105363939572479 0.5429127423843574
687 0.01105248381619503 0.5429493541816702
688 0.01105121741852703 0.5429834447892523
689 0.01105002119296246 0.5430218787167683
690 0.01104889419694518 0.5430570446847509
691 0.01104777658000429 0.5430956453422429
692 0.01104672040573489 0.5431281437042864
693 0.0110455994665308 0.5431650339245986
694 0.01104447579300297 0.543202644210202
695 0.01104359906446963 0.5432416867606455
696 0.01104261587898901 0.5432795805822579
697 0.01104181143644616 0.5433152400222749
698 0.01104072290298654 0.5433536748121419
699 0.01104002186555861 0.5433852163238104
700 0.01103876521674871 0.5434274807852686
701 0.01103821790160467 0.5434601150729905
702 0.01103706094363546 0.5435101398182633
703 0.01103670733954984 0.5435421300623884
704 0.01103572606900697 0.5435839996924213
705 0.01103520058382272 0.5436158364144378
706 0.01103421280990743 0.5436523768199708
707 0.01103326498987485 0.5436994050306754
708 0.01103274273557036 0.5437312678924977
709 0.01103195106949158 0.5437769640036102
710 0.01103143886074419 0.5438082904320302
711 0.011030552618702 0.5438577444871283
712 0.01103002334468758 0.54389573500036
713 0.0110294065888075 0.543932252624084
714 0.01102856580713666 0.5439667971806514
715 0.01102782029371879 0.5440038024116388
716 0.0110270652866575 0.5440408900770494
717 0.01102652920018915 0.5440802276038785
718 0.01102597084941764 0.5441190498382038
719 0.01102554653041254 0.5441591914679781
720 0.01102501003785014 0.5442013803611158
721 0.0110246331576913 0.5442402966452989
722 0.01102403382893952 0.5442746258520682
723 0.0110234253616172 0.544316008439621
724 0.01102289600917635 0.5443539418697613
725 0.01102244233943911 0.5443924312317884
726 0.01102192167514979 0.54442738081776
727 0.01102144754099326 0.5444661975277921
728 0.01102093144335287 0.5445048619468791
729 0.01102057241506461 0.5445477607218816
730 0.01102017002334097 0.5445851917549343
731 0.01101976124324228 0.5446197371290873
732 0.0110191410150293 0.5446560151665684
733 0.01101870912217323 0.5446940751666643
734 0.01101821894584908 0.5447313285751225
735 0.0110178615605746 0.5447691585984245
736 0.0110173714694172 0.5448057882247868
737 0.01101695510676412 0.5448455789780391
738 0.01101650799391387 0.5448777134011328
739 0.01101593793609285 0.5449180563616381
740 0.01101549131268231 0.5449501928384277
741 0.01101493981148309 0.5449843103858275
742 0.01101438739679768 0.5450156709156554
743 0.01101388000711313 0.5450510922173647
744 0.01101338316316945 0.5450859238447262
745 0.01101298249679324 0.5451214652287039
746 0.01101248296348338 0.5451549715894457
747 0.01101199702951228 0.5451886595763916
748 0.0110114053486614 0.5452205057570418
749 0.01101087302548244 0.5452502207923023
750 0.01101016660746893 0.5452832136174384
751 0.01100962665317677 0.545315923072941
752 0.01100899227735619 0.5453461458103684
753 0.01100839586281214 0.5453761075530205
754 0.01100763088041344 0.5454071963167217
755 0.01100700968338526 0.5454354297294081
756 0.01100622828808621 0.5454623264984115
757 0.0110055028144241 0.5454897843476489
758 0.01100475895883549 0.5455143496250642
759 0.01100401255143204 0.5455419404962102
760 0.01100323683503176 0.5455687069656774
761 0.01100253878672251 0.5455955912286993
762 0.01100189231997095 0.5456153025619521
763 0.01100108693081799 0.5456393325414388
764 0.01100006794828956 0.5456689567075756
765 0.01099951792503381 0.5456896736857549
766 0.01099863226532541 0.5457127602155287
767 0.01099778941787384 0.5457365315099073
768 0.01099687520186453 0.5457581379451261
769 0.01099597483781256 0.5457798094179527
770 0.01099497827941223 0.5457996387915844
771 0.01099400877524596 0.5458195166034131
772 0.01099294944989012 0.5458376621174134
773 0.01099193154602773 0.5458561396867007
774 0.01099084062306444 0.5458731582863122
775 0.01098980627198243 0.5458905520351206
776 0.01098870877529467 0.5459066110940556
777 0.01098766729785619 0.5459230513507602
778 0.01098656076566472 0.5459380387486337
779 0.0109854987371243 0.5459534003676012
780 0.01098436678538088 0.5459673398857059
781 0.01098327597754358 0.5459816358927952
782 0.01098211796171845 0.5459944194403485
783 0.01098100141326296 0.5460076348248873
784 0.01097981998069269 0.5460192728491314
785 0.01097867993743472 0.5460313132825955
786 0.01097747856760946 0.5460420220280674
787 0.01097632655840588 0.5460531024759279
788 0.01097511741222993 0.5460628496347365
789 0.01097373342920917 0.5460752690260843
790 0.01097280950838179 0.5460823001285151
791 0.01097128704544918 0.5460937149132834
792 0.0109702381083868 0.546100435865323
793 0.01096896139184464 0.5461084211862428
794 0.0109678189524783 0.546113859718424
795 0.01096648239723506 0.5461213621416235
796 0.01096525188797383 0.5461276567721859
797 0.01096413472267656 0.5461346256476108
798 0.01096297126511291 0.5461404339689879
799 0.01096176793355539 0.5461475141387482
800 0.0109607247771955 0.5461521047245979
801 0.01095949973366343 0.5461581116718679
802 0.01095834945738131 0.5461625359162288
803 0.01095725243906742 0.5461675508433799
804 0.01095610442558171 0.5461713637455029
805 0.01095502348396615 0.5461759603947861
806 0.0109539051838855 0.5461795256873772
807 0.01095286509602416 0.5461839073723179
808 0.01095179543442794 0.5461872869782428
809 0.01095073913844951 0.5461917549615064
810 0.01094978409001212 0.5461945475229312
811 0.01094875199481343 0.5461984572344605
812 0.01094775995361401 0.5462011282836219
813 0.01094683817773662 0.546204570704088
814 0.01094587321351708 0.5462070702681578
815 0.0109449924364883 0.5462104807377076
816 0.01094407940858558 0.5462130279626262
817 0.01094325383042016 0.5462164527111301
818 0.01094239801797731 0.5462190506013402
819 0.01094162349442124 0.5462224641592348
820 0.01094081776464922 0.5462250696433132
821 0.01094009530686312 0.5462285141074811
822 0.01093933815209173 0.5462311612618316
823 0.01093867246439426 0.5462347166309014
824 0.0109379709773811 0.546237494396812
825 0.01093736003528714 0.5462411824586859
826 0.01093671854279468 0.5462441645744163
827 0.01093616831854193 0.5462480662231971
828 0.01093558635020259 0.5462512710419664
829 0.01093509356143157 0.5462553968983266
830 0.01093457053498803 0.5462588619506726
831 0.01093413886626414 0.5462632690810949
832 0.01093367541053244 0.5462670303484749
833 0.01093330388714673 0.5462717409777326
834 0.01093289947400352 0.5462758295267599
835 0.01093258755857095 0.5462808696075888
836 0.01093224291114339 0.5462853104945997
837 0.01093198892898838 0.5462906935763888
838 0.01093170288313661 0.5462955075948083
839 0.01093150817133635 0.5463012644194467
840 0.01093127953404818 0.5463064644309232
841 0.01093114136044676 0.5463126014273705
842 0.01093096818871501 0.5463181976204656
843 0.01093088395014531 0.5463247174421917
844 0.0109307641473497 0.5463307143312884
845 0.01093073159978428 0.546337620257224
846 0.0109306617963893 0.5463439985120132
847 0.01093067684620586 0.5463512585523675
848 0.01093065298630243 0.5463579974230979
849 0.01093071277138238 0.5463656142730128
850 0.01093073302992955 0.5463727207673321
851 0.01093083619835105 0.5463806938428055
852 0.0109308982314467 0.5463881543020322
853 0.01093104059413767 0.5463964582942025
854 0.01093114068946028 0.5464042484182861
855 0.01093132009639303 0.5464128677921944
856 0.01093145654009257 0.5464209767913547
857 0.01093167004143618 0.5464299005527266
858 0.01093183755786235 0.5464382928831339
859 0.01093207978010093 0.546447479452676
860 0.01093227601480503 0.546456142065296
861 0.01093254603258708 0.5464655884622868
862 0.01093276741239673 0.5464744857874301
863 0.01093306028020818 0.546484148818266
864 0.01093330385752249 0.5464932637062011
865 0.01093361727122563 0.5465031272287851
866 0.01093387815717189 0.5465124099896154
867 0.01093420713438658 0.5465224301442141
868 0.01093448251023336 0.5465318591032217
869 0.01093482461993345 0.5465420131391808
870 0.01093510997368965 0.5465515414190507
871 0.01093546029331109 0.546561782225918
872 0.01093575300713883 0.5465713875687375
873 0.01093611003569561 0.5465816991897005
874 0.01093640588130577 0.5465913330416281
875 0.01093677436868723 0.5466016629406134
876 0.01093703278139967 0.5466110736797554
877 0.01093741895967183 0.546621633676154
878 0.01093769262376739 0.546631026768308
879 0.01093807269021409 0.5466415330002038
880 0.01093833402939519 0.5466508110467743
881 0.01093869979300569 0.5466611922969541
882 0.01093894559721926 0.5466703105750806
883 0.01093929758938173 0.546680544005516
884 0.01093952996092566 0.546689501847455
885 0.01093986646092642 0.5466995498071876
886 0.01094008134479977 0.5467082960507923
887 0.01094040745495988 0.5467184553353648
888 0.01094059210220939 0.5467265341453316
889 0.01094087805341783 0.5467360460015427
890 0.01094105430390764 0.5467442802718387
891 0.01094132585217806 0.5467538999271359
892 0.01094146155153778 0.5467613446878992
893 0.01094169998566558 0.5467705224455135
894 0.01094181222802918 0.5467777255121568
895 0.01094201788254495 0.5467862740671813
896 0.0109421178299294 0.546793820100717
897 0.01094228670426942 0.5468015662127411
898 0.01094233982625272 0.5468085941427623
899 0.01094248529579086 0.5468160032109202
900 0.01094250541131506 0.5468222907147033
901 0.01094261888508078 0.5468299374928054
902 0.01094261146168839 0.5468355080714365
903 0.01094268316492906 0.5468425522613687
904 0.01094264021819806 0.5468476994466412
905 0.01094267529929577 0.5468542637139497
906 0.01094259941045364 0.5468589256371764
907 0.0109426014112621 0.5468650311919667
908 0.01094249092381123 0.5468692401678571
909 0.01094245820787251 0.546874590015868
910 0.01094231268950461 0.5468785656834415
911 0.01094224661535022 0.5468837611516323
912 0.01094207774660468 0.5468869968730026
913 0.01094197191111006 0.5468912940619042
914 0.01094175269708756 0.5468942579133258
915 0.0109416265758508 0.5468981930781522
916 0.010941376902195 0.5469007073135309
917 0.01094121975216121 0.5469041499863216
918 0.01094093661585013 0.5469061502210164
919 0.01094074733873907 0.5469091015774171
920 0.01094043479855578 0.5469106353702511
921 0.01094021502140382 0.5469131188947697
922 0.01093987500382873 0.5469142059363306
923 0.0109396291384172 0.5469162666118064
924 0.01093926380765151 0.5469169306216307
925 0.01093899315740257 0.5469185760769322
926 0.01093860407786336 0.5469188319196009
927 0.01093831208135075 0.5469200991729588
928 0.0109379024556332 0.546919980850288
929 0.01093758991703746 0.5469208819181409
930 0.01093716190459224 0.5469204125874649
931 0.01093683215814912 0.546920984973903
932 0.01093638861094907 0.5469201985777696
933 0.01093604454505089 0.5469204745238894
934 0.01093558753872984 0.5469193973666049
935 0.01093523225855154 0.5469194128528241
936 0.01093476598158217 0.5469180934082485
937 0.01093440143883558 0.5469178733740205
938 0.01093392753610347 0.5469163355226007
939 0.01093355744632336 0.5469159262400028
940 0.01093307932135527 0.5469142122794394
941 0.01093270611171751 0.5469136461330997
942 0.01093222595488223 0.5469117874386797
943 0.01093185275024738 0.5469111030827696
944 0.01093137501643499 0.5469091543095352
945 0.01093100549898026 0.5469083969766245
946 0.01093053110903526 0.5469063791905988
947 0.01093016668175745 0.5469055747717035
948 0.01092969897027714 0.546903532248825
949 0.01092934372907669 0.5469027320351894
950 0.01092888714566633 0.5469007202645541
951 0.01092854350063665 0.5468999592748156
952 0.010928099062536 0.5468980055686895
953 0.01092776968104571 0.5468973237357192
954 0.01092733934766731 0.5468954564921279
955 0.01092702577176741 0.5468948833056011
956 0.0109266125491988 0.5468931466837433
957 0.01092631739300041 0.5468927198988146
958 0.01092592421443514 0.5468911557862759
959 0.01092564991459496 0.5468909124972734
960 0.01092527758966395 0.5468895455680842
961 0.01092502688302242 0.5468895267414335
962 0.01092467760848808 0.5468883868977116
963 0.01092444923639465 0.5468885951308567
964 0.01092412323326373 0.5468877008957395
965 0.01092392112041666 0.5468881888668155
966 0.01092362272612412 0.546887593055013
967 0.01092344774458684 0.5468883822302586
968 0.01092317660386612 0.5468880950304428
969 0.01092302862988307 0.546889196720631
970 0.01092278515142418 0.546889237293038
971 0.01092266562549827 0.5468906800837058
972 0.0109224509707053 0.5468910666665445
973 0.01092235939845043 0.5468928590900483
974 0.01092217356472309 0.5468936040844961
975 0.01092211157072711 0.5468957641166639
976 0.01092195333095958 0.5468968732249165
977 0.01092192070051457 0.5468994128955729
978 0.01092179405278259 0.546900931544953
979 0.01092179086423981 0.5469038678639708
980 0.01092169222739751 0.5469057674887232
981 0.0109217157292406 0.5469090667181938
982 0.01092164255805328 0.5469113428894997
983 0.01092169421995057 0.5469150397848286
984 0.01092165122569067 0.5469177255534919
985 0.01092173062611629 0.5469218135381118
986 0.01092171299760976 0.5469248814910376
987 0.01092181833315403 0.5469293488145724
988 0.01092182663655933 0.5469328077167656
989 0.01092195449093119 0.5469376386228306
990 0.01092198662295238 0.5469414716109133
991 0.01092213815439813 0.5469466649489223
992 0.01092219191065856 0.5469508603125356
993 0.01092236490540792 0.546956409080862
994 0.01092243859395687 0.5469609373586654
995 0.01092262910844411 0.5469668091200355
996 0.01092272198661111 0.5469716642829648
997 0.01092293042412484 0.5469778464960918
998 0.01092303922576512 0.5469830074603554
999 0.01092326229995379 0.5469894734244584
1000 0.01092338619174964 0.5469949194460395
1001 0.01092362180038037 0.5470016467716101
1002 0.01092375601119358 0.547007332377928
1003 0.01092400222903837 0.5470142962184742
1004 0.0109241470145501 0.5470202208979988
1005 0.01092440131181741 0.5470273943580961
1006 0.01092455319959709 0.5470335099282018
1007 0.01092481243443521 0.5470408524544473
1008 0.01092496820385761 0.5470471364197347
1009 0.01092523119545847 0.5470546271220432
1010 0.01092537393129384 0.5470607145524364
1011 0.01092564955534511 0.5470686959199502
1012 0.01092580419985743 0.547074953305575
1013 0.01092607668046328 0.5470829580133334
1014 0.01092621978404838 0.5470892125832981
1015 0.01092648654490679 0.5470972476365495
1016 0.01092662599244302 0.5471035161903774
1017 0.01092688032428548 0.5471115109268317
1018 0.0109270095351409 0.5471177772777454
1019 0.010927259076658 0.5471257890933706
1020 0.01092738259458557 0.5471320194625537
1021 0.01092761696229748 0.5471399292935485
1022 0.01092772476428373 0.5471460794177682
1023 0.01092794632791715 0.5471539086372114
1024 0.01092805426546041 0.5471602662221191
1025 0.0109282453172123 0.5471675721324826
1026 0.01092832581329 0.5471736845384187
1027 0.01092850223570335 0.5471808824124621
1028 0.01092856933361123 0.5471868774800753
1029 0.01092872939320996 0.547193913591365
1030 0.01092877615552926 0.5471996953425874
1031 0.01092891474301262 0.5472064999535006
1032 0.01092893951416868 0.5472120374949917
1033 0.01092905415225553 0.5472185688466455
1034 0.0109290531931771 0.5472238098553694
1035 0.01092914387531626 0.5472300552024749
1036 0.01092911724892758 0.5472349852162578
1037 0.01092918291360843 0.5472409137123443
1038 0.01092913154765625 0.5472455250172081
1039 0.01092917007932468 0.5472511052341692
1040 0.01092909107142256 0.5472553505502125
1041 0.01092910207852048 0.5472605663272444
1042 0.01092899476130674 0.5472644275503183
1043 0.01092897842200292 0.5472692612110948
1044 0.01092884355530338 0.5472727359094294
1045 0.0109287996550307 0.5472771677825713
1046 0.01092863646856261 0.5472802302791439
1047 0.0109285638781522 0.5472842420793881
1048 0.01092837164729031 0.547286866808693
1049 0.01092827095637055 0.5472904526381922
1050 0.01092805137861702 0.5472926546865134
1051 0.01092792222015903 0.5472957970318819
1052 0.01092767396961174 0.5472975491364239
1053 0.01092751765115049 0.5473002570270058
1054 0.01092724200822139 0.5473015598337243
1055 0.01092705792734626 0.5473038148235709
1056 0.01092675553321604 0.5473046668753205
1057 0.01092654532262962 0.5473064698209751
1058 0.01092621771444216 0.5473068769834287
1059 0.01092598267279916 0.5473082421652782
1060 0.01092562990464735 0.5473081899364486
1061 0.01092537141562644 0.5473091221601796
1062 0.01092499616156703 0.5473086386550785
1063 0.0109247144187264 0.5473091278963454
1064 0.01092431733663633 0.5473082111368351
1065 0.0109240157765643 0.5473082926653251
1066 0.0109235996262463 0.5473069638126958
1067 0.01092327848573133 0.5473066347157522
1068 0.01092284459742479 0.5473049064040377
1069 0.01092250709064223 0.5473041919149387
1070 0.01092205807830733 0.5473020863761655
1071 0.01092170489448424 0.5473009970789644
1072 0.01092124070516591 0.5472985110912794
1073 0.01092087486104848 0.5472970744686542
1074 0.0109204005426182 0.5472942615165017
1075 0.01092002368901824 0.5472924899431793
1076 0.0109195618864168 0.5472894223192221
1077 0.01091915189851712 0.5472872694061583
1078 0.01091868463752526 0.5472839643433483
1079 0.01091827262080648 0.5472815494920968
1080 0.01091780328122524 0.547277984768896
1081 0.01091738589298653 0.5472752989473609
1082 0.01091691149661273 0.5472714976607925
1083 0.01091651919700446 0.5472687104943448
1084 0.01091601874389624 0.5472645532416731
1085 0.01091559784351728 0.5472613968804508
1086 0.01091513231885926 0.5472572865153703
1087 0.01091472560748631 0.5472540359298638
1088 0.01091426028178661 0.5472497541872604
1089 0.01091385697542453 0.5472463298435774
1090 0.01091339970706645 0.5472419395067295
1091 0.01091300525380061 0.5472384216630317
1092 0.01091255573067806 0.5472339605802734
1093 0.01091217395501829 0.5472303741192169
1094 0.01091173789971175 0.5472258761671691
1095 0.01091136957312447 0.5472222572117594
1096 0.01091094483120973 0.5472177418134947
1097 0.01091059409720045 0.5472141232246702
1098 0.01091016894636928 0.547209457824781
1099 0.01090985734193916 0.5472060634289724
1100 0.01090946785528802 0.5472016450342412
1101 0.01090915155388668 0.5471980867191742
1102 0.01090875919260346 0.5471935092048047
1103 0.0109084887873127 0.5471902465972531
1104 0.01090812220256306 0.5471858330591205
1105 0.01090787162851966 0.5471826698629084
1106 0.01090752749712085 0.5471783845860265
1107 0.01090729980323777 0.5471753501701242
1108 0.0109069781295176 0.5471711978349308
1109 0.01090677582361799 0.5471683346417597
1110 0.0109064803325157 0.547164366883959
1111 0.01090630353318363 0.5471616862953164
1112 0.01090603357203241 0.547157909216464
1113 0.01090588528345679 0.5471554574970598
1114 0.01090564413526061 0.5471519147941565
1115 0.01090552261595962 0.5471496841471996
1116 0.01090530784505711 0.5471463642726273
1117 0.01090521532601359 0.547144393042477
1118 0.01090502988900637 0.5471413358605062
1119 0.01090496547800426 0.54713962284244
1120 0.0109048076837618 0.5471368244315503
1121 0.01090477227740743 0.547135395882461
1122 0.01090464438766164 0.5471328896087468
1123 0.01090463727578007 0.5471317456437454
1124 0.01090453712117954 0.5471295200750503
1125 0.01090455712963558 0.5471286615020066
1126 0.0109044852714457 0.5471267340181249
1127 0.01090453324093826 0.5471261778369744
1128 0.01090448935462984 0.5471245546693002
1129 0.01090456520001075 0.5471243088790632
1130 0.0109045482387207 0.5471229872901907
1131 0.01090464963279124 0.5471230369440485
1132 0.01090465827842431 0.5471220144951309
1133 0.01090478496498551 0.5471223665933395
1134 0.01090481976224996 0.5471216565197956
1135 0.01090497096945093 0.5471223075365477
1136 0.01090502920566181 0.5471218905229351
1137 0.01090520377287421 0.5471228398313135
1138 0.01090528511959328 0.5471227181151634
1139 0.01090548033338787 0.5471239405560827
1140 0.01090558198861323 0.5471240917517983
1141 0.01090579793691599 0.547125593619915
1142 0.01090592072073562 0.5471260276333175
1143 0.01090615544699011 0.5471277919440036
1144 0.01090629563655523 0.5471284801905478
1145 0.01090653840714001 0.5471305052121727
1146 0.010906709286911 0.5471314917405526
1147 0.010906960602549 0.547133683134748
1148 0.01090714219820388 0.5471348422291092
1149 0.01090740657349968 0.5471372268240162
1150 0.01090760199427243 0.5471386282136164
1151 0.01090787669164565 0.5471412223856762
1152 0.01090808379449593 0.5471428348168963
1153 0.01090836917639549 0.5471456025160991
1154 0.01090858443316351 0.5471473902461199
1155 0.01090887418057864 0.5471502935683427
1156 0.01090909514589769 0.5471522220363835
1157 0.01090939109087547 0.5471552470737516
1158 0.01090961542642617 0.5471573004026742
1159 0.01090991230154412 0.5471604231351493
1160 0.01091013798314291 0.5471625724358139
1161 0.01091043761328939 0.547165778106306
1162 0.01091066309397717 0.547168010107681
1163 0.0109109592398827 0.5471712600478594
1164 0.01091118106786289 0.547173529749411
1165 0.01091147593158603 0.5471768128766005
1166 0.01091169352072529 0.5471791153885502
1167 0.0109119820372039 0.5471824038644918
1168 0.01091219197298288 0.5471846929342065
1169 0.01091248400968008 0.5471880322677449
1170 0.01091266824529862 0.5471901547432053
1171 0.01091294592500171 0.5471934011408485
1172 0.01091314088919792 0.5471956698826764
1173 0.01091341246107895 0.5471989168202295
1174 0.01091357525653644 0.5472008873024041
1175 0.01091383486655205 0.5472040352175229
1176 0.01091398896504897 0.5472059567937325
1177 0.01091423681356695 0.5472090194152734
1178 0.01091437554259326 0.5472108167824848
1179 0.01091460722832326 0.5472137348508683
1180 0.01091472881666586 0.5472153728053102
1181 0.01091494316026631 0.5472181266165481
1182 0.01091504710534757 0.547219592680933
1183 0.01091524349730857 0.547222170538391
1184 0.01091532896312813 0.5472234485290278
1185 0.01091550686921432 0.5472258341924592
1186 0.01091557297888137 0.5472269064419391
1187 0.01091573102828982 0.5472290790103731
1188 0.01091577677810247 0.5472299278844487
1189 0.01091591398463536 0.5472318713754892
1190 0.01091593862337084 0.5472324824671509
1191 0.0109160544615547 0.547234183917042
1192 0.01091605748710348 0.5472345449297277
1193 0.01091615170428276 0.5472359928368891
1194 0.0109161329015084 0.5472360938284382
1195 0.01091620525783633 0.5472372777990229
1196 0.01091616454418075 0.5472371106311934
1197 0.01091621495634048 0.5472380225041764
1198 0.01091615232737489 0.5472375805348673
1199 0.01091618089316373 0.5472382144958025
1200 0.01091609645440616 0.5472374928827297
1201 0.010916103416076 0.5472378451307679
1202 0.01091599746231589 0.5472368412464574
1203 0.01091598321940417 0.5472369099531994
1204 0.01091585629839331 0.5472356236312097
1205 0.01091582190627347 0.5472354146979519
1206 0.01091567488470473 0.547233849573884
1207 0.010915620272954 0.5472333575529635
1208 0.01091545296814078 0.547231507932476
1209 0.01091537921914543 0.5472307411168731
1210 0.01091519358429442 0.5472286219159803
1211 0.01091510256604323 0.5472275940836617
1212 0.01091490001433842 0.5472252189191154
1213 0.01091479189209457 0.5472239316847317
1214 0.01091457219646693 0.5472212951611399
1215 0.01091444797600893 0.547219757277537
1216 0.01091421346181698 0.5472168801775609
1217 0.01091407541812411 0.5472151117027758
1218 0.01091382783210305 0.5472120104985572
1219 0.01091368869767575 0.5472101186620402
1220 0.01091341561008128 0.5472066811162762
1221 0.01091326501118103 0.5472045913125183
1222 0.01091298160142863 0.5472009718781169
1223 0.01091282164967903 0.5471987134735377
1224 0.01091254336247832 0.5471950206813812
1225 0.01091236373400613 0.5471924697729209
1226 0.01091206500702781 0.547188514134604
1227 0.0109118937104947 0.5471859850737657
1228 0.01091160353251316 0.5471820139400813
1229 0.01091139804038107 0.5471790339914095
1230 0.01091110424162075 0.5471749786185544
1231 0.01091093032294494 0.5471722496352412
1232 0.01091062114857656 0.5471679120739572
1233 0.01091043504705232 0.5471650087328825
1234 0.01091012706672937 0.5471606226799954
1235 0.01090993366282078 0.5471575469799664
1236 0.01090965522048169 0.5471534521283794
1237 0.01090945417208385 0.5471502024249305
1238 0.01090916331926025 0.5471458837192786
1239 0.01090897945364535 0.5471428062167565
1240 0.01090870620994078 0.5471386438081802
1241 0.01090851234779256 0.5471353596110968
1242 0.01090823196784155 0.547131063717212
1243 0.0109080637259924 0.5471280299171712
1244 0.01090780491271308 0.5471239589654623
1245 0.01090762948176557 0.5471207679271702
1246 0.01090736903631133 0.5471165905174115
1247 0.01090721971122345 0.5471137080214985
1248 0.010906973637842 0.5471096611235174
1249 0.010906833306263 0.5471068396373245
1250 0.01090660574297601 0.5471030241050098
1251 0.01090646830815561 0.5471001559606012
1252 0.01090624499462587 0.547096328320103
1253 0.01090613731671322 0.5470938120289663
1254 0.01090593207389877 0.547090183076156
1255 0.01090583698125293 0.5470877985482753
1256 0.01090564590677512 0.5470843262854433
1257 0.01090556697088851 0.547082120794656
1258 0.01090539289292154 0.5470788406587335
1259 0.01090533180150675 0.5470768405651323
1260 0.01090517573038923 0.5470737718627249
1261 0.01090513295235826 0.5470719907538198
1262 0.01090499529105816 0.5470691469071913
1263 0.01090497105577303 0.547067596930545
1264 0.01090485234273717 0.5470649912685368
1265 0.01090484716170355 0.5470636864761299
1266 0.01090474768884304 0.5470613301473657
1267 0.01090476197380314 0.5470602821514059
1268 0.01090468181561003 0.5470581845022305
1269 0.01090471573114813 0.5470574032044708
1270 0.01090465497125375 0.5470555729132771
1271 0.01090470814722097 0.5470550625001945
1272 0.01090466697431745 0.5470535068080243
1273 0.0109047394569277 0.5470532750034793
1274 0.01090471770682637 0.5470519997689646
1275 0.01090480920025558 0.5470520501364805
1276 0.0109048062500637 0.5470510561268508
1277 0.01090491622294201 0.547051389295816
1278 0.01090493161033642 0.5470506779298094
1279 0.01090505955407718 0.5470512942785045
1280 0.01090509278692868 0.5470508656119852
1281 0.01090523798291493 0.5470517631853815
1282 0.0109052813908933 0.5470516164318993
1283 0.01090545036103414 0.5470528131994082
1284 0.01090551905460368 0.5470529181840312
1285 0.01090569309463341 0.5470543514126728
1286 0.01090576639528434 0.5470547097715348
1287 0.01090596702849562 0.547056485094449
1288 0.01090605447052426 0.5470570991269283
1289 0.01090626915222017 0.547059113476143
1290 0.01090636934721724 0.5470599530505513
1291 0.01090659462534771 0.5470622190406791
1292 0.01090670432607493 0.5470632928661721
1293 0.01090693208804886 0.5470657569922317
1294 0.01090707669107037 0.5470672104450205
1295 0.01090731180302523 0.5470698324600629
1296 0.01090743581581424 0.5470712917629094
1297 0.01090768112028747 0.5470741960183564
1298 0.01090784531103923 0.5470761145919071
1299 0.0109080843158368 0.5470790577941377
1300 0.01090824678997475 0.5470810859182897
1301 0.01090848792598117 0.5470841798299503
1302 0.01090865724268742 0.5470864042697415
1303 0.01090890480643688 0.5470896715945581
1304 0.01090907791940416 0.5470920648604272
1305 0.01090932522850858 0.5470954404418124
1306 0.01090949828205315 0.5470979470872196
1307 0.01090974657428924 0.5471014278150546
1308 0.01090990608620309 0.5471039110649747
1309 0.01091016637883263 0.5471076357960637
1310 0.01091033990483018 0.5471103765016636
1311 0.01091058154025678 0.5471139725736053
1312 0.01091073177843753 0.5471165578689403
1313 0.01091098344091087 0.5471203844163781
1314 0.01091113445807089 0.5471230872437377
1315 0.01091137959675214 0.5471269288711786
1316 0.01091152089399297 0.5471296173516331
1317 0.01091175612365055 0.5471334291529132
1318 0.01091188774241233 0.5471361019287074
1319 0.01091211434119932 0.5471398992750034
1320 0.01091223695047473 0.5471425578590661
1321 0.01091245401527526 0.5471463234109789
1322 0.01091256477404071 0.5471489293463971
1323 0.01091276989133995 0.5471526308954543
1324 0.01091286813808862 0.5471551689532743
1325 0.01091306024006525 0.547158786722223
1326 0.01091314369576495 0.5471612247658286
1327 0.01091332140816655 0.5471647383669471
1328 0.01091338977596095 0.5471670649482671
1329 0.01091355329557425 0.5471704667700288
1330 0.01091360625366958 0.5471726695376065
1331 0.01091375396239866 0.5471759348230273
1332 0.01091378949712397 0.5471779837609688
1333 0.01091391965613046 0.5471810873107359
1334 0.01091393698597116 0.5471829649918412
1335 0.01091405024361737 0.5471859045525428
1336 0.01091404986393489 0.5471876063710951
1337 0.01091414499525394 0.5471903604920555
1338 0.01091412530188661 0.5471918615059134
1339 0.01091420175216784 0.547194417484135
1340 0.01091416572532789 0.5471958449653668
1341 0.01091422040950192 0.5471980761386277
1342 0.01091415940120284 0.5471990863421783
1343 0.0109141962941458 0.5472013106858622
1344 0.01091412226885259 0.547202091387074
1345 0.01091413846251264 0.5472040503253657
1346 0.01091404291534751 0.5472045920572876
1347 0.01091403875119321 0.5472062947533951
1348 0.01091392489817277 0.5472066879493277
1349 0.01091390608521272 0.5472080045877208
1350 0.01091376446712962 0.5472081559477906
1351 0.01091373042187616 0.5472092737468411
1352 0.01091357130168821 0.5472091958528911
1353 0.01091351944954616 0.5472100735571687
1354 0.01091334150048742 0.5472097219629015
1355 0.01091327265361481 0.5472103516009591
1356 0.01091307514196972 0.5472097359521231
1357 0.01091298905687434 0.5472101264172892
1358 0.01091277380913997 0.5472092394416405
1359 0.01091267306947088 0.5472093970372067
1360 0.01091244046039608 0.5472082559380276
1361 0.01091231490916129 0.5472081828731267
1362 0.01091208735759129 0.5472067942375589
1363 0.01091193676712653 0.5472064548443012
1364 0.01091169361261937 0.5472048595776394
1365 0.01091153017427414 0.5472042960675243
1366 0.01091127643625827 0.5472024810259769
1367 0.0109110988371843 0.547201685319505
1368 0.01091083320985223 0.5471996636021929
1369 0.01091064462354793 0.547198647012478
1370 0.01091036965354064 0.5471964213291565
1371 0.01091016914713673 0.5471951937151888
1372 0.01090988517795848 0.5471927886962821
1373 0.01090967650199441 0.5471913696546354
1374 0.01090938723014792 0.5471888051138188
1375 0.01090917109024053 0.5471872131333219
1376 0.01090887561818647 0.5471844933467602
1377 0.01090866796362166 0.5471828231421888
1378 0.01090835171089636 0.547179845001192
1379 0.01090813619104001 0.547178014784489
1380 0.01090781928197001 0.5471749396546676
1381 0.01090760413416681 0.547173013926898
1382 0.01090728729236027 0.5471698394814206
1383 0.01090707115476081 0.547167806355502
1384 0.01090675414781728 0.5471645351260286
1385 0.0109065381646643 0.5471624119433892
1386 0.01090622207266998 0.5471590601952203
1387 0.01090600736398501 0.5471568630877128
1388 0.01090569427395599 0.5471534572209065
1389 0.01090548373506725 0.547151217542048
1390 0.01090517558776841 0.5471477788935699
1391 0.01090497003685286 0.5471455092239416
1392 0.0109046675030717 0.5471420516706299
1393 0.01090446834219898 0.5471397716523051
1394 0.01090417276857133 0.5471363136015247
1395 0.01090398107938532 0.5471340386651801
1396 0.01090369348348147 0.5471305960311978
1397 0.01090351131591473 0.5471283533276498
1398 0.01090323410220091 0.547124954997832
1399 0.01090306261886439 0.5471227610623762
1400 0.01090279578962295 0.5471194143020462
1401 0.01090263559287966 0.5471172830522265
1402 0.01090238063156373 0.5471140091311073
1403 0.01090223341059191 0.5471119634961529
1404 0.01090199130083486 0.5471087779495182
1405 0.010901857409637 0.5471068288136841
1406 0.01090162872152082 0.5471037444899425
1407 0.0109015091495247 0.5471019088409065
1408 0.01090129494878505 0.5470989424372984
1409 0.01090118174046462 0.5470970931470824
1410 0.01090099380961827 0.5470944209372796
1411 0.01090090939934559 0.5470929066367994
1412 0.01090072546625093 0.5470902133397816
1413 0.01090065035238579 0.5470887710404659
1414 0.01090048261181326 0.5470862329326804
1415 0.01090042001060437 0.5470848464076817
1416 0.01090027746475352 0.5470825977796332
1417 0.01090024254583253 0.5470815903853747
1418 0.0109001057785086 0.5470793133584761
1419 0.01090008128519471 0.5470783772225537
1420 0.01089997242694739 0.5470765145122503
1421 0.01089996818864434 0.5470757717285749
1422 0.01089987156288029 0.5470740431411173
1423 0.01089988322510968 0.5470734695078543
1424 0.01089980271802284 0.5470718479994197
1425 0.01089983290276465 0.5470715566954738
1426 0.01089977100571591 0.5470702428211488
1427 0.01089981910574263 0.5470701154398163
1428 0.01089977076832983 0.5470688948797469
1429 0.01089983453613958 0.5470689959688413
1430 0.01089980277707652 0.5470680719961546
1431 0.01089988638341718 0.5470683783363979
1432 0.0108998721461708 0.5470675767589395
1433 0.01089996549254897 0.5470680884450118
1434 0.0108999634631815 0.5470675463754426
1435 0.01090007899337805 0.5470682895688436
1436 0.01090008975708108 0.5470679178084635
1437 0.01090021877998754 0.5470688330601745
1438 0.01090024751301103 0.5470686276908273
1439 0.01090038256722931 0.547069727803225
1440 0.0109004198825851 0.5470697523754746
1441 0.01090057783722529 0.5470711120515697
1442 0.01090062603540236 0.5470712943673308
1443 0.01090079408455561 0.5470727963126837
1444 0.01090085165622774 0.5470731251633842
1445 0.01090102924619431 0.5470747988781669
1446 0.01090109546717306 0.5470752907296568
1447 0.01090127651036732 0.5470771245149867
1448 0.0109013611569751 0.547077827167409
1449 0.01090154834426628 0.5470797791707375
1450 0.01090163818171413 0.5470805832563199
1451 0.01090183114355086 0.547082653825919
1452 0.01090192789464914 0.5470835965432945
1453 0.01090212704612562 0.5470858006508688
1454 0.01090222912283894 0.5470868695426492
1455 0.01090243237928929 0.5470891838574578
1456 0.01090253806126923 0.5470903538265455
1457 0.0109027437392149 0.5470927525628595
1458 0.0109028512168598 0.5470940011124512
1459 0.01090305815560315 0.5470964709268875
1460 0.01090316626405291 0.5470977851220278
1461 0.01090337316361942 0.5471003113835468
1462 0.01090348112240187 0.5471016835293426
1463 0.01090368763365827 0.5471042595550153
1464 0.01090379399030563 0.547105669165999
1465 0.0109039975025842 0.5471082648753992
1466 0.01090410016970939 0.5471096888128658
1467 0.01090430013195676 0.5471122942626602
1468 0.0109043987079904 0.5471137229266372
1469 0.01090459421230276 0.5471163238649271
1470 0.01090468729797258 0.5471177390986449
1471 0.01090487688543432 0.5471203166963852
1472 0.01090496306836876 0.5471216997005777
1473 0.01090514547428793 0.5471242363518668
1474 0.01090522356703938 0.5471255697092349
1475 0.01090539789398598 0.5471280505547588
1476 0.01090546707118018 0.5471293198037404
1477 0.01090563241103274 0.5471317301601339
1478 0.01090569162540459 0.5471329191646003
1479 0.01090584698189112 0.5471352434804334
1480 0.01090589531191285 0.5471363368514239
1481 0.0109060398474341 0.5471385608993213
1482 0.01090607647042128 0.5471395442322526
1483 0.01090620941476804 0.5471416545272419
1484 0.01090623764051771 0.5471425909961813
1485 0.01090635283609185 0.5471444919345458
1486 0.01090636148325674 0.5471451809734477
1487 0.01090647072578466 0.5471470314890745
1488 0.0109064729053372 0.5471477065441959
1489 0.01090656394164442 0.5471493271249053
1490 0.0109065479515226 0.547149787847692
1491 0.01090662595673136 0.5471512562123386
1492 0.01090659634320996 0.5471515575970181
1493 0.01090666276688438 0.5471528713875659
1494 0.01090661708603833 0.5471529471983259
1495 0.01090667095979534 0.5471541555228212
1496 0.01090661084826986 0.5471540647485594
1497 0.01090664972066626 0.5471550730207321
1498 0.01090657349731137 0.5471547714672012
1499 0.01090659738606094 0.5471555841170002
1500 0.01090650627834925 0.5471550854009036
1501 0.01090651589496709 0.5471557104312452
1502 0.01090641043335683 0.5471550163255505
1503 0.01090640585528598 0.5471554486565038
1504 0.01090628625958731 0.5471545549212675
1505 0.01090626764896392 0.5471547906410976
1506 0.01090613417615094 0.5471536951264597
1507 0.01090610197356994 0.5471537347042642
1508 0.01090595497935535 0.5471524380590826
1509 0.0109059097034651 0.5471522833849004
1510 0.01090574977397552 0.547150788407445
1511 0.01090569192689781 0.547150441750482
1512 0.01090551980592729 0.5471487525665947
1513 0.01090544997151482 0.5471482174732917
1514 0.01090526639611675 0.5471463388558089
1515 0.01090518530387797 0.5471456202641799
1516 0.0109049910927782 0.547143558331044
1517 0.01090489957715746 0.5471426625416242
1518 0.01090469562868755 0.5471404249473701
1519 0.01090459453149537 0.5471393591867545
1520 0.01090438182123721 0.5471369548919398
1521 0.01090427203844989 0.547135727376528
1522 0.01090405159121275 0.5471331663596526
1523 0.01090393410134073 0.5471317864557966
1524 0.01090370697649267 0.54712907962377
1525 0.01090358282202273 0.5471275579562798
1526 0.01090335013953829 0.5471247175229017
1527 0.01090322042909948 0.5471230655676417
1528 0.01090298334619771 0.5471201041744398
1529 0.01090284922335446 0.5471183341525844
1530 0.01090260889530563 0.5471152651575149
1531 0.01090247152145388 0.5471133902086996
1532 0.0109022291322496 0.5471102278492773
1533 0.01090208970633488 0.5471082619234743
1534 0.01090184641762058 0.5471050207627607
1535 0.01090170610733352 0.5471029781124845
1536 0.01090146305238222 0.5470996727749891
1537 0.01090132305629449 0.5470975681980025
1538 0.0109010813839159 0.5470942136212563
1539 0.01090094291595624 0.547092062464788
1540 0.01090070376896894 0.5470886739928008
1541 0.01090056801669144 0.5470864919585163
1542 0.01090033249739575 0.5470830850913836
1543 0.01090020060887617 0.5470808880127457
1544 0.01089996977819594 0.5470774781061883
1545 0.01089984288017038 0.5470752819073548
1546 0.01089961777015137 0.547071884125332
1547 0.01089949695363828 0.5470697045933391
1548 0.01089927857228194 0.5470663340459911
1549 0.01089916491094653 0.5470641872421258
1550 0.01089895423300644 0.5470608588706775
1551 0.01089884869856245 0.5470587600942443
1552 0.01089864659697272 0.5470554883450656
1553 0.01089855007171299 0.5470534525004305
1554 0.01089835737240587 0.5470502514531771
1555 0.01089827071040837 0.5470482930835419
1556 0.01089808821692107 0.5470451764007708
1557 0.01089801221654577 0.5470433094564006
1558 0.01089784066092905 0.54704029011838
1559 0.01089777601550939 0.5470385279060094
1560 0.01089761602785986 0.5470356182728051
1561 0.0108975633234512 0.547033973170602
1562 0.01089741545794724 0.5470311848185636
1563 0.01089737521772677 0.5470296684712719
1564 0.01089723995957519 0.5470270121140721
1565 0.01089721263299881 0.5470256355116857
1566 0.01089709032628866 0.5470231207905299
1567 0.01089707613614522 0.5470218922682791
1568 0.0108969671662796 0.5470195282381283
1569 0.01089696655925586 0.5470184580606485
1570 0.01089687122171681 0.5470162535515528
1571 0.01089688429907017 0.5470153490116747
1572 0.01089680264362517 0.5470133104049169
1573 0.01089682942064978 0.5470125774551405
1574 0.0108967614841899 0.5470107105938762
1575 0.01089680195727109 0.547010154582476
1576 0.01089674772945207 0.547008464616651
1577 0.01089680179634581 0.5470080896499163
1578 0.01089676111443412 0.5470065800466785
1579 0.01089682856037708 0.5470063886826142
1580 0.01089680127898052 0.5470050627439251
1581 0.01089688189281894 0.547005057458936
1582 0.01089686771402435 0.5470039171652101
1583 0.01089696108614893 0.5470040980537467
1584 0.01089695960007582 0.5470031434242286
1585 0.01089706527266749 0.5470035095432979
1586 0.01089707602702514 0.5470027399176139
1587 0.0108971934761781 0.5470032894914998
1588 0.01089721594267794 0.5470027032199157
1589 0.01089734454392633 0.5470034333780692
1590 0.01089737807273136 0.5470030273150371
1591 0.01089751708139132 0.5470039332839178
1592 0.01089756090495829 0.5470037024513401
1593 0.01089770954067858 0.5470047783821002
1594 0.01089776296949621 0.5470047179031237
1595 0.0108979204965726 0.547005958048895
1596 0.0108979827107186 0.5470060617391945
1597 0.0108981482296532 0.5470074584899121
1598 0.0108982183182767 0.5470077185978077
1599 0.01089839090265794 0.5470092634119572
1600 0.0108984679259254 0.5470096715202016
1601 0.01089864662300035 0.5470113552896575
1602 0.01089872958768078 0.5470119021229007
1603 0.01089891336410295 0.5470137141650127
1604 0.0108990013691102 0.5470143906573209
1605 0.01089918918303173 0.5470163207986227
1606 0.01089928103178004 0.5470171140653396
1607 0.01089947194156471 0.5470191507266177
1608 0.01089956659145939 0.5470200497870383
1609 0.01089975957321182 0.5470221815154677
1610 0.01089985593490505 0.5470231742820109
1611 0.01090004993457394 0.5470253885009924
1612 0.01090014687287324 0.5470264618334071
1613 0.01090034082671952 0.5470287455031875
1614 0.01090043722807813 0.547029886003263
1615 0.01090063010926006 0.5470322259886231
1616 0.01090072488780745 0.5470334199197823
1617 0.01090091568724308 0.5470358027414552
1618 0.01090100775991293 0.5470370360356942
1619 0.01090119546133679 0.5470394479895399
1620 0.01090128374354645 0.5470407063897034
1621 0.01090146730555965 0.5470431334749041
1622 0.01090155072933833 0.5470444024732456
1623 0.01090172923675472 0.5470468311778377
1624 0.01090180684037277 0.5470480967429066
1625 0.01090197938389872 0.5470505135205563
1626 0.01090205021195778 0.5470517614988586
1627 0.01090221591446272 0.5470541529682242
1628 0.01090227903433823 0.5470553693177833
1629 0.01090243697458157 0.5470577215715643
1630 0.01090249153808642 0.5470588925855216
1631 0.01090264101643133 0.5470611934095667
1632 0.01090268629849447 0.5470623065533914
1633 0.01090282656444288 0.5470645434027578
1634 0.01090286181105731 0.5470655857178495
1635 0.01090299216167678 0.5470677462760574
1636 0.01090301673252272 0.5470687056681216
1637 0.01090313658504801 0.5470707787135288
1638 0.01090314994913442 0.5470716440586361
1639 0.01090325876305782 0.5470736188102713
1640 0.01090326039111025 0.547074379254725
1641 0.01090335765992439 0.5470762455687437
1642 0.01090334710820958 0.5470768910404608
1643 0.01090343244830689 0.5470786396501929
1644 0.01090340942877396 0.5470791614429524
1645 0.01090348256670841 0.5470807843382833
1646 0.01090344683064848 0.5470811742977568
1647 0.01090350750360907 0.5470826636635843
1648 0.01090345884906191 0.5470829141360765
1649 0.01090350690417744 0.5470842633084289
1650 0.01090344524399469 0.547084368045196
1651 0.01090348062168589 0.5470855717089765
1652 0.01090340594214933 0.5470855254247555
1653 0.01090342865143694 0.5470865792139257
1654 0.01090334101378744 0.5470863774871724
1655 0.01090335115315511 0.5470872779915796
1656 0.01090325072809534 0.5470869175576942
1657 0.01090324845751603 0.5470876623424852
1658 0.01090313545824136 0.5470871407135375
1659 0.01090312104486393 0.547087728543899
1660 0.01090299584492528 0.5470870449508589
1661 0.01090296961160008 0.5470874756852681
1662 0.01090283260570328 0.5470866301584021
1663 0.01090279490724555 0.5470869043092268
1664 0.01090264657833355 0.5470858980458373
1665 0.01090259786357043 0.5470860171754812
1666 0.01090243880328879 0.5470848527134173
1667 0.01090237959600791 0.5470848194092077
1668 0.0109022104621241 0.5470835004860434
1669 0.01090214134374032 0.547083318268864
1670 0.01090196284558486 0.5470818497255022
1671 0.01090188444847496 0.5470815229673329
1672 0.01090169735365533 0.5470799106584547
1673 0.01090161037816641 0.5470794446870635
1674 0.01090141549831606 0.5470776954409038
1675 0.01090132070631798 0.5470770965415364
1676 0.01090111891460361 0.5470752181250329
1677 0.01090101713290802 0.5470744933913657
1678 0.01090080931339876 0.5470724941939621
1679 0.01090070139347531 0.5470716514961285
1680 0.0109004884563699 0.5470695407346868
1681 0.01090037528492376 0.5470685887691881
1682 0.01090015813738004 0.5470663761600666
1683 0.01090004064556884 0.5470653243420142
1684 0.01089982025423974 0.5470630203794965
1685 0.01089969944105168 0.547061879041185
1686 0.01089947677671537 0.5470594946779116
1687 0.01089935363097665 0.5470582746722968
1688 0.01089912965313826 0.5470558214118706
1689 0.01089900518815357 0.5470545341698221
1690 0.01089878086204138 0.5470520235981169
1691 0.0108986560840598 0.5470506807874345
1692 0.01089843236648975 0.5470481248864661
1693 0.01089830826251424 0.5470467384507584
1694 0.01089808608880726 0.5470441493288967
1695 0.01089796363947436 0.5470427314211872
1696 0.01089774395109213 0.5470401214497471
1697 0.01089762441337955 0.5470386877006863
1698 0.01089740828264652 0.5470360705011713
1699 0.01089729212567813 0.5470346280469944
1700 0.01089707958212062 0.5470320080005681
1701 0.01089696798819474 0.5470305735989959
1702 0.01089676129668875 0.5470279770512703
1703 0.01089665525482368 0.5470265620532183
1704 0.01089645382366488 0.5470239866353906
1705 0.01089635373589529 0.5470226014344255
1706 0.0108961590549842 0.5470200661724473
1707 0.01089606603893028 0.5470187240331794
1708 0.01089587829840826 0.5470162347738233
1709 0.01089579276317059 0.5470149454662931
1710 0.01089561325747192 0.5470125198154944
1711 0.0108955368413487 0.5470113039717589
1712 0.0108953664008598 0.5470089539558338
1713 0.01089529865748064 0.5470078111603603
1714 0.01089513645582015 0.5470055338472041
1715 0.01089507805683642 0.5470044773788
1716 0.01089492584823625 0.547002294247495
1717 0.01089487742285209 0.5470013327191986
1718 0.01089473480830512 0.5469992438585999
1719 0.01089469695382734 0.5469983900929976
1720 0.01089456526186283 0.5469964133100286
1721 0.0108945382050097 0.5469956725868481
1722 0.0108944165765159 0.546993803766469
1723 0.01089439998721196 0.5469931789745934
1724 0.0108942893152708 0.5469914317772122
1725 0.01089428444676017 0.54699093929535
1726 0.01089418522427603 0.5469893220444206
1727 0.01089419140176815 0.5469889592015388
1728 0.01089410256747518 0.5469874659357026
1729 0.01089411976748278 0.546987237913283
1730 0.01089404246128101 0.5469858840632357
1731 0.01089407128328927 0.5469857995225609
1732 0.01089400490537425 0.5469845823397542
1733 0.01089404442682127 0.5469846366298322
1734 0.01089398837145714 0.5469835541433408
1735 0.01089403848862114 0.5469837500229913
1736 0.01089399343939292 0.5469828129647378
1737 0.01089405484975364 0.5469831597586772
1738 0.01089402027792999 0.546982364422546
1739 0.01089409150422462 0.5469828509433596
1740 0.01089406698085493 0.5469821983585051
1741 0.01089414834614541 0.5469828302430457
1742 0.0108941334562512 0.5469823169734505
1743 0.01089422371007433 0.5469830843568563
1744 0.01089421768252518 0.5469827066964527
1745 0.01089431686389674 0.5469836119851927
1746 0.01089431978934712 0.546983371742489
1747 0.01089442742853829 0.5469844114068484
1748 0.01089443848953337 0.546984302606344
1749 0.01089455361297773 0.5469854687736626
1750 0.01089457201962312 0.546985485013884
1751 0.01089469395974926 0.5469867718142595
1752 0.01089471909116485 0.546986907992808
1753 0.01089484719512276 0.5469883093362372
1754 0.01089487836443943 0.5469885593412883
1755 0.01089501188472566 0.546990068116874
1756 0.01089504833877803 0.5469904249763075
1757 0.01089518650441928 0.5469920332785083
1758 0.01089522745141838 0.546992488888644
1759 0.0108953694678804 0.5469941880017227
1760 0.01089541407737464 0.5469947336463618
1761 0.01089555911071866 0.546996514403971
1762 0.01089560650432413 0.5469971408018268
1763 0.01089575372880225 0.5469989937895032
1764 0.01089580304616029 0.5469996912470022
1765 0.01089595164313172 0.5470016064881982
1766 0.01089600200916429 0.5470023646605034
1767 0.01089615110212462 0.5470043315025559
1768 0.01089620161575586 0.5470051395744785
1769 0.01089635040541739 0.5470071476405068
1770 0.01089640021297535 0.547007994854081
1771 0.01089654788074596 0.5470100334354999
1772 0.01089659609258285 0.5470109085177712
1773 0.01089674181800962 0.5470129666994636
1774 0.01089678756036369 0.547013858190815
1775 0.01089693054147442 0.5470159248723353
1776 0.01089697298539148 0.5470168212904288
1777 0.01089711246542507 0.5470188855301452
1778 0.01089715080919378 0.547019775441998
1779 0.01089728604529343 0.5470218263010749
1780 0.010897319515799 0.5470226983960408
1781 0.01089744977257268 0.5470247249931796
1782 0.01089747757499673 0.5470255677063878
1783 0.01089760214530444 0.5470275591631705
1784 0.01089762363373606 0.5470283617412299
1785 0.01089774154563456 0.5470303125569642
1786 0.01089775543484709 0.5470310478332517
1787 0.01089786727028601 0.5470329529205785
1788 0.01089787437843987 0.5470336355018853
1789 0.01089797882249257 0.5470354745001728
1790 0.01089797760519496 0.5470360839408229
1791 0.01089807387731931 0.5470378462228974
1792 0.01089806400740047 0.5470383747833271
1793 0.01089815179126695 0.5470400536489403
1794 0.0108981329675903 0.5470404936676108
1795 0.01089821193421337 0.5470420808656609
1796 0.01089818383906287 0.5470424242804257
1797 0.01089825365728884 0.5470439120940567
1798 0.01089821597812739 0.5470441513642628
1799 0.01089827635139681 0.5470455328184776
1800 0.01089822882451807 0.5470456609460915
1801 0.0108982795654053 0.5470469301223547
1802 0.01089822204675044 0.5470469413116795
1803 0.01089826300323788 0.5470480927666115
1804 0.01089819537985458 0.5470479814541306
1805 0.01089822645560088 0.5470490102712956
1806 0.01089814870128592 0.5470487718044423
1807 0.01089816989759536 0.547049674307086
1808 0.01089808204495353 0.5470493050292522
1809 0.01089809342466208 0.5470500783943892
1810 0.01089799556816899 0.5470495754209943
1811 0.01089799723832731 0.5470502175266435
1812 0.01089788954754124 0.5470495788140322
1813 0.01089788167546544 0.5470500883343323
1814 0.01089776438572389 0.5470493127164179
1815 0.01089774720366667 0.5470496891526265
1816 0.01089762062287262 0.5470487764433324
1817 0.01089759442859591 0.5470490201508643
1818 0.0108974589183263 0.5470479711294153
1819 0.01089742403535816 0.5470480830793037
1820 0.01089728003169186 0.5470468994655334
1821 0.01089723687848587 0.547046881689159
1822 0.01089708489076336 0.5470455663692287
1823 0.01089703389934434 0.5470454214471832
1824 0.01089687445200081 0.547043977886152
1825 0.0108968161149771 0.5470437091106931
1826 0.01089664979995598 0.5470421417010169
1827 0.01089658467312196 0.5470417532342815
1828 0.0108964121295857 0.5470400672902883
1829 0.01089634080876414 0.5470395640216589
1830 0.01089616270257505 0.5470377655303098
1831 0.01089608581796355 0.5470371530596208
1832 0.01089590284861878 0.5470352487622446
1833 0.01089582106300708 0.5470345332888196
1834 0.01089563394757937 0.5470325304558769
1835 0.01089554797698862 0.5470317189382188
1836 0.01089535745911044 0.5470296253863888
1837 0.01089526805057069 0.5470287254443087
1838 0.01089507489186341 0.5470265496063982
1839 0.01089498281334936 0.5470255693782747
1840 0.01089478778122846 0.5470233199860073
1841 0.01089469380869005 0.5470222680703689
1842 0.01089449767828069 0.5470199544252428
1843 0.01089440259611289 0.5470188400182903
1844 0.01089420613489319 0.5470164718094247
1845 0.01089411074187416 0.547015304354141
1846 0.01089391471188178 0.5470128908937892
1847 0.01089381979038064 0.547011679729112
1848 0.0108936249278678 0.5470092305738748
1849 0.01089353128091692 0.5470079857287696
1850 0.01089333835209215 0.5470055110914573
1851 0.01089324677298807 0.547004243074537
1852 0.01089305651076881 0.5470017533875621
1853 0.01089296775981633 0.5470004727310492
1854 0.01089278088851846 0.5469979782257431
1855 0.01089269574480835 0.5469966954338245
1856 0.01089251296023584 0.5469942059700765
1857 0.01089243215283736 0.5469929314126724
1858 0.01089225411274927 0.5469904568760703
1859 0.01089217831889091 0.5469892008005184
1860 0.01089200563136034 0.5469867507802245
1861 0.0108919354892654 0.546985523269397
1862 0.01089176875084539 0.5469831073874748
1863 0.0108917048495784 0.5469819181450315
1864 0.01089154459000588 0.5469795455290714
1865 0.0108914874570842 0.5469784038828469
1866 0.01089133415726875 0.5469760829586651
1867 0.01089128434444242 0.5469749981768426
1868 0.01089113853866791 0.5469727379116801
1869 0.01089109652276408 0.5469717189320069
1870 0.01089095859956702 0.5469695272133036
1871 0.01089092474589981 0.5469685820951374
1872 0.01089079505498226 0.5469664664593444
1873 0.01089076968912431 0.5469656026192048
1874 0.01089064854537687 0.5469635701354406
1875 0.01089063197325035 0.5469627947636461
1876 0.01089051964076363 0.5469608518013828
1877 0.01089051209342028 0.5469601713230344
1878 0.01089040878652856 0.5469583238986124
1879 0.01089041043302834 0.5469577441116847
1880 0.01089031628792301 0.5469559973935993
1881 0.01089032722551176 0.5469555233473032
1882 0.01089024233515208 0.5469538821293072
1883 0.01089026259758348 0.5469535178958664
1884 0.01089018696484192 0.5469519858893219
1885 0.01089021653516415 0.5469517348312244
1886 0.01089015016880099 0.5469503154558308
1887 0.01089018902718974 0.5469501809296159
1888 0.01089013185779741 0.5469488770109885
1889 0.01089017985020138 0.5469488607972269
1890 0.01089013170857998 0.5469476738067066
1891 0.01089018863118889 0.5469477769935984
1892 0.01089014932683835 0.546946708235439
1893 0.01089021494416224 0.5469469312146316
1894 0.01089018423146256 0.5469459810706151
1895 0.01089025825287628 0.54694632354086
1896 0.01089023583449909 0.5469454916484842
1897 0.01089031790724708 0.5469459524605319
1898 0.01089030342511971 0.5469452377122437
1899 0.01089039314539878 0.5469458149187679
1900 0.01089038619333729 0.5469452154400084
1901 0.01089048310380741 0.5469459064680082
1902 0.01089048322691059 0.5469454198636996
1903 0.01089058684820607 0.5469462214349998
1904 0.01089059355126409 0.5469458443507615
1905 0.01089070332586701 0.546946752113082
1906 0.01089071605868788 0.5469464803259382
1907 0.01089083146125597 0.546947489794237
1908 0.01089084970508605 0.5469473190915382
1909 0.01089097015311492 0.5469484250868369
1910 0.01089099327480668 0.5469483500539842
1911 0.01089111811523528 0.5469495466259684
1912 0.01089114543405048 0.5469495611830956
1913 0.01089127398487544 0.5469508415556658
1914 0.01089130484913681 0.546950939194854
1915 0.0108914364991018 0.5469522967090525
1916 0.01089147025586347 0.5469524705812099
1917 0.01089160433417601 0.5469538979538764
1918 0.01089164027308636 0.5469541406166696
1919 0.01089177608776032 0.5469556301498359
1920 0.01089181348912646 0.5469559337130964
1921 0.01089195033915229 0.5469574773395048
1922 0.01089198847006167 0.5469578335097387
1923 0.01089212566666137 0.5469594229347643
1924 0.01089216380145458 0.546959823145497
1925 0.01089230066227733 0.5469614498372203
1926 0.01089233809400788 0.5469618853267527
1927 0.01089247394484551 0.5469635406053734
1928 0.01089250996532066 0.5469640024268591
1929 0.0108926441380909 0.5469656774938974
1930 0.01089267805130861 0.546966156561128
1931 0.01089280988299638 0.5469678425126817
1932 0.01089284099783967 0.5469683295905551
1933 0.01089296985446387 0.5469700175819031
1934 0.01089299751407923 0.5469705034959421
1935 0.01089312278803418 0.5469721846970113
1936 0.01089314636948181 0.5469726603675471
1937 0.010893267445662 0.5469743258042826
1938 0.01089328633539081 0.5469747820681791
1939 0.01089340269252118 0.5469764234072479
1940 0.01089341637335847 0.5469768518689271
1941 0.01089352747870439 0.5469784607575415
1942 0.01089353539766711 0.5469788526483509
1943 0.0108936407428415 0.5469804208516879
1944 0.01089364241328378 0.5469807679104223
1945 0.01089374154900677 0.5469822875941859
1946 0.01089373655031758 0.5469825820298322
1947 0.01089382907037376 0.5469840457391524
1948 0.0108938170174501 0.5469842801387385
1949 0.01089390255368685 0.5469856808319756
1950 0.01089388309855574 0.5469858481439043
1951 0.01089396131738734 0.5469871791707249
1952 0.01089393415963495 0.5469872727849031
1953 0.01089400479230625 0.5469885280823755
1954 0.010893969698351 0.5469885419708638
1955 0.01089403252799517 0.5469897159568424
1956 0.01089398931379518 0.5469896446346525
1957 0.01089404416336696 0.5469907322550652
1958 0.01089399267397392 0.5469905706417871
1959 0.01089403942219956 0.5469915675250707
1960 0.01089397958291863 0.5469913114574722
1961 0.01089401817253761 0.5469922140583091
1962 0.01089394994880477 0.5469918598558924
1963 0.0108939803537746 0.5469926649657315
1964 0.01089390376034763 0.5469922094188838
1965 0.01089392602534455 0.5469929145428114
1966 0.01089384115318577 0.5469923553406618
1967 0.01089385537775776 0.5469929587964792
1968 0.01089376236385325 0.546992294363954
1969 0.01089376868733997 0.5469927950805737
1970 0.01089366771268819 0.5469920244881049
1971 0.01089366630823732 0.5469924219549839
1972 0.01089355761052532 0.5469915450173028
1973 0.01089354870237714 0.5469918393655598
1974 0.01089343257560278 0.5469908566609974
1975 0.01089341644810075 0.5469910486774044
1976 0.01089329324041124 0.5469899615419661
1977 0.01089327021357924 0.5469900526400344
1978 0.01089314031771363 0.5469888631710159
1979 0.01089311074811913 0.5469888553776482
1980 0.01089297459200043 0.5469875663519056
1981 0.01089293887718911 0.54698746232166
1982 0.01089279693269687 0.5469860772593281
1983 0.01089275550137244 0.5469858801677679
1984 0.01089260826891282 0.5469844031080872
1985 0.01089256159690773 0.5469841167347403
1986 0.01089240960552723 0.5469825522746834
1987 0.01089235821505798 0.5469821810697515
1988 0.01089220204287777 0.5469805345997532
1989 0.01089214646898769 0.5469800835718162
1990 0.01089198667670902 0.5469783607286592
1991 0.0108919274883684 0.5469778353577874
1992 0.01089176467675852 0.546976042322356
1993 0.01089170244917099 0.5469754484555015
1994 0.01089153722756968 0.5469735918854687
1995 0.01089147257612805 0.5469729359037346
1996 0.01089130557120337 0.5469710227083323
1997 0.01089123912343065 0.5469703114409631
1998 0.01089107096145315 0.5469683489728705
1999 0.01089100334822077 0.5469675895947815
2000 0.01089083463758976 0.5469655852378934
2001 0.01089076649802047 0.5469647852897949
2002 0.01089059785791224 0.5469627467947757
2003 0.01089052982595218 0.5469619139468831
2004 0.01089036187936223 0.5469598492482278
2005 0.01089029459978606 0.5469589913880493
2006 0.01089012796309129 0.5469569084489447
2007 0.01089006207725145 0.5469560337175537
2008 0.01088989733428866 0.5469539404672217
2009 0.01088983344757576 0.5469530569837255
2010 0.01088967116795884 0.546950961473794
2011 0.01088960986605566 0.5469500774611247
2012 0.01088945058702123 0.5469479876307838
2013 0.01088939244404183 0.5469471112423803
2014 0.01088923670604902 0.5469450350235354
2015 0.01088918229939765 0.5469441745838681
2016 0.01088903060457115 0.546942119507311
2017 0.01088898047865751 0.5469412831497141
2018 0.01088883330695727 0.5469392567151744
2019 0.01088878793257796 0.546938452087499
2020 0.01088864572148554 0.5469364616766389
2021 0.01088860556025096 0.5469356965572919
2022 0.01088846872729239 0.5469337492711709
2023 0.01088843418610321 0.5469330307163948
2024 0.01088830310405482 0.5469311333095578
2025 0.01088827453868463 0.5469304680177606
2026 0.0108881495528287 0.5469286268789314
2027 0.01088812733501725 0.5469280218362846
2028 0.01088800875009925 0.5469262430662244
2029 0.01088799315731599 0.546925704337255
2030 0.01088788120941059 0.5469239933124527
2031 0.01088787246316513 0.5469235263676765
2032 0.01088776737353035 0.5469218883737661
2033 0.01088776568365166 0.546921498551301
2034 0.01088766761109299 0.5469199379884023
2035 0.01088767313402087 0.5469196299373627
2036 0.01088758222043094 0.5469181511240565
2037 0.01088759505052185 0.546917928810559
2038 0.01088751136740577 0.5469165353772576
2039 0.01088753153457863 0.5469164021091557
2040 0.01088745511597856 0.5469150972797432
2041 0.01088748264464592 0.5469150562326079
2042 0.01088741348850783 0.5469138428713411
2043 0.01088744831616268 0.5469138961688632
2044 0.01088738634081051 0.5469127759878102
2045 0.01088742837406338 0.5469129251209068
2046 0.01088737349445471 0.5469118995627421
2047 0.01088742261097476 0.5469121456899002
2048 0.01088737468565464 0.5469112157181519
2049 0.01088743069368406 0.5469115591688295
2050 0.01088738953047865 0.5469107251221036
2051 0.01088745219897195 0.5469111656549069
2052 0.01088741755666462 0.5469104272068546
2053 0.01088748660609845 0.5469109638450457
2054 0.01088745820713032 0.546910320055726
2055 0.01088753332682534 0.5469109512636469
2056 0.0108875108608497 0.5469104006127676
2057 0.01088759169782225 0.5469111242905111
2058 0.0108875748195457 0.5469106647844687
2059 0.01088766099435164 0.5469114782415065
2060 0.01088764931922171 0.5469111072459295
2061 0.01088774040567595 0.5469120071527269
2062 0.01088773350803793 0.5469117214409234
2063 0.01088782905557769 0.5469127039293398
2064 0.01088782648325659 0.5469124997945266
2065 0.01088792601856127 0.5469135605219286
2066 0.01088792727960569 0.5469134335858198
2067 0.01088803030180454 0.5469145677012911
2068 0.01088803491781433 0.546914513476632
2069 0.01088814093291864 0.5469157159747615
2070 0.01088814837787601 0.5469157293074732
2071 0.01088825684158292 0.5469169944515088
2072 0.01088826656298395 0.5469170696109351
2073 0.01088837694359546 0.5469183914851231
2074 0.0108883883929197 0.5469185225306822
2075 0.01088850015405078 0.5469198949126547
2076 0.01088851277278356 0.5469200755800296
2077 0.01088862535643872 0.5469214919393417
2078 0.01088863856458304 0.5469217155689521
2079 0.01088875142221371 0.5469231691930202
2080 0.01088876464689824 0.5469234289008086
2081 0.01088887722741929 0.5469249128566666
2082 0.01088888989124778 0.5469252014954648
2083 0.01088900165432144 0.5469267087742338
2084 0.01088901319335565 0.5469270190930661
2085 0.01088912360851699 0.546928542517927
2086 0.01088913348109936 0.5469288672194018
2087 0.0108892420300733 0.5469303996114311
2088 0.01088924968441536 0.5469307312016598
2089 0.01088935583916137 0.5469322652405728
2090 0.01088936073511824 0.5469325961676222
2091 0.01088946401990074 0.5469341248133419
2092 0.01088946567397236 0.5469344478327284
2093 0.0108895656202571 0.5469359640315415
2094 0.01088956354468313 0.5469362717422864
2095 0.01088965970252179 0.5469377684397391
2096 0.01088965345369212 0.5469380536722179
2097 0.01088974540273838 0.5469395240208561
2098 0.01088973456023658 0.5469397798289148
2099 0.0108898219078732 0.5469412172912604
2100 0.01088980607842912 0.5469414369259682
2101 0.01088988845136996 0.5469428350680989
2102 0.01088986727637607 0.5469430120051524
2103 0.01088994434380187 0.5469443647509734
2104 0.01088991750875184 0.5469444928216731
2105 0.01088998897839426 0.5469457943623849
2106 0.01088995621529473 0.5469458677754502
2107 0.01089002183090889 0.5469471126776139
2108 0.01088998290064322 0.5469471259941215
2109 0.01089004244054147 0.5469483092738486
2110 0.01088999713709658 0.5469482574682443
2111 0.01089005040636437 0.5469493744619653
2112 0.01088999856469223 0.5469492528796482
2113 0.01089004542044837 0.5469502994372012
2114 0.01088998692941579 0.5469501039498791
2115 0.01089002727522411 0.5469510763411289
2116 0.01088996206221252 0.5469508032263275
2117 0.01088999583396128 0.5469516981690788
2118 0.01088992387337832 0.5469513443264623
2119 0.01088995107041557 0.5469521593664668
2120 0.0108898723834876 0.5469517223255457
2121 0.0108898930179903 0.5469524552177328
2122 0.01088980764981554 0.5469519327591051
2123 0.01088982178008282 0.5469525817875285
2124 0.01088972983522963 0.5469519723908939
2125 0.01088973757179288 0.5469525364817216
2126 0.01088963920404819 0.5469518392936485
2127 0.01088964069685705 0.5469523179026866
2128 0.01088953609736072 0.5469515326395118
2129 0.01088953152272328 0.5469519257027126
2130 0.01088942091400622 0.5469510526093863
2131 0.01088941048422062 0.5469513605461238
2132 0.01088929413359505 0.5469504004939283
2133 0.01088927809197344 0.5469506242423653
2134 0.01088915630482771 0.5469495786898706
2135 0.0108891349427602 0.5469497196976451
2136 0.01088900806145038 0.5469485906467024
2137 0.01088898170324506 0.546948650918874
2138 0.01088885010038737 0.5469474409922487
2139 0.01088881909099961 0.5469474229633027
2140 0.01088868316349174 0.5469461351995801
2141 0.01088864788150303 0.5469460417323194
2142 0.01088850805711802 0.5469446796827422
2143 0.01088846889732843 0.5469445141062039
2144 0.01088832562053187 0.5469430818508018
2145 0.01088828301337975 0.5469428480283306
2146 0.01088813674800574 0.5469413500361597
2147 0.01088809115842986 0.5469410522952305
2148 0.0108879423879342 0.5469394933947064
2149 0.01088789427998337 0.546939136295222
2150 0.01088774348349612 0.5469375216060932
2151 0.01088769334012853 0.5469371101799636
2152 0.0108875410117213 0.5469354452056732
2153 0.01088748931696737 0.546934984691127
2154 0.01088733596548168 0.5469332751959157
2155 0.01088728324130677 0.5469327712607204
2156 0.01088712937357644 0.5469310231741412
2157 0.01088707613942437 0.5469304817936212
2158 0.01088692225562403 0.5469287012819719
2159 0.01088686901620162 0.5469281284978258
2160 0.01088671560651886 0.5469263217756465
2161 0.01088666288109207 0.5469257239513742
2162 0.0108865104409428 0.5469238974566509
2163 0.01088645873144503 0.5469232809842921
2164 0.01088630774059971 0.5469214411622652
2165 0.01088625755451602 0.5469208126148432
2166 0.01088610847691424 0.5469189658416965
2167 0.01088606030916329 0.5469183318754129
2168 0.01088591360099184 0.5469164846286085
2169 0.01088586791770508 0.5469158518108737
2170 0.01088572400643692 0.5469140104087138
2171 0.0108856812652366 0.5469133854011659
2172 0.01088554056839912 0.5469115561528285
2173 0.01088550119461992 0.5469109453581866
2174 0.01088536410662629 0.5469091344475362
2175 0.01088532850746883 0.5469085442418284
2176 0.01088519538685292 0.5469067575660613
2177 0.01088516395007216 0.5469061942652287
2178 0.0108850351350728 0.5469044375338626
2179 0.01088500820082923 0.5469039070141929
2180 0.01088488400602136 0.5469021857724188
2181 0.01088486189791703 0.5469016938309628
2182 0.01088474260827123 0.5469000133670407
2183 0.01088472559612752 0.5468995653310209
2184 0.01088461146322368 0.5468979306810489
2185 0.0108845998036212 0.5468975317078851
2186 0.01088449104406787 0.546895947424211
2187 0.01088448495164205 0.5468956023244255
2188 0.01088438175436649 0.5468940727777798
2189 0.01088438139888092 0.5468937858814401
2190 0.01088428390705756 0.5468923149563182
2191 0.01088428942130728 0.5468920902483051
2192 0.0108841977531023 0.5468906816055167
2193 0.01088420922150787 0.5468905224591324
2194 0.01088412344154794 0.5468891791112591
2195 0.01088414092900973 0.5468890885679554
2196 0.01088406110662494 0.5468878134110539
2197 0.01088408465303641 0.5468877943317234
2198 0.01088401079322397 0.5468865897861508
2199 0.01088404035659935 0.5468866440349596
2200 0.0108839724109456 0.5468855118014059
2201 0.01088400792881683 0.5468856410084321
2202 0.01088394583360091 0.5468845825550961
2203 0.01088398721152316 0.5468847878212842
2204 0.01088393087179323 0.546883804148117
2205 0.01088397798274615 0.5468840860385035
2206 0.01088392726176153 0.5468831776271511
2207 0.01088397993555562 0.5468835362422603
2208 0.01088393466368757 0.5468827031521049
2209 0.01088399269222544 0.546883138003327
2210 0.01088395265969261 0.5468823797751746
2211 0.01088401580193553 0.5468828899194479
2212 0.01088398076790596 0.5468822056571152
2213 0.01088404875219782 0.5468827896366476
2214 0.01088401845105426 0.5468821779904328
2215 0.01088409098479029 0.5468828338982169
2216 0.01088406512202258 0.5468822930416878
2217 0.01088414188293412 0.5468830185184187
2218 0.01088412013472818 0.5468825462069993
2219 0.01088420077385029 0.5468833384220771
2220 0.01088418279070186 0.5468829319367245
2221 0.01088426693357893 0.5468837876948383
2222 0.01088425233455344 0.5468834439212965
2223 0.01088433959105449 0.5468843596077438
2224 0.0108843279838844 0.5468840750085493
2225 0.01088441795447945 0.5468850466744547
2226 0.01088440892666583 0.5468848173809236
2227 0.0108845011918297 0.5468858407756709
2228 0.0108844943170573 0.5468856625461798
2229 0.01088458845293832 0.5468867331074725
2230 0.01088458329264696 0.5468866013963088
2231 0.01088467885775707 0.5468877142844999
2232 0.01088467496174797 0.5468876242199705
2233 0.01088477151950391 0.5468887744051987
2234 0.01088476843238037 0.5468887208703059
2235 0.01088486554910636 0.5468899031477515
2236 0.01088486281748821 0.5468898808139182
2237 0.01088496005069522 0.5468910897619562
2238 0.01088495721365009 0.5468910931233889
2239 0.01088505412107661 0.5468923232261863
2240 0.01088505071960949 0.5468923466082973
2241 0.01088514686505627 0.5468935922211344
2242 0.0108851424508043 0.5468936298287808
2243 0.01088523741584483 0.5468948853446621
2244 0.01088523155054567 0.5468949313219494
2245 0.01088532492519426 0.5468961910158507
2246 0.01088531718320611 0.5468962394704149
2247 0.0108854085615332 0.5468974976444286
2248 0.01088539852899118 0.5468975427208259
2249 0.01088548752627864 0.5468987937545939
2250 0.01088547480910724 0.5468988296258748
2251 0.0108855610547671 0.54690006795352
2252 0.010885545278117 0.5469000888760415
2253 0.01088562842314591 0.5469013090675025
2254 0.01088560923796872 0.5469013094413091
2255 0.01088568895777271 0.5469025061721032
2256 0.0108856660419274 0.546902480546437
2257 0.01088574203226756 0.5469036486842825
2258 0.01088571508572522 0.5469035918156456
2259 0.01088578706714511 0.546904726482588
2260 0.01088575581608206 0.5469046333619929
2261 0.01088582353239816 0.5469057298563056
2262 0.01088578773353135 0.5469055957057545
2263 0.01088585095694763 0.5469066495846688
2264 0.01088581040071347 0.546906469917729
2265 0.01088586894377145 0.546907477095359
2266 0.01088582345774117 0.5469072477685041
2267 0.01088587715811521 0.5469082044254366
2268 0.01088582659835609 0.5469079216250897
2269 0.01088587532312447 0.546908824327542
2270 0.01088581956957431 0.5469084845838379
2271 0.01088586321194675 0.5469093301871263
2272 0.0108858021837418 0.546908930405021
2273 0.01088584067483913 0.5469097162154178
2274 0.01088577433413933 0.5469092537473892
2275 0.01088580764863169 0.5469099774788642
2276 0.01088573598690547 0.5469094499947817
2277 0.01088576412163935 0.5469101096474102
2278 0.01088568716630142 0.5469095153573188
2279 0.01088571015185447 0.5469101094771838
2280 0.01088562795373216 0.546909446972653
2281 0.01088564584081788 0.5469099743430968
2282 0.0108855584883043 0.5469092425859553
2283 0.01088557137168145 0.5469097025095018
2284 0.01088547900559665 0.5469089010969244
2285 0.0108854870250328 0.5469092933873433
2286 0.01088538981406756 0.5469084223876313
2287 0.01088539312716789 0.5469087472272887
2288 0.0108852912645163 0.5469078071535903
2289 0.01088529004384018 0.5469080650742204
2290 0.01088518374572165 0.5469070568112805
2291 0.01088517820507791 0.5469072487824733
2292 0.01088506772773253 0.5469061737439173
2293 0.01088505810153928 0.5469063011077926
2294 0.01088494372234283 0.5469051611011283
2295 0.01088493027551789 0.5469052256061407
2296 0.01088481229592018 0.5469040228561741
2297 0.01088479531680943 0.5469040266604384
2298 0.01088467406434052 0.546902763850859
2299 0.01088465385660937 0.5469027094354955
2300 0.01088452966225741 0.5469013895136253
2301 0.01088450655254621 0.546901279758001
2302 0.01088437978119722 0.5468999061365943
2303 0.01088435411579269 0.5468997442476354
2304 0.01088422513824705 0.5468983206064661
2305 0.01088419727944402 0.5468981100972634
2306 0.01088406647594798 0.5468966403854373
2307 0.01088403679888683 0.5468963850981087
2308 0.0108839045661117 0.5468948736129452
2309 0.01088387345593135 0.5468945776466452
2310 0.01088374018045125 0.5468930287971198
2311 0.01088370803183472 0.5468926965293786
2312 0.01088357411491262 0.5468911150229432
2313 0.0108835413232994 0.5468907509991366
2314 0.01088340716037395 0.5468891416162982
2315 0.01088337413651231 0.5468887506284827
2316 0.01088324013106061 0.5468871183489317
2317 0.01088320728959199 0.5468867054137735
2318 0.01088307383378224 0.546885055292759
2319 0.0108830415658599 0.5468846254037136
2320 0.01088290903746091 0.5468829625344358
2321 0.01088287774057081 0.5468825209091308
2322 0.01088274651995345 0.54688085048574
2323 0.0108827165826834 0.5468804023449216
2324 0.01088258703337035 0.5468787294874858
2325 0.01088255883815969 0.546878280084336
2326 0.01088243131290174 0.5468766098982061
2327 0.01088240522965157 0.5468761645386343
2328 0.01088228007679799 0.5468745021919647
2329 0.01088225645340361 0.5468740660410893
2330 0.01088213398198233 0.5468724164215554
2331 0.01088211314783625 0.5468719946692057
2332 0.01088199365461769 0.5468703626353905
2333 0.0108819759126716 0.5468699602499527
2334 0.01088185968064313 0.5468683505223872
2335 0.01088184532743235 0.5468679723680121
2336 0.01088173262091682 0.5468663894702231
2337 0.01088172192880807 0.5468660403178587
2338 0.01088161298791589 0.546864488627151
2339 0.01088160618842088 0.5468641728773644
2340 0.01088150121822419 0.5468626564570112
2341 0.01088149852672611 0.5468623784367601
2342 0.01088139771614116 0.5468609012054293
2343 0.01088139931074204 0.5468606648212816
2344 0.01088130282447689 0.5468592304367916
2345 0.01088130886785488 0.5468590393726048
2346 0.01088121684280498 0.5468576511470226
2347 0.0108812274621587 0.5468575088134955
2348 0.01088114000466748 0.5468561698362816
2349 0.01088115527604427 0.5468560790904602
2350 0.01088107244787863 0.5468547919764698
2351 0.01088109244749283 0.546854755670075
2352 0.01088101431980665 0.5468535230385954
2353 0.01088103908224101 0.5468535435043766
2354 0.01088096566106021 0.5468523672970287
2355 0.01088099518238697 0.5468524463522212
2356 0.01088092646273759 0.5468513282360435
2357 0.01088096072104465 0.5468514674818368
2358 0.01088089667375507 0.5468504089469997
2359 0.01088093560803887 0.5468506095019244
2360 0.01088087616333948 0.5468496115092649
2361 0.01088091968289764 0.5468498741395733
2362 0.01088086474432453 0.5468489373732663
2363 0.01088091272677204 0.5468492623490638
2364 0.01088086217330356 0.5468483870116789
2365 0.01088091447943387 0.5468487742442134
2366 0.01088086816463749 0.5468479602347462
2367 0.01088092462032688 0.5468484092687013
2368 0.01088088237111117 0.5468476561469522
2369 0.01088094277816139 0.546848166105956
2370 0.01088090438966572 0.5468474729816789
2371 0.01088096852023321 0.5468480426015416
2372 0.01088093376871017 0.5468474082405125
2373 0.01088100137932711 0.5468480358355549
2374 0.01088097002232013 0.5468474586781773
2375 0.01088104085492173 0.5468481422795661
2376 0.01088101262608126 0.5468476204118314
2377 0.0108810863950405 0.5468483577090423
2378 0.01088106100419248 0.5468478888650736
2379 0.01088113740777742 0.5468486771584947
2380 0.01088111454963186 0.5468482587166131
2381 0.01088119327214881 0.5468490950658396
2382 0.01088117263269509 0.5468487241421822
2383 0.01088125335749915 0.5468496053426969
2384 0.01088123460844098 0.5468492787547907
2385 0.01088131700333738 0.5468502013344392
2386 0.0108812997967802 0.5468499156293871
2387 0.01088138351194154 0.5468508758745932
2388 0.01088136749514705 0.546850627339931
2389 0.01088145218343842 0.5468516213152752
2390 0.01088143699453062 0.546851405995923
2391 0.0108815223025974 0.5468524296346783
2392 0.01088150757952439 0.5468522433959634
2393 0.01088159316152551 0.5468532925043702
2394 0.01088157854740033 0.5468531310767344
2395 0.01088166405747609 0.5468542013092925
2396 0.01088164918810566 0.5468540602557059
2397 0.01088173427319779 0.5468551471599138
2398 0.01088171878571292 0.5468550219260541
2399 0.01088180310176118 0.5468561210112827
2400 0.01088178663661568 0.5468560069633128
2401 0.01088186984612081 0.5468571136641874
2402 0.01088185206456362 0.5468570061293552
2403 0.01088193384648399 0.546858115924992
2404 0.01088191441569987 0.5468580102080125
2405 0.01088199445965882 0.5468591185625933
2406 0.01088197305781334 0.5468590099830818
2407 0.01088205105849216 0.5468601124279517
2408 0.01088202737046365 0.5468599963098058
2409 0.0108821030370813 0.5468610884212806
2410 0.01088207676949904 0.5468609602239133
2411 0.01088214982582622 0.5468620376397926
2412 0.01088212070980294 0.5468618929043422
2413 0.01088219090619267 0.5468629514565143
2414 0.01088215869339562 0.5468627858751784
2415 0.01088222580018209 0.5468638215365176
2416 0.01088219025888706 0.5468636309626376
2417 0.01088225405349744 0.5468646398067276
2418 0.01088221496932541 0.5468644202362071
2419 0.01088227525799616 0.5468653986163691
2420 0.01088223244755199 0.5468651462952345
2421 0.0108822890627046 0.5468660907333933
2422 0.01088224237036505 0.5468658021336761
2423 0.01088229516244633 0.5468667094081568
2424 0.01088224445254914 0.5468663812444555
2425 0.01088229330327515 0.5468672483627847
2426 0.01088223846760591 0.5468668776435387
2427 0.0108822832742657 0.5468677018864567
2428 0.01088222422897624 0.5468672859077141
2429 0.01088226491956175 0.5468680648701421
2430 0.01088220161191623 0.5468676012112526
2431 0.01088223814448204 0.5468683327785433
2432 0.01088217055096489 0.5468678193929066
2433 0.01088220290225369 0.546868501744591
2434 0.01088213102505195 0.5468679368734074
2435 0.01088215920342738 0.5468685684999026
2436 0.01088208306649558 0.5468679506816001
2437 0.01088210710191504 0.5468685304146041
2438 0.01088202676906429 0.5468678587211263
2439 0.01088204671934532 0.5468683857894873
2440 0.01088196226748846 0.5468676595180734
2441 0.01088197821018413 0.5468681333396272
2442 0.01088188975035872 0.5468673521290898
2443 0.01088190179594253 0.5468677725131218
2444 0.01088180947221803 0.5468669364562331
2445 0.01088181775550534 0.5468673035986015
2446 0.01088172172659135 0.5468664131432194
2447 0.01088172639685862 0.5468667275333406
2448 0.01088162684340221 0.5468657834641322
2449 0.01088162806661809 0.5468660458612471
2450 0.01088152518883817 0.5468650492918672
2451 0.01088152316585595 0.5468652608447238
2452 0.01088141719272283 0.5468642132311712
2453 0.01088141213704281 0.5468643753545432
2454 0.01088130331485609 0.5468632785171937
2455 0.01088129546289878 0.5468633929522491
2456 0.01088118405151031 0.546862249009145
2457 0.01088117364911478 0.5468623177933726
2458 0.010881059923478 0.546861129196358
2459 0.01088104723858249 0.546861154729107
2460 0.01088093149400875 0.5468599243613694
2461 0.01088091681298134 0.546859909404586
2462 0.01088079934386854 0.5468586401273232
2463 0.01088078294483197 0.5468585872330306
2464 0.010880664036277 0.5468572818338099
2465 0.01088064620400505 0.5468571937795889
2466 0.01088052615423477 0.5468558554972329
2467 0.01088050718981657 0.5468557355432698
2468 0.01088038631273127 0.5468543679417394
2469 0.01088036653108062 0.5468542195905326
2470 0.01088024514913413 0.5468528264618231
2471 0.01088022488839852 0.5468526535312833
2472 0.01088010333425278 0.5468512387704096
2473 0.01088008291657266 0.5468510450458872
2474 0.01087996151333544 0.5468496126333967
2475 0.01087994126820158 0.5468494020621683
2476 0.01087982032498535 0.5468479559747985
2477 0.01087980057223647 0.5468477326187615
2478 0.01087968039329236 0.5468462768862433
2479 0.01087966143643897 0.5468460447056662
2480 0.01087954231104464 0.5468445833278104
2481 0.01087952446049262 0.5468443464936791
2482 0.01087940668127336 0.5468428835290008
2483 0.01087939023623345 0.5468426461278961
2484 0.01087927408979119 0.5468411856276291
2485 0.01087925934133649 0.5468409517744596
2486 0.01087914508452699 0.546839497673541
2487 0.01087913230286667 0.5468392715164291
2488 0.01087902018552048 0.5468378277662538
2489 0.01087900962136883 0.5468376132034899
2490 0.01087889987502293 0.5468361835359882
2491 0.01087889178140368 0.5468359845648677
2492 0.01087878463530229 0.5468345727203197
2493 0.01087877923660453 0.5468343930885462
2494 0.01087867489796661 0.5468330026178787
2495 0.01087867241086489 0.5468328460495241
2496 0.01087857106257786 0.5468314803306769
2497 0.01087857167058844 0.5468313503356874
2498 0.0108784734768366 0.5468300126157443
2499 0.01087847733775393 0.5468299124108905
2500 0.01087838243664381 0.5468286056812806
2501 0.01087838969894904 0.5468285384263161
2502 0.01087829822151924 0.5468272655059244
2503 0.01087830900613958 0.5468272340259615
2504 0.01087822106376219 0.5468259975518756
2505 0.01087823546689521 0.5468260043761122
2506 0.01087815113513952 0.5468248066710879
2507 0.01087816923394196 0.5468248542655858
2508 0.01087808857390595 0.5468236975264962
2509 0.01087811041072337 0.54682378793736
2510 0.0108780334430747 0.5468226738926327
2511 0.01087805903710094 0.5468228088301096
2512 0.01087798578427934 0.5468217390715518
2513 0.01087801514111393 0.5468219200033823
2514 0.01087794560346654 0.5468208959161784
2515 0.01087797870489514 0.5468211240533415
2516 0.01087791284659475 0.546820146645009
2517 0.010877949640018 0.546820422866088
2518 0.01087788740274596 0.5468194928911748
2519 0.01087792780671322 0.5468198176250224
2520 0.01087786910428486 0.5468189354544873
2521 0.01087791302441428 0.5468193089437529
2522 0.01087785776421373 0.5468184747205311
2523 0.01087790508878754 0.5468188968586932
2524 0.01087785316040247 0.5468181105028221
2525 0.01087790375914133 0.5468185808781517
2526 0.0108778550171666 0.5468178419254933
2527 0.01087790872143156 0.546818359785011
2528 0.01087786300052152 0.5468176675008867
2529 0.01087791963107452 0.5468182317753892
2530 0.0108778767511262 0.5468175851280918
2531 0.01087793611713963 0.5468181945073751
2532 0.01087789588926531 0.5468175921960371
2533 0.01087795778449109 0.5468182450696526
2534 0.01087791999999399 0.5468176855688011
2535 0.01087798420479612 0.5468183800754159
2536 0.01087794863536952 0.5468178615460387
2537 0.01087801490623158 0.5468185955542844
2538 0.01087798130558019 0.5468181158959863
2539 0.01087804939068723 0.5468188870143915
2540 0.01087801750539476 0.5468184438775437
2541 0.01087808714927419 0.5468192495365498
2542 0.010878056723763 0.5468188403813815
2543 0.01087812767066212 0.5468196778477479
2544 0.01087809844281847 0.5468192999671875
2545 0.0108781704283515 0.5468201663028187
2546 0.01087814211390806 0.5468198167133335
2547 0.01087821484950337 0.5468207087768391
2548 0.01087818716348601 0.5468203843551216
2549 0.01087826037490063 0.5468212989163678
2550 0.01087823303156387 0.5468209963815295
2551 0.01087830644116273 0.5468219300716487
2552 0.01087827916000658 0.5468216460207826
2553 0.01087835249849698 0.5468225954298546
2554 0.01087832500224296 0.5468223263814913
2555 0.01087839800165159 0.5468232880061824
2556 0.01087837000689494 0.5468230303819316
2557 0.01087844238816345 0.546824000632516
2558 0.01087841361125658 0.5468237507465241
2559 0.01087848511142692 0.5468247260458426
2560 0.0108784552801976 0.5468244802007846
2561 0.01087852564167911 0.5468254569288683
2562 0.01087849449955256 0.5468252114425216
2563 0.01087856348212998 0.5468261860593607
2564 0.01087853078408728 0.5468259372778193
2565 0.01087859815240896 0.5468269062316802
2566 0.0108785636514926 0.5468266504704287
2567 0.01087862917466353 0.5468276103076276
2568 0.01087859264430624 0.5468273440120054
2569 0.01087865611203377 0.5468282913448639
2570 0.01087861733682385 0.546828010986556
2571 0.01087867854765527 0.5468289424542033
2572 0.01087863733438101 0.5468286446489455
2573 0.01087869610738626 0.5468295571030645
2574 0.01087865228116108 0.5468292386101137
2575 0.01087870845674182 0.5468301290312415
2576 0.01087866185647848 0.546829786738309
2577 0.01087871527963036 0.5468306522243851
2578 0.010878665757106 0.5468302831724845
2579 0.01087871629338871 0.5468311210363601
2580 0.01087866372160346 0.5468307224477867
2581 0.01087871125684544 0.5468315301337927
2582 0.01087865553344194 0.5468310994523864
2583 0.01087869997536537 0.5468318746348215
2584 0.01087864102628033 0.5468314095462004
2585 0.01087868230843728 0.5468321501452351
2586 0.01087862007498657 0.5468316485482528
2587 0.01087865814197638 0.5468323526768925
2588 0.01087859258170874 0.5468318127262868
2589 0.01087862739429942 0.546832478725762
2590 0.01087855848222663 0.5468318987816329
2591 0.01087859002492251 0.5468325252193029
2592 0.01087851776972604 0.5468319039382635
2593 0.01087854605682333 0.5468324897074169
2594 0.01087847049300197 0.5468318260834619
2595 0.01087849555465014 0.5468323702547533
2596 0.01087841672175161 0.5468316634234573
2597 0.01087843859851741 0.5468321653506601
2598 0.01087835656837528 0.546831414916769
2599 0.01087837532842059 0.5468318742746369
2600 0.01087829018284776 0.5468310799854552
2601 0.01087830591189227 0.5468314966029774
2602 0.01087821776318696 0.5468306584992247
2603 0.01087823056643377 0.54683103252556
2604 0.01087813954908884 0.5468301510250946
2605 0.01087814955487365 0.5468304829038557
2606 0.0108780558092603 0.5468295586266062
2607 0.01087806315092289 0.5468298490179863
2608 0.01087796683821595 0.5468288829031475
2609 0.01087797166566168 0.546829132702787
2610 0.01087787295720423 0.5468281259416113
2611 0.01087787544799891 0.5468283363422611
2612 0.01087777454263797 0.546827290262631
2613 0.01087777488332044 0.5468274625383663
2614 0.01087767198526193 0.5468263788061853
2615 0.01087767037158342 0.5468265146443466
2616 0.01087756569834936 0.5468253952613131
2617 0.01087756234309199 0.5468254966226913
2618 0.01087745611813149 0.5468243437463599
2619 0.01087745123475726 0.546824412614708
2620 0.01087734368173506 0.5468232284469565
2621 0.01087733749968415 0.5468232670307029
2622 0.01087722886799811 0.5468220540639737
2623 0.01087722162807158 0.546822064805507
2624 0.01087711216592262 0.5468208257435624
2625 0.01087710411252086 0.5468208112638736
2626 0.01087699405940779 0.5468195488425549
2627 0.01087698543744121 0.5468195119125555
2628 0.01087687504789587 0.5468182291131013
2629 0.01087686610731368 0.5468181725858017
2630 0.01087675562528403 0.5468168723551244
2631 0.01087674661917858 0.5468167992377208
2632 0.01087663629771332 0.5468154846658112
2633 0.01087662747934844 0.5468153980544497
2634 0.01087651756639192 0.5468140723460266
2635 0.01087650918137047 0.5468139753656339
2636 0.01087639991333227 0.5468126417048212
2637 0.01087639220683363 0.5468125376238397
2638 0.01087628381890906 0.5468111992363023
2639 0.01087627702842244 0.5468110912339176
2640 0.01087616973917928 0.5468097512549672
2641 0.01087616409910474 0.5468096426472253
2642 0.01087605813366394 0.5468083043133414
2643 0.01087605386957233 0.5468081983400388
2644 0.010875949441283 0.5468068648082834
2645 0.01087594677350596 0.5468067646891934
2646 0.01087584407874284 0.5468054390491046
2647 0.01087584320403885 0.5468053479696134
2648 0.01087574243070447 0.5468040333173179
2649 0.0108757435375865 0.5468039543126053
2650 0.0108756448513529 0.5468026534701627
2651 0.01087564812169485 0.5468025896054859
2652 0.01087555168798966 0.5468013054332355
2653 0.01087555728031511 0.5468012595455234
2654 0.01087546324895809 0.5467999947661645
2655 0.01087547131636258 0.5467999696554021
2656 0.01087537981328227 0.5467987268130546
2657 0.01087539047529137 0.5467987250574659
2658 0.01087530161401058 0.5467975066052015
2659 0.01087531498457747 0.5467975306409633
2660 0.01087522885589073 0.5467963387227642
2661 0.01087524502825077 0.5467963907990033
2662 0.01087516171582401 0.5467952274926898
2663 0.01087518076623866 0.5467953096570172
2664 0.0108751003417274 0.5467941769275468
2665 0.01087512233310673 0.5467942911134117
2666 0.01087504483451719 0.5467931906182394
2667 0.01087506979084269 0.5467933383949708
2668 0.01087499524175557 0.5467922715864584
2669 0.01087502318204358 0.5467924543238959
2670 0.01087495159217013 0.5467914224649336
2671 0.01087498252108243 0.5467916414120388
2672 0.010874913884392 0.5467906455389058
2673 0.01087494778094108 0.5467909015840919
2674 0.010874882074454 0.5467899425478197
2675 0.01087491890172486 0.5467902363705756
2676 0.01087485607612307 0.5467893147628815
2677 0.01087489577036322 0.5467896468333009
2678 0.01087483576050077 0.5467887630003464
2679 0.01087487824511099 0.5467891334434385
2680 0.01087482096933117 0.5467882874955862
2681 0.01087486615356687 0.5467886962849111
2682 0.01087481152138154 0.5467878881336646
2683 0.01087485929871172 0.5467883349276773
2684 0.01087480720101275 0.5467875642452464
2685 0.01087485744405853 0.5467880485800001
2686 0.01087480773464654 0.5467873149160731
2687 0.01087486029355378 0.5467878359333872
2688 0.01087481284479409 0.5467871381901795
2689 0.01087486758341262 0.5467876945969609
2690 0.01087482223989042 0.5467870317867402
2691 0.01087487898593223 0.5467876225928505
2692 0.010874835577218 0.5467869937187158
2693 0.01087489415690648 0.5467876175818297
2694 0.01087485251000605 0.5467870212217664
2695 0.01087491274238657 0.5467876764075896
2696 0.01087487266675366 0.546787110802184
2697 0.01087493434986825 0.5467877954448076
2698 0.01087489564104687 0.5467872587983666
2699 0.01087495857104405 0.5467879709038799
2700 0.01087492101821751 0.5467874612246887
2701 0.0108749849850384 0.5467881986494459
2702 0.01087494838161994 0.546787713782517
2703 0.01087501318129582 0.5467884742420088
2704 0.01087497731671502 0.5467880119207111
2705 0.01087504273562626 0.5467887929827132
2706 0.0108750073823818 0.546788350730917
2707 0.01087507319364276 0.5467891498781998
2708 0.01087503812829276 0.5467887251848741
2709 0.01087510411703265 0.5467895397911146
2710 0.01087506911248875 0.5467891299519401
2711 0.01087513505893724 0.5467899573136838
2712 0.01087509989218771 0.5467895595994475
2713 0.0108751655839815 0.5467903969796475
2714 0.0108751300415575 0.5467900086134362
2715 0.01087519527137341 0.5467908532169415
2716 0.01087515913274663 0.5467904713099744
2717 0.01087522368477931 0.5467913203456559
2718 0.0108751867350213 0.5467909420631394
2719 0.01087525040830554 0.5467917927128415
2720 0.01087521243864526 0.5467914151401422
2721 0.01087527503596141 0.5467922645759795
2722 0.01087523585341222 0.5467918848268054
2723 0.01087529719432961 0.5467927302876407
2724 0.0108752566153975 0.5467923455354787
2725 0.01087531652510859 0.5467931842979875
2726 0.01087527436398184 0.5467927917101616
2727 0.01087533266602167 0.5467936211384525
2728 0.01087528875442112 0.5467932180162202
2729 0.01087534529394979 0.5467940355094792
2730 0.01087529947729229 0.5467936191713865
2731 0.01087535410964044 0.5467944221987813
2732 0.01087530625030567 0.546793990091171
2733 0.01087535885024688 0.5467947763088645
2734 0.01087530882536469 0.5467943260306534
2735 0.01087535927524829 0.5467950931617358
2736 0.01087530696375822 0.5467946223599173
2737 0.01087535515004447 0.5467953682871876
2738 0.01087530045260148 0.546794874840356
2739 0.01087534628674779 0.5467955975702605
2740 0.01087528911997405 0.5467950794419779
2741 0.01087533252755115 0.5467957771105999
2742 0.01087527283217946 0.5467952324791815
2743 0.01087531376116762 0.5467959034586631
2744 0.0108752514944152 0.5467953306926046
2745 0.01087528990485789 0.5467959735102407
2746 0.01087522502888435 0.5467953711214575
2747 0.01087526088377639 0.5467959844753918
2748 0.01087519338165494 0.5467953512510585
2749 0.01087522666859654 0.5467959340113263
2750 0.01087515654003775 0.5467952688535135
2751 0.01087518726612902 0.5467958200981951
2752 0.01087511453481737 0.5467951221799306
2753 0.01087514272626619 0.5467956412096503
2754 0.01087506743573847 0.5467949099441749
2755 0.01087509313147963 0.5467953962391169
2756 0.01087501532480866 0.5467946311602119
2757 0.01087503856617226 0.546795084404639
2758 0.01087495831355545 0.5467942854325319
2759 0.01087497916927226 0.5467947055680307
2760 0.01087489654933334 0.5467938726972496
2761 0.01087491510054579 0.5467942597968098
2762 0.01087483021385718 0.5467933932803979
2763 0.01087484655829456 0.5467937476395305
2764 0.01087475952564831 0.5467928479903101
2765 0.01087477377943563 0.5467931701496053
2766 0.01087468472079915 0.546792238061106
2767 0.01087469699328305 0.5467925287362855
2768 0.01087460604319272 0.5467915651437368
2769 0.01087461646757341 0.5467918252118805
2770 0.01087452377044843 0.5467908311636546
2771 0.01087453249357429 0.5467910617197875
2772 0.01087443821385153 0.5467900385143942
2773 0.01087444539468446 0.54679024082479
2774 0.01087434970706186 0.5467891899553609
2775 0.01087435551255082 0.5467893654781547
2776 0.01087425858591069 0.5467882885578591
2777 0.01087426317837173 0.546788438907694
2778 0.01087416519113323 0.5467873377602563
2779 0.01087416874531321 0.5467874646514177
2780 0.0108740698775927 0.5467863411481142
2781 0.01087407258216785 0.5467864465079826
2782 0.01087397303129863 0.5467853027061371
2783 0.0108739750782744 0.5467853885292081
2784 0.01087387504655856 0.5467842266546817
2785 0.01087387663439981 0.5467842951148948
2786 0.0108737763094445 0.5467831173947032
2787 0.01087377762276889 0.5467831707494765
2788 0.01087367719679522 0.5467819795509639
2789 0.01087367843378407 0.5467820201156756
2790 0.01087357809634716 0.5467808177996059
2791 0.01087357945213294 0.5467808480006592
2792 0.01087347939932962 0.5467796370498212
2793 0.01087348106709727 0.5467796592993495
2794 0.01087338149581332 0.5467784422438479
2795 0.01087338367790322 0.5467784591075753
2796 0.01087328476549927 0.546777238410747
2797 0.01087328763551955 0.5467772524079368
2798 0.01087318955690443 0.5467760306029527
2799 0.01087319329542849 0.5467760442500662
2800 0.01087309622317888 0.5467748238544616
2801 0.01087310101281246 0.5467748397583182
2802 0.01087300511431764 0.5467736232015628
2803 0.0108730111230487 0.5467736438008909
2804 0.0108729165603497 0.5467724335598724
2805 0.01087292395118888 0.5467724613565598
2806 0.01087283086240378 0.546771259772809
2807 0.01087283977480876 0.5467712972193705
2808 0.01087274830333413 0.5467701066516575
2809 0.01087275887754178 0.5467701560271078
2810 0.01087266914820124 0.5467689786958249
2811 0.01087268151203456 0.5467690422984388
2812 0.01087259363660425 0.5467678802932625
2813 0.01087260790498165 0.5467679602256094
2814 0.01087252198987634 0.5467668155854057
2815 0.01087253826820611 0.5467669139150833
2816 0.01087245439548297 0.5467657884788343
2817 0.01087247276312892 0.5467659071124938
2818 0.01087239101475523 0.5467648026857095
2819 0.01087241154893845 0.5467649433671853
2820 0.01087233199011887 0.5467638616267151
2821 0.01087235475384035 0.5467640260503327
2822 0.01087227743389244 0.5467629684780296
2823 0.0108723024661023 0.5467631579869421
2824 0.01087222742158546 0.5467621258835111
2825 0.01087225476223492 0.5467623418511294
2826 0.01087218201162051 0.5467613363464428
2827 0.0108722116664593 0.5467615798674581
2828 0.01087214122185689 0.5467606020524544
2829 0.010872173194711 0.5467608740599539
2830 0.01087210504023532 0.5467599246892857
2831 0.01087213931385472 0.5467602259287363
2832 0.01087207343466353 0.5467593056488165
2833 0.01087210998596232 0.5467596366340021
2834 0.01087204635763332 0.5467587459895897
2835 0.01087208514839999 0.5467591071272793
2836 0.01087202371355614 0.5467582463556377
2837 0.01087206467440894 0.5467586377936792
2838 0.01087200536837872 0.5467578070438744
2839 0.01087204842783714 0.5467582287241274
2840 0.01087199117200548 0.5467574278445552
2841 0.01087203624760011 0.5467578795613441
2842 0.01087198096236459 0.5467571083352067
2843 0.01087202796832218 0.5467575896663666
2844 0.01087197456484241 0.5467568476855199
2845 0.0108720233971308 0.5467573580444578
2846 0.01087197175556369 0.5467566446366245
2847 0.01087202228369509 0.546757183245057
2848 0.01087197227964716 0.5467564976965456
2849 0.01087202437436331 0.5467570635825626
2850 0.01087197587261117 0.5467564048854467
2851 0.01087202939854092 0.5467569969564637
2852 0.01087198226719656 0.5467563639614824
2853 0.0108720370905296 0.5467569809435524
2854 0.0108719911905103 0.5467563724530184
2855 0.01087204716027589 0.5467570129337731
2856 0.0108720023321061 0.5467564274646638
2857 0.01087205928401515 0.5467570899020884
2858 0.01087201536260266 0.5467565259609427
2859 0.0108720731325663 0.5467572086756799
2860 0.01087202994898687 0.5467566645394308
2861 0.01087208836952845 0.5467573657096483
2862 0.01087204575210262 0.5467568395531603
2863 0.01087210466029333 0.5467575573136947
2864 0.01087206245171876 0.5467570472895603
2865 0.01087212168441858 0.5467577796818924
2866 0.01087207970948987 0.5467572837669115
2867 0.01087213908838149 0.5467580287771409
2868 0.01087209716397175 0.5467575449241641
2869 0.01087215651394614 0.5467583004144515
2870 0.01087211446131415 0.5467578264529009
2871 0.0108721736102868 0.5467585902235117
2872 0.01087213126265927 0.5467581239572795
2873 0.01087219005938674 0.5467588938877526
2874 0.01087214725884666 0.546758433131313
2875 0.01087220553930801 0.5467592069698183
2876 0.01087216211163545 0.5467587494235068
2877 0.01087221971238831 0.5467595250235703
2878 0.01087217549673325 0.5467590684691028
2879 0.01087223226034164 0.54675984359624
2880 0.01087218709441502 0.5467593857494827
2881 0.01087224287042669 0.5467601581816788
2882 0.01087219661108427 0.5467596968075004
2883 0.01087225127087797 0.5467604644226748
2884 0.01087220378749389 0.5467599973197318
2885 0.01087225720089645 0.5467607580286198
2886 0.0108722083556528 0.5467602830596596
2887 0.01087226039122718 0.5467610348178999
2888 0.01087221005968076 0.5467605498822571
2889 0.01087226060166162 0.5467612906919472
2890 0.01087220866999817 0.5467607937672778
2891 0.01087225761517927 0.5467615217371526
2892 0.01087220398748778 0.5467610109284505
2893 0.01087225124928872 0.5467617242842415
2894 0.01087219584230612 0.5467611977689462
2895 0.01087224133686646 0.5467618947875527
2896 0.01087218406581768 0.5467613508273124
2897 0.01087222771722429 0.546762029968299
2898 0.01087216851909715 0.5467614670191406
2899 0.01087221026751858 0.5467621268115034
2900 0.01087214908655808 0.5467615433822225
2901 0.01087218888485205 0.5467621824676558
2902 0.01087212568558528 0.5467615772519759
2903 0.01087216350443812 0.5467621944474695
2904 0.01087209826444687 0.546761566285755
2905 0.01087213408040012 0.5467621605438859
2906 0.01087206678144714 0.5467615084012566
2907 0.01087210058152809 0.5467620788497389
2908 0.01087203122523829 0.546761401904226
2909 0.0108720630108503 0.5467619477753869
2910 0.01087199160933872 0.5467612453261795
2911 0.01087202139772805 0.5467617660058488
2912 0.01087194798072266 0.5467610375373462
2913 0.01087197579887481 0.5467615326056343
2914 0.01087190040942067 0.5467607777920684
2915 0.0108719262986623 0.5467612469730572
2916 0.0108718489798114 0.546760465577401
2917 0.01087187298671032 0.5467609087646333
2918 0.01087179380674198 0.5467601008615421
2919 0.01087181599665889 0.546760518124452
2920 0.01087173502890952 0.5467596838630296
2921 0.01087175547442474 0.5467600753972467
2922 0.0108716728055461 0.546759215108001
2923 0.01087169159304513 0.5467595812608611
2924 0.01087160732454929 0.546758695465149
2925 0.01087162455030104 0.5467590367918191
2926 0.0108715387798863 0.5467581261116857
2927 0.01087155454276786 0.5467584432894411
2928 0.01087146738986933 0.5467575086188926
2929 0.01087148180240779 0.5467578024750532
2930 0.0108713933820558 0.5467568447098077
2931 0.01087140656219165 0.5467571161983434
2932 0.01087131700775852 0.5467561364721781
2933 0.01087132908977354 0.5467563867108756
2934 0.01087123854430654 0.5467553862914977
2935 0.01087124966288326 0.5467556165089934
2936 0.01087115826361713 0.5467545967118331
2937 0.01087116855427066 0.5467548082547626
2938 0.01087107644649498 0.54675377062247
2939 0.01087108604768655 0.5467539649502696
2940 0.01087099336777101 0.5467529109862971
2941 0.01087100242363412 0.5467530896405304
2942 0.01087090933035012 0.5467520210384343
2943 0.01087091800138609 0.546752185682582
2944 0.01087082465443773 0.5467511041920552
2945 0.01087083309509292 0.5467512565770219
2946 0.01087073964300695 0.5467501639954462
2947 0.01087074800337361 0.5467503059673156
2948 0.01087065459279408 0.5467492041611063
2949 0.01087066302039506 0.5467493375434569
2950 0.01087056979778822 0.5467482283854195
2951 0.01087057844334728 0.5467483550764172
2952 0.01087048556393378 0.5467472405586334
2953 0.01087049458457989 0.5467473625250778
2954 0.0108704021973922 0.5467462445858102
2955 0.01087041173856894 0.5467463637937129
2956 0.01087031998753195 0.5467452444209634
2957 0.0108703301950825 0.5467453628857669
2958 0.01087023920776398 0.5467442440047096
2959 0.01087025020763256 0.5467443636295518
2960 0.01087016010880083 0.5467432471404237
2961 0.01087017203559952 0.546743369919871
2962 0.01087008295437404 0.5467422577753912
2963 0.01087009593764989 0.5467423856292088
2964 0.0108700079923381 0.5467412796710138
2965 0.01087002215226571 0.5467414145037607
2966 0.01086993545317202 0.546740316535804
2967 0.01086995089838588 0.546740460169139
2968 0.01086986554449772 0.5467393719797431
2969 0.01086988236703098 0.5467395261495028
2970 0.0108697984463893 0.5467384493884057
2971 0.01086981673806914 0.5467386157889965
2972 0.01086973433875191 0.5467375521038936
2973 0.01086975418771015 0.5467377323553723
2974 0.01086967337712494 0.5467366831540161
2975 0.01086969485045723 0.5467368787106992
2976 0.01086961569294758 0.5467358454272943
2977 0.01086963885627238 0.5467360577527682
2978 0.01086956140578052 0.5467350417289796
2979 0.01086958630124071 0.5467352720854713
2980 0.01086951059279308 0.546734274453447
2981 0.01086953725683196 0.5467345239702934
2982 0.01086946332809236 0.5467335458497039
2983 0.0108694917945407 0.5467338155900088
2984 0.01086941965980119 0.5467328578595559
2985 0.01086944993693139 0.5467331486897901
2986 0.01086937960724899 0.5467322121856923
2987 0.01086941170281634 0.5467325248748424
2988 0.01086934317376855 0.5467316102796163
2989 0.01086937707266763 0.5467319454279724
2990 0.01086931032749665 0.5467310532460018
2991 0.01086934601230552 0.5467314113204643
2992 0.01086928103111114 0.5467305420084336
2993 0.01086931847464058 0.546730923312768
2994 0.01086925521629395 0.5467300770356742
2995 0.01086929436923594 0.5467304816878302
2996 0.01086923279205055 0.5467296586347752
2997 0.01086927361125672 0.5467300867238057
2998 0.0108692136594026 0.5467292868128253
2999 0.01086925607469935 0.5467297381600666
3000 0.01086919767780751 0.5467289612094819
3001 0.0108692416184576 0.5467294355238466
3002 0.01086918470809419 0.5467286812713981
3003 0.01086923009533029 0.5467291781187847
3004 0.0108691745794071 0.5467284460558005
3005 0.01086922131695225 0.5467289648444912
3006 0.01086916710737758 0.5467282544238306
3007 0.01086921510850822 0.5467287945056178
3008 0.01086916210297123 0.54672810495311
3009 0.01086921125343067 0.5467286654429971
3010 0.01086915934418728 0.5467279959381827
3011 0.01086920953750435 0.5467285759235898
3012 0.01086915861621386 0.5467279255318568
3013 0.01086920973797405 0.5467285239222834
3014 0.01086915967918349 0.5467278914959363
3015 0.01086921160270049 0.546728507095085
3016 0.01086916228699751 0.5467278914848617
3017 0.01086921489426607 0.5467285230243604
3018 0.01086916619447766 0.5467279229227474
3019 0.01086921935110288 0.5467285690362765
3020 0.01086917113323757 0.5467279830570339
3021 0.01086922471004625 0.5467286423095217
3022 0.01086917684349814 0.5467280690259454
3023 0.01086923070978785 0.5467287398823827
3024 0.01086918305477293 0.546728177707164
3025 0.01086923707235677 0.5467288585686167
3026 0.01086918949624396 0.5467283059283123
3027 0.01086924354066745 0.5467289952147208
3028 0.0108691959125744 0.5467284504414271
3029 0.01086924984739165 0.5467291464627086
3030 0.0108692020308071 0.5467286078833206
3031 0.01086925572673736 0.5467293089568834
3032 0.0108692075882457 0.54672877484067
3033 0.01086926091537649 0.5467294792197912
3034 0.01086921232135634 0.5467289477902842
3035 0.01086926515347238 0.5467296537583404
3036 0.01086921598571795 0.5467291232986187
3037 0.01086926820996453 0.5467298291468893
3038 0.01086921834792317 0.5467292978845006
3039 0.01086926984597751 0.546730001930951
3040 0.01086921916890055 0.546729468145942
3041 0.01086926982808131 0.5467301687067688
3042 0.01086921822844451 0.5467296306917593
3043 0.01086926794593913 0.5467303260878832
3044 0.01086921532027436 0.5467297821313174
3045 0.01086926399792243 0.5467304707799974
3046 0.01086921025166498 0.5467299193038738
3047 0.01086925780223719 0.5467305996491741
3048 0.01086920284805802 0.5467300390476113
3049 0.01086924918498644 0.5467307096040006
3050 0.010869192937527 0.5467301383700534
3051 0.01086923798521073 0.5467307977323717
3052 0.01086918037567208 0.5467302144546833
3053 0.01086922406995819 0.5467308612755628
3054 0.01086916504434366 0.5467302647111087
3055 0.01086920733440538 0.5467308976300038
3056 0.01086914683869119 0.5467302864421077
3057 0.01086918764985032 0.5467309044249596
3058 0.01086912562359848 0.5467302773911075
3059 0.01086916494071958 0.5467308793523812
3060 0.01086910137362537 0.5467302354916498
3061 0.01086913917278682 0.5467308205196255
3062 0.01086907403689539 0.5467301589194654
3063 0.0108691102879603 0.5467307261428461
3064 0.01086904356201009 0.5467300459779258
3065 0.01086907825342341 0.5467305946820905
3066 0.01086900993978646 0.5467298952581257
3067 0.0108690430757214 0.5467304248183346
3068 0.01086897318295123 0.5467297055572083
3069 0.010869004772273 0.5467302154791561
3070 0.01086893331820889 0.5467294759681085
3071 0.01086896338074941 0.5467299659226467
3072 0.01086889039508553 0.5467292058797761
3073 0.0108689189613244 0.5467296756299705
3074 0.01086884448258136 0.5467288949087126
3075 0.01086887158934497 0.5467293443206727
3076 0.01086879566233197 0.5467285428522524
3077 0.01086882135629251 0.5467289719277617
3078 0.01086874403593356 0.5467281498213855
3079 0.01086876837128259 0.5467285587340759
3080 0.01086868972377154 0.5467277162543748
3081 0.01086871276430933 0.5467281052784967
3082 0.01086863286112941 0.546727242772469
3083 0.0108686546785731 0.5467276122842856
3084 0.01086857360134446 0.5467267302413713
3085 0.01086859427912601 0.5467270807447775
3086 0.01086851211589768 0.5467261797664991
3087 0.0108685317371793 0.5467265118655643
3088 0.01086844858147855 0.5467255926874035
3089 0.01086846723889346 0.5467259071377565
3090 0.01086838318772778 0.5467249705915409
3091 0.01086840097708061 0.5467252682421491
3092 0.01086831613599585 0.5467243152816845
3093 0.01086833316147779 0.5467245970716742
3094 0.01086824763859751 0.5467236287383256
3095 0.01086826400881339 0.5467238956934783
3096 0.01086817791442352 0.5467229130883864
3097 0.01086819373984778 0.5467231663295175
3098 0.01086810718879812 0.5467221706720928
3099 0.0108681225824051 0.5467224114273094
3100 0.01086803569079974 0.5467214039832174
3101 0.01086805076782237 0.5467216335233483
3102 0.01086796365554665 0.546720615652705
3103 0.01086797853509173 0.546720835303384
3104 0.010867891320226 0.546719808403009
3105 0.01086790612103712 0.5467200195595739
3106 0.01086781892127232 0.5467189850678253
3107 0.0108678337612718 0.5467191891769556
3108 0.01086774669274397 0.5467181485662223
3109 0.01086776169015038 0.5467183471220237
3110 0.01086767486694605 0.5467173018823406
3111 0.01086769013569281 0.5467174964078073
3112 0.01086760367499329 0.5467164481182861
3113 0.01086761933337401 0.5467166401618867
3114 0.0108675333464759 0.5467155903153564
3115 0.01086754950227119 0.5467157813607481
3116 0.01086746409398654 0.5467147315015941
3117 0.01086748085468677 0.5467149230946428
3118 0.0108673961256952 0.5467138747060835
3119 0.01086741359496695 0.5467140684040003
3120 0.01086732963917403 0.546713022970941
3121 0.01086734791106195 0.5467132202666618
3122 0.010867264827288 0.5467121793137761
3123 0.01086728400163327 0.5467123817084606
3124 0.01086720187579601 0.5467113466358479
3125 0.01086722203412319 0.5467115555148109
3126 0.01086714094614997 0.5467105277267827
3127 0.01086716217141955 0.5467107445166379
3128 0.01086708219714201 0.5467097253840721
3129 0.01086710455601212 0.5467099514107973
3130 0.01086702575093124 0.5467089421225602
3131 0.01086704930546272 0.546709178609956
3132 0.01086697172831971 0.5467081803083865
3133 0.01086699653882031 0.5467084284405047
3134 0.01086692024818491 0.5467074423388016
3135 0.01086694636670192 0.5467077032559319
3136 0.01086687140280575 0.546706730399156
3137 0.01086689886838822 0.5467070051501742
3138 0.01086682526181931 0.5467060464189559
3139 0.01086685410154906 0.5467063358856674
3140 0.01086678188099382 0.5467053921845377
3141 0.01086681211993327 0.5467056972224416
3142 0.01086674129937655 0.5467047693451971
3143 0.01086677294747273 0.5467050906550928
3144 0.0108667035336208 0.5467041791969522
3145 0.01086673659857041 0.5467045173940177
3146 0.01086666859260616 0.5467036229248878
3147 0.01086670306803662 0.5467039785341542
3148 0.01086663646279302 0.5467031015365001
3149 0.01086667233530244 0.5467034749634221
3150 0.0108666071121246 0.5467026157650887
3151 0.01086664436060484 0.5467030072662491
3152 0.01086658049210885 0.5467021660893951
3153 0.01086661908557477 0.5467025758110434
3154 0.01086655653678449 0.5467017527591678
3155 0.01086659643787746 0.5467021807597476
3156 0.01086653517044908 0.546701375859324
3157 0.01086657633206756 0.5467018220699491
3158 0.01086651629395707 0.5467010352147047
3159 0.01086655865827435 0.5467014994575717
3160 0.01086649978939492 0.5467007304407928
3161 0.01086654329597816 0.5467012124009198
3162 0.01086648553355739 0.5467004608739405
3163 0.01086653011720449 0.5467009601415795
3164 0.01086647339222324 0.5467002256703325
3165 0.01086651897949749 0.5467007417277671
3166 0.01086646321534847 0.5467000237924932
3167 0.01086650972568268 0.5467005560566132
3168 0.01086645484165024 0.5466998540342348
3169 0.01086650219001793 0.5467004018032672
3170 0.01086644809788107 0.5466997149541896
3171 0.01086649619379865 0.5467002774120343
3172 0.010866442797887 0.5466996048957633
3173 0.01086649154670683 0.5467001811412825
3174 0.0108664387526434 0.5466995220753721
3175 0.01086648805866167 0.546700111133176
3176 0.01086643577037181 0.5466994645334006
3177 0.01086648553703945 0.5467000653846825
3178 0.01086643365293532 0.5466994302043167
3179 0.01086648377734843 0.5467000417563236
3180 0.01086643219380859 0.5466994168741033
3181 0.01086648257326035 0.5467000379563736
3182 0.0108664311861956 0.5466994221978455
3183 0.01086648171755982 0.5467000515872998
3184 0.01086643042055892 0.5466994437031264
3185 0.01086648099981591 0.5467000801581205
3186 0.01086642968758192 0.5466994789026595
3187 0.01086648021070002 0.5467001211440998
3188 0.01086642878005874 0.5466995251891957
3189 0.01086647914724442 0.5467001719006737
3190 0.0108664274960638 0.5466995799355218
3191 0.01086647760681069 0.5467002297966703
3192 0.01086642563324543 0.5466996404542459
3193 0.01086647539026613 0.5467002921213379
3194 0.01086642299615951 0.5466997040626466
3195 0.01086647230457438 0.5467003561929387
3196 0.01086641939620812 0.5466997680513987
3197 0.01086646816475462 0.5467004193150121
3198 0.01086641465043235 0.5466998297340816
3199 0.01086646279271548 0.5467004788462146
3200 0.01086640858413051 0.5466998865110865
3201 0.01086645601418363 0.5467005321678076
3202 0.01086640103046132 0.5466999357660386
3203 0.01086644767453816 0.5467005766972357
3204 0.01086639184229783 0.5466999749497018
3205 0.01086643762916744 0.546700609933869
3206 0.01086638087470016 0.5467000016075232
3207 0.01086642573346332 0.5467006294949399
3208 0.01086636799445779 0.5467000134250135
3209 0.01086641186991853 0.5467006331025059
3210 0.01086635309124933 0.5467000081731338
3211 0.01086639592885579 0.5467006185708799
3212 0.01086633605890171 0.546699983698534
3213 0.01086637781133705 0.5467005838037
3214 0.01086631680789659 0.5466999380219287
3215 0.01086635743442177 0.5467005269166384
3216 0.01086629525791033 0.5466998692807893
3217 0.01086633472436097 0.5467004461262307
3218 0.01086627134869062 0.5466997758243548
3219 0.01086630963480441 0.5467003398730235
3220 0.01086624504584163 0.5466996561726962
3221 0.01086628213546316 0.5467002067214723
3222 0.0108662163193934 0.5466995089461819
3223 0.01086625220108738 0.5467000454159442
3224 0.01086618515104608 0.5466993330242795
3225 0.01086621981915285 0.5466998548976003
3226 0.01086615153692856 0.546699127404092
3227 0.0108661849967011 0.5466996342751594
3228 0.01086611549608956 0.546698891329517
3229 0.01086614776340035 0.546699382900578
3230 0.01086607706664755 0.5466986242542105
3231 0.0108661081637079 0.5466991003097592
3232 0.01086603629731733 0.5466983257923801
3233 0.01086606625071793 0.5466987862148177
3234 0.01086599324705956 0.5466979957698993
3235 0.01086602208938347 0.5466984405377247
3236 0.01086594798709194 0.5466976341979101
3237 0.01086597575619019 0.5466980633579686
3238 0.01086590060560907 0.5466972412984045
3239 0.01086592735421329 0.5466976550829683
3240 0.01086585121366866 0.5466968175530925
3241 0.01086587699973126 0.5466972162390838
3242 0.01086579992812001 0.5466963635775911
3243 0.01086582480671054 0.5466967475006116
3244 0.01086574686567435 0.5466958801322911
3245 0.01086577090103383 0.5466962497646817
3246 0.01086569216456066 0.5466953681729838
3247 0.0108657154262239 0.5466957241121366
3248 0.01086563595802669 0.5466948289737973
3249 0.01086565852184919 0.5466951717659779
3250 0.01086557841445825 0.5466942637801295
3251 0.01086560036343392 0.5466945941417926
3252 0.01086551970433891 0.5466936741139364
3253 0.01086554111925791 0.5466939928549286
3254 0.01086545998496719 0.5466930616099618
3255 0.01086548094564484 0.5466933695769407
3256 0.01086539941961091 0.5466924279848465
3257 0.01086542001511577 0.546692726076724
3258 0.01086533819232032 0.5466917751403123
3259 0.01086535851329338 0.5466920643305562
3260 0.01086527648736826 0.5466911050867863
3261 0.01086529662859918 0.5466913864285178
3262 0.01086521448899323 0.546690419919676
3263 0.01086523453793094 0.5466906944535247
3264 0.01086515237640493 0.5466897217962251
3265 0.01086517242614039 0.5466899906447918
3266 0.01086509033452751 0.5466890129765903
3267 0.0108651104756662 0.5466892772748631
3268 0.01086502854447189 0.5466882957537613
3269 0.01086504886890246 0.5466885566839593
3270 0.01086496718608275 0.5466875724877412
3271 0.01086498778066495 0.5466878312080908
3272 0.01086490643071462 0.546686845508783
3273 0.01086492738097789 0.5466871031965653
3274 0.01086484644945426 0.5466861171940391
3275 0.01086486784104658 0.5466863750582216
3276 0.01086478740790589 0.5466853899125069
3277 0.01086480932091367 0.5466856491303851
3278 0.01086472946472884 0.5466846660260433
3279 0.01086475197676 0.546684927769571
3280 0.01086467277001724 0.5466839478556438
3281 0.01086469595300868 0.5466842132747001
3282 0.01086461746052813 0.5466832376330849
3283 0.01086464138014323 0.5466835078219836
3284 0.01086456366894656 0.5466825375710878
3285 0.01086458839061798 0.5466828136310907
3286 0.0108645115179442 0.5466818498008305
3287 0.01086453709933221 0.5466821327778887
3288 0.01086446111794443 0.5466811763563353
3289 0.01086448760912159 0.5466814672155657
3290 0.01086441256580722 0.5466805191521318
3291 0.01086444001440753 0.5466808188544413
3292 0.01086436595042075 0.5466798800450792
3293 0.01086439439505032 0.5466801894660586
3294 0.01086432134450895 0.5466792607336118
3295 0.0108643508171925 0.5466795806693052
3296 0.01086427880825534 0.5466786627646174
3297 0.01086430933468266 0.5466789939409665
3298 0.01086423839009755 0.5466780875665309
3299 0.01086426999162186 0.5466784306707413
3300 0.01086420012571064 0.5466775364329853
3301 0.01086423281397401 0.5466778920394439
3302 0.01086416403629583 0.5466770104908467
3303 0.01086419781772806 0.5466773791137565
3304 0.01086413012916934 0.5466765107061655
3305 0.01086416500156149 0.5466768927646819
3306 0.01086409839689754 0.5466760378758141
3307 0.01086413435235297 0.546676433702988
3308 0.01086406881732783 0.5466755925918327
3309 0.0108641058399409 0.5466760024132298
3310 0.01086404135849291 0.5466751752995255
3311 0.01086407942917859 0.5466755992903038
3312 0.01086401597759348 0.5466747862783367
3313 0.01086405506807439 0.5466752244743196
3314 0.01086399261769375 0.5466744256172315
3315 0.01086403269520471 0.546674878015609
3316 0.01086397120559973 0.5466740932368488
3317 0.01086401222654123 0.5466745596985223
3318 0.01086395165464009 0.5466737888584967
3319 0.01086399357507627 0.5466742691895859
3320 0.01086393387448076 0.5466735120692146
3321 0.01086397664472934 0.5466740059881452
3322 0.01086391776210445 0.5466732622629276
3323 0.01086396132575749 0.5466737693929447
3324 0.01086390320285955 0.5466730386754257
3325 0.01086394749969594 0.5466735585793553
3326 0.01086389007373882 0.546672840406071
3327 0.01086393503863234 0.5466733725514535
3328 0.01086387824239641 0.546672666351649
3329 0.0108639238073763 0.5466732101306003
3330 0.01086386757242661 0.5466725153041712
3331 0.01086391366773366 0.5466730700662898
3332 0.0108638579205854 0.546672385928249
3333 0.01086390447059889 0.5466729509329068
3334 0.01086384913555775 0.5466722767463994
3335 0.01086389606398878 0.5466728512137949
3336 0.0108638410623482 0.5466721861662384
3337 0.01086388829136244 0.5466727692519676
3338 0.01086383354414585 0.5466721124769375
3339 0.01086388099696422 0.5466727033109514
3340 0.01086382642551547 0.5466720539252167
3341 0.0108638740225704 0.5466726515816133
3342 0.01086381954606486 0.546672008651865
3343 0.0108638672050137 0.5466726121514635
3344 0.01086381274006881 0.5466719746829097
3345 0.01086386038028732 0.546672583039354
3346 0.01086380584661426 0.5466719500361492
3347 0.01086385339009642 0.546672562248337
3348 0.01086379870910465 0.5466719326908621
3349 0.01086384607941847 0.5466725477350507
3350 0.0108637911723367 0.5466719205667349
3351 0.01086383829249539 0.5466725374029326
3352 0.01086378308304365 0.546671911590523
3353 0.01086382987756673 0.5466725291689977
3354 0.01086377429009335 0.546671903642389
3355 0.01086382068707571 0.5466725209301898
3356 0.01086376465262764 0.5466718946537545
3357 0.01086381058686464 0.5466725106472305
3358 0.01086375403896003 0.5466718825939213
3359 0.01086379944462347 0.5466724962665012
3360 0.01086374231811719 0.5466718654082841
3361 0.01086378713395642 0.5466724757811713
3362 0.01086372936658809 0.5466718411078223
3363 0.01086377353244644 0.546672447198514
3364 0.01086371507076658 0.5466718077661596
3365 0.01086375853782525 0.5466724086788302
3366 0.01086369932993683 0.5466717635551218
3367 0.01086374204535101 0.5466723583997865
3368 0.01086368204289803 0.5466717066930047
3369 0.0108637239632596 0.5466722946187902
3370 0.01086366312657045 0.5466716354891816
3371 0.01086370421574896 0.5466722156925063
3372 0.01086364250789825 0.5466715483179753
3373 0.01086368273362278 0.54667212006429
3374 0.01086362012911522 0.546671443763349
3375 0.01086365946789825 0.546672006396381
3376 0.01086359594799173 0.5466713205132971
3377 0.01086363438154701 0.5466718734253717
3378 0.01086356992966623 0.546671177357436
3379 0.0108636074416016 0.546671719991246
3380 0.01086354204237598 0.5466710132094924
3381 0.01086357861826602 0.5466715450587513
3382 0.01086351226472445 0.5466708270841627
3383 0.01086354790179663 0.5466713477310109
3384 0.01086348059672925 0.5466706181879031
3385 0.01086351530003259 0.5466711273060826
3386 0.01086344705129256 0.5466703858750577
3387 0.01086348082968252 0.5466708832012401
3388 0.01086341165084785 0.5466701296738065
3389 0.01086344451593112 0.5466706150027537
3390 0.0108633744246023 0.5466698492162315
3391 0.01086340639615096 0.5466703224229644
3392 0.01086333541576729 0.5466695442864655
3393 0.010863366518661 0.5466700053309129
3394 0.01086329468105716 0.5466692148650339
3395 0.01086332494757849 0.5466696637908085
3396 0.01086325228846046 0.5466688610795596
3397 0.01086328175469831 0.5466692980018502
3398 0.01086320831408921 0.5466684832158157
3399 0.01086323701775327 0.5466689083034296
3400 0.01086316283839134 0.5466680816642879
3401 0.01086319082524313 0.5466684951846571
3402 0.01086311595761844 0.5466676570039543
3403 0.01086314327836546 0.5466680592961456
3404 0.01086306777913136 0.5466672099862371
3405 0.01086309448858511 0.5466676014551282
3406 0.01086301841171689 0.5466667414441186
3407 0.01086304456270467 0.5466671225248344
3408 0.01086296796733613 0.5466662523239828
3409 0.01086299362155551 0.5466666235579444
3410 0.0108629165714099 0.5466657437396196
3411 0.01086294179108993 0.5466661057076927
3412 0.0108628643523887 0.5466652169142928
3413 0.01086288920414204 0.5466655702643799
3414 0.01086281144472298 0.5466646731760129
3415 0.01086283599681516 0.546665018607457
3416 0.01086275798568574 0.5466641139614934
3417 0.01086278230536446 0.5466644522080145
3418 0.01086270411275046 0.5466635407880662
3419 0.01086272827093359 0.5466638726305236
3420 0.01086264996603416 0.5466629552311004
3421 0.01086267403245728 0.5466632814740002
3422 0.01086259568715012 0.546662358931261
3423 0.01086261973300663 0.5466626804274752
3424 0.01086254141965691 0.5466617536370122
3425 0.01086256551650995 0.5466620712640973
3426 0.01086248730481443 0.5466611411106251
3427 0.01086251152229953 0.5466614557638904
3428 0.01086243347850052 0.5466605231283939
3429 0.01086245788428418 0.5466608357073033
3430 0.01086238007772854 0.5466599015165035
3431 0.01086240474162423 0.5466602129491718
3432 0.01086232723922359 0.5466592781266847
3433 0.01086235222507603 0.5466595893134149
3434 0.01086227508981633 0.5466586547762028
3435 0.01086230046150301 0.5466589666521612
3436 0.01086222375078645 0.5466580332808679
3437 0.0108622495656133 0.5466583467276226
3438 0.01086217333945633 0.5466574154411248
3439 0.01086219965729525 0.5466577313619697
3440 0.01086212397099101 0.5466568030277101
3441 0.01086215084716188 0.5466571223043641
3442 0.01086207575121949 0.5466561977692137
3443 0.01086210323492161 0.5466565212459422
3444 0.01086202877465798 0.546655601327058
3445 0.01086205691084463 0.5466559298191339
3446 0.01086198312832715 0.546655015303511
3447 0.01086201195677088 0.5466553495666466
3448 0.01086193889035728 0.5466544412007295
3449 0.01086196845050624 0.5466547819943589
3450 0.01086189613585548 0.5466538804958456
3451 0.01086192646065481 0.5466542285223291
3452 0.01086185492522911 0.5466533345527479
3453 0.01086188603914323 0.5466536904336429
3454 0.0108618153028584 0.5466528045658738
3455 0.01086184722618417 0.5466531688757849
3456 0.01086177731046596 0.5466522916851106
3457 0.01086181006437343 0.5466526649933114
3458 0.01086174098499191 0.5466517969920193
3459 0.0108617745820958 0.5466521797782572
3460 0.01086170634770907 0.5466513214104389
3461 0.01086174079379402 0.5466517140871272
3462 0.01086167340400448 0.5466508657030771
3463 0.01086170869607306 0.5466512685869369
3464 0.01086164214922853 0.5466504305136644
3465 0.010861678285698 0.546650843915457
3466 0.01086161257421495 0.5466500163853031
3467 0.01086164954477681 0.5466504405014454
3468 0.01086158465922017 0.5466496237236148
3469 0.01086162245134866 0.5466500587115507
3470 0.01086155837386653 0.546649252792182
3471 0.01086159696587004 0.5466496987124349
3472 0.01086153367385185 0.5466489037085007
3473 0.01086157304208211 0.5466493605894779
3474 0.01086151050685297 0.5466485764617621
3475 0.01086155062179424 0.5466490442260806
3476 0.01086148881113319 0.546648270884444
3477 0.01086152963749631 0.5466487493933812
3478 0.01086146851776997 0.5466479866999632
3479 0.01086151002211643 0.5466484757958679
3480 0.01086144955519726 0.5466477235241303
3481 0.01086149169462271 0.5466482229199529
3482 0.01086143183491663 0.546647480796874
3483 0.01086147456182232 0.54664799017905
3484 0.01086141526222821 0.5466472578558631
3485 0.0108614585304522 0.5466477768487061
3486 0.01086139974052067 0.5466470539207533
3487 0.01086144349725831 0.5466475820692559
3488 0.01086138516614434 0.5466468681020072
3489 0.01086142935917667 0.5466474049392063
3490 0.01086137142942751 0.5466466994017717
3491 0.01086141600034261 0.5466472443681033
3492 0.01086135841411104 0.5466465467104645
3493 0.01086140330523163 0.5466470992182324
3494 0.01086134600403028 0.5466464088410716
3495 0.01086139115745028 0.5466469682755916
3496 0.01086133408840736 0.5466462846256134
3497 0.01086137943908696 0.5466468501985419
3498 0.01086132253361501 0.5466461724299703
3499 0.01086136801292633 0.5466467435781663
3500 0.01086131119898373 0.5466460710613519
3501 0.01086135675619357 0.5466466470420633
3502 0.01086129998576818 0.5466459790384797
3503 0.01086134562157009 0.5466465598925753
3504 0.01086128868502299 0.5466458942968188
3505 0.010861334354142 0.5466464782764282
3506 0.01086127736434788 0.5466458161933844
3507 0.01086132292103688 0.5466464028971664
3508 0.01086126576933202 0.5466457430661278
3509 0.01086131114321034 0.5466463314021308
3510 0.01086125377448654 0.5466456727602745
3511 0.01086129892147356 0.5466462619082296
3512 0.01086124128748236 0.5466456036995456
3513 0.01086128615800935 0.5466461929294212
3514 0.01086122821138256 0.5466455344888796
3515 0.01086127275250848 0.5466461230592617
3516 0.01086121443532772 0.5466454635716104
3517 0.01086125858990877 0.5466460506638862
3518 0.01086119984409062 0.5466453892716314
3519 0.01086124356521577 0.546645974139551
3520 0.01086118434110796 0.5466453100894607
3521 0.01086122758315949 0.5466458919374624
3522 0.01086116784620447 0.5466452244945413
3523 0.01086121056916603 0.5466458026312414
3524 0.01086115028004684 0.5466451310748485
3525 0.01086119244390172 0.5466457047908698
3526 0.01086113156153577 0.5466450284169698
3527 0.01086117312863315 0.5466455970471416
3528 0.01086111161255526 0.5466449151734251
3529 0.01086115254913919 0.5466454780806609
3530 0.01086109037805126 0.5466447901119144
3531 0.01086113066542815 0.546645346729686
3532 0.01086106781946698 0.5466446520876488
3533 0.01086110743503862 0.5466452018734547
3534 0.01086104389335324 0.5466445000486825
3535 0.01086108281786253 0.546645042515023
3536 0.01086101856239642 0.5466443330103602
3537 0.01086105677866566 0.5466448676767399
3538 0.01086099179557366 0.5466441500410445
3539 0.01086102929353521 0.5466446765214038
3540 0.01086096357911307 0.5466439503895298
3541 0.01086100035843116 0.5466444683539956
3542 0.01086093391655156 0.5466437334324169
3543 0.0108609699798003 0.5466442426013054
3544 0.01086090281208554 0.5466434986180786
3545 0.01086093816061224 0.54664399875584
3546 0.01086087027200204 0.5466432455023366
3547 0.01086090491377436 0.5466437364178349
3548 0.01086083631900544 0.5466429737503049
3549 0.01086087026910993 0.5466434553548077
3550 0.01086080098616331 0.5466426832063321
3551 0.01086083426380405 0.5466431554425798
3552 0.01086076431605307 0.5466423737977754
3553 0.0108607969441684 0.5466428366796883
3554 0.01086072635188988 0.5466420455587589
3555 0.01086075835091422 0.5466424991192725
3556 0.01086068714486549 0.5466416986384235
3557 0.01086071854766554 0.5466421430279352
3558 0.01086064676139951 0.5466413333410577
3559 0.01086067760150434 0.5466417687241905
3560 0.0108606052737402 0.5466409500527663
3561 0.01086063558973134 0.5466413766820353
3562 0.01086056275895952 0.5466405493052237
3563 0.01086059258864111 0.5466409674546482
3564 0.01086051929828076 0.54664013169776
3565 0.01086054868445855 0.5466405417093704
3566 0.01086047497830268 0.5466396979329272
3567 0.01086050396722956 0.5466401002019717
3568 0.01086042989325276 0.5466392488416587
3569 0.01086045853262673 0.5466396437989433
3570 0.01086038414298821 0.5466387853459056
3571 0.01086041248365642 0.5466391734850307
3572 0.01086033782741604 0.5466383084296617
3573 0.01086036591852451 0.5466386902465983
3574 0.0108602910490072 0.5466378191431231
3575 0.01086031894419804 0.546638195210736
3576 0.01086024391580226 0.5466373186499706
3577 0.01086027166945626 0.5466376895562726
3578 0.01086019653607555 0.5466368081401063
3579 0.01086022420234505 0.5466371745094203
3580 0.01086014901743521 0.5466362888909007
3581 0.01086017664896257 0.5466366513613994
3582 0.01086010146723644 0.5466357621938872
3583 0.01086012911959779 0.5466361214462383
3584 0.01086005399599335 0.5466352294134974
3585 0.01086008172190283 0.5466355861153855
3586 0.01086000670789861 0.5466346918975564
3587 0.01086003456157069 0.5466350467478277
3588 0.01085995971217868 0.5466341510550788
3589 0.01085998774835851 0.5466345047659216
3590 0.01085991311467289 0.5466336083203602
3591 0.01085994138181444 0.5466339616016829
3592 0.01085986701260772 0.546633065106795
3593 0.01085989556122103 0.5466334186656873
3594 0.0108598215077425 0.5466325228279932
3595 0.01085985038785044 0.5466328773753385
3596 0.01085977669353864 0.5466319828826852
3597 0.01085980594706326 0.5466323390880682
3598 0.01085973265621047 0.5466314466472835
3599 0.01085976232613746 0.5466318052158379
3600 0.01085968947254888 0.5466309154547885
3601 0.01085971959491315 0.5466312770240714
3602 0.01085964721835207 0.5466303905871474
3603 0.01085967783185017 0.5466307558028483
3604 0.01085960597202221 0.5466298733479399
3605 0.01085963711520528 0.5466302428546351
3606 0.01085956579788984 0.5466293649397457
3607 0.01085959749418325 0.5466297392762999
3608 0.01085952674806865 0.5466288664723823
3609 0.01085955902565675 0.5466292461934532
3610 0.0108594888747178 0.546628379039547
3611 0.01085952175652441 0.5466287646888113
3612 0.0108594522164051 0.5466279036447104
3613 0.01085948571815856 0.5466282956615572
3614 0.01085941680827522 0.5466274411752258
3615 0.01085945094874872 0.5466278400115897
3616 0.01085938268354167 0.5466269925093473
3617 0.01085941747326835 0.5466273985587966
3618 0.01085934985752654 0.5466265583963758
3619 0.01085938529985511 0.5466269719770147
3620 0.0108593183372552 0.5466261394556305
3621 0.01085935443606527 0.5466265608601416
3622 0.01085928812677834 0.5466257362316
3623 0.01085932488005628 0.5466261656854109
3624 0.01085925922257587 0.5466253491947271
3625 0.01085929662495055 0.5466257869121117
3626 0.01085923161104328 0.5466249787238497
3627 0.01085926965369861 0.5466254248400032
3628 0.01085920526781196 0.546624625024942
3629 0.0108592439365407 0.5466250795984922
3630 0.01085918016497569 0.5466242882320655
3631 0.01085921944008498 0.5466247512914869
3632 0.01085915626156333 0.5466239683922203
3633 0.01085919612484367 0.5466244399562145
3634 0.01085913351676241 0.5466236654465072
3635 0.01085917394235036 0.5466241453892653
3636 0.01085911188139822 0.5466233791887982
3637 0.01085915284241164 0.5466238673982684
3638 0.01085909129815445 0.546623109378129
3639 0.01085913276393526 0.5466236056922904
3640 0.01085907170512154 0.5466228556591581
3641 0.01085911364252067 0.5466233598447053
3642 0.01085905303205206 0.546622617541011
3643 0.0108590954023675 0.5466231293085327
3644 0.01085903519921887 0.5466223944295235
3645 0.01085907796426806 0.5466229134755689
3646 0.01085901812983375 0.546622185678085
3647 0.01085906124948539 0.5466227116291114
3648 0.01085900174495181 0.5466219905718542
3649 0.01085904517795434 0.5466225230399551
3650 0.01085898595887365 0.5466218082888594
3651 0.01085902965980206 0.5466223468273784
3652 0.01085897068098557 0.5466216379440035
3653 0.01085901460425445 0.546622182097092
3654 0.01085895581599317 0.546621478573722
3655 0.01085899991310142 0.5466220278184486
3656 0.01085894126869178 0.5466213291486474
3657 0.01085898549249914 0.546621882953912
3658 0.01085892694499547 0.546621188587134
3659 0.01085897125057123 0.5466217464191346
3660 0.01085891275364838 0.5466210558224198
3661 0.01085895709339446 0.5466216171054989
3662 0.01085889859794488 0.5466209296770523
3663 0.01085894292353185 0.5466214938018553
3664 0.01085888438073208 0.5466208089371001
3665 0.0108589286428403 0.5466213752923466
3666 0.01085887000458781 0.5466206923871884
3667 0.01085891415678257 0.546621260378797
3668 0.01085885537840178 0.5466205788137899
3669 0.01085889937986557 0.5466211478338535
3670 0.01085884041803274 0.5466204669815486
3671 0.01085888422382348 0.5466210364036013
3672 0.01085882503218403 0.5466203556440519
3673 0.0108588685961198 0.5466209248415742
3674 0.01085880913128126 0.5466202435443773
3675 0.01085885241244314 0.5466208118957463
3676 0.01085879263626017 0.5466201294383056
3677 0.01085883560029656 0.5466206963644957
3678 0.01085877547723164 0.5466200121658669
3679 0.01085881808818709 0.5466205770850499
3680 0.01085875758548203 0.5466198905818549
3681 0.01085879980957685 0.5466204529414485
3682 0.0108587388886443 0.5466197635383052
3683 0.01085878069034115 0.5466203227590889
3684 0.01085871932199428 0.5466196299042754
3685 0.010858760674758 0.5466201854566137
3686 0.01085869883581433 0.5466194886433814
3687 0.01085874047016257 0.5466200442928911
3688 0.01085867712458966 0.5466193386276121
3689 0.01085871816649895 0.5466198872137923
3690 0.01085865439913479 0.5466191779100364
3691 0.01085869505389801 0.5466197219818396
3692 0.01085863092717579 0.5466190081509074
3693 0.01085867109660757 0.5466195471277813
3694 0.01085860643893219 0.5466188276797439
3695 0.01085864604582549 0.5466193607890123
3696 0.01085858079239705 0.5466186350790485
3697 0.01085861983285109 0.5466191619352825
3698 0.01085855399904459 0.5466184297313311
3699 0.01085859248348826 0.5466189501581271
3700 0.01085852608571108 0.5466182113015788
3701 0.01085856401963759 0.5466187250879068
3702 0.01085849706696163 0.5466179794083866
3703 0.01085853445003409 0.5466184863478394
3704 0.01085846694627417 0.5466177336732749
3705 0.01085850378477602 0.5466182336231595
3706 0.01085843573459357 0.546617473778524
3707 0.01085847203752954 0.5466179666233484
3708 0.01085840344809817 0.5466171995172989
3709 0.01085843922590792 0.5466176851874965
3710 0.01085837011214098 0.546616910774031
3711 0.01085840538050039 0.5466173892584434
3712 0.0108583357615615 0.546616607568529
3713 0.01085837053800031 0.5466170789010135
3714 0.01085830043962434 0.5466162900140755
3715 0.01085833474911701 0.5466167542679501
3716 0.01085826419520444 0.5466159582740855
3717 0.01085829806165653 0.5466164155793412
3718 0.01085822707604437 0.5466156126168646
3719 0.01085826052616494 0.546616063129724
3720 0.01085818913755536 0.5466152533871277
3721 0.01085822219920406 0.5466156972989743
3722 0.01085815044001046 0.5466148810053446
3723 0.01085818314700051 0.5466153185665671
3724 0.01085811105428448 0.5466144960110141
3725 0.01085814344344927 0.5466149275282943
3726 0.01085807105246048 0.5466140990138509
3727 0.01085810315856187 0.5466145247986879
3728 0.01085803050559575 0.546613690665128
3729 0.01085806236459502 0.5466141110655161
3730 0.0108579894884491 0.5466132717105665
3731 0.01085802113970965 0.5466136871173567
3732 0.01085794807919622 0.546612842924986
3733 0.01085797956339045 0.5466132537505933
3734 0.01085790636201982 0.5466124051699047
3735 0.01085793772029875 0.5466128118631917
3736 0.01085786441955944 0.5466119593617523
3737 0.01085789569223252 0.5466123623869956
3738 0.01085782233490911 0.5466115064655599
3739 0.01085785356426487 0.5466119063236534
3740 0.01085778019181625 0.5466110474704153
3741 0.01085781142180086 0.5466114446563417
3742 0.01085773807551194 0.5466105833711377
3743 0.01085776934762828 0.5466109784078074
3744 0.01085769606798283 0.5466101152338677
3745 0.01085772742245741 0.5466105086603322
3746 0.01085765425065731 0.5466096441273751
3747 0.01085768572910468 0.5466100364864412
3748 0.01085761271011731 0.5466091711612564
3749 0.01085764435418744 0.5466095629966078
3750 0.01085757152566288 0.5466086974323754
3751 0.01085760337113244 0.5466090892914268
3752 0.01085753076416535 0.5466082240030352
3753 0.01085756284424227 0.5466086163986816
3754 0.01085749049663175 0.5466077519316022
3755 0.01085752284925259 0.5466081454144721
3756 0.01085745079606723 0.5466072823125874
3757 0.01085748345536441 0.5466076774152901
3758 0.0108574117300887 0.5466068161842554
3759 0.01085744473039805 0.5466072134321621
3760 0.0108573733634544 0.5466063545791228
3761 0.01085740673274917 0.546606754464764
3762 0.01085733575159704 0.5466058984960983
3763 0.0108573695149297 0.5466063014966344
3764 0.01085729894162427 0.5466054488582288
3765 0.01085733312280797 0.5466058554211457
3766 0.01085726297970178 0.5466050065496321
3767 0.01085729759960937 0.5466054171102118
3768 0.01085722790839137 0.546604572447167
3769 0.01085726298735149 0.5466049874209916
3770 0.01085719376376491 0.5466041473382124
3771 0.01085722931759581 0.5466045671107775
3772 0.01085716057520232 0.5466037319794741
3773 0.01085719661409858 0.5466041568760576
3774 0.0108571283619144 0.5466033270203895
3775 0.01085716489533314 0.5466037573533458
3776 0.01085709714110439 0.5466029330407436
3777 0.01085713417659702 0.5466033690882235
3778 0.01085706692736702 0.5466025506101172
3779 0.01085710446959442 0.54660299262703
3780 0.01085703772526478 0.5466021801839231
3781 0.0108570757732583 0.5466026283641666
3782 0.01085700953219932 0.5466018221552539
3783 0.01085704808194224 0.5466022766511835
3784 0.01085698233827944 0.5466014767924867
3785 0.01085702138396817 0.5466019377235031
3786 0.0108569561311508 0.5466011443436927
3787 0.01085699566392448 0.5466016117948884
3788 0.01085693089090848 0.5466008249377392
3789 0.01085697089954588 0.5466012989536905
3790 0.01085690659212862 0.5466005186606521
3791 0.01085694706081487 0.5466009992451899
3792 0.01085688320149749 0.5466002254692022
3793 0.01085692411196859 0.5466007125710935
3794 0.01085686068253628 0.5465999452754492
3795 0.01085690201504111 0.546600438822994
3796 0.01085683899290267 0.5465996778922534
3797 0.01085688072457355 0.5466001777531702
3798 0.01085681808774632 0.5465994230725509
3799 0.01085686019549907 0.546599929107773
3800 0.01085679791677154 0.5465991804954479
3801 0.01085684037185389 0.5465996924969632
3802 0.01085677842313816 0.5465989497476039
3803 0.01085682119783949 0.5465994675017162
3804 0.01085675954926387 0.5465987303746347
3805 0.01085680261271393 0.5465992536112393
3806 0.01085674123250897 0.5465985218223415
3807 0.0108567845519277 0.5465990502403917
3808 0.01085672340689665 0.5465983234936459
3809 0.01085676694845174 0.546598856770278
3810 0.01085670600279231 0.5465981347151853
3811 0.01085674973105265 0.5465986724925836
3812 0.01085668895026712 0.546597954773828
3813 0.01085673283151472 0.5465984966920325
3814 0.01085667218038198 0.5465977829270416
3815 0.01085671617850923 0.5465983285825134
3816 0.01085665561951385 0.5465976183520506
3817 0.01085669969691749 0.5465981673220892
3818 0.01085663919254473 0.5465974602009119
3819 0.01085668331230818 0.5465980120526004
3820 0.01085662282537657 0.5465973076037939
3821 0.01085666695031124 0.5465978618820578
3822 0.0108566064439248 0.5465971596368893
3823 0.01085665053908708 0.5465977158871479
3824 0.01085658997809194 0.5465970153854288
3825 0.01085663400887357 0.5465975731494543
3826 0.01085657335649147 0.5465968739079718
3827 0.01085661728532782 0.5465974326909284
3828 0.01085655650651547 0.5465967342429664
3829 0.01085660029917488 0.5465972935799193
3830 0.0108565393592532 0.546596595434923
3831 0.01085658298317714 0.5465971548497065
3832 0.01085652184979995 0.5465964565275917
3833 0.01085656527240362 0.546597015534395
3834 0.01085650391526659 0.5465963165725302
3835 0.01085654710699226 0.5465968747201297
3836 0.01085648549535072 0.5465961746461725
3837 0.0108565284268806 0.5465967314675233
3838 0.01085646653202696 0.5465960298119821
3839 0.01085650917614242 0.5465965848646342
3840 0.01085644697378786 0.5465958811907436
3841 0.01085648930813515 0.5465964340543275
3842 0.01085642677450129 0.5465957279416673
3843 0.01085646877532755 0.5465962781953285
3844 0.01085640588884543 0.5465955692262618
3845 0.01085644753592033 0.5465961164839074
3846 0.01085638427711762 0.5465954042802341
3847 0.01085642555131349 0.5465959481647338
3848 0.01085636190260271 0.5465952323514632
3849 0.01085640278887124 0.5465957725071482
3850 0.01085633873709471 0.546595052738416
3851 0.01085637922300637 0.5465955888586749
3852 0.01085631475915541 0.5465948648478836
3853 0.01085635483622084 0.5465953966429556
3854 0.01085628995058634 0.5465946680988911
3855 0.01085632960921487 0.5465951952957006
3856 0.01085626429340984 0.5465944619486794
3857 0.01085630352852537 0.5465949843173088
3858 0.01085623778003307 0.546594245954077
3859 0.01085627658956081 0.5465947632902708
3860 0.01085621041007357 0.5465940197366339
3861 0.01085624879566332 0.5465945318798378
3862 0.0108561821881623 0.5465937829865337
3863 0.01085622015279477 0.5465942898006604
3864 0.01085615312214835 0.5465935354519046
3865 0.01085619067085767 0.5465940368355385
3866 0.01085612322274241 0.5465932769370574
3867 0.01085616036357059 0.5465937728273461
3868 0.01085609250857354 0.5465930073366291
3869 0.01085612925227896 0.5465934976955281
3870 0.01085606100451893 0.5465927266014361
3871 0.01085609736717811 0.5465932114613917
3872 0.01085602874274278 0.5465924348074073
3873 0.01085606473934954 0.5465929142046824
3874 0.01085599575413914 0.5465921320396502
3875 0.01085603140010231 0.5465926060226031
3876 0.01085596207448177 0.5465918184375098
3877 0.0108559973926865 0.5465922871380733
3878 0.01085592774930837 0.5465914942681739
3879 0.01085596276268003 0.546591957831269
3880 0.01085589282582719 0.5465911598567296
3881 0.01085592755656338 0.5465916184567405
3882 0.01085585735053078 0.5465908155593646
3883 0.01085589182442842 0.5465912693909873
3884 0.01085582137438573 0.5465904617729478
3885 0.01085585561741941 0.5465909110707267
3886 0.01085578495501867 0.5465900990261963
3887 0.01085581899793032 0.5465905440627346
3888 0.0108557481511528 0.5465897278404896
3889 0.01085578202304885 0.5465901688933745
3890 0.01085571102409852 0.5465893488202037
3891 0.0108557447565503 0.546589786216569
3892 0.0108556736340604 0.5465889625986931
3893 0.0108557072556949 0.5465893966482988
3894 0.01085563604336391 0.5465885698541062
3895 0.01085566958688661 0.5465890009113563
3896 0.01085559831650844 0.5465881712889417
3897 0.01085563181492701 0.5465885997252712
3898 0.01085556051900057 0.5465877676561125
3899 0.01085559400474594 0.5465881938639728
3900 0.01085552271636791 0.5465873597527071
3901 0.01085555622117897 0.5465877841278786
3902 0.01085548497150832 0.546586948369246
3903 0.01085551852752853 0.5465873713156922
3904 0.01085544734726141 0.5465865343053991
3905 0.01085548098611087 0.5465869562404709
3906 0.01085540990749586 0.5465861184072418
3907 0.01085544366069037 0.546586539749414
3908 0.01085537271350615 0.5465857015050536
3909 0.01085540661020108 0.5465861226653101
3910 0.01085533582456075 0.546585284453881
3911 0.01085536989322858 0.5465857058556257
3912 0.01085529929692944 0.5465848680705051
3913 0.01085533356666527 0.5465852901200459
3914 0.01085526318736299 0.54658445318043
3915 0.0108552976838185 0.5465848762851955
3916 0.01085522754822854 0.5465840406126296
3917 0.01085526229714218 0.5465844651784848
3918 0.01085519242760666 0.5465836311533776
3919 0.01085522745132819 0.5465840575789245
3920 0.01085515786779689 0.5465832255784118
3921 0.01085519318656132 0.5465836542239857
3922 0.01085512391002167 0.5465828246163238
3923 0.01085515954423224 0.5465832558406896
3924 0.01085509059378836 0.5465824289758761
3925 0.0108551265610168 0.5465828631212699
3926 0.01085505795425512 0.5465820393442984
3927 0.01085509427089404 0.5465824767454014
3928 0.01085502601992302 0.5465816563600336
3929 0.0108550626970592 0.5465820973051403
3930 0.01085499481081042 0.5465812805730805
3931 0.01085503185892786 0.5465817253439949
3932 0.0108549643494751 0.5465809125506982
3933 0.01085500177914276 0.5465813614127073
3934 0.0108549346534383 0.5465805528041146
3935 0.01085497246940545 0.5465810059602263
3936 0.01085490573180025 0.5465802017346462
3937 0.01085494393747976 0.5465806593907385
3938 0.01085487758898121 0.5465798597367831
3939 0.01085491618526399 0.5465803220573076
3940 0.01085485022597044 0.5465795271213372
3941 0.01085488921239015 0.5465799942544228
3942 0.01085482364066089 0.5465792041717774
3943 0.01085486301388543 0.5465796762213231
3944 0.01085479782468122 0.5465788910795343
3945 0.01085483757881118 0.5465793681275199
3946 0.01085477276382735 0.5465785879886308
3947 0.01085481288936964 0.5465790700732367
3948 0.01085474843737495 0.5465782949543606
3949 0.01085478892347545 0.5465787820822735
3950 0.01085472482584816 0.5465780120066424
3951 0.010854765662213 0.5465785041816611
3952 0.01085470190577061 0.546577739119593
3953 0.01085474307809716 0.546578236283038
3954 0.01085467964710866 0.5465774761720189
3955 0.0108547211377314 0.5465779782567954
3956 0.01085465801264995 0.5465772230065122
3957 0.01085469980249541 0.5465777298989567
3958 0.01085463696274329 0.5465769793748804
3959 0.01085467903139446 0.5465774909333501
3960 0.01085461645721461 0.5465767449968799
3961 0.0108546587839365 0.5465772610625004
3962 0.01085459645423364 0.5465765195491921
3963 0.01085463901636467 0.5465770399322597
3964 0.01085457690693405 0.5465763026395422
3965 0.01085461968011239 0.5465768271325837
3966 0.01085455776500675 0.546576093828674
3967 0.01085460072360419 0.546576622185407
3968 0.01085453897699448 0.5465758926216754
3969 0.01085458209422577 0.5465764245742706
3970 0.01085452049049751 0.5465756984885436
3971 0.01085456374036787 0.5465762337653179
3972 0.01085450225314504 0.5465755108814002
3973 0.01085454560863406 0.5465760491912198
3974 0.01085448420727918 0.5465753291879279
3975 0.01085452763731983 0.5465758701922089
3976 0.01085446629396029 0.5465751527496778
3977 0.01085450977222439 0.5465756961336714
3978 0.01085444845976205 0.5465749809274832
3979 0.01085449195699825 0.546575526334537
3980 0.0108544306481789 0.5465748130227426
3981 0.01085447413688111 0.5465753601136719
3982 0.01085441280358269 0.5465746483548314
3983 0.01085445625382366 0.5465751967505448
3984 0.01085439486697062 0.546574486176999
3985 0.01085443824729102 0.5465750354718898
3986 0.01085437678434257 0.5465743257623283
3987 0.01085442006480831 0.546574875542052
3988 0.01085435850647806 0.5465741663966777
3989 0.01085440166140669 0.5465747162901977
3990 0.01085434001736972 0.5465740077131152
3991 0.01085438350223691 0.5465745627733763
3992 0.01085432294038511 0.5465738668003725
3993 0.01085436700826742 0.5465744285055978
3994 0.01085430526960848 0.5465737218820038
3995 0.01085434741691451 0.5465742664687537
3996 0.01085428407824755 0.5465735458010732
3997 0.01085432563657329 0.5465740852528512
3998 0.01085426256661689 0.5465733672123848
3999 0.01085430472145724 0.5465739125128354
4000 0.01085424215519505 0.5465731996756541
4001 0.01085428446538555 0.5465737470560816
4002 0.01085422170463736 0.5465730330014634
4003 0.01085426359997432 0.5465735769329191
4004 0.01085420033071128 0.5465728584302424
4005 0.01085424175416889 0.5465733981055408
4006 0.01085417808414627 0.5465726759060913
4007 0.01085421919092708 0.5465732125953919
4008 0.0108541552500397 0.54657248777124
4009 0.01085419611123198 0.5465730219948223
4010 0.01085413190881328 0.5465722944936385
4011 0.01085417249609426 0.5465728258241201
4012 0.0108541079882555 0.5465720950710188
4013 0.01085414825770987 0.5465726229544114
4014 0.01085408341821604 0.5465718885433117
4015 0.01085412335597461 0.5465724127156754
4016 0.01085405818111849 0.5465716744779535
4017 0.01085409779129657 0.5465721948341773
4018 0.01085403228324559 0.5465714526609817
4019 0.0108540715814878 0.5465719686191675
4020 0.01085400572941782 0.5465712227087819
4021 0.01085404472175962 0.5465717353668567
4022 0.01085397853072817 0.5465709852492897
4023 0.01085401721516224 0.5465714936671952
4024 0.01085395070820593 0.546570738999694
4025 0.01085398908201689 0.5465712431186418
4026 0.01085392224038121 0.5465704841932795
4027 0.01085396029587356 0.5465709841127863
4028 0.01085389315270215 0.5465702209806164
4029 0.01085393092114978 0.5465707167431262
4030 0.01085386349311833 0.5465699493824612
4031 0.01085390098053198 0.5465704409337684
4032 0.01085383327205828 0.5465696693086985
4033 0.01085387048454235 0.5465701566706316
4034 0.01085380250651232 0.5465693808552035
4035 0.01085383945828883 0.546569864129146
4036 0.0108537712277315 0.5465690842210625
4037 0.0108538079386809 0.5465695635133216
4038 0.01085373947583364 0.5465687796375169
4039 0.01085377596482359 0.5465692550721376
4040 0.01085370728776825 0.5465684673488259
4041 0.01085374357249043 0.5465689390556129
4042 0.01085367470243295 0.5465681476590213
4043 0.01085371080323946 0.5465686158108396
4044 0.01085364175996808 0.5465678209148523
4045 0.01085367769814288 0.5465682857017984
4046 0.01085360850325635 0.5465674875020734
4047 0.01085364430098271 0.5465679491429749
4048 0.01085357497871774 0.5465671478850933
4049 0.01085361065926889 0.5465676066059117
4050 0.01085354123286224 0.5465668025176545
4051 0.01085357681994285 0.5465672585582448
4052 0.01085350731359164 0.5465664518883794
4053 0.01085354283256725 0.5465669055232757
4054 0.01085347327245085 0.5465660965662769
4055 0.01085350874843026 0.5465665480795586
4056 0.01085343915732902 0.5465657371035257
4057 0.01085347461318405 0.5465661867719529
4058 0.01085340501569305 0.5465653740725347
4059 0.01085344047647734 0.5465658221971716
4060 0.01085337089848457 0.5465650080894311
4061 0.01085340638981478 0.5465654549800397
4062 0.01085333685551963 0.5465646397617571
4063 0.01085337240160467 0.5465650857306582
4064 0.01085330293696002 0.5465642697518429
4065 0.01085333856249008 0.5465647151282643
4066 0.01085326918856178 0.5465638986850292
4067 0.01085330491414871 0.5465643437672091
4068 0.01085323565418725 0.5465635271789249
4069 0.01085327150454619 0.5465639723043337
4070 0.01085320238165889 0.5465631559043448
4071 0.01085323837840748 0.5465636013815863
4072 0.0108531694146259 0.5465627854897138
4073 0.01085320557923872 0.5465632316511086
4074 0.01085313679320072 0.5465624165796106
4075 0.01085317314276564 0.5465628637133528
4076 0.01085310455232593 0.5465620497528605
4077 0.01085314110712811 0.5465624981891359
4078 0.01085307273036196 0.5465616856464353
4079 0.01085310950809913 0.5465621356728516
4080 0.01085304136242331 0.5465613248334611
4081 0.01085307837872273 0.5465617767254584
4082 0.01085301047848232 0.5465609678746323
4083 0.01085304774677457 0.5465614219053173
4084 0.01085298010299988 0.5465606152849068
4085 0.01085301763488163 0.5465610717016524
4086 0.01085295026051473 0.5465602675745869
4087 0.01085298806716184 0.5465607266207471
4088 0.01085292097345963 0.546559925225174
4089 0.01085295906505531 0.5465603871252338
4090 0.01085289225849759 0.5465595886597766
4091 0.01085293064175601 0.5465600536164105
4092 0.01085286412706534 0.546559258265068
4093 0.01085290280589168 0.5465597264546603
4094 0.01085283658858391 0.5465589344085268
4095 0.01085287556823071 0.5465594060027552
4096 0.01085280965045462 0.5465586174007442
4097 0.01085284893202845 0.5465590925301745
4098 0.01085278331613055 0.5465583075062189
4099 0.01085282290123332 0.5465587862984439
4100 0.01085275758501863 0.546558004965652
4101 0.01085279746951287 0.546558487507613
4102 0.01085273244862111 0.5465577099406923
4103 0.01085277262916129 0.5465581963085911
4104 0.01085270789976899 0.5465574225721443
4105 0.01085274837184906 0.546557912816631
4106 0.01085268392803506 0.5465571429435121
4107 0.01085272468403125 0.5465576370802777
4108 0.01085266051746157 0.5465568710842034
4109 0.01085270154908511 0.5465573691257984
4110 0.01085263764945405 0.546556606999987
4111 0.01085267894534915 0.5465571089162679
4112 0.0108526152993129 0.5465563506091156
4113 0.01085265684831424 0.5465568562958476
4114 0.01085259344584658 0.5465561018496566
4115 0.01085263523453842 0.5465566113059638
4116 0.01085257206280227 0.5465558605633026
4117 0.01085261407709889 0.5465563736762151
4118 0.01085255111703708 0.5465556264912579
4119 0.01085259333850338 0.5465561431448993
4120 0.01085253057488615 0.5465553994467164
4121 0.01085257298707995 0.546555919530096
4122 0.01085251040114479 0.5465551791525703
4123 0.01085255298682568 0.5465557024957562
4124 0.01085249056155893 0.5465549652802194
4125 0.01085253330210699 0.5465554917136505
4126 0.01085247101665487 0.5465547574712358
4127 0.01085251389114665 0.5465552868014744
4128 0.01085245172688537 0.5465545553596342
4129 0.01085249471562936 0.5465550873924008
4130 0.01085243264968404 0.5465543585213839
4131 0.01085247573132332 0.5465548930236402
4132 0.01085241374239468 0.546554166480532
4133 0.01085245689543387 0.5465547032123427
4134 0.01085239496346195 0.5465539787714297
4135 0.01085243816760373 0.5465545174956015
4136 0.01085237627177718 0.5465537949132092
4137 0.01085241950502519 0.5465543353811778
4138 0.01085235762193427 0.5465536143965491
4139 0.01085240086172844 0.5465541563399847
4140 0.01085233896613111 0.5465534366519229
4141 0.01085238218871372 0.5465539797757464
4142 0.01085232026183581 0.5465532611259369
4143 0.01085236344630834 0.5465538051602483
4144 0.0108523014703362 0.5465530872964294
4145 0.01085234460229265 0.5465536320127007
4146 0.01085228255473632 0.5465529146289688
4147 0.01085232561007387 0.5465534597021401
4148 0.01085226346988556 0.5465527425093197
4149 0.01085230642825085 0.5465532876626358
4150 0.01085224417503703 0.546552570387384
4151 0.01085228701621843 0.546553115335131
4152 0.0108522246329232 0.5465523976993513
4153 0.01085226734119386 0.5465529421772077
4154 0.01085220481254846 0.5465522239187111
4155 0.01085224737374761 0.5465527676645848
4156 0.01085218468239985 0.5465520484970353
4157 0.01085222707620434 0.5465525912160112
4158 0.01085216420481094 0.5465518708810373
4159 0.0108522064174544 0.546552412359802
4160 0.01085214335221742 0.5465516906416883
4161 0.01085218537032996 0.5465522306396615
4162 0.01085212210061304 0.5465515072712875
4163 0.01085216391408014 0.5465520455288184
4164 0.01085210042968766 0.5465513202727142
4165 0.01085214202909316 0.546551856585909
4166 0.01085207831974599 0.5465511292412869
4167 0.01085211969288129 0.5465516633986346
4168 0.01085205574811612 0.5465509337590624
4169 0.01085209688750297 0.5465514655774509
4170 0.01085203270234749 0.5465507334734988
4171 0.01085207360422537 0.5465512627860026
4172 0.01085200917380243 0.5465505280460089
4173 0.01085204983280603 0.5465510546807169
4174 0.01085198515308323 0.5465503171530486
4175 0.01085202556557449 0.5465508409696452
4176 0.01085196063440147 0.5465501005216535
4177 0.01085200079861334 0.5465506214102465
4178 0.01085193561730475 0.546549877949182
4179 0.01085197553624857 0.5465503958363999
4180 0.01085191010607404 0.5465496492653699
4181 0.01085194978094163 0.546550164055545
4182 0.01085188410458358 0.5465494143138396
4183 0.01085192353774802 0.546549925943734
4184 0.0108518576170382 0.5465491729599341
4185 0.01085189681212341 0.5465496813836155
4186 0.01085183065267437 0.5465489251360293
4187 0.01085186961849622 0.546549430347589
4188 0.01085180323339171 0.5465486708515804
4189 0.01085184198154861 0.5465491728687348
4190 0.01085177538337713 0.5465484101384003
4191 0.01085181392180875 0.5465489089876022
4192 0.01085174711427237 0.5465481430727468
4193 0.01085178544851212 0.5465486387834971
4194 0.01085171843938445 0.5465478697011861
4195 0.01085175658130956 0.5465483623241371
4196 0.01085168938658138 0.5465475901645969
4197 0.01085172735089847 0.5465480797903165
4198 0.01085166005586631 0.5465473055667646
4199 0.01085169769708829 0.5465477909028338
4200 0.01085163032707359 0.546547013615328
4201 0.01085166786210293 0.5465474967706434
4202 0.01085160035113267 0.5465467170370854
4203 0.01085163774334156 0.5465471977058424
4204 0.0108515700927716 0.5465464153370631
4205 0.0108516073632876 0.5465468934008197
4206 0.01085153960606967 0.5465461085344057
4207 0.01085157678112453 0.5465465842207802
4208 0.01085150894171412 0.546545797113109
4209 0.01085154604413823 0.5465462707267347
4210 0.01085147813610893 0.5465454815882715
4211 0.0108515151807019 0.5465459533177873
4212 0.01085144722004527 0.546545162346263
4213 0.01085148421975997 0.5465456323592166
4214 0.01085141622744117 0.5465448397763248
4215 0.01085145320158859 0.5465453082790275
4216 0.01085138519660408 0.5465445142791948
4217 0.01085142216682443 0.546544981510324
4218 0.01085135416741907 0.5465441863298176
4219 0.01085139115430813 0.5465446525363983
4220 0.01085132317950855 0.5465438564180005
4221 0.01085136020030468 0.5465443218315367
4222 0.01085129226966203 0.5465435250229532
4223 0.01085132934321495 0.5465439898924228
4224 0.01085126147442629 0.5465431926254991
4225 0.01085129861821499 0.5465436571840226
4226 0.01085123082891432 0.5465428597233758
4227 0.01085126806011603 0.5465433242274754
4228 0.01085120036725765 0.5465425268045552
4229 0.01085123770375815 0.546542991490202
4230 0.01085117012480076 0.5465421943601358
4231 0.01085120758184696 0.5465426594736249
4232 0.01085114013255046 0.546541862881195
4233 0.01085117772754776 0.546542328672181
4234 0.01085111042228186 0.5465415328423864
4235 0.01085114816848278 0.5465419995348669
4236 0.01085108102198494 0.5465412047136604
4237 0.01085111893273525 0.5465416725431748
4238 0.01085105195729549 0.5465408789546372
4239 0.01085109004578073 0.5465413481466899
4240 0.01085102325148563 0.5465405559887183
4241 0.01085106152738447 0.5465410267387404
4242 0.01085099492674633 0.5465402362340641
4243 0.01085103340153113 0.5465407087589299
4244 0.01085096700355741 0.546539920099354
4245 0.01085100568674787 0.5465403945865778
4246 0.010850939499748 0.5465396079520853
4247 0.01085097839802228 0.5465400845705098
4248 0.01085091242837068 0.5465393001348047
4249 0.01085095154796568 0.5465397790521433
4250 0.01085088580093529 0.5465389969686794
4251 0.01085092514741707 0.546539478336989
4252 0.01085085962796418 0.5465386987487126
4253 0.01085089920478237 0.5465391826900173
4254 0.01085083391568733 0.5465384057195808
4255 0.01085087372442042 0.5465388923561985
4256 0.01085080866677531 0.546538118127646
4257 0.01085084870790242 0.5465386075572387
4258 0.01085078387883888 0.5465378361267147
4259 0.01085082415090033 0.5465383284249676
4260 0.01085075955054331 0.5465375598802051
4261 0.01085080005341164 0.5465380551310148
4262 0.01085073567980643 0.5465372895357385
4263 0.01085077640940097 0.5465377877714634
4264 0.01085071225730626 0.5465370251525435
4265 0.01085075320779227 0.5465375263992176
4266 0.01085068927159482 0.5465367667865263
4267 0.01085073043705056 0.546537271055222
4268 0.01085066670894629 0.5465365144295457
4269 0.01085070808242899 0.5465370217137536
4270 0.01085064455654819 0.5465362680861156
4271 0.01085068613027706 0.5465367783615787
4272 0.01085062279594091 0.5465360276700675
4273 0.01085066455925614 0.5465365408849462
4274 0.01085060140653519 0.5465357930927688
4275 0.01085064334864754 0.546536309194396
4276 0.01085058036537975 0.5465355642310956
4277 0.01085062247379769 0.5465360831281045
4278 0.01085055964740669 0.5465353408924742
4279 0.01085060191043502 0.5465358624941736
4280 0.01085053922928722 0.5465351228930109
4281 0.01085058163488821 0.5465356471012355
4282 0.01085051908455503 0.546534910016883
4283 0.01085056161640551 0.5465354366907171
4284 0.0108504991820142 0.5465347020015643
4285 0.01085054182530265 0.5465352309992529
4286 0.01085047948890179 0.5465344985285641
4287 0.01085052222696515 0.5465350296931046
4288 0.01085045997563986 0.5465342993112146
4289 0.01085050279536758 0.54653483249391
4290 0.01085044061284315 0.5465341040204209
4291 0.01085048349738518 0.5465346390451135
4292 0.0108504213676634 0.5465339123119832
4293 0.01085046429985664 0.5465344489914918
4294 0.0108504022049036 0.5465337238014492
4295 0.01085044516785327 0.5465342619412948
4296 0.01085038309031194 0.5465335380838742
4297 0.01085042606812358 0.5465340774871882
4298 0.01085036399424943 0.5465333547761476
4299 0.01085040697254478 0.5465338952484767
4300 0.01085034488642536 0.5465331734791864
