"rf_coeffs"
"Iteration" "cd etc.."
("Iteration" "cd" "cl")
1 10.61621937100474 23.6752989137946
2 7.858170342954023 18.02045609394887
3 5.300128220797674 12.52223209803169
4 3.557444971589317 8.406120862346425
5 2.357679744383926 5.550033108285059
6 1.521543164361748 3.537024192045204
7 0.9434934557952602 2.166882881250655
8 0.5619458988771308 1.286795710415644
9 0.3130932226659586 0.7313754290239218
10 0.1539263274436822 0.398419723026878
11 0.07203210548937414 0.2446462173457315
12 0.03789588949908032 0.2026209204730264
13 0.03198300427525264 0.224578967060253
14 0.04243973995663997 0.2792107723759998
15 0.05660088508629673 0.3347639648748612
16 0.075489407678902 0.3979282148518063
17 0.0941450927998423 0.4565159992838601
18 0.112429883517924 0.5118344117292999
19 0.1273916650924671 0.5569112239842035
20 0.1407418046655177 0.5978975805222968
21 0.1510027737361745 0.6308103561546037
22 0.1592819745494809 0.6591094941961466
23 0.1657288544039507 0.6832868767108902
24 0.1709899203135737 0.705262884533663
25 0.1751261174336014 0.7249319568585836
26 0.1783041586176134 0.7423485737685479
27 0.1811925464958356 0.7595423687198577
28 0.1834168005226102 0.7752213662359702
29 0.1853375596809041 0.78999265153176
30 0.1871113100010288 0.804616080573845
31 0.1891062136858385 0.8196431511165272
32 0.1907242575480131 0.8331296645207878
33 0.1925121287807411 0.8470666524305362
34 0.194156297945747 0.8601227915003473
35 0.1955779804714885 0.872467108504168
36 0.1971485833099889 0.8847226978809402
37 0.1987978745839192 0.8970347116882422
38 0.2003211854257133 0.9086032577505997
39 0.2017698027999002 0.919584904680972
40 0.2032143610155984 0.9303713935106891
41 0.2045573705107459 0.9405410699862224
42 0.2059553159962158 0.9506927104978425
43 0.2073521815369375 0.9607118081032254
44 0.2088438251247083 0.9706414373306098
45 0.2101591584772622 0.9799808531591376
46 0.2115206839135406 0.9892461894919125
47 0.2128451433251188 0.9981798121638527
48 0.2142359919800534 1.007408521535604
49 0.2155909997810239 1.016276489341011
50 0.216870416605999 1.02487298690263
51 0.2181484499233185 1.033194286283813
52 0.2194181142327993 1.041530883017998
53 0.2207476426898645 1.049893959915959
54 0.22202919791699 1.058176190647498
55 0.2232729756503546 1.066110827293316
56 0.2245442806877015 1.074310386364167
57 0.2257893011554092 1.082194934484682
58 0.2270000917667819 1.089992892462351
59 0.2281567308096082 1.0974606175911
60 0.2292666074761344 1.105027866359209
61 0.2305608054387707 1.112998754723235
62 0.2315991765292436 1.119958062745573
63 0.2327526578799712 1.127523901266362
64 0.233733645718304 1.134328455670252
65 0.2348596349420187 1.141714224573281
66 0.2358720373916263 1.148741413915695
67 0.2368333105141915 1.155460676967823
68 0.2377791291952112 1.162226593121521
69 0.238693202046962 1.168826775811746
70 0.2396012794213198 1.17540145623443
71 0.240515668743613 1.182094108550412
72 0.241311947945107 1.188264855339545
73 0.242165929595388 1.194776636237622
74 0.242985586047833 1.20095867876217
75 0.2436002813081083 1.206777558366288
76 0.2445219009968915 1.213254457109584
77 0.2452088842109652 1.219184783503098
78 0.2459409553560422 1.225118629051242
79 0.2466224289182542 1.231097983314753
80 0.2472349944234647 1.236677563456947
81 0.2479122398916971 1.242603367426072
82 0.2485464780772282 1.248345170587677
83 0.2491376211770325 1.253897707948271
84 0.2496803057558152 1.259392912197982
85 0.2501989221056392 1.264821398640046
86 0.2506732585464148 1.270041400229337
87 0.2512313290596602 1.275673128806037
88 0.2517155429459743 1.280943189556131
89 0.2521338777539523 1.285999746043797
90 0.2525371954234791 1.291023869911967
91 0.2529689583297677 1.296236137533342
92 0.2533669452783168 1.301325806822551
93 0.2537644003307344 1.306342278191372
94 0.2540739616107087 1.311171694544769
95 0.2544334000732869 1.316093290343312
96 0.2547499969848576 1.320912432237274
97 0.2550405213562327 1.325637570062032
98 0.2553193255631736 1.330400540638326
99 0.2555846611503822 1.335054227466006
100 0.2558865639196409 1.339836497888399
101 0.2561691660134116 1.344607270386574
102 0.2563840524114499 1.349077994749627
103 0.2565228033841851 1.35331914077027
104 0.2567649975724944 1.358027613218561
105 0.2569047080154147 1.362207645654524
106 0.2570838263724462 1.36664339970512
107 0.2572578187516614 1.371036728843899
108 0.2573783223166174 1.37527976459859
109 0.2575600118423415 1.379699050928765
110 0.2575925766822646 1.383605965101193
111 0.2577338481417448 1.387977777676168
112 0.2578066159133066 1.391978538650066
113 0.2579459586903679 1.39633212787669
114 0.2580211778341296 1.400316862173402
115 0.2581296278337993 1.404500214437808
116 0.2581841359518426 1.408540098744936
117 0.2581925337376326 1.412266288531559
118 0.2582586969538872 1.416279149650614
119 0.2582602255650757 1.420106138823636
120 0.2583135953490097 1.424012340146413
121 0.2582970359737644 1.427596489648967
122 0.2583573989333511 1.43157557992738
123 0.2583646365054176 1.435345321176599
124 0.2583333008064727 1.438836217464122
125 0.2583080919807302 1.442528102321451
126 0.2583230004967489 1.446157679715641
127 0.2583133484800338 1.449883126959867
128 0.2582571093448097 1.453319789572614
129 0.2582931549455995 1.457092219212896
130 0.2582547014644568 1.460514612442514
131 0.2582431900955645 1.463955622846747
132 0.2582200958463837 1.467567077167823
133 0.2581844099739918 1.470977186722149
134 0.2581444641664888 1.474223796321267
135 0.2581403593821608 1.477790368250186
136 0.2581058637829113 1.481185923869249
137 0.2580582818987722 1.484469135742272
138 0.2579841550564578 1.487707718839478
139 0.2579271697599382 1.490965551656294
140 0.2578903651879401 1.494345588484618
141 0.2578214605123399 1.497519489856252
142 0.2577860380349493 1.500749994732637
143 0.2576853374116625 1.503803680311842
144 0.2576041826985953 1.506895710224259
145 0.2574487958154081 1.509772651523464
146 0.2573668731439088 1.512808038031616
147 0.2572862207157062 1.515804447983826
148 0.2572090367168222 1.518839341191724
149 0.257108002150697 1.521812336574944
150 0.2569853876535724 1.524685412802962
151 0.2568748957017283 1.527575724488842
152 0.2567813787566658 1.530494933398884
153 0.2566816700212205 1.53339842568314
154 0.2565523950657133 1.536144116077287
155 0.2564148470689007 1.538893185303915
156 0.2562883983764407 1.54160246021005
157 0.256117498540998 1.544255992506855
158 0.2559759144030738 1.546939193785571
159 0.2558528995015441 1.549626011784779
160 0.2556575664757134 1.552117003953463
161 0.2555188997870295 1.554782304567373
162 0.2553343364531514 1.557271159745535
163 0.2552070450447436 1.559920137830155
164 0.2550141347989309 1.562328916822493
165 0.2548428094482945 1.564763359126668
166 0.2546603181284189 1.567144661359593
167 0.2544901266275413 1.5696069966438
168 0.2543031228490288 1.571966121494399
169 0.2541088902853554 1.574247294626387
170 0.2539366226096643 1.57661576933679
171 0.2537501839128326 1.57892181645223
172 0.253542776298907 1.58115578126369
173 0.2533776611273932 1.583477206289789
174 0.2531956310059826 1.585785698849565
175 0.2530017343904599 1.587986171953355
176 0.2527801997591296 1.590073136531239
177 0.2525783428631788 1.592210067520631
178 0.2524180860726719 1.594428293704206
179 0.2521844571522711 1.596425928917488
180 0.2519984661249355 1.598551766034952
181 0.251835111140488 1.600774279724826
182 0.2516452896611596 1.602783109319104
183 0.2514260957924147 1.604798083959812
184 0.2512712077573497 1.606932164853291
185 0.2510850298531799 1.608968260439605
186 0.2508845185360363 1.610910752081014
187 0.2507087828293972 1.612912637511962
188 0.2505130055387072 1.614901568806985
189 0.2503544912027459 1.616934300824179
190 0.2501535912403665 1.618759360947461
191 0.2499705274015183 1.620668171614484
192 0.2497937134195928 1.622572715020326
193 0.2496083029060382 1.624447243215813
194 0.2494367951206789 1.626357756382288
195 0.2492521796778432 1.628174415702803
196 0.2490762904086344 1.630002350373599
197 0.2489176257009954 1.631908099074294
198 0.248737018808493 1.633624745809386
199 0.2485490349069608 1.635356631145055
200 0.2483709699836222 1.637099098550228
201 0.248193545747891 1.638823095826445
202 0.2480168423886167 1.640527488778095
203 0.2478418781557737 1.642214303257218
204 0.2476405198192342 1.643798986157685
205 0.2474563981690613 1.645417863338406
206 0.2473008511618862 1.647099221294683
207 0.2470991324742318 1.648620539246205
208 0.246918019007888 1.650168824276801
209 0.2467385525975028 1.651723605711724
210 0.2465280177083101 1.653169505067173
211 0.2463327670017336 1.654628019826776
212 0.2461432065636039 1.656087670598313
213 0.2459374570996455 1.657478067847564
214 0.2457264262841301 1.658832280876968
215 0.2455017059894986 1.6601278550651
216 0.2452649192980561 1.661374571807689
217 0.2450211544258843 1.662573552959312
218 0.2447758198854436 1.663741712306749
219 0.2445292988426985 1.664886179648958
220 0.244282573079929 1.666004823427554
221 0.2440295070602689 1.667087293333512
222 0.2437673129406571 1.668121657525414
223 0.2434982435577127 1.669115826435311
224 0.2432130312169775 1.670060087976094
225 0.2429305014124962 1.670965484977361
226 0.242638512163336 1.671822916887576
227 0.242339484062514 1.67263732490809
228 0.2420312389768695 1.673410584333401
229 0.2417104245324619 1.674122309444412
230 0.2413942234287036 1.674803434407188
231 0.2410636480785569 1.675442558967477
232 0.2407177606743807 1.676011747575939
233 0.2403755650509183 1.676564043826015
234 0.2400261037703902 1.677067331081196
235 0.2396725678493854 1.677533799213549
236 0.2393257732863684 1.677958912920147
237 0.238954783347388 1.678334226760938
238 0.2385699925750311 1.678714768045741
239 0.2382023443431841 1.678981252254965
240 0.2377934327221476 1.679211043816901
241 0.2374090335253381 1.679393663008317
242 0.2370037321306607 1.679532893482792
243 0.2365926454059988 1.679637972438834
244 0.2361742954279804 1.679692810644077
245 0.2357538702039454 1.679708912655191
246 0.2353179944661527 1.679648567004644
247 0.234867846290121 1.679572336035952
248 0.2344718551609565 1.679496298913597
249 0.2340148761898729 1.679340639437108
250 0.2336008040577894 1.679204703170689
251 0.2331699780584797 1.678997288988771
252 0.2327493269555352 1.678789185941654
253 0.2322950405204641 1.678482550435532
254 0.2318692298467108 1.678188496712491
255 0.2314340673848776 1.677857249274187
256 0.2309968451714598 1.677494800690853
257 0.230556079739508 1.677091957223737
258 0.23010158412521 1.676610699828864
259 0.2296636828358334 1.676155084996097
260 0.2292333042789147 1.675680783040861
261 0.228795853636282 1.675157009809003
262 0.228348343312187 1.674574310317774
263 0.2279125045670684 1.673992532340899
264 0.2274862850597158 1.673408064134571
265 0.2270566343095448 1.672787068115437
266 0.2266328595664419 1.672145815185554
267 0.2262139770498094 1.671482444058661
268 0.2257822180697845 1.670765386628958
269 0.2253785801200965 1.670095500236083
270 0.2249672434012558 1.66935676369521
271 0.2245589404918998 1.668607402390524
272 0.224163987899878 1.667853961105033
273 0.2237618307698383 1.667062469836979
274 0.2233658648236207 1.666255191818497
275 0.2229827166147078 1.665446813363319
276 0.2226198276622282 1.664661656088379
277 0.2222527256918545 1.663835094090274
278 0.2218847610698792 1.662977268035496
279 0.2215093075272171 1.662063881929008
280 0.2211548392251943 1.661178952911882
281 0.2208175530831449 1.660308884723684
282 0.2204814164946886 1.659409504122495
283 0.2201417486504349 1.658469573237116
284 0.2198157110320579 1.657540731688817
285 0.2195130695698361 1.656639164048412
286 0.2191905634239724 1.655674347833607
287 0.2188892127217709 1.654718235094611
288 0.2185985223153028 1.653767134090535
289 0.2183152244472539 1.652803499496586
290 0.2180500118302629 1.651862342083414
291 0.2177702603978006 1.650843551643315
292 0.2174866613878893 1.649766213013034
293 0.2172502821635136 1.648823711326372
294 0.2170119003460654 1.647839444377108
295 0.2167826895222374 1.646848819696506
296 0.2165249992998833 1.645729079357343
297 0.2162953080459191 1.644680190337107
298 0.2161234085116135 1.643773921011602
299 0.2158853914657689 1.642615215642579
300 0.2157017955901266 1.641613613860648
301 0.2155170610902018 1.64057393255508
302 0.2153042762593552 1.639388011668725
303 0.2151354345301763 1.638338505095595
304 0.2149748866016334 1.637274047333483
305 0.2148253164112152 1.636231418389505
306 0.214686207487094 1.635174805602944
307 0.2145509086099748 1.634097450415473
308 0.214391811255133 1.632889595865752
309 0.2142864502543637 1.631849542186781
310 0.2141680520303919 1.630736981857123
311 0.2140616892865289 1.629634379063492
312 0.2139734899971131 1.628549368180092
313 0.2138781576581539 1.627434767964234
314 0.213786710771122 1.626290778094834
315 0.2137129284427974 1.625158765994984
316 0.213651035909827 1.624050944793653
317 0.2135961314336026 1.622933060216952
318 0.2135443249708545 1.621797561140167
319 0.2134840206405059 1.62061724760591
320 0.2134341030502232 1.619443109202082
321 0.2133912580599792 1.618256385757653
322 0.2133575407096429 1.617080631061352
323 0.2133387982015765 1.615915565482332
324 0.2133331332197975 1.614766174096874
325 0.2133275631645428 1.613585186011371
326 0.2133440583408076 1.612450819756943
327 0.2133624026524172 1.61129371464232
328 0.2133851857779406 1.610137467322524
329 0.21340274301884 1.60893264645083
330 0.2134301425876362 1.607734239445851
331 0.2134756420248215 1.606561726931646
332 0.2135179702137226 1.605365646671907
333 0.2135571711927964 1.604140042774971
334 0.2136098796201324 1.602932087994575
335 0.2136627330780633 1.601705080298442
336 0.2137130107637209 1.600450784932923
337 0.2137888746808951 1.599247768963297
338 0.2138672721050634 1.598032465584203
339 0.213950332157076 1.596808872701437
340 0.214038882822756 1.595583918816077
341 0.2141294495231374 1.59434375580579
342 0.2142361667637759 1.593146093981273
343 0.2143429407453424 1.591894398871839
344 0.2144534410620941 1.590662088866928
345 0.2145749559937735 1.589452834580089
346 0.2146781645199827 1.58814129328523
347 0.2148075494903958 1.586895709493418
348 0.2149665430028952 1.585719126053505
349 0.2150908684075931 1.584430236553373
350 0.2152293637880417 1.583182035267418
351 0.2153303710109843 1.58182947792856
352 0.2154954786681507 1.580615305562874
353 0.2156463792448844 1.579361475421153
354 0.2157499144642495 1.577929607617012
355 0.2159358665155208 1.576721630401218
356 0.2161053623467463 1.575467017260931
357 0.2162813736338322 1.574234115273417
358 0.2164469103329761 1.572924118364016
359 0.2166184295574147 1.571621439375972
360 0.2167591874029704 1.570237128905892
361 0.2169557464983874 1.569011883006714
362 0.2171370701416121 1.567692515849176
363 0.2172938918311314 1.566278572515631
364 0.2174840499041285 1.564992378187083
365 0.2176852764894398 1.563719048234503
366 0.2178694180957136 1.562379171998957
367 0.2180790574634221 1.561110406939427
368 0.2182871576298868 1.559823628876441
369 0.2184934903030112 1.558509835508499
370 0.2186913511931647 1.557159745032583
371 0.2188970827016265 1.555880670495182
372 0.2191020944597011 1.554511077715534
373 0.219301576353113 1.553109711445609
374 0.2195146888426372 1.551796307954086
375 0.2197419521051466 1.550515022186038
376 0.2199569508688733 1.549177954253432
377 0.2201503312603368 1.547735899207917
378 0.2203689397614162 1.54641733105025
379 0.2205832694016104 1.545046941742147
380 0.2207981928411601 1.543645084285078
381 0.2210316030733961 1.542343532608565
382 0.2212537800510187 1.540986900983865
383 0.2214715215962842 1.539577589856606
384 0.2216929799867539 1.538229159679598
385 0.2219166120909656 1.536809792242708
386 0.2221518405053903 1.535469923121035
387 0.2223742278631451 1.534077762490951
388 0.2225974558367425 1.532696109330808
389 0.2228254622436651 1.531314821145405
390 0.2230563354982012 1.529975116970765
391 0.2232824216445954 1.528585086163744
392 0.2234860732937441 1.527131047116641
393 0.2237089805735261 1.525710660063804
394 0.2239346381434445 1.524295241588913
395 0.2241477544786854 1.522788613373871
396 0.2243709489983714 1.521383364425064
397 0.2246217800776999 1.520057077031174
398 0.2248525694812505 1.518665744976435
399 0.2250853564952278 1.517230457621032
400 0.2252970065504472 1.515750064526649
401 0.225514642601758 1.514360659129319
402 0.2257195764475104 1.512818175011039
403 0.2259523451325587 1.511472363484597
404 0.226171088849619 1.509998990330757
405 0.2263839271563162 1.508538912319142
406 0.2265772511363204 1.506990802306823
407 0.22680763760225 1.505622020606852
408 0.2270305799413234 1.504153045246182
409 0.2272237589845172 1.502611097080138
410 0.227455526880453 1.501246040801386
411 0.2276728019212281 1.499755685305629
412 0.2278571447310653 1.498188450189146
413 0.2280634353746502 1.496720444213685
414 0.2282741428011077 1.495239633559859
415 0.2284952519258106 1.493826044692567
416 0.2286980689930063 1.492347283981471
417 0.2288857570078176 1.490750945985395
418 0.2290989789673759 1.489292583109833
419 0.2292925102553859 1.487841076163045
420 0.2294745884030319 1.486233158009455
421 0.2296857066005961 1.484757010873959
422 0.2298748116304111 1.483269862885981
423 0.2300652590369027 1.481756198931537
424 0.2302522765524309 1.480233640770419
425 0.2304356435789023 1.47869591605195
426 0.2306183480966161 1.477132191746562
427 0.2307967703255284 1.475614138821066
428 0.2309777287896156 1.474085334364517
429 0.2311534537689563 1.472530369002753
430 0.231333500373707 1.470987811558692
431 0.2315040881465313 1.469428108019276
432 0.2316542462866701 1.467797840959001
433 0.2318123888479697 1.466200612390381
434 0.2320004475622706 1.464723163339145
435 0.2321787512536924 1.463203991466781
436 0.2323377620840799 1.461631148423201
437 0.2324824906528239 1.460025139192199
438 0.2326417810510137 1.458453406064109
439 0.2327901789311757 1.45685726064763
440 0.2329439380244903 1.455272808053985
441 0.2330933368863301 1.453685694810555
442 0.233227919906892 1.452024619065635
443 0.2333881581543996 1.450506241040422
444 0.2335439594765449 1.448952772657082
445 0.2336720478342993 1.447286666130361
446 0.2338202836688188 1.44574288323519
447 0.2339444847468166 1.444119647779062
448 0.2340774850108551 1.442509056742063
449 0.2342094407471615 1.44089650237618
450 0.2343427960890552 1.439298516954675
451 0.2344670514786659 1.437675411153188
452 0.234590224442859 1.436053009448123
453 0.2347112559006338 1.434428756278719
454 0.2348296074845138 1.432801912813106
455 0.2349429812937809 1.431137670151036
456 0.2350586625280162 1.429543775917615
457 0.2351707767792832 1.427885581535169
458 0.2352669689446049 1.426210496001195
459 0.2353894993464119 1.424651424652952
460 0.2354935510473055 1.422987107351686
461 0.2355965510140784 1.421369721943779
462 0.235700226698153 1.419728718453579
463 0.2357994788736689 1.418058851522944
464 0.2358857323131309 1.416369509616088
465 0.2359927201340229 1.414801816321918
466 0.236090444099292 1.413143436244175
467 0.2361760795515745 1.411495955364835
468 0.2362710949283351 1.409866266283491
469 0.2363593621287922 1.408184144075258
470 0.2364424286779142 1.406548102049684
471 0.2365239912331648 1.404896480188604
472 0.2366063541260155 1.403235967135987
473 0.2366845352270252 1.401573947287597
474 0.236760821981066 1.399910105860392
475 0.236828330470331 1.398204493206382
476 0.2369099027379833 1.396571523168327
477 0.2369777734136042 1.394878081591176
478 0.2370436004949767 1.393230844047413
479 0.2371123496128866 1.391575412522692
480 0.2371777201409243 1.389906403886912
481 0.2372463432861744 1.388250882738085
482 0.2373010295059283 1.386564794813686
483 0.2373600671956079 1.384891127711991
484 0.2374156718775726 1.383210884011899
485 0.2374706427458412 1.381538550904017
486 0.2375243406188988 1.379865795420127
487 0.2375781618288383 1.378197057179104
488 0.2376277236705186 1.37652168917126
489 0.2376754103851425 1.37484515585398
490 0.2377226004742936 1.373171074539341
491 0.2377672228568817 1.371494113820521
492 0.2378113754444141 1.369820299393677
493 0.237851295732606 1.368138608563341
494 0.237884515052467 1.366442487988282
495 0.2379221432712937 1.364761652887693
496 0.2379582310348741 1.363081211003795
497 0.2379935411610053 1.361404139909442
498 0.2380281903729905 1.359727962659566
499 0.238055320809776 1.35803961702666
500 0.238083908621582 1.35635352866965
501 0.2381129894449817 1.354696272094692
502 0.2381419200301373 1.353017482952737
503 0.2381590389520042 1.351310782463012
504 0.2381841330472178 1.349627544810609
505 0.2382111235445124 1.347929493312928
506 0.2382276491637938 1.346248553719709
507 0.2382482837038461 1.344552342033854
508 0.2382684901215553 1.342899706782927
509 0.2382877292580848 1.341235114672763
510 0.2383036688793248 1.339534226712362
511 0.238320699237284 1.337889885342231
512 0.2383356701129117 1.336197730490428
513 0.2383488095300131 1.334539116932726
514 0.2383575591459116 1.332858192330137
515 0.2383652105811977 1.331175178620843
516 0.238367147934743 1.329474596394322
517 0.2383695040045024 1.327786410429947
518 0.2383764465255 1.326114358543991
519 0.2383813086119938 1.324440748723294
520 0.2383846830929894 1.322767469835872
521 0.2383866860041527 1.321093972048419
522 0.2383920169570313 1.319435800682319
523 0.2383912671011554 1.317762159727248
524 0.238390630390575 1.316091335184724
525 0.2383841924449078 1.314409642875089
526 0.2383787709923621 1.312732866579958
527 0.2383730596475266 1.311061344844403
528 0.2383632348761652 1.309382155490047
529 0.2383566654312126 1.307715108633844
530 0.2383508780336812 1.306053762806176
531 0.238344226180005 1.304393450903645
532 0.2383399386628479 1.302743914092344
533 0.2383284889869474 1.301095696035782
534 0.2383180980434522 1.299409723915941
535 0.2383065041455728 1.297774720255835
536 0.2382953735470248 1.296117590431541
537 0.2382839246092444 1.29446221639475
538 0.2382733793811128 1.292812751773065
539 0.23825778496681 1.291154657513802
540 0.2382407654927989 1.289475101428948
541 0.2382244947199359 1.287855463366619
542 0.2382096484488544 1.286213078762799
543 0.2381925658766379 1.284565802785223
544 0.2381743106972302 1.28291910129452
545 0.2381536743260964 1.281268496645634
546 0.2381300684389765 1.279593579555629
547 0.2381114266505807 1.277968140666916
548 0.2380922856403082 1.276330914357091
549 0.2380705927226606 1.274700375282837
550 0.2380535795333333 1.273077136360188
551 0.2380277256953027 1.27144128083283
552 0.2380052945419901 1.269811211465649
553 0.2379829446056507 1.268186810728001
554 0.2379608010589876 1.266587430106027
555 0.23793920721193 1.264945126520137
556 0.2379166845124588 1.263353434341976
557 0.2378910979933232 1.261707231313228
558 0.237866752471311 1.260116812320419
559 0.237840551777307 1.258497709577368
560 0.2378183535684557 1.256894698626728
561 0.2377918433519299 1.255284421025049
562 0.2377652602640864 1.253656062414612
563 0.2377366273534826 1.252072706769809
564 0.2377127660234553 1.250481126984577
565 0.237684504300226 1.248878697337626
566 0.2376525217514822 1.247270343540281
567 0.2376246960401213 1.245653534609122
568 0.2375937311104314 1.244082122367433
569 0.2375638042914652 1.242488602298765
570 0.2375367826064101 1.240908551478556
571 0.2375088011088004 1.239324221024678
572 0.2374803570187655 1.237744700976479
573 0.2374501002816286 1.236164505004294
574 0.2374225593010789 1.234593541658927
575 0.2373923605434497 1.232999535112093
576 0.2373670277236948 1.231470301703323
577 0.2373350818687421 1.229899218672443
578 0.237304868898635 1.228333270211425
579 0.2372741592839549 1.226769894508768
580 0.2372408279591019 1.225204103624134
581 0.2372066492847387 1.223638142564878
582 0.2371798277861255 1.222095599198445
583 0.2371432493403857 1.220528413285614
584 0.2371142582923361 1.21898894076618
585 0.237086927062773 1.217457572469148
586 0.2370584875748422 1.215925784067933
587 0.2370297401344086 1.214376369227217
588 0.2369993437372013 1.212869269732439
589 0.2369693795144942 1.211323981292596
590 0.2369376247112547 1.209796087116996
591 0.2369042045175193 1.208275924419421
592 0.2368762173084316 1.206765443355505
593 0.2368465087658454 1.205254566188635
594 0.2368192525545819 1.20375228927281
595 0.2367875365095952 1.202241328000561
596 0.2367547680698951 1.200731706325153
597 0.2367254396474595 1.199231791042592
598 0.2366941449293973 1.197730834978163
599 0.2366625880176007 1.196232218039116
600 0.2366318458823101 1.194742343882744
601 0.2366003604523265 1.193245788108482
602 0.2365698075167331 1.191782281931712
603 0.2365390173168842 1.190272102862824
604 0.2365060295826518 1.18878418561983
605 0.2364761244808539 1.187312338789122
606 0.2364462386756263 1.185847656712485
607 0.2364202450490407 1.184409662327784
608 0.236391125194521 1.182919606959311
609 0.2363586720214204 1.181454199738993
610 0.2363294528204332 1.17999930256325
611 0.236298920194673 1.178543857719678
612 0.2362702231549611 1.177096233406752
613 0.2362421524518647 1.17565193731722
614 0.2362144495845864 1.174233408924236
615 0.2361910076514557 1.1728068868143
616 0.2361642607551901 1.171371772672777
617 0.2361364756487645 1.169941073148369
618 0.2361099192767344 1.168519452935119
619 0.2360851702494577 1.167106458599628
620 0.2360588273243239 1.165693666730376
621 0.236034993598877 1.164287301834669
622 0.2360085356999149 1.162878779470429
623 0.2359830860915881 1.161476124143591
624 0.2359567461885961 1.160073598128606
625 0.2359267304215987 1.15866432493449
626 0.2358999642461344 1.157269824803866
627 0.2358762040767915 1.155886233948976
628 0.2358530737461878 1.154508042207932
629 0.2358302188407389 1.153134103506432
630 0.2358082876107117 1.15176130294457
631 0.2357856621568548 1.150397164950873
632 0.2357639370255992 1.149038043816953
633 0.2357426047658514 1.147682353962322
634 0.2357208616196869 1.146329490009537
635 0.2356982429607992 1.144977454677105
636 0.2356757128552737 1.143627795204994
637 0.2356557509672139 1.142289857217579
638 0.2356380625113657 1.140960936415563
639 0.2356219932583575 1.139642906661501
640 0.2356022097785723 1.138322104262981
641 0.2355836296145546 1.136998965630091
642 0.2355646330429015 1.135680292131372
643 0.235545960277621 1.134366564464463
644 0.2355282096601108 1.133059137465342
645 0.2355102851015914 1.131755167358225
646 0.2354933696161139 1.130457586130104
647 0.2354769675156778 1.129166961838799
648 0.2354632976670249 1.127882743513534
649 0.2354476878312396 1.126601043620188
650 0.2354328397942737 1.125324259206713
651 0.2354158267226433 1.124045737339173
652 0.2354032892645137 1.122782258072308
653 0.2353951825758276 1.12153428186917
654 0.2353827115397918 1.120279100017204
655 0.2353704175162837 1.119028026948172
656 0.2353561822820529 1.117774418199464
657 0.2353442126704139 1.116529543868759
658 0.2353337344286744 1.115294863862015
659 0.2353206491272996 1.11405555453432
660 0.2353138684554057 1.112839751180494
661 0.2353064329824727 1.111625261808447
662 0.2353017534774404 1.110424469356008
663 0.2352902593943884 1.109204180658459
664 0.2352648223276183 1.107930727690633
665 0.2352793825890515 1.106809961062297
666 0.2352566077005062 1.105562065197075
667 0.235278338252718 1.104460610577327
668 0.2352752880254095 1.103295458601999
669 0.2352724072651315 1.102121918254687
670 0.2352403029082662 1.100851581558576
671 0.2352391008410688 1.099698258498398
672 0.235257956281178 1.098611537979684
673 0.2352351068089354 1.097398903438242
674 0.2352583678158721 1.09632326370333
675 0.2352577927079401 1.095192181523032
676 0.2352545609592727 1.09404821813557
677 0.2352312025284888 1.092831608133836
678 0.2352295987486281 1.091709888557609
679 0.2352496967570355 1.090642486925762
680 0.2352329572430323 1.08947873865567
681 0.2352400712087205 1.088370627271099
682 0.2352457889334272 1.087279980557644
683 0.2352646746569152 1.086243606530299
684 0.23527217689354 1.085168858029283
685 0.2352717966519803 1.08405724484712
686 0.2352743086795514 1.082972148955042
687 0.2352763598077479 1.081906330329807
688 0.2352824368905202 1.080837047634658
689 0.2352894022730627 1.079772053741724
690 0.2352792035510625 1.078657030796355
691 0.235299809586678 1.077637867258946
692 0.2353141407249228 1.076621567510016
693 0.2353131887076597 1.075555149830321
694 0.2353229615874056 1.074519150064796
695 0.2353567908446778 1.073567897154038
696 0.2353734646915487 1.072576824929092
697 0.2353919991767877 1.071565131058109
698 0.2353818360087417 1.070501244834462
699 0.2354155098311866 1.069557292165926
700 0.2354102630120548 1.068523771763729
701 0.2354467854481612 1.067588346606745
702 0.2354633715650413 1.066620398922025
703 0.2354758324658936 1.065639971152424
704 0.2354910896997859 1.064689146283556
705 0.2354954072618882 1.063673764955491
706 0.235517164833171 1.062720160562571
707 0.235557667550492 1.061830828944755
708 0.2355800489021851 1.060927024191157
709 0.2355819489468952 1.059925766797112
710 0.2356243310837646 1.059057585239193
711 0.2356296865285866 1.058106343006867
712 0.2356742765445143 1.05724552119055
713 0.2356776064218585 1.056290054108498
714 0.2357089740099287 1.055414368497641
715 0.235754941490673 1.05457061020362
716 0.2357651762835345 1.05365728521756
717 0.2357949017712893 1.052789617205815
718 0.2358439771860852 1.051965164112374
719 0.2358548035135724 1.051070234286726
720 0.2358863503237535 1.050222144352453
721 0.2359406955229949 1.049443785865024
722 0.2359506746465257 1.048535878437634
723 0.235987465192919 1.047712245482047
724 0.2360179636938496 1.046889732693994
725 0.236057858355136 1.046082468704698
726 0.2360925080031477 1.045281214779715
727 0.2361352686332596 1.04449177183823
728 0.2361732959221371 1.043703187136241
729 0.2362122488002956 1.042922772225212
730 0.2362518993413142 1.042148277776965
731 0.2362924655032387 1.04137978622466
732 0.2363339393611679 1.040619819656965
733 0.2363757639530168 1.039866369031047
734 0.2364186509195052 1.039120637046167
735 0.2364633536415549 1.038383063497907
736 0.2365173838241034 1.037698490833385
737 0.2365499838701952 1.036922994267554
738 0.2366071138111943 1.036249452286524
739 0.2366501680417034 1.035534278018043
740 0.2366816845750586 1.034770044378281
741 0.2367423792240477 1.034106940743734
742 0.2367789439418771 1.033390442099276
743 0.2368418915158865 1.032743832961395
744 0.2368808993655623 1.032045961474954
745 0.2369470326247677 1.031415939442652
746 0.2369876882105894 1.030735785983312
747 0.2370549793080212 1.030119238972894
748 0.2370988535098225 1.029462972989879
749 0.2371678856779478 1.028859194576285
750 0.2372120231048508 1.028204782129284
751 0.237269917555898 1.027592027900534
752 0.2373413333775605 1.027030233086109
753 0.2373894785269841 1.026388203229201
754 0.2374630245669822 1.025847756776457
755 0.2375118026332832 1.025222814920198
756 0.2375862236180296 1.024692817678495
757 0.2376509421243259 1.024132168443047
758 0.2377151729822666 1.023572978706275
759 0.2377800906339551 1.023021418245306
760 0.2378470581506141 1.022482147659839
761 0.2379140643694222 1.021948674016093
762 0.2379713648343809 1.021378309676591
763 0.2380529189532483 1.020926204856575
764 0.238128683202024 1.020420593124474
765 0.2381872648387976 1.019878006652124
766 0.2382724556077501 1.019443868840927
767 0.2383484078322283 1.01895720047858
768 0.2384097468482693 1.018439985444811
769 0.2384974577563907 1.01803237266261
770 0.2385768445045872 1.017572668270818
771 0.2386424865900196 1.017084666280376
772 0.2387336541417087 1.016685842912739
773 0.238803104080478 1.016222984669526
774 0.2388956840657831 1.015845841150172
775 0.2389684984862551 1.015404472458898
776 0.2390635084651224 1.015043944153234
777 0.2391477460813108 1.014654501674114
778 0.2392331450545456 1.014270841185276
779 0.2393111911202875 1.013859019317507
780 0.239397767066442 1.013493912900749
781 0.2394973470318118 1.013174003516838
782 0.2395796329367957 1.012794794311748
783 0.2396711495157552 1.012461187011338
784 0.2397646128983662 1.012135976492159
785 0.2398674674846462 1.01184609408834
786 0.2399547345997576 1.011505497935379
787 0.2400498821412866 1.011203009988983
788 0.2401545325520275 1.010936104885757
789 0.2402448097101008 1.010629633470968
790 0.2403447968137561 1.010354117933595
791 0.2404434160017907 1.010082979170789
792 0.2405439442115455 1.009823859453478
793 0.2406456812512177 1.009574050673164
794 0.240748634807322 1.009333394303009
795 0.2408517161939246 1.009100087040079
796 0.2409562733502193 1.008876305831055
797 0.2410631384287483 1.008663774284775
798 0.2411708890968319 1.008460220686876
799 0.2412799573872492 1.008266431495242
800 0.2413899343560757 1.008081454595596
801 0.2415010545160302 1.007905530754033
802 0.2416212919345522 1.007760555107765
803 0.2417256881191779 1.007582306749747
804 0.2418397448392624 1.007433157841249
805 0.241956161095269 1.007295260378869
806 0.2420753769556221 1.0071654026349
807 0.2421906880651219 1.00704154322009
808 0.2423176292661363 1.006949196875977
809 0.2424308586027493 1.006830329325161
810 0.2425590504544999 1.006754873742729
811 0.2426802021095313 1.00667079787521
812 0.2428035197203661 1.006595849013186
813 0.2429288233261265 1.006531461344812
814 0.2430537628361443 1.006471655920686
815 0.2431812881819282 1.006425825121686
816 0.2433110094405541 1.006392046172984
817 0.2434410318719477 1.006366531733359
818 0.2435721688992585 1.006349207062043
819 0.2437043086254613 1.006340929449842
820 0.2438377700219626 1.006342407800307
821 0.2439748356562275 1.006359478968086
822 0.2441113110186432 1.006381672064655
823 0.2442468863199855 1.006407477523333
824 0.24438562163151 1.006448281674941
825 0.2445259141290659 1.00649912569225
826 0.2446675100154738 1.006560319572506
827 0.244810418595028 1.006631200124993
828 0.2449542899674399 1.00671054634689
829 0.2450994788200025 1.006800041394234
830 0.2452463871591024 1.006901543807221
831 0.2453941933471077 1.007010117994018
832 0.2455426410457341 1.007126592310744
833 0.2456931738634019 1.007255045312305
834 0.2458446814443316 1.007392450151629
835 0.2459972266444412 1.007539033304275
836 0.2461508946413291 1.007694893856683
837 0.2463056751902495 1.007859995524402
838 0.2464644073452539 1.008041922054728
839 0.2466204286114937 1.008223097829972
840 0.2467783223104988 1.008415359909675
841 0.2469375529470286 1.008617481908026
842 0.247096491990618 1.008825018607724
843 0.2472584680322057 1.009046701996738
844 0.2474217583284024 1.009278631650206
845 0.2475823423377189 1.009516843816327
846 0.2477477397770272 1.009764065387081
847 0.247916500698317 1.010026516974987
848 0.2480861678703207 1.010299218536403
849 0.2482580642387467 1.01058387152635
850 0.2484309253381209 1.010878753943987
851 0.2486044888153018 1.011181566934792
852 0.2487786143528128 1.011492210433617
853 0.2489542801533721 1.011812774387141
854 0.2491308686736449 1.0121423404622
855 0.2493088522785545 1.012484600856301
856 0.249493878408505 1.012841456766762
857 0.2496686507853945 1.013190886220725
858 0.2498497566662149 1.013558372597658
859 0.2500328725469079 1.0139356895681
860 0.2502173265763238 1.014322899778789
861 0.2504035679341992 1.014720996823877
862 0.2505913256223223 1.015129436670984
863 0.2507800346021941 1.015546914588413
864 0.2509698995927619 1.015973817735963
865 0.2511498570790238 1.016382232624461
866 0.2513490148825826 1.016841614359702
867 0.2515375615246642 1.01728606831355
868 0.2517328264034017 1.017751713985448
869 0.2519392146141961 1.018249869847423
870 0.2521370799091852 1.018739837233901
871 0.2523396535217981 1.019239214208058
872 0.2525393811368832 1.019742899398901
873 0.2527405255155425 1.020256357805722
874 0.2529430396558292 1.020778929847965
875 0.2531468292668332 1.021310645597828
876 0.2533521088412278 1.021852320105551
877 0.2535592723194391 1.02240708978301
878 0.2537673614794154 1.022968091194844
879 0.2539747070017541 1.023530968407362
880 0.2541853351094824 1.024111138287078
881 0.2543975611382565 1.02470196357278
882 0.2546136704897962 1.025315305808934
883 0.2548179331265331 1.025892082329065
884 0.2550382397334496 1.026518600031856
885 0.2552579020781419 1.027153545220127
886 0.2554768537160542 1.027792957481804
887 0.2556970690833192 1.028440470149437
888 0.2559196872660574 1.029101350682014
889 0.2561341653786077 1.029742420361652
890 0.2563657714948893 1.030439848021292
891 0.2565943334366593 1.031136552302635
892 0.2568202093406906 1.031830086666794
893 0.257046108119913 1.032528286442777
894 0.2572739190238112 1.033238254556113
895 0.2575103962348069 1.033980842050363
896 0.2577355051033769 1.034690721678599
897 0.257965085930251 1.035422605962554
898 0.2582056749974686 1.036194780405916
899 0.2584351348536602 1.036934297805776
900 0.2586759529425962 1.037716630468421
901 0.2589079280334493 1.038476185267216
902 0.2591526182485691 1.039280286863334
903 0.2593863261963081 1.04005698125773
904 0.2596263747889758 1.040857284569767
905 0.2598694932455054 1.041672259985733
906 0.2601144943340232 1.042498289983823
907 0.2603608041344894 1.043333707176361
908 0.260613845233605 1.044196601069901
909 0.2608585893646057 1.045037487249162
910 0.2611152362364526 1.045920755845712
911 0.2613661758678719 1.046791903744823
912 0.261615608406308 1.047662933594222
913 0.2618641558389683 1.048536493046467
914 0.2621155855712253 1.049425271651317
915 0.2623694154367098 1.050325823104096
916 0.2626249491347441 1.051236640965242
917 0.2628818307002678 1.052156988689406
918 0.2631400193541514 1.053086474749987
919 0.2633987981854796 1.054023926073152
920 0.263661496481993 1.054979327365985
921 0.2639219282087562 1.055927965279349
922 0.2641828206347155 1.056887117138478
923 0.2644474369200044 1.057865429747496
924 0.2647141579484327 1.058847857268765
925 0.2649805518569412 1.05983793609371
926 0.2652446221652464 1.060828552649259
927 0.2655130293212116 1.06183573175602
928 0.2657817465496023 1.062845350676443
929 0.2660512640412176 1.06386623384339
930 0.2663235069185811 1.064899767108764
931 0.266595598549735 1.065938760328057
932 0.2668697343613562 1.066988076911735
933 0.2671530582636579 1.068073934902648
934 0.2674214574517232 1.069113397501388
935 0.2677020393578797 1.070198812294936
936 0.2679759262654162 1.071266728473719
937 0.2682534252018892 1.072350282763584
938 0.2685333916009886 1.073446368296233
939 0.2688195097079946 1.074570442639737
940 0.2690966853203547 1.075664527665643
941 0.2693815657952494 1.0767940600023
942 0.2696670956542734 1.077927599850061
943 0.2699473279516721 1.079046237755204
944 0.2702321654059278 1.080188802999238
945 0.2705209144174999 1.081346743852792
946 0.2708103033352371 1.082510591537893
947 0.2710942943261513 1.083663295304887
948 0.2713807077526192 1.084827716436382
949 0.2716804466115956 1.086037665861842
950 0.2719598124025968 1.087192546724731
951 0.2722485213785206 1.088378242427922
952 0.2725376863205118 1.08957063843709
953 0.272837368877279 1.090799771276517
954 0.2731344660126092 1.092021500607909
955 0.2734324527654216 1.093258879573295
956 0.2737219943006137 1.094474715262115
957 0.2740175140467604 1.095709241852871
958 0.2743123153251817 1.096946617447714
959 0.2745993080955516 1.098162712607919
960 0.2749035710494313 1.099439292675402
961 0.2752044462093304 1.100711332538705
962 0.2755031967435861 1.101978793980116
963 0.2758017228694903 1.103250014442845
964 0.2761006586515229 1.104528610534442
965 0.276400649574107 1.105813014279731
966 0.2767015006794634 1.107105026615091
967 0.2770034139094807 1.108405183077906
968 0.2773041064848877 1.109702946273968
969 0.2776047063756795 1.11100782580957
970 0.2779075219027187 1.112324704361978
971 0.2782154677265247 1.113665483724087
972 0.278513348813131 1.114975740154864
973 0.2788160398605333 1.116298649525263
974 0.279128273289846 1.117662530932061
975 0.2794344315430938 1.119010159170559
976 0.2797347945104726 1.12034030206075
977 0.2800458027061803 1.121714131670847
978 0.2803547387547497 1.123083196956509
979 0.2806568274524306 1.124431514604374
980 0.2809686173333488 1.125820518248729
981 0.2812769115496974 1.127199735112565
982 0.281586508493185 1.128584933564472
983 0.2818940756681505 1.129970969749421
984 0.2822014073751387 1.131359210362045
985 0.2825118910369148 1.132753276757726
986 0.2828234501399321 1.134167865246619
987 0.2831313147303445 1.135571703572773
988 0.2834375849364869 1.136973084204079
989 0.2837459249810037 1.138384890042301
990 0.284055498474607 1.139804212413737
991 0.2843657336837505 1.141229113473576
992 0.2846632132789552 1.142616567900894
993 0.2849737280138239 1.144045729350213
994 0.2852870995939971 1.14549206093309
995 0.2856009169712341 1.146944231756676
996 0.2859153110598711 1.148400196839397
997 0.2862289443264185 1.149859543234812
998 0.2865420609723878 1.151320267247715
999 0.2868663306951317 1.152819721713856
1000 0.2871658761702031 1.154245047329219
1001 0.2785265123702088 1.133379215743139
1002 0.2719635730166425 1.118608288318057
1003 0.2678474597179674 1.109830063353223
1004 0.2654148558328585 1.105066893460033
1005 0.2641355206189099 1.103516314978187
1006 0.2635180945475906 1.10368338272641
1007 0.2634498544362403 1.105182450588981
1008 0.263761786568674 1.107545973730496
1009 0.2643365228026239 1.110492506034704
1010 0.2650526417125386 1.113748717846692
1011 0.265824541696998 1.117036636634995
1012 0.2666032285533096 1.12030899766016
1013 0.2673697000715921 1.123547278967509
1014 0.2680958912516442 1.126644458829871
1015 0.2687545233442989 1.129556368385035
1016 0.2693633115174064 1.132350836034478
1017 0.2699269078050282 1.135052369981444
1018 0.2704410376652298 1.137621713550959
1019 0.2709145585103148 1.140094932051087
1020 0.2713135754468622 1.142351286064665
1021 0.271721445261799 1.144666374223692
1022 0.2721143271245665 1.146953489645813
1023 0.2725044741369836 1.149242283989361
1024 0.2728647766180255 1.151444995728266
1025 0.2732133033818407 1.153610418437791
1026 0.2735606646078447 1.155754147997787
1027 0.273960387325537 1.158093145340979
1028 0.2742995957625363 1.160163620101043
1029 0.2746266404764915 1.162187663505686
1030 0.2749535271836526 1.164188842708946
1031 0.2752834184103399 1.166186660183763
1032 0.2756021706565605 1.168145057565558
1033 0.2758909418957358 1.16998976095922
1034 0.276230626496417 1.171913516047652
1035 0.2765598827820557 1.173830981835838
1036 0.2769103306260608 1.175777707169202
1037 0.2772474198327705 1.177679807662567
1038 0.2776004669075752 1.179596964714886
1039 0.2779510807335797 1.181492229435805
1040 0.2782963446169387 1.183350207128562
1041 0.2786442554291942 1.185195867896665
1042 0.2789854055173102 1.186998590605366
1043 0.2793325086821503 1.188799634776132
1044 0.2796820763295998 1.190585770000374
1045 0.2800298075026926 1.192350646696147
1046 0.2803783835602628 1.194099573155431
1047 0.2807342119054744 1.195851119834518
1048 0.2810911318118328 1.197595930600062
1049 0.2814452073297216 1.199306696509622
1050 0.2818010007600205 1.201005925920125
1051 0.2821584075061179 1.202696141052626
1052 0.2825179011231527 1.204377152078117
1053 0.2828799523077937 1.206053117075255
1054 0.2832483183722483 1.207731639153163
1055 0.2836205671562387 1.209408136776703
1056 0.2840001475036024 1.211087488061962
1057 0.2843779676580245 1.212753005888284
1058 0.2847560839985216 1.214406205514835
1059 0.2851749761683636 1.216159127036351
1060 0.2855578584440041 1.217793162976955
1061 0.2859445209997275 1.219448348036563
1062 0.2863252070387283 1.221059958523713
1063 0.2867117559573295 1.222676250286001
1064 0.2871008007943129 1.22428812230725
1065 0.2874926694057258 1.225897577023928
1066 0.2878905146430823 1.227509560321634
1067 0.2882873314471058 1.229119808734995
1068 0.2886825265559095 1.230703156369018
1069 0.2890742109459588 1.232274618127009
1070 0.2894797236717948 1.233876525788979
1071 0.2898896353427226 1.235478734214382
1072 0.2902996220292998 1.237072021811271
1073 0.2907108040497409 1.238660784039903
1074 0.291123665499503 1.240245771082983
1075 0.2915282647382522 1.241813300774324
1076 0.2919463222524565 1.243370620482103
1077 0.2923713813906725 1.244974339216519
1078 0.2927845585285588 1.24652738604862
1079 0.2932042084314228 1.248101477419326
1080 0.29362171596321 1.249662717531128
1081 0.2940467572445054 1.251236493952548
1082 0.2944620346477864 1.25277858087643
1083 0.2948782422457542 1.254310767443073
1084 0.2952973808119326 1.255864087822571
1085 0.2957184011902097 1.25740552253535
1086 0.2961410211379966 1.258946629082563
1087 0.2965652397138914 1.260488560015332
1088 0.2969896130484995 1.262027264160326
1089 0.2974152625775175 1.263567136642191
1090 0.2978385758907987 1.265096201183337
1091 0.2982588069468268 1.26661476587807
1092 0.2986835424413358 1.26814229273923
1093 0.2991069900898679 1.269664323544497
1094 0.2995342363567037 1.271197279004004
1095 0.2999524082009734 1.272700372686274
1096 0.3003723221540331 1.274206312366509
1097 0.3007915061328634 1.275705445276671
1098 0.3012151223590525 1.277221865263569
1099 0.3016199786020486 1.278677906230487
1100 0.3020499988731432 1.280216643114642
1101 0.3024574874494103 1.281673458251503
1102 0.302877815967319 1.28318439543095
1103 0.3032793131856892 1.284625106831619
1104 0.3036979651846813 1.286129304890271
1105 0.3041010101546316 1.287584040359101
1106 0.3045020355832208 1.289025235515634
1107 0.3049087945953682 1.290484998643858
1108 0.305328610703013 1.291982919446639
1109 0.3057342165191506 1.293442589210114
1110 0.3061332770338542 1.294887330279681
1111 0.3065334119966821 1.296326375186631
1112 0.3069431130903652 1.297798593096191
1113 0.3073339240037357 1.299206135127379
1114 0.3077360677137703 1.300657313573788
1115 0.308124649306635 1.302061157850743
1116 0.3085163561773986 1.303483646036601
1117 0.3089083600285192 1.304904964531519
1118 0.3093029403518079 1.306333404407288
1119 0.3096960623056551 1.307757550145888
1120 0.3100838535971795 1.30916670429751
1121 0.3104697196889878 1.310572026048877
1122 0.3108550005387838 1.311975576136957
1123 0.3112382150976729 1.31337969903561
1124 0.3116163213734248 1.314767044064278
1125 0.311994175948421 1.316154231349987
1126 0.3123702946178818 1.317535963319602
1127 0.3127445457191634 1.318913910770741
1128 0.3131243990742648 1.320315153745993
1129 0.3134909408827001 1.321667524971624
1130 0.3138654458244085 1.323053680571177
1131 0.3142342089146984 1.324419893229179
1132 0.3145935394736141 1.325753545266137
1133 0.3149623055922418 1.327128023246853
1134 0.3153256582095717 1.328483218170194
1135 0.3156783040942038 1.329805116734714
1136 0.3160376937596819 1.331150204155277
1137 0.3163987769386436 1.332498195151363
1138 0.3167517711886582 1.333842626772904
1139 0.3171045619132899 1.335173872124692
1140 0.3174528786955297 1.336491025266952
1141 0.3178033419163792 1.33781400383173
1142 0.3181522882112005 1.339135606696976
1143 0.318501295242385 1.340460560570504
1144 0.3188472048849377 1.341778043904779
1145 0.3191900390130216 1.343088723787866
1146 0.3195292342991378 1.344390878954067
1147 0.3198674410651422 1.345691580617649
1148 0.3202033392301091 1.346987266897454
1149 0.3205377535589265 1.348280601228978
1150 0.3208694073334418 1.349568054331649
1151 0.3211986478442261 1.350850208598223
1152 0.3215256059328378 1.352127193859632
1153 0.3218515249489729 1.353405532457525
1154 0.3221745780952956 1.354676311558259
1155 0.322489251841208 1.355919573413657
1156 0.3228131234913387 1.357204021519332
1157 0.3231306044333596 1.358465126782042
1158 0.3234393095767364 1.359696824517519
1159 0.3237563448367403 1.360967129172473
1160 0.3240671564280163 1.362214938091194
1161 0.324369160557383 1.363433516653448
1162 0.3246789896850926 1.364689363776555
1163 0.3249842485325151 1.365927635121938
1164 0.3252851487209847 1.367155719210515
1165 0.3255825777626633 1.368375495157589
1166 0.3258783543486606 1.369592185038332
1167 0.3261711779219199 1.370803419667373
1168 0.3264616226702776 1.372011367565136
1169 0.3267470072576623 1.373205932145514
1170 0.3270313467475976 1.374399900203951
1171 0.3273126766238091 1.375592944857016
1172 0.3276011740899845 1.376809235123196
1173 0.3278771196864119 1.377981695149058
1174 0.328139100850627 1.379126600012104
1175 0.3284176098382017 1.380323474740607
1176 0.3286852098753559 1.381481203641207
1177 0.3289528105717491 1.382646453473023
1178 0.3292241811150083 1.383831241604784
1179 0.3294834912989321 1.384973916186898
1180 0.3297420256455485 1.386121815747577
1181 0.3300038780179738 1.387288136440212
1182 0.3302548385801485 1.388416262759469
1183 0.330504457216126 1.389548414735022
1184 0.3307526750604448 1.39068413169291
1185 0.3310045442747433 1.391828366707834
1186 0.3312378646147289 1.392920259004155
1187 0.3314734774754148 1.394028755365591
1188 0.3317118176864871 1.395140172701729
1189 0.3319395555020671 1.396224827708264
1190 0.3321640990116336 1.397308369807769
1191 0.3323991625704589 1.398435198452117
1192 0.3326174975673469 1.399502811230666
1193 0.332827328627866 1.400552396901143
1194 0.3330417918052449 1.401623508693124
1195 0.3332501561132236 1.40267962728312
1196 0.3334284115244021 1.403657251484876
1197 0.3336401236741456 1.40473068223345
1198 0.3338418995605205 1.405779976048376
1199 0.3340383221036246 1.406816231169637
1200 0.3342321834860966 1.407849555049831
1201 0.3344193780882855 1.408872717214041
1202 0.3346080487387392 1.40990208103438
1203 0.3347844038441122 1.410891540626146
1204 0.334957326258242 1.411880147401344
1205 0.3351317944138619 1.41288416533011
1206 0.3352942855550973 1.413848695438075
1207 0.3354536844193349 1.414813002187812
1208 0.3356102017293832 1.41577563966017
1209 0.3357634232698054 1.416727016583659
1210 0.3359109571558862 1.417675356944163
1211 0.3360534887286955 1.418612620219285
1212 0.3362047613200991 1.419579775067954
1213 0.3363375664628154 1.420496077611586
1214 0.3364641883424579 1.421401735576524
1215 0.336584379209764 1.422294276875652
1216 0.3367010371405687 1.423182779072779
1217 0.3368122443299399 1.424059076746631
1218 0.3369187231246198 1.424928048019928
1219 0.3370196649467738 1.425786032365568
1220 0.3371162865188371 1.426636888892013
1221 0.3372071529316568 1.42747653186193
1222 0.3372925402866216 1.428307183998608
1223 0.3373897984622934 1.429167190366579
1224 0.3374657335870366 1.429982849900327
1225 0.3375328867787938 1.430778179356449
1226 0.3375948800444945 1.431563894444699
1227 0.3376509394083719 1.432337613377997
1228 0.3377029151419124 1.433106020656378
1229 0.3377505911994865 1.433865730583761
1230 0.3377902876856123 1.434609100676429
1231 0.3378190932038794 1.435323728684088
1232 0.3378466032690363 1.436043056558628
1233 0.3378694970203132 1.43675414545693
1234 0.3378869360962162 1.437456145673531
1235 0.3379002045577639 1.438151852699539
1236 0.3379074746085136 1.438834306298211
1237 0.337904713035092 1.439495101895847
1238 0.3378973190142861 1.440148376789335
1239 0.3378843225123105 1.440789682408007
1240 0.3378747540422672 1.441446581761858
1241 0.3378499795132931 1.442064852022178
1242 0.3378159677944317 1.442663073925268
1243 0.3377781332316771 1.44324615936735
1244 0.3377345863652489 1.443827638134854
1245 0.3376856843147463 1.444398121816862
1246 0.3376314277622557 1.444960017014851
1247 0.3375577891705374 1.445475445300712
1248 0.3374916924126566 1.446010988509951
1249 0.3374252853694162 1.446546947256364
1250 0.3373461856109725 1.447056810462514
1251 0.3372647241820989 1.447561711008129
1252 0.3371770881081963 1.448065067777745
1253 0.3370902412448291 1.448555502380907
1254 0.3369923717570367 1.44902545773425
1255 0.3368863500626986 1.44948070593108
1256 0.3367772977438901 1.44992811607948
1257 0.33666312459217 1.450367290603662
1258 0.3365445069616282 1.450794779009599
1259 0.3364206874577436 1.451213494916517
1260 0.3362956884171792 1.451628422338513
1261 0.3361630089472846 1.452028958498548
1262 0.3360255664826346 1.452416376653725
1263 0.3358832004277643 1.452794999624059
1264 0.3357371042013236 1.453163706331335
1265 0.3355865672340515 1.453524234248486
1266 0.3354327086460037 1.453875721310243
1267 0.3352746995511446 1.454219735016851
1268 0.3351129542385533 1.454552675955075
1269 0.3349342172809119 1.454843379650235
1270 0.3347754947113579 1.455178710245519
1271 0.3346074578207992 1.455503574669377
1272 0.3344363922251646 1.4558185112087
1273 0.3342525937919866 1.456103116151778
1274 0.334075994775489 1.456402777325371
1275 0.3338976816603161 1.456701036061072
1276 0.3337139813164556 1.456983606542664
1277 0.3335293695978592 1.457275365356981
1278 0.3333471964739115 1.457549254818783
1279 0.3331602954520188 1.457823991075644
1280 0.3329747824603884 1.458109150491408
1281 0.332790574857 1.458378208640323
1282 0.3326053265987222 1.458654053809002
1283 0.3324158139817079 1.458922647042816
1284 0.3322237886621733 1.459181454654033
1285 0.3320305035457253 1.459436949185691
1286 0.3318376221233402 1.459701548531772
1287 0.3316483647360599 1.459961210336254
1288 0.3314585679874889 1.460217578961303
1289 0.3312684783929605 1.460473795781964
1290 0.3310791376133607 1.46073097466261
1291 0.3308905853479056 1.460988500146399
1292 0.3307050191970231 1.461250479717852
1293 0.3305194310815848 1.461512601606635
1294 0.3303324339021568 1.461768856062362
1295 0.33015030563386 1.462034440393009
1296 0.3299708768454129 1.462304479212258
1297 0.3297962259306604 1.462573160460327
1298 0.3296179832788681 1.462858177141928
1299 0.3294462206054199 1.46314469660302
1300 0.3292801067550314 1.463426411482613
1301 0.3291071209734935 1.46371337206841
1302 0.3289446954237976 1.464010994971795
1303 0.3287884507722994 1.464310191836312
1304 0.3286310714314866 1.464629603872772
1305 0.3284798449287583 1.464948361624624
1306 0.3283334860170853 1.465264436806896
1307 0.3281876180663877 1.465602947188761
1308 0.3280477964446305 1.465941240699938
1309 0.3279126852848177 1.466276921582386
1310 0.3277869727392317 1.466658765171278
1311 0.3276611507837619 1.467019050955842
1312 0.3275378910214122 1.467376168419532
1313 0.3274158533712548 1.46775699181807
1314 0.3273044250774332 1.468137637517626
1315 0.3271932268912663 1.468537617119851
1316 0.3270905936644498 1.468933046573561
1317 0.3269898716392693 1.469340526328334
1318 0.3268938360355523 1.469758008594708
1319 0.3268031016205881 1.470185279469504
1320 0.3267177248566512 1.470622336922669
1321 0.3266371465410483 1.471068268104022
1322 0.3265617238787812 1.471524043130478
1323 0.3264925333408836 1.471990640953345
1324 0.3264401333747617 1.472495858095225
1325 0.3263824690014123 1.472986640547506
1326 0.3263275661234395 1.473480941754813
1327 0.326277237274786 1.473983418083593
1328 0.326231921632194 1.474495133195358
1329 0.3261846488167016 1.475000452942924
1330 0.3261564138331912 1.475544516231755
1331 0.3261223936509888 1.476076682557688
1332 0.3261042648795884 1.476644359187315
1333 0.3260854235516106 1.477208336122687
1334 0.3260665191265473 1.477767816444935
1335 0.3260584199782163 1.47835127305654
1336 0.3260495773494501 1.478930238118888
1337 0.3260565900839794 1.479550845731308
1338 0.3260585093212092 1.480145039428915
1339 0.3260728352747695 1.480778506453794
1340 0.3260843431850635 1.481391298180606
1341 0.3261079736735275 1.482043978841179
1342 0.3261308012722428 1.482684495331406
1343 0.3261597926572219 1.483340515157972
1344 0.3261917329366726 1.483999857104147
1345 0.3262270806973631 1.484665344254924
1346 0.3262659651436887 1.485337697867554
1347 0.3263088160527506 1.486017379744755
1348 0.3263577255014338 1.486706520478896
1349 0.3264057080799802 1.4873982950476
1350 0.3264562586859481 1.488094058879778
1351 0.3265097098512344 1.488794990542144
1352 0.3265687824342409 1.489506658063422
1353 0.3266238199399366 1.490214742994511
1354 0.3266857033998174 1.490929176550641
1355 0.3267507167765191 1.49165070580938
1356 0.326817898388871 1.492377173844576
1357 0.3268877362706371 1.49310948153909
1358 0.3269597444499405 1.493846122757296
1359 0.327033621404499 1.494586296777145
1360 0.3270996955904463 1.495305488700745
1361 0.3271812690595491 1.496074396920845
1362 0.3272670218866135 1.496828679632158
1363 0.3273508522456131 1.497596833346527
1364 0.3274329978243103 1.49835139611744
1365 0.3275124536869954 1.499088060177029
1366 0.327598917324785 1.499861853117247
1367 0.3276842657516922 1.500622666931846
1368 0.32776922385026 1.501379634148134
1369 0.3278553007581448 1.502139946921165
1370 0.3279408138929193 1.502891913651083
1371 0.32803140395685 1.503673707701927
1372 0.3281209086366996 1.504443354623691
1373 0.3282031867362604 1.505183875385552
1374 0.3282854497165228 1.505936977351748
1375 0.3283665311940254 1.506680808658217
1376 0.3284625800220728 1.507473142060992
1377 0.3285513422345959 1.508236380073342
1378 0.3286444131256878 1.508995543665234
1379 0.3287337365811132 1.509765272050885
1380 0.3288198643922909 1.510524597389168
1381 0.3289061515833155 1.51128434650369
1382 0.32899156137609 1.512040859582493
1383 0.3290738867162181 1.51278987571851
1384 0.3291562385514682 1.513537349512908
1385 0.3292450744649947 1.514311359158742
1386 0.3293301052310236 1.515060127281506
1387 0.3294111012366557 1.515806189706018
1388 0.3294887997196237 1.516543306440983
1389 0.329562111627827 1.517266738239309
1390 0.3296405969566263 1.518014240910242
1391 0.3297260856099716 1.518764900494741
1392 0.3297973936170424 1.519485979746839
1393 0.3298663103494093 1.520202729990943
1394 0.3299367031855578 1.520922216874411
1395 0.3300029134602018 1.521633966321311
1396 0.3300675663511253 1.522341669700333
1397 0.3301307504727797 1.523044897853681
1398 0.3301898880374873 1.523738361173376
1399 0.3302502759544615 1.524433743861298
1400 0.3303099223887382 1.525128861899542
1401 0.3303680826813709 1.525820189805933
1402 0.3304245234429348 1.526508562988093
1403 0.3304782910174048 1.527189942998706
1404 0.3305312773429077 1.527869789547091
1405 0.3305822621813054 1.528543801850192
1406 0.3306315182605827 1.529214399302488
1407 0.330678768561417 1.529879483164286
1408 0.3307241501153433 1.530540839557184
1409 0.3307674615013749 1.531196480890183
1410 0.3308088645735948 1.531848226820223
1411 0.3308481813132844 1.532494208456087
1412 0.3308856000991373 1.533136321829778
1413 0.3309209877897505 1.53377272393321
1414 0.330955046880325 1.534406634297398
1415 0.3309867821820875 1.535034094229337
1416 0.3310105355930151 1.535640265016484
1417 0.3310420782513838 1.536270074996901
1418 0.3310689712019895 1.536886029827598
1419 0.3310949896207813 1.53749809913092
1420 0.3311178163143101 1.538104314436715
1421 0.3311383937710421 1.538704130153095
1422 0.3311572178376874 1.539300186525844
1423 0.3311742666294202 1.53989071480614
1424 0.3311820415234902 1.540457585545884
1425 0.3311931284677844 1.54102729474252
1426 0.3312065065979616 1.541608381147457
1427 0.331220086924212 1.54219489101158
1428 0.3312328321332638 1.542769783954029
1429 0.3312443002572288 1.543345732629118
1430 0.331254162586438 1.543920677187161
1431 0.3312647727061749 1.544488489769004
1432 0.3312737739554504 1.54505538871743
1433 0.3312802699097935 1.545619375908929
1434 0.3312809045943519 1.546164601505521
1435 0.3312883600276608 1.546726682065307
1436 0.3312938096062078 1.547281398965044
1437 0.3313001761839128 1.547838548112188
1438 0.3313052736958599 1.548393335147197
1439 0.3313087039031226 1.548940125862447
1440 0.3313088010347386 1.549476049351437
1441 0.331314768637459 1.550038956999601
1442 0.3313143490017854 1.550570565935273
1443 0.3313184409222122 1.551122552404428
1444 0.3313185108135225 1.551658090323762
1445 0.3313185501008465 1.552193802930114
1446 0.3313163920151283 1.552722821162643
1447 0.3313131080900537 1.55324877148762
1448 0.3313130464132221 1.553775309060598
1449 0.3313150426457081 1.554321502162177
1450 0.3313122540772737 1.554845981406594
1451 0.3313043969446395 1.555355067256779
1452 0.3313036233617919 1.555884974198277
1453 0.3313001261564967 1.556404816632063
1454 0.3312926898546317 1.5569145027608
1455 0.3312922989608582 1.557440571523681
1456 0.3312883821476927 1.557956897370317
1457 0.3312812552869051 1.558465228992151
1458 0.3312771950121601 1.558973439203372
1459 0.3312805925039152 1.559513381783258
1460 0.3312751257201483 1.560018202334014
1461 0.3312780501211037 1.560550665162853
1462 0.331272579552884 1.56105308630016
1463 0.3312752351705737 1.561582414875625
1464 0.3312746829311833 1.56209791939253
1465 0.3312686496525068 1.562597229508818
1466 0.331272322319189 1.563124492572888
1467 0.3312673999545282 1.56362389230391
1468 0.3312710668736958 1.564149652011642
1469 0.3312683786161509 1.564652740017855
1470 0.3312741098869739 1.565182497755072
1471 0.3312759388604614 1.56569653886712
1472 0.3312721321303492 1.56619442442287
1473 0.3312773128346989 1.566716252479929
1474 0.3312764344470284 1.567219218258363
1475 0.3312834531759655 1.5677448968884
1476 0.3312876830553481 1.568259455008732
1477 0.3312896486180876 1.568766146283318
1478 0.3312962950257662 1.569286552141088
1479 0.3312987410761087 1.569793153662606
1480 0.3313121325257764 1.570336503895451
1481 0.3313196131488476 1.570853108756926
1482 0.3313248326576597 1.571361303795709
1483 0.3313258776615398 1.571854736831748
1484 0.3313355263454966 1.572377937763745
1485 0.3313442964508588 1.572894242313639
1486 0.3313483620829421 1.573392348841642
1487 0.3313590880013174 1.573912831855236
1488 0.3313690723168986 1.574428334495583
1489 0.3313771961341486 1.574938591877091
1490 0.3313906654852877 1.575462469409753
1491 0.3314005430992679 1.575973651466852
1492 0.3314154123669315 1.57649978489105
1493 0.3314302698921032 1.577030160467282
1494 0.3314418368336484 1.577525238885654
1495 0.3314522795353056 1.578039536175716
1496 0.3314692867471019 1.578574315071018
1497 0.3314871612705477 1.579098666374414
1498 0.3315050503598798 1.579632507844571
1499 0.3315185128623975 1.580131540419415
1500 0.331533308645722 1.580644231103993
1501 0.3315507034571818 1.581163589809522
1502 0.3315687018543324 1.581691121170092
1503 0.331585164883389 1.582201793832944
1504 0.331603272327172 1.582719505825919
1505 0.3316199857325492 1.583220025923363
1506 0.3316380557665193 1.583747383423315
1507 0.331657482324682 1.584265093064988
1508 0.3316719255886668 1.584767455477519
1509 0.3316914666551536 1.585282803146645
1510 0.3317130377232002 1.585801861780536
1511 0.3317348603168319 1.586321691353815
1512 0.3317593144728362 1.586851661451561
1513 0.3317799736140589 1.587360808275385
1514 0.3318032871756371 1.587877856165885
1515 0.3318264149496258 1.588397914659053
1516 0.3318499348344642 1.588908238602148
1517 0.3318740020512602 1.589439449886063
1518 0.331895791356491 1.589941358151258
1519 0.3319218782568946 1.590474581457237
1520 0.3319462807344987 1.590981915831596
1521 0.3319724325886315 1.591512212255906
1522 0.3319973547903749 1.592018136796484
1523 0.3320235327752561 1.592545939410269
1524 0.3320499489842085 1.593063502188527
1525 0.332074848360372 1.593564243504475
1526 0.3320998756402537 1.594085107865483
1527 0.3321226221082108 1.594574253658197
1528 0.3321506724455897 1.595103489487077
1529 0.3321754291327014 1.59559721058925
1530 0.3322059450127509 1.59613748011525
1531 0.3322317279769963 1.596631145110513
1532 0.3322620635932356 1.59716488342024
1533 0.3322878535076741 1.597656093837172
1534 0.3323190465755569 1.59819145688335
1535 0.3323453717246321 1.598681971272697
1536 0.3323777847664771 1.599215413575984
1537 0.3324059973357045 1.59972478893084
1538 0.3324351333324877 1.600232971547727
1539 0.3324640942190324 1.600739365334305
1540 0.332492691897242 1.601243859462238
1541 0.3325210866990935 1.601747104775664
1542 0.3325494858937932 1.602249815511524
1543 0.3325761043632522 1.602729945143848
1544 0.3326105788046063 1.603273796852324
1545 0.3326360916070952 1.603747090144773
1546 0.3326633385555546 1.604243229022358
1547 0.3326920601979431 1.604745851359118
1548 0.3327217555728113 1.605249639014229
1549 0.3327520292730086 1.605753176548398
1550 0.3327825761878855 1.606255737360692
1551 0.3328132150890257 1.606757046806415
1552 0.3328492284970573 1.607291104251362
1553 0.3328777098903861 1.607763279160299
1554 0.3329102439782923 1.608279971899267
1555 0.3329394786444989 1.608766418049318
1556 0.3329662884750796 1.609237148640125
1557 0.3329944174284862 1.609724199288865
1558 0.3330311572069892 1.610262918674122
1559 0.33305826843554 1.610724320113346
1560 0.3330854807597531 1.611198601732694
1561 0.3331173434634248 1.611709576388947
1562 0.3331486613076109 1.612201130959666
1563 0.3331822024730347 1.612703236161342
1564 0.3332086511199555 1.613158334214157
1565 0.3332378855506987 1.613644090206848
1566 0.3332705160225241 1.614149470400054
1567 0.3332997248374178 1.614619367526203
1568 0.3333332806311423 1.61512167955695
1569 0.3333627230682938 1.615589812969571
1570 0.3333899489530459 1.616057512869698
1571 0.3334284498442959 1.61655678576758
1572 0.333460069291075 1.617059633720257
1573 0.3334875581421953 1.617515489245148
1574 0.3335153587086646 1.617983681058475
1575 0.3335460577688944 1.618479589798415
1576 0.3335739339408958 1.618932648712817
1577 0.3336046666051816 1.61942200886436
1578 0.3336322428485813 1.619871955222469
1579 0.3336627485868688 1.620359395119578
1580 0.3336893702695041 1.620805046541208
1581 0.3337219252176684 1.621299327604505
1582 0.3337488336761534 1.621738825296994
1583 0.3337794734444728 1.622211285394731
1584 0.3338066837040293 1.622665661562097
1585 0.3338380583201695 1.623157450140298
1586 0.3338657631027215 1.623595242685369
1587 0.3338955058627392 1.624060386326015
1588 0.333922632113599 1.624510185312755
1589 0.3339538466622348 1.624996668935743
1590 0.33398135566579 1.625429794864216
1591 0.3340108486541956 1.625889903427286
1592 0.3340395861928875 1.626356422328416
1593 0.3340687019669242 1.626810764200962
1594 0.334097793407012 1.62726130658378
1595 0.3341260554925696 1.627698811739937
1596 0.3341537361104344 1.628155585105035
1597 0.33418187911071 1.62860445535734
1598 0.3342098163154759 1.629039068217847
1599 0.3342373641086986 1.629492648158564
1600 0.3342653810722522 1.62993811436157
1601 0.3342925335909837 1.630388917618946
1602 0.3343209324698123 1.630811893266063
1603 0.3343461718820909 1.631249535711697
1604 0.3343709007353796 1.63168376738138
1605 0.3344019959416223 1.632136852353678
1606 0.3344292800893718 1.632554895966846
1607 0.3344572107799355 1.632997742027505
1608 0.3344812660618914 1.63342721274804
1609 0.3345098192886826 1.633868767604138
1610 0.3345355578358686 1.634284636393101
1611 0.334560500573338 1.634711503151533
1612 0.3345862152090352 1.635126803689873
1613 0.3346164984947132 1.635576438366155
1614 0.3346446808885416 1.636006833533503
1615 0.3346720559457852 1.636431635229798
1616 0.3346987958470746 1.636853736811325
1617 0.3347250723215673 1.6372738670125
1618 0.3347509060361747 1.637692094211568
1619 0.3347738933029741 1.638089150603983
1620 0.3347979885097521 1.63850112676654
1621 0.3348228701250696 1.638916649253838
1622 0.3348472330798051 1.639340032234782
1623 0.3348778477250985 1.639763906908785
1624 0.3349001669284263 1.640164912326978
1625 0.3349239559159689 1.640558242555601
1626 0.3349482618244276 1.640963307815918
1627 0.3349804117977369 1.641404266886015
1628 0.3350024411892361 1.641798361841373
1629 0.3350321509979226 1.642209543968393
1630 0.3350525437218072 1.642601533997415
1631 0.335082250398664 1.643019272102257
1632 0.3351023885747417 1.643403179384366
1633 0.3351251054282665 1.643784188324946
1634 0.3351543943078499 1.644207415972716
1635 0.3351741544541413 1.644587812814502
1636 0.3352017407871165 1.644985807454889
1637 0.3352212290111999 1.645366552860719
1638 0.3352477961281848 1.645754218877436
1639 0.3352677243780729 1.646142486668984
1640 0.3352944555374191 1.646528192971887
1641 0.3353143308121622 1.646913627439198
1642 0.3353410448698099 1.64729614629236
1643 0.3353608283448344 1.64767813615601
1644 0.335387400057826 1.648057710608647
1645 0.3354070361545459 1.648436550718342
1646 0.3354322092224191 1.648810381612035
1647 0.3354512363519495 1.649184773119875
1648 0.3354736907992269 1.649547745825539
1649 0.3355010731059599 1.649931877902605
1650 0.3355204920177072 1.650295552586286
1651 0.3355468897768592 1.650682790000657
1652 0.3355656939431153 1.651034229923205
1653 0.3355920130729705 1.651417189514079
1654 0.3356101318986557 1.651763956040495
1655 0.3356371566220946 1.652151642842669
1656 0.3356607754120714 1.652516291325032
1657 0.335682946662242 1.652874332287403
1658 0.3357043681795485 1.653229300031538
1659 0.3357255930884933 1.653584503998164
1660 0.3357466274608191 1.653936408525708
1661 0.3357678757511252 1.654287662602563
1662 0.3357882402338618 1.654635471469862
1663 0.3358082531234975 1.654981125019695
1664 0.3358290541231204 1.655327988193684
1665 0.335849806744051 1.655673390711427
1666 0.3358705524349851 1.65601736894648
1667 0.3358913281346407 1.656360127488609
1668 0.3359109044069118 1.656698925690961
1669 0.3359314805454739 1.657038273806945
1670 0.3359520866459892 1.657376048790632
1671 0.3359727949548414 1.657712668310062
1672 0.3359945551370696 1.658050586982768
1673 0.336015460815242 1.658385586448328
1674 0.3360355300396591 1.65871635788596
1675 0.3360555524423893 1.659045529873504
1676 0.3360754458134491 1.659372763045725
1677 0.3360953704904382 1.659698725547434
1678 0.3361151883431439 1.660022840785711
1679 0.3361350473601571 1.660345709768505
1680 0.3361547872055209 1.660666680154963
1681 0.3361745528160915 1.660986349379201
1682 0.3361941692162019 1.661304034281903
1683 0.3362138126874025 1.661620420653104
1684 0.3362333852445021 1.661935244318635
1685 0.336252839658006 1.662248020354165
1686 0.3362694163767105 1.662550699030979
1687 0.3362883737870568 1.6628590655792
1688 0.3363078396795092 1.663167044607392
1689 0.3363273678207614 1.663473902282562
1690 0.3363466233896347 1.663778386707538
1691 0.3363659067371215 1.664081663818215
1692 0.3363848723257486 1.664382208217548
1693 0.3364037586765655 1.664681028135407
1694 0.3364223757501475 1.664977429371009
1695 0.3364409867511026 1.665272318974491
1696 0.336459375726114 1.665564907005806
1697 0.3364786170455232 1.665857837261137
1698 0.3364968127194096 1.666146416114227
1699 0.336514879853904 1.666433591406898
1700 0.3365327773994598 1.66671858614381
1701 0.3365503299147547 1.667001073864865
1702 0.3365682813516711 1.667283139814877
1703 0.3365860278046955 1.667562896808471
1704 0.3366035496866123 1.667840160531477
1705 0.3366210503360635 1.668115773592043
1706 0.3366384317407221 1.66838929067224
1707 0.3366554941394186 1.668660406116011
1708 0.3366728924975537 1.668930825428335
1709 0.3366902587150333 1.669199394736088
1710 0.3367074988654921 1.66946587196276
1711 0.3367246624548071 1.669730487060208
1712 0.3367416984980716 1.66999302001531
1713 0.3367586580928933 1.670253676206736
1714 0.3367754966461172 1.670512246389797
1715 0.3367927516266092 1.670770478500701
1716 0.3368094091520518 1.67102511304453
1717 0.3368259622899115 1.671277756275661
1718 0.3368424129134514 1.671528321318997
1719 0.3368579376603786 1.671772209282384
1720 0.3368738327703092 1.672018069617728
1721 0.3368899434899091 1.67226331085541
1722 0.3369059982687606 1.67250628550097
1723 0.3369222817072514 1.672748153499367
1724 0.3369383721015843 1.672987378680426
1725 0.3369544634921888 1.673225013862784
1726 0.3369699048364783 1.673458849137882
1727 0.3369857814480692 1.67369213084653
1728 0.3370015087910771 1.673922831435826
1729 0.3370172951453166 1.674152159387148
1730 0.3370327683642408 1.674378514127877
1731 0.3370483787720379 1.674603700180995
1732 0.3370636521803441 1.674826755183313
1733 0.3370783347524776 1.675041657444437
1734 0.3370941167340097 1.675265435917151
1735 0.3371095129807307 1.675483065406064
1736 0.3371239460677344 1.675691835775665
1737 0.3371385851767353 1.675902833712144
1738 0.3371532824176487 1.676113202412816
1739 0.3371680628173977 1.676321886650571
1740 0.3371828739609986 1.676528499766033
1741 0.3371976407313211 1.676731666770713
1742 0.3372125431573175 1.676934524077037
1743 0.3372270443916737 1.677135141164229
1744 0.3372415054301752 1.677332263038291
1745 0.3372558793599947 1.677527448855473
1746 0.3372701824600903 1.677720664303184
1747 0.3372843829666551 1.677911714701528
1748 0.3372984709538532 1.678100517105005
1749 0.3373124342212335 1.678287007606619
1750 0.3373262775740609 1.678471184501686
1751 0.3373410190030157 1.678655112469753
1752 0.3373546953827902 1.678835620199669
1753 0.3373680840756867 1.679012760921031
1754 0.3373818415363565 1.679188623835269
1755 0.3373949203544152 1.679360547390251
1756 0.3374078096508754 1.679530009919671
1757 0.3374206072400915 1.679697367012688
1758 0.3374333390341688 1.679862325583482
1759 0.3374459985852625 1.680024689643434
1760 0.3374578824935838 1.680179756908571
1761 0.3374698495435297 1.680338304691492
1762 0.3374827480244716 1.680500562954363
1763 0.3374948930384126 1.680650446290738
1764 0.3375070002380084 1.680801196395166
1765 0.3375192643665229 1.680951417360283
1766 0.3375314983977392 1.681099042485053
1767 0.3375438014186087 1.6812449943773
1768 0.33755732775484 1.681400462468881
1769 0.3375692297407242 1.681531623843189
1770 0.3375808281473957 1.68166678622344
1771 0.3375920679501059 1.681801282637074
1772 0.3376033364207207 1.681934424980179
1773 0.3376158370101221 1.682076567118836
1774 0.3376273068233334 1.682196609497342
1775 0.3376372413598696 1.682322348587724
1776 0.3376474280025337 1.682443456392321
1777 0.3376582505242821 1.682563223874106
1778 0.3376693249501857 1.682681443834922
1779 0.3376796674810073 1.682795948516678
1780 0.3376906687632792 1.68291283145536
1781 0.337700808011395 1.683019311316854
1782 0.3377115205082355 1.683128331003427
1783 0.3377223885335649 1.683238716039873
1784 0.3377316501368607 1.683336784387119
1785 0.3377411885133443 1.683436619262542
1786 0.3377512127938483 1.683536936471852
1787 0.3377613745951025 1.683634455383146
1788 0.3377718283776651 1.683730233681918
1789 0.3377811319021519 1.683818349855992
1790 0.3377901018974924 1.683907158404571
1791 0.3378000843652836 1.683995106818321
1792 0.3378094355909312 1.684079546611734
1793 0.3378178393172199 1.684155624536209
1794 0.3378266894172401 1.684238264385244
1795 0.3378351707885053 1.684310871287603
1796 0.3378445268698589 1.68438997904192
1797 0.3378532797894022 1.684458687273374
1798 0.3378626694930132 1.684533276513337
1799 0.3378713445946431 1.68459762019791
1800 0.3378795545060335 1.684659492864858
1801 0.3378868607062951 1.684719785728926
1802 0.3378946721282775 1.684778616405077
1803 0.3379027273075901 1.684835763141643
1804 0.3379108772095134 1.684890283292921
1805 0.337918911619125 1.684942103090485
1806 0.3379268053127712 1.684991251201769
1807 0.3379348502683005 1.685038942084478
1808 0.337942458427522 1.685082882928119
1809 0.3379498269365395 1.685123909910693
1810 0.3379570085102359 1.685162218746342
1811 0.3379620732826479 1.685193492998198
1812 0.3379663008165449 1.685220495650912
1813 0.3379731948714438 1.685250482753479
1814 0.3379804965053246 1.685279466327514
1815 0.3379866817406413 1.685302768462198
1816 0.3379935572684271 1.685326702759534
1817 0.3380003958873112 1.685348595585349
1818 0.3380070874758509 1.685367895713294
1819 0.338013392694926 1.685384070682278
1820 0.3380195266894124 1.68539742782504
1821 0.3380264094214786 1.685410139266931
1822 0.3380313603764142 1.685416502772263
1823 0.338034507911679 1.685415601676168
1824 0.3380411558209077 1.685421006641539
1825 0.3380470090801676 1.685421904832374
1826 0.338052521705917 1.685419898137208
1827 0.3380603133716262 1.685421795014757
1828 0.3380627460067846 1.685407906786476
1829 0.3380676845059759 1.685398126344575
1830 0.3380752453964675 1.68539281620922
1831 0.3380769731005681 1.685369892924948
1832 0.3380809608294243 1.685350349645868
1833 0.338088053917394 1.685337131064936
1834 0.3380892073232256 1.685305753152495
1835 0.3380926745787989 1.685278115236977
1836 0.3380993587885763 1.685257312356019
1837 0.3380999682922717 1.685217637266955
1838 0.3381029344694204 1.685182005097331
1839 0.3381094755584849 1.685154235459325
1840 0.3381090522632862 1.685104403697862
1841 0.3381115632804517 1.68506117993992
1842 0.338114422098675 1.685016623870246
1843 0.3381207568902511 1.684980213541985
1844 0.3381199745798826 1.684920667440804
1845 0.3381219654626553 1.684867061812495
1846 0.3381242626577394 1.68481213756907
1847 0.3381264660539681 1.684754806697773
1848 0.3381323262533271 1.684706223445035
1849 0.3381306653466924 1.684633227158159
1850 0.3381317193745443 1.684566344080901
1851 0.3381371132493477 1.684509885928485
1852 0.3381354331205731 1.684430256858532
1853 0.3381359530409506 1.684355131496823
1854 0.3381367648990427 1.684278767025182
1855 0.3381375185618178 1.684200139522191
1856 0.3381381517218947 1.684119077127094
1857 0.338138644636131 1.68403547150236
1858 0.3381389956774077 1.683949341085383
1859 0.3381391988207372 1.683860662785968
1860 0.3381390976402863 1.683769333504576
1861 0.3381390115368069 1.683675533640445
1862 0.3381387929971693 1.683579199385771
1863 0.3381384157382868 1.683480306266805
1864 0.3381378750419897 1.683378867708398
1865 0.3381368437094775 1.683273761452859
1866 0.3381357973102585 1.683166681855439
1867 0.3381347000371616 1.683057446332503
1868 0.338133506647474 1.682945938410387
1869 0.3381321781127397 1.682832028637269
1870 0.3381306931298316 1.682715672917144
1871 0.3381290735150265 1.682596573957642
1872 0.3381272265798331 1.682475208249719
1873 0.3381251989210473 1.682351295509216
1874 0.3381229932982071 1.682224850955774
1875 0.338120638674212 1.682095963425424
1876 0.3381175657148213 1.681964090977514
1877 0.3381146610260579 1.681829421383952
1878 0.3381117428096487 1.681692713585546
1879 0.3381086756005369 1.681553647626264
1880 0.3381054326108247 1.681412176639478
1881 0.338102001821337 1.681268190666825
1882 0.3380983814426565 1.681121724919699
1883 0.3380945637089458 1.680972732731311
1884 0.3380905548422131 1.680821276083068
1885 0.3380863538989365 1.680667332891843
1886 0.3380820474713885 1.680511399010144
1887 0.3380775428210347 1.680352757041716
1888 0.3380728161070966 1.680191570149835
1889 0.3380686239782505 1.680029041858089
1890 0.3380636406359082 1.679863522145987
1891 0.3380582509080672 1.679694965070941
1892 0.3380526186735585 1.679523783513664
1893 0.3380467814270275 1.679350131985704
1894 0.3380407519479224 1.679174059840794
1895 0.3380349843110639 1.67899691964341
1896 0.3380286800005485 1.678816451354123
1897 0.3380220405891105 1.678633215589964
1898 0.3380151516730043 1.678447442781139
1899 0.3380080733201998 1.678259325376359
1900 0.3380018154319211 1.678070869374729
1901 0.3379945304959682 1.677878781437034
1902 0.3379867445631062 1.677683574831959
1903 0.3379786842316589 1.677485742832747
1904 0.3379703697689596 1.677285326342125
1905 0.3379618921116579 1.67708274426598
1906 0.3379533074630167 1.676878113202446
1907 0.3379445913707686 1.676671407870231
1908 0.337936424032561 1.676463932562469
1909 0.3379275679349393 1.676253278278355
1910 0.3379183577636332 1.676040096061436
1911 0.3379089285142974 1.67582466784819
1912 0.3378993055972657 1.675607030424968
1913 0.3378894927494387 1.675387186969397
1914 0.3378822496346091 1.675173201022256
1915 0.3378726648676422 1.674950322697552
1916 0.3378589550195722 1.674715636264633
1917 0.3378514528550704 1.674501002903811
1918 0.3378398440645204 1.674264124176701
1919 0.3378284879194248 1.674029106862743
1920 0.3378170046281703 1.673792581040142
1921 0.3378053416974889 1.673554105561909
1922 0.3377934817688508 1.673313697841649
1923 0.3377814601947843 1.673071287593894
1924 0.3377692938888883 1.6728270354942
1925 0.3377569935572649 1.672580852094187
1926 0.3377434486801069 1.672329676968245
1927 0.3377307091871395 1.672079014050079
1928 0.3377165705323255 1.671824599826984
1929 0.3377017470921327 1.671558996985056
1930 0.3376894823226195 1.671305328758489
1931 0.3376766869653963 1.671045189611734
1932 0.3376643675868383 1.670793726440324
1933 0.3376509842366554 1.670530009280222
1934 0.3376376003681129 1.67026795067628
1935 0.3376239354929806 1.670004520459483
1936 0.3376099258246988 1.669738449604099
1937 0.3375961030897736 1.669471611187646
1938 0.3375853443196913 1.669211909417218
1939 0.3375666040156145 1.66892739196029
1940 0.3375505342775874 1.6686494997076
1941 0.3375394295500989 1.668384687850329
1942 0.3375210461182609 1.668096183258457
1943 0.3375043485354636 1.667812597037464
1944 0.3374910055131746 1.667537656981782
1945 0.3374716860129318 1.667241932843253
1946 0.3374576683927545 1.666961898422489
1947 0.3374398218295032 1.666674664603879
1948 0.3374234911476781 1.66638011353947
1949 0.3374045668667657 1.666085854755927
1950 0.3373880421267343 1.665788223442003
1951 0.337368505679539 1.665490036363906
1952 0.3373517686129917 1.665189348146671
1953 0.3373339631588623 1.664890632773967
1954 0.3373130949816922 1.664582545399991
1955 0.3372962629729929 1.664280304225525
1956 0.3372781499781872 1.663976858868536
1957 0.3372564468763229 1.663660925360553
1958 0.3372394535876488 1.663356543472973
1959 0.3372168539143274 1.663030267031593
1960 0.3371996551314267 1.662728957332457
1961 0.3371773532559481 1.662402813929614
1962 0.3371607064290408 1.662100010740225
1963 0.3371381725943158 1.661772099527175
1964 0.3371208660456683 1.661464038668424
1965 0.3371012486836817 1.661146400973895
1966 0.3370805737340331 1.660823571102001
1967 0.3370554645020613 1.660480952114823
1968 0.3370371617893168 1.660167009594568
1969 0.337016654725176 1.659842710020596
1970 0.3369951002477972 1.659513086721796
1971 0.3369730768105012 1.659180777500146
1972 0.3369527437458275 1.658849136621824
1973 0.3369238479865432 1.658484709782176
1974 0.3369059150467989 1.658173697859955
1975 0.3368796695585065 1.657821177177261
1976 0.3368611278383945 1.65750081127878
1977 0.3368392744236682 1.657163914884589
1978 0.3368106166359495 1.6567981512586
1979 0.3367909451373816 1.656471087525149
1980 0.3367650318770277 1.656119845513131
1981 0.3367442156007689 1.655781814346561
1982 0.3367183149870415 1.655426680874923
1983 0.3366958508008245 1.655081750132392
1984 0.3366715346473944 1.654730504414132
1985 0.3366408212950637 1.654350704838109
1986 0.3366200583603816 1.654016429936288
1987 0.3365967736947305 1.653668326526088
1988 0.3365698753793009 1.653297692596866
1989 0.3365460618042139 1.652952183956907
1990 0.336521310777775 1.65259619748228
1991 0.3364935468931526 1.652219964994153
1992 0.3364695168005204 1.651871528807461
1993 0.3364440004220571 1.651510351659572
1994 0.3364176004036116 1.651143925306749
1995 0.3363906833957141 1.650775068628687
1996 0.3363634968643166 1.650404953152185
1997 0.3363361824720902 1.650034023903804
1998 0.3363088041240108 1.649662409924457
1999 0.3362813841718272 1.649290118871768
2000 0.3362539375233093 1.648917098597035
2001 0.3362263690733174 1.648543028306525
2002 0.3361986579567101 1.648167805365479
2003 0.3361700423359096 1.647792673463667
2004 0.3361418927792989 1.64741440484338
2005 0.3361142592880159 1.647036542456926
2006 0.3360833347599582 1.646639240785845
2007 0.3360566091078043 1.646273915937062
2008 0.3360266630756495 1.645879877985866
2009 0.3359995594062044 1.645509100573318
2010 0.3359716139227413 1.645128859019762
2011 0.3359429812909358 1.644744189227192
2012 0.3359138593835065 1.644357243692406
2013 0.3358843838597101 1.643968850685982
2014 0.3358547418435411 1.643579624538073
2015 0.3358249364635161 1.643189460984667
2016 0.3357925451889792 1.642781721493692
2017 0.3357645460216028 1.642406719438993
2018 0.335732704684696 1.642000875131729
2019 0.3357036565553104 1.6416197577403
2020 0.3356717451877711 1.64121251268823
2021 0.3356430477403299 1.640831524810117
2022 0.3356108766289276 1.640422055250933
2023 0.335579269755514 1.64002120518141
2024 0.3355487560122546 1.639624565082136
2025 0.3355178143450298 1.639226799232284
2026 0.3354866104850409 1.638827341176485
2027 0.3354552329947626 1.638426667910021
2028 0.3354236547621141 1.638024698922605
2029 0.3353919016678785 1.637621640659389
2030 0.335360202255414 1.637218132538488
2031 0.3353279969285146 1.636812806129471
2032 0.335295703641887 1.636406282827396
2033 0.3352632562921658 1.63599892232076
2034 0.3352306263641495 1.635590449207081
2035 0.3351949884581359 1.63517518604381
2036 0.3351620978164004 1.634764364493388
2037 0.3351294959465812 1.634354061646106
2038 0.3350967545747684 1.633942909334665
2039 0.3350638520497448 1.633531104076727
2040 0.3350307586281079 1.633118252128776
2041 0.3349975086947719 1.632704716417235
2042 0.3349640709470053 1.632290106943392
2043 0.334930476935491 1.631874810272167
2044 0.3348966919958949 1.631458428072954
2045 0.3348627466467127 1.631041323113757
2046 0.3348286362402909 1.630623211641693
2047 0.3347943929676931 1.630204483503715
2048 0.3347600112136665 1.629784860449816
2049 0.3347179404124864 1.629344029534216
2050 0.3346892252076342 1.628940159103398
2051 0.3346556984088099 1.628528111921055
2052 0.3346130218689165 1.628066249361372
2053 0.334585452214477 1.627673553547099
2054 0.3345502494332005 1.627247659441826
2055 0.334515093753817 1.626823342213552
2056 0.3344782804946132 1.626385772467797
2057 0.3344482257315697 1.625985201441953
2058 0.3344065718600914 1.625534893096786
2059 0.3343765005168813 1.625131931872422
2060 0.3343346666880388 1.624680262470545
2061 0.3343042326939199 1.624275041887758
2062 0.3342621200814852 1.623821946791176
2063 0.334230377836464 1.623412924236689
2064 0.3341935013233999 1.62297852121367
2065 0.334152242472843 1.622527611569717
2066 0.334120417966579 1.622118168348207
2067 0.3340788961271471 1.621663522123415
2068 0.3340469068265038 1.621252732178537
2069 0.334008283414826 1.620807970422378
2070 0.3339723216727358 1.620381358649888
2071 0.3339351364211599 1.619945882947562
2072 0.3338976553380376 1.619509528113915
2073 0.333860074677123 1.619072909196662
2074 0.3338247339223217 1.618651918006705
2075 0.3337807889945014 1.618181420429185
2076 0.333747522866872 1.617763695360745
2077 0.3337079490298405 1.617319053282303
2078 0.3336715643974451 1.61689454001835
2079 0.3336323188864275 1.616442337581625
2080 0.3335953134615061 1.616013827325125
2081 0.3335556006161366 1.615559728638142
2082 0.3335149229675052 1.615115219967221
2083 0.3334762009280784 1.614673689584048
2084 0.3334379927163696 1.61423258980084
2085 0.3333997545548365 1.61379121730908
2086 0.3333612189812287 1.613348942504309
2087 0.3333240929177817 1.612914318386963
2088 0.3332835652883135 1.612463610499735
2089 0.3332442229283141 1.612018486346426
2090 0.3332041507593829 1.611571035289505
2091 0.3331650341250758 1.611126218500199
2092 0.3331260273455517 1.610681873548057
2093 0.3330890179577956 1.610246794612064
2094 0.3330479429434703 1.60979352312501
2095 0.3330090000942175 1.609347944959539
2096 0.3329690799263177 1.608900047569965
2097 0.3329307508643418 1.608460595528777
2098 0.3328891144434701 1.608004588600921
2099 0.3328485119733102 1.607554327286124
2100 0.3328097443035613 1.607113195573797
2101 0.3327676441409605 1.606655225226251
2102 0.3327265808205118 1.606203431960878
2103 0.3326874441037665 1.605760953401951
2104 0.3326449309757349 1.605301398229802
2105 0.3326035398958923 1.604848292456424
2106 0.3325645477852621 1.604405570447864
2107 0.3325217264274791 1.603944954971498
2108 0.3324820245018081 1.603500183053776
2109 0.3324407326576975 1.603046797998442
2110 0.3323989606634681 1.602591479789544
2111 0.3323570490389433 1.602136089720525
2112 0.3323160365887112 1.601683146782998
2113 0.3322739488526567 1.601227309500356
2114 0.3322316960452238 1.600770916079741
2115 0.332189378434827 1.600314231962676
2116 0.3321456725476283 1.599853276061484
2117 0.3321074638459171 1.599406092468315
2118 0.3320654058146039 1.598949878112967
2119 0.3320226605269181 1.59849234968959
2120 0.3319796320954153 1.598033755328046
2121 0.3319365606654535 1.597575084062984
2122 0.3318933470924843 1.597115686025709
2123 0.331850135900038 1.596656361538785
2124 0.3318081829436297 1.596199903185023
2125 0.3317649092703633 1.595740120294927
2126 0.3317213175635235 1.595279221615884
2127 0.3316772538806714 1.594816742208363
2128 0.3316335501331562 1.594355302261161
2129 0.331590007842424 1.593894490654084
2130 0.3315463854958632 1.593433134098761
2131 0.3314995414933786 1.592952520279201
2132 0.3314581722002299 1.592508768196331
2133 0.3314122478265482 1.592031886623311
2134 0.3313712623194967 1.591588522725754
2135 0.3313254299163014 1.591110927099805
2136 0.3312843272648537 1.590666644787361
2137 0.3312381836126903 1.590187607244083
2138 0.3311968537471424 1.589742529340254
2139 0.3311505727951665 1.589263078169772
2140 0.3311091693915628 1.588817546427328
2141 0.3310624950483775 1.588336637012314
2142 0.3310206874558869 1.58788990529448
2143 0.330973845537507 1.587408551219696
2144 0.3309285126950109 1.586941973505821
2145 0.3308836857888904 1.586477161685518
2146 0.3308393794380228 1.586013714843255
2147 0.3307949445242321 1.585549935110067
2148 0.330750473139665 1.585085884012942
2149 0.3307037954717611 1.584608907393705
2150 0.3306605050167878 1.584155074472675
2151 0.3306165329470639 1.583693535195923
2152 0.3305718198980777 1.583227360115226
2153 0.3305267421560077 1.582760093377702
2154 0.3304813747320912 1.582292314061073
2155 0.3304338960770791 1.581812320238708
2156 0.3303899349826259 1.581356287453576
2157 0.3303452494818913 1.580892234950157
2158 0.330299897986446 1.580423988348689
2159 0.3302542221235827 1.579954793986007
2160 0.3302084150480453 1.579485583608278
2161 0.3301625625153811 1.579016498883506
2162 0.3301177147261408 1.57855102582335
2163 0.3300696104067747 1.578069106523842
2164 0.3300281526858351 1.577629300619896
2165 0.3299778451479671 1.577130390403709
2166 0.3299356210919753 1.576687432339924
2167 0.3298850406343835 1.576188460325588
2168 0.329842610061319 1.5757449059838
2169 0.3297945749048377 1.57526078451172
2170 0.3297475636510117 1.574788202381414
2171 0.3297006264637794 1.574316070464498
2172 0.3296538360580529 1.573844585566628
2173 0.3296050460657928 1.573368981363213
2174 0.3295581776809194 1.572897115962517
2175 0.3295128157699173 1.572428962265893
2176 0.3294666017456557 1.571958864913869
2177 0.3294199556768132 1.571487701561276
2178 0.3293719920856649 1.571013293190569
2179 0.3293250903545796 1.570541256494965
2180 0.3292782090727228 1.570069297548747
2181 0.3292312326846512 1.569597127707306
2182 0.3291832627962695 1.569122221654036
2183 0.3291359173013856 1.568648904859632
2184 0.3290889236811602 1.568176797336991
2185 0.3290418747250835 1.567704629668031
2186 0.3289947042551384 1.567232155411939
2187 0.3289474154264512 1.566759399269406
2188 0.328899761814528 1.566285624405817
2189 0.3288522673364018 1.565812266634147
2190 0.3288045844293294 1.56533850507226
2191 0.328756754685341 1.564864306495829
2192 0.3287087830495329 1.564389707775079
2193 0.3286606661682337 1.563914698890657
2194 0.3286124298719895 1.563439377413658
2195 0.3285641521714713 1.562964116073011
2196 0.3285157887786836 1.562488649616169
2197 0.3284673112169098 1.562012847126351
2198 0.3284187217816535 1.56153670875015
2199 0.3283700423436997 1.561060365665873
2200 0.3283212980270555 1.56058391069833
2201 0.3282724528218653 1.560107240120563
2202 0.3282235431424327 1.559630404911755
2203 0.3281725715130701 1.559140740568498
2204 0.3281240217085106 1.558673505131902
2205 0.3280736886265643 1.558191885044547
2206 0.3280256148646941 1.557715681019263
2207 0.3279769375129605 1.557240286891594
2208 0.3279277751968486 1.556762851943468
2209 0.3278786092202289 1.556286210016091
2210 0.3278292345894339 1.555808424170441
2211 0.3277799922511657 1.555331518440405
2212 0.3277304370467096 1.554853311559327
2213 0.3276809241054072 1.554375654431463
2214 0.3276311301877661 1.553896928096367
2215 0.3275813363877126 1.553418521123923
2216 0.3275312938685325 1.552939210631602
2217 0.3274815166411389 1.55246135996952
2218 0.327431315862421 1.551981680436302
2219 0.3273810229416741 1.551501989579672
2220 0.3273307810418393 1.551022475958596
2221 0.3272794234344036 1.550541334965216
2222 0.3272289046794312 1.550060632434192
2223 0.3271782982176724 1.549580055619096
2224 0.3271274516333636 1.549098988890989
2225 0.3270766191876889 1.548618227657134
2226 0.3270255053177206 1.548136660438745
2227 0.3269743345552228 1.547655082390855
2228 0.3269229685097002 1.547173007338862
2229 0.3268715691215971 1.546690964058037
2230 0.3268200186120297 1.546208529523165
2231 0.3267685127729603 1.545726268698191
2232 0.3267167889981872 1.545243561937788
2233 0.3266650711409103 1.544760936586974
2234 0.3266131099898898 1.544272689198889
2235 0.3265624043313032 1.543800264855843
2236 0.3265088671089494 1.543306713646569
2237 0.326456879663338 1.542831013319643
2238 0.3264033863371816 1.542337234918826
2239 0.3263522607477418 1.541863147900421
2240 0.3262993077917576 1.541370617777338
2241 0.3262481342885831 1.540896861199091
2242 0.3261941749291404 1.540402231313408
2243 0.3261426594651132 1.539927464210615
2244 0.3260884605713186 1.539432416933228
2245 0.3260367196150508 1.538957259027641
2246 0.325982229458079 1.538461539721326
2247 0.3259301769149274 1.537985591137916
2248 0.3258754712127426 1.53748962923621
2249 0.3258232230078103 1.537013390980611
2250 0.3257684127154868 1.536517341096387
2251 0.325713907367816 1.536028096751679
2252 0.3256617891630142 1.535553618934239
2253 0.3256073582350308 1.535059033717973
2254 0.3255526734103595 1.534569670863991
2255 0.3254981210113916 1.534081535924367
2256 0.3254438556734332 1.533594880358538
2257 0.3253895266342813 1.533107493936145
2258 0.3253352628777842 1.532620569200521
2259 0.3252808991699963 1.532132793285398
2260 0.3252262918669829 1.531644871839271
2261 0.3251715635240782 1.531156598447703
2262 0.3251167122130298 1.530668115801543
2263 0.325063835498594 1.530191915196492
2264 0.3250075009340314 1.529692338975546
2265 0.3249513497399817 1.529199294202002
2266 0.3248975217351984 1.528720800166496
2267 0.3248405404911581 1.528220231260318
2268 0.3247839462168732 1.5277268286517
2269 0.3247297376098435 1.527247754443045
2270 0.3246723972389913 1.526746648611363
2271 0.3246177092900053 1.526265906707054
2272 0.3245599025809879 1.525763462840776
2273 0.3245047786582605 1.525281329458235
2274 0.3244467173190041 1.524778604348869
2275 0.3243921277394606 1.524298258590864
2276 0.3243337453727704 1.523795115818512
2277 0.3242783533009096 1.523312970803705
2278 0.3242197943008291 1.522809467417948
2279 0.3241642566246751 1.522327211570691
2280 0.3241055714031982 1.521823690600505
2281 0.3240497585030573 1.521340796829768
2282 0.3239908557873414 1.520836802199228
2283 0.3239349186457882 1.52035382785573
2284 0.3238758717839729 1.519849792680706
2285 0.3238197660168538 1.519366631195294
2286 0.3237616299646411 1.518862701728175
2287 0.3237051301910301 1.518379186563771
2288 0.3236452098132511 1.517873961024022
2289 0.3235886608855369 1.517390165012119
2290 0.3235285701668133 1.516884226839596
2291 0.3234692949130703 1.516386430702076
2292 0.323410571077381 1.515890817390533
2293 0.3233520780457852 1.515396503116219
2294 0.3232936191567028 1.514902172684189
2295 0.323234645888912 1.514406604879615
2296 0.3231759720399531 1.513911724116815
2297 0.323117066404819 1.513416060597937
2298 0.3230581408023794 1.51292053630384
2299 0.3229988981870632 1.512424041329885
2300 0.3229395645247856 1.511927550568984
2301 0.3228799397510145 1.511430000895619
2302 0.3228205793379075 1.510933431426408
2303 0.3227608112829663 1.510435866424264
2304 0.3227010108817676 1.509938464062262
2305 0.3226396335298822 1.50943547241361
2306 0.3225822121983885 1.508951024546732
2307 0.3225206037988399 1.508442133576066
2308 0.3224621436610591 1.507954216566576
2309 0.3223998467140347 1.507443946670363
2310 0.3223410680364546 1.506955759677496
2311 0.3222784797956247 1.506445105747567
2312 0.3222193762785124 1.505956250914572
2313 0.3221565316126218 1.50544525596613
2314 0.3220973334459958 1.504956676726679
2315 0.3220342259186441 1.504445081758077
2316 0.3219760388100597 1.503961322964729
2317 0.3219128915814979 1.50344957187225
2318 0.3218503787622229 1.502945641083538
2319 0.321788094380716 1.502443259062331
2320 0.3217262423966271 1.501942733021842
2321 0.3216641554809627 1.501441029789356
2322 0.3216023174058127 1.500940337558252
2323 0.3215403012485943 1.500438860163093
2324 0.3214783111430861 1.499937832544768
2325 0.3214160898945569 1.49943597483839
2326 0.3213522674792879 1.498932593829769
2327 0.3212901022285818 1.498430263079974
2328 0.32122700381342 1.497928329077401
2329 0.3211647253563423 1.497425621055967
2330 0.3211023162688695 1.496923220779446
2331 0.3210394101306348 1.496419594821845
2332 0.3209765087335557 1.495916633435949
2333 0.3209133225667853 1.49541279264112
2334 0.320850125900746 1.494909467103579
2335 0.3207866769046749 1.494405267561465
2336 0.3207232296938439 1.493901576237224
2337 0.320659515636558 1.493396946161105
2338 0.3205958317226527 1.492892906171431
2339 0.3205319085053336 1.492388042486804
2340 0.3204680014852112 1.49188364192275
2341 0.3204038532476345 1.491378366057373
2342 0.3203396456577349 1.490873384438721
2343 0.3202752686574767 1.49036774306749
2344 0.3202111970599651 1.489863593567326
2345 0.32014659508012 1.489357608180051
2346 0.3200819598992136 1.488851987258858
2347 0.3200170636171557 1.48834544279417
2348 0.3199521657445634 1.487839372814721
2349 0.3198870064653903 1.487332386811816
2350 0.3198220141321631 1.486826427742193
2351 0.3197566119558147 1.486319081789023
2352 0.3196911905093408 1.485812152566588
2353 0.3196254919768222 1.485304246399655
2354 0.3195598178317851 1.484796914467641
2355 0.319493694893334 1.484287974041189
2356 0.3194278330473495 1.483780441228292
2357 0.3193619240906742 1.483272470848048
2358 0.3192958737461076 1.482764710620758
2359 0.3192296108875466 1.482256205504967
2360 0.3191633109690241 1.481748073673383
2361 0.3190967666990743 1.481239085720886
2362 0.3190302237018844 1.48073054781688
2363 0.3189611943262954 1.480213105259236
2364 0.3188939825023142 1.479703059109082
2365 0.3188272977680024 1.479194512883302
2366 0.3187606874026008 1.478686707871028
2367 0.3186937984842245 1.478177852402749
2368 0.3186268142067069 1.477669163874754
2369 0.3185594101762023 1.477159127186299
2370 0.3184920395562017 1.476649553315672
2371 0.3184243719211952 1.476138941344785
2372 0.3183566334609813 1.475628610263752
2373 0.3182886185835435 1.475117309989669
2374 0.3182205569745696 1.474606368891474
2375 0.3181534147224715 1.474098215583212
2376 0.3180850625621184 1.473586840093324
2377 0.3180162601702556 1.473073878548707
2378 0.3179474206932985 1.472561266463484
2379 0.3178783579985503 1.472048060719224
2380 0.3178093153889794 1.471535095865555
2381 0.3177400567278374 1.471021393345691
2382 0.3176708415980407 1.470508366234242
2383 0.3176014273293625 1.469994577574344
2384 0.3175320467803684 1.469481434340733
2385 0.3174624517051101 1.468967486133346
2386 0.3173917829681006 1.468450000951223
2387 0.317321829370562 1.467935738834256
2388 0.3172520653645479 1.467422301147772
2389 0.3171821297692537 1.466908270990028
2390 0.3171122164838164 1.466394625926386
2391 0.3170428602014442 1.465881469011459
2392 0.3169725454495104 1.465367482259023
2393 0.3169019505018204 1.464852465253454
2394 0.3168313433171545 1.464337584125756
2395 0.3167603723731897 1.463821753745256
2396 0.316689457552065 1.463306185795368
2397 0.3166183662246018 1.462790183596944
2398 0.3165471930011591 1.462274217014947
2399 0.3164758580164283 1.461757854161047
2400 0.3164043788661643 1.461241363253414
2401 0.3163327327666345 1.460724508571052
2402 0.3162609873380638 1.460207579278801
2403 0.3161890944364881 1.459690374910962
2404 0.3161170644803905 1.459172977829601
2405 0.3160449457208415 1.458655486979488
2406 0.3159728679898761 1.458138282243548
2407 0.3159000702999332 1.457618881786566
2408 0.3158300073005705 1.457113979328132
2409 0.3157558692350941 1.456584428390855
2410 0.315685165935196 1.45607760278275
2411 0.3156105138101101 1.455547382099042
2412 0.3155366334083175 1.455025500462665
2413 0.3154631388341481 1.454506020045303
2414 0.3153892934321339 1.453986353707472
2415 0.315315870076191 1.453466904372235
2416 0.3152423973715961 1.452947421755337
2417 0.3151689077840339 1.452427908683868
2418 0.315095266247287 1.451908194456221
2419 0.315021594178109 1.451388524243214
2420 0.3149477614083116 1.450868565255742
2421 0.314873880628113 1.450348642195963
2422 0.3147998082805644 1.44982832879519
2423 0.3147256525107769 1.449307986355411
2424 0.3146513001971198 1.448787233123487
2425 0.3145768577315257 1.448266436796773
2426 0.3145022402783348 1.447745282942859
2427 0.3144275352349645 1.447224073592063
2428 0.3143526708809907 1.446702537854581
2429 0.3142777204789559 1.446180942984064
2430 0.3142026363021607 1.445659101093764
2431 0.3141274627506134 1.445137183951807
2432 0.3140520902347907 1.44461512021476
2433 0.3139767326191189 1.444092872931965
2434 0.3139014111164516 1.443570979333579
2435 0.3138258079056717 1.443048481701647
2436 0.3137499134431779 1.442525268267775
2437 0.3136740215175833 1.442002258454198
2438 0.3135980722528993 1.44147926046658
2439 0.3135208694388958 1.440952867822653
2440 0.313446904171911 1.44044194042823
2441 0.3133693792565888 1.439907722774311
2442 0.3132948730866066 1.439395449430062
2443 0.3132168071639861 1.438860743559417
2444 0.3131395329921156 1.438334675447386
2445 0.3130623787197052 1.437809965193571
2446 0.3129854388004596 1.437286257713037
2447 0.3129083473757637 1.436761631000045
2448 0.3128312915226301 1.436237361265461
2449 0.3127540519894252 1.435712445573015
2450 0.3126768016467553 1.43518780044874
2451 0.3125993724096179 1.434662678238872
2452 0.3125219181730237 1.434137731160496
2453 0.3124455151262054 1.433615238167456
2454 0.3123677409725584 1.433090127197384
2455 0.312289670130704 1.432564006782812
2456 0.3122115843804237 1.432037905618283
2457 0.312132595078503 1.431509605511778
2458 0.3120544575603603 1.430983397620431
2459 0.3119762516571505 1.430457249864261
2460 0.3118980416015286 1.429931392668514
2461 0.3118196343413719 1.429405074439148
2462 0.3117411436858259 1.428878686154852
2463 0.3116624322351327 1.428351759620692
2464 0.3115838463574488 1.427825104352262
2465 0.3115050031290986 1.427298199507511
2466 0.3114255298399452 1.426769805631465
2467 0.3113465855824397 1.42624284754962
2468 0.311267619895387 1.425716070116764
2469 0.3111885324145054 1.425189115826706
2470 0.3111093223458845 1.42466198063305
2471 0.3110299911228537 1.424134706502603
2472 0.3109505799074767 1.423607356162365
2473 0.3108721918223654 1.423083245245194
2474 0.3107927080681257 1.422556599143778
2475 0.3107128781715559 1.422028439328359
2476 0.3106328954668184 1.421500013742321
2477 0.310552869043966 1.420971736918649
2478 0.3104726710592731 1.420443047542856
2479 0.3103900088178089 1.419901773974483
2480 0.3103111227770969 1.419383258196542
2481 0.3102312970438762 1.418856865490712
2482 0.3101486435191353 1.41831535536495
2483 0.3100725761532107 1.417801022826932
2484 0.3099925228353271 1.417275458795161
2485 0.3099088423381396 1.416732876736774
2486 0.30982935808228 1.416213063800284
2487 0.3097491639495943 1.415687033923622
2488 0.3096680440351867 1.415156554793028
2489 0.3095868625387603 1.414626747366698
2490 0.3095053429845156 1.414095770874258
2491 0.3094238538024472 1.413565502664722
2492 0.3093422134114908 1.413034737024905
2493 0.3092601632440589 1.41250404068902
2494 0.309178412326579 1.411973299276593
2495 0.3090965782523545 1.411442544086243
2496 0.3090148043056552 1.410912013573122
2497 0.3089278965937985 1.410361023855168
2498 0.3088500519657262 1.409848418318767
2499 0.3087697630958092 1.409324238947481
2500 0.3086882017642588 1.408794492088122
2501 0.3086063621114174 1.408264418346393
2502 0.3085243316872293 1.407733365565216
2503 0.3084420167011185 1.407202482439168
2504 0.3083595727642751 1.406671461555262
2505 0.3082768808272922 1.406139822436177
2506 0.3081940408685179 1.405607861675069
2507 0.3081109683598516 1.405075295739317
2508 0.308027940066571 1.404543177524218
2509 0.3079447449912443 1.404010645108251
2510 0.3078616329918195 1.403478675000898
2511 0.307778372573319 1.402946342711922
2512 0.3076951614515775 1.402414428289866
2513 0.3076118011670356 1.401882136772486
2514 0.3075284770476202 1.401350198142663
2515 0.3074450041178502 1.400817888207434
2516 0.3073615399670556 1.400285838015324
2517 0.3072779324576231 1.399753457224425
2518 0.3071943083633383 1.399221244986775
2519 0.3071108766259878 1.398690105561079
2520 0.3070271021611048 1.398157762696188
2521 0.3069430923780151 1.397624784532396
2522 0.3068578985681534 1.397089414589944
2523 0.3067750935096382 1.396559150133692
2524 0.3066901579345966 1.396024987067795
2525 0.3066068198564611 1.395493391285083
2526 0.3065226927654331 1.39496128221869
2527 0.3064367449518983 1.394421970869988
2528 0.3063536378024186 1.39389522338204
2529 0.306268373025402 1.393359065044266
2530 0.3061832398822151 1.392824816238596
2531 0.3060970808729922 1.392283803897852
2532 0.3060141808796224 1.39176116269611
2533 0.3059290476847568 1.391226147323187
2534 0.3058456672887363 1.390697518757961
2535 0.3057607681439933 1.390163825043738
2536 0.3056755491583346 1.389629487796779
2537 0.3055899706056355 1.389094229889136
2538 0.3055042659093174 1.388558837321448
2539 0.3054187499429226 1.388024413685891
2540 0.3053331395470767 1.38748991038835
2541 0.3052473520682659 1.386954962048074
2542 0.3051613029015979 1.386419136875722
2543 0.305075408544299 1.38588431565847
2544 0.3049896169480963 1.385349987651399
2545 0.3049037334013657 1.384815470092758
2546 0.3048178458731099 1.384281127187809
2547 0.3047310121442576 1.383745338706082
2548 0.3046461276220521 1.383212862212611
2549 0.3045593869670405 1.382677361588021
2550 0.3044707212545622 1.382133827299997
2551 0.3043854413730547 1.381603983869083
2552 0.3042982163743599 1.381065340605922
2553 0.3042121536719528 1.380531941938954
2554 0.304127584710783 1.380004630382185
2555 0.3040405766323439 1.379466893257217
2556 0.3039538632980672 1.378931106187838
2557 0.3038669523372197 1.378395178977429
2558 0.3037801153709292 1.377859672661129
2559 0.3036932354206623 1.377324315605187
2560 0.3036075406775922 1.376794236666732
2561 0.3035197779321271 1.376255519609631
2562 0.3034323299991439 1.375718636640642
2563 0.3033448967158811 1.37518221483043
2564 0.3032585441023512 1.374652944683444
2565 0.3031705887094545 1.374111156515297
2566 0.3030836717742342 1.373580392398631
2567 0.3029952858675611 1.373037948736456
2568 0.3029082033954493 1.372505123169636
2569 0.3028192702822103 1.371964625244716
2570 0.3027320196900459 1.371433721853604
2571 0.3026433575996149 1.370890848140796
2572 0.3025547755629314 1.370352510919448
2573 0.3024678956474298 1.369821558614815
2574 0.3023788378289093 1.369281257425393
2575 0.3022887735434067 1.368737653472184
2576 0.3022028552684805 1.368214160985908
2577 0.3021141478569808 1.367671777988071
2578 0.3020238005629342 1.367127236468945
2579 0.3019366743901312 1.366597543307522
2580 0.3018481584485916 1.366060696458553
2581 0.3017594120927848 1.365523310604448
2582 0.3016696100277937 1.364979921199677
2583 0.3015802058990308 1.36444177228607
2584 0.3014911047714411 1.363904892113045
2585 0.3014022394629991 1.363368536127047
2586 0.3013134168125913 1.362832264374613
2587 0.30122454793361 1.362295878057399
2588 0.3011355852434496 1.361759277240155
2589 0.3010465011964313 1.361222409760075
2590 0.300957281946595 1.360685252942963
2591 0.3008679322698327 1.360147838838472
2592 0.3007784820559845 1.359610273845036
2593 0.3006889153237244 1.359072506845983
2594 0.3005993082166022 1.35853481833458
2595 0.3005095479408881 1.357996793779911
2596 0.3004196815111185 1.357458603427551
2597 0.3003320186928483 1.356931644292211
2598 0.3002413738917255 1.356389818226545
2599 0.3001510413009694 1.355849445304526
2600 0.3000598418212543 1.355304421697289
2601 0.2999710750020307 1.354775204153716
2602 0.2998785532373903 1.354225460603621
2603 0.29978957085608 1.353695804831921
2604 0.2996989253765019 1.353156056277911
2605 0.299608177477923 1.352615868252973
2606 0.2995170682118055 1.352073773452456
2607 0.2994258953724325 1.351533630114109
2608 0.2993347401063093 1.350993554950621
2609 0.2992436309483004 1.350453757737111
2610 0.299152469604954 1.349913938176191
2611 0.2990613218633098 1.349374357036115
2612 0.2989699601669895 1.34883408356193
2613 0.2988786987537399 1.348294461827168
2614 0.2987876891653212 1.347755899758703
2615 0.2986963874912397 1.347216507877947
2616 0.298604981001963 1.346676894145015
2617 0.2985134665165725 1.346137093517078
2618 0.2984201195602918 1.345590009117219
2619 0.2983300147442646 1.345056987490181
2620 0.2982370515416112 1.344512073211368
2621 0.2981469877249864 1.343979289927579
2622 0.2980559308037704 1.343441726641018
2623 0.2979640425397455 1.342901331757141
2624 0.297869592793533 1.342349096181761
2625 0.2977791004654002 1.34181908777985
2626 0.297684805871993 1.341267845284492
2627 0.2975942721843229 1.340737618616008
2628 0.2975001070090068 1.340186997581376
2629 0.2974068965097441 1.339644663247419
2630 0.2973142752441583 1.339104177187694
2631 0.2972218349850178 1.338564217323934
2632 0.2971294506944764 1.338024422586662
2633 0.2970370436943713 1.337484617242104
2634 0.2969445801950565 1.336944720878424
2635 0.2968520342579504 1.336404663751494
2636 0.2967593944160771 1.335864422928567
2637 0.2966666468301193 1.335323964172185
2638 0.2965737776566116 1.334783249711599
2639 0.2964807985135679 1.33424232237327
2640 0.2963877011709061 1.333701188651286
2641 0.2962944912783883 1.333159854115847
2642 0.2962034703589985 1.332629471383268
2643 0.2961084235077653 1.332078031416416
2644 0.296014221115634 1.33153379032839
2645 0.2959225204593354 1.331002126250973
2646 0.2958251890953634 1.330445568838798
2647 0.295732814299043 1.329911802554819
2648 0.2956382637948576 1.329362220834023
2649 0.2955460058190152 1.328829416061533
2650 0.2954508659053226 1.32827865435415
2651 0.2953589230341984 1.32774684974291
2652 0.2952568693495233 1.327175954598821
2653 0.2951711143564556 1.326662925655229
2654 0.2950772558576856 1.326120695103599
2655 0.2949831564170066 1.32557815045539
2656 0.2948888403341799 1.32503521754181
2657 0.2947944129903856 1.324492244122796
2658 0.2946998969360086 1.323949255117007
2659 0.2946053048658883 1.323405956857597
2660 0.2945103872231841 1.322858565898888
2661 0.2944173312612317 1.322325980922471
2662 0.2943217974732805 1.32178010590046
2663 0.2942269815062689 1.321236359066505
2664 0.2941321396977991 1.320692825308394
2665 0.2940372788808545 1.320149619840675
2666 0.2939424256706378 1.319606730094188
2667 0.2938475740329926 1.319064054145599
2668 0.2937527004396395 1.318521463528938
2669 0.2936577685062117 1.317978825653304
2670 0.2935646779162852 1.317443023716641
2671 0.2934681510621032 1.316894927958343
2672 0.2933730234082178 1.316351487973698
2673 0.2932775343683902 1.315807578594078
2674 0.2931798278494887 1.315262895280855
2675 0.2930849451798035 1.314716543274411
2676 0.2929896370449201 1.314172799708791
2677 0.2928964205429462 1.313637800144653
2678 0.2927993535805661 1.313088835914718
2679 0.2927036539248272 1.312544921074638
2680 0.2926080955363908 1.312001654393171
2681 0.292514610296498 1.311466286246997
2682 0.292417200480119 1.310916532881436
2683 0.2923213001006584 1.310372673411276
2684 0.2922276796571934 1.309837319244453
2685 0.2921298741113176 1.309286507773389
2686 0.292033934978287 1.308739296857564
2687 0.2919392012442594 1.308205378959363
2688 0.2918417963171958 1.307653057053817
2689 0.2917470157375874 1.307118846423872
2690 0.2916495128997964 1.306565817049137
2691 0.2915546288971224 1.306031405924988
2692 0.291458333142509 1.305482224649758
2693 0.2913636136025105 1.304948561111392
2694 0.2912675750080003 1.304405789494019
2695 0.2911687433714308 1.303849047989124
2696 0.2910734835907685 1.303314204408176
2697 0.2909752148857034 1.302760567397801
2698 0.2908801093436202 1.30222619507436
2699 0.2907839537891735 1.301683625028676
2700 0.2906873361471987 1.301139106974518
2701 0.290587984483096 1.300584963327213
2702 0.2904909524643511 1.300040191952441
2703 0.2903964713950575 1.299505112111669
2704 0.2902969230811207 1.298951011978568
2705 0.2902002965525935 1.298408515191508
2706 0.2901036207578479 1.297862168573175
2707 0.2900063331137364 1.297318075941997
2708 0.2899091507103779 1.296774531526216
2709 0.2898120785654281 1.296231139395497
2710 0.2897150293569012 1.295687730431409
2711 0.2896194017352227 1.295152856969697
2712 0.2895214470496598 1.294601864694094
2713 0.2894236992156909 1.294056138062212
2714 0.2893277996946395 1.293521618005481
2715 0.289229005155539 1.292967616126842
2716 0.2891328982816148 1.292432021443029
2717 0.289035750971561 1.291888380169733
2718 0.2889370120263586 1.291335258010707
2719 0.2888405258927015 1.290799448218358
2720 0.2887430943477009 1.290255818624918
2721 0.288645041232277 1.289709453085795
2722 0.2885469548798322 1.289163615551144
2723 0.2884486271898677 1.288617135935876
2724 0.2883503498042147 1.288071226653186
2725 0.28825197921049 1.287525134568238
2726 0.2881536548640836 1.286979433866585
2727 0.2880530649843234 1.286424889325851
2728 0.2879536287705854 1.285875945484085
2729 0.2878556631508974 1.285332427269739
2730 0.2877597562811157 1.284796913191172
2731 0.2876592625122338 1.284240371008619
2732 0.2875615092513895 1.283698633965253
2733 0.2874633395937094 1.2831556180242
2734 0.287364996943602 1.28261151616779
2735 0.2872665730991311 1.282066987846644
2736 0.2871680893189377 1.281522284865996
2737 0.2870714889804125 1.280987795980306
2738 0.286970675644052 1.280430267023435
2739 0.2868743834655541 1.279897418099676
2740 0.2867747863012167 1.279348133035112
2741 0.286675895255605 1.278802041656398
2742 0.2865767592271894 1.278255427578911
2743 0.2864774813654918 1.27770873784361
2744 0.2863781358047551 1.277162124141638
2745 0.2862787516904841 1.276615598961954
2746 0.2861793354582514 1.276069129529504
2747 0.2860797363604286 1.275522375710646
2748 0.2859786349479001 1.274966909522427
2749 0.2858821912665319 1.274434265470199
2750 0.2857811090495806 1.273879532211907
2751 0.2856840900667955 1.273346793583512
2752 0.285582647995747 1.272790187001445
2753 0.2854823011467144 1.272242052278163
2754 0.2853822438360131 1.27169521703678
2755 0.2852823677832345 1.271148921701597
2756 0.2851848231097835 1.270613986867138
2757 0.2850825801063539 1.27005427753851
2758 0.2849829519353905 1.269509715014916
2759 0.2848829805744332 1.268963771028605
2760 0.2847851093525656 1.268428368050176
2761 0.2846846501181757 1.267874918037612
2762 0.284586203276214 1.267337952616204
2763 0.2844834464123522 1.266778171689616
2764 0.2843833220708741 1.266231452689668
2765 0.2842846914624268 1.265693489011607
2766 0.2841825231353857 1.265137327460849
2767 0.2840839926943529 1.264600211096671
2768 0.2839813475632796 1.264042197643059
2769 0.283882598857533 1.263504674228405
2770 0.2837810365730776 1.262950854242562
2771 0.2836828769096026 1.262415719279367
2772 0.2835811955209931 1.26186373737234
2773 0.2834804296886502 1.26131573342594
2774 0.2833775021937783 1.260758674461312
2775 0.2832763439233665 1.260211539293591
2776 0.2831750307557517 1.259663490902734
2777 0.2830742667676842 1.259117335436537
2778 0.2829732410770693 1.258569984368309
2779 0.2828725403569912 1.258023819246589
2780 0.2827715146145739 1.257476578277713
2781 0.2826705663661341 1.256929651035111
2782 0.2825693067518036 1.256381898710442
2783 0.2824682270504703 1.255834668829337
2784 0.2823670642418123 1.255287711876473
2785 0.2822658872623111 1.254740257872792
2786 0.2821645509492767 1.254192621010183
2787 0.282063176079684 1.253644903314279
2788 0.2819617054338943 1.253097135412067
2789 0.2818602003972726 1.252549266890123
2790 0.2817586027298841 1.252001353280793
2791 0.2816570047042519 1.251453536571558
2792 0.2815553007903875 1.250905500420238
2793 0.2814538684658096 1.250359035239573
2794 0.28135207275964 1.249810768372221
2795 0.281250158367404 1.249262172556271
2796 0.2811481521026952 1.248713604215962
2797 0.2810461027044702 1.248164918299487
2798 0.2809439961011687 1.247616326420176
2799 0.2808418591432487 1.247067629981699
2800 0.2807396750177112 1.246519046992725
2801 0.2806374645031102 1.245970362610121
2802 0.2805329413386279 1.245415268258431
2803 0.2804307378106967 1.244866965578142
2804 0.2803286693444845 1.244319083242773
2805 0.2802265684900944 1.243771042497206
2806 0.2801244527867531 1.243223183733797
2807 0.2800222782080143 1.24267513798372
2808 0.2799200624993539 1.242127214577671
2809 0.2798177748887812 1.241579062036894
2810 0.2797158123092828 1.241032024016038
2811 0.2796133907376891 1.240483725134573
2812 0.279510991722033 1.239935814032231
2813 0.2794083595326974 1.239387081980822
2814 0.2793055437646607 1.238837961108993
2815 0.2792027518618856 1.238288994042908
2816 0.2790999299356302 1.237740193717753
2817 0.2789971059686555 1.237191385909509
2818 0.2788941563633579 1.23664244858744
2819 0.27879112976755 1.236093215667106
2820 0.2786880702338144 1.235544124377903
2821 0.2785849431984304 1.234994791907323
2822 0.2784817920816702 1.234445638628478
2823 0.2783784384561154 1.23389589368256
2824 0.2782751906702222 1.233346615699775
2825 0.2781717579023042 1.23279670560439
2826 0.278068495465889 1.232247614668982
2827 0.2779651905595235 1.231698375395085
2828 0.2778618317085552 1.231149200343813
2829 0.277758422917236 1.230599861771798
2830 0.2776549636567537 1.230050596914438
2831 0.2775514587110688 1.229501177830926
2832 0.2774479019837663 1.228951824798212
2833 0.2773442994213439 1.228402315996298
2834 0.2772406415665255 1.227852864091163
2835 0.2771368620884587 1.227303041900867
2836 0.2770353002304285 1.226764188019617
2837 0.2769300495070112 1.226205321290677
2838 0.2768256124749406 1.225653610244348
2839 0.2767217632341411 1.225104579839201
2840 0.2766186580142884 1.224557027175294
2841 0.276514299833732 1.224006312504058
2842 0.2764101660563943 1.223456448402219
2843 0.2763058369055146 1.222906057811689
2844 0.2762016677369034 1.222356166648201
2845 0.2760973056152523 1.221805819024419
2846 0.2759930706870053 1.221255866167271
2847 0.2758886534343101 1.220705524655288
2848 0.2757843486001085 1.220155528290872
2849 0.2756798666843307 1.219605175627122
2850 0.2755754833277442 1.219055121210901
2851 0.2754709276543848 1.218504731881365
2852 0.2753653437650012 1.217951718135227
2853 0.2752607695676833 1.217401434226633
2854 0.2751556670909437 1.216848792837224
2855 0.2750511369856669 1.216299000165076
2856 0.274946652792951 1.215749268087714
2857 0.2748420945286095 1.215199482128743
2858 0.274737505311395 1.214649579939838
2859 0.2746340660291207 1.214104264493014
2860 0.2745293749749833 1.213553997670422
2861 0.2744243540880264 1.213003037506794
2862 0.2743192594189219 1.212451895200488
2863 0.2742142430398422 1.21190107730704
2864 0.2741090511211878 1.211349910696132
2865 0.2740037939863768 1.210798804145194
2866 0.2738985230385146 1.210247635387081
2867 0.2737932070508351 1.209696581254826
2868 0.273687881447878 1.209145462090711
2869 0.2735825045017479 1.208594421235918
2870 0.27347711480265 1.20804331133384
2871 0.2733716714359304 1.207492270558383
2872 0.2732662167181344 1.206941163446896
2873 0.2731607048423946 1.206390111667073
2874 0.2730536551289568 1.20583359424064
2875 0.2729502129622081 1.205292856048991
2876 0.2728434832158127 1.204734026256441
2877 0.2727396641470252 1.204191956832207
2878 0.2726346695304411 1.203642621904678
2879 0.2725290591495459 1.203090859244267
2880 0.2724229427216557 1.202537956791244
2881 0.2723173543251523 1.201988165679175
2882 0.2722088359822059 1.201424637907785
2883 0.2721043432715005 1.200882623503111
2884 0.2719988147649085 1.200332659791032
2885 0.2718926302119152 1.199779822699851
2886 0.2717843646157518 1.19922127231774
2887 0.27167807985899 1.198668412094013
2888 0.2715700310476439 1.1981067266567
2889 0.2714660109922364 1.197564864957725
2890 0.2713584820430663 1.197006520849005
2891 0.2712538651285097 1.196464038620508
2892 0.2711463145639313 1.195905410378234
2893 0.2710396907809906 1.195353237516012
2894 0.2709354219525381 1.194812117837762
2895 0.2708279926496993 1.194253644412873
2896 0.2707213733401647 1.193701480422323
2897 0.2706148258167901 1.193149879007631
2898 0.270508638147188 1.192599611169329
2899 0.2704022888109155 1.192048646792943
2900 0.2702960123268572 1.191497991283629
2901 0.2701895805332739 1.190946861266763
2902 0.270083133865005 1.190395759972464
2903 0.2699765533884725 1.189844338312036
2904 0.2698699415579328 1.189292877030597
2905 0.2697632239680357 1.18874122163097
2906 0.2696562147681421 1.188188934214844
2907 0.2695494115093215 1.187637177210781
2908 0.2694425832551139 1.18708536662167
2909 0.2693356947967116 1.186533534561017
2910 0.2692287617777598 1.185981588269963
2911 0.2691217777718916 1.185429659004398
2912 0.2690147480183209 1.184877606425643
2913 0.2689076863538957 1.184325625735224
2914 0.2688005931490126 1.183773552287908
2915 0.2686934782580473 1.183221584686027
2916 0.2685863524445786 1.182669585530822
2917 0.2684791824722144 1.182117620835235
2918 0.2683719917495507 1.181565600559204
2919 0.2682648066477216 1.181013657052517
2920 0.2681567338655992 1.180459639730899
2921 0.2680495311478689 1.179907793945109
2922 0.2679424035470235 1.179356237372253
2923 0.2678352562717865 1.178804867879657
2924 0.2677280623282776 1.178253359346582
2925 0.2676208228399881 1.177701922043819
2926 0.2675135238071342 1.177150295844223
2927 0.2674061752958254 1.176598724762328
2928 0.2672987699931075 1.176046967485196
2929 0.2671913157857346 1.175495263715796
2930 0.2670838053530303 1.174943374213313
2931 0.2669762536981737 1.174391561940482
2932 0.2668680012855484 1.173837257318206
2933 0.2667604071196681 1.173285510381318
2934 0.26665284916189 1.172733904484488
2935 0.2665452466748658 1.172182369654432
2936 0.2664375697313236 1.171630589670873
2937 0.2663298366265471 1.171078832236018
2938 0.2662220314098668 1.170526841572771
2939 0.2661141761638791 1.169974898052897
2940 0.2660064522974432 1.169423476456023
2941 0.2658984976894182 1.168871383005447
2942 0.2657905104947465 1.168319184329262
2943 0.2656824132389835 1.16776682452942
2944 0.2655743230751161 1.16721452405216
2945 0.265466424292168 1.166662485385775
2946 0.2653581633215109 1.166110120116988
2947 0.265249851052709 1.165557619907705
2948 0.2651415407579901 1.165005092571412
2949 0.2650332028506291 1.16445260589496
2950 0.2649250269464165 1.163900615506587
2951 0.2648166274959197 1.163348159692777
2952 0.2647082084769702 1.162795630831357
2953 0.2645997619036209 1.162243164199382
2954 0.2644912901593918 1.16169065319284
2955 0.2643827876338731 1.161138203506151
2956 0.2642742605123902 1.160585711508055
2957 0.2641657041788883 1.160033287056909
2958 0.264057142096633 1.159480994314267
2959 0.2639485422081231 1.158928607962104
2960 0.2638399251775827 1.158376190900543
2961 0.2637312565969207 1.157823771267313
2962 0.2636220372070741 1.157270615986016
2963 0.2635160498029702 1.156731447137019
2964 0.2634064603533813 1.156171260339776
2965 0.2632992838290551 1.155627032436511
2966 0.2631886815169548 1.155064276850374
2967 0.2630789077763153 1.154508948350003
2968 0.2629714797577015 1.153965097870078
2969 0.2628610081325418 1.153403601780485
2970 0.2627513850896003 1.1528492510981
2971 0.2626439106709416 1.15230546650602
2972 0.2625335004417659 1.151744559908885
2973 0.2624239077815358 1.151190652597442
2974 0.2623163762938564 1.150646931457339
2975 0.2622059603747356 1.15008635194443
2976 0.2620964983590353 1.14953319925361
2977 0.2619888217460085 1.148989268430858
2978 0.2618781585042009 1.148428318438532
2979 0.2617685030414033 1.147874790643566
2980 0.2616588070239199 1.14732105328337
2981 0.2615496291788736 1.146769695078449
2982 0.2614388662830549 1.14621234979759
2983 0.2613295601890004 1.145660506279444
2984 0.261220297454859 1.145108537563028
2985 0.2611111899591206 1.14455740133601
2986 0.2610019410398151 1.144005581732791
2987 0.2608927142313762 1.143454137486255
2988 0.2607833422671733 1.142902084904163
2989 0.2606739474197828 1.142350253301862
2990 0.2605643947783453 1.141797823945903
2991 0.2604548775466003 1.141245791994281
2992 0.260346200847063 1.140696855026609
2993 0.2602366281949999 1.140144821190039
2994 0.2601265945721171 1.139591076146275
2995 0.2600164490882059 1.139037170236029
2996 0.2599063055857381 1.138483486490694
2997 0.2597961990187875 1.137930084133834
2998 0.2596861333901095 1.137376933495703
2999 0.2595760975960594 1.13682398129876
3000 0.2594660697003812 1.13627114771897
3001 0.2593560320015016 1.13571837348561
3002 0.2592459803604578 1.135165646920943
3003 0.2591362896002337 1.134612788964249
3004 0.2590259686065506 1.134060063273753
3005 0.2589157342282276 1.133507373148004
3006 0.258805514387955 1.132954651937961
3007 0.2586952782448682 1.132401913793375
3008 0.2585850237258074 1.131849174163327
3009 0.2584747418526245 1.131296430551175
3010 0.2583644319153017 1.130743688155913
3011 0.2582542945008859 1.130191679038778
3012 0.2581450164285192 1.129641852772074
3013 0.2580349012559416 1.129090195040923
3014 0.25792340190534 1.128534121251214
3015 0.2578131060846839 1.12798219345336
3016 0.2577021975831299 1.12742769319832
3017 0.2575919951401022 1.126876104492912
3018 0.2574811627032886 1.126322320021948
3019 0.2573706330510981 1.125770072109959
3020 0.2572598544324526 1.125216681986716
3021 0.2571492840404614 1.124664416357096
3022 0.2570382975006376 1.124110832458282
3023 0.2569279878167016 1.123558981005991
3024 0.2568172321140123 1.123006168889785
3025 0.2567065348963019 1.122453867796172
3026 0.2565957554488829 1.121901099807153
3027 0.2564849982446142 1.121348729470886
3028 0.256374239065514 1.120796229437181
3029 0.2562634163586402 1.120243818796159
3030 0.2561525432231564 1.119691134659257
3031 0.2560402054185091 1.119134118458727
3032 0.255929652273874 1.118582538360275
3033 0.2558188507341555 1.118030513778969
3034 0.2557081185508319 1.117478671117447
3035 0.255597300535521 1.116926830671171
3036 0.2554864690986955 1.116374869874463
3037 0.2553755372829802 1.115822851309137
3038 0.2552646019868196 1.115270746017795
3039 0.2551535777544661 1.114718618127215
3040 0.2550425599917545 1.114166436886199
3041 0.2549314580578093 1.113614251775793
3042 0.2548203682751231 1.113062033832179
3043 0.2547091118094419 1.112509556927326
3044 0.2545979809272305 1.111957385515862
3045 0.2544866575300694 1.111404960185759
3046 0.2543758149827899 1.110853806767747
3047 0.2542645664736735 1.110301754791694
3048 0.2541535018951968 1.109749986613711
3049 0.2540421104209205 1.109197796582461
3050 0.2539305917064494 1.108645178224626
3051 0.2538191444903114 1.108092869725875
3052 0.2537076218260764 1.107540352811208
3053 0.2535961663735888 1.106988171687122
3054 0.2534846251115924 1.10643577026558
3055 0.2533731427689237 1.1058836898034
3056 0.2532609405124691 1.10533008285241
3057 0.2531495439206238 1.104778233162853
3058 0.253038044524562 1.10422618156237
3059 0.2529265671519447 1.103674394669343
3060 0.2528149815557536 1.103122355806791
3061 0.252703439824322 1.1025706106166
3062 0.2525913469930698 1.102017264274327
3063 0.2524797281748736 1.101465447104008
3064 0.2523681313821934 1.100913703288127
3065 0.2522565299516625 1.100362195934218
3066 0.2521448424466566 1.09981047679587
3067 0.2520331798313601 1.099258970231418
3068 0.2519214341852822 1.098707257825006
3069 0.2518097090170917 1.098155741198897
3070 0.2516978942616933 1.097603996504222
3071 0.2515861014016089 1.0970524557433
3072 0.251474237549567 1.096500690898531
3073 0.251362382918675 1.095949171190101
3074 0.2512504464487931 1.095397447706618
3075 0.2511385368651798 1.09484594178474
3076 0.2510265494877152 1.094294245442619
3077 0.250914590521797 1.09374277549578
3078 0.2508025539136636 1.093191119488012
3079 0.2506902874017418 1.092638584252019
3080 0.2505782072666767 1.092087089125972
3081 0.2504662047172522 1.091535915285873
3082 0.2503541371118134 1.090984570859042
3083 0.2502421050334413 1.090433461216822
3084 0.2501300627598932 1.089882181603613
3085 0.2500179615156509 1.089331080787656
3086 0.249905826858187 1.088779950760828
3087 0.249793710511506 1.08822899197412
3088 0.2496814606663564 1.087677621093633
3089 0.2495692973406788 1.087126695609957
3090 0.2494570110855035 1.08657538563425
3091 0.2493448161382234 1.086024539939013
3092 0.2492322715056862 1.085473079931461
3093 0.2491200823737109 1.084922215938209
3094 0.2490077798992558 1.084371137111865
3095 0.2488955457480879 1.083820527351452
3096 0.2487831742375226 1.0832695118184
3097 0.2486708744064431 1.082718921067593
3098 0.2485584459464136 1.082167938517449
3099 0.2484460958888937 1.081617393211251
3100 0.2483334328524027 1.08106601273221
3101 0.2482210750058465 1.080515583455907
3102 0.2481085888944495 1.079964776084047
3103 0.2479962017136388 1.079414491340717
3104 0.2478836677381827 1.078863752802301
3105 0.2477712357578327 1.078313529541245
3106 0.2476586622885358 1.077762861020267
3107 0.2475461929364175 1.077212711688355
3108 0.2474335828504909 1.076662121979751
3109 0.2473210752014121 1.076112053867166
3110 0.2472084335804833 1.075561554002399
3111 0.2470969942848806 1.075014456794565
3112 0.2469842402993939 1.07446348348759
3113 0.2468711906593611 1.073912766282367
3114 0.2467583103380189 1.073362013550193
3115 0.246645592659361 1.072811892260348
3116 0.2465327492346207 1.07226133996506
3117 0.2464203003984008 1.071712239014973
3118 0.2463074389032431 1.071161890664777
3119 0.2461946746477616 1.07061200371476
3120 0.246081779068751 1.070061658254627
3121 0.2459695691093458 1.069514360417193
3122 0.2458566908596433 1.068963984090747
3123 0.24574387091682 1.068414148389093
3124 0.2456309010959404 1.067863887113432
3125 0.2455180701863492 1.067314303526304
3126 0.2454051026615697 1.066764290757546
3127 0.2452922721198175 1.066214937467575
3128 0.2451787344660048 1.065663527145527
3129 0.2450659601046869 1.065114475114775
3130 0.2449531211494451 1.064565278603369
3131 0.2448403177260423 1.064016407707712
3132 0.2447274044311502 1.063467208250578
3133 0.244614567754621 1.06291844287214
3134 0.2445016018441566 1.062369293084749
3135 0.2443886996591672 1.061820533722347
3136 0.2442756714990064 1.061271396066501
3137 0.2441623923548294 1.06072107919155
3138 0.2440511908266981 1.0601812822666
3139 0.243936919205538 1.059624844793535
3140 0.2438234159080633 1.059074562766636
3141 0.2437118420420111 1.058533884418707
3142 0.2435974141274064 1.057977495516122
3143 0.2434858630494431 1.057437058081845
3144 0.2433711682353511 1.056879973195764
3145 0.2432581005920392 1.056332611954797
3146 0.2431446240220511 1.055783414757998
3147 0.2430312474520022 1.055234564182219
3148 0.242918004738978 1.054686184151989
3149 0.242803677548435 1.054133899935972
3150 0.2426905362518019 1.053586102762234
3151 0.2425774484219963 1.053038397602317
3152 0.2424644210244856 1.05249102511946
3153 0.2423512971635531 1.051943357556377
3154 0.2422382485811059 1.05139609872772
3155 0.242124995231718 1.050848250715294
3156 0.2420118863292709 1.050301010684594
3157 0.2418986256794021 1.049753259144593
3158 0.2417844196298853 1.049203695569192
3159 0.2416713195701644 1.048656051262448
3160 0.2415589555007022 1.048111440320785
3161 0.2414456624604163 1.0475639374999
3162 0.2413323148789304 1.047016473562636
3163 0.2412188429191457 1.046468648417002
3164 0.2411054335052168 1.045921221696472
3165 0.2409919260546071 1.045373517487978
3166 0.2408784861976156 1.044826224321982
3167 0.2407649483857464 1.04427865211748
3168 0.2406514762150905 1.043731481445947
3169 0.2405379075389953 1.043184034479802
3170 0.2404244054552034 1.042636989388675
3171 0.2403105326568987 1.042088451666286
3172 0.2401968497857279 1.041541226868075
3173 0.2400831893528443 1.040994009075433
3174 0.2399696343203622 1.040447295849398
3175 0.2398560289410157 1.039900387378054
3176 0.23974248709042 1.039353882600416
3177 0.2396279019083353 1.03880423227657
3178 0.2395143598974636 1.038258015781404
3179 0.2394009024044832 1.037711899924964
3180 0.239287431445169 1.037165970528083
3181 0.2391738882216517 1.036619839442981
3182 0.2390603507897007 1.036073920657945
3183 0.2389467301392138 1.035527772117253
3184 0.238833114543478 1.034981833366138
3185 0.2387194164223825 1.034435667314084
3186 0.2386057292687043 1.033889730942013
3187 0.2384936285447049 1.033352152316121
3188 0.2383788407918831 1.032798823444125
3189 0.238264647016888 1.032251270483334
3190 0.2381504468011676 1.031704200716043
3191 0.2380366072201922 1.031158727099018
3192 0.2379226811817619 1.030612765300949
3193 0.237808885212184 1.030067461731459
3194 0.2376949891540497 1.029521723917919
3195 0.2375811573548643 1.028976436671561
3196 0.2374681409738066 1.028437009911273
3197 0.2373532733441666 1.027884360538385
3198 0.2372406701105773 1.027346385503676
3199 0.2371255433825789 1.026793453008449
3200 0.2370126114891753 1.026254718559186
3201 0.2368973501548982 1.025701822105399
3202 0.2367845023782319 1.025163874468715
3203 0.2366692981834299 1.024611370602267
3204 0.2365563823931355 1.024073252403292
3205 0.2364411339530695 1.023520863238743
3206 0.2363282970086529 1.02298337784712
3207 0.2362131096902677 1.022431367332907
3208 0.2361002124470654 1.021893746564305
3209 0.2359849590613964 1.021341768222814
3210 0.2358704445874209 1.020796105507749
3211 0.2357578083834334 1.020259906110304
3212 0.2356450922252393 1.01971506947613
3213 0.2355305075339414 1.019169635087355
3214 0.2354158306568372 1.018624067501263
3215 0.2353022262734063 1.018081611245473
3216 0.2351879015900631 1.017537207112033
3217 0.2350736955228944 1.016993370988484
3218 0.2349593368819849 1.016448902145703
3219 0.2348450986309418 1.015905038503621
3220 0.2347307346499511 1.015360704405348
3221 0.2346164865402798 1.014816959002175
3222 0.2345021271586484 1.014272813340397
3223 0.2343878774025785 1.013729236521091
3224 0.2342735273848524 1.013185306096129
3225 0.2341586362695327 1.012641123562592
3226 0.234044380969739 1.012097469742971
3227 0.2339301437631538 1.011554105304054
3228 0.2338158506538213 1.011010569088182
3229 0.2337016194976834 1.010467453073955
3230 0.2335871745250127 1.009923724202739
3231 0.2334736668675896 1.009386051837814
3232 0.2333602450664481 1.008845041803317
3233 0.2332462301257253 1.008301946794578
3234 0.2331299819557709 1.007749005644674
3235 0.2330170139963941 1.007214507111089
3236 0.2329031194683204 1.00667328793561
3237 0.2327887767111677 1.006130129176112
3238 0.2326745463708625 1.005587871690888
3239 0.2325600177285176 1.005044701875434
3240 0.2324435517706579 1.004492379164746
3241 0.2323306225375154 1.003959163905487
3242 0.2322167443468363 1.00341878598687
3243 0.232102404619724 1.002876327141622
3244 0.2319859805168164 1.002324233718597
3245 0.2318729534447461 1.001790834044577
3246 0.2317590875582027 1.001250919230621
3247 0.2316448193039232 1.000709162791676
3248 0.231530403290543 1.000167190654818
3249 0.2314159571958724 0.9996254241702316
3250 0.2312995804411192 0.9990744671139732
3251 0.2311867754423143 0.9985426911779574
3252 0.231072958307935 0.9980035121577415
3253 0.2309586587390219 0.9974623865904385
3254 0.2308442310712232 0.9969209086151998
3255 0.2307277477652115 0.9963699481153103
3256 0.2306161091139317 0.9958420744569761
3257 0.2305021159363227 0.9953030649209001
3258 0.2303875834883342 0.994761609929904
3259 0.2302729132744963 0.9942199376592282
3260 0.2301582537863744 0.9936785997929481
3261 0.2300417518170382 0.9931286383082794
3262 0.229929003738782 0.9925980132010359
3263 0.2298151051534089 0.9920596773212201
3264 0.2297006886210794 0.9915190917480874
3265 0.229586815298903 0.9909777350209263
3266 0.2294720064123685 0.9904372352103679
3267 0.229354920848319 0.9898867076884942
3268 0.2292425127860949 0.9893577477071507
3269 0.2291286556859647 0.988820459789964
3270 0.229014352210793 0.9882811927933248
3271 0.2288998998103838 0.9877416840633031
3272 0.2287823997291284 0.9871918656726573
3273 0.2286699027199981 0.9866627830865446
3274 0.2285561768222847 0.986125917708555
3275 0.2284397809771906 0.9855767805147841
3276 0.2283269623445738 0.9850466322126501
3277 0.2282131535731919 0.9845097461948292
3278 0.2280989174187623 0.9839712765154031
3279 0.2279845757744373 0.983432610385541
3280 0.2278702214831586 0.9828941681304493
3281 0.227753852531953 0.9823463371264513
3282 0.2276413085887572 0.9818183080147332
3283 0.2275276408341586 0.9812827176546629
3284 0.2274134674711198 0.9807449288119395
3285 0.2272991256999667 0.9802069048415525
3286 0.2271847604856534 0.9796691301089269
3287 0.2270704246467641 0.9791316971626192
3288 0.2269561162961647 0.9785945208728347
3289 0.2268418189944741 0.9780575068317403
3290 0.2267254833248646 0.9775109191548969
3291 0.2266129040097517 0.9769837856735475
3292 0.2264992161677475 0.9764492012313613
3293 0.2263850252029169 0.9759124162399727
3294 0.2262706878873621 0.9753754376456106
3295 0.2261563399420105 0.9748387468290429
3296 0.2260420270408298 0.9743023974469763
3297 0.2259277491863457 0.9737663123049651
3298 0.2258135164584808 0.9732304810717484
3299 0.2256972022301437 0.9726849537147613
3300 0.2255847245994518 0.9721591678146223
3301 0.2254720310606277 0.9716280581499422
3302 0.2253570072517981 0.9710907518709443
3303 0.2252427475735742 0.9705547059178521
3304 0.2251284776661754 0.9700188599607036
3305 0.2250121273181576 0.9694735901092928
3306 0.2248989695584429 0.9689468650945089
3307 0.2247849969837285 0.968411729424574
3308 0.2246710588505162 0.9678773105301522
3309 0.2245569226706675 0.9673426741786898
3310 0.2244408213252939 0.9667990143973947
3311 0.2243288026678401 0.9662747784508231
3312 0.2242152480496513 0.9657430604138071
3313 0.2241012495579904 0.9652092110727312
3314 0.2239870894211923 0.9646750621490702
3315 0.2238728766270242 0.9641410507077479
3316 0.2237586614457888 0.963607252430166
3317 0.2236424235755835 0.9630642542127352
3318 0.2235298881871289 0.96253987673084
3319 0.2234159818161943 0.9620080741911555
3320 0.2233019903886041 0.9614747228249038
3321 0.2231878976290969 0.9609413334993027
3322 0.2230737483701539 0.9604081384560806
3323 0.2229595861597403 0.9598751578951743
3324 0.2228454220186864 0.9593423363697726
3325 0.2227315231249797 0.9588099816992546
3326 0.222617294625878 0.9582774188560608
3327 0.2225026854222145 0.9577439219234266
3328 0.2223884628496935 0.9572114131024618
3329 0.2222722709749362 0.9566697480545763
3330 0.2221601186023941 0.9561481232725698
3331 0.2220466272002345 0.9556183945378989
3332 0.221933251751221 0.9550883042676209
3333 0.2218194459351241 0.9545580020413903
3334 0.2217051964737254 0.9540256056812754
3335 0.2215886973226793 0.9534833284771137
3336 0.2214761061051219 0.9529607971429471
3337 0.2213624755576597 0.9524313492953467
3338 0.2212483922385973 0.9518997992886904
3339 0.2211340818725034 0.9513678922637834
3340 0.2210198341285227 0.9508363958970614
3341 0.220903534124924 0.9502955830571805
3342 0.2207913038329116 0.9497750824899297
3343 0.2206778504190956 0.9492470350967457
3344 0.2205638930725741 0.9487165340856044
3345 0.2204497503613577 0.9481857743440785
3346 0.2203357144298183 0.9476557795047342
3347 0.2202215280091868 0.9471255077317415
3348 0.2201073496449778 0.9465954431544589
3349 0.2199910256265577 0.9460555951791566
3350 0.2198787359913739 0.9455359574043648
3351 0.2197656317436974 0.9450116475538318
3352 0.2196518461520063 0.9444820667295983
3353 0.2195377103806688 0.9439519093654282
3354 0.2194234435908599 0.9434218874291449
3355 0.2193091568212908 0.9428921533928859
3356 0.2191962383721262 0.9423648675778448
3357 0.2190816628059134 0.9418354027094473
3358 0.218967161656843 0.9413061884064426
3359 0.2188527937517238 0.9407772694121387
3360 0.2187385134799879 0.9402485952853651
3361 0.2186242903931105 0.9397201408456783
3362 0.2185101128656544 0.9391919053373358
3363 0.2183959991160487 0.9386624973993064
3364 0.2182820701329355 0.9381347085284899
3365 0.2181678952958006 0.93760743103931
3366 0.2180538044928582 0.9370802915682767
3367 0.2179397619264751 0.9365532724399807
3368 0.2178257349718773 0.9360263491428807
3369 0.2177117124953261 0.9354995178063534
3370 0.2175976897656375 0.9349727786380259
3371 0.2174830006415722 0.934444475780413
3372 0.2173690881411705 0.9339180796316716
3373 0.217255194282305 0.9333919653224938
3374 0.217141273988133 0.9328659436895755
3375 0.2170273314342744 0.9323399906051549
3376 0.2169133236969464 0.9318140025007338
3377 0.2167993463415902 0.9312881855578373
3378 0.2166852112024205 0.9307619491354947
3379 0.2165712027657271 0.9302362559597837
3380 0.2164571368417232 0.9297106056151316
3381 0.2163431444177986 0.9291852279533206
3382 0.2162291629893067 0.9286600224630177
3383 0.2161152843248779 0.9281352403555637
3384 0.2160012921955305 0.9276102795729627
3385 0.2158872877229226 0.9270853980366281
3386 0.2157732800362761 0.9265606315328142
3387 0.2156592706912526 0.926035987140049
3388 0.2155452640599809 0.9255114782397335
3389 0.2154314224982209 0.9249875022521243
3390 0.2153174562087743 0.9244633869753037
3391 0.2152034334131564 0.9239392393931652
3392 0.215089389713885 0.9234151463698865
3393 0.2149752867007394 0.9228911269062815
3394 0.2148612373136088 0.9223672325345044
3395 0.2147471053776945 0.9218427606084546
3396 0.2146330449949512 0.9213192789015657
3397 0.2145190703110529 0.9207960880170513
3398 0.2144051267900653 0.9202730759571297
3399 0.2142911953744697 0.9197502137117279
3400 0.2141772679236231 0.9192274848062639
3401 0.2140633414320921 0.9187048824830805
3402 0.2139494739050571 0.9181823164806591
3403 0.2138355340083842 0.9176600225771747
3404 0.2137215846451525 0.9171377896165275
3405 0.2136076375361111 0.9166156669266371
3406 0.2134936924182174 0.9160936705144995
3407 0.2133797624026021 0.9155718458448204
3408 0.2132658172310739 0.9150500937564052
3409 0.2131518713287264 0.9145284657864393
3410 0.2130370241060032 0.9140061793856326
3411 0.2129233015143446 0.913484882721227
3412 0.2128095168365633 0.9129636980413023
3413 0.212695692105865 0.9124426639333459
3414 0.2125818614329644 0.9119218134859105
3415 0.2124680319471678 0.9114011398208801
3416 0.2123542048402489 0.9108806287750905
3417 0.2122403870002686 0.9103602858557197
3418 0.2121236856473887 0.9098276433764267
3419 0.2120120604857365 0.9093190438330264
3420 0.2118989197106024 0.9088014836218037
3421 0.2117852673171628 0.9082816236433432
3422 0.2116714626643425 0.9077615579491887
3423 0.2115576326807005 0.90724175273029
3424 0.2114438268246808 0.9067222827255615
3425 0.211330052449879 0.9062031007317999
3426 0.2112163037264759 0.9056841446958219
3427 0.2111025574969896 0.9051653350175354
3428 0.2109888146890254 0.9046466617872183
3429 0.21087507385017 0.9041281216463157
3430 0.2107592715595006 0.9036003104912669
3431 0.2106478442045683 0.9030934927695157
3432 0.2105348631066195 0.9025777151666428
3433 0.2104214956323812 0.902060091316219
3434 0.2103077328046737 0.9015416917378916
3435 0.2101940408914029 0.9010236292193364
3436 0.2100801232297902 0.9005054520733384
3437 0.2099663057030286 0.8999876762685824
3438 0.209852441158457 0.8994699790717929
3439 0.2097386021420239 0.8989524714164285
3440 0.2096248011290464 0.8984351893716618
3441 0.2095110396718554 0.897918142862563
3442 0.2093973172690898 0.8974013335844969
3443 0.2092836341875482 0.8968847636031508
3444 0.2091699939616586 0.8963684427234723
3445 0.2090564141079614 0.8958524335290807
3446 0.2089428513093914 0.8953365882003788
3447 0.2088293147608024 0.8948209405292109
3448 0.2087155315435909 0.8943048938710828
3449 0.2086020266802066 0.8937896301545006
3450 0.2084889165551835 0.893275087692615
3451 0.2083754574041003 0.89276033884906
3452 0.2082629885271574 0.892248477362515
3453 0.2081495168412821 0.8917337707854541
3454 0.2080342908729114 0.8912148361160024
3455 0.2079208842459709 0.8907003049373439
3456 0.2078076724808109 0.8901865723998963
3457 0.2076944791896564 0.8896731104539433
3458 0.2075812809447606 0.8891598024780359
3459 0.207468074394372 0.8886466165760218
3460 0.2073555813340797 0.8881355409974954
3461 0.2072422809321504 0.8876224625848868
3462 0.207129046092519 0.8871094969184027
3463 0.2070160974361265 0.8865975894338592
3464 0.2069027368229334 0.8860846982441465
3465 0.2067893348991169 0.8855717660969749
3466 0.2066759541306464 0.8850589937733099
3467 0.2065626061508086 0.8845464336725963
3468 0.206449295825001 0.8840341092052489
3469 0.2063360181037474 0.883522010595166
3470 0.2062231775226392 0.8830115603952806
3471 0.2061099154521135 0.8824998445892752
3472 0.2059966433675657 0.8819881215171023
3473 0.2058834147566821 0.8814766290019684
3474 0.2057702260937184 0.880965384874284
3475 0.2056570699389173 0.8804543745136212
3476 0.2055439504281122 0.8799436049174543
3477 0.2054334055715278 0.8794368512386397
3478 0.2053198577755761 0.8789259648919024
3479 0.2052063474314716 0.8784154525013608
3480 0.2050930200067509 0.8779053182873207
3481 0.2049798073847839 0.8773954118346973
3482 0.2048665958998167 0.876885016584104
3483 0.2047529289116877 0.8763743633206711
3484 0.2046400267048554 0.8758653847226571
3485 0.2045271105937972 0.8753564921464974
3486 0.2044141896027148 0.874847696647798
3487 0.2043012872116678 0.87433906133734
3488 0.2041890764447068 0.8738326563273923
3489 0.2040765865366156 0.8733253575764155
3490 0.2039635892521096 0.8728169592071264
3491 0.2038506141983646 0.87230858302828
3492 0.2037376767645863 0.87180041566042
3493 0.2036247338769924 0.8712923932071756
3494 0.2035118339315046 0.8707846190268176
3495 0.2033989952499493 0.8702771415816464
3496 0.2032862066045386 0.8697699399423632
3497 0.2031734581518755 0.8692629881912947
3498 0.2030612357762006 0.8687571156727187
3499 0.2029485156701839 0.8682505627470758
3500 0.2028357994406569 0.8677442184518481
3501 0.2027231048681822 0.8672380496121288
3502 0.2026104086118384 0.8667317316029681
3503 0.2024977321348963 0.8662259310266859
3504 0.2023851013187682 0.8657203264700885
3505 0.2022725057836027 0.8652149278232326
3506 0.202159940184938 0.8647097377353292
3507 0.2020472842295833 0.8642044252513748
3508 0.2019347548094157 0.8636995607776256
3509 0.2018222712084874 0.8631949637335214
3510 0.2017098211135747 0.8626905914906362
3511 0.2015973920342782 0.8621864058629863
3512 0.2014849773264045 0.8616823890948615
3513 0.2013725717284458 0.8611785296182719
3514 0.2012601794899163 0.860674838255733
3515 0.2011478040792125 0.8601713233982461
3516 0.2010354477287273 0.8596679908518067
3517 0.2009231138846873 0.8591648488412919
3518 0.2008108109189762 0.858661915119881
3519 0.2006985314366118 0.8581591784501172
3520 0.2005862757454231 0.857656640299253
3521 0.2004731811977074 0.8571516120926653
3522 0.2003611354676257 0.8566494538918341
3523 0.2002489942006297 0.8561479037382888
3524 0.2001369140588533 0.8556465676180948
3525 0.200024868882876 0.8551453806897455
3526 0.1999127734721926 0.854644202580455
3527 0.1998007388881754 0.8541431342513636
3528 0.1996887605952688 0.8536424355988445
3529 0.1995767958815015 0.8531419323409865
3530 0.1994648414094206 0.8526415908065305
3531 0.1993529046897186 0.8521414362909041
3532 0.1992422516103548 0.8516446386484694
3533 0.1991302907191822 0.8511448882829649
3534 0.1990181617298508 0.850644660953499
3535 0.1989060477872895 0.8501445352933181
3536 0.1987939744570846 0.8496446393643518
3537 0.1986819391095126 0.8491449461846552
3538 0.1985688904165114 0.8486432378350417
3539 0.1984569330856197 0.8481438465559891
3540 0.1983452027461831 0.8476452622803359
3541 0.198233536321874 0.847147044615999
3542 0.1981219125798074 0.8466491104852776
3543 0.198010319774451 0.8461514134695336
3544 0.1978987528143296 0.8456539313639113
3545 0.1977872042521085 0.8451566393887834
3546 0.1976756751149694 0.8446595379676779
3547 0.1975641625644756 0.8441626157231903
3548 0.1974526702795298 0.8436658836755413
3549 0.1973412000833312 0.8431693466472605
3550 0.1972297472362452 0.8426729877602137
3551 0.1971183131836595 0.8421768089421247
3552 0.1970070662598523 0.8416813653305216
3553 0.1968956947493166 0.841185566334644
3554 0.1967843728358402 0.8406906473405543
3555 0.1966730562664288 0.8401950416811111
3556 0.1965617134676974 0.8396996583367808
3557 0.1964503777884185 0.8392044867991767
3558 0.1963390701412829 0.8387095447204563
3559 0.1962275583306072 0.8382143152249071
3560 0.1961163352680101 0.8377198133508941
3561 0.1960051750663705 0.8372256802853987
3562 0.1958954671927746 0.8367357043455412
3563 0.1957842235146751 0.8362419624924481
3564 0.1956729125762044 0.8357479018580255
3565 0.1955616491399179 0.8352540386027105
3566 0.1954496382571236 0.8347579552232066
3567 0.1953385808704063 0.8342648323794114
3568 0.1952275265058952 0.8337720525948787
3569 0.1951149644775854 0.8332792877622849
3570 0.1950047048782101 0.8327877237549203
3571 0.1948943321144748 0.8322960055667719
3572 0.1947837721896578 0.8318043139527219
3573 0.1946731207571751 0.8313128084184395
3574 0.1945613321593883 0.8308174856471425
3575 0.194450659973561 0.8303266585925584
3576 0.1943402026093886 0.8298366262702017
3577 0.1942297662803844 0.8293468139427586
3578 0.1941193184604682 0.8288571136326907
3579 0.1940088513509124 0.8283674854144679
3580 0.1938986774339302 0.8278784758390759
3581 0.1937881864475347 0.827389088061722
3582 0.1936776579166349 0.826899714125707
3583 0.1935671321680415 0.8264104545506656
3584 0.1934566313406664 0.8259213780933353
3585 0.1933461646357742 0.8254325075107176
3586 0.1932356705594288 0.8249456148015145
3587 0.193124424876408 0.8244518330986071
3588 0.1930139325562243 0.823963482519334
3589 0.1929036598171751 0.8234759016323946
3590 0.1927939681479325 0.8229910831385536
3591 0.1926839450105896 0.8225041777408365
3592 0.1925737770907587 0.8220169249166756
3593 0.1924635994304081 0.8215297871368915
3594 0.1923534315012999 0.8210428429344873
3595 0.1922432940354532 0.820556137938334
3596 0.1921331914280701 0.8200696846359729
3597 0.1920237958059776 0.8195837406844136
3598 0.1919135183668351 0.8190977685968894
3599 0.1918033487802798 0.8186119606144558
3600 0.191692006026853 0.8181226122724484
3601 0.1915820465747794 0.8176373467705983
3602 0.1914722791935145 0.8171528607499868
3603 0.1913649755391305 0.8166762998543988
3604 0.1912553550439134 0.8161926978832946
3605 0.1911452541191803 0.8157075204709077
3606 0.1910358916987514 0.815224669360762
3607 0.1909255117254227 0.814739277995402
3608 0.1908151778585288 0.8142540440341212
3609 0.1906975656183931 0.813749129355717
3610 0.1905952675466565 0.8132857716489765
3611 0.1904861557020264 0.8128041300528958
3612 0.1903761942501719 0.8123206003945228
3613 0.1902645993179226 0.8118322109952764
3614 0.1901546190461508 0.8113487060150854
3615 0.1900449596136554 0.8108663156434148
3616 0.189935441129279 0.8103844853626483
3617 0.1898259917660562 0.8099029960041568
3618 0.1897165881087857 0.8094217668942431
3619 0.1896072050503293 0.8089407284369381
3620 0.1894978333668591 0.8084598566461632
3621 0.189388464068318 0.8079791311817827
3622 0.1892790952281628 0.8074985484453753
3623 0.1891697248391765 0.8070181026704121
3624 0.1890607875103918 0.806539205421827
3625 0.1889514576670132 0.8060592963181575
3626 0.1888419846960835 0.8055789545113919
3627 0.1887325718319825 0.805098978242732
3628 0.1886231983179051 0.8046192719307322
3629 0.1885121592411044 0.8041339798251914
3630 0.1883999767683147 0.8036482847527895
3631 0.1882957109495575 0.8031830017995382
3632 0.1881881976412544 0.8027123451037447
3633 0.1880792336810582 0.8022341606008959
3634 0.1879667740109838 0.8017413700058996
3635 0.1878509526604754 0.8012441155940513
3636 0.1877487813609699 0.8007873977254553
3637 0.187641261928874 0.8003156536795655
3638 0.1875328594094227 0.7998408895005076
3639 0.1874201823618305 0.7993497725586631
3640 0.1873125240481198 0.7988796989715998
3641 0.1871995690632753 0.7983914406875825
3642 0.1870981908862725 0.7979403501417867
3643 0.1869873103620058 0.7974541765552385
3644 0.1868816327083233 0.7969912358794508
3645 0.1867692725014686 0.7965011198153246
3646 0.1866631692944926 0.7960373267193158
3647 0.1865548551118588 0.7955637651865549
3648 0.1864457664678308 0.7950872274374876
3649 0.1863353328646984 0.7946041378964708
3650 0.1862265569035189 0.7941324356721297
3651 0.1861166385640672 0.7936520010761373
3652 0.1860053699739571 0.7931695387837265
3653 0.1858934462001103 0.7926886155699815
3654 0.1857893450000916 0.792226820038888
3655 0.1856821659265211 0.7917587223400119
3656 0.1855742677871835 0.7912883685227585
3657 0.1854621887230987 0.7908017379483279
3658 0.1853548657139983 0.7903353534118316
3659 0.185242232943788 0.7898510763210604
3660 0.1851414083814761 0.7894043188811106
3661 0.1850309207929003 0.7889219689213517
3662 0.184922780070334 0.7884536380643944
3663 0.1848174585697202 0.7879919626589116
3664 0.1847052437415343 0.7875044937747187
3665 0.1845994035292035 0.7870443610076522
3666 0.1844914236454477 0.7865747486452505
3667 0.1843778906005036 0.7860814965709642
3668 0.1842687107554204 0.7856141214442626
3669 0.1841634292176025 0.7851522779322144
3670 0.1840555901778214 0.7846840342913683
3671 0.1839443859208802 0.784202123677708
3672 0.1838362742748893 0.7837355937067259
3673 0.1837297065973177 0.7832712436248658
3674 0.1836161210611549 0.7827859026958889
3675 0.1835142712694092 0.7823345957460704
3676 0.1834013421051507 0.7818516666707467
3677 0.1833015365407576 0.7814097695157748
3678 0.1831876742147133 0.7809183222559462
3679 0.1830844335240489 0.7804657072612512
3680 0.1829774077231425 0.7800018739412263
3681 0.1828661912420653 0.7795219852201741
3682 0.1827575394614333 0.7790534635801284
3683 0.1826478137024856 0.7785836491888569
3684 0.182542090894155 0.7781239001895665
3685 0.1824342552802914 0.7776548866113805
3686 0.1823242844767192 0.7771849138711313
3687 0.1822218676684641 0.7767350677677429
3688 0.1821130608186778 0.7762635058009867
3689 0.1820049889808006 0.7757984623059866
3690 0.1818969580176748 0.7753320154990527
3691 0.1817859163255474 0.7748558841873733
3692 0.1816842434072333 0.7744127094899319
3693 0.1815779093746792 0.7739512386107502
3694 0.1814698202261059 0.7734839453183114
3695 0.1813612411434468 0.7730156415822086
3696 0.1812521854148818 0.7725458623143101
3697 0.1811428531994604 0.7720739808804413
3698 0.1810346319105753 0.7716115783057321
3699 0.1809269026302431 0.7711477091016417
3700 0.1808185637914595 0.7706786656651857
3701 0.1807110357562194 0.7702184668401775
3702 0.180603797581235 0.7697563665273537
3703 0.1804958543734106 0.7692888804267966
3704 0.1803886173191142 0.7688299537406864
3705 0.1802816196416727 0.7683689943957773
3706 0.1801758512571069 0.7679108868546819
3707 0.1800684325627021 0.767448507041412
3708 0.1799608973332222 0.7669860518712306
3709 0.1798530821797673 0.766520790675234
3710 0.1797460220399549 0.7660637903838572
3711 0.179638950220116 0.7656037251623952
3712 0.179531713600608 0.765142584793516
3713 0.179424377860866 0.764681251125048
3714 0.1793170282527224 0.7642201239710321
3715 0.1792097184239091 0.7637593614520019
3716 0.1791025964728459 0.7632987304416173
3717 0.1789954033951222 0.7628388120388796
3718 0.1788846785059473 0.7623647173602559
3719 0.1787807983123757 0.7619188134738486
3720 0.1786749235021903 0.7614641959095935
3721 0.1785653675277276 0.7609942232597854
3722 0.1784519912945659 0.7605182740813067
3723 0.1783514880542357 0.7600777313777317
3724 0.178246034963035 0.7596252068737995
3725 0.1781395814220042 0.7591693559814348
3726 0.1780329402094185 0.7587126534569006
3727 0.1779226750153421 0.7582422651979996
3728 0.1778158763994926 0.7577859201322791
3729 0.1777105893317126 0.7573366972483271
3730 0.1776063292578744 0.7568876737902129
3731 0.1774945244349733 0.7564165785712992
3732 0.1773958677447951 0.7559829181011563
3733 0.1772889899963948 0.7555258160115098
3734 0.1771749521992276 0.7550483826735982
3735 0.1770771319102754 0.7546184160907948
3736 0.1769700982257474 0.7541613514282685
3737 0.176856352347504 0.7536847514143666
3738 0.1767581979658377 0.7532548517557142
3739 0.1766510733564419 0.7527979780542053
3740 0.1765399833606157 0.7523299727418176
3741 0.1764392138584104 0.7518924338514976
3742 0.1763337128683566 0.7514442525292208
3743 0.1762269373896753 0.7509860070739074
3744 0.1761204752852829 0.7505345773432235
3745 0.1760134843754633 0.7500760425026823
3746 0.1759093912263951 0.7496336731677782
3747 0.1757993212093661 0.7491654972898779
3748 0.1756963594880897 0.7487256737675739
3749 0.1755872834768561 0.7482643366342754
3750 0.1754845855717068 0.7478219026738767
3751 0.175374535528021 0.7473541506120466
3752 0.1752716116766334 0.7469155373085202
3753 0.1751622174819082 0.7464509855556599
3754 0.1750598189934243 0.7460140504938036
3755 0.1749507610953493 0.7455505936941844
3756 0.174848521894642 0.7451143575323413
3757 0.1747396317927529 0.7446516380416101
3758 0.1746375216230163 0.7442160176161913
3759 0.1745287540328422 0.7437539170587782
3760 0.1744267437954326 0.7433188479559074
3761 0.1743155982887787 0.7428534265361684
3762 0.174215839228878 0.7424177938440856
3763 0.1741118281233096 0.7419776327802948
3764 0.1739973404777937 0.7414990257779229
3765 0.1738994181032062 0.7410732502351076
3766 0.1737909930128547 0.7406213745219303
3767 0.1736818531617251 0.7401589105052768
3768 0.1735845925417823 0.7397370182247914
3769 0.1734721447917808 0.7392643777485349
3770 0.1733752293633388 0.7388463494848229
3771 0.1732634731121903 0.7383769713749118
3772 0.1731655993054657 0.7379568163469616
3773 0.1730616867705232 0.7375142660243431
3774 0.1729502930649596 0.7370457184165801
3775 0.1728530629948659 0.7366279818013244
3776 0.1727421080681738 0.7361591343422323
3777 0.1726435459605775 0.7357393951942679
3778 0.172532965420173 0.7352722958122336
3779 0.172433202587933 0.7348482356409811
3780 0.1723292831102436 0.7344062992105985
3781 0.1722203115489352 0.7339457731646707
3782 0.1721208678260967 0.7335231059736487
3783 0.1720171676925325 0.7330837014363618
3784 0.171910483320483 0.7326290284932132
3785 0.1718066796391094 0.7321905922348129
3786 0.1717036465752607 0.7317555933683925
3787 0.1715983822443338 0.7313085547388428
3788 0.1714937461205044 0.7308654185844968
3789 0.1713858049559386 0.7304105742123952
3790 0.1712872376857 0.729991814545185
3791 0.1711840064963066 0.7295556956927708
3792 0.1710786338344265 0.7291080172264158
3793 0.1709749228258534 0.7286684703504599
3794 0.1708653781267995 0.7282088632891601
3795 0.1707672153942582 0.7277917147057559
3796 0.170662582067435 0.7273495272049665
3797 0.1705594452746109 0.7269126682112715
3798 0.1704503444516207 0.7264546609243814
3799 0.1703520771329617 0.7260376626701767
3800 0.1702471710360147 0.7255953754316115
3801 0.1701446662903958 0.7251607258114596
3802 0.1700338432796584 0.7246986706814037
3803 0.1699387493649552 0.7242905423094905
3804 0.1698342384841188 0.7238499501490115
3805 0.169731887593126 0.7234162800327363
3806 0.169621271635181 0.7229554448476654
3807 0.169526274523166 0.7225481385028246
3808 0.1694224041692717 0.7221092852677187
3809 0.1693237331369985 0.7216876180004972
3810 0.1692115947830072 0.7212245548335853
3811 0.1691159511563477 0.7208106579431948
3812 0.1690038720554695 0.7203504277562578
3813 0.1689088276898746 0.7199402091041009
3814 0.1688080618640196 0.7195167200699962
3815 0.168694728978284 0.7190490009694972
3816 0.1685997162491691 0.7186385303328587
3817 0.1684980547275849 0.718209969099105
3818 0.1683959932602377 0.7177825090028253
3819 0.1682835690449432 0.7173191387050317
3820 0.1681892663149578 0.7169102685457241
3821 0.1680787222805013 0.7164565517996916
3822 0.1679835805778295 0.7160452401615724
3823 0.1678829330520253 0.7156229106405468
3824 0.1677698475975524 0.7151571868811178
3825 0.1676754381417536 0.7147497917185239
3826 0.1675743904377313 0.7143243109430445
3827 0.1674720908037535 0.7138974469554962
3828 0.1673603031133778 0.713437362598306
3829 0.1672665345155815 0.7130312487675432
3830 0.1671566496171022 0.712580811093365
3831 0.1670621100720162 0.7121724535214652
3832 0.1669619669551691 0.7117528543672794
3833 0.1668496585814134 0.711290853833375
3834 0.1667559189371888 0.7108864248438993
3835 0.1666553683412696 0.7104637631209212
3836 0.1665543845451067 0.710042050004945
3837 0.1664431090883806 0.709584838381709
3838 0.1663484887548498 0.7091773236734313
3839 0.1662397014559349 0.7087317618454517
3840 0.1661449072341704 0.7083234349545589
3841 0.1660452403173952 0.7079066504772409
3842 0.1659341108116296 0.7074499519081889
3843 0.165839915460785 0.7070452004722597
3844 0.1657396626515434 0.7066248078820456
3845 0.165638815449797 0.7062056036832594
3846 0.1655282517995639 0.7057515878674028
3847 0.1654353461765106 0.7053502183151852
3848 0.1653263002246026 0.7049050338338281
3849 0.1652325764728661 0.7045013879697881
3850 0.1651330344109921 0.7040862710489307
3851 0.1650218456446551 0.7036302917990914
3852 0.1649286524733666 0.703230033907586
3853 0.1648287732933805 0.7028120377104847
3854 0.1647292916923151 0.7023970695484467
3855 0.1646283626585798 0.7019749028337621
3856 0.1645178086173364 0.7015221602448879
3857 0.1644243864701111 0.7011210639039787
3858 0.1643162298791928 0.7006801895718712
3859 0.1642221694907904 0.7002772279494501
3860 0.1641222027304025 0.6998596393352262
3861 0.1640225291953059 0.6994455970244384
3862 0.1639182463122541 0.6990112673933666
3863 0.1638193184637876 0.6985965355968159
3864 0.1637189084436079 0.6981779357331264
3865 0.1636181823104487 0.6977582334261874
3866 0.1635175722473627 0.6973389510675095
3867 0.1634169628104009 0.696919700888646
3868 0.1633164344024083 0.6965008261728605
3869 0.1632159914914047 0.6960823546404267
3870 0.1631156292031246 0.69566427260729
3871 0.1630153508757681 0.6952465806025101
3872 0.162915153626337 0.6948292734792828
3873 0.1628150332076152 0.6944123375777774
3874 0.1627148172258671 0.6939951308614501
3875 0.1626148915456337 0.6935790690148251
3876 0.162514996631473 0.6931632763757368
3877 0.1624151665042446 0.6927477796108102
3878 0.1623153953456836 0.6923325998950091
3879 0.1622156749115347 0.6919177138019185
3880 0.1621159997916904 0.6915031055994212
3881 0.1620163714775595 0.691088779891457
3882 0.1619157913471466 0.690671317623813
3883 0.161816276051334 0.6902576269425719
3884 0.161717337316091 0.6898493273995711
3885 0.161618763856973 0.6894381865447436
3886 0.161511007724587 0.6889978836654391
3887 0.1614205005924516 0.6886128129990504
3888 0.1613118207574051 0.6881689765707819
3889 0.1612210083314778 0.6877840887662092
3890 0.1611239639746319 0.6873795503340301
3891 0.1610224872883314 0.686960251977669
3892 0.1609240485239129 0.6865507956057678
3893 0.1608184289863869 0.6861183212610307
3894 0.1607267366433185 0.6857324237555447
3895 0.16062793391762 0.6853224151832367
3896 0.1605222976192235 0.6848901122067921
3897 0.1604306421586637 0.6845045891291253
3898 0.160331905147732 0.6840951594623884
3899 0.1602262923905365 0.6836633578925378
3900 0.1601348048862565 0.6832785577046501
3901 0.1600360433288995 0.6828695203237832
3902 0.159930555547506 0.6824384789790924
3903 0.1598392786910485 0.6820554082428693
3904 0.1597406707033159 0.6816472086029648
3905 0.159635198568493 0.6812165664040079
3906 0.1595435600447518 0.6808327606015753
3907 0.1594449954543551 0.6804251362103534
3908 0.1593396917085952 0.6799954101270412
3909 0.1592481939660751 0.679612454493677
3910 0.1591497676279478 0.6792056913641183
3911 0.1590446563771261 0.6787770115604262
3912 0.1589532899032478 0.6783949090290816
3913 0.1588549929121763 0.6779890058784322
3914 0.1587500256586466 0.677561252429256
3915 0.1586587671512835 0.6771799520830909
3916 0.1585605921133198 0.6767749027441275
3917 0.1584557663143229 0.6763480579368404
3918 0.1583638319287824 0.675964931771123
3919 0.1582657215357342 0.6755604515895131
3920 0.1581606560956927 0.6751333405403337
3921 0.1580704481877918 0.6747559683662429
3922 0.1579726653278378 0.6743532442235927
3923 0.1578677521237449 0.6739272943707427
3924 0.1577775410116939 0.6735503299750564
3925 0.1576798079671015 0.6731481870600089
3926 0.157574934823866 0.6727227869272282
3927 0.1574847620020851 0.6723463624078516
3928 0.1573871039537117 0.6719448862996054
3929 0.1572823401862592 0.6715202680655962
3930 0.1571922402153673 0.6711445107733824
3931 0.1570946804180499 0.670743795870996
3932 0.1569900411812525 0.6703200358892036
3933 0.1569000245384324 0.669944994395352
3934 0.1568025943215613 0.6695451466829576
3935 0.1566993376699103 0.6691270703888142
3936 0.1566087561776046 0.6687509582623266
3937 0.156511395350803 0.6683513148248534
3938 0.1564062880786881 0.6679262216409975
3939 0.1563164037834978 0.6675529041801379
3940 0.1562191196832508 0.6671541207842561
3941 0.1561204378965824 0.666750915841765
3942 0.1560233921327699 0.6663539119521542
3943 0.1559277794434617 0.6659619313239724
3944 0.1558288883457504 0.6655569931800897
3945 0.1557320018473618 0.6651628728687696
3946 0.1556368415611992 0.6647730038711593
3947 0.1555383952363037 0.6643698098121659
3948 0.1554417561340298 0.6639767293085244
3949 0.1553467729810513 0.6635877307181867
3950 0.1552484845977057 0.6631854170610884
3951 0.1551533707025547 0.6627973864038567
3952 0.1550570837830252 0.6624044243877556
3953 0.1549605355638893 0.66201017400389
3954 0.1548639378963896 0.661615951834491
3955 0.1547673756462808 0.6612221263610994
3956 0.1546708730323395 0.6608287298443128
3957 0.1545725970349085 0.6604279698445431
3958 0.1544777345940489 0.6600425598258852
3959 0.154380376531914 0.6596468626567117
3960 0.1542842643959985 0.6592552922722708
3961 0.1541881812258408 0.6588639121039241
3962 0.1540921316844787 0.6584729229853108
3963 0.1539960853181881 0.6580819936213439
3964 0.1539014582813783 0.6576962350161998
3965 0.153803385317101 0.657298961354416
3966 0.1537074261578123 0.6569088018945696
3967 0.1536115383481723 0.6565191140443715
3968 0.1535144242697876 0.6561239317524602
3969 0.153420487624817 0.6557430606774879
3970 0.1533253032400327 0.65535630380773
3971 0.1532279428744003 0.6549601115418519
3972 0.1531318452196421 0.6545710099418424
3973 0.153037087026357 0.654186468726996
3974 0.1529410609320966 0.6537976538717996
3975 0.1528468922578423 0.6534162501478071
3976 0.1527475404078632 0.6530163289301439
3977 0.1526575266531486 0.6526469793485355
3978 0.1525627236221081 0.6522601028325937
3979 0.152462009280755 0.651858451372473
3980 0.1523719027753655 0.6514872587036792
3981 0.1522777863177327 0.6511077206714472
3982 0.152181781279268 0.6507185736004412
3983 0.1520855606685312 0.6503277759237638
3984 0.1519894193783256 0.6499402160418319
3985 0.1518936655015435 0.6495543625422899
3986 0.1517986342658298 0.64917134244229
3987 0.151703531390337 0.6487872652220267
3988 0.1516084343883454 0.648403299663071
3989 0.1515137564700237 0.6480202363820361
3990 0.1514186678414006 0.6476366442600853
3991 0.1513236132850862 0.647253208064684
3992 0.1512286075826357 0.6468700214665979
3993 0.1511336556562323 0.6464871282176528
3994 0.1510387722730028 0.6461045916868374
3995 0.1509439655155392 0.6457224400942416
3996 0.1508492379496099 0.6453406797931317
3997 0.1507556091407464 0.64496281302029
3998 0.1506617179329325 0.6445839115126308
3999 0.150566968140278 0.6442024829578599
4000 0.1504722320561379 0.6438212066930094
4001 0.1503775974092261 0.6434403910380088
4002 0.1502830689591916 0.6430600553010436
4003 0.1501886361138971 0.6426801666978992
4004 0.1500942946143576 0.6423007101944183
4005 0.1500000396768388 0.6419216689551684
4006 0.149904848177378 0.6415400392343832
4007 0.1498108578205744 0.6411620866148989
4008 0.1497169820187499 0.6407845983677192
4009 0.1496231596658197 0.6404074018461169
4010 0.1495277717181879 0.6400252571456716
4011 0.149434104801677 0.6396488430090055
4012 0.1493407170459236 0.6392734554682294
4013 0.149247419602891 0.6388984718423951
4014 0.1491545809529567 0.6385253291244062
4015 0.1490613162574368 0.6381507719249453
4016 0.148967709211564 0.6377762708776012
4017 0.1488744034778525 0.6374014122138812
4018 0.1487810855213635 0.6370268005888943
4019 0.1486877713254318 0.6366524620649305
4020 0.1485944825808682 0.6362783960284697
4021 0.1485012366065058 0.6359046319760646
4022 0.1484080427018993 0.6355311833126842
4023 0.1483149055978743 0.6351580585055194
4024 0.1482218278111804 0.6347852629026793
4025 0.1481288082184045 0.6344127912984944
4026 0.1480358479715958 0.6340406442617371
4027 0.1479429487923475 0.6336688249646845
4028 0.1478501117344921 0.6332973344721646
4029 0.1477573377272189 0.6329261733152914
4030 0.1476646271637537 0.6325553397510986
4031 0.1475719774021567 0.6321848317429357
4032 0.147479389125444 0.6318146474983057
4033 0.1473868660099835 0.6314447904859689
4034 0.1472944079854971 0.6310752615281411
4035 0.1472036451268985 0.6307102115875701
4036 0.147111192578513 0.6303411728980439
4037 0.1470186892934583 0.629972070452438
4038 0.1469262599740715 0.6296032775901172
4039 0.1468340122525266 0.6292348871339104
4040 0.1467417086370297 0.628866786180017
4041 0.1466495139600257 0.6284991052778133
4042 0.1465574220835263 0.6281318381204548
4043 0.1464653977364871 0.627764921609991
4044 0.1463734791202385 0.6273984149561377
4045 0.1462816654831685 0.6270323298828708
4046 0.1461899709037498 0.6266667596408826
4047 0.1460983406872749 0.6263014559811791
4048 0.1460067898448993 0.6259365094397644
4049 0.1459153155130531 0.6255719245743347
4050 0.1458225287361721 0.6252039643879301
4051 0.1457313129850257 0.6248403874693597
4052 0.145640238029236 0.6244773146736051
4053 0.1455492228311675 0.6241145465209553
4054 0.1454583215243269 0.6237521765754465
4055 0.1453674075319204 0.6233899555367759
4056 0.1452765508862867 0.623028109431225
4057 0.1451861357590631 0.622667777383506
4058 0.1450953389361334 0.6223063871144654
4059 0.1450045571971224 0.6219452056040333
4060 0.1449147146333215 0.6215874072513468
4061 0.1448240395649218 0.6212267309797566
4062 0.1447333247749277 0.6208660511392637
4063 0.1446426684582996 0.6205057054271117
4064 0.1445520924818006 0.6201457552055135
4065 0.1444616039732871 0.6197862155796685
4066 0.1443712052703416 0.619427088297388
4067 0.1442808958603099 0.6190683690409229
4068 0.1441906776287039 0.6187100606608164
4069 0.1441004351536547 0.6183522937919422
4070 0.1440103880577203 0.6179946708159224
4071 0.1439204282650317 0.6176374716747254
4072 0.1438305586795173 0.6172807003775153
4073 0.1437407764032292 0.6169243337145677
4074 0.1436487731549488 0.6165606024469439
4075 0.1435600270397109 0.6162077573994964
4076 0.14347082365579 0.6158537935552464
4077 0.1433815867172951 0.6154997803568446
4078 0.1432927831179474 0.6151470212879308
4079 0.1432035982177604 0.6147933430172127
4080 0.1431144056985865 0.6144398049927413
4081 0.14302516440521 0.6140861252011922
4082 0.142935956593799 0.6137329627982634
4083 0.1428468511700819 0.6133801249444926
4084 0.1427578224997259 0.6130276046894677
4085 0.1426688617721304 0.6126754090565052
4086 0.1425799736362725 0.6123235632073205
4087 0.1424911568881933 0.611972067991275
4088 0.1424024006566554 0.6116208922717948
4089 0.1423142998308503 0.6112716605341993
4090 0.142225629003169 0.6109211699415963
4091 0.1421367248654698 0.6105707112545834
4092 0.1420480104504559 0.6102197195062939
4093 0.1419596052560773 0.6098702056754987
4094 0.1418712622321517 0.609521064709401
4095 0.1417829733447858 0.6091722507931761
4096 0.1416947418024022 0.6088237589898715
4097 0.1416065666772977 0.6084755863834824
4098 0.141518449409334 0.6081277349187055
4099 0.1414303918059735 0.607780211388754
4100 0.1413423972346868 0.6074330246012811
4101 0.1412544605433212 0.607086187507883
4102 0.1411665906157825 0.6067396677233649
4103 0.141078781659886 0.6063934799087999
4104 0.1409900107347402 0.6060438474300081
4105 0.140902314314178 0.6056984926962387
4106 0.1408148548294391 0.6053539375416283
4107 0.1407274860188181 0.6050097641229569
4108 0.1406401670445023 0.6046658672019073
4109 0.1405528807702359 0.6043221999898302
4110 0.1404656253320135 0.6039787606375755
4111 0.1403784045151582 0.6036355631537009
4112 0.1402912255738187 0.6032926293412578
4113 0.1402040776812441 0.6029499322743475
4114 0.1401169614545674 0.6026074741034437
4115 0.140029905007593 0.6022653358781443
4116 0.1399429187949485 0.6019235508133353
4117 0.1398560019441801 0.6015821188114833
4118 0.1397691512032002 0.60124103193291
4119 0.1396823674186662 0.6009002942523415
4120 0.1395956501204737 0.6005599080011279
4121 0.139508981392237 0.6002198186431073
4122 0.1394224268999493 0.5998801335051946
4123 0.1393358394427417 0.5995406385072763
4124 0.1392492952009668 0.5992014159653853
4125 0.1391628056274547 0.5988625084237716
4126 0.1390763758022352 0.5985239353546861
4127 0.1389900055893276 0.5981856947171739
4128 0.1389039041606931 0.5978481780398821
4129 0.138817612219299 0.5975105215990208
4130 0.1387313671080998 0.5971732151995249
4131 0.1386452020198766 0.5968362740836872
4132 0.1385595705533424 0.5965013587771139
4133 0.1384735576197119 0.5961650807997766
4134 0.1383875317760609 0.5958289027106674
4135 0.1383015539188966 0.595493036797022
4136 0.1382156414579997 0.5951575366808517
4137 0.1381298009314792 0.5948224194017202
4138 0.1380440320012803 0.5944876808894737
4139 0.1379583338272371 0.5941533169492802
4140 0.1378727048629638 0.5938193210175706
4141 0.1377871403596848 0.5934856796169925
4142 0.1377016338269712 0.5931523728143006
4143 0.1376161809908621 0.5928193876053869
4144 0.137530778772695 0.5924867180856599
4145 0.1374454264231072 0.5921543622044297
4146 0.1373601226279614 0.5918223154229707
4147 0.1372748701224337 0.5914905849382243
4148 0.1371896705086852 0.5911591745945215
4149 0.1371044526107275 0.5908277988157355
4150 0.1370193653480581 0.5904970582914506
4151 0.1369343402477489 0.5901666771631618
4152 0.1368493748186698 0.5898366426353089
4153 0.1367644528102058 0.5895068957535567
4154 0.1366795792304565 0.5891774537770453
4155 0.1365947543142959 0.5888483184430984
4156 0.1365096557126289 0.5885186099927918
4157 0.1364249374179082 0.5881901416006601
4158 0.1363402945349453 0.5878620169853902
4159 0.1362556984926269 0.5875341859313712
4160 0.1361711455125807 0.5872066486580866
4161 0.1360866356698327 0.5868794095168334
4162 0.1360021733017583 0.5865524800788215
4163 0.1359177586560453 0.5862258615041088
4164 0.1358333912506245 0.5858995516702609
4165 0.1357490712849705 0.5855735511313971
4166 0.1356647986144774 0.5852478591281329
4167 0.1355805737629088 0.5849224769024481
4168 0.1354957429977898 0.584595559470327
4169 0.1354116905471507 0.5842708680807162
4170 0.1353277463060386 0.5839467759018675
4171 0.1352438331310297 0.583622991454639
4172 0.1351599456199559 0.5832994634286772
4173 0.135076084304262 0.5829761853582263
4174 0.1349922553008028 0.5826531655321076
4175 0.1349093807609162 0.5823329594259028
4176 0.1348255459415191 0.5820104611776846
4177 0.134741646669794 0.5816877835568823
4178 0.1346578307669103 0.5813654771897639
4179 0.1345740738776014 0.5810434473519583
4180 0.1344903925698926 0.5807218119254216
4181 0.1344069879182682 0.5804011662432362
4182 0.134323451866643 0.5800803056257572
4183 0.13423997149357 0.5797597722977835
4184 0.1341565319373428 0.5794395214347062
4185 0.1340749603435171 0.579127109519436
4186 0.1339909312484391 0.5788032059100822
4187 0.1339071190331784 0.5784818983968241
4188 0.1338253539206064 0.5781694421401024
4189 0.1337411207595707 0.5778452255872485
4190 0.1336597375593881 0.5775346278593231
4191 0.1335752350836611 0.5772100992013569
4192 0.1334933809113828 0.5768977975644514
4193 0.1334087329154313 0.5765732199102244
4194 0.1333270154365352 0.576261723467448
4195 0.1332427040475669 0.5759385660073145
4196 0.133161184941031 0.5756279912673806
4197 0.133076975670346 0.5753054656847372
4198 0.1329956559772869 0.574995815687367
4199 0.1329117140472453 0.5746744300709401
4200 0.132830531013767 0.5743654897965443
4201 0.1327489238508507 0.5740512117177659
4202 0.1326664275214094 0.5737366683877771
4203 0.1325838599298676 0.5734224473909457
4204 0.1325013508950386 0.5731084313176039
4205 0.1324189489985483 0.5727948283351867
4206 0.1323366562052723 0.5724816033744623
4207 0.1322544492873395 0.5721687957758916
4208 0.1321729792328829 0.5718580203517813
4209 0.1320908331288043 0.5715457271698785
4210 0.1320087687085368 0.5712337661446548
4211 0.1319267916432491 0.5709222091242985
4212 0.1318447439399589 0.5706104226218746
4213 0.1317629967503273 0.570299787570866
4214 0.1316813524070495 0.5699896046764963
4215 0.1315993974744166 0.56967924729161
4216 0.1315179688688824 0.5693696913408991
4217 0.1314366243308832 0.5690607179810598
4218 0.1313553254188722 0.5687520720488145
4219 0.1312740533767809 0.5684437257541582
4220 0.1311928251004421 0.5681356137241476
4221 0.1311116248667022 0.5678277736102212
4222 0.1310304706656421 0.5675201752421589
4223 0.1309494955834337 0.5672133420294481
4224 0.1308684955579003 0.5669064793607974
4225 0.1307875834641071 0.5666000833277871
4226 0.1307067263868189 0.5662939546720954
4227 0.1306259598347785 0.5659882996357244
4228 0.1305452394261291 0.5656828781921048
4229 0.1304646108563121 0.5653779348919095
4230 0.1303840285154138 0.5650732263683331
4231 0.1303035256173929 0.564768952307674
4232 0.1302230744214651 0.5644649262871183
4233 0.1301426977174034 0.5641613143531226
4234 0.1300623823906406 0.5638579810029909
4235 0.1299821413946309 0.5635550579919737
4236 0.1299019814275495 0.5632524751890106
4237 0.1298219133722689 0.5629503683363604
4238 0.1297399717314374 0.5626409134689794
4239 0.1296617467329058 0.5623469247641842
4240 0.129581395671352 0.5620420978543513
4241 0.1295035210400755 0.5617492730305574
4242 0.1294244438181738 0.5614510103334703
4243 0.1293449295996442 0.5611511098696588
4244 0.1292653761698844 0.5608513158853758
4245 0.1291856827606976 0.5605512502596384
4246 0.1291061090159051 0.5602518095880613
4247 0.1290261910122893 0.5599513722012613
4248 0.1289463391539634 0.5596508737503365
4249 0.1288671895458179 0.5593533688160394
4250 0.1287881351558519 0.5590562548892987
4251 0.1287091069812117 0.5587592089201773
4252 0.1286301826759841 0.5584626779565616
4253 0.1285513138242895 0.5581663506175198
4254 0.1284725422804538 0.5578705416715881
4255 0.1283938682497548 0.5575750639393
4256 0.1283152578509881 0.5572799928383124
4257 0.1282368504561582 0.5569854885132767
4258 0.1281590175821561 0.556693490278134
4259 0.1280805982383058 0.5563992542021157
4260 0.1280021794564063 0.5561052343475659
4261 0.1279238142303276 0.5558114557984939
4262 0.1278455466181207 0.5555182026643011
4263 0.1277674320082444 0.555225473046311
4264 0.127689327014463 0.5549330148829463
4265 0.127610933156005 0.5546398169637711
4266 0.1275332245912022 0.5543487449887059
4267 0.1274555040471527 0.5540577304317856
4268 0.1273776593785449 0.5537663050917505
4269 0.1272999394177009 0.5534758283834466
4270 0.1272223821934888 0.5531859711543491
4271 0.1271448996288002 0.5528963425404501
4272 0.1270675326936138 0.5526072742937559
4273 0.1269902187651265 0.5523184133555563
4274 0.1269129984184789 0.5520300611137924
4275 0.1268358277147415 0.5517419091446746
4276 0.1267587486296338 0.5514542587562756
4277 0.1266817171873466 0.5511668027152942
4278 0.126604788830314 0.5508798935460998
4279 0.126527914485502 0.5505932035686191
4280 0.1264511400815743 0.5503070499751885
4281 0.1263744169425335 0.5500211069056911
4282 0.1262977918360918 0.5497356966184731
4283 0.1262212180147524 0.5494504984954596
4284 0.12614473821975 0.5491658208016258
4285 0.126068313262131 0.5488813682417694
4286 0.1259919774544639 0.5485974209886448
4287 0.1259155747328361 0.5483130755273494
4288 0.1258394706851229 0.5480301200901017
4289 0.1257634324664042 0.5477475708699164
4290 0.1256875223341488 0.5474655555156762
4291 0.125611211143781 0.5471833658242468
4292 0.1255355013383354 0.5469018926261696
4293 0.1254598174872305 0.5466207161141451
4294 0.1253840943227524 0.5463396170050265
4295 0.1253083983576971 0.5460588149364948
4296 0.1252327420986986 0.5457782568007389
4297 0.1251571288036052 0.5454980554775767
4298 0.1250815970562285 0.5452181958729163
4299 0.1250061146482308 0.5449387191131625
4300 0.1249307252869309 0.5446596022355693
4301 0.1248553854681415 0.544380871082446
4302 0.1247798137007573 0.5441012131576803
4303 0.1247046426606418 0.5438233324266626
4304 0.1246295632002766 0.5435458286254176
4305 0.1245545529279783 0.5432687396961261
4306 0.1244796148850592 0.5429919283985087
4307 0.1244047399209692 0.5427155286993387
4308 0.1243299337867714 0.542439395211984
4309 0.1242551823955046 0.5421636564740951
4310 0.1241804946357712 0.5418881718210502
4311 0.1241058639310839 0.541613094248646
4312 0.1240312954954607 0.5413382681654266
4313 0.1239567881294509 0.541063869496019
4314 0.1238823388279156 0.5407897092694309
4315 0.1238079583337808 0.5405160014205346
4316 0.1237336268895197 0.5402425003047122
4317 0.123659378339728 0.5399694969858433
4318 0.1235851728720308 0.5396966752525949
4319 0.1235110576934513 0.5394243724357345
4320 0.1234369764748064 0.5391522200932048
4321 0.1233630099378676 0.5388805773064286
4322 0.1232890465319574 0.538609104690814
4323 0.123215185474158 0.5383382160189296
4324 0.1231416052392625 0.5380684461392542
4325 0.1230678702647909 0.5377981335194933
4326 0.1229941456126249 0.5375279112893969
4327 0.1229204725964826 0.5372581337797639
4328 0.1228468671300685 0.5369886069837199
4329 0.1227733389477516 0.5367195860855682
4330 0.1226999094900378 0.5364509254460244
4331 0.1226265719817039 0.5361828116474906
4332 0.1225527660902681 0.5359104728407292
4333 0.1224809652189325 0.5356490914717118
4334 0.1224083879645009 0.5353842149063793
4335 0.1223354067273131 0.5351177647146853
4336 0.1222624046396158 0.5348513521071914
4337 0.122189259101239 0.5345846923353451
4338 0.1221160724281393 0.5343183198037184
4339 0.1220430361287424 0.5340522551564811
4340 0.1219704024552529 0.5337875528546926
4341 0.1218974390016507 0.5335222821287459
4342 0.1218245713900766 0.5332572408616553
4343 0.1217518194667253 0.5329927025091298
4344 0.1216791582606443 0.5327285386770141
4345 0.1216066083885157 0.5324649146367606
4346 0.1215341897975013 0.5322016164297735
4347 0.1214618087246629 0.5319388637581318
4348 0.1213894894113349 0.5316763818086118
4349 0.1213172838614086 0.5314144226615514
4350 0.1212451361877946 0.5311527307409269
4351 0.12117309138336 0.5308915437406065
4352 0.1211010981795567 0.5306306151123157
4353 0.1210292015243556 0.5303701749833166
4354 0.1209573617631864 0.5301100087555276
4355 0.1208856137391553 0.5298503181838458
4356 0.1208139100543745 0.529590873078612
4357 0.1207422844649826 0.5293318652158251
4358 0.1206707032099691 0.5290731003395998
4359 0.1205992013631493 0.5288147743249928
4360 0.1205277497639043 0.5285567088090267
4361 0.1204563777973551 0.5282990811649386
4362 0.1203850614835554 0.5280417293472004
4363 0.1203138228316614 0.5277848071092812
4364 0.1202426379824857 0.5275281526198705
4365 0.1201715291572476 0.5272719211381721
4366 0.1201004748299498 0.5270159593890208
4367 0.120029499861407 0.5267604319101292
4368 0.1199585802005219 0.5265051801728876
4369 0.1198877413901664 0.5262503666441297
4370 0.119816958618439 0.5259958277324378
4371 0.1197462590518894 0.5257417324937367
4372 0.1196756193213801 0.5254879253095208
4373 0.1196050502959865 0.5252345214553462
4374 0.1195345527105002 0.524981446735849
4375 0.1194641217281248 0.5247287881082722
4376 0.1193937629932657 0.5244764254357752
4377 0.1193234687291766 0.5242244473615161
4378 0.1192532474838077 0.5239728043382873
4379 0.1191826489203526 0.5237205725287003
4380 0.1191125981667568 0.5234696826502163
4381 0.1190426396094057 0.5232192574779601
4382 0.1189727559081393 0.5229691870474472
4383 0.1189029350505302 0.5227194989468013
4384 0.1188331799037855 0.522470133321443
4385 0.1187634904427776 0.5222211544496299
4386 0.1186938610303224 0.5219724797376863
4387 0.1186242985965243 0.5217241974683958
4388 0.1185547925023169 0.5214762063439097
4389 0.1184853519593666 0.5212286042382581
4390 0.1184159692180995 0.5209812927999897
4391 0.1183466555756629 0.5207343775048318
4392 0.1182774066194799 0.5204877707487536
4393 0.1182081045576715 0.520241097673663
4394 0.1181390127693172 0.519995267379152
4395 0.1180700014038123 0.5197498365990003
4396 0.1180010584092213 0.5195047255877534
4397 0.117932172224378 0.5192599711097711
4398 0.1178633603946931 0.5190155523857
4399 0.1177946088897382 0.5187714953224249
4400 0.1177259357541241 0.518527782850692
4401 0.1176573262640388 0.518284441813666
4402 0.1175887962663517 0.5180414492163066
4403 0.1175203345894674 0.5177988442118556
4404 0.117451954424779 0.5175566369260887
4405 0.1173836410445562 0.5173147475739901
4406 0.1173154006698362 0.5170732002739357
4407 0.1172472313263717 0.5168320186912321
4408 0.1171791373711497 0.5165912166004829
4409 0.1171111153338164 0.5163508117474851
4410 0.1170431679978718 0.5161107428593824
4411 0.1169752955915792 0.5158710777315553
4412 0.1169070301785373 0.5156306975695593
4413 0.1168393767772991 0.515391863770184
4414 0.1167718172260095 0.5151534479954264
4415 0.1167043246135571 0.5149154377760227
4416 0.1166368840028757 0.5146777244995289
4417 0.1165694574077501 0.5144400046284412
4418 0.1165020836751149 0.5142025640563721
4419 0.1164341069566414 0.513964686067281
4420 0.1163669903409572 0.5137283699001851
4421 0.1163000124292817 0.5134927002340728
4422 0.116233115994939 0.5132574237794826
4423 0.1161662615845783 0.5130224981633124
4424 0.1160994720474627 0.5127878783648897
4425 0.1160327230101327 0.5125535866281595
4426 0.1159660457857501 0.5123196185736399
4427 0.1158994275826453 0.5120860359160299
4428 0.1158329404983765 0.5118529964762574
4429 0.1157665906847344 0.511620585267244
4430 0.1157003824974437 0.5113887438093268
4431 0.1156341561284727 0.5111569334686979
4432 0.1155679278417861 0.5109252345419898
4433 0.1155016852965654 0.5106935888196088
4434 0.1154354733057712 0.5104622336542775
4435 0.1153693230535891 0.5102311922274679
4436 0.1153032311840403 0.5100005349100736
4437 0.115237247938585 0.5097703154931342
4438 0.1151713205595035 0.5095404694842471
4439 0.11510555012573 0.5093108030341966
4440 0.1150397730483086 0.5090818926179775
4441 0.11497410096231 0.5088533260541052
4442 0.1149076184940576 0.5086227597888369
4443 0.1148422086752917 0.5083949915078974
4444 0.1147769378395528 0.5081679445892964
4445 0.1147117621150435 0.5079413662585657
4446 0.1146467678873518 0.5077154040541563
4447 0.1145816642189467 0.5074893665359566
4448 0.1145165682110784 0.5072635647978021
4449 0.1144515573849969 0.5070381367837377
4450 0.1143865670377451 0.506812958904188
4451 0.1143216694445714 0.5065881734571503
4452 0.1142567963124914 0.5063636487877622
4453 0.1141920227510042 0.5061395386768244
4454 0.1141272699239705 0.5059156821278185
4455 0.1140626148926758 0.5056922340851583
4456 0.113997984557945 0.5054690489061474
4457 0.1139334538845444 0.5052462797871422
4458 0.1138689489053895 0.5050237785483894
4459 0.113804543432168 0.5048016957159862
4460 0.1137401662052692 0.5045798891895324
4461 0.1136758921633545 0.5043585113190291
4462 0.1136116459162499 0.5041374071272684
4463 0.1135475013608259 0.5039167306729638
4464 0.1134849485557921 0.5037020935167089
4465 0.1134198709718626 0.5034776474779944
4466 0.1133555286378861 0.5032566501705753
4467 0.1132928383326925 0.5030421374912624
4468 0.1132278316005684 0.5028185106819161
4469 0.113163701670392 0.5025987290058676
4470 0.113099622766164 0.5023794978135711
4471 0.1130360196799214 0.5021618658687996
4472 0.1129724056964088 0.5019443035513519
4473 0.1129091434918399 0.5017279401406777
4474 0.1128459176638408 0.5015118182313446
4475 0.1127828419745097 0.5012962570968224
4476 0.112719729488265 0.5010806609850748
4477 0.1126566095324572 0.5008651791141281
4478 0.1125935149346563 0.5006498903667727
4479 0.1125304437539972 0.5004348612303762
4480 0.1124674436727934 0.5002201739732275
4481 0.1124044971453495 0.5000058423265927
4482 0.1123416297729814 0.4997918640913434
4483 0.1122788310884465 0.4995782784956111
4484 0.1122180800597091 0.4993716711781931
4485 0.1121546682756636 0.4991564322964819
4486 0.1120920260682694 0.4989434559178678
4487 0.1120289402309343 0.4987282709340296
4488 0.1119675678503141 0.4985208231163584
4489 0.1119040763182639 0.4983061287453556
4490 0.1118411964880026 0.4980921086146402
4491 0.1117789065827471 0.4978810624769112
4492 0.1117163991581749 0.4976700096453126
4493 0.1116535484799057 0.4974582466464438
4494 0.1115916138845546 0.4972489737406214
4495 0.1115299338163058 0.4970406214535528
4496 0.1114684104673039 0.49683285234188
4497 0.111406883387527 0.4966251536704955
4498 0.111345366191178 0.4964175842719772
4499 0.1112838238397012 0.4962100510658594
4500 0.111222177884381 0.4960025063328652
4501 0.1111606925198415 0.495795505674529
4502 0.1110992613273164 0.4955887722494846
4503 0.1110379320424735 0.4953824451090697
4504 0.1109766379157455 0.4951764125602364
4505 0.1109169973440384 0.4949764094618456
4506 0.1108551969186241 0.4947689810071278
4507 0.1107941176399337 0.4945636829485004
4508 0.1107329900518074 0.4943584159263471
4509 0.1106705452843012 0.4941486016127504
4510 0.1106097691602581 0.4939450908356019
4511 0.1105490075233597 0.4937420810710165
4512 0.1104882269630244 0.4935390522373932
4513 0.1104277851405744 0.4933370687923218
4514 0.1103673919309954 0.4931353311905218
4515 0.1103071970587991 0.4929342873042455
4516 0.1102469440691685 0.4927331401233623
4517 0.1101867378590767 0.4925322610718464
4518 0.1101265229731755 0.492331463711519
4519 0.1100663520303436 0.4921309883288804
4520 0.1100062378027961 0.4919308096679961
4521 0.1099476651018889 0.4917363347100318
4522 0.1098871695509258 0.4915352600273053
4523 0.1098272792950807 0.4913358275830153
4524 0.1097672762797353 0.4911363707096899
4525 0.1097060619073486 0.4909325213665017
4526 0.1096479638983242 0.4907402829522799
4527 0.1095872394799227 0.4905386874072642
4528 0.1095273226085313 0.4903404639359983
4529 0.1094675567992949 0.490142882775522
4530 0.1094082311762264 0.4899467767137046
4531 0.1093489836570412 0.4897509465747906
4532 0.1092900302443498 0.4895561464436569
4533 0.1092311382435233 0.4893616111486848
4534 0.1091723001313773 0.4891673187626825
4535 0.109113442478414 0.4889730845076357
4536 0.109054596295897 0.4887789875457123
4537 0.1089957719741518 0.4885851407994292
4538 0.1089369978388744 0.4883915693916036
4539 0.1088782796024372 0.4881983572580083
4540 0.1088211478740822 0.4880108425274626
4541 0.1087619142473591 0.4878162536944753
4542 0.1087034095283745 0.4876237927029285
4543 0.1086448567870139 0.4874313536563433
4544 0.1085850356331945 0.4872346038346812
4545 0.1085283683618515 0.4870492702357531
4546 0.1084691085301286 0.4868548197710148
4547 0.1084106592195354 0.4866636679397961
4548 0.1083523243450386 0.4864731357293254
4549 0.1082945013260387 0.4862842349455856
4550 0.1082367281497643 0.4860955813629459
4551 0.10817924113863 0.4859078721149968
4552 0.1081217017837348 0.4857200781930286
4553 0.108064215177254 0.4855325517389904
4554 0.108006723168535 0.4853451116638891
4555 0.1079507048122248 0.4851630384997661
4556 0.107892355204256 0.4849724007959859
4557 0.1078361308802073 0.4847898638274999
4558 0.1077779342303068 0.484600885509567
4559 0.1077205574794736 0.4844143357855961
4560 0.1076632689943586 0.4842282043095871
4561 0.1076060917233133 0.4840427062603234
4562 0.1075501411444726 0.4838609874110666
4563 0.1074915690899629 0.4836708218685253
4564 0.1074356804976382 0.4834906416622027
4565 0.1073778354307156 0.4833031058810236
4566 0.1073206937916238 0.4831185221510223
4567 0.1072639769690735 0.4829356135333802
4568 0.1072076352205909 0.4827539213668883
4569 0.1071513942163919 0.4825725493819988
4570 0.1070946468342322 0.4823902268989223
4571 0.1070381991696182 0.4822082847317666
4572 0.1069835490342447 0.482032528291641
4573 0.1069268480455239 0.4818490239901761
4574 0.106871989433818 0.4816729316141233
4575 0.1068153533171367 0.4814909548421808
4576 0.1067594342681093 0.4813111575725667
4577 0.1067035882965212 0.4811317483945702
4578 0.1066488902654359 0.4809560806114081
4579 0.1065932595755593 0.4807777647473055
4580 0.1065374468828513 0.4805989770341904
4581 0.1064816719805301 0.4804205475060839
4582 0.1064259686379295 0.480242523506271
4583 0.1063690480722593 0.4800602090165109
4584 0.1063134377159894 0.4798830267583679
4585 0.106257839031689 0.4797061085651729
4586 0.1062030148293646 0.4795315887633356
4587 0.1061481185591333 0.4793568634317543
4588 0.1060935156856176 0.479183063008869
4589 0.1060395531687141 0.4790108265231972
4590 0.1059863001280416 0.4788420282749009
4591 0.1059307520963101 0.4786649653509932
4592 0.1058771387839063 0.4784952033391449
4593 0.1058228990084394 0.4783230757636145
4594 0.105768255504858 0.4781497054650588
4595 0.1057134967548425 0.4779761820419328
4596 0.1056587544590744 0.4778029484087353
4597 0.1056041038868555 0.4776302030479846
4598 0.1055495771509371 0.477458010710166
4599 0.1054951845476966 0.4772863791106821
4600 0.1054409216804266 0.4771152848851502
4601 0.1053867842632835 0.476944707368568
4602 0.1053327635695098 0.4767746196102189
4603 0.1052788531723095 0.4766050053575626
4604 0.1052236916154533 0.4764306801691835
4605 0.1051712645101268 0.4762666019774919
4606 0.105118197720241 0.476100180350727
4607 0.1050647381620227 0.4759324718204017
4608 0.1050111984352916 0.4757646099769653
4609 0.1049576660437357 0.4755969726044467
4610 0.1049041579359503 0.4754296278357545
4611 0.1048523393490382 0.4752666339171577
4612 0.1047989017687113 0.4751000184731298
4613 0.1047454212683823 0.4749334316330492
4614 0.1046920556076204 0.4747672866057771
4615 0.1046388065584915 0.4746016011520184
4616 0.1045856647627748 0.4744363602114832
4617 0.1045326229487721 0.4742715504856814
4618 0.1044796729430137 0.4741071519365708
4619 0.1044268123478791 0.4739431575088832
4620 0.1043740358902786 0.473779532187907
4621 0.1043213439373438 0.4736163279363826
4622 0.1042687376153487 0.4734535195793558
4623 0.1042162144906643 0.4732911154768174
4624 0.1041637651339575 0.4731290667244135
4625 0.1041113876193581 0.4729673802201865
4626 0.1040590800134055 0.4728060521799524
4627 0.1040067988119105 0.4726449043116266
4628 0.103954628410116 0.4724843046729466
4629 0.1039025339288913 0.4723240807450087
4630 0.1038505109542144 0.4721642162824106
4631 0.1037985507048642 0.472004689581203
4632 0.1037466506204757 0.4718454980955565
4633 0.1036948113529978 0.4716866440714179
4634 0.1036430497913127 0.4715281784164868
4635 0.1035913467285406 0.4713700430456495
4636 0.1035397005572275 0.4712122360457665
4637 0.1034881142148561 0.4710547615056982
4638 0.1034365935811373 0.4708976366204157
4639 0.1033851350732961 0.4707408544612633
4640 0.1033337394010087 0.4705844176198163
4641 0.103282409670473 0.470428333991066
4642 0.1032311450947777 0.4702726000487732
4643 0.1031799485146754 0.4701172225012198
4644 0.1031288197561514 0.4699622000373375
4645 0.1030777587018253 0.4698075315258042
4646 0.1030263042723909 0.4696527304374101
4647 0.1029753857804288 0.4694984338307125
4648 0.1029245948912779 0.4693448135590615
4649 0.1028738715483455 0.469191648757208
4650 0.1028232118688569 0.4690388684873952
4651 0.1027726156457519 0.4688864474364517
4652 0.1027220774089703 0.4687343606268565
4653 0.1026715950515405 0.4685825961838611
4654 0.1026211706502799 0.4684311583423029
4655 0.1025708085860728 0.4682800563465376
4656 0.1025205095233195 0.4681292920385145
4657 0.1024702745329155 0.4679788685611867
4658 0.1024201038284316 0.4678287865260294
4659 0.1023699977423977 0.4676790477931147
4660 0.1023199453986204 0.4675296233578882
4661 0.1022699524025317 0.4673805302309305
4662 0.1022200009584101 0.4672317353194314
4663 0.1021701359655149 0.4670833313071021
4664 0.102120335349878 0.4669352639141652
4665 0.1020701692282207 0.4667863103320867
4666 0.1020205327957794 0.466638962182265
4667 0.1019710242215427 0.4664921911872311
4668 0.1019215826038857 0.4663457960566625
4669 0.1018722001601238 0.4661997328179533
4670 0.101822878162056 0.4660539965133565
4671 0.1017736163049478 0.4659085840468708
4672 0.1017244197693096 0.4657634951073259
4673 0.1016752844657158 0.4656187519878311
4674 0.1016262165823101 0.4654743512654865
4675 0.1015761303368555 0.4653275539645916
4676 0.101527226412715 0.4651839304064365
4677 0.1014784940745533 0.4650408804063482
4678 0.1014298426658919 0.464898197338127
4679 0.1013812592926952 0.4647558581317486
4680 0.1013327386260091 0.4646138536592039
4681 0.101284278048365 0.4644721787027402
4682 0.1012358757353428 0.4643308291343408
4683 0.1011875319756494 0.4641898060112228
4684 0.1011392463668134 0.464049108071233
4685 0.1010910198047242 0.4639087368107402
4686 0.1010428519426291 0.4637686888333052
4687 0.1009947412594829 0.4636289599027152
4688 0.100946264199813 0.463488583414977
4689 0.1008982492731026 0.4633494510755743
4690 0.1008503800131398 0.4632108291387503
4691 0.1008025935267161 0.4630725857022885
4692 0.100755417669142 0.4629367579054354
4693 0.1007077889070461 0.4627992043225188
4694 0.1006601405316456 0.462661661128865
4695 0.1006125432657736 0.4625244961382108
4696 0.1005650212484767 0.4623877166931943
4697 0.1005175821227437 0.462251338530597
4698 0.1004702307591839 0.4621153730596114
4699 0.1004229646200475 0.4619798100076927
4700 0.1003757830852498 0.4618446446727341
4701 0.1003286864877717 0.4617098763977611
4702 0.1002815215848405 0.4615749469739239
4703 0.1002345890104652 0.4614409523178748
4704 0.1001877585777613 0.4613074134518644
4705 0.1001410080531847 0.4611742521697819
4706 0.1000943333405109 0.4610414526671501
4707 0.1000476932213757 0.4609089704624852
4708 0.1000011729336002 0.4607768711389873
4709 0.09995473762628748 0.4606451584152977
4710 0.09990837347836935 0.4605138028797819
4711 0.09986208080811747 0.4603828005279144
4712 0.09981585806321028 0.460252144270471
4713 0.09977034978894254 0.4601243031018321
4714 0.09972388153741721 0.4599925123230264
4715 0.09967769020637356 0.4598622190250333
4716 0.09963123402220865 0.459731923369141
4717 0.09958529536434992 0.4596027642335485
4718 0.099539507841463 0.4594741792491782
4719 0.09949384826182442 0.4593461195395172
4720 0.09944946563863073 0.4592219942461699
4721 0.09940368818374379 0.4590933529262182
4722 0.0993584804158168 0.4589668798931988
4723 0.09931297920494828 0.4588400281260704
4724 0.09926758208565173 0.4587136076226685
4725 0.09922231961341758 0.4585876641240085
4726 0.09917718104399822 0.4584621789296298
4727 0.09913215136010949 0.4583371238204151
4728 0.09908722138194707 0.4582124819007748
4729 0.09904238015621464 0.458088225695532
4730 0.09899762256261332 0.457964342585276
4731 0.09895294961321331 0.4578408367683728
4732 0.09890836072975383 0.4577177081991659
4733 0.09886443870829194 0.4575958404351203
4734 0.09882002538402468 0.4574737140992133
4735 0.09877560786067852 0.4573516756118329
4736 0.09873141334541076 0.4572304899796773
4737 0.0986871599713279 0.4571090838317922
4738 0.09864297556475876 0.4569879848248672
4739 0.09859888158601601 0.4568672795690798
4740 0.09855488320795079 0.4567469890932769
4741 0.09851097416364808 0.4566270961234601
4742 0.09846713863565401 0.4565075470906332
4743 0.09842383140335156 0.4563906054925213
4744 0.09837991389180367 0.4562707995075636
4745 0.098336316093805 0.4561520943823154
4746 0.09829277736331282 0.4560337802390966
4747 0.09825021896962359 0.4559198738075953
4748 0.09820747450373882 0.4558040462674041
4749 0.09816263965953478 0.4556814941644892
4750 0.09812050771514642 0.4555682052558782
4751 0.09807778389503226 0.4554531667084783
4752 0.09803300637697758 0.4553315472407715
4753 0.09799089748910927 0.4552188626229884
4754 0.09794842614254738 0.4551051005650188
4755 0.09790559437241018 0.4549901814106025
4756 0.09786293227208816 0.4548758968042416
4757 0.09782011766627965 0.4547613287631889
4758 0.09777746682845213 0.4546474605599531
4759 0.09773314668604506 0.4545284139078885
4760 0.09769165954336678 0.454418756506076
4761 0.09764808919004189 0.4543025161376337
4762 0.09760550178349521 0.4541894956745808
4763 0.09756329861733418 0.4540778867495415
4764 0.0975221443390607 0.453969394913597
4765 0.09747978841910976 0.4538576124959363
4766 0.09743801289409972 0.4537475010039966
4767 0.09739630681305404 0.4536377430831521
4768 0.09735616971282712 0.4535330711829691
4769 0.09731363807678022 0.4534207561448363
4770 0.0972732611710672 0.4533155078538464
4771 0.09723196220931886 0.4532075629792562
4772 0.09718887321799263 0.4530939857882801
4773 0.0971493266283789 0.4529909656598314
4774 0.09710784544052757 0.4528831597559942
4775 0.09706617101310824 0.4527748599185013
4776 0.09702451548885957 0.4526667478815018
4777 0.09698292495642515 0.4525589933968762
4778 0.09694141999722269 0.4524516559624373
4779 0.09690000978723716 0.4523447535238947
4780 0.09685869757075001 0.4522382892703061
4781 0.09681812541243995 0.4521341242527241
4782 0.0967777383692302 0.4520306819988237
4783 0.09673661569865735 0.4519251501684702
4784 0.09669394246097475 0.4518150629075158
4785 0.09665423243635403 0.4517141532020341
4786 0.09661202895586041 0.4516059279776971
4787 0.09657098769998788 0.4515012820348038
4788 0.09653042711591955 0.4513982952012747
4789 0.09649015360793345 0.4512962576788884
4790 0.09645173020947975 0.4511998320341481
4791 0.09641066673340715 0.4510955165861279
4792 0.09637026670556129 0.4509932809592884
4793 0.09633103850524026 0.4508949337149897
4794 0.09629191706700571 0.4507968832146048
4795 0.09625241598640398 0.4506977872320443
4796 0.09621054240731508 0.4505917906513444
4797 0.09617089737525474 0.4504928027848396
4798 0.09613099758597257 0.4503932809525547
4799 0.09609114092061151 0.4502939234575687
4800 0.09605204618498112 0.4501968783548468
4801 0.09601284650428649 0.450099729820887
4802 0.09597305494452411 0.4500010025200399
4803 0.09593335809470997 0.4499023894913949
4804 0.09589332004322061 0.4498034156368605
4805 0.09585419913871146 0.4497072604987997
4806 0.09581485784145237 0.4496105600246017
4807 0.09577460557793754 0.4495115232810372
4808 0.09573554216865271 0.4494158397545407
4809 0.09569461948989848 0.4493150138656049
4810 0.09565673470571517 0.449223127013813
4811 0.09561615040928993 0.4491237536316203
4812 0.09557750737981674 0.4490298477426548
4813 0.09553876896551927 0.4489360187456423
4814 0.09550011394173934 0.4488425604549887
4815 0.09546161994733263 0.4487496329868946
4816 0.09542346633460166 0.4486575234885863
4817 0.09538616373298589 0.448568477717984
4818 0.09534625424192403 0.4484720354863406
4819 0.09530910078364778 0.4483834522290313
4820 0.09527083410241109 0.4482918505053276
4821 0.09523157163597226 0.4481977902139709
4822 0.09519271461657976 0.448104884008031
4823 0.09515402885356776 0.4480127052756292
4824 0.09511546590080938 0.4479210781907835
4825 0.09507701275043501 0.4478299390040701
4826 0.0950386598028243 0.4477392326910914
4827 0.09500016147702903 0.4476483993616618
4828 0.09496200814289557 0.4475585095485088
4829 0.0949246001756021 0.4474707596633285
4830 0.0948866011837884 0.4473817474843338
4831 0.09484712520845272 0.4472885769787402
4832 0.09480888017644892 0.4471991695838713
4833 0.09477108077284058 0.447111173219945
4834 0.09473315130996086 0.447023327699195
4835 0.09469735757646179 0.4469411125498353
4836 0.09465931165651777 0.4468526025448669
4837 0.09462339994693295 0.4467702813072631
4838 0.09458487376177661 0.4466808473228133
4839 0.09454782983615591 0.4465959043712725
4840 0.09451068682489307 0.4465107340777586
4841 0.09447353484869658 0.4464256143866015
4842 0.09443638999084232 0.4463406762120393
4843 0.09439927753529916 0.4462560138313576
4844 0.09436221862723128 0.4461716804192695
4845 0.0943252195208419 0.446087689510344
4846 0.09428805014407757 0.4460034802907046
4847 0.09425120284416195 0.4459201967077475
4848 0.09421530559308885 0.4458395034266662
4849 0.09417813897031284 0.4457559096167609
4850 0.09414131069632395 0.4456731615690435
4851 0.0941046133107563 0.4455909207089113
4852 0.09406802077571425 0.4455091389409037
4853 0.09403153052559096 0.44542780526263
4854 0.09399513993246053 0.4453469056184728
4855 0.09395882921889138 0.4452663741993975
4856 0.09392337050648797 0.4451886940963726
4857 0.09388659477602816 0.4451068244674929
4858 0.09385028596754492 0.4450266057193489
4859 0.09381416396977424 0.4449471513191181
4860 0.09377896300571127 0.4448702619880247
4861 0.09374367166437772 0.4447934780761834
4862 0.09370628116215335 0.4447112202116912
4863 0.09367155775225108 0.4446362474853746
4864 0.09363497757299957 0.4445565009356047
4865 0.09360064945004486 0.4444829157756865
4866 0.09356565368560341 0.4444078075532009
4867 0.09353039915158777 0.4443320051573578
4868 0.09349511930174158 0.4442562140330848
4869 0.09346012968145585 0.4441810332620387
4870 0.09342480330184527 0.4441055036471381
4871 0.09338941419101922 0.4440300486951906
4872 0.09335333962846068 0.4439530164140997
4873 0.09331795177691925 0.4438777494509076
4874 0.09328283013040807 0.4438033830812216
4875 0.09324782069357555 0.4437294371659239
4876 0.09321371680530333 0.4436579905790558
4877 0.09317952314667671 0.4435865972618561
4878 0.09314490806053348 0.4435142728317653
4879 0.09310897752280549 0.4434385081570689
4880 0.0930756434331995 0.4433696989922057
4881 0.09304176321142951 0.4432998396045554
4882 0.09300773375396439 0.4432296331527729
4883 0.09297370706861526 0.4431595250010119
4884 0.09293960884299765 0.4430893871976716
4885 0.09290557131600617 0.443019555274617
4886 0.09287153923322994 0.4429497156071935
4887 0.09283735680281037 0.4428797982256525
4888 0.09280334258900445 0.4428106209744166
4889 0.09276964858429118 0.4427418620369633
4890 0.09273596909394022 0.4426742313672148
4891 0.09270190210955649 0.4426051530889398
4892 0.09266862810987035 0.4425384759461253
4893 0.0926352575881995 0.4424717675076118
4894 0.09260244573667294 0.4424065315797722
4895 0.092569555344257 0.4423413637068925
4896 0.09253642820962858 0.4422757546967226
4897 0.09250332092438478 0.4422102696120179
4898 0.09247022020453519 0.4421449648821704
4899 0.09243717905068993 0.4420799490189276
4900 0.09240275462565242 0.442011566821093
4901 0.09236994979261248 0.4419473803372818
4902 0.09233746776774127 0.4418842525214395
4903 0.09230512928593586 0.4418216564262261
4904 0.09227281907571022 0.4417593299901652
4905 0.0922405953722103 0.4416973628402788
4906 0.0922070177456901 0.441632741854832
4907 0.09217515900494974 0.4415711234247133
4908 0.09214249843039553 0.4415091833532135
4909 0.0921121023921929 0.4414517324388419
4910 0.09208042660907748 0.4413923437974749
4911 0.0920479388483874 0.441330989285415
4912 0.09201591223149966 0.4412705942590943
4913 0.09198341982519188 0.441209644037637
4914 0.0919532717383702 0.4411535216175633
4915 0.09192185140624641 0.441095586514723
4916 0.0918896011707916 0.4410356932474446
4917 0.09185719377734952 0.4409755849427148
4918 0.09182725646833226 0.4409206158307009
4919 0.09179605539141893 0.4408638912565894
4920 0.09176339189315431 0.4408039750051523
4921 0.09173348698191258 0.4407494577480211
4922 0.09170179654487422 0.4406921734584273
4923 0.09166963547839475 0.4406336265690588
4924 0.09164024761971849 0.4405811763777991
4925 0.09160947899820591 0.440526811564101
4926 0.09157868084582207 0.440471792725065
4927 0.0915480206035329 0.4404173705265719
4928 0.09151721064748268 0.4403630663357691
4929 0.09148655434677705 0.4403088177684816
4930 0.0914560258053594 0.4402552434695346
4931 0.0914239096491509 0.4401984688360038
4932 0.09139479025555958 0.4401478025183391
4933 0.09136391182222449 0.440094509400235
4934 0.0913329822031743 0.4400411385906702
4935 0.09130428702601258 0.4399919443108902
4936 0.09127326504657814 0.439939309005109
4937 0.09124441227550704 0.4398901274311128
4938 0.09121460978030566 0.4398400501962402
4939 0.09118372366506425 0.4397880162415652
4940 0.09115496712500129 0.4397395231275918
4941 0.09112532589284536 0.4396903142293201
4942 0.09109463956845079 0.4396392667727029
4943 0.09106620993499445 0.4395920429009924
4944 0.09103676483535862 0.4395438576817067
4945 0.09100618884332767 0.4394934521647919
4946 0.09097777856833333 0.4394471061596531
4947 0.09094850326950735 0.4393997541224143
4948 0.09091940673133947 0.4393534617071594
4949 0.09089026754464488 0.4393068363062054
4950 0.09086106020445725 0.4392591223137565
4951 0.09083211547325891 0.4392132771709885
4952 0.09080265330728995 0.4391664706214938
4953 0.09077372966919195 0.4391211481524279
4954 0.09074485719460403 0.439075001198392
4955 0.09071621888643552 0.439030664445242
4956 0.0906871225902824 0.4389857125738982
4957 0.09065841135708398 0.4389404736109331
4958 0.09062994929311412 0.4388971072331942
4959 0.09060124057742669 0.4388538158831209
4960 0.09057272631983629 0.4388093651638637
4961 0.09054441556431368 0.438766955253384
4962 0.0905158303809994 0.4387246786686633
4963 0.09048753273326325 0.4386812733248497
4964 0.09045895188041771 0.4386389752984804
4965 0.09043159395675232 0.4385992427006504
4966 0.09040299357218227 0.4385565873670221
4967 0.09037497423447924 0.4385156057313443
4968 0.09034601377134899 0.4384734701039801
4969 0.09031810375267775 0.438432534248103
4970 0.09029029702024019 0.4383926375116098
4971 0.09026252909878639 0.438353073731519
4972 0.09023481735240109 0.4383138192148889
4973 0.09020745398361077 0.4382752925633384
4974 0.09018015776942628 0.4382373754596129
4975 0.09015224969605755 0.4381986890875021
4976 0.0901255964226514 0.4381625389459305
4977 0.09009759047333098 0.4381233007613185
4978 0.09007015692681397 0.4380856813197573
4979 0.09004226961831693 0.4380476927126197
4980 0.09001395831071018 0.4380088789292798
4981 0.08998746192137241 0.4379727882981777
4982 0.08996044730687153 0.4379372420497044
4983 0.08993314962279608 0.4379012644114809
4984 0.08990619598989265 0.4378664814864603
4985 0.08987906754197049 0.4378297649682238
4986 0.08985221227999041 0.4377953178446705
4987 0.08982515628887032 0.437761346503022
4988 0.08979809125310681 0.4377252393065322
4989 0.08977097721312384 0.4376910103777295
4990 0.0897432832616975 0.4376556597824736
4991 0.08971730369660802 0.4376225069276897
4992 0.08969085277534183 0.4375900519696171
4993 0.08966443631363084 0.4375585780702628
4994 0.08963765775063699 0.4375242979898532
4995 0.08961130123997868 0.4374925535423857
4996 0.0895848773915489 0.4374616286208733
4997 0.08955821201800167 0.4374280806368516
4998 0.08953198206105489 0.4373971495846127
4999 0.08950569695608238 0.4373670754725079
5000 0.08947921641092539 0.4373344646520825
5001 0.08945316133460814 0.4373044798855951
5002 0.08942705437477277 0.4372753612652723
5003 0.08940076841948377 0.4372437190477228
5004 0.08937456539305121 0.4372142990407548
5005 0.08934784781104058 0.4371839590232166
5006 0.08932269666140477 0.4371553004894525
5007 0.08929684461347893 0.4371272541669782
5008 0.08927108811463093 0.4370990380552396
5009 0.08924542028397554 0.4370711431243006
5010 0.08921982763238144 0.4370436023474358
5011 0.08919430140142778 0.4370163981668384
5012 0.08916932076295023 0.436989975512692
5013 0.08914372059043148 0.4369638269324777
5014 0.08911789312985789 0.4369369449393229
5015 0.08909300334325047 0.436910629424948
5016 0.08906796250119871 0.4368857869715752
5017 0.08904261536955937 0.4368611742706589
5018 0.089017693554532 0.4368366935359634
5019 0.08899244304709995 0.4368106585496784
5020 0.08896724995145344 0.436786179972128
5021 0.08894267781444183 0.4367623507309931
5022 0.08891770534008754 0.4367392816145206
5023 0.08889274764150433 0.4367145576353649
5024 0.08886802988283905 0.4366922861254876
5025 0.08884311902855695 0.4366681472733358
5026 0.08881799264647086 0.4366452710406039
5027 0.08879385249380874 0.4366231077823503
5028 0.08876868678412621 0.436600806013041
5029 0.08874510232815727 0.4365798734915424
5030 0.08872106721834258 0.4365605556577334
5031 0.088696559081342 0.4365385148701961
5032 0.08867252277102802 0.4365185922225651
5033 0.08864849725532911 0.4364993659221643
5034 0.08862415915467362 0.4364781312866048
5035 0.08860001014573575 0.4364587519033904
5036 0.08857644749651103 0.4364398681411855
5037 0.08855256783746333 0.4364220280807584
5038 0.08852868420580702 0.4364023823765337
5039 0.08850505038418012 0.4363852970370967
5040 0.08848117572664138 0.4363661370222822
5041 0.08845795451735515 0.4363493312323627
5042 0.08843432648980198 0.4363330821144257
5043 0.0884107728895115 0.4363149936991789
5044 0.08838747206224566 0.4362995368253317
5045 0.08836398003721817 0.4362820591409878
5046 0.08834112537957708 0.4362669399889461
5047 0.08831796907137164 0.4362524742951015
5048 0.08829635182056336 0.4362386670099594
5049 0.08827236029658293 0.4362239774452304
5050 0.08824701507961667 0.4362022746530747
5051 0.08822472458900033 0.4361887449690884
5052 0.08820142844209312 0.4361748621993419
5053 0.0881804830486496 0.4361641921417758
5054 0.08815737059898877 0.4361516039496736
5055 0.08813404181299653 0.4361373802702996
5056 0.08811326678076935 0.436127377806409
5057 0.08809047327837359 0.4361157963714226
5058 0.08806729200353326 0.4361025089327076
5059 0.08804599774206928 0.4360928131894292
5060 0.08802305836382324 0.4360803663844901
5061 0.08800193682391262 0.4360714946530023
5062 0.08797917564875896 0.4360598414265536
5063 0.08795820992918232 0.4360516692221365
5064 0.08793559924964126 0.4360407520053142
5065 0.08791449616780439 0.4360324697957433
5066 0.0878940578855832 0.4360248501771179
5067 0.08787083914093408 0.4360153007212187
5068 0.08784997850574475 0.4360080231966403
5069 0.0878281793035109 0.4360002216783931
5070 0.08780724941946486 0.4359927443823924
5071 0.08778702444537112 0.4359864043521669
5072 0.08776438512553193 0.4359792342565145
5073 0.08774343965615114 0.4359722065924674
5074 0.08772413170114049 0.4359699997323186
5075 0.08770364319499781 0.4359666826474077
5076 0.08768227902173233 0.4359577950154592
5077 0.08766001216757939 0.4359513319407619
5078 0.08763918867268428 0.4359470124863251
5079 0.08761848440622726 0.4359401857034894
5080 0.08759686681492956 0.4359354067228816
5081 0.08757641830661711 0.4359325853624234
5082 0.08755611455299135 0.4359270672459699
5083 0.08753491586162455 0.4359235666648209
5084 0.08751472447350461 0.4359223588250909
5085 0.08749354878772028 0.4359167162979715
5086 0.08747282674152684 0.4359148156113495
5087 0.08745394954934486 0.4359122757144379
5088 0.08743319183336994 0.4359110925473175
5089 0.08741338767708956 0.4359117840228739
5090 0.08739380838932007 0.4359092179787454
5091 0.08737379848681283 0.4359110859116174
5092 0.08735414566362257 0.435908868560023
5093 0.08733421418835828 0.4359105767400184
5094 0.08731374153472767 0.4359089136507625
5095 0.08729215572724615 0.4359060099728418
5096 0.08727399194727517 0.4359073222448897
5097 0.08725427530388877 0.4359089661488994
5098 0.08723432520261065 0.4359108126454764
5099 0.08721565421289446 0.4359135939101222
5100 0.08719770985008397 0.4359165007058317
5101 0.08717770505245766 0.4359207797570624
5102 0.08715771833264749 0.435923287314423
5103 0.08714000399173681 0.4359264628440826
5104 0.08712073359732282 0.4359314994042617
5105 0.08710061184049128 0.4359346419643048
5106 0.08708345610542459 0.4359393230768112
5107 0.0870642354983356 0.4359451913221695
5108 0.08704498794834596 0.4359513572796305
5109 0.08702630041723801 0.4359527099380524
5110 0.08700707990482226 0.4359589607781414
5111 0.08698910836542523 0.4359642793245585
5112 0.08697002199089827 0.435971718170974
5113 0.08695177268228034 0.4359774897564878
5114 0.08693384965632862 0.4359846052943517
5115 0.08691465331055249 0.4359940724256952
5116 0.08689709201873454 0.4360007307940623
5117 0.08687881629534353 0.4360100997639673
5118 0.08686056064872467 0.4360184128539718
5119 0.0868429622610654 0.4360272855061691
5120 0.08682461102494747 0.4360358720312577
5121 0.08680588395528958 0.4360438760110604
5122 0.08678789560184347 0.4360514829416693
5123 0.08676945491576259 0.4360603763008356
5124 0.08675070951051157 0.4360689295058525
5125 0.08673287655581725 0.4360775488601218
5126 0.08671468953360183 0.436087569403194
5127 0.08669618060770573 0.4360973535946647
5128 0.08667852012384929 0.4361071114532448
5129 0.08666060124795422 0.436118223779975
5130 0.08664299927966515 0.4361291500152936
5131 0.08662564059796592 0.436140918650518
5132 0.08660797184942319 0.4361532060009529
5133 0.08659014817822076 0.4361655854764714
5134 0.08657323860873536 0.4361776072674267
5135 0.08655582377514626 0.4361910890528632
5136 0.08653740330545696 0.4362045773949691
5137 0.08652002788358543 0.4362166516257778
5138 0.08650228880037537 0.4362298932763851
5139 0.0864862664030632 0.4362429159404326
5140 0.08646836429406014 0.4362587699740584
5141 0.08645081570547433 0.4362726284114468
5142 0.08643360913950528 0.4362867551288039
5143 0.08641663590943653 0.4363015225797868
5144 0.08639980463158749 0.4363168857842426
5145 0.08638303265961271 0.436332698019254
5146 0.08636626363533442 0.4363488333329031
5147 0.08634948006894247 0.4363652004941419
5148 0.08633269196773048 0.4363817643517869
5149 0.08631591526741589 0.4363985266851239
5150 0.08629916232648531 0.4364155009989545
5151 0.08628244307427138 0.4364327091431108
5152 0.08626576404091521 0.436450168387464
5153 0.08624913100240073 0.436467893784953
5154 0.08623254864276374 0.4364858979263058
5155 0.08621601920949967 0.4365041885686833
5156 0.08619954351826936 0.4365227694559977
5157 0.08618312299454461 0.4365416446836656
5158 0.08616675854156325 0.4365608168026726
5159 0.08615045102522816 0.4365802874978053
5160 0.08613420080120247 0.4366000581910836
5161 0.08611800933830786 0.4366201336485954
5162 0.08610155492851039 0.4366394977343993
5163 0.08608711677802368 0.4366652333428008
5164 0.08607137959198027 0.4366849279869798
5165 0.08605466210941061 0.4367062619847474
5166 0.08603771103103224 0.4367225034680424
5167 0.08602124912189074 0.4367452998203058
5168 0.08600641849658158 0.4367709397312824
5169 0.08599021006121892 0.4367885427873723
5170 0.08597399584860059 0.436812052171026
5171 0.08595941636265785 0.4368395793416468
5172 0.08594344074342249 0.436857889176052
5173 0.08592857272889506 0.436886915061345
5174 0.08591153274221973 0.436906109903309
5175 0.08589685481180263 0.4369286463335655
5176 0.08588035149016901 0.436953636499549
5177 0.08586558012305963 0.4369773012238144
5178 0.08585070975281518 0.4370083597756134
5179 0.0858356458100461 0.4370295634914554
5180 0.0858207666481875 0.4370550989596777
5181 0.08580506193220747 0.43708278881027
5182 0.08579063393824579 0.4371078921342182
5183 0.08577659812539004 0.4371395673188546
5184 0.08575989170098851 0.4371623135443585
5185 0.08574553319528481 0.4371872574243671
5186 0.08573085274122973 0.4372145242705977
5187 0.08571482415532615 0.4372420711139493
5188 0.08570038484049954 0.4372679652972115
5189 0.08568606836717632 0.4372967626581313
5190 0.08567124721701445 0.4373282047423357
5191 0.08565711746740655 0.4373551907203426
5192 0.08564293408390282 0.4373846226070701
5193 0.08562820715571155 0.4374166886425
5194 0.08561417358829732 0.4374442769730309
5195 0.08559963915497515 0.4374763457460798
5196 0.0855857365615917 0.4375045441776027
5197 0.08557128872109225 0.4375373142075508
5198 0.08555749596463245 0.4375660992911494
5199 0.08554320630044525 0.4375995650838482
5200 0.08552954337973262 0.4376289504136418
5201 0.085515350560031 0.4376629987926384
5202 0.08550179148371975 0.4376929445444008
5203 0.08548773948883644 0.4377276757447623
5204 0.08547430406327794 0.4377581770541354
5205 0.08546035347070274 0.4377934660716873
5206 0.08544703059450585 0.4378245426205714
5207 0.08543322846178771 0.4378605349665921
5208 0.08542185531072369 0.4378965514655244
5209 0.08540807130245243 0.4379330853561209
5210 0.08539434485139982 0.4379668515856798
5211 0.08538152720700581 0.4379996022232366
5212 0.08536751250479874 0.4380357470672204
5213 0.08535475493382493 0.4380692068469096
5214 0.08534084554097472 0.4381062212308452
5215 0.08532733470166801 0.4381412419834149
5216 0.08531489967024961 0.4381756162521935
5217 0.08530141664126793 0.4382138172374637
5218 0.08528910217401121 0.4382491040107124
5219 0.08527571633141942 0.4382882311522689
5220 0.0852627764727566 0.438325438861047
5221 0.08525076425158994 0.4383616038826161
5222 0.08523769889674605 0.4384016223028591
5223 0.08522575567507855 0.4384385200850342
5224 0.0852127553307848 0.4384793882302033
5225 0.08520017821933647 0.4385181981197313
5226 0.08518849616817309 0.4385558610346713
5227 0.08517578568597048 0.4385975162266452
5228 0.08516416957032442 0.4386359154716916
5229 0.08515151822122421 0.4386784056288771
5230 0.08513927751440391 0.4387187792121993
5231 0.08512790995208704 0.438757912257923
5232 0.08511552621833801 0.4388011320023886
5233 0.08510421385869346 0.4388409815487296
5234 0.08509188121743548 0.438885022886971
5235 0.08507994828501483 0.4389268975625268
5236 0.08506819181258933 0.4389689695238576
5237 0.08505720585680658 0.4390098942524996
5238 0.08504522693317909 0.4390549701461304
5239 0.08503359136185278 0.4390983225985132
5240 0.0850227911980391 0.439140202059872
5241 0.08501101334106964 0.439186483575683
5242 0.08499957878995593 0.4392307397922046
5243 0.08498828547535615 0.4392750802274061
5244 0.08497707259272512 0.4393196914702805
5245 0.08496593801897151 0.4393646622784289
5246 0.08495477938795354 0.4394097455870736
5247 0.08494378836378667 0.4394554409328436
5248 0.0849334714634816 0.4395021742866749
5249 0.08492274119497044 0.4395490765180325
5250 0.08491193601466643 0.439595965997284
5251 0.08490116224150517 0.4396430407970539
5252 0.08489043831538932 0.4396903735014424
5253 0.08487976089182024 0.4397379901398066
5254 0.08486913153487695 0.4397859160143719
5255 0.08485861181701662 0.4398341474891044
5256 0.08484818420930114 0.4398826202215959
5257 0.08483779739440919 0.4399313449238212
5258 0.08482741723003707 0.4399802945333033
5259 0.08481790892722418 0.4400313286791635
5260 0.08480760465666173 0.440080972888393
5261 0.08479716134587158 0.4401303690642204
5262 0.08478673787719559 0.4401798946855875
5263 0.08477637197936076 0.4402296676710821
5264 0.08476607511024148 0.4402797344278579
5265 0.0847558500593165 0.4403301130583963
5266 0.08474570249281735 0.4403808252155925
5267 0.08473563521231499 0.4404318839186152
5268 0.08472565022813185 0.4404832986852281
5269 0.08471315799791475 0.4405291925068983
5270 0.08470310663966393 0.4405804910477212
5271 0.08469361318698322 0.4406334083219671
5272 0.08468429327723655 0.440686992228159
5273 0.08467504742428832 0.440740948165176
5274 0.08466584427543832 0.4407951748957158
5275 0.0846566665604174 0.4408496239876326
5276 0.0846475059166223 0.4409042691952497
5277 0.08463835669546772 0.4409590950020049
5278 0.08462921606957717 0.4410140934191998
5279 0.08462008440358643 0.4410692648963134
5280 0.08461096425579276 0.4411246159470908
5281 0.08460185817590798 0.4411801533814324
5282 0.08459276869793196 0.4412358837512245
5283 0.08458369977742593 0.4412918163118666
5284 0.08457465619960021 0.441347961844453
5285 0.08456563734065208 0.441404316167908
5286 0.08455664665389266 0.4414608821497318
5287 0.08454768337712022 0.4415176558528715
5288 0.08454130989248893 0.441580930842594
5289 0.0845326672116708 0.4416389641856429
5290 0.08452356242798095 0.4416959075946559
5291 0.08451439457164521 0.4417527827328582
5292 0.08450526603211089 0.4418098828629088
5293 0.08449620705302169 0.4418672994535661
5294 0.08448722899332738 0.4419250665916264
5295 0.08447833917791119 0.4419832018617668
5296 0.0844693733945087 0.4420413871150925
5297 0.08446068965637088 0.442100219224563
5298 0.08445212174070295 0.4421595582395317
5299 0.08444352182506185 0.4422190364456098
5300 0.08443470825182597 0.4422783763693231
5301 0.0844263715227356 0.4423387107856676
5302 0.08441817434888291 0.4423995138359498
5303 0.08441002883625824 0.4424606319884106
5304 0.08440191666586325 0.4425220140341935
5305 0.08439383820376743 0.4425836470597867
5306 0.08438579570727263 0.4426455275206946
5307 0.08437779036059478 0.4427076529736036
5308 0.08436982411763592 0.4427700300702777
5309 0.08436190052408381 0.4428326662981256
5310 0.08435402118754906 0.4428955591473445
5311 0.0843461848638342 0.4429587079428244
5312 0.08433810847147469 0.4430215974106902
5313 0.08433036553476891 0.4430851637730971
5314 0.0843198078737968 0.4431420913297829
5315 0.08431184359032574 0.4432052703201538
5316 0.08430452694788838 0.443270302294562
5317 0.0842978913779856 0.4433374980708387
5318 0.08429090093228576 0.4434037580990582
5319 0.08428380022477859 0.4434698814604055
5320 0.08427666081047773 0.4435360497118973
5321 0.08426950429543988 0.4436023219979313
5322 0.08426189822186879 0.4436672980939391
5323 0.08425467291306102 0.4437336763590926
5324 0.08424755872624355 0.443800530804154
5325 0.08424047809699477 0.4438676249218869
5326 0.08423341188086754 0.4439348978948305
5327 0.08422635836885352 0.4440023418758009
5328 0.08421932082181491 0.4440699650738468
5329 0.08421230380181273 0.4441377792367998
5330 0.0842053114253604 0.4442057947951824
5331 0.08419834723324215 0.4442740211284906
5332 0.08419141464534795 0.4443424669198312
5333 0.08418451686698041 0.4444111399939291
5334 0.08417765646523871 0.4444800473170606
5335 0.08417083537115687 0.4445491934867963
5336 0.08416405520117097 0.4446185823821333
5337 0.08415731749408423 0.4446882181697844
5338 0.08415062262105412 0.4447580993041483
5339 0.08414397095144695 0.4448282276952395
5340 0.08413736494628785 0.4448986101255313
5341 0.08413080425704632 0.4449692432823384
5342 0.08412428718475468 0.4450401262265652
5343 0.08411781426444341 0.4451112597880598
5344 0.0841113865557106 0.4451826456463185
5345 0.08410566310959885 0.4452562980607489
5346 0.08409942213796277 0.4453284490804667
5347 0.0840930554856404 0.4454003708522451
5348 0.0840866961721012 0.4454724388907505
5349 0.08408038268821404 0.4455447643529178
5350 0.08407412718255435 0.4456173784863248
5351 0.08406793329177333 0.4456902892900719
5352 0.0840618024450433 0.4457634996215217
5353 0.0840557335308505 0.4458370078399629
5354 0.08404972541881539 0.445910808946469
5355 0.0840437781786947 0.445984900434804
5356 0.08403788025075597 0.4460592406289862
5357 0.08403204778343039 0.446133898681104
5358 0.08402654687898495 0.4462093833056864
5359 0.08402082704226603 0.4462846920966182
5360 0.08401511309444766 0.446360126668322
5361 0.08400945481032836 0.44643580351304
5362 0.08400385853764775 0.446511748318588
5363 0.08399830996227756 0.4465879195038652
5364 0.08399281828992358 0.4466643766257916
5365 0.08398738290355347 0.4467411149445366
5366 0.08398200224286166 0.4468181282573673
5367 0.08397667306708372 0.4468954074280199
5368 0.08397140146791196 0.4469729554373903
5369 0.08396619889767869 0.4470508447079344
5370 0.0839610529369494 0.4471289915584307
5371 0.08395596435536078 0.4472074166144793
5372 0.08395105089769342 0.4472865478615856
5373 0.08394608266727392 0.447365535217594
5374 0.0839411490153126 0.4474447281642144
5375 0.08393626769347518 0.4475241880565338
5376 0.08393144176362397 0.44760392250373
5377 0.08392667316305527 0.447683934052332
5378 0.08392213475588818 0.4477647366712085
5379 0.08391750387299909 0.4478453750596725
5380 0.08391289145002183 0.4479261685540744
5381 0.08390832649761748 0.4480072034588266
5382 0.08390382085640084 0.4480885178866167
5383 0.08389937758010887 0.448170120945154
5384 0.08389507940717389 0.4482551928940156
5385 0.08389064496380381 0.4483336481610791
5386 0.08388637998423153 0.4484154742596141
5387 0.08388218506598291 0.4484984918726779
5388 0.08387805835400683 0.448581894245006
5389 0.08387399710301864 0.4486654841134662
5390 0.08386999368479295 0.4487492393156977
5391 0.08386560845817841 0.4488319390990395
5392 0.08386167241209655 0.4489159708092822
5393 0.08385843795950067 0.4490051120919168
5394 0.08385460536732267 0.4490865447942311
5395 0.08385087770754727 0.4491709184968691
5396 0.08384720140106089 0.4492563632659219
5397 0.08384358810083446 0.4493421725208104
5398 0.08384004334098792 0.4494281900406094
5399 0.08383653890012061 0.4495143671861931
5400 0.08383312218698974 0.4496008286598674
5401 0.08382977600117972 0.4496875820694841
5402 0.08382666699286651 0.4497750853407378
5403 0.08382342129051286 0.4498622271788001
5404 0.0838202927823775 0.4499527484572508
5405 0.08381692327181821 0.45003660887092
5406 0.08381373280069963 0.4501236755170288
5407 0.08381060050292616 0.4502119071583942
5408 0.08380752343178859 0.4503005062601479
5409 0.08380450366235129 0.4503892786104458
5410 0.08380167321099989 0.4504816067758075
5411 0.08379858812556323 0.4505671380788633
5412 0.08379572126922658 0.4506558681562855
5413 0.08379293642363431 0.4507457467731771
5414 0.08379022348874235 0.4508359839442263
5415 0.08378756761010331 0.4509263118762997
5416 0.08378495931101325 0.4510167562209503
5417 0.08378239954046847 0.4511074532949136
5418 0.08378004368712735 0.4512019497012151
5419 0.08377739156902497 0.4512895249369048
5420 0.08377493208054734 0.451380274842217
5421 0.08377269469467423 0.4514757406285154
5422 0.08377013864013867 0.4515643632465345
5423 0.08376780008369476 0.4516558026549086
5424 0.08376570284944768 0.4517518965362768
5425 0.08376330136304254 0.4518411989702827
5426 0.08376129821336535 0.4519370375441346
5427 0.08375898201134017 0.4520269315507507
5428 0.08375690512654907 0.4521197383273172
5429 0.08375510270187767 0.4522173027989232
5430 0.08375298845960878 0.452308011099269
5431 0.0837512851501597 0.4524053448723281
5432 0.08374924315140608 0.4524966344333179
5433 0.08374761922773168 0.4525944057144533
5434 0.08374567187094964 0.4526860860084599
5435 0.08374414883647201 0.4527845005090916
5436 0.08374287399215612 0.4528781219214892
5437 0.08374137971795233 0.4529769597842325
5438 0.08373965697814487 0.4530698374726911
5439 0.08373811582929473 0.4531688137275025
5440 0.08373659759981228 0.4532627144292252
5441 0.08373513348220778 0.453362075154699
5442 0.08373459801758089 0.4534581756667264
5443 0.08373310611746372 0.4535579041020168
5444 0.08373168673036828 0.4536523454643887
5445 0.08373009713697313 0.4537520376769845
5446 0.0837286233692377 0.4538497229411884
5447 0.08372736364868801 0.4539443870491539
5448 0.08372595279480768 0.4540448444023636
5449 0.08372465610224653 0.4541433174836497
5450 0.0837235805744078 0.4542389823618961
5451 0.08372182716559609 0.4543383643336395
5452 0.08372070513960148 0.4544378122489319
5453 0.08371981437984416 0.4545343834278964
5454 0.08371898408140012 0.4546374178801779
5455 0.0837182185848178 0.4547381778837384
5456 0.08371752807304554 0.4548356475105518
5457 0.08371687723285264 0.45493966251497
5458 0.08371625254328215 0.4550376460833552
5459 0.08371569316389477 0.455142164723027
5460 0.08371512148455679 0.4552439083115304
5461 0.08371454226687079 0.4553451992727067
5462 0.08371393718967754 0.4554465479534652
5463 0.08371343512059715 0.4555452610733355
5464 0.08371284401718061 0.4556503833124253
5465 0.08371223710856804 0.45575288116012
5466 0.08371164662657778 0.4558549865993467
5467 0.08371104473329384 0.4559569237606812
5468 0.08371046271351763 0.4560592911667814
5469 0.08370989846649683 0.4561617770650634
5470 0.08370895882535326 0.4562635901358021
5471 0.08370841461769495 0.4563664485478472
5472 0.08370803505621334 0.4564699679045109
5473 0.08370770428576095 0.4565737007925011
5474 0.08370746400854144 0.4566778740857427
5475 0.08370725495657318 0.4567822147518085
5476 0.08370711858846049 0.4568868844613356
5477 0.08370698961462564 0.4569916164388447
5478 0.08370691388510702 0.4570966816495098
5479 0.0837068358913193 0.4572018592365683
5480 0.08370680892245533 0.4573073616470029
5481 0.0837067749320122 0.4574129394307874
5482 0.08370679004817987 0.4575188079952413
5483 0.08370680260945819 0.4576247543505485
5484 0.08370687184851715 0.4577310105996327
5485 0.08370694464462151 0.4578373636949448
5486 0.0837070807588611 0.4579440475337698
5487 0.08370722658145417 0.4580508406551912
5488 0.08370819218198225 0.4581599762725386
5489 0.08370848285342303 0.4582674610122778
5490 0.08370856543467493 0.4583744524172064
5491 0.0837087440558841 0.4584818147697103
5492 0.083709010749005 0.4585895969692246
5493 0.08370897312649277 0.4586969322549457
5494 0.08370938673826273 0.4588052669173654
5495 0.08370990235279364 0.4589140043073019
5496 0.08371047789047315 0.4590230778768801
5497 0.08371109062965608 0.4591324006105225
5498 0.08371166884131497 0.4592383513389889
5499 0.08371212884582056 0.4593514006039769
5500 0.08371294789633504 0.4594618791117733
5501 0.08371381258060324 0.459572188426027
5502 0.08371461427318612 0.459682254405859
5503 0.08371542641917953 0.4597927488096854
5504 0.08371621060291552 0.4599032179322203
5505 0.08371702505640852 0.460014002349683
5506 0.0837172659925921 0.4601235066263236
5507 0.08371810778268111 0.4602345185234044
5508 0.08371906047583358 0.4603459267086876
5509 0.08372008248085075 0.4604577159139205
5510 0.08372113207672058 0.4605696656055153
5511 0.08372165159196773 0.460680805972525
5512 0.08372275192824123 0.4607930815072694
5513 0.08372401126431983 0.4609059287755478
5514 0.08372530198422191 0.4610189609714055
5515 0.08372665855172166 0.4611323477079808
5516 0.08372802770515758 0.4612458578080119
5517 0.08372945331574923 0.4613596799086264
5518 0.08373088615253031 0.4614736100965564
5519 0.0837323736412782 0.4615878389665888
5520 0.083733869303592 0.4617021813517532
5521 0.08373541570313013 0.4618168039471334
5522 0.08373696557883815 0.4619315226303341
5523 0.08373856951107879 0.4620465252108009
5524 0.08374018402158012 0.462161639327652
5525 0.08374185942734935 0.4622770617195086
5526 0.08374354967850432 0.4623926124824906
5527 0.08374530569935759 0.4625084762705452
5528 0.08374707937062532 0.4626244759316239
5529 0.08374891850325449 0.4627407854995208
5530 0.0837507783663359 0.4628572409786307
5531 0.08375256180981454 0.4629736221883004
5532 0.08375454541808636 0.463090580188221
5533 0.0837567380251043 0.4632083164539455
5534 0.08375882081046924 0.46332585007575
5535 0.08376092176329533 0.4634435293203744
5536 0.08376304583736242 0.4635613647550235
5537 0.08376521981730951 0.4636794495614622
5538 0.08376742675103804 0.4637977190754466
5539 0.08376968818719746 0.463916254527651
5540 0.08377265390194358 0.4640365591158109
5541 0.0837749640701155 0.4641555888666477
5542 0.08377727457554966 0.4642745741334802
5543 0.08377963007065385 0.4643938102987932
5544 0.08378202467138278 0.4645132348511801
5545 0.08378448141988036 0.4646329535912614
5546 0.08378698452282195 0.4647528774426851
5547 0.08378955391060251 0.4648731068646287
5548 0.0837921718310982 0.4649935534566144
5549 0.08379485502666055 0.4651142989281431
5550 0.08379720544553194 0.4652340032756629
5551 0.08379994596095876 0.4653551876258299
5552 0.08380280388639488 0.4654767670739386
5553 0.0838057619012867 0.4655987030919185
5554 0.08380878370995473 0.465720921775004
5555 0.08381188402347517 0.4658434722131577
5556 0.08381501025890593 0.4659661636034171
5557 0.08381820220310268 0.4660891428008306
5558 0.08382141594824349 0.4662122652536395
5559 0.08382469376656286 0.4663356815863833
5560 0.0838281741451916 0.4664600450109869
5561 0.08383114972407511 0.4665822175877915
5562 0.08383450512448402 0.4667061801834772
5563 0.08383800334099838 0.4668306655628234
5564 0.08384153956048884 0.466955359571726
5565 0.08384512807004241 0.4670802684772765
5566 0.08384872783558067 0.4672052804791104
5567 0.08385238258222182 0.4673305709693978
5568 0.08385605628954058 0.4674560042423457
5569 0.08386007299186213 0.4675827400151887
5570 0.08386384559331096 0.4677086292273726
5571 0.08386763304209136 0.4678346753740723
5572 0.08387143434360324 0.4679608416221127
5573 0.08387531377970549 0.4680873569047174
5574 0.08387922701473603 0.4682140410123833
5575 0.08388321734564055 0.4683410227411782
5576 0.08388723094674126 0.4684681392839276
5577 0.08389131309899142 0.4685955866223078
5578 0.08389541556314678 0.4687232008498445
5579 0.08389958569562823 0.4688511320044177
5580 0.08390377487421731 0.4689792049837961
5581 0.08390956420890971 0.469111867466375
5582 0.08391396409954117 0.4692406974729522
5583 0.08391826317813744 0.4693695186497698
5584 0.0839224043904522 0.469497904801318
5585 0.08392657044245785 0.4696264495796239
5586 0.08393079451831699 0.4697552550765638
5587 0.08393509748472888 0.4698843843819562
5588 0.08393832316739525 0.4700110573651774
5589 0.08394275540944048 0.4701407173749088
5590 0.08394742418221302 0.4702710819070745
5591 0.08395221206970416 0.470401901563997
5592 0.08395704104116411 0.4705329449948266
5593 0.0839619434402729 0.4706643136442123
5594 0.08396686624377286 0.4707958443913488
5595 0.08397184906594354 0.4709276637056723
5596 0.08397684177614867 0.4710596163495162
5597 0.08398188824717288 0.471191851330394
5598 0.08398693472221887 0.4713241870641766
5599 0.08399201943089724 0.4714567398550914
5600 0.08399709838482859 0.4715893767288247
5601 0.08400221992025614 0.4717222438205031
5602 0.0840073430962858 0.4718552236904238
5603 0.08401251416496017 0.4719884513254625
5604 0.08401769056221688 0.4721218035403376
5605 0.08402291599258475 0.472255408278921
5606 0.08402815028322898 0.4723891466975942
5607 0.08403343874210904 0.4725231501186536
5608 0.08403875919120342 0.4726573287917663
5609 0.08404411592514953 0.4727917395691867
5610 0.08404947840265574 0.4729262789897042
5611 0.08405489816787691 0.4730610924002518
5612 0.08406033424497003 0.4731960645489057
5613 0.08406580356273907 0.4733312425547132
5614 0.08407130891611199 0.4734666325353687
5615 0.08407687395143654 0.4736022933817106
5616 0.08408245484668699 0.4737381083419747
5617 0.08408808818127012 0.4738741734098154
5618 0.08409373439180146 0.4740103900784935
5619 0.08409943176157215 0.4741468579737329
5620 0.08410514017813853 0.4742834760087954
5621 0.08411089920766542 0.4744203429364565
5622 0.08411666597934768 0.474557351000199
5623 0.08412248039471039 0.4746945997234843
5624 0.08412830085005592 0.4748319852310508
5625 0.08413416700237118 0.4749696036002815
5626 0.0841400412232364 0.4751073671967861
5627 0.08414596100466627 0.4752453607193791
5628 0.08415188941270299 0.4753835047263698
5629 0.0841578617919367 0.4755218709083268
5630 0.08416384186232265 0.475660388450888
5631 0.08416986707537917 0.4757991298374503
5632 0.08417589962376074 0.4759380175097787
5633 0.08418197479517474 0.4760771250077685
5634 0.08418805420538596 0.4762163705849027
5635 0.08419417571655911 0.4763558376783998
5636 0.08420029982678558 0.4764954400615098
5637 0.08420646631538012 0.4766352658645298
5638 0.08421263734780182 0.4767752264460826
5639 0.08421885355364053 0.4769154186908221
5640 0.08422507609878452 0.4770557538655884
5641 0.08423134169575579 0.4771963174657589
5642 0.08423661756321291 0.4773338615522169
5643 0.08424288953421065 0.477474674357972
5644 0.08424901665089973 0.4776152462326269
5645 0.08425553984561 0.4777569433284564
5646 0.08426211734575192 0.4778989498801967
5647 0.08426871403419438 0.4780411464421543
5648 0.08427529596244281 0.4781834049934006
5649 0.0842818879294028 0.4783258125518114
5650 0.08428846764475335 0.4784682764374013
5651 0.08429506402446447 0.4786109097789177
5652 0.08430165371911282 0.4787536116016621
5653 0.08430826598462711 0.4788965042995742
5654 0.08431487589363972 0.4790394775713812
5655 0.08432151335706714 0.4791826643246795
5656 0.084328153566957 0.4793259475016062
5657 0.08433482664525672 0.4794694539244551
5658 0.08434150725561222 0.4796130670637569
5659 0.0843482246465431 0.4797569131216493
5660 0.08435495434182377 0.4799008874533235
5661 0.08436172396781555 0.4800451001625593
5662 0.08436851174690427 0.4801894582608763
5663 0.08437534278933366 0.4803340604711296
5664 0.08438218049012886 0.4804787458972318
5665 0.08438904123623056 0.4806235850965377
5666 0.08439590943308185 0.4807685372047664
5667 0.08440281655324648 0.4809137389498093
5668 0.08440974038952195 0.4810590972741161
5669 0.08441670259824849 0.4812046867396496
5670 0.08442367295966043 0.481350385189341
5671 0.08443068007820133 0.4814962976165797
5672 0.08443770834135225 0.4816423606147272
5673 0.08444478268055544 0.4817886730679183
5674 0.08445188246626105 0.48193515076331
5675 0.08445903166601663 0.4820818869782675
5676 0.08446620831708569 0.4822287936518366
5677 0.08447439532433267 0.4823791063433958
5678 0.08448166828921481 0.4825264512396948
5679 0.08448881110245422 0.4826735079143018
5680 0.08449593091967768 0.4828205495446485
5681 0.08450309460820901 0.4829678230398003
5682 0.08451029414993305 0.4831153373832844
5683 0.08451756164424387 0.4832631766657842
5684 0.08452485713035605 0.483411214833199
5685 0.08453221241667573 0.483559524057912
5686 0.08453959396308355 0.4837080116056573
5687 0.08454704213508409 0.4838567854072849
5688 0.08455450639480906 0.4840057033907746
5689 0.08456203071279486 0.4841548933475929
5690 0.08456957720052165 0.4843042422559999
5691 0.08457718046205123 0.4844538449274436
5692 0.08458480569645969 0.4846036074499183
5693 0.08459248970643986 0.4847536328010971
5694 0.08460019828203443 0.4849038316364929
5695 0.0846079654646797 0.4850542907065527
5696 0.08461575606942771 0.4852049169667759
5697 0.08462439898455291 0.4853573781229549
5698 0.08463215523117525 0.4855083046869292
5699 0.08463989708695351 0.4856593232681507
5700 0.08464770005749951 0.4858105290747561
5701 0.08465558714474683 0.4859619722805208
5702 0.08466350871709717 0.4861135625731043
5703 0.08467154890447574 0.4862655754912765
5704 0.08467955766882472 0.4864175850033061
5705 0.08468761201748774 0.4865698140773376
5706 0.0846956921027183 0.4867222023929609
5707 0.08470383016175018 0.4868748444185579
5708 0.08471199632285804 0.4870276583624933
5709 0.08472022225337894 0.4871807316670885
5710 0.08472848010911792 0.4873339875450154
5711 0.08473679919579545 0.4874875098187681
5712 0.08474514643715925 0.487641186282212
5713 0.08475355340981551 0.487795120111103
5714 0.08476198914408278 0.4879492136200331
5715 0.08477048531994229 0.4881035741181992
5716 0.08477901318886924 0.4882581124567401
5717 0.08478760325657868 0.4884129243780576
5718 0.08479622449519721 0.4885679160748088
5719 0.08480489178102649 0.4887231023645972
5720 0.08481356829230714 0.4888783688765858
5721 0.08482229174602622 0.4890338717755197
5722 0.08483103579364031 0.4891895397390646
5723 0.08483982586674271 0.4893454497990041
5724 0.08484863747527323 0.4895015105021987
5725 0.08485749805074802 0.4896578063475283
5726 0.08486637883306616 0.4898142378370574
5727 0.08487539656249209 0.4899710361272336
5728 0.08488434936514096 0.4901278967091237
5729 0.0848933383938706 0.490284925441368
5730 0.08490234606698309 0.4904420670561742
5731 0.08491141607331178 0.4905994820798743
5732 0.08492098125175281 0.4907620697891429
5733 0.08492978677500058 0.4909148953533783
5734 0.08493883095731937 0.491071900225559
5735 0.08494845871510598 0.4912351979803294
5736 0.08495736416287261 0.4913887520164326
5737 0.08496698909855614 0.4915514405885268
5738 0.08497595493105529 0.4917054385212215
5739 0.08498568598947392 0.4918689069808154
5740 0.08499473321244171 0.4920233716448016
5741 0.08500455576675026 0.4921872594860923
5742 0.08501369799939822 0.4923422092646487
5743 0.08502361440615086 0.4925066150471153
5744 0.08503284172733684 0.4926619910583342
5745 0.08504286017951561 0.4928268682803935
5746 0.08505216862381956 0.4929826554988334
5747 0.08506225683515939 0.493147933904433
5748 0.08507163373682931 0.4933040879111167
5749 0.08508089064862093 0.4934676330568635
5750 0.08509036535891018 0.4936240150117132
5751 0.08510088990784336 0.4937907289437344
5752 0.08511046910874691 0.4939477234702205
5753 0.08512103075002468 0.4941148677821793
5754 0.08513062761490806 0.4942721470949537
5755 0.08514044393017187 0.4944338692917769
5756 0.08515058266851551 0.4945970188068349
5757 0.08516076367135436 0.4947601060581766
5758 0.08517103807203705 0.4949235970261235
5759 0.08518130047179757 0.4950869931507051
5760 0.08519145903815015 0.4952504064800101
5761 0.08520176291335389 0.4954140080891331
5762 0.08521212082340478 0.4955778543706947
5763 0.08522245381427519 0.4957416917496166
5764 0.0852328167136871 0.4959057356640023
5765 0.08524316453847181 0.496069793050369
5766 0.08525353387904756 0.4962340530658936
5767 0.08526367486453791 0.4963978631816733
5768 0.08527488206747265 0.4965683035468658
5769 0.08528475625628741 0.4967274057236881
5770 0.08529502196956965 0.4968911731823569
5771 0.08530625726175441 0.4970622728390537
5772 0.08531616910922668 0.4972219163289241
5773 0.08532725991524411 0.4973920226237744
5774 0.08533717655586093 0.4975519726883302
5775 0.08534839648507832 0.4977230538493628
5776 0.08535837180144734 0.4978833988325333
5777 0.08536959134082492 0.4980545424937802
5778 0.08537960930839297 0.4982152379685192
5779 0.08539092264763998 0.4983869987712594
5780 0.08540099602910861 0.4985480827110469
5781 0.08541257024365025 0.498720277865081
5782 0.08542276881772937 0.4988818640423703
5783 0.08543407913543728 0.4990543080055549
5784 0.08544425233094878 0.499215917299932
5785 0.08545556276160249 0.4993884718880616
5786 0.08546645125754466 0.4995560192663087
5787 0.08547661533849421 0.4997177398535921
5788 0.08548788619150911 0.4998902777463928
5789 0.08549882756565322 0.5000583735270043
5790 0.08550907923830547 0.5002207156801253
5791 0.085520456658071 0.5003939678075237
5792 0.08553149443439194 0.5005626238155645
5793 0.08554250902667236 0.5007310990395348
5794 0.08555347582652706 0.5008994834264899
5795 0.08556442394778831 0.5010679214376075
5796 0.08557538143590623 0.5012365154795934
5797 0.08558571227735563 0.5014039367986859
5798 0.08559672600436675 0.5015728823944872
5799 0.08560787224476589 0.5017423611366943
5800 0.08561961592360089 0.5019160083606411
5801 0.08562955329031224 0.5020761967833429
5802 0.08564202997737641 0.5022561731853367
5803 0.08565218017111316 0.502417481349389
5804 0.08566472164714517 0.5025975814381797
5805 0.08567501125921892 0.5027595188161014
5806 0.08568670876006901 0.502934775410307
5807 0.08569801894463465 0.5031056638651679
5808 0.08570931979595746 0.5032765471471419
5809 0.08572043270552411 0.5034468823434671
5810 0.08573168257764115 0.5036177865898737
5811 0.08574295243599134 0.5037888682522585
5812 0.0857542365227927 0.5039601077668995
5813 0.0857655401444084 0.50413151457276
5814 0.08577686650609467 0.50430309393654
5815 0.08578821522663357 0.5044748401276223
5816 0.08579958494221958 0.5046467461020521
5817 0.08581097461744722 0.5048188046183097
5818 0.08582238456031623 0.5049910136933303
5819 0.08583381465137581 0.5051633714366037
5820 0.0858455242597153 0.5053365833120115
5821 0.08585663934350998 0.5055084421612424
5822 0.08586808396690077 0.5056810890754367
5823 0.08587959464878243 0.5058540054162313
5824 0.08589112930396886 0.5060270935360521
5825 0.0859026784162702 0.5062003239136281
5826 0.0859142404163984 0.5063737006408605
5827 0.0859258161879589 0.5065472372988933
5828 0.08593869489681223 0.506724040817323
5829 0.08594998527823336 0.5068962924382944
5830 0.08596138319992414 0.5070708627358573
5831 0.0859726220454617 0.507243704033055
5832 0.08598414334777463 0.507418269310157
5833 0.08599557287441173 0.5075915844648418
5834 0.08600725228192772 0.5077665997816657
5835 0.08601892445466201 0.5079412964761467
5836 0.08603065972091298 0.5081163303437448
5837 0.08604237231802031 0.5082911356772513
5838 0.08605413703421926 0.5084662907420576
5839 0.08606590591132886 0.5086414403948631
5840 0.08607768131036417 0.5088167172518185
5841 0.08608951956489139 0.508992301434501
5842 0.08610142313266925 0.5091682675697045
5843 0.08611335926862838 0.5093444006435437
5844 0.08612534108336618 0.5095207966590978
5845 0.08613770621595372 0.5096985604181706
5846 0.08614975052303922 0.5098753464645747
5847 0.08616178156166625 0.5100521362335121
5848 0.08617382947001084 0.5102290775088033
5849 0.08618590333594556 0.5104061658490738
5850 0.08619800700518152 0.5105834476994119
5851 0.08621013709492292 0.5107608788724168
5852 0.08622229866321308 0.5109385056591297
5853 0.08623448460958719 0.5111162814304678
5854 0.08624670262435963 0.5112942482546811
5855 0.08625894509580569 0.5114723620415613
5856 0.08627121956773645 0.5116506625540787
5857 0.08628351449217479 0.5118290908342074
5858 0.08629583398605294 0.512007681366391
5859 0.08630816712559931 0.5121863906048476
5860 0.08632052493172955 0.5123652655775481
5861 0.08633289633105475 0.5125442563575606
5862 0.08634529335468191 0.5127234124477659
5863 0.0863577048984856 0.5129026859397674
5864 0.08637014598671262 0.5130821346603622
5865 0.08638260465987609 0.5132617117220367
5866 0.08639509361857202 0.5134414603816192
5867 0.08640760314048977 0.5136213438459932
5868 0.08642021241226992 0.5138015514558798
5869 0.0864327673582667 0.5139817436856456
5870 0.08644534946060208 0.514162087488557
5871 0.08645795503909681 0.5143425772798369
5872 0.08647059148334109 0.5145232331619632
5873 0.08648324592180011 0.5147040276885374
5874 0.08649592815085488 0.5148849811362044
5875 0.08650922825458096 0.5150670687838591
5876 0.08652187640652083 0.515248354652593
5877 0.08653452429903324 0.5154296285258828
5878 0.08654722597345357 0.5156110684907483
5879 0.08655996660211643 0.5157926725908604
5880 0.08657275221479385 0.5159744565094174
5881 0.08658557024189058 0.5161564031545751
5882 0.08659842863357232 0.5163385232587295
5883 0.0866113162249495 0.5165208068229827
5884 0.08662424453671484 0.5167032777569667
5885 0.0866372029546213 0.5168859163094641
5886 0.08665020290464653 0.5170687426639429
5887 0.08666324114263492 0.5172516968963121
5888 0.08667630954280389 0.51743488369131
5889 0.08668941121770868 0.5176182380285475
5890 0.08670255464317148 0.5178017773263095
5891 0.08671572735034351 0.5179854800263157
5892 0.08672894107965393 0.5181693718215183
5893 0.08674218183418261 0.5183534196562252
5894 0.08675546228584531 0.5185376555375358
5895 0.08676879664489882 0.5187223363214368
5896 0.08678192266892425 0.5189066596763919
5897 0.08679532522466792 0.5190913041058538
5898 0.08680874638758466 0.5192759652621207
5899 0.08682216287094263 0.519460898090542
5900 0.08683565990424455 0.51964616107178
5901 0.08684913854594371 0.5198314940283674
5902 0.0868626699645992 0.5200170460416362
5903 0.08687619112021115 0.5202026623763617
5904 0.08688977323009373 0.5203885151448882
5905 0.08690334861876677 0.5205744532987709
5906 0.08691698939648328 0.5207606327190324
5907 0.08693062806854233 0.5209469055963866
5908 0.08694433325148859 0.5211334186854932
5909 0.08695803342935872 0.5213200138097335
5910 0.08697179589824955 0.5215068387166654
5911 0.08698555178230553 0.5216937467839998
5912 0.08699937246045203 0.5218808884408609
5913 0.08701319138614663 0.5220681111429969
5914 0.08702707260820197 0.5222555591688679
5915 0.08704095762807064 0.5224431275120404
5916 0.08705491199228868 0.5226309642634966
5917 0.08706886317086353 0.5228188963577817
5918 0.08708287722965587 0.5230070735352278
5919 0.0870968847958138 0.5231953324674163
5920 0.0871109521212364 0.5233838235246769
5921 0.0871258680992415 0.52357458087225
5922 0.08713970055474893 0.5237626969840343
5923 0.08715370267416592 0.5239512795824931
5924 0.08716777528826473 0.5241401604824248
5925 0.08718186227041273 0.5243291569829872
5926 0.08719579306880161 0.5245174398394621
5927 0.08720996921957495 0.524706959861016
5928 0.0872242262105037 0.5248967225064302
5929 0.08723849792374333 0.5250865658915516
5930 0.08725282311875539 0.5252766477489414
5931 0.08726714804566846 0.5254667871184467
5932 0.08728151648538682 0.525657140195958
5933 0.08729588965164187 0.5258475768621632
5934 0.08731030666103146 0.5260382287142095
5935 0.08732472768072935 0.526228961618032
5936 0.08733919126572166 0.5264199080749012
5937 0.08735365625897699 0.5266109329523431
5938 0.087368162972361 0.5268021714821581
5939 0.08738267325528903 0.5269934943905847
5940 0.08739722551317695 0.5271850315497565
5941 0.08741177814058783 0.5273766384566368
5942 0.08742636424014723 0.5275684272222652
5943 0.08744093289179231 0.5277602267080752
5944 0.08745552812958728 0.5279522018631734
5945 0.0874698703395466 0.5281436221444616
5946 0.08748448491244309 0.5283358523440873
5947 0.08749887556737534 0.5285273953812424
5948 0.08751357737649505 0.5287199478187183
5949 0.08752830762196367 0.5289127087968343
5950 0.08754305800930934 0.5291056384595834
5951 0.08755778714216764 0.5292985175636468
5952 0.08757254183732092 0.5294916541449781
5953 0.08758729290569607 0.5296848697450932
5954 0.08760206141723509 0.5298782345431249
5955 0.0876168242125344 0.5300716495270508
5956 0.08763160680092963 0.5302652153699806
5957 0.08764638317208505 0.5304588453781507
5958 0.08766156273206771 0.530654063694902
5959 0.0876763181554218 0.5308477355432859
5960 0.0876910593889598 0.5310415121146059
5961 0.08770581159730739 0.5312353921073751
5962 0.08772059696389525 0.5314294850608671
5963 0.08773540146498843 0.531623703437123
5964 0.08775023511161244 0.5318181105419252
5965 0.08776507921804466 0.5320126098713447
5966 0.08777994653502005 0.5322072839295108
5967 0.08779482317069634 0.5324020564447495
5968 0.087809721492589 0.5325969983493739
5969 0.08782462841993034 0.5327920385691558
5970 0.08783968657824689 0.5329875155497926
5971 0.08785460990657823 0.5331827968709869
5972 0.08786953442633175 0.5333782013422406
5973 0.0878844641415014 0.5335736862706486
5974 0.08789941323238208 0.5337693331085619
5975 0.08791436982112594 0.5339650673817373
5976 0.08792934705535371 0.534160970275984
5977 0.08794432974679682 0.5343569489472654
5978 0.08795933326613932 0.5345531004415111
5979 0.08797433985530455 0.5347493172641843
5980 0.08798937532383119 0.5349457361228721
5981 0.08800440560544948 0.5351421927690652
5982 0.08801945359713595 0.5353388149539191
5983 0.08803450353156379 0.5355355014573152
5984 0.0880495755784499 0.535732372248389
5985 0.08806464722056701 0.5359292988283813
5986 0.08807973760665565 0.5361263973577566
5987 0.08809482854521916 0.5363235575279672
5988 0.0881099399210156 0.5365208945320293
5989 0.08812504724383452 0.5367182767118807
5990 0.08814017164091181 0.5369158235989011
5991 0.08815529348907976 0.537113417734043
5992 0.08817043967968891 0.5373111987857071
5993 0.08818558778248838 0.5375090428513559
5994 0.08820075438827307 0.5377070515488472
5995 0.08821591969424972 0.5379051122245817
5996 0.0882311039033903 0.5381033431289374
5997 0.08824628569955771 0.5383016206696082
5998 0.08826148485669877 0.5385000624407708
5999 0.0882766812629989 0.5386985484177684
6000 0.08829189673614594 0.5388972120609274
6001 0.0883071084764339 0.5390959207235111
6002 0.08832233881002106 0.5392948043038639
6003 0.08833756447801162 0.5394937219449263
6004 0.08835284920277867 0.5396928865130699
6005 0.08836814548142399 0.5398921629297758
6006 0.08838340900844051 0.5400914921779308
6007 0.08839865733921456 0.5402908207075779
6008 0.0884139298740709 0.5404903390627036
6009 0.08842919665500855 0.5406898818131303
6010 0.0884441414743508 0.5408884598651202
6011 0.08845945080668345 0.5410882914461086
6012 0.08847485178011062 0.541288529431119
6013 0.08849023564909816 0.5414887642585362
6014 0.088505651464591 0.5416892038973175
6015 0.08852103345473397 0.5418895803069709
6016 0.08853644600610922 0.5420901499810441
6017 0.08855183068566524 0.5422906745460593
6018 0.08856725431804145 0.5424914227926351
6019 0.08858265524741558 0.5426921436097926
6020 0.08859866113558154 0.5428949130154223
6021 0.08861408299201769 0.5430958485418076
6022 0.08862944600737341 0.5432966985931829
6023 0.08864480904847213 0.5434975758392954
6024 0.08866021085173158 0.543698682488315
6025 0.08867563012670551 0.5438998783429478
6026 0.08869109168382293 0.5441013209637307
6027 0.08870656869337944 0.5443028517844418
6028 0.08872208200524534 0.5445046125828711
6029 0.08873760942174463 0.5447064552736894
6030 0.08875317141915867 0.5449085151196624
6031 0.0887687450609537 0.5451106463469465
6032 0.0887843499873054 0.5453129807717148
6033 0.08879996610997844 0.5455153859009791
6034 0.08881561291262316 0.5457179987513443
6035 0.08883126174224532 0.5459206593429931
6036 0.08884693109901862 0.5461234876268655
6037 0.08886260444133308 0.5463263682854714
6038 0.08887830201097235 0.5465294293846307
6039 0.08889372937829568 0.546731942727895
6040 0.08890948756136346 0.546935248369161
6041 0.08892527405696399 0.547138700210645
6042 0.08894107914355502 0.5473423302622379
6043 0.08895688853519459 0.5475460216058591
6044 0.08897271568793168 0.5477498665516046
6045 0.08898854939290712 0.5479537715747901
6046 0.08900440386363642 0.5481578397100999
6047 0.08902027328552826 0.5483620009601913
6048 0.08903617168030409 0.5485663514834189
6049 0.08905208177335566 0.5487707727487825
6050 0.08906801792868727 0.5489753635187262
6051 0.08908396842261204 0.5491800327071212
6052 0.08909994787690736 0.5493848828074234
6053 0.08911594422486029 0.5495898219424122
6054 0.08913197345468089 0.549794957735807
6055 0.0891483718916961 0.5500041746978778
6056 0.08916398362892136 0.5502048413530534
6057 0.0891799891775031 0.5504096646795554
6058 0.08919649331729236 0.5506196802372693
6059 0.08921235107503092 0.550821468169275
6060 0.08922881156085653 0.5510308637123016
6061 0.08924468592901809 0.5512329567388898
6062 0.08926121479090221 0.5514429854120715
6063 0.08927695366242494 0.5516449265925236
6064 0.08929329802646874 0.5518543285209028
6065 0.08930964096344624 0.5520611361658275
6066 0.08932613043345526 0.5522678127605122
6067 0.08934291466104295 0.5524754788701242
6068 0.08935920321428736 0.5526821881310706
6069 0.08937548228081127 0.5528889354608991
6070 0.08939179041401946 0.5530958150180044
6071 0.08940813763946304 0.553302938610348
6072 0.08942452701860175 0.5535102763129239
6073 0.08944125805722962 0.5537183521225999
6074 0.0894576978760836 0.5539260528937739
6075 0.08947414596622832 0.554133852552668
6076 0.08949062102284873 0.5543417829376899
6077 0.08950712187101133 0.5545498476002676
6078 0.08952364470753883 0.5547580322569335
6079 0.08954019516443872 0.554966364149171
6080 0.08955677437490465 0.5551748420895117
6081 0.08957338379515864 0.5553834707189554
6082 0.08959002386851686 0.5555922440924684
6083 0.08960669657196831 0.5558011612597857
6084 0.0896233981413601 0.556010237355232
6085 0.08964012843077908 0.5562194606123672
6086 0.0896568833566587 0.5564288156617235
6087 0.08967366226883973 0.5566383026881935
6088 0.08969046410357789 0.556847920775729
6089 0.08970728806723585 0.5570576679259619
6090 0.08972413370851388 0.5572675447262826
6091 0.0897409346299161 0.5574773825816606
6092 0.08975783769091768 0.5576875081676356
6093 0.08977476027553458 0.5578977922491101
6094 0.08979169589206451 0.5581081746973338
6095 0.08980865110009204 0.558318684842291
6096 0.08982562972675498 0.5585293393635706
6097 0.08984262863920252 0.5587401153014764
6098 0.08985964991634107 0.5589510234309198
6099 0.08987669021303256 0.5591620437342998
6100 0.08989375098313557 0.5593731850857365
6101 0.08991083216419192 0.5595844494832356
6102 0.08992793348804273 0.5597958350373268
6103 0.0899450545324032 0.560007340856991
6104 0.08996219558826588 0.5602189674718808
6105 0.0899793573421743 0.5604307247529804
6106 0.08999653909301809 0.5606426050317306
6107 0.09001374063491493 0.5608546038033381
6108 0.09003096227649922 0.5610667286107563
6109 0.09004820318509484 0.5612789795868979
6110 0.09006546160492819 0.5614913479948999
6111 0.09008273725856972 0.5617038331410742
6112 0.09010002460855981 0.5619164173109296
6113 0.09011732366562507 0.5621291049974875
6114 0.09013463358030525 0.5623418941448276
6115 0.09015195661930367 0.5625547921944393
6116 0.09016929179781498 0.5627677939658517
6117 0.09018664348523442 0.5629809188027322
6118 0.09020401302962588 0.5631941668663575
6119 0.09022140006754673 0.563407536001958
6120 0.09023880361188839 0.563621021309209
6121 0.09025622341524088 0.5638346250783947
6122 0.09027365606090214 0.5640483433488022
6123 0.09029110016878518 0.5642621572122956
6124 0.09030855382599524 0.5644760565862365
6125 0.0903260203468457 0.5646900618344174
6126 0.09034350271573227 0.5649041869576407
6127 0.09036099941990215 0.5651184216524603
6128 0.09037850806432719 0.5653327561263266
6129 0.09039600767385857 0.5655471542205052
6130 0.09041354460003294 0.5657617242590652
6131 0.09043109590462857 0.5659764107164706
6132 0.09044865805852997 0.5661912009476738
6133 0.09046640843022577 0.5664064700368198
6134 0.09048397419506936 0.5666214449573432
6135 0.09050153288109858 0.566836473758618
6136 0.09051910244026623 0.5670515962807204
6137 0.09053668492910881 0.5672668236216792
6138 0.09055428150512496 0.5674821684276148
6139 0.09057189296510806 0.567697631858806
6140 0.09058951816321624 0.5679132131418613
6141 0.09060715580032301 0.5681288986914892
6142 0.09062480508467094 0.5683446875943824
6143 0.09064246826762208 0.5685605903119816
6144 0.09066014256508108 0.5687765981244493
6145 0.0906778283232732 0.5689927126241612
6146 0.09069552554682715 0.569208936117219
6147 0.09071249541063878 0.5694233019907579
6148 0.09073026694161619 0.5696398097170147
6149 0.09074810333528407 0.5698566113970557
6150 0.09076593697740674 0.5700735015580892
6151 0.09078376209076734 0.5702904518926298
6152 0.09080157828304464 0.5705074571365254
6153 0.09081938579281898 0.5707245205148879
6154 0.09083718322020722 0.5709416364578367
6155 0.09085497188138747 0.5711588020021198
6156 0.09087275502797956 0.5713760359492349
6157 0.09089053129321673 0.5715933331359466
6158 0.09090830157928206 0.5718106918275909
6159 0.09092606824686597 0.5720281180516273
6160 0.09094383346836454 0.5722456200196835
6161 0.09096159683128853 0.5724631889597611
6162 0.09097936245508216 0.5726808452161452
6163 0.09099713033101535 0.5728985822795721
6164 0.09101490161123586 0.5731164057855695
6165 0.09103267743339076 0.57333431996905
6166 0.091050457338179 0.5735523221564205
6167 0.09106824253009632 0.5737704187711588
6168 0.09108603481634069 0.5739886133883904
6169 0.09110383376605805 0.5742069010714568
6170 0.09112163773912509 0.5744252768039473
6171 0.09113944453517153 0.5746437289166247
6172 0.09115725828167473 0.5748622823163257
6173 0.0911750768358167 0.5750809261401693
6174 0.09119290119649738 0.575299665624454
6175 0.09121073150729644 0.5755184976901194
6176 0.09122856805716682 0.5757374231001146
6177 0.0912464117137035 0.5759564428371026
6178 0.09126426334757519 0.5761755597428231
6179 0.09128212278446542 0.5763947754748232
6180 0.09129998737209748 0.5766140737991218
6181 0.09131785701900523 0.5768334590637264
6182 0.09133573257672775 0.5770529351211298
6183 0.09135361141320654 0.5772724927291304
6184 0.09137149299557909 0.5774921317852781
6185 0.09138937764310895 0.5777118542654077
6186 0.09140726627258078 0.5779316629323601
6187 0.09142515988947017 0.5781515551470747
6188 0.09144305879416642 0.5783715377463463
6189 0.0914609619420035 0.578591612045196
6190 0.091478867359848 0.5788117723715144
6191 0.09149677504016591 0.5790320150963523
6192 0.09151468457059063 0.5792523392903667
6193 0.09153259620441287 0.5794727434482224
6194 0.09155051119576138 0.5796932303203083
6195 0.0915684319441241 0.5799138070928183
6196 0.09158635245851084 0.5801344314532356
6197 0.09160428327881028 0.5803551449608564
6198 0.09162224381253771 0.5805760405392741
6199 0.09164022570234764 0.58079707293395
6200 0.09165820380046026 0.5810182742268957
6201 0.09167621019200405 0.5812394767161799
6202 0.09169422829882198 0.5814607939954552
6203 0.09171224998853263 0.5816821881468651
6204 0.09173027663352115 0.5819036610992493
6205 0.09174895539087369 0.5821271619024579
6206 0.0917670082375216 0.5823488077930582
6207 0.09178494654144245 0.5825702233629175
6208 0.09180290266735561 0.5827917491160162
6209 0.09182088383809726 0.5830134170653042
6210 0.09183889526932054 0.5832352419871834
6211 0.09185693552825015 0.5834572225700261
6212 0.09187500436950552 0.5836793538188044
6213 0.09189307954122175 0.5839041176901679
6214 0.09191100749188474 0.5841229123183396
6215 0.09192909517610062 0.5843449877461468
6216 0.09194755430148864 0.5845712846275795
6217 0.09196571412244456 0.5847916291391207
6218 0.0919838713584659 0.5850141151660692
6219 0.09200189584251764 0.5852368623246487
6220 0.09202017200813047 0.5854602485640776
6221 0.09203874721101475 0.5856868803833172
6222 0.09205672211383391 0.5859065401051616
6223 0.09207497286068322 0.5861295982716387
6224 0.09209332503380858 0.5863535625486577
6225 0.09211171756311541 0.5865776658945544
6226 0.09213040650018139 0.5868049546179971
6227 0.09214860396568207 0.5870256025054976
6228 0.09216651972361413 0.5872478251554478
6229 0.09218529911190536 0.5874757596871157
6230 0.09220348054546888 0.5876968201368279
6231 0.09222185785835288 0.5879207729738197
6232 0.09224054109035437 0.588146013121548
6233 0.09225931376716365 0.5883741589629667
6234 0.09227753234553701 0.5885953711784353
6235 0.09229592988348036 0.5888196360376388
6236 0.09231440829495906 0.589044733930873
6237 0.09233326603142035 0.5892733560962443
6238 0.09235154253758572 0.5894949660702126
6239 0.0923701579841678 0.5897200775819559
6240 0.09238866787583712 0.5899454898824075
6241 0.09240719538367707 0.5901709851887003
6242 0.09242576998743719 0.5903965285704011
6243 0.09244467519502869 0.5906253969962121
6244 0.09246265358425007 0.5908467834792021
6245 0.09248083972610537 0.5910714766246553
6246 0.09249962847025966 0.5912976917107313
6247 0.09251845317923718 0.5915241539965224
6248 0.09253727206685725 0.5917506046884279
6249 0.09255653098667431 0.5919805739771693
6250 0.09257493969568532 0.5922031993737825
6251 0.09259366488350178 0.5924292512550607
6252 0.09261247826583996 0.5926561503191325
6253 0.09263133800683307 0.5928832055395225
6254 0.09265021628984879 0.5931102555659625
6255 0.09266954695048646 0.5933408369212086
6256 0.09268804052891912 0.5935641021663358
6257 0.09270686210773671 0.5937908001654144
6258 0.0927257692312015 0.5940183367893465
6259 0.09274472051195272 0.5942460238284304
6260 0.09276414271736379 0.5944772717634621
6261 0.09278272235557011 0.594701100823928
6262 0.09280162665345823 0.5949283304409674
6263 0.09282061879724002 0.5951563880650482
6264 0.09283965834746156 0.5953846006087085
6265 0.09285871905890203 0.5956128210977729
6266 0.09287823772977805 0.5958446008043443
6267 0.09289775068877278 0.5960709683723826
6268 0.0929166868978151 0.5962988319520031
6269 0.09293562894232102 0.5965272281157447
6270 0.09295462740527499 0.5967557490994908
6271 0.09297398869473833 0.5969875780464536
6272 0.09299278383750988 0.597212601641436
6273 0.09301179931512471 0.597440807600563
6274 0.09303089528459546 0.5976698307480799
6275 0.09305037075035863 0.5979023189928977
6276 0.09306927990874589 0.5981279932678887
6277 0.09308839964252653 0.5983567182909382
6278 0.09310795931722544 0.5985896243726702
6279 0.09312696404656018 0.5988158947108565
6280 0.09314614356696807 0.5990449854336715
6281 0.09316571969886149 0.5992781268952773
6282 0.09318477573943119 0.5995047133293609
6283 0.09320434040679608 0.5997374549974054
6284 0.09322342687984979 0.5999643956403424
6285 0.09324303583143327 0.6001974628053353
6286 0.09326213707399551 0.600424566838589
6287 0.0932817169708319 0.6006576436389368
6288 0.09330085457908323 0.6008850277102907
6289 0.09332074153769494 0.6011186914627946
6290 0.09333988295035814 0.6013464235105263
6291 0.09335965143421608 0.6015803041150057
6292 0.09337881203520178 0.6018080921439712
6293 0.09339831817863603 0.6020415578099295
6294 0.09341753789552701 0.6022694791593416
6295 0.09343687094022705 0.6025022781554066
6296 0.09345615582873767 0.6027305095254364
6297 0.09347580777294531 0.6029646442394693
6298 0.09349515937339546 0.603193192406634
6299 0.09351484483851728 0.6034275257622195
6300 0.09353421969853662 0.6036562339178192
6301 0.09355391634617476 0.603890710792489
6302 0.0935733024070308 0.6041195760965633
6303 0.09359301943543585 0.604354238276258
6304 0.0936124210892819 0.6045832536253349
6305 0.09363214711307605 0.6048180700895167
6306 0.09365155603772517 0.6050472468447343
6307 0.09367128797902181 0.6052821906723964
6308 0.09369070957820863 0.6055115160779576
6309 0.09371044849871901 0.6057466067439161
6310 0.09372987575876233 0.6059760827975101
6311 0.09374962426724137 0.6062113216875988
6312 0.09376906704570664 0.6064409615398707
6313 0.09378882778532192 0.6066763711731512
6314 0.09380827811418356 0.6069061640498696
6315 0.09382808108648606 0.607141795872788
6316 0.09384754938342654 0.607371782423905
6317 0.09386730998361119 0.6076074556529002
6318 0.09388677081936023 0.6078375382836888
6319 0.09390653350582041 0.6080733288713108
6320 0.0939260071098868 0.6083035830698925
6321 0.09394577649249342 0.6085395290438215
6322 0.09396524735327264 0.6087698978851176
6323 0.0939850172314485 0.6090059796723474
6324 0.09400389184928291 0.6092352889139243
6325 0.0940238692226802 0.6094717360859818
6326 0.09404337674336637 0.6097024605734774
6327 0.0940633327823245 0.6099392134890849
6328 0.09408280002134364 0.6101700480673201
6329 0.09410254773107334 0.6104061407314995
6330 0.09412197072142227 0.610637028457731
6331 0.09414188839309959 0.6108740670197272
6332 0.09416132851209816 0.6111050992313661
6333 0.09418147604584073 0.6113430414316138
6334 0.09420092804381999 0.6115741765542614
6335 0.09422073801562246 0.611811150444764
6336 0.0942401539395169 0.6120423569983389
6337 0.09425936692236921 0.6122778633287504
6338 0.09427875184130391 0.6125091292352499
6339 0.09429874641032684 0.6127468188215347
6340 0.09431815305804396 0.6129782993586294
6341 0.09433813986456947 0.6132161122961838
6342 0.09435756050445748 0.6134477711315021
6343 0.09437753608028024 0.6136856845467202
6344 0.09439695392396005 0.6139174835076319
6345 0.09441691885464995 0.6141555101985698
6346 0.09443632497178059 0.6143874121544962
6347 0.09445627315331766 0.6146255057832585
6348 0.09447567514940899 0.6148575383288727
6349 0.09449561134040985 0.6150957244266756
6350 0.09451500730864232 0.6153278679342605
6351 0.09453494133433504 0.6155661716508283
6352 0.0945543469024651 0.6157984996803912
6353 0.09457389889800764 0.6160334206545369
6354 0.09459393195872488 0.6162726916524974
6355 0.09461401249544875 0.6165068108092968
6356 0.09463356307177902 0.6167419098927712
6357 0.09465342845530221 0.6169809649712705
6358 0.09467286058755539 0.6172135212168108
6359 0.09469202043606144 0.6174500426687883
6360 0.09471148158854226 0.6176829120656671
6361 0.09473149546821329 0.6179221061835106
6362 0.09475089916319325 0.618154948912725
6363 0.09477091876989294 0.6183942841404872
6364 0.09479033699473899 0.6186273439649198
6365 0.09481036478322412 0.6188668280696915
6366 0.09482977095137475 0.619099963442466
6367 0.09484979605892248 0.6193395780023639
6368 0.09486859863301113 0.6195720605572738
6369 0.0948888969048689 0.6198119915280002
6370 0.09490889189413929 0.6200476171764404
6371 0.09492860321840633 0.6202839289782744
6372 0.09494876249305753 0.6205243980044293
6373 0.09496814369888334 0.6207578471302072
6374 0.09498822388267279 0.6209977322634436
6375 0.09500761493907242 0.621231541738019
6376 0.0950276742665077 0.6214715276211019
6377 0.09504704729918037 0.6217053713500247
6378 0.09506712412417437 0.6219455876485345
6379 0.09508652943355778 0.622179728054131
6380 0.09510661797139426 0.6224201094260319
6381 0.09512603298071297 0.6226544016089356
6382 0.09514614381695494 0.6228949754990344
6383 0.09516558765706751 0.6231294855685652
6384 0.09518571426210275 0.62337023107001
6385 0.09520516676876307 0.6236048918918714
6386 0.09522531109650148 0.6238458103036857
6387 0.09524478659010045 0.6240806515272256
6388 0.09526491829017396 0.6243216950389683
6389 0.09528482891903656 0.6245601071825633
6390 0.0953042596679234 0.6247946748386219
6391 0.09532440798289558 0.6250358992845093
6392 0.09534430551098279 0.6252744343723751
6393 0.09536376150147845 0.6255093681688713
6394 0.09538388182206244 0.625750787067362
6395 0.09540380998220307 0.6259895530209333
6396 0.09542373263570461 0.6262281963434156
6397 0.09544357537220304 0.626466460831298
6398 0.09546344495559429 0.6267050932877765
6399 0.09548328930173032 0.6269436511851947
6400 0.09550316831885626 0.6271824798335797
6401 0.09552304155525279 0.6274213101077339
6402 0.09554294596364474 0.6276603356981932
6403 0.09556307737908068 0.6278994745428085
6404 0.09558296036956232 0.6281387722554884
6405 0.09560285435013047 0.6283780532253335
6406 0.09562278094052964 0.6286174504095187
6407 0.09564271554554968 0.6288569034642875
6408 0.09566267122306872 0.6290964592590543
6409 0.09568248524571474 0.6293357645276623
6410 0.09570249887008847 0.6295755265515879
6411 0.09572251572760784 0.6298153738316926
6412 0.09574253924026935 0.6300552959004287
6413 0.09576288955619436 0.6302961561462624
6414 0.09578287114406171 0.6305361667631612
6415 0.09580283784702333 0.6307761314833901
6416 0.09582241996415643 0.6310125883450687
6417 0.09584274834227743 0.6312563838927777
6418 0.09586286462131165 0.6314971623262896
6419 0.09588256922607973 0.6317340904835343
6420 0.0959029634176205 0.6319780620796234
6421 0.0959226861875872 0.6322152267130924
6422 0.09594314682468978 0.6324595592284594
6423 0.09596292034417976 0.6326970263746937
6424 0.09598340132648629 0.6329414747920742
6425 0.09600315766098658 0.6331788153629458
6426 0.09602366853635695 0.633423492772362
6427 0.09604345163715956 0.6336610180148645
6428 0.09606380589837586 0.6339024906950534
6429 0.09608431069264024 0.6341479682489107
6430 0.09610411096931891 0.6343854417424694
6431 0.09612421362329771 0.6346265856442143
6432 0.09614517918281411 0.6348711990671829
6433 0.09616532264763934 0.6351127990117992
6434 0.0961853856182688 0.6353566225852455
6435 0.09620532403474683 0.635594372237375
6436 0.09622576025547272 0.6358391638284688
6437 0.09624575065878964 0.636077772437856
6438 0.09626617806987338 0.6363226353153815
6439 0.09628619008043325 0.6365612928632528
6440 0.09630666446613433 0.6368064593414673
6441 0.09632673429348963 0.637045533992519
6442 0.09634707566630507 0.6372904615635748
6443 0.09636718264884363 0.6375297259170182
6444 0.0963877962262276 0.6377753762611882
6445 0.09640795058987539 0.6380149612657714
6446 0.0964285758409172 0.638260712551216
6447 0.09644875815897548 0.6385004997957168
6448 0.09646939862738491 0.6387463760704436
6449 0.09648991063759685 0.638989631277308
6450 0.09651009424249396 0.6392293241101785
6451 0.09653072006975567 0.639475276775277
6452 0.09655125919790844 0.6397187968428197
6453 0.09657153048956413 0.6399591139437204
6454 0.09659216706187247 0.6402051482866199
6455 0.09661273884488734 0.6404489129186467
6456 0.09663304269296802 0.6406895169723782
6457 0.09665369303740218 0.6409356867005266
6458 0.096674302247442 0.6411797398108876
6459 0.09669492908759816 0.6414237427612337
6460 0.0967154597509586 0.6416672147460868
6461 0.09673602819559837 0.6419111310371721
6462 0.09675656395837499 0.642154898180714
6463 0.09677714897596307 0.642399017761446
6464 0.09679786187469042 0.6426429651408777
6465 0.09681845758241277 0.6428873542672512
6466 0.09683904669277089 0.6431316877067407
6467 0.0968596625004324 0.6433761759532062
6468 0.09687988916929013 0.6436197310922616
6469 0.0969005723258867 0.6438644209888175
6470 0.09692127541085598 0.6441092367391259
6471 0.09694200244193123 0.6443541556518797
6472 0.09696270442798766 0.6445991155147962
6473 0.09698342085478837 0.644844165133539
6474 0.09700413888827926 0.6450892673991194
6475 0.09702486724319627 0.6453344485298265
6476 0.0970455965795613 0.6455796902214207
6477 0.09706633404286316 0.6458250017611641
6478 0.09708707155166248 0.6460703742479244
6479 0.09710780467144432 0.6463153387132756
6480 0.09712848152008921 0.6465608551562545
6481 0.09714920532468974 0.6468064239876105
6482 0.09716994230017952 0.6470520526317363
6483 0.09719068322847553 0.6472977165106788
6484 0.09721135141798878 0.6475411948101658
6485 0.09723222555884377 0.6477897484658999
6486 0.09725304692515921 0.6480361247722907
6487 0.0972739718155059 0.6482808093813126
6488 0.09729485046978234 0.6485291212250641
6489 0.0973153796625249 0.6487722357821712
6490 0.09733623353725623 0.6490208207930179
6491 0.09735727756749829 0.6492655625458186
6492 0.09737804239088883 0.6495140293782333
6493 0.0973986290613533 0.64975762793541
6494 0.09741940527435985 0.6500062082884632
6495 0.09744004138960706 0.6502501083449196
6496 0.09746085488147874 0.6504988815776507
6497 0.09748151499891489 0.6507428902429637
6498 0.09750235450143302 0.6509918556352416
6499 0.09752304684073761 0.6512361032713287
6500 0.09754391286564652 0.6514852435827803
6501 0.09756462428918121 0.6517296115944929
6502 0.09758550696933106 0.6519789186391577
6503 0.09760623597165911 0.6522234751072342
6504 0.09762712648872994 0.6524728872784962
6505 0.09764785938013795 0.6527175416761741
6506 0.09766774958065166 0.6529643905997023
6507 0.09768879611611599 0.6532123428561069
6508 0.09770949174246352 0.6534567061044251
6509 0.09773064079856056 0.6537069600105367
6510 0.09775165042499426 0.6539549936322393
6511 0.0977723385016479 0.6542009135604252
6512 0.0977931527450558 0.6544483769904148
6513 0.09781406778568179 0.6546963233541628
6514 0.09783495367376764 0.6549440794268062
6515 0.09785585908910223 0.6551920384073884
6516 0.09787673437742826 0.6554399071656832
6517 0.09789761296476077 0.6556878928505619
6518 0.09791846467472638 0.655935826492412
6519 0.09793931679807771 0.6561838442822487
6520 0.09796015031489669 0.6564318518851447
6521 0.09798098350894996 0.6566799280022902
6522 0.09800180022778331 0.6569280154151153
6523 0.09802261075454005 0.6571761485599209
6524 0.09804292476961164 0.6574234581918942
6525 0.09806383180425962 0.6576717305677255
6526 0.09808472501266527 0.6579201490130935
6527 0.09810558702324536 0.6581685933725289
6528 0.09812642365897854 0.658417065195253
6529 0.0981472972926809 0.6586638945379711
6530 0.09816835302247946 0.6589154014527284
6531 0.09818921143063067 0.6591644411009027
6532 0.0982096550913614 0.6594097109956074
6533 0.09823064965402256 0.6596611303336345
6534 0.09825149018202334 0.6599101587082762
6535 0.09827193439740436 0.660155616547537
6536 0.09829293746211981 0.6604071883416169
6537 0.0983137928725593 0.6606564154621365
6538 0.09833427048180154 0.6609021551955097
6539 0.0983552837040316 0.6611539026544255
6540 0.09837615849762989 0.6614033396408606
6541 0.09839704217824638 0.6616526726635394
6542 0.09841780773678499 0.6619013865077881
6543 0.09843861426457166 0.6621505606228706
6544 0.09845937340029323 0.6623995399218112
6545 0.09848017172560436 0.6626488373712812
6546 0.09850104759497709 0.6628982622601935
6547 0.09852148578401444 0.663144370332202
6548 0.09854249016337487 0.6633968640117536
6549 0.09856340901396676 0.6636471344089401
6550 0.09858431419972319 0.6638970583126582
6551 0.09860511148435898 0.6641464542670121
6552 0.09862593283215 0.664396180714392
6553 0.09864671444805388 0.6646457748369679
6554 0.0986675222817142 0.6648955960614489
6555 0.09868831537298019 0.6651453944025862
6556 0.09870912809890277 0.6653953484813941
6557 0.09872993360475021 0.6656453241932164
6558 0.09875075622855727 0.6658954238874696
6559 0.09877157704189392 0.6661455762408133
6560 0.09879240932481571 0.6663958234798598
6561 0.09881323520413228 0.6666461058094331
6562 0.09883406749634635 0.666896461643983
6563 0.09885489297481566 0.6671468572709901
6564 0.09887572412950968 0.6673973265945159
6565 0.09889654720397123 0.6676478346302153
6566 0.09891737582490644 0.6678984170309482
6567 0.098938196698535 0.6681490373172698
6568 0.09895902130968881 0.6683997200212451
6569 0.09897994400278777 0.6686508455248376
6570 0.09900075318709722 0.6689015664783454
6571 0.09902154719253031 0.6691523099102231
6572 0.09904234079906227 0.6694031029458963
6573 0.09906313452541267 0.669653970885541
6574 0.09908392498635703 0.6699048743081725
6575 0.09910471311185605 0.6701558391492054
6576 0.09912535367189465 0.670406736731521
6577 0.09914615595034798 0.6706577165530999
6578 0.09916696863315005 0.6709088360195101
6579 0.09918776725321325 0.6711600313140533
6580 0.09920856476817903 0.6714112666041968
6581 0.09922936212134624 0.6716625693766399
6582 0.09925015903606602 0.6719139121753147
6583 0.09927095444329752 0.6721653207755823
6584 0.09929174810352505 0.6724167659222237
6585 0.09931253858250823 0.6726682678766694
6586 0.09933332550657507 0.6729198026573661
6587 0.0993541082182373 0.6731713909459774
6588 0.09937489040649433 0.6734230258606588
6589 0.09939566965934801 0.6736747187031945
6590 0.09941644161362938 0.6739264228612462
6591 0.0994372066620625 0.6741781690642558
6592 0.09945797312961457 0.6744299754231301
6593 0.0994787349951053 0.6746818281137984
6594 0.09949939286371436 0.6749334626421268
6595 0.09952015421257603 0.6751853932433588
6596 0.09954092521187245 0.6754374249898865
6597 0.09956169138895203 0.675689504698904
6598 0.09958287536376124 0.6759425650194872
6599 0.09960358198695624 0.6761946568061946
6600 0.0996242836082555 0.6764467615802456
6601 0.0996449894103096 0.6766989184644157
6602 0.09966570703870428 0.6769511488608161
6603 0.09968577141402493 0.6772017466327482
6604 0.09970656716913219 0.6774541407824389
6605 0.09972741325354395 0.677706823130573
6606 0.09974825881072018 0.6779595796113537
6607 0.09976908737247486 0.6782123581028801
6608 0.09979028396427979 0.6784658289969202
6609 0.09981106386798001 0.67871865576366
6610 0.09983183758674553 0.6789714923168014
6611 0.09985259545697381 0.6792243078210836
6612 0.09987336833890181 0.6794771981168521
6613 0.09989413124154231 0.6797301015184358
6614 0.09991495780580165 0.6799831850473718
6615 0.09993572316086012 0.6802361481003719
6616 0.09995651340687484 0.680489223781359
6617 0.09997729415340245 0.6807423158430794
6618 0.09999806893021077 0.6809950799691247
6619 0.100018861848599 0.6812484319390681
6620 0.1000396791688124 0.6815018723515517
6621 0.1000604993307868 0.6817553264595572
6622 0.1000813454922911 0.682008879566709
6623 0.1001021867504927 0.682262455213217
6624 0.1001230450341404 0.6825161186269006
6625 0.1001438966760651 0.68276981142047
6626 0.1001645043903704 0.6830233458000631
6627 0.1001853778904361 0.6832770319148228
6628 0.1002063959821222 0.6835313114367575
6629 0.1002273021218022 0.6837853320649578
6630 0.1002481870073059 0.6840392519736465
6631 0.1002690699876508 0.684293221377683
6632 0.1002899549355126 0.6845472472574547
6633 0.1003108424824694 0.6848013426621389
6634 0.1003317346998858 0.6850554989565063
6635 0.1003526298328892 0.6853097194462161
6636 0.1003735305099219 0.6855639999604614
6637 0.1003944356280895 0.6858183463485056
6638 0.1004153471246346 0.6860727548192012
6639 0.100436257314066 0.6863272007534656
6640 0.1004571700372138 0.6865816932004517
6641 0.100478084291322 0.6868362415968209
6642 0.1004990029614219 0.6870908435301594
6643 0.1005199254158003 0.6873455077959372
6644 0.1005409623934567 0.6876004280210999
6645 0.1005618506487526 0.6878551426838792
6646 0.1005827618805045 0.6881099112311257
6647 0.1006037174002879 0.6883648618838905
6648 0.1006246477092345 0.6886197665472209
6649 0.1006455790710366 0.6888747307577856
6650 0.1006658683318357 0.6891277798405885
6651 0.1006868775054096 0.6893830634217715
6652 0.1007084404001583 0.6896402834561246
6653 0.1007294798802954 0.6898956487594945
6654 0.1007504612625014 0.6901508836179836
6655 0.100771446555762 0.6904062029711736
6656 0.1007924418206417 0.6906615787369209
6657 0.1008134439939529 0.6909170389636146
6658 0.1008344569927776 0.6911725595887043
6659 0.1008552286160437 0.6914273873783593
6660 0.1008762868256858 0.6916831432634656
6661 0.1008973792413435 0.6919390808959076
6662 0.1009184791262063 0.6921950718873914
6663 0.1009395810082331 0.6924511342596094
6664 0.1009606816023103 0.6927072196830668
6665 0.1009817711233951 0.692963319714538
6666 0.1010029465032991 0.6932193357920895
6667 0.1010240314338464 0.693475660065659
6668 0.1010451155388692 0.693731941683015
6669 0.1010661987636624 0.6939882521830172
6670 0.1010872778226258 0.6942445621789962
6671 0.1011083559447415 0.6945009198123779
6672 0.1011294363519398 0.6947573185739373
6673 0.1011506351128476 0.6950141916838398
6674 0.1011716887754723 0.6952705965930793
6675 0.1011927229169414 0.6955270102151999
6676 0.1012137508873133 0.6957834451958232
6677 0.1012351029503904 0.6960407720477579
6678 0.1012560019501063 0.6962970604620572
6679 0.1012769656426861 0.6965535236381843
6680 0.1012979459421632 0.6968100457161748
6681 0.101318936922074 0.6970666441840119
6682 0.1013395729832766 0.6973216641521152
6683 0.101360570955088 0.6975786186537826
6684 0.1013816499265314 0.6978357345348944
6685 0.1014027502694424 0.6980929019185268
6686 0.1014238564154649 0.6983500965062875
6687 0.1014449623188071 0.6986073250525437
6688 0.1014660672339188 0.6988645803960111
6689 0.1014869149062742 0.6991210097668066
6690 0.1015084867330067 0.6993795381614121
6691 0.1015295880599747 0.6996369228203819
6692 0.1015506617813543 0.6998943027092424
6693 0.1015717161514975 0.7001516749171703
6694 0.1015927686922863 0.7004090795066195
6695 0.1016138090642436 0.7006664858870082
6696 0.10163485436285 0.7009239391515475
6697 0.1016558817281596 0.7011813774947981
6698 0.1016769074282293 0.7014388414891979
6699 0.1016979261378334 0.7016963390695459
6700 0.1017189561569729 0.701953922833584
6701 0.101739983605414 0.7022115582295703
6702 0.1017610224526124 0.7024692745679149
6703 0.1017820573151264 0.7027270291884117
6704 0.1018031543611995 0.7029849809192671
6705 0.1018241896388045 0.7032428266014695
6706 0.1018452300592206 0.7035007315804215
6707 0.1018662179913285 0.7037585638459962
6708 0.1018872560024881 0.7040165494714224
6709 0.1019082701091861 0.7042744834898996
6710 0.1019293248566045 0.7045325864298513
6711 0.101950387914372 0.704790800640605
6712 0.1019714563584137 0.7050490492925584
6713 0.1019925213613407 0.7053073502461015
6714 0.1020135904632447 0.7055656942068504
6715 0.1020346539062437 0.705824083874896
6716 0.102056026082529 0.7060832933327894
6717 0.1020770518180463 0.7063417520587846
6718 0.1020980941949875 0.7066002065053093
6719 0.1021190895708181 0.7068585701033465
6720 0.1021400476288954 0.7071180864973504
6721 0.1021611810709281 0.7073764822129558
6722 0.1021822376436706 0.7076348856287152
6723 0.1022032611956556 0.707893371603702
6724 0.1022242766186776 0.7081519113716148
6725 0.1022452971816513 0.7084105738595593
6726 0.1022663215020495 0.708669290774952
6727 0.1022873487654286 0.7089281080394809
6728 0.1023083765291081 0.7091869585525624
6729 0.1023294068559465 0.7094458981985939
6730 0.1023504369824855 0.7097048627846058
6731 0.1023714683601366 0.7099639099394827
6732 0.1023919865583048 0.7102215877526933
6733 0.1024130614769582 0.710480893970222
6734 0.1024341684568705 0.7107402664971585
6735 0.1024552685743945 0.7109996644785725
6736 0.1024763146381406 0.7112591722348737
6737 0.1024974186944472 0.711518569335702
6738 0.1025185133351036 0.7117780532154212
6739 0.1025396090167974 0.7120376291208111
6740 0.1025607910890289 0.7122976293279282
6741 0.1025818778412796 0.7125571904785338
6742 0.1026029407824866 0.7128167532822258
6743 0.102624005578976 0.7130764090041277
6744 0.1026450711401552 0.7133361192591374
6745 0.102666071791949 0.7135957625111229
6746 0.1026871472565793 0.7138555836137196
6747 0.1027082359649267 0.7141155099918878
6748 0.1027293159877007 0.7143754582311027
6749 0.1027503959280514 0.7146354665730589
6750 0.1027716929570985 0.7148960333838943
6751 0.1027927310994063 0.7151560650459856
6752 0.1028137468999065 0.7154160547543511
6753 0.1028347614953428 0.7156760837892424
6754 0.1028557347105438 0.7159363049159186
6755 0.1028767499238938 0.7161963740159961
6756 0.1028977635951906 0.7164564891901219
6757 0.1029187662297705 0.7167166325769898
6758 0.1029397745807124 0.7169768505809554
6759 0.1029607895144263 0.7172371008206678
6760 0.1029817935354094 0.7174974189909857
6761 0.1030027843127303 0.7177577460570407
6762 0.1030237822032272 0.7180181466691966
6763 0.103044773389168 0.7182785817865937
6764 0.1030657747530317 0.718539092333896
6765 0.1030867715162076 0.7187996357648715
6766 0.1031077758473753 0.7190602398150686
6767 0.1031287783777434 0.7193208834752355
6768 0.1031497867301085 0.7195815988349192
6769 0.1031707894150083 0.7198423296956461
6770 0.1031917933844289 0.720103130842271
6771 0.1032129484004609 0.7203631795377389
6772 0.1032338386473378 0.7206241250741661
6773 0.1032547994360356 0.7208852046438908
6774 0.1032757653206753 0.7211462516868461
6775 0.1032967466146378 0.721407338341949
6776 0.1033177333471724 0.7216684962361335
6777 0.1033386957653833 0.7219295564502398
6778 0.1033596312843633 0.722190566405172
6779 0.1033805673438816 0.7224516239610855
6780 0.1034014812640185 0.7227126321312859
6781 0.1034224161198945 0.7229737694349476
6782 0.1034433398372128 0.7232348984569082
6783 0.1034642804444613 0.7234961410903284
6784 0.1034852089495616 0.7237573627607008
6785 0.1035059225535064 0.7240182436059285
6786 0.1035269059974341 0.7242796555638886
6787 0.1035478811667199 0.72454113924935
6788 0.1035688577317962 0.7248026459164483
6789 0.1035898197162153 0.7250641959834888
6790 0.1036107826772985 0.7253257693837868
6791 0.103631729890291 0.7255873835433673
6792 0.10365342358426 0.7258509664574483
6793 0.1036742799382025 0.7261124506730451
6794 0.103695098113918 0.7263738464558414
6795 0.1037159288379881 0.726635365472447
6796 0.1037367581098312 0.7268968816610806
6797 0.1037575836590917 0.7271584656956678
6798 0.103778419856043 0.7274200882963087
6799 0.10379925560926 0.7276817825344436
6800 0.103820103067234 0.727943522493548
6801 0.103840950452889 0.7282053323563045
6802 0.103861808359285 0.7284671843407905
6803 0.1038826612221533 0.7287290849043039
6804 0.103903521808898 0.7289910216160551
6805 0.103924346817192 0.7292529869912971
6806 0.1039452185604835 0.729515014233962
6807 0.1039660961386158 0.7297771471349964
6808 0.1039869864770318 0.730039343770949
6809 0.1040081306529413 0.7303014264168626
6810 0.1040288733328763 0.73056371183488
6811 0.1040497044341457 0.7308260696532238
6812 0.1040705571621768 0.7310884230735442
6813 0.1040914186490718 0.7313516998138886
6814 0.1041123891332623 0.7316140335913999
6815 0.1041332753979445 0.7318763658306289
6816 0.1041541455066899 0.7321387477103813
6817 0.1041750056249427 0.7324011843366091
6818 0.1041958737554453 0.7326636872770343
6819 0.1042167383680782 0.7329262463613939
6820 0.1042376117035484 0.7331888666254229
6821 0.1042584786860346 0.7334515335554231
6822 0.1042798737060514 0.7337154805776515
6823 0.104300698721337 0.7339781849757451
6824 0.1043214908440424 0.734240812710877
6825 0.1043422896810612 0.7345035080868314
6826 0.1043631095057691 0.7347662862818172
6827 0.1043839361822967 0.7350291356303468
6828 0.1044046033440224 0.7352916307258888
6829 0.1044254730459441 0.7355546388445977
6830 0.1044463864571287 0.7358177965194862
6831 0.1044676892228227 0.736081708571349
6832 0.1044885268409277 0.7363449403951532
6833 0.1045093979452714 0.7366081817389601
6834 0.1045302883576828 0.7368714729299836
6835 0.1045511905254899 0.7371348177306007
6836 0.1045720958931917 0.7373982067792478
6837 0.1045930044738608 0.7376616292792502
6838 0.1046139134075745 0.7379250874725717
6839 0.1046348272898945 0.738188585507114
6840 0.1046557525224213 0.7384521537524857
6841 0.1046766885992342 0.7387157796170275
6842 0.1046976313983539 0.7389794618943389
6843 0.1047185816480388 0.7392431938003332
6844 0.1047395364250063 0.7395069779512146
6845 0.1047604973966884 0.7397708121134892
6846 0.1047814615273918 0.7400346950717994
6847 0.1048021799103206 0.7402984833680458
6848 0.1048232503865575 0.7405625088111778
6849 0.1048442804384763 0.7408265444442913
6850 0.1048651189234535 0.7410871848923961
6851 0.1048861648016956 0.7413548537061542
6852 0.1049072474901527 0.7416194785487257
6853 0.1049283388432942 0.7418839147223711
6854 0.1049493392020444 0.7421479246642021
6855 0.1049703434036869 0.742412209603585
6856 0.1049913131298038 0.7426763783941314
6857 0.1050121155089508 0.7429372133337925
6858 0.1050332038525435 0.7432052488460301
6859 0.1050542675213927 0.7434700980625464
6860 0.1050751754008205 0.7437312918633164
6861 0.1050962624322725 0.7439994220975842
6862 0.1051173366402222 0.7442642089704904
6863 0.1051382471439048 0.7445254911230074
6864 0.1051593335707074 0.7447937167421786
6865 0.105180475116786 0.7450587439497631
6866 0.105201387801623 0.7453201394327679
6867 0.10522245019284 0.7455884213306231
6868 0.1052427580611493 0.745851366069376
6869 0.1052636472573088 0.746112751631877
6870 0.1052849958931077 0.7463818955222763
6871 0.1053059979436135 0.7466467653904606
6872 0.1053273117825817 0.7469125259456404
6873 0.1053484153241844 0.747177522530808
6874 0.1053695419218943 0.7474429050093768
6875 0.1053905949208015 0.7477080021741626
6876 0.1054116767969849 0.7479733882528747
6877 0.1054327213207622 0.7482386402309095
6878 0.1054537907490989 0.7485040996539939
6879 0.1054748382598344 0.7487694977023835
6880 0.1054959067177109 0.7490350551526866
6881 0.1055169590325093 0.7493005837613969
6882 0.1055380193715223 0.7495662066240003
6883 0.1055587300446947 0.7498306416985739
6884 0.1055798005668418 0.7500964227854338
6885 0.1056008846538039 0.7503622914772794
6886 0.1056219756624954 0.7506282239074377
6887 0.1056430485349142 0.7508941207755253
6888 0.1056641217866738 0.7511600578366442
6889 0.1056851788483652 0.7514259720572062
6890 0.1057064860053014 0.7516927148440012
6891 0.1057275061111193 0.7519585896544443
6892 0.1057492127078938 0.7522261315550092
6893 0.1057701387467437 0.75249188848966
6894 0.1057909177324334 0.7527578068927905
6895 0.1058118714641002 0.7530234673656664
6896 0.1058328019599817 0.7532892054733086
6897 0.1058538147865732 0.7535551951549805
6898 0.1058747091230544 0.7538209854459138
6899 0.1058956650817557 0.7540869570862225
6900 0.1059166281411416 0.7543530081519836
6901 0.1059376091916936 0.7546191315643012
6902 0.1059585906405395 0.7548853102632033
6903 0.1059795883577082 0.755151558489466
6904 0.1060005861354946 0.7554178579555316
6905 0.1060215979665214 0.7556842212742723
6906 0.1060426051330688 0.7559506220325916
6907 0.1060636184570725 0.7562170662765456
6908 0.1060851635665913 0.7564848180633605
6909 0.1061061004534821 0.7567512764380326
6910 0.1061270030712844 0.7570175947365184
6911 0.1061479149251082 0.7572839490761968
6912 0.1061687876189905 0.7575501994574446
6913 0.1061897308702807 0.7578167218289349
6914 0.1062098234185612 0.7580806081398966
6915 0.1062308543258967 0.7583474527564139
6916 0.1062518301411815 0.7586142648346355
6917 0.1062720972479807 0.7588791719763465
6918 0.1062932837355788 0.7591465455542831
6919 0.1063145128978243 0.7594140973300068
6920 0.1063357022057142 0.7596815700958383
6921 0.1063568691292444 0.7599490201364789
6922 0.1063779966723118 0.7602163867055475
6923 0.106399106540421 0.7604837459733199
6924 0.1064200938660974 0.7607508457389258
6925 0.1064414887622056 0.7610192696445067
6926 0.1064629580124342 0.7612881605888187
6927 0.1064838385038538 0.7615549035084799
6928 0.1065047201979431 0.7618217001495725
6929 0.1065256035896015 0.7620885832546912
6930 0.1065464955571979 0.7623555374379289
6931 0.1065673938561865 0.76262257684406
6932 0.1065893223446938 0.7628921711644712
6933 0.1066101254935042 0.7631591473820317
6934 0.106630896264803 0.7634260576981594
6935 0.1066516736657357 0.763693037590036
6936 0.1066724662897544 0.7639600853879844
6937 0.1066932659302514 0.7642272084442403
6938 0.1067140851902889 0.7644944116056209
6939 0.1067349156829207 0.7647617019049141
6940 0.106755763499629 0.765029060169671
6941 0.1067766191086527 0.7652964935107753
6942 0.1067974882856953 0.7655639830131187
6943 0.1068183917615079 0.7658315985133519
6944 0.106839266948 0.7660991907398889
6945 0.1068601445819162 0.7663668449447304
6946 0.1068810325384498 0.7666345424943098
6947 0.1069019205611382 0.7669022967740302
6948 0.106922814601078 0.7671700827389549
6949 0.1069437437982907 0.7674380397419288
6950 0.1069646390823612 0.7677059048053194
6951 0.1069855256932774 0.767973806271421
6952 0.1070064135830194 0.7682417300453238
6953 0.1070272964361507 0.7685097036362205
6954 0.1070481815472016 0.7687777062083336
6955 0.107069061861248 0.7690457564101119
6956 0.1070899443791064 0.7693138302773145
6957 0.1071105065778857 0.7695803225438309
6958 0.1071313851499326 0.7698486289671477
6959 0.1071523036733091 0.7701171201573551
6960 0.107173230012007 0.7703856113927401
6961 0.1071941465119434 0.7706540980471308
6962 0.1072152176512997 0.7709235826119692
6963 0.1072361157002551 0.7711918381059523
6964 0.1072569579023918 0.7714600436513861
6965 0.1072778963790685 0.7717283800655586
6966 0.1072986706415455 0.7719966778810536
6967 0.1073194373173462 0.7722649245330544
6968 0.1073402138444543 0.7725332019519512
6969 0.1073609879980409 0.7728015139755727
6970 0.1073817703966552 0.7730698876235004
6971 0.1074025484034165 0.7733382924885575
6972 0.1074233332358284 0.7736067559765651
6973 0.1074441124317786 0.7738752433363009
6974 0.1074648982048554 0.7741437900565756
6975 0.1074856777422983 0.7744123591473613
6976 0.107506463675199 0.7746809873006066
6977 0.1075272424101787 0.7749496340729699
6978 0.1075480239800326 0.7752183348683824
6979 0.1075687950818737 0.7754870461654562
6980 0.1075895702498347 0.7757558152506834
6981 0.1076103356676944 0.7760245911427572
6982 0.1076311058303177 0.7762934266850825
6983 0.1076518657872678 0.7765622678004311
6984 0.1076726294610834 0.7768311634909926
6985 0.1076933830476966 0.7771000723033253
6986 0.1077141401108176 0.7773691113769162
6987 0.1077348806928028 0.7776380472530193
6988 0.107755619707993 0.777907002299155
6989 0.1077763462114393 0.7781759628536143
6990 0.1077970746223146 0.7784449750325436
6991 0.1078177936686271 0.7787140042892235
6992 0.1078385154585528 0.7789830837910187
6993 0.1078592280852722 0.7792521797174888
6994 0.1078799444113831 0.7795213258446805
6995 0.1079004543645521 0.7797900479579515
6996 0.1079211871406448 0.780059308541325
6997 0.1079419104716885 0.7803285756605474
6998 0.1079626372646898 0.7805978980539879
6999 0.1079833448292194 0.7808672092545242
7000 0.1080040583680333 0.781136579571532
