"rf_coeffs"
"Iteration" "cd etc.."
("Iteration" "cd" "cl")
1 11.96507707213878 24.78619361947739
2 8.802307561349386 18.90761536845852
3 5.836271393452927 12.8523683032876
4 4.026325525796038 8.859384082233579
5 2.659967941591195 5.752566123815861
6 1.737412081053292 3.702827478920209
7 1.094684550994253 2.275964226917967
8 0.6434440572996596 1.308988469375442
9 0.3561994998972101 0.7258892891934995
10 0.1900746431459347 0.4125469365007949
11 0.09222796963899391 0.2548473449331726
12 0.04008973932221984 0.1896169166706921
13 0.02466869680121285 0.200327644399321
14 0.02619252881993056 0.2389756510350615
15 0.03896630071402164 0.2961784591715598
16 0.0568749417736425 0.3577094719166878
17 0.07565884695393119 0.4153584296576828
18 0.09429197003789221 0.4694249930180606
19 0.1108742572975856 0.5164562767129218
20 0.1262078601625763 0.5600286074718784
21 0.1375230719821967 0.5929440042567139
22 0.146740231162511 0.621205153019988
23 0.1545818164223275 0.646885442265894
24 0.1606546021483136 0.6688245809375648
25 0.1652465788209395 0.6877705075145345
26 0.1691703470458878 0.7059293350434916
27 0.1724109543324714 0.722911553466127
28 0.1747657960282751 0.7378300933686032
29 0.1768679833282754 0.7525134103700759
30 0.1788913056621132 0.7670115083819864
31 0.1808144521438955 0.7813904860723451
32 0.1823232229576534 0.7942600094932647
33 0.1840189177408453 0.8077132044438335
34 0.1854721668954002 0.8200848115040148
35 0.1869762988290874 0.8323895406302309
36 0.1884220499774506 0.8443438878390532
37 0.1899273843457024 0.8562839961198903
38 0.191476535766585 0.8679781290415889
39 0.1926660311369018 0.8781572525379899
40 0.1939863526891634 0.8886698724491738
41 0.1952658597400761 0.8987916211803222
42 0.1965412164181766 0.9086418453247294
43 0.1977917546440802 0.9182808259163089
44 0.1990513127345628 0.9277301139825795
45 0.200237038796103 0.9367980486525559
46 0.2015008477014007 0.9459541785754725
47 0.2026268671298361 0.9546324034765051
48 0.203866514259449 0.9634518245277495
49 0.2050193635106275 0.9719150128319797
50 0.2061826537733598 0.9803819431858188
51 0.2072816789842707 0.9885337542414018
52 0.208377212078463 0.9966102101102876
53 0.2094892787237861 1.004635371766853
54 0.2106302748177197 1.012657807440932
55 0.2117275319717075 1.020555579192688
56 0.2128621031361737 1.028410800965434
57 0.2139319246748867 1.036108271934876
58 0.2149524574320966 1.043558244052611
59 0.2159666937700478 1.050982408460633
60 0.2170036287993607 1.058404824925611
61 0.2179810389607548 1.06564585568631
62 0.2189492618343447 1.07279356472149
63 0.2199580356927525 1.080149658323103
64 0.2207634338223812 1.086681169232971
65 0.2216202349324587 1.093341081026431
66 0.2224087875565076 1.100022003515174
67 0.2231544409286127 1.106424435071867
68 0.2238711272658869 1.112626999077144
69 0.2246196551184225 1.119087117388692
70 0.2253926666564121 1.125420758109081
71 0.2261088650265063 1.131683590464986
72 0.2267048065663587 1.137553194646473
73 0.227305893388727 1.143485976667951
74 0.2278142770800304 1.149057944467841
75 0.2284233770096577 1.154956479406325
76 0.228912363177727 1.160425711424464
77 0.2293502206012921 1.165808247385864
78 0.2298135988648777 1.17119363379579
79 0.2302515061897542 1.176543368159152
80 0.2308036738343535 1.182283178898436
81 0.2310783485929032 1.187043308981842
82 0.2313706610053734 1.191980634475127
83 0.2317621873635571 1.197217041971269
84 0.2320923031435314 1.202222830570785
85 0.2322798130467177 1.206901227241602
86 0.2326676770040082 1.21200239423445
87 0.2328855291045603 1.216675582588437
88 0.2331203244106348 1.221488700561047
89 0.2333392231386256 1.226207079544863
90 0.2335213436414964 1.230782206901891
91 0.2336397780850266 1.235254379519048
92 0.2337785283230071 1.23973109835827
93 0.2338454575642687 1.243969047747205
94 0.2339567259284022 1.248403611459905
95 0.2340325431190751 1.252772418280127
96 0.2341457265059196 1.257302946961947
97 0.234180202638786 1.261363948116216
98 0.2341648365745519 1.2654416565147
99 0.2341609913470655 1.269639869746162
100 0.2341572039560252 1.273773799418251
101 0.2340540910678019 1.277714190980913
102 0.2340412574559213 1.281755757582526
103 0.2339951461858853 1.28574639816814
104 0.2338410448526662 1.289465951278381
105 0.2338181390224684 1.293514082874543
106 0.2336432792096405 1.297220796360773
107 0.2334775345996779 1.300963495708623
108 0.2333375919114512 1.304760602847885
109 0.2331643997493986 1.30841961624084
110 0.2329389290614783 1.311870076252928
111 0.2328342807769733 1.315730592336682
112 0.23261192099053 1.319381551186578
113 0.2323753652274023 1.322737161542505
114 0.2321908296531158 1.326423310749841
115 0.2319200456480917 1.329849118666538
116 0.2317387145822131 1.333372990726049
117 0.2315172214825128 1.336870456335743
118 0.2312074266510175 1.340222251364928
119 0.2309042232758674 1.343338589742459
120 0.230616069948771 1.346686430520198
121 0.2303327224608161 1.349841982659628
122 0.2301421044293496 1.353406141174208
123 0.2298125113132743 1.356428242979632
124 0.2295593553881061 1.359806094061207
125 0.2291937112602026 1.362685706008757
126 0.2289381306886397 1.366027735741302
127 0.2286042631989106 1.369049664813301
128 0.228304966743573 1.3720926469171
129 0.2279723798220998 1.375036045246861
130 0.2276606945972086 1.378019082082642
131 0.2273598618935565 1.381040424682804
132 0.2270863602592174 1.384108314701945
133 0.2267114029533016 1.386870289906521
134 0.2263604351455275 1.389668563055319
135 0.2260967199107898 1.392687834130891
136 0.2258602403221085 1.395775845898503
137 0.2255591354258469 1.398661648669793
138 0.2252530467612223 1.401461557556535
139 0.224946185517916 1.404278192303513
140 0.2247043694443529 1.40730999559813
141 0.2243876170145107 1.410079414385584
142 0.2240573819752946 1.412734832772012
143 0.2237351346932582 1.415428865895151
144 0.2234205707534881 1.418169525842325
145 0.2230695852872843 1.420771291676734
146 0.2228323866451134 1.423601539273281
147 0.2225314606748114 1.426266077485345
148 0.222225474279846 1.428959765750696
149 0.2219133523388978 1.431588223667275
150 0.2215993305040183 1.43420070854798
151 0.2212797410328377 1.436746320230035
152 0.220929836101748 1.43926514944453
153 0.2205975253549278 1.441759721276785
154 0.2202660083660003 1.444259994637967
155 0.2199263152566071 1.446726679646161
156 0.2195835585560023 1.449146967451419
157 0.2192440954271618 1.451600440167078
158 0.2189053734086891 1.454012675300551
159 0.2185502633071265 1.456394713423345
160 0.2181971345039475 1.458758170984433
161 0.2178313234758319 1.461084633831708
162 0.2174522418744527 1.463343679561858
163 0.217064252653463 1.465527580378932
164 0.2167099152384982 1.467817457172862
165 0.2163360515713235 1.47011674736828
166 0.2159705447728612 1.472306395922147
167 0.2155748752495787 1.474467882696931
168 0.2152005025141994 1.476674942037939
169 0.2148127185646792 1.47883493311713
170 0.2144082609327935 1.480942836908981
171 0.2140042317835091 1.483010094409813
172 0.2136217395806828 1.485127855942876
173 0.2132180818301839 1.487179987389765
174 0.2128096750116201 1.489190127654115
175 0.2123856819701638 1.491145679695225
176 0.2119533060281295 1.493069957782409
177 0.2115253524602689 1.494982631795567
178 0.2110688317830904 1.496802435047871
179 0.2106268756815234 1.498640989645601
180 0.2102186912139216 1.500549482493997
181 0.2098025311317259 1.502436143698928
182 0.2093388712638068 1.504167427129976
183 0.2088780318086765 1.5058803484467
184 0.2084245036044379 1.507604745446016
185 0.2079774874219552 1.509342062084396
186 0.2075126939473448 1.510996955075913
187 0.2070436501008443 1.512623145236242
188 0.2065599642708471 1.514181512557856
189 0.2060888871169505 1.515759770067374
190 0.2055915950363958 1.517331101311064
191 0.2050957292180937 1.518737940277304
192 0.2045900398300562 1.520144316740451
193 0.2040473197358194 1.521528874108796
194 0.2035288423186567 1.522817411371373
195 0.203011131704734 1.524180268944153
196 0.2024715768974052 1.525391309535553
197 0.2019163836131213 1.526601604866655
198 0.2013766794140074 1.527766407957067
199 0.2008198988178372 1.528948057777919
200 0.2002731099396262 1.530085559956395
201 0.1997014302352124 1.531113807090287
202 0.1991075706845756 1.532176563751068
203 0.1985431103158543 1.533123150021314
204 0.197932173028426 1.534103994409102
205 0.1973663132453201 1.535005148100876
206 0.1967530425533472 1.535863209024299
207 0.1961519947256927 1.536762748488479
208 0.1955640763190795 1.537513342745006
209 0.1949243471237463 1.538265226571164
210 0.1943001571906452 1.539016721843232
211 0.1936744842523196 1.539652475946879
212 0.1930421941436816 1.540289606963594
213 0.1924144384899004 1.540906007545186
214 0.1917867822392737 1.541514525078153
215 0.1911597047401209 1.54205269036437
216 0.1905290230104468 1.542644570385879
217 0.189901497825939 1.54313093733625
218 0.1892364616602678 1.543530589202962
219 0.1885791241179335 1.543946223779199
220 0.187947003082759 1.544404046392998
221 0.1873088841414621 1.544809018747265
222 0.186673702971084 1.545188104746271
223 0.1860495617422766 1.5455653803442
224 0.1854166946395044 1.54590548343592
225 0.1847767181115831 1.546201488352314
226 0.1841605203023883 1.546531568334377
227 0.1835325470754415 1.546811403668771
228 0.1828935845323603 1.547033889187232
229 0.182276902972931 1.54727925831177
230 0.1816552043493338 1.547500444466892
231 0.1810335398473581 1.547678004800453
232 0.1804324294098994 1.54787890335781
233 0.1798344703800343 1.548071010978525
234 0.1792375917505522 1.548243516663392
235 0.178660351087874 1.548436694937032
236 0.1780990003965852 1.548607809331142
237 0.1775084499778979 1.548768216267667
238 0.1769455937125511 1.548918917548852
239 0.1763875502437589 1.549062683409504
240 0.1758375273360371 1.549199461223173
241 0.1752905703930553 1.549325662377627
242 0.1747536763598397 1.549450610989389
243 0.1742172843094709 1.549551371725717
244 0.1736980413421255 1.549671153079113
245 0.1731796960076022 1.54977429558641
246 0.1726789625031341 1.54989880222595
247 0.17217360973704 1.549988395985702
248 0.1716819251876933 1.550090057956841
249 0.1712054022954722 1.55020043863819
250 0.1707416433661731 1.550312519331565
251 0.17028297533908 1.550414692653687
252 0.169834890839163 1.550521818487516
253 0.1693905111221816 1.550619134598888
254 0.1689588669669634 1.550715494180446
255 0.1685306969058252 1.550803070972226
256 0.1681270863436469 1.550923910452359
257 0.1676923734495039 1.55095672670611
258 0.1673147467726986 1.551093365894469
259 0.1669299157776744 1.551176150568991
260 0.1665379161404373 1.551276743702721
261 0.1661740353891515 1.551359754222343
262 0.165798022136185 1.551454633101993
263 0.1654552697782212 1.551554584405669
264 0.1651100537965046 1.551669923945161
265 0.1647847497138001 1.551758059936875
266 0.1644435260390291 1.55183875376127
267 0.1641365301738555 1.551933478198992
268 0.1638168419488452 1.552022271672779
269 0.1635192482387884 1.552118891976809
270 0.1632332699954119 1.55221885965894
271 0.1629546718349761 1.55231401535418
272 0.1626749236523018 1.552409173922219
273 0.1624299506766826 1.552516880179129
274 0.1621742713571773 1.552626474200462
275 0.1619236111744203 1.552732004541714
276 0.1616974965513478 1.552840982680419
277 0.1614645044781623 1.552947152565605
278 0.1612458803465135 1.553046509527718
279 0.1610403371244604 1.55315909421032
280 0.1608352544278106 1.553262379962559
281 0.1606433234392083 1.553368596507374
282 0.1604574531837255 1.553469996343066
283 0.1602824913006944 1.553576271746661
284 0.1601127658400821 1.553688261289325
285 0.1599464597485837 1.55378225637997
286 0.1598080107306849 1.553916590232374
287 0.1596851069416452 1.554063637861944
288 0.1595408211013026 1.554172392038828
289 0.1594052069585518 1.554268611140059
290 0.159287771340964 1.554378429721422
291 0.1591781468619173 1.554493511641666
292 0.1590789590593834 1.554614432819451
293 0.1589798494357453 1.554726952739473
294 0.1588928594673294 1.554844318208741
295 0.1588179881101513 1.554972013803267
296 0.158744987763723 1.555090907918925
297 0.1586786233280997 1.555207050756259
298 0.1586218748433124 1.555326576090069
299 0.1585686063781849 1.555443242227537
300 0.1585211721167778 1.555556066700818
301 0.1584755230174554 1.555658660254788
302 0.1584583348874008 1.555804275622128
303 0.1584350279411103 1.555926131310875
304 0.1584148569304595 1.556038414148101
305 0.1584011984583867 1.556145677296945
306 0.1584028209499191 1.556282041665952
307 0.1584079020044052 1.556406166853729
308 0.1584222114869363 1.556530320096811
309 0.1584307863526352 1.55663541734569
310 0.1584510631760466 1.556750970152352
311 0.1584749273939988 1.55685716440321
312 0.1585067100022121 1.556969879783356
313 0.1585500906557439 1.557102088280149
314 0.1585942872255413 1.557214594155475
315 0.1586444304827136 1.557329646032717
316 0.1586998420934069 1.557443555422753
317 0.158759843021142 1.557554206583301
318 0.1588268455163736 1.557669743724069
319 0.1588965055824359 1.557776857644247
320 0.1589730781748775 1.557888387921633
321 0.1590538437671627 1.55799826616958
322 0.1591399963840014 1.558108173973632
323 0.1592335306810236 1.558223958242772
324 0.1593292637193127 1.558332621073801
325 0.1594309753820129 1.558440548112822
326 0.1595360075851317 1.558548343507395
327 0.1596500727026862 1.558664845533306
328 0.1597643430008353 1.558770400935173
329 0.159885504366987 1.558876299466002
330 0.1600060283790593 1.558981160048403
331 0.1601316461265013 1.559078961798862
332 0.1602601651543658 1.559174131394529
333 0.1603930410095523 1.559265721074475
334 0.1605257936325765 1.559357950078369
335 0.1606703024747893 1.559460315011218
336 0.1608372110466906 1.559613013702182
337 0.1609703078578277 1.559666574072746
338 0.1611302330617754 1.559781525385827
339 0.1612756978672679 1.559850570057062
340 0.16144064980573 1.55996440416198
341 0.1616060919056591 1.560060073171977
342 0.1617655759523126 1.560127913853279
343 0.161935315991017 1.560219765994751
344 0.1621176132392476 1.560340398563316
345 0.1622934003615792 1.560438498783038
346 0.1624702764031738 1.560522400626863
347 0.1626544210674852 1.560617420416997
348 0.1628371423782858 1.560698824223
349 0.1630239804566267 1.560793316048996
350 0.1632130861195259 1.56087424210232
351 0.1634003048317891 1.560949242146206
352 0.1635888857420372 1.561023145371795
353 0.163782787625206 1.561096696098286
354 0.1639794282658722 1.56117536376502
355 0.1641805449396185 1.561261136348924
356 0.1643842174466258 1.561345824108467
357 0.1645859786415846 1.561418684939696
358 0.164789054946638 1.561489322196496
359 0.1649899877127347 1.561552987789494
360 0.1651987933653179 1.561627501939226
361 0.1654205797925147 1.561731310279182
362 0.1656327930094329 1.561802717599493
363 0.1658329456810899 1.561838655176846
364 0.166047179485436 1.561907498021422
365 0.166264117416873 1.561978642479587
366 0.1664821894322114 1.562048011530185
367 0.1667013749652002 1.562116026110806
368 0.1669229257371019 1.562183050157129
369 0.1671432989820041 1.562247503677868
370 0.1673737362234693 1.562336137863313
371 0.16759762022633 1.562400047936773
372 0.1678185756819438 1.562454427035197
373 0.1680363616071124 1.562495413214797
374 0.1682736617852864 1.5625912892289
375 0.1684925973065911 1.562631923668716
376 0.1687139278852114 1.562674327466313
377 0.1689346569489719 1.562713032053762
378 0.1691579775516963 1.562756337595057
379 0.1693798155364575 1.562797658883601
380 0.1695969348847268 1.562820526788248
381 0.1698249938853068 1.562861762238775
382 0.170051972777213 1.562899606519042
383 0.17028857326136 1.5629698582317
384 0.1705153441783004 1.563013117330767
385 0.1707332808048337 1.56302934844259
386 0.1709545453071199 1.563044207634129
387 0.1711812820963333 1.563082963310016
388 0.1714100027748249 1.563124515702454
389 0.1716356811866201 1.56315595719478
390 0.1718604650852786 1.563184248677356
391 0.1720846598813122 1.563209329647688
392 0.172307093729097 1.563226496375112
393 0.1725288221568553 1.563246037689642
394 0.1727493476109329 1.563258143596809
395 0.1729700665734296 1.563273856197166
396 0.1731890822158647 1.563284102209542
397 0.1734102738754313 1.563300506577087
398 0.1736319789500628 1.563319388404425
399 0.1738383560326702 1.563292636658811
400 0.1740544682798253 1.563289435624435
401 0.1742694216527113 1.563289814451678
402 0.1744829458181939 1.563285197136534
403 0.1746953218302021 1.563277916459479
404 0.1749056951767543 1.563266428921571
405 0.1751173952403105 1.563256603618069
406 0.1753207407830143 1.56323042840343
407 0.1755253890493164 1.563202482847593
408 0.1757353780379045 1.563185830729243
409 0.1759392063461444 1.563159793798072
410 0.1761408471223639 1.563128150898499
411 0.1763396493768453 1.563088770657004
412 0.1765375046332048 1.563049030169857
413 0.1767333169691703 1.563004729113208
414 0.176927473243823 1.562955033559674
415 0.1771210191555783 1.562907566589239
416 0.1773094128514368 1.562847953299673
417 0.1774964449856154 1.562785031450125
418 0.177684034909242 1.562722769486509
419 0.177870359339463 1.562662112116199
420 0.1780491457586925 1.562588732457362
421 0.17823103690396 1.562514687796607
422 0.1784098721478908 1.562436188122745
423 0.1785842041817003 1.562350684405958
424 0.1787630729914464 1.562273261445104
425 0.1789534541146674 1.56222544058808
426 0.1791207829177415 1.562127646634342
427 0.17928621160609 1.56202150360972
428 0.1794264125593074 1.561854690200233
429 0.1795876710198368 1.561742299669848
430 0.1797503878580241 1.561636073543059
431 0.1799149084696454 1.561545084225846
432 0.18008447976415 1.561444717492207
433 0.1802394841596296 1.561324749841402
434 0.1803892457410638 1.561192287775734
435 0.1805470618520581 1.561081755090638
436 0.1806840433519771 1.560919412623939
437 0.1808267918818625 1.560776406420786
438 0.1809758199877263 1.560647387041371
439 0.1811145345107576 1.560496919471601
440 0.1812519712460223 1.560343266881851
441 0.1813873587042522 1.560186946283921
442 0.1815221836928686 1.560021081367378
443 0.1816379351545144 1.559832046034857
444 0.1817707465948354 1.559664265996116
445 0.1818933392121007 1.559494934886615
446 0.1820230473589083 1.559324526451989
447 0.1821408710803693 1.559144912392309
448 0.1822663688002501 1.558966920623019
449 0.1823805069566647 1.558781729108788
450 0.1824991294725247 1.558593769453555
451 0.1826103953060147 1.558398431799183
452 0.1827202217880299 1.558198805362888
453 0.1828300898279152 1.558000000969521
454 0.1829350793473165 1.557791645853671
455 0.1830372171861672 1.557578142459665
456 0.1831373849503897 1.557361739222685
457 0.1832348898622005 1.557140110141118
458 0.1833452826528448 1.556955040007784
459 0.1834376827877535 1.556724269603114
460 0.1835257036098376 1.556485470303447
461 0.1836073431881576 1.556230462366565
462 0.1836949194980939 1.555985502490635
463 0.1837773480777631 1.555740638981597
464 0.1838577602540043 1.555490517195785
465 0.1839357208325811 1.555236304692181
466 0.1840112865661829 1.554977936024983
467 0.1840870530855682 1.554718470244959
468 0.1841534410324735 1.554438786199674
469 0.1842241779177887 1.554171345949778
470 0.1842945247427543 1.553905244608254
471 0.1843634543352893 1.553631725652783
472 0.1844271579304636 1.553361288092526
473 0.1844917767911495 1.553076244040895
474 0.1845512315496993 1.552789723788635
475 0.184610669127481 1.552507765569777
476 0.1846675790871759 1.552218360732403
477 0.1847189475278172 1.551911660143077
478 0.1847719636690826 1.551610957837138
479 0.1848187438845252 1.551308884819325
480 0.1848661275764335 1.550997592637858
481 0.1849172895466366 1.550700280178199
482 0.1849628370932378 1.550391176793533
483 0.1850060825939371 1.550076978476506
484 0.1850474073801421 1.549759019410504
485 0.1850867136702484 1.549436973697227
486 0.1851266063603379 1.549117850579677
487 0.18516369171578 1.548793115686271
488 0.1851956553480104 1.548460605515957
489 0.1852275229862384 1.548123463180539
490 0.1852527741299424 1.547771873774791
491 0.1852820841889961 1.547430671013588
492 0.185314518025317 1.547099768100101
493 0.1853406958654468 1.546754630230307
494 0.1853617581944344 1.546397024692012
495 0.1853791049931777 1.546031861790146
496 0.185400907473911 1.5456759169193
497 0.1854253566472961 1.545328979402905
498 0.1854460030664729 1.544973705114247
499 0.1854639193923324 1.544613809030086
500 0.1854809893359022 1.544251661961135
501 0.1854959587016566 1.543883745943147
502 0.1855097751601953 1.543514834275535
503 0.1855219551465149 1.543142353664961
504 0.1855327587391792 1.542766704533577
505 0.1855427269749432 1.542389545151906
506 0.1855522791408549 1.542013185862346
507 0.1855601277097609 1.541631763952034
508 0.1855664881536445 1.541251352833608
509 0.1855709019442557 1.540857873224284
510 0.1855724898349376 1.540459508601188
511 0.1855759028501982 1.540073065667986
512 0.1855796262447983 1.539681583935368
513 0.1855820208763168 1.539288082165103
514 0.1855827108169195 1.538889594441126
515 0.1855827706874039 1.538490373517384
516 0.1855819304693231 1.538088795214848
517 0.1855877766718137 1.53770303572922
518 0.1855846947486748 1.537296670954952
519 0.1855795636607297 1.536884619201342
520 0.1855750403687203 1.536473939746388
521 0.1855675501809964 1.536055304089741
522 0.1855602484320237 1.535637380653189
523 0.1855524095109842 1.535217376738563
524 0.1855451563542337 1.534798240912337
525 0.185536202396305 1.534375424454093
526 0.1855265458723014 1.533950067449044
527 0.1855162865932892 1.533522438431639
528 0.1855051923526101 1.533091777570245
529 0.185492644231566 1.532656056702813
530 0.1854814345492855 1.532224673276744
531 0.1854697734005994 1.531791351129167
532 0.1854562055881655 1.531352097537241
533 0.1854426061783295 1.530911394207
534 0.1854290695813413 1.530470876235224
535 0.1854149386622879 1.530028033407816
536 0.1854000056199279 1.529581968532936
537 0.1853876247926586 1.529143209918006
538 0.1853720053173597 1.528695491368919
539 0.1853556977559216 1.528242993553291
540 0.185338507651823 1.527787827071578
541 0.1853135356440815 1.527309441554671
542 0.1852959396782911 1.526849215886484
543 0.1852837430924559 1.52640114729603
544 0.1852670594333259 1.525942451326213
545 0.1852493533724027 1.525479478155999
546 0.185231211955207 1.525013323339917
547 0.1852122931774063 1.524544351793999
548 0.1851932045019425 1.52407458271772
549 0.1851728706854247 1.523597362056181
550 0.1851524900006006 1.523120984920186
551 0.185132821086254 1.522643439912004
552 0.1851124382675247 1.522162941707058
553 0.1850918057695608 1.521680431456685
554 0.1850715063629484 1.521196221924755
555 0.1850495419471905 1.520708509616236
556 0.1850280064017771 1.520218155800285
557 0.1850083948931961 1.519732543097161
558 0.1849863120419563 1.519238105726738
559 0.1849641499034619 1.518739665132621
560 0.184941595101107 1.518238465457133
561 0.1849127106154876 1.517719493312677
562 0.1848909499422218 1.517217847021675
563 0.184868938321314 1.516712909324046
564 0.1848466429534054 1.516204863937118
565 0.1848241260897821 1.515694061992841
566 0.1848014080308341 1.515180549944574
567 0.1847783825041749 1.514664010079646
568 0.184755362020502 1.514145304405447
569 0.1847314334191447 1.513622848100641
570 0.1847076268261991 1.513097049873458
571 0.1846954423819589 1.512597572466198
572 0.1846696332148004 1.512067107425932
573 0.1846447195511941 1.511534290052529
574 0.1846192525367834 1.510995397258425
575 0.1845948110517255 1.510463380016829
576 0.1845681138005141 1.509907253785281
577 0.1845343421767652 1.509328169736494
578 0.1845103013968471 1.508783654584262
579 0.1844931908970879 1.508262086145225
580 0.1844711083427048 1.507707224849355
581 0.1844454133904126 1.507145213449681
582 0.1844188517139345 1.506580896552116
583 0.1843950457459247 1.506023971712736
584 0.1843716647145353 1.505465297073235
585 0.1843514291350624 1.504911658133376
586 0.1843255857322221 1.504345118284631
587 0.1842995536723834 1.503763222838675
588 0.1842757973163621 1.503190529722287
589 0.1842583873429452 1.50263090707613
590 0.1842338205734062 1.502053673159474
591 0.1842070757469136 1.501458857247859
592 0.1841823658003292 1.500873235175832
593 0.1841613190676575 1.500293755700161
594 0.1841355482376006 1.499696761049844
595 0.1841064645430361 1.499084555616564
596 0.1840832384131635 1.498488241759767
597 0.1840641994069265 1.497902985089149
598 0.1840387472354316 1.497293885844889
599 0.1840130164956257 1.496679118648337
600 0.1839898739532723 1.496064135984013
601 0.1839683205801515 1.495455726132936
602 0.1839476713674038 1.494846099999928
603 0.1839258739110089 1.494231459093114
604 0.1839018854720753 1.493607106358092
605 0.1838803116362664 1.492985620520595
606 0.1838586547594923 1.492360186581807
607 0.1838390755133517 1.49173632734582
608 0.1838150056744119 1.491098396554729
609 0.1837954120930947 1.490467008464268
610 0.1837738408552108 1.489827640537764
611 0.1837589766494428 1.489205995913569
612 0.1837331167253599 1.488541928293709
613 0.1837103215626929 1.48788845458704
614 0.1836935166884905 1.487254787289454
615 0.1836726785209625 1.486599814294108
616 0.1836444561667565 1.485910994006872
617 0.1836213298102846 1.485240304852991
618 0.1836022453584806 1.484579692066734
619 0.1835832906556053 1.483915388111834
620 0.1835645906065871 1.483252012832655
621 0.1835489135257014 1.482597302629946
622 0.1835277460203312 1.481904050877439
623 0.1835088864367068 1.481232708337534
624 0.1834874514042586 1.480530463315213
625 0.1834695180402468 1.479854331995143
626 0.1834488661462713 1.479147054810233
627 0.1834299352279045 1.478449728857657
628 0.1834117370888697 1.477753164374486
629 0.1833944652147989 1.477055056899774
630 0.1833782009527891 1.476352717324002
631 0.1833564840864575 1.475637093507166
632 0.1833452630398867 1.474945519267888
633 0.1833223505205865 1.474223153859168
634 0.1833148808987316 1.473533595438214
635 0.1832979576625736 1.472803959584311
636 0.183279794371751 1.472075497419222
637 0.1832666430623504 1.471361923825897
638 0.1832422569712727 1.470595547373473
639 0.1832296651082302 1.469874539252991
640 0.1832186991059283 1.469165847767021
641 0.183200131167261 1.468406002699521
642 0.1831762799203868 1.467630830645775
643 0.1831653749569752 1.466899697191097
644 0.1831560924720586 1.466180640773237
645 0.1831383639276336 1.465407286447333
646 0.1831174463909691 1.46462275453155
647 0.1831071963134161 1.463877210425623
648 0.1830943703064678 1.463117126996453
649 0.1830813851742921 1.462352423539816
650 0.1830678243452628 1.461582509510502
651 0.1830555502470727 1.460811095279176
652 0.1830435743228169 1.460035054824902
653 0.1830324697756068 1.459261368851843
654 0.1830213333731657 1.45848341059192
655 0.1830098169707355 1.45770561017985
656 0.1829967732811606 1.456903753337544
657 0.1829837748764584 1.456105504108298
658 0.1829716427201692 1.455306245740073
659 0.1829592480567904 1.454506974367924
660 0.1829480607962557 1.453701454603683
661 0.1829416716514342 1.4529013634079
662 0.1829307650347943 1.452090977435894
663 0.1829199473845257 1.451277468288967
664 0.1829092905972366 1.450460134238936
665 0.1828987012167469 1.449638965601436
666 0.1828884921229368 1.448814847871394
667 0.1828786966201187 1.447987826473176
668 0.1828692261461843 1.447157701207273
669 0.182860079335241 1.446324600500041
670 0.1828511767013651 1.445488251742896
671 0.1828425133783532 1.444648690199673
672 0.1828332600644938 1.443802429347263
673 0.1828249247933509 1.442956306952992
674 0.1828234384144066 1.442124574523428
675 0.1828157271499575 1.441274464490964
676 0.1828084113798183 1.440419750543768
677 0.1827997248971681 1.439559243074237
678 0.1827910897257591 1.438691999471113
679 0.1827835762939412 1.437825714438161
680 0.1827760409676376 1.436954276693932
681 0.1827693435427149 1.436082756324133
682 0.1827642620844104 1.43520959351587
683 0.1827397886426973 1.434295204517654
684 0.1827266643610312 1.433376377688666
685 0.1827332264347439 1.432543046218733
686 0.1827302511492744 1.431648189081156
687 0.1827263229315786 1.430750967623472
688 0.1827374209046622 1.42990879776893
689 0.1827337835938468 1.429016903108474
690 0.1827286343729511 1.42811814095497
691 0.1827237256501448 1.427216981383133
692 0.1827159703456891 1.426299394495148
693 0.1827146050847539 1.425403450476501
694 0.1827115147578569 1.424501799906553
695 0.182707666211427 1.42358756694026
696 0.1826978698155233 1.422650317155811
697 0.1826937815561004 1.421728305360553
698 0.1826856073745715 1.420797774167452
699 0.1826830818857902 1.419882665547844
700 0.1826824897547414 1.418955767618446
701 0.1826794880468687 1.418015696467536
702 0.1826800512217834 1.4170959942782
703 0.1826768666973579 1.416149563364002
704 0.1826782100731944 1.41522557005498
705 0.1826767540936642 1.41428261792798
706 0.1826749975675998 1.413338588101737
707 0.1826731349224541 1.412390444617234
708 0.1826716635019966 1.411440700777199
709 0.182670559786334 1.410490305909269
710 0.1826696312457411 1.409537754392319
711 0.1826691001717337 1.408581840500003
712 0.1826710083204156 1.407625490460936
713 0.182668853071753 1.406660955604219
714 0.182665739112867 1.405692021993738
715 0.1826654224324151 1.40472268408511
716 0.1826653023675496 1.403752567788534
717 0.1826662253390008 1.402781520383481
718 0.1826659166841868 1.401806693443457
719 0.1826656218457685 1.400828084336795
720 0.182665519886735 1.399847512727995
721 0.1826651205885555 1.398863198993201
722 0.1826661252931554 1.397884021187492
723 0.1826667577183575 1.396897338313418
724 0.1826671692413715 1.395907542941843
725 0.1826675047080863 1.394914027270405
726 0.182667898329523 1.393918940098062
727 0.1826683388895091 1.392920890941087
728 0.1826711752221093 1.391920779819315
729 0.1826741270065067 1.390930293851576
730 0.1826749090902013 1.389921101134039
731 0.1826757525972405 1.388914601696773
732 0.1826767797369958 1.387914747345492
733 0.1826708154024556 1.386888162243475
734 0.1826736959496163 1.385869746379216
735 0.1826737262839752 1.384854793493318
736 0.1826712310123922 1.383818600600353
737 0.182675412605606 1.38282404580119
738 0.1826779853385769 1.381807249792342
739 0.1826825292241542 1.380775517333622
740 0.1826825836591101 1.379749457105756
741 0.1826835374050431 1.378724494897702
742 0.1826848529589748 1.377697692816851
743 0.1826866708283563 1.376666192165807
744 0.182676886912663 1.375610057052471
745 0.1826795749854855 1.374577190792358
746 0.1826822209089784 1.373544514525223
747 0.1826866893949181 1.37251386654698
748 0.1826885005394788 1.371475268324191
749 0.1826903135140625 1.370433360557476
750 0.1826941949274354 1.369402224840596
751 0.182691142042831 1.36833699118004
752 0.1826914377209146 1.367303787039015
753 0.1826969551771085 1.3662598145714
754 0.1827000611526556 1.365217541357089
755 0.1826983593535565 1.3641364686152
756 0.1826966193481376 1.363074498004834
757 0.1826964537517238 1.362018062202144
758 0.1826969269732165 1.360961490431215
759 0.1826974387010447 1.359901791802065
760 0.1826980671013178 1.358840620017941
761 0.1826990399569241 1.357778437603297
762 0.1826987652334296 1.356711853457674
763 0.182700263688245 1.355650821826464
764 0.1826997432404259 1.354580814538385
765 0.1826968504927558 1.353502904461797
766 0.1826964329892145 1.352431070050471
767 0.1826943196642559 1.351350108167038
768 0.1826938360742739 1.350276409493527
769 0.1826929302726298 1.349197843632373
770 0.1826924532612196 1.348121251964754
771 0.1826919272017656 1.347042894233511
772 0.1826911826560258 1.345962696215401
773 0.1826896890820466 1.344878757250568
774 0.1826881706935712 1.343794646468409
775 0.1826862959243738 1.342708649388353
776 0.1826854700009911 1.341622246145701
777 0.182682576400676 1.340535648210583
778 0.1826794333152984 1.339439909481015
779 0.1826827579903841 1.338366170621385
780 0.1826814874663596 1.337278019541976
781 0.1826827065487324 1.336194361404168
782 0.1826805996264187 1.335103414575753
783 0.1826791340241823 1.33401097910268
784 0.1826704871182644 1.332901094454189
785 0.1826667828748118 1.331801387623166
786 0.1826638755066102 1.330703433283362
787 0.1826607448536718 1.329604254930529
788 0.1826564704437034 1.328504311563478
789 0.1826540216746218 1.327404777810985
790 0.182650768930379 1.326304363847841
791 0.1826472643598084 1.325202702599481
792 0.1826436645991247 1.324100499736116
793 0.1826397997790829 1.322997338039529
794 0.1826358454949596 1.321893554114067
795 0.1826314480908003 1.320788284886429
796 0.1826267669560978 1.319682045768465
797 0.1826218712072785 1.318574885748891
798 0.1826167530366169 1.317466937311483
799 0.182611403600875 1.316358128888614
800 0.1826062356502131 1.31524994534791
801 0.1826005199214417 1.314140064466217
802 0.1825945528985052 1.313029530052948
803 0.1825874804564165 1.311916224657732
804 0.1825792300209565 1.310785378553693
805 0.1825723995445868 1.309676187568402
806 0.182569199630688 1.308574152555345
807 0.1825617735775949 1.307460962036208
808 0.1825552006834437 1.306362160992361
809 0.1825476049505452 1.305244343885683
810 0.1825370471623272 1.304104372483219
811 0.1825270452307183 1.302985560363341
812 0.182517764582954 1.301868344148928
813 0.1825082068681388 1.300749732206502
814 0.1825020446710514 1.299632411359663
815 0.1824915059943014 1.298514276909847
816 0.1824757162364339 1.297394398350909
817 0.1824665645347676 1.296272915578941
818 0.1824564970916942 1.295148717500517
819 0.1824484229596346 1.294034042440049
820 0.1824371917637604 1.292908618054152
821 0.1824259587734786 1.291786237280709
822 0.1824144986584316 1.290661881364471
823 0.1824026547934277 1.289538692919481
824 0.1823924984223546 1.288418298067354
825 0.1823792490996716 1.287292894255537
826 0.1823658953772404 1.286166861665902
827 0.1823525370372447 1.285041875748863
828 0.1823382977938485 1.283914752864066
829 0.1823247805399141 1.282790647825154
830 0.1823093240059327 1.281658085667877
831 0.1822971342572227 1.280525391109149
832 0.1822815324591011 1.279402023404684
833 0.1822664732865498 1.278278322066261
834 0.1822513564702045 1.277153712941567
835 0.1822359733846164 1.276028401053197
836 0.1822203266255814 1.274902769710016
837 0.182204852164179 1.273778097925502
838 0.1821855420645095 1.272646021642563
839 0.1821696852048055 1.271520014862891
840 0.1821529564735472 1.27039318906446
841 0.1821357568009894 1.269265964909183
842 0.1821186615527522 1.268140835875841
843 0.1821008777914325 1.267013543314212
844 0.1820825746352052 1.265885451629732
845 0.1820609647377849 1.264754068775038
846 0.1820427472904957 1.263626880763721
847 0.1820241420908623 1.26250018288427
848 0.1820049267025869 1.261373016123698
849 0.1819851493962542 1.260245422707258
850 0.1819649377291647 1.25911771766022
851 0.1819456714311572 1.25799403127356
852 0.1819244992697424 1.256865819936113
853 0.1819049547692264 1.255741877246701
854 0.1818825462747669 1.254612907516971
855 0.1818596781873816 1.253483528347747
856 0.1818350135279946 1.252350089947365
857 0.1818114354832429 1.251218607406724
858 0.181788090322638 1.250091796019622
859 0.1817644545457289 1.248964991225829
860 0.1817410074176544 1.247841533294848
861 0.1817168090456064 1.246714507065703
862 0.1816920881948305 1.245587484125181
863 0.1816676444470262 1.244461795474092
864 0.1816419460986168 1.243335091051402
865 0.1816161348043702 1.242208649349462
866 0.1815870343974571 1.241074370125326
867 0.1815604609236745 1.239948385767167
868 0.1815336886786138 1.238823312687475
869 0.1815070056735623 1.237700619557577
870 0.1814795652320007 1.236575537539023
871 0.1814516868257674 1.235450657187442
872 0.1814232722423828 1.234325836574236
873 0.1813938712897254 1.233198961865605
874 0.1813647554655244 1.23207507235726
875 0.1813353623159378 1.23095167313871
876 0.1813056655742018 1.22982881665581
877 0.1812752046387784 1.22870128416067
878 0.1812447497845175 1.227580938719227
879 0.1812133213839355 1.226456862700655
880 0.1811834793006671 1.225340546600169
881 0.1811514494891264 1.224216618822435
882 0.1811156287818692 1.223091327923408
883 0.1810830341655675 1.221967827015087
884 0.1810505432701992 1.220848547475376
885 0.1810190097845572 1.219732338682756
886 0.1809855046709608 1.218612888254396
887 0.1809514029802946 1.217492508653149
888 0.1809168837476038 1.216372524836107
889 0.1808813626706856 1.215249530456594
890 0.1808450853552791 1.214130757686187
891 0.1808107154959059 1.213014970597172
892 0.1807738010277899 1.211886224065538
893 0.1807383324902891 1.210781756459398
894 0.1807005453088362 1.20966498968895
895 0.1806654729498285 1.208546554143977
896 0.1806279097589659 1.207431197865972
897 0.1805925773133418 1.206318666296975
898 0.1805546981056101 1.205206408128464
899 0.1805160347943352 1.204092169542796
900 0.1804758331555204 1.202980212134559
901 0.1804345917230277 1.201860130409695
902 0.1803974034513889 1.200755511654209
903 0.1803537996617802 1.199634538788358
904 0.1803141318067477 1.198523161454897
905 0.1802742902121269 1.197413529845953
906 0.1802340861059511 1.196305389370156
907 0.1802047724693952 1.195226594633631
908 0.1801612919095709 1.194116462624483
909 0.1801081777787556 1.192977115135255
910 0.1800660436503526 1.191869845619071
911 0.1800237652070646 1.190762878132282
912 0.1799828978331064 1.189661272232096
913 0.1799398279546622 1.188556490949355
914 0.1798970753180648 1.18746076741674
915 0.1798423621109161 1.186313347356182
916 0.1798141388933892 1.185272023939837
917 0.1797670583072601 1.184147553800587
918 0.1797196820565118 1.183047412559734
919 0.1796724687810983 1.181942597107115
920 0.179627572121154 1.180843024127417
921 0.1795681171806532 1.179692833516033
922 0.1795394871776629 1.17864730707368
923 0.179487522887883 1.177543257228828
924 0.1794409492242963 1.176445536300381
925 0.179393777296136 1.175348846575083
926 0.1793328655518393 1.174202936043534
927 0.1793019788433247 1.173172100314983
928 0.1792502751477634 1.172062332550654
929 0.1792007897127527 1.170967041392257
930 0.1791432862880916 1.169837239396095
931 0.1791061409855471 1.168786692689008
932 0.1790534864781405 1.167695534916799
933 0.1789922944661534 1.166557845671339
934 0.1789553537807983 1.165515734503561
935 0.1789007461330379 1.164414895954322
936 0.178833555855787 1.163277279181474
937 0.1788008140959149 1.162261801532961
938 0.1787486179274385 1.161170970910599
939 0.178692949767827 1.160067942652169
940 0.1786393189764559 1.158978144729248
941 0.1785855750021679 1.15789085219139
942 0.1785191611212618 1.156758145474295
943 0.1784830330844747 1.155738990536405
944 0.1784252963672797 1.154640577896939
945 0.1783760926274211 1.153577068290751
946 0.1783161595107466 1.152476172673125
947 0.1782479771112451 1.15134739194911
948 0.1782075408344072 1.150316053428416
949 0.1781505488866139 1.149236503556734
950 0.1780808136374892 1.148114689253294
951 0.1780412195713754 1.147104053587208
952 0.1779851652196728 1.146010413477704
953 0.1779260286949898 1.144932154666451
954 0.1778673606011157 1.14385524026853
955 0.1778101384013542 1.14278427189138
956 0.1777517401321089 1.141710175860084
957 0.1776923807758668 1.140635865061406
958 0.177633227968161 1.139562819351682
959 0.1775740926516065 1.138492224196101
960 0.1775147756122645 1.137422423192645
961 0.1774552058427404 1.136354054790416
962 0.1773940063980627 1.135278848002831
963 0.1773334964229179 1.134212562350138
964 0.1772741874115395 1.133145218716707
965 0.1772119571795824 1.132077792272926
966 0.1771402038605009 1.130991580819861
967 0.1770942831856017 1.129967554321265
968 0.1770334536111462 1.128907930679774
969 0.1769716156397872 1.127846933443712
970 0.1769095491031764 1.126787005924456
971 0.1768483531106043 1.125732008713396
972 0.1767870787009318 1.124676384131265
973 0.1767236712547039 1.123617988415381
974 0.1766602375346028 1.122562138774387
975 0.1765968907211526 1.121506825863955
976 0.1765318352612453 1.120451816504753
977 0.1764681465458091 1.119398716484361
978 0.1764055292461278 1.118350217623909
979 0.1763409551003842 1.11729842798697
980 0.1762759476223431 1.116247733771951
981 0.1762106397911063 1.115197652882659
982 0.1761442738157831 1.114142502390897
983 0.1760780112033039 1.113095471231652
984 0.1760113264907615 1.112050825632938
985 0.1759455954313083 1.111005609051575
986 0.175879604711754 1.10995808530123
987 0.1758024250046692 1.108895363051161
988 0.1757478332301895 1.107880980349973
989 0.1756833615423473 1.106851995971365
990 0.1756162005508136 1.105812245101657
991 0.1755480803175405 1.104771174824495
992 0.1754758825632844 1.103720655328349
993 0.1754082466986124 1.102680701574443
994 0.1753394400503279 1.101651364455397
995 0.1752715912129534 1.10061816531534
996 0.1752029512902025 1.099583666449602
997 0.1751344530656214 1.098552168592316
998 0.1750656574499096 1.097521832663005
999 0.1749945754373313 1.096488181582875
1000 0.1749256455745411 1.095460265773885
1001 0.1630064158440835 1.068354650494589
1002 0.1540267667483543 1.048412320659859
1003 0.1483774877721226 1.035839969686011
1004 0.1445285192669623 1.02767340602053
1005 0.1417120990042251 1.022270236191136
1006 0.1400039970272167 1.019555044575517
1007 0.1390199148743037 1.018492956007018
1008 0.1384914859200261 1.018493933932436
1009 0.1383463506796839 1.019334106867022
1010 0.1384088113452605 1.020526652294517
1011 0.1386256403107761 1.022011536055105
1012 0.1389753200564071 1.023719141386241
1013 0.1392951271359892 1.025351491793893
1014 0.1396647059187194 1.026928721694935
1015 0.1399878221505163 1.02846709880484
1016 0.1402754664006645 1.029813537465497
1017 0.140535957422626 1.031132763463057
1018 0.1407440776211535 1.032255801518676
1019 0.140912991426365 1.033347862363777
1020 0.1410467390744015 1.03428251528984
1021 0.1411396704782466 1.035189470961771
1022 0.1412178767480518 1.035990200760235
1023 0.1412597728334155 1.036768240976268
1024 0.1412881226562774 1.037443816856337
1025 0.1412831365383293 1.038066283983246
1026 0.1412738044038757 1.038677337227181
1027 0.1412524468346874 1.039281505201495
1028 0.1412277289201249 1.039818028188765
1029 0.1411979899173695 1.040306287904054
1030 0.141158807522704 1.040820972370154
1031 0.1411071010334497 1.041258719702451
1032 0.1410649062557292 1.041665896090101
1033 0.1410133880852951 1.042082137362188
1034 0.1409685245350628 1.042440452583415
1035 0.1409147192739495 1.042805733902054
1036 0.1408690620511181 1.043116927671622
1037 0.140821881774929 1.043435319167485
1038 0.1407810495474452 1.043704550843608
1039 0.1407346319784827 1.043969519611303
1040 0.1406980235821015 1.044189047651379
1041 0.1406612878631864 1.044399555470686
1042 0.1406271442796372 1.044595661892087
1043 0.1405999316287391 1.044769018129644
1044 0.1405794695803628 1.044930631854764
1045 0.1405580038539166 1.045060919909065
1046 0.1405491272016086 1.045177811437654
1047 0.1405214020896898 1.045229599297143
1048 0.1405305878711486 1.045339103642371
1049 0.1405351512348352 1.045412836587994
1050 0.1405448957529448 1.04547040231173
1051 0.1405589990159387 1.045511992355472
1052 0.1405780747360898 1.045540283069529
1053 0.1406018080101391 1.045553727761921
1054 0.1406299773285162 1.045552449657564
1055 0.1406891089318008 1.04560360383254
1056 0.1407280009686973 1.045585056689842
1057 0.1407661717897239 1.045546395107962
1058 0.1408136841224956 1.045507504056055
1059 0.1408669552298911 1.045458517032979
1060 0.140891999533929 1.045313411655552
1061 0.1409488395454782 1.045235136381125
1062 0.1410107886256159 1.04515731134214
1063 0.1410770689191052 1.045073481172786
1064 0.1411547995165166 1.044992537411861
1065 0.1412308785227534 1.044901074799821
1066 0.1413155701346585 1.044808111840899
1067 0.141397424868933 1.044703105359042
1068 0.1414850148435647 1.044595677432215
1069 0.1415770321553184 1.044483223088715
1070 0.1416721874183521 1.044365663475758
1071 0.1417695846759058 1.044241402930094
1072 0.1418694931246558 1.044112193849112
1073 0.1419788674450453 1.043996599443099
1074 0.1420883459522762 1.043854615283868
1075 0.1421850578461572 1.043698357213313
1076 0.1422935897579514 1.043539098197512
1077 0.1424063450482917 1.04339157364972
1078 0.1425154950537486 1.043227799653093
1079 0.1426251878646232 1.043057925395811
1080 0.1427319946771125 1.042871888247805
1081 0.1428352620562776 1.04267123540613
1082 0.1429468444932182 1.042483857351126
1083 0.1430607828920501 1.042294866684703
1084 0.1431758256312502 1.042101353574569
1085 0.1432914289212411 1.041902527269928
1086 0.14340713754433 1.041699305298853
1087 0.1435232667441208 1.041489467287191
1088 0.1436395846263226 1.041274480398185
1089 0.1437559219484447 1.041054449136421
1090 0.1438722126163431 1.040829582016098
1091 0.1439884670051885 1.04060014875369
1092 0.1441024028483056 1.040358679439872
1093 0.1442190656409416 1.040121411048693
1094 0.1443349019791406 1.039879446739427
1095 0.1444526440410818 1.039638550752316
1096 0.1445678039605048 1.039384976817344
1097 0.1446821215560344 1.039129062793259
1098 0.1447956535149876 1.038869558096573
1099 0.1449089323679389 1.038605603279958
1100 0.1450211563393987 1.0383355088024
1101 0.14513092864216 1.038060770335005
1102 0.1452424888965331 1.037789702994919
1103 0.145351599666259 1.037509817306292
1104 0.1454599859847888 1.037225057715727
1105 0.1455813756857668 1.03696709606017
1106 0.1456892532089487 1.036677849423695
1107 0.1457936280462642 1.036379261518048
1108 0.1458964074419916 1.036076452677258
1109 0.1459977035000624 1.035769773401681
1110 0.1460982004716132 1.035461314871232
1111 0.1461976525618221 1.035150350871602
1112 0.1462958137737473 1.034836012381179
1113 0.1463963902888802 1.034527573758597
1114 0.1464925350263652 1.034209694246493
1115 0.1465934246708036 1.03390801359135
1116 0.1466627764730508 1.033526590084569
1117 0.1467530085520221 1.033191794650109
1118 0.1468448603431705 1.032865405616233
1119 0.1469351894159806 1.032538198018035
1120 0.147023055680314 1.032206965908133
1121 0.1471110731230351 1.031878202559662
1122 0.1471968940862585 1.031543975786892
1123 0.1472808062469003 1.031205719100162
1124 0.1473627190494727 1.030863688700229
1125 0.1474433545010079 1.030502133859564
1126 0.1475212956263464 1.030159776856847
1127 0.1475911194457545 1.029799942159063
1128 0.1476670471813044 1.029466602107402
1129 0.1477576267832589 1.029121607464747
1130 0.1478211091344719 1.028772887757835
1131 0.1478856287632413 1.02840754253211
1132 0.1479531234136776 1.028016476778872
1133 0.1480039823153776 1.027644758558623
1134 0.1480584163851535 1.027244477443079
1135 0.1481186294582714 1.026863388384846
1136 0.1481668734715688 1.026465070545299
1137 0.1482133917958021 1.026069484866222
1138 0.1482580066766529 1.025671845034791
1139 0.1482998307891309 1.025269601067347
1140 0.1483387741744207 1.024863561284955
1141 0.148373847820154 1.024451063904601
1142 0.148405739986382 1.024033202816088
1143 0.1484345360909738 1.02361037940336
1144 0.1484600172856247 1.02318215085356
1145 0.1484822175931194 1.022748583910626
1146 0.14850014858362 1.022307552612521
1147 0.1485063187298539 1.021843617975159
1148 0.1485145457039278 1.02139023812603
1149 0.1485214564561856 1.020932497683703
1150 0.1485236573604332 1.020466297295918
1151 0.1485248440753698 1.020000273996052
1152 0.1485209332323285 1.019527323762476
1153 0.1485129228995801 1.019046703821085
1154 0.1485004664115516 1.018559616012824
1155 0.1484833917557654 1.018065770033765
1156 0.1484582779732303 1.017548699466907
1157 0.1484333460401917 1.017056571155701
1158 0.1484000155277533 1.016530959185932
1159 0.148361860622461 1.016010614294014
1160 0.1483166419642016 1.015458037976743
1161 0.148268267944282 1.014921468871579
1162 0.1482149177267819 1.014368992956911
1163 0.1481518404656856 1.013782913196983
1164 0.1480800536869254 1.013200944962403
1165 0.1480142438430987 1.012620805070988
1166 0.1479386239549705 1.012036847766509
1167 0.1478621503663773 1.011446285986995
1168 0.1477614192821829 1.010778229113052
1169 0.1476768128535485 1.010204959892348
1170 0.1475799140026875 1.009572436799276
1171 0.1474667209136908 1.008914517497586
1172 0.147358701044212 1.008264626255478
1173 0.1472328089494868 1.00758404638953
1174 0.1471129114282871 1.006914699049808
1175 0.1469740984623769 1.006210312987301
1176 0.1468429746350003 1.005523476487996
1177 0.1466907763539047 1.004794343765451
1178 0.1465424635416155 1.004067793000251
1179 0.1463813410524127 1.00333131992026
1180 0.1462037627541427 1.00252807848241
1181 0.1460567675563534 1.001843232503669
1182 0.1458735123490021 1.001061123695191
1183 0.1456920982538355 1.000281703942419
1184 0.1455008327736124 0.9994716844548274
1185 0.1453012036662248 0.9986592412212159
1186 0.1450961574897733 0.9978238293572529
1187 0.1448876376452393 0.9970014130535405
1188 0.144674547813795 0.996170795480478
1189 0.1444415957857113 0.9952727654924253
1190 0.1442292782941837 0.9944532265537575
1191 0.1439830978924895 0.9935479465471385
1192 0.1437412425848818 0.9926525911254211
1193 0.1434810188463294 0.991702538754422
1194 0.1432284904427752 0.9907908593774607
1195 0.1429677396876582 0.9898695955831923
1196 0.142667188862182 0.9888536143269966
1197 0.142389474809512 0.9878792288688304
1198 0.1421519827138734 0.9869960429793484
1199 0.1418704619560279 0.9860273812888976
1200 0.141570764542615 0.985017588629288
1201 0.1412714024979514 0.9840116093457102
1202 0.1409645306451282 0.9829887788053114
1203 0.1406522057932318 0.9819544956633139
1204 0.1403367212093282 0.9809176039060986
1205 0.1400141747905666 0.9798623513551378
1206 0.139686504960283 0.978796688870651
1207 0.1393416720487032 0.9776762206059439
1208 0.1390276683285126 0.9766577382845736
1209 0.1386762650007272 0.9755395485090494
1210 0.1383331098335121 0.9744456034958054
1211 0.1380013306892592 0.9733829171476776
1212 0.137634857926947 0.9722382049004882
1213 0.1372769152292069 0.9711072270498886
1214 0.1369170763113093 0.9699733922284907
1215 0.1365536543203839 0.9688331976115921
1216 0.1361872427410607 0.9676868295795382
1217 0.1358180464209045 0.9665346374684803
1218 0.135443407477382 0.9653724759485965
1219 0.135069748719714 0.9642101582924284
1220 0.1346940136506773 0.963043000105949
1221 0.1343162257657783 0.9618717415422976
1222 0.1339384816593243 0.9606989137335441
1223 0.1335567197233055 0.9595200949600274
1224 0.1331765253476268 0.958344380276787
1225 0.1327920129680077 0.9571579482480438
1226 0.1324088326502085 0.9559748350358337
1227 0.1320133120610462 0.9547749848795318
1228 0.1316252131717349 0.9535673204143126
1229 0.1312382465647393 0.9523786500006577
1230 0.1308593961775067 0.951203967790977
1231 0.1304746642043461 0.9500118791548277
1232 0.1300857054883321 0.9488070855036522
1233 0.1296857997662733 0.9475628311047696
1234 0.1292980309154474 0.9463623690733153
1235 0.1289135794353116 0.9451692801162067
1236 0.1285328796457487 0.9439837475742257
1237 0.1281557796043318 0.9428060027339256
1238 0.1277773682070533 0.9416220374796587
1239 0.1274063436626358 0.9404589203071785
1240 0.1270401388944327 0.9393014792098864
1241 0.1266687267939949 0.93812816849958
1242 0.126301308248438 0.9369631423774551
1243 0.1259331823510009 0.9357924989946109
1244 0.1255691837359714 0.9346303609946457
1245 0.125206487075535 0.9334685074298922
1246 0.1248469126783587 0.9323120754430785
1247 0.1244901862693351 0.9311597878750387
1248 0.1241326984854162 0.9300030950710475
1249 0.1237855134935066 0.9288682148143937
1250 0.1234446477303655 0.9277468474391305
1251 0.1231088277884471 0.9266350401454579
1252 0.1227845566960715 0.9255395807561492
1253 0.1224522611263197 0.9244413371725536
1254 0.1221316028134566 0.9233566348954423
1255 0.121817221556261 0.9222845362624572
1256 0.1215112556373791 0.9212222879697052
1257 0.1211972923440457 0.9201551610472598
1258 0.1208984835920272 0.9191129123793234
1259 0.1206027451819658 0.9180744685910449
1260 0.1203179327625036 0.9170514898278808
1261 0.1200275716281987 0.9160292647557183
1262 0.1197510502776344 0.9150284811260438
1263 0.1194843132013371 0.9140401541255827
1264 0.1192105047616137 0.9130478496851718
1265 0.1189577747888492 0.912088800534001
1266 0.1186947253513406 0.9111146155188407
1267 0.1184441838538565 0.9101500682264604
1268 0.1182008879408666 0.9092225024571324
1269 0.1179647301935999 0.908288904814156
1270 0.117733993476618 0.9073857524129385
1271 0.117509859340983 0.9064746935963793
1272 0.1172917462296296 0.9055955759539439
1273 0.1170871312588425 0.9047314763862288
1274 0.1168752488252539 0.9038560977099442
1275 0.1166802686101936 0.9030098216838587
1276 0.1164796277155618 0.9021544382849535
1277 0.1162955790753942 0.9013288338435986
1278 0.1161080920606377 0.9005002538784592
1279 0.1159350712864341 0.8996962114753603
1280 0.115763099942906 0.8988979826538699
1281 0.1155961722575902 0.8981084266552706
1282 0.1154377032572327 0.8973343399550309
1283 0.1152829635989051 0.8965674327170685
1284 0.115131778802107 0.8958082691715207
1285 0.1149863509440489 0.8950602084875963
1286 0.1148462120237229 0.8943227398336111
1287 0.1147111006739168 0.8935955105559575
1288 0.1145808234342397 0.8928780879606664
1289 0.1144554035892168 0.8921707303439335
1290 0.114334627320636 0.8914728761172697
1291 0.1142183058038837 0.8907841355101076
1292 0.1141061943386911 0.8901040068478329
1293 0.1139991649885936 0.8894347588699137
1294 0.1138955523936576 0.8887724435677551
1295 0.1137955929206361 0.8881176549169284
1296 0.1137040397739996 0.8874906885002279
1297 0.1136080132442621 0.8868342632174813
1298 0.1135172927755495 0.886196678460585
1299 0.1134309432300048 0.8855705588575842
1300 0.1133483731095043 0.8849530722102681
1301 0.1132692003320646 0.884343038021859
1302 0.1131931345938665 0.8837398005332413
1303 0.1131199783657825 0.8831430342013747
1304 0.1130315864218636 0.8825122882339427
1305 0.1129541821129833 0.8819010126790179
1306 0.1129179365055673 0.8814013021760823
1307 0.1128659319187617 0.8808329754535336
1308 0.1128033786785132 0.8802786767553026
1309 0.112734665922325 0.8796915002390713
1310 0.1126760826495532 0.8791325423438334
1311 0.1126176607358691 0.8785709898348661
1312 0.1125332696850188 0.8779317929534126
1313 0.1125006100303741 0.8774395645407035
1314 0.1124548770150884 0.876912354281951
1315 0.1123781966452359 0.8762942854988701
1316 0.1123459036073605 0.8758031814565099
1317 0.1123020746455729 0.8752822391127877
1318 0.1122275784221138 0.8746720115314953
1319 0.1121966099892222 0.8741657758857854
1320 0.1121283561851335 0.8735930215527867
1321 0.1120995003224902 0.8731190181879324
1322 0.1120580902368117 0.8726090586910447
1323 0.1120104389812548 0.8720800062370067
1324 0.1119353979113208 0.8714744461527375
1325 0.1119020467558986 0.8709882855338124
1326 0.1118567934710659 0.8704740426611497
1327 0.1117804748489287 0.8698711374777343
1328 0.1117528773870851 0.8694044993040462
1329 0.1116880378408456 0.8688366769548399
1330 0.1116318593846598 0.868308327242799
1331 0.1115721813703491 0.8677471593055804
1332 0.1115136789031234 0.8672055564420305
1333 0.1114543614291881 0.8666641206082082
1334 0.1113971368556327 0.8661371736277268
1335 0.1113372266143192 0.8655972842228356
1336 0.111275036127406 0.8650512575353975
1337 0.111207962727099 0.864489422188081
1338 0.1111421923566819 0.8639386183621877
1339 0.1110759660937808 0.8633905747672452
1340 0.1110084888476084 0.862841139281622
1341 0.1109395701230903 0.8622904354509757
1342 0.1108697780879082 0.8617383956107305
1343 0.1107991202465829 0.8611862940503485
1344 0.1107437744381395 0.8606789734637553
1345 0.1106754468313979 0.8601380951732478
1346 0.110590112789767 0.8595473410730522
1347 0.1105037818672515 0.8589654481432711
1348 0.1104241292566373 0.8583998110309362
1349 0.1103457448876563 0.8578385391637121
1350 0.1102659431758941 0.8572766052175587
1351 0.1101855777291134 0.8567130420025488
1352 0.1101030316449294 0.8561460247357882
1353 0.1100192269722968 0.8555787558783536
1354 0.1099177512420088 0.85498739933912
1355 0.1098272864804685 0.8544063820618115
1356 0.109740124306249 0.8538324664199175
1357 0.1096532108312082 0.8532597654609242
1358 0.1095651035845972 0.8526887215882365
1359 0.1094838465367936 0.8521347314969321
1360 0.1093942364867533 0.8515649495671654
1361 0.109312376527573 0.8510104500597683
1362 0.1092194210895483 0.8504363188359043
1363 0.109122629892128 0.8498554596823934
1364 0.1090241096480054 0.8492720512405916
1365 0.108924386500873 0.848687216791237
1366 0.1088237095949151 0.8481015302431248
1367 0.1087222059307541 0.8475153735277315
1368 0.1086165177956572 0.8469128103686796
1369 0.1085150190307206 0.8463327160415763
1370 0.1084176029587847 0.8457689314178493
1371 0.1083095900729304 0.8451657281905107
1372 0.1082058562731034 0.8445817600369484
1373 0.1081062410099043 0.8440150260820127
1374 0.1080040826029361 0.8434370500269708
1375 0.1079009006254005 0.8428565268658209
1376 0.1077864896520474 0.8422480598486802
1377 0.1076815260784915 0.8416654350239229
1378 0.1075836962824502 0.84110812480273
1379 0.1074763534989157 0.8405144787115949
1380 0.1073722324262906 0.8399401706028943
1381 0.1072686342878904 0.8393647178775344
1382 0.1071482070978172 0.8387523350936996
1383 0.1070450674545079 0.8381872240519919
1384 0.1069529115330086 0.8376488650735725
1385 0.1068541650998214 0.8370884128144475
1386 0.1067509357968123 0.8365237846726225
1387 0.1066441371305374 0.8359428351731907
1388 0.1065484160446241 0.8353951776140337
1389 0.1064446933527863 0.8348232288056416
1390 0.1063451140401884 0.834275651572828
1391 0.1062424963023627 0.8337076803011255
1392 0.106145698297241 0.8331584738184152
1393 0.1060515857371108 0.8326328615889558
1394 0.1059518462187834 0.8320862481307502
1395 0.1058494085627685 0.8315315528996702
1396 0.1057341791438407 0.8309574174248091
1397 0.1056330126618697 0.830386508225411
1398 0.1055313563615603 0.8298339953091773
1399 0.1054337872647614 0.8292940706071977
1400 0.105335372523068 0.828757250619546
1401 0.1052371683305114 0.8282196196022992
1402 0.1051397894712834 0.8276846910533628
1403 0.1050430249232703 0.8271507455664235
1404 0.1049468919780018 0.82661904473326
1405 0.10485129627084 0.8260893820480217
1406 0.104756300877788 0.82556202923529
1407 0.1046615615402284 0.8250360879607924
1408 0.1045671800287044 0.8245119059325297
1409 0.1044732005373803 0.8239895302551932
1410 0.1043723363021349 0.8234635622138761
1411 0.104278959689158 0.8229440740373495
1412 0.104187359623777 0.8224203838076556
1413 0.1040979467263138 0.8219161863821353
1414 0.1040050997795561 0.8213937801667419
1415 0.1039135279769627 0.8208807458707498
1416 0.1038255079180671 0.8203850235652361
1417 0.1037341220579919 0.8198693994854556
1418 0.1036464161488063 0.8193745673114716
1419 0.1035569259467135 0.8188706360555369
1420 0.103468484933959 0.8183692781943602
1421 0.1033802074430253 0.8178693826197061
1422 0.1032925458592912 0.8173719133318942
1423 0.1032149933874304 0.8168938214893364
1424 0.1031312461530555 0.8164113365905391
1425 0.10304210311685 0.8159107576206143
1426 0.1029540899286382 0.8154204154812879
1427 0.1028667888729038 0.8149311242220241
1428 0.1027816014594936 0.8144461983098447
1429 0.1026947842380519 0.8139559357085296
1430 0.1026084442919944 0.8134682463583293
1431 0.1025203059326829 0.8129708809299606
1432 0.1024282484997417 0.8124864437970591
1433 0.1023408783443037 0.811990582057925
1434 0.1022587607343946 0.8115125971969173
1435 0.1021788616376473 0.8110423970923685
1436 0.1021075911809986 0.8105931258951267
1437 0.1020313838111363 0.810136769174566
1438 0.1019518161589238 0.8096756715460269
1439 0.1018690210487352 0.8091974937360745
1440 0.1017941140776821 0.808743266586976
1441 0.1017156341870976 0.8082863761563917
1442 0.1016431620274031 0.8078300978379424
1443 0.1015683909027063 0.8073845515103959
1444 0.1014858534260309 0.8069116571068252
1445 0.1014062024933163 0.8064513415846807
1446 0.1013280294013233 0.8059951437326924
1447 0.1012511657085235 0.8055426728930569
1448 0.101173682325513 0.8050873707272175
1449 0.101095930616662 0.8046339127960896
1450 0.1010268322546682 0.8041957400731281
1451 0.1009545647982465 0.8037596526873759
1452 0.1008802193958967 0.8033173404741082
1453 0.1008044203967395 0.8028711399625252
1454 0.1007193046943318 0.8023950627779455
1455 0.1006495306108686 0.8019692509704328
1456 0.100578688093401 0.8015370699329963
1457 0.1004959756312577 0.8010659383262905
1458 0.1004273978001261 0.8006451320801835
1459 0.1003596883467495 0.8002245479254937
1460 0.1002802246653935 0.7997627272467467
1461 0.1002103210640032 0.7993399870608753
1462 0.1001356065163608 0.7988937690055614
1463 0.1000666074846942 0.798473487524294
1464 0.09999017545847877 0.7980260187863172
1465 0.09991877304920466 0.797596910886163
1466 0.09984794790506206 0.7971681038659754
1467 0.09977877222227523 0.7967434741635894
1468 0.09970990498451782 0.796319963746897
1469 0.09964266141758195 0.7959024509007825
1470 0.09957474405530707 0.795482778104903
1471 0.09950685017095559 0.7950637145652211
1472 0.09944042690835768 0.7946494333607137
1473 0.09937445376060698 0.7942386994006645
1474 0.09930275973578633 0.7938083131823368
1475 0.09923328943681502 0.7933878669441606
1476 0.09916534831858884 0.7929708465051744
1477 0.09910198031092095 0.7925651423043979
1478 0.09903683247319335 0.7921578321000429
1479 0.09897019917770718 0.7917473472621157
1480 0.09889691246253127 0.7913143015011082
1481 0.09882842028474345 0.7909000671340493
1482 0.09876197510567843 0.7904903174935335
1483 0.09869487392691272 0.7900795319365749
1484 0.09863025685960233 0.7896747442776612
1485 0.09856194426921569 0.7892566226063952
1486 0.09849561975140873 0.7888485601326093
1487 0.09843106628053512 0.7884467645484726
1488 0.09836580238751684 0.7880440519327364
1489 0.09830847752334879 0.7876633424212525
1490 0.09824840389461431 0.7872749800558897
1491 0.09818368228449607 0.7868691935545166
1492 0.09811899607858481 0.7864675735419253
1493 0.09805138964351236 0.7860538477855497
1494 0.09798598940332304 0.7856507808865393
1495 0.09792212436574628 0.785253330366885
1496 0.09785884076109377 0.7848577090975
1497 0.09779687727750366 0.7844663392743088
1498 0.09773413584615782 0.7840726168616564
1499 0.09767144119688898 0.78367909827933
1500 0.09760816999459819 0.7832841071899574
1501 0.0975457304235014 0.7828911643810746
1502 0.09748374307607337 0.7824999689319939
1503 0.09742202874014197 0.7821099966843
1504 0.09736047210941588 0.7817208675173093
1505 0.09729905056431525 0.7813323632422252
1506 0.09723775500179985 0.7809444344218235
1507 0.09718039082285949 0.7805704840631849
1508 0.09711991976858517 0.7801849175616993
1509 0.09705606876757381 0.7797868364359348
1510 0.09699707745294996 0.7794095660831925
1511 0.09693673221761681 0.7790254746731873
1512 0.09687613811928841 0.778640432486173
1513 0.09681556705076079 0.7782558566865576
1514 0.09675512210872121 0.7778721314959837
1515 0.09669525639718976 0.777490104216345
1516 0.09663528519707136 0.7771084526923263
1517 0.09657547191843294 0.7767275452080132
1518 0.09651672584822391 0.7763489904270453
1519 0.09645741636024324 0.775970652477771
1520 0.0963957671512963 0.7755861887061293
1521 0.09633758650673305 0.7752118827428607
1522 0.09627876311429653 0.7748350746762434
1523 0.09622049261648112 0.7744592605075259
1524 0.09615869133600286 0.7740704973927461
1525 0.09610033506731948 0.7736955944432244
1526 0.09604318241956336 0.7733249585563023
1527 0.09598617643624115 0.7729551569839489
1528 0.09592866100498121 0.7725825022863069
1529 0.09587254750128978 0.7722141139011843
1530 0.09581690022050714 0.7718474054287148
1531 0.09576108658577034 0.7714794958726648
1532 0.09570551195192684 0.7711137141777241
1533 0.09565014075532151 0.7707485738858811
1534 0.09559484579098416 0.7703838191162821
1535 0.09553964284930073 0.770019457887309
1536 0.09548445145267322 0.7696552415843384
1537 0.09542976586129888 0.7692927079184277
1538 0.09537422880882557 0.7689297486609172
1539 0.09531931462912251 0.7685663292936983
1540 0.09526315199416424 0.7682009295620688
1541 0.09520833700693429 0.7678381471867268
1542 0.09515393025637313 0.7674766307701845
1543 0.09509980961121971 0.7671161900513825
1544 0.09504706863442014 0.7667586683522456
1545 0.0949936366997241 0.7664007259056028
1546 0.09494020929263293 0.7660429490575388
1547 0.0948869017027279 0.7656856089244305
1548 0.09483378324469194 0.7653289492047027
1549 0.09478086906030823 0.7649730124470622
1550 0.09472817983680981 0.764617763912056
1551 0.0946756799114995 0.7642631297318829
1552 0.09462364635038477 0.7639098139317403
1553 0.09457108651069464 0.7635551664945922
1554 0.09451887704979779 0.76320253546878
1555 0.09446746580899346 0.7628515472671324
1556 0.0944165779449975 0.7624999640191066
1557 0.09436527638295225 0.7621497597367874
1558 0.09431415426211529 0.7618001422055679
1559 0.09426340320165293 0.7614515397812578
1560 0.09421279011246408 0.7611032902913292
1561 0.09416251824883265 0.7607557541129808
1562 0.09411257996508497 0.760409817510157
1563 0.09406089874750759 0.7600557826002787
1564 0.09401081362382036 0.7597105117432943
1565 0.09396329585239357 0.7593750111266573
1566 0.09391276898781208 0.7590243685273607
1567 0.09386356961188601 0.7586811524686832
1568 0.09381454639774148 0.7583382102313125
1569 0.0937660919907195 0.7579974912562127
1570 0.09371773297850762 0.7576563202473281
1571 0.09366978298999427 0.7573167936951734
1572 0.09362276582697718 0.756982683337754
1573 0.09357388875344029 0.7566367433454745
1574 0.0935256440510433 0.7562970915755987
1575 0.09347829122463856 0.7559591859366621
1576 0.09343181772680215 0.7556235535385293
1577 0.0933845547600336 0.7552866988802265
1578 0.09333808706913946 0.7549518954532598
1579 0.09329311467741971 0.754624051490812
1580 0.09324587873037339 0.7542829631087283
1581 0.09319962635588887 0.7539487594085599
1582 0.09315343971684557 0.7536147426859116
1583 0.09310771024869208 0.753282677061008
1584 0.09306203538603776 0.7529502674411519
1585 0.09301677749995803 0.7526195057247003
1586 0.09297154537509299 0.7522882971808436
1587 0.09292577770487097 0.7519560868173989
1588 0.09288096938599733 0.7516264286513921
1589 0.09283463156590085 0.7512949807917758
1590 0.09279016746707491 0.750966041013844
1591 0.09274623172162978 0.7506388540810294
1592 0.09270231221888253 0.7503112416797105
1593 0.09265866168131662 0.749985129290978
1594 0.0926150671369331 0.7496587068316261
1595 0.09257177376388005 0.7493337747360767
1596 0.09252698623579704 0.7490036060071623
1597 0.09248412003363446 0.7486803477814841
1598 0.09244132804876116 0.7483570606608205
1599 0.09239975200680502 0.7480373965243367
1600 0.09235653997822683 0.7477099437316062
1601 0.09231494335576589 0.747393556025222
1602 0.09227290057501349 0.7470733773861005
1603 0.09222910501394099 0.7467439904762238
1604 0.09218745926289636 0.7464270665330404
1605 0.09214605838562402 0.7461087626685057
1606 0.09210382636790586 0.7457868233580826
1607 0.09206283189372591 0.7454695557423879
1608 0.09202089557411391 0.7451460013772797
1609 0.09198003895631751 0.7448319882588214
1610 0.09193935268127337 0.7445162336478505
1611 0.0919014148020285 0.7442038139848002
1612 0.0918609650989432 0.7438878385450507
1613 0.09182022488137746 0.7435713586223768
1614 0.09177970188637009 0.7432561138074961
1615 0.0917391861932669 0.7429405201564689
1616 0.09169891726402421 0.7426260009277491
1617 0.0916586820817608 0.7423112709715592
1618 0.09161871863147955 0.7419977133567122
1619 0.09157786187597322 0.7416788763254757
1620 0.09153784520366039 0.7413656381571626
1621 0.09149923674255099 0.7410589500488582
1622 0.09146053706815864 0.7407492087358172
1623 0.0914207487460191 0.7404329575192669
1624 0.09138272834672898 0.7401275310431972
1625 0.091344462375876 0.7398189911539861
1626 0.09130512653230083 0.7395040790221173
1627 0.09126744823951775 0.7391997549383212
1628 0.09123073448881247 0.7388952292933946
1629 0.09119167436275277 0.7385819009636012
1630 0.09115236940704645 0.7382717841972417
1631 0.09111428861012486 0.7379644503606759
1632 0.09107667940830401 0.7376605620219335
1633 0.09103953164913339 0.7373550626503196
1634 0.09100254985731518 0.7370498016864276
1635 0.09096618512555567 0.7367446039112394
1636 0.09092926048136264 0.7364406796836961
1637 0.09089003272436028 0.7361280472709441
1638 0.09085304380431591 0.7358241682872135
1639 0.09081661463298921 0.7355220042689418
1640 0.0907810576906256 0.7352224170709533
1641 0.09074424017091494 0.7349208984842058
1642 0.09070837606083347 0.7346193020670635
1643 0.09067204601353235 0.7343166942320997
1644 0.09063634079773844 0.7340160138494626
1645 0.09060079390742018 0.733715916745639
1646 0.0905653083780931 0.7334161414114292
1647 0.09052987409285979 0.733116669651213
1648 0.09049451795482949 0.732817543502061
1649 0.09045924629736155 0.7325188253916023
1650 0.09042472059978657 0.7322222073887531
1651 0.09038954602860305 0.7319237290999701
1652 0.09035448776421762 0.7316256213277929
1653 0.0903195416640345 0.7313279230337328
1654 0.09028472193855983 0.7310306808197394
1655 0.09025003453557989 0.7307338118604831
1656 0.09021715494751581 0.7304410634645236
1657 0.09018255996798921 0.7301449808002604
1658 0.09014806717629999 0.7298500275005936
1659 0.09011378967754065 0.7295543274563401
1660 0.09007971903192855 0.7292594252591432
1661 0.09004450959541492 0.7289607921065899
1662 0.09000973190772781 0.7286639667357745
1663 0.08997624390484037 0.728370830210189
1664 0.08994219581518735 0.7280759477850166
1665 0.08990912702648292 0.7277841709481975
1666 0.08987587632176569 0.7274920325462997
1667 0.08984310206555139 0.7272008973069406
1668 0.08980986468410904 0.7269092059332883
1669 0.08977735034962586 0.7266198496949101
1670 0.08974359358266207 0.7263258882215744
1671 0.08971059294995586 0.7260345003863893
1672 0.08967777158521242 0.7257436814806351
1673 0.0896450959195285 0.7254533326539366
1674 0.08961170024214477 0.7251622628179545
1675 0.08957945626018055 0.7248726410930298
1676 0.08954744430859984 0.7245838997162383
1677 0.08951556366178991 0.7242957332352208
1678 0.08948386517426123 0.7240082122787811
1679 0.08945211115443896 0.7237204887079099
1680 0.08942042066929116 0.72343295351979
1681 0.08938876849238549 0.7231455661591052
1682 0.08935710902303567 0.7228582807441293
1683 0.08932550987188365 0.7225712750244173
1684 0.0892940048988185 0.7222846096587231
1685 0.08926260696012502 0.7219981927690585
1686 0.08923132065297899 0.7217120841496253
1687 0.08920014229493767 0.7214263320871692
1688 0.08916909781423918 0.7211410017212725
1689 0.089137927086595 0.7208553330328791
1690 0.08910715572803642 0.7205708038743515
1691 0.08907652091542242 0.7202866268588433
1692 0.08904599087019241 0.7200027761092718
1693 0.08901558039616669 0.7197193225374342
1694 0.08898678677038638 0.7194412363194044
1695 0.08895631341070784 0.7191570551605291
1696 0.0889259392178269 0.7188732556088778
1697 0.08889583819859921 0.7185905572725483
1698 0.08886587822525378 0.7183083427991341
1699 0.08883478797632061 0.7180230582862982
1700 0.08880566046213885 0.7177435115178632
1701 0.08877606730717409 0.7174624887494507
1702 0.08874648843837679 0.7171814643182869
1703 0.08871775459444863 0.7169010313805555
1704 0.0886869561980802 0.7166187063342622
1705 0.08865762558882499 0.716338398522433
1706 0.08862855217448729 0.7160586547498523
1707 0.08859961671833355 0.7157793106478514
1708 0.08857121933843483 0.7155015955810133
1709 0.08854247768782217 0.7152230544875583
1710 0.08851380144715511 0.7149444801099548
1711 0.08848518897468892 0.7146659692798211
1712 0.08845730645221256 0.7143893863481082
1713 0.08842912739684344 0.7141119931843726
1714 0.08840101823606314 0.7138351365436724
1715 0.0883725986134713 0.7135573827259457
1716 0.08834419037194097 0.7132795411530444
1717 0.08831586046097654 0.7130018717312209
1718 0.08828765129462088 0.7127245069480181
1719 0.08825956953718617 0.7124475088039116
1720 0.08823161328547842 0.7121707976558362
1721 0.08820375350574333 0.7118943021330938
1722 0.08817597397180245 0.7116180154157896
1723 0.08814832038261175 0.7113421078109124
1724 0.08812095612647457 0.7110682173567927
1725 0.08809272571724137 0.7107901475477472
1726 0.08806535589735519 0.7105145320919735
1727 0.08803826350393967 0.7102399012964918
1728 0.08801160622812948 0.7099665815675781
1729 0.08798409701838079 0.7096889059538932
1730 0.08795706917951997 0.7094150711303572
1731 0.08793105603673365 0.7091460917625849
1732 0.08790511901928429 0.7088740096055375
1733 0.08787803739713373 0.7085969335968959
1734 0.08785155880092434 0.7083247957001828
1735 0.08782585735780037 0.7080568397662258
1736 0.08779983053705157 0.7077850941375265
1737 0.08777298438585607 0.7075081379715238
1738 0.08774660394917827 0.7072357522256026
1739 0.0877215311183963 0.706969049136159
1740 0.08769512709750749 0.7066962631016571
1741 0.0876692068765018 0.7064220172316154
1742 0.08764299976160742 0.7061497890770763
1743 0.08761741272833905 0.7058813540064057
1744 0.08759216518863171 0.7056112111524064
1745 0.08756701697233242 0.7053409439218221
1746 0.08754185491753451 0.7050707304913076
1747 0.08751668858337724 0.7048006219995319
1748 0.08749155524728466 0.7045306552464955
1749 0.08746648267963547 0.7042608990971684
1750 0.08744149626002344 0.7039912790385404
1751 0.08741658438686517 0.7037218178909873
1752 0.0873917428847244 0.7034525392806373
1753 0.08736699971529162 0.7031835177670389
1754 0.08734237141459339 0.7029147748159348
1755 0.0873183871833749 0.7026478080468722
1756 0.08729399021071396 0.7023795589690027
1757 0.08726943825857864 0.7021107353174429
1758 0.08724505951894865 0.7018424486420973
1759 0.08722011796272154 0.701570023210265
1760 0.08719579295683481 0.7013024320769629
1761 0.08717236385899244 0.7010393688187488
1762 0.08714760216680138 0.7007671947099393
1763 0.08712379453824165 0.7005004286686524
1764 0.08709991320416109 0.7002370419162716
1765 0.08707629256102625 0.6999671705280774
1766 0.08705302692117499 0.6997015251278118
1767 0.08702979474527876 0.699435705127435
1768 0.08700710646366931 0.6991716817741724
1769 0.08698475153017005 0.6989078488424505
1770 0.08696095815196939 0.6986413235937942
1771 0.08693795437262412 0.6983755250164392
1772 0.0869151272971945 0.6981105981380712
1773 0.08689239986742144 0.6978453350384688
1774 0.08686966000912372 0.6975806902728406
1775 0.08684695523719059 0.6973156044106756
1776 0.08682444045449801 0.6970512672787348
1777 0.08680187638100362 0.6967863003118228
1778 0.08677952979171601 0.6965222678788038
1779 0.08675718758366563 0.6962578490027543
1780 0.08673494967128997 0.6959940046363424
1781 0.08671275892166719 0.6957298457398082
1782 0.08668940309130095 0.6954633340644681
1783 0.08666800599418799 0.6952008076324192
1784 0.08665133354640471 0.6949509812443182
1785 0.08662418812099064 0.6946741633699793
1786 0.08660193013267747 0.694409713174407
1787 0.08658032788845089 0.6941465483557081
1788 0.08655902257122859 0.6938839977563305
1789 0.08653787451219558 0.6936222029821855
1790 0.08651676668845236 0.6933601516567478
1791 0.08649574207920382 0.6930985941588639
1792 0.08647435990371183 0.6928361070015581
1793 0.08645347981448064 0.6925748449496983
1794 0.08643273083672232 0.6923134809636309
1795 0.08641211742027481 0.6920526882712064
1796 0.08639150076996269 0.6917915761754352
1797 0.08637116119713756 0.691531685876685
1798 0.08635124253647364 0.691270623179645
1799 0.08633014524021224 0.6910099604807965
1800 0.08630906771742804 0.6907482055997343
1801 0.08628907530606168 0.6904886463414128
1802 0.08626876370222378 0.6902278263872885
1803 0.08624878651195413 0.6899672454154465
1804 0.08622720700664663 0.6897025240606136
1805 0.08621098085716436 0.6894526927085506
1806 0.08619513341496959 0.6892027762331895
1807 0.0861715652472872 0.6889349458707813
1808 0.08615104202175924 0.6886741156058643
1809 0.08613540432105692 0.6884232217534407
1810 0.08611148443817841 0.68815396199961
1811 0.08609125476237943 0.6878933987936136
1812 0.0860772776445798 0.687646065384821
1813 0.08605287845889802 0.6873758048954381
1814 0.08603306617072205 0.687116452959373
1815 0.08601973590321237 0.6868705160802181
1816 0.08599571998788465 0.6866008030457639
1817 0.08597641548382401 0.6863424765556234
1818 0.08595764190772734 0.6860818075878617
1819 0.08593899356190478 0.68582407996089
1820 0.08592093704342679 0.6855682331778605
1821 0.08590308946980045 0.6853129118701288
1822 0.08589114574339141 0.6850725423008974
1823 0.08586845936024351 0.6848069586143422
1824 0.08585013168938622 0.68455047513679
1825 0.08583246988490857 0.6842918581906434
1826 0.08581507234906317 0.6840366940028912
1827 0.08579767045972521 0.6837818829385673
1828 0.0857857535909584 0.683540897029137
1829 0.08576311096769879 0.6832750909562085
1830 0.08575032238463735 0.6830309404212359
1831 0.08572725008808103 0.6827616596247007
1832 0.08571444672833106 0.6825172042279456
1833 0.08569131899555131 0.6822476044691019
1834 0.08567892059737379 0.6820048465850045
1835 0.08565583629450936 0.6817344071381326
1836 0.08564411022093212 0.6814935629969212
1837 0.08562156257880142 0.6812244987488447
1838 0.08561017102022915 0.6809849416351035
1839 0.08558873639323054 0.6807184610601336
1840 0.08557631425122492 0.6804755126961746
1841 0.0855554284527993 0.6802106629266836
1842 0.08553848339034827 0.679957100974203
1843 0.08552737840234129 0.6797156039382757
1844 0.0855070020782127 0.6794527396378249
1845 0.08549031267652306 0.679199551123407
1846 0.08547976171549253 0.6789590856497054
1847 0.08545941270416481 0.6786972759452242
1848 0.08544300073823292 0.6784442284613974
1849 0.08543196481282675 0.6782018713111958
1850 0.08541184561568717 0.6779403212862176
1851 0.08540090964302377 0.6777001546851659
1852 0.0853807218001733 0.6774370272398723
1853 0.08537000331835473 0.6771974177313901
1854 0.08535005025467357 0.6769347153132278
1855 0.08533963724636126 0.6766960922614617
1856 0.08531990142565794 0.6764334370035799
1857 0.08530969002671618 0.6761952761798395
1858 0.08529012356993781 0.6759330456462402
1859 0.08528067133736016 0.6756967166426476
1860 0.08526170517362951 0.6754358607358255
1861 0.08525139430641904 0.6751976486809234
1862 0.08523240125561976 0.6749363808239017
1863 0.08522252044311994 0.6746996219411235
1864 0.08520376774304815 0.6744388845240221
1865 0.08519411210113173 0.6742025072399331
1866 0.0851755619888336 0.6739422396465911
1867 0.08516613778208304 0.6737064919468125
1868 0.08514780646731938 0.6734467014181815
1869 0.08513859691652013 0.6732113906010126
1870 0.08512048166613513 0.6729521384529219
1871 0.08511150870417396 0.672717481927687
1872 0.08509363395317328 0.6724587408723486
1873 0.08508487684219497 0.6722244644664633
1874 0.08506719378330573 0.6719662637076833
1875 0.08505864616304072 0.671732597501226
1876 0.08504623918440181 0.671488874051319
1877 0.08502695527387479 0.6712244810991148
1878 0.08501958673863759 0.6709952542692019
1879 0.08500270270228405 0.6707376284798071
1880 0.08499499718314633 0.6705079946435536
1881 0.08497775541178632 0.6702494549058899
1882 0.08496990794450751 0.6700188657771551
1883 0.08495868475588146 0.6697787781158343
1884 0.08494113537309789 0.6695184300484421
1885 0.08492932296723651 0.6692745622563829
1886 0.08491802630996589 0.6690362359106338
1887 0.08491134142337727 0.6688051754819954
1888 0.0848959075008537 0.6685539129395979
1889 0.08488833244705508 0.6683216549220836
1890 0.08487293623696865 0.668070413075427
1891 0.08486556957462495 0.6678393190907898
1892 0.08485032544293036 0.6675882914160468
1893 0.08484382814148443 0.6673589021957775
1894 0.08482875592071071 0.6671083610062967
1895 0.08482216150151614 0.6668794131385234
1896 0.08481241253909839 0.6666436876921368
1897 0.08480161720324091 0.6664041417336748
1898 0.08479049399871658 0.6661631491186781
1899 0.08477940191678289 0.6659221330007213
1900 0.08476843235753866 0.6656820702461966
1901 0.08475211862892183 0.6654243146729589
1902 0.0847462676890902 0.6652005129780494
1903 0.08473261428168061 0.6649534796384285
1904 0.08472475342818724 0.6647216258867628
1905 0.08471533115167162 0.6644840505229347
1906 0.08470543439175063 0.6642446648223906
1907 0.08469892656406944 0.6640159151216183
1908 0.08468687426145763 0.663774661653311
1909 0.08467898059483812 0.663538256676327
1910 0.08467087974426643 0.663313968030993
1911 0.08466236381267112 0.6630823108717966
1912 0.08465089049600545 0.6628416684984549
1913 0.08464395467927008 0.6626111743488353
1914 0.08463256495987542 0.6623704602763799
1915 0.08462741091793138 0.662144870491348
1916 0.08461610442263402 0.6619049945782204
1917 0.08461109427651271 0.6616805099608002
1918 0.0845999920187621 0.661441237792517
1919 0.08459516186599061 0.6612176067047832
1920 0.08458316169065828 0.6609762090517078
1921 0.08457946116428884 0.6607556172137784
1922 0.0845680406529515 0.6605159560984368
1923 0.08456461654739113 0.6602962242547783
1924 0.08455353596850482 0.660054110253481
1925 0.08454552826612628 0.6598226727693135
1926 0.08454295473681755 0.6596079672073507
1927 0.08453263751965615 0.6593723837796501
1928 0.0845295042845042 0.6591545407379414
1929 0.08451923955128395 0.658918395201235
1930 0.08451634102601507 0.6587020789880687
1931 0.08450597136763122 0.658464439562427
1932 0.08450306925114348 0.6582484181018785
1933 0.08449747319669117 0.6580219243035331
1934 0.08448679214806083 0.6577872901794271
1935 0.08448452320409686 0.6575745698601321
1936 0.08447915140046812 0.6573520236772247
1937 0.08446845103634279 0.6571121985892581
1938 0.08446664823547631 0.6569009767083402
1939 0.08446215586649847 0.6566817109661578
1940 0.08445176509290048 0.6564425421012462
1941 0.08445031367536432 0.6562329817068856
1942 0.08444138419999489 0.6559995376586822
1943 0.08444052779525048 0.6557916320319011
1944 0.08443676186990468 0.6555751033561903
1945 0.08443207805805308 0.6553552850502126
1946 0.08442221921904149 0.6551173962660327
1947 0.08442215553585372 0.6549151549009613
1948 0.08441890828611531 0.6547002022934235
1949 0.08440920412352169 0.6544629232263943
1950 0.08440911869083365 0.6542591147299071
1951 0.08440096903275836 0.6540280304539218
1952 0.08440108867482206 0.6538247062172708
1953 0.08439859721696452 0.653613120709322
1954 0.08439029317027709 0.6533831113739244
1955 0.08439139192763391 0.6531807989509858
1956 0.08438395623390453 0.6529534865683611
1957 0.08438487966956694 0.6527520114374978
1958 0.08438310953211529 0.6525442227575895
1959 0.08438035678067077 0.6523319396777458
1960 0.08437186334461672 0.6521003927016439
1961 0.0843732315238637 0.6519018357850622
1962 0.08437167455179645 0.6516945189558853
1963 0.08436937983483976 0.6514841236034395
1964 0.08436172073430348 0.6512572580412055
1965 0.08436391992526368 0.6510606553010821
1966 0.08436324004676703 0.6508562422891018
1967 0.08436168612422713 0.6506489456309903
1968 0.08436001267534629 0.6504412938170576
1969 0.08435841879688452 0.6502339495386102
1970 0.08435692675623731 0.6500269785908923
1971 0.08435510314086637 0.6498194513727998
1972 0.08435326401444442 0.6496114119939189
1973 0.08435220663334775 0.6494065597801087
1974 0.08435149858277281 0.6492029347499223
1975 0.0843459368932664 0.6489850403653096
1976 0.08435047973681352 0.6487970705499124
1977 0.08435172093844485 0.6486001068891647
1978 0.08435202504107114 0.648400186828664
1979 0.08435381403246144 0.6482036325932834
1980 0.08435414594072793 0.6480042955637424
1981 0.08435429134312641 0.6478046788487539
1982 0.08435450915867597 0.6476054507498888
1983 0.08435468424808583 0.6474061232391858
1984 0.08435506897514448 0.6472079126195855
1985 0.08435515497264587 0.6470090640505211
1986 0.08435610636163007 0.6468127887386327
1987 0.084357259400885 0.646617380441035
1988 0.0843584215129629 0.6464221845458519
1989 0.08435986606638973 0.6462281983540502
1990 0.08436152349803751 0.6460350134653572
1991 0.0843633542486793 0.6458425332132869
1992 0.08436534560880585 0.6456507790658517
1993 0.08436750685660464 0.6454597779712082
1994 0.08436999496744667 0.6452700171411945
1995 0.08437215407720546 0.6450796439007754
1996 0.08437469939900683 0.6448903597598592
1997 0.0843787495253005 0.6447058688150192
1998 0.08438167293742965 0.6445183499286435
1999 0.0843845572161008 0.6443309154073673
2000 0.08438760168944411 0.6441442201755455
2001 0.08439086893002673 0.6439584796407796
2002 0.08439417296945874 0.6437729720992069
2003 0.08439799995935059 0.6435892451415426
2004 0.08440096478656922 0.6434037612038745
2005 0.08440539078356027 0.6432223772670616
2006 0.0844101088487393 0.6430421972055144
2007 0.08441516394149384 0.6428632716159579
2008 0.08442023666105344 0.6426848218591898
2009 0.08442491931570748 0.6425056988094697
2010 0.08443002870907061 0.6423279833811008
2011 0.08443510245660259 0.6421504125992452
2012 0.08444019473898666 0.6419733432461276
2013 0.08444528434231389 0.6417966866905288
2014 0.08445044741258137 0.6416206190371534
2015 0.08445568908327675 0.6414449878515789
2016 0.08446118131249218 0.6412705358699031
2017 0.08446683900911631 0.6410969164097379
2018 0.08447273111559556 0.6409242939670601
2019 0.08447884644971396 0.6407525744651212
2020 0.08448515983658816 0.6405816331045981
2021 0.08449168544925857 0.640411718658783
2022 0.08449837361234097 0.6402425664439403
2023 0.08450529178237974 0.6400742591271888
2024 0.0845123302146454 0.6399068567374463
2025 0.0845191680470314 0.6397396429353049
2026 0.08452648566243251 0.6395737318368346
2027 0.0845340087581269 0.6394087495669217
2028 0.08454171244226621 0.6392446100629621
2029 0.08454958233319497 0.6390812970274344
2030 0.08455785323804169 0.6389204717691305
2031 0.08456599839194211 0.6387586351227352
2032 0.08457369972335617 0.6385962339884186
2033 0.08458210789370843 0.6384360321835582
2034 0.08459076495553387 0.6382770077046114
2035 0.0845996270351039 0.6381190013891509
2036 0.08460868314395337 0.637961931463835
2037 0.08461791524157929 0.6378057373589461
2038 0.08462731623137414 0.637650465475903
2039 0.08463688499103875 0.6374961078034967
2040 0.08464663172867583 0.6373426812156391
2041 0.08465701261422309 0.6371911430194296
2042 0.08466711705907824 0.6370396054582251
2043 0.08467733584366735 0.6368888744226654
2044 0.08468790310880751 0.636739547599564
2045 0.08469848514082667 0.636590656455764
2046 0.08470920114380996 0.6364426102175983
2047 0.08472069734132683 0.6362968170624735
2048 0.08473165117160503 0.6361507136935048
2049 0.08474270093686925 0.6360051449071009
2050 0.08475429961775929 0.6358616012256365
2051 0.08476644750310694 0.6357198781838495
2052 0.08477790520023512 0.6355767578801963
2053 0.08478832815512852 0.6354315960906097
2054 0.08480008705989774 0.6352897524968847
2055 0.08481226444404813 0.6351497266466202
2056 0.08482469084527845 0.6350110369337357
2057 0.08483733151855967 0.6348734445191537
2058 0.08485015515010454 0.634736832361211
2059 0.08486314766244368 0.634601205895323
2060 0.08487631255278186 0.6344665697541665
2061 0.08488967784049346 0.6343329790199591
2062 0.08490382984208399 0.6342031228821561
2063 0.08491752269626181 0.634071151536751
2064 0.08493125588162879 0.6339398781136356
2065 0.0849454911475387 0.6338105719782187
2066 0.08495960209544338 0.6336814596262469
2067 0.08497380342788131 0.6335531848039013
2068 0.08498789745497994 0.6334245878115239
2069 0.08500235389743294 0.633298204251608
2070 0.08501713265618821 0.63317321466992
2071 0.08503213237910696 0.633049375079113
2072 0.08504692590281761 0.6329255638572204
2073 0.08506237121743562 0.6328039388317389
2074 0.08507811450660842 0.63268343872688
2075 0.08509363119286205 0.6325628608448298
2076 0.08510964885098429 0.6324444123453532
2077 0.08512584703240025 0.6323271052818999
2078 0.08514207275391081 0.6322107494762575
2079 0.08515857898881617 0.6320953116992641
2080 0.0851763554596025 0.6319839303148183
2081 0.08519311771427424 0.6318705134977668
2082 0.08520990468987621 0.6317575427197262
2083 0.08522686985035892 0.6316455488243548
2084 0.08524401575713569 0.6315346137751099
2085 0.08526137128294156 0.6314248345307808
2086 0.08527893961481055 0.6313162013455721
2087 0.08529671141140469 0.6312087083541952
2088 0.08531451681356653 0.6311016841188466
2089 0.08533271431084628 0.6309965688574664
2090 0.08535113153446527 0.6308926671393075
2091 0.08536972338811949 0.6307897991693936
2092 0.08538868098499793 0.6306880292674045
2093 0.08540759511044953 0.630587354225613
2094 0.08542700549630083 0.6304887094058416
2095 0.08544637214861964 0.630390391445447
2096 0.08546585153625323 0.6302929139063931
2097 0.08548549754724884 0.6301964686888361
2098 0.08550533225756937 0.6301011295955843
2099 0.08552518189280012 0.6300065342324336
2100 0.08554542530694434 0.6299135977168462
2101 0.08556573377742432 0.6298210830162224
2102 0.08558639604958053 0.6297305372410118
2103 0.08560730951468409 0.6296412204980952
2104 0.08562846602323523 0.6295533187177494
2105 0.0856499580486275 0.6294670577262642
2106 0.08567143640252593 0.6293812189450192
2107 0.08569299487389773 0.6292998173367823
2108 0.0857150082516276 0.6292135331218274
2109 0.08573695328479922 0.629129865841741
2110 0.08575896525832075 0.6290477862052128
2111 0.08578103912042212 0.6289703695940556
2112 0.0858039979753609 0.628888599795779
2113 0.08582638123712989 0.6288127509945978
2114 0.08584963953295575 0.6287335010888119
2115 0.08587238197975912 0.6286599697229862
2116 0.08589601641558368 0.6285832129128567
2117 0.08591909408279115 0.6285119861080409
2118 0.08594239949731339 0.6284361731281113
2119 0.08596584535417306 0.6283670446801294
2120 0.08599047383876315 0.6282956901272169
2121 0.08601438004837346 0.6282293278201574
2122 0.08603934153706264 0.6281604856244589
2123 0.08606359433017367 0.6280964125273444
2124 0.08608857854329229 0.6280326282624952
2125 0.0861142774299082 0.6279664916326148
2126 0.08613893102037749 0.6279056121496565
2127 0.08616431173327448 0.6278453416040555
2128 0.0861904917522283 0.6277826149840667
2129 0.08621558597142424 0.6277250536892572
2130 0.08624147970925385 0.6276683551504965
2131 0.08626839537880701 0.627609938594791
2132 0.08629414890050366 0.6275562512714898
2133 0.08632063983620718 0.6275033141904747
2134 0.08634761709511821 0.6274507263573696
2135 0.08637447494647447 0.6273988514194523
2136 0.08640168813047319 0.6273483575505581
2137 0.08642930027809276 0.6273001053157981
2138 0.08645697063878585 0.6272525637894948
2139 0.08648507377984464 0.6272076785580217
2140 0.08651307240390028 0.6271626031911046
2141 0.08654122951804143 0.6271188481980953
2142 0.08656952905237894 0.6270760389330151
2143 0.08659802461891114 0.6270346319994358
2144 0.08662669574611152 0.6269943334490368
2145 0.08665569532109747 0.626955815133421
2146 0.08668476568828661 0.6269181725103593
2147 0.08671403250747801 0.6268818554976587
2148 0.08674336924126759 0.6268464289643429
2149 0.08677302214277965 0.6268125806408609
2150 0.08680286716979051 0.6267800378319193
2151 0.08683295280724031 0.6267489254088889
2152 0.08686309604075881 0.6267186644943934
2153 0.08689361473953194 0.6266902145775707
2154 0.08692423806059954 0.6266630223804144
2155 0.08695510728552712 0.6266372599725604
2156 0.08698614986929661 0.6266126619567687
2157 0.08701743133717618 0.6265894303076006
2158 0.0870488772254978 0.6265674119559795
2159 0.08707958408885828 0.6265482740583589
2160 0.08711289507321264 0.6265278613725911
2161 0.08714488793913081 0.6265094140592626
2162 0.08717601976904518 0.6264937822368782
2163 0.08720992792755784 0.6264775465904155
2164 0.08724141746421867 0.6264646013634778
2165 0.08727540160136878 0.6264505112642695
2166 0.08730724880380258 0.6264397904372527
2167 0.08734049704744083 0.626429454987591
2168 0.08737517735066795 0.6264193019101076
2169 0.08740736359187772 0.6264123882969619
2170 0.08744223533682846 0.6264054426701252
2171 0.08747599454483206 0.6264002336228224
2172 0.08750973180072209 0.6263965391282792
2173 0.0875437786936851 0.6263942736286071
2174 0.08757815226966348 0.626393384251809
2175 0.08761285537880426 0.6263940160830168
2176 0.08764772142641825 0.6263956518201605
2177 0.08768274216418083 0.6263984756093199
2178 0.08771794173253387 0.626402597813438
2179 0.08775202553322137 0.6264081259647361
2180 0.08778921254693571 0.6264149402187571
2181 0.08782381274410933 0.6264232840057858
2182 0.0878613245973842 0.6264330931620754
2183 0.08789621553641912 0.626444122589412
2184 0.08793394490397312 0.626456299985397
2185 0.08796910482006946 0.6264698964401509
2186 0.08800726998075167 0.6264849962339351
2187 0.0880427575443134 0.6265011234630936
2188 0.08808000588593272 0.6265190812286788
2189 0.08811727496833112 0.6265374791288921
2190 0.08815515429754871 0.6265582241876588
2191 0.08819323702347401 0.6265807525724739
2192 0.08823151480055878 0.6266052529139515
2193 0.08826995749552671 0.6266306756470006
2194 0.08830881360257115 0.6266580266587005
2195 0.08834786676676584 0.6266867754647132
2196 0.08838698195332827 0.6267164874041232
2197 0.08842622401124875 0.6267473867990457
2198 0.08846548236793642 0.6267792824313823
2199 0.08850450136945531 0.6268114741258008
2200 0.08854375765996302 0.6268453740534763
2201 0.08858312471755729 0.6268805440701158
2202 0.08862262899205339 0.6269169833928684
2203 0.08866230765137505 0.6269547609653423
2204 0.08870219097210384 0.6269939476844782
2205 0.08874230251603213 0.6270346017973963
2206 0.08878283983345776 0.6270772754581646
2207 0.0888234519471584 0.6271209442041586
2208 0.08886426142869666 0.627165992902161
2209 0.08890531403524475 0.627212593976333
2210 0.08894657441113768 0.6272605766991236
2211 0.08898805393578781 0.6273100085490705
2212 0.08902974742006356 0.6273609123832637
2213 0.08907170194580806 0.627413396094434
2214 0.08911382864648537 0.6274672666198144
2215 0.08915614713094308 0.6275225720898872
2216 0.08919857341988986 0.6275791095649387
2217 0.08924128375740727 0.6276373007317934
2218 0.08928417586898156 0.6276970604558683
2219 0.08932734646517926 0.6277582784531635
2220 0.08937071965544083 0.6278209286058366
2221 0.08941428530522552 0.6278850212731274
2222 0.08945802630339636 0.6279505116998163
2223 0.08950197036970899 0.6280174757797712
2224 0.08954611865508562 0.6280859064849141
2225 0.08959045477908743 0.6281557786870022
2226 0.0896349992613171 0.6282271284454252
2227 0.08967977238007604 0.6282999994385755
2228 0.08972478322236849 0.6283744232816955
2229 0.08977003751777335 0.6284504271945573
2230 0.08981543562190936 0.6285276414399266
2231 0.08986115667319022 0.6286067488954036
2232 0.08990705719158971 0.6286872888841968
2233 0.08995310320264088 0.628769136748408
2234 0.08999928116636101 0.6288522567433668
2235 0.09004553279332773 0.6289365232484643
2236 0.09009185511923155 0.629021940185634
2237 0.09013800702857182 0.6291079275137659
2238 0.0901845286225955 0.6291957496470385
2239 0.09023127121682319 0.6292851015713413
2240 0.09027821994567206 0.6293759438435826
2241 0.09032538616985117 0.6294683017934037
2242 0.09037275122958538 0.6295620361444154
2243 0.09042061650120767 0.6296581961636035
2244 0.09046850977063783 0.6297554131559556
2245 0.09051656988536251 0.6298539807126577
2246 0.09056482459878766 0.6299539685797769
2247 0.09061328272852423 0.6300554197916531
2248 0.09066195188705091 0.6301584150980407
2249 0.09071081488047375 0.6302628048363197
2250 0.09076012832339539 0.6303692687685061
2251 0.09080943559740239 0.6304767145354094
2252 0.09085887217618321 0.6305854746185788
2253 0.09090847123431249 0.6306956294020628
2254 0.09095824197305463 0.6308072061619054
2255 0.09100857719921726 0.6309218450523847
2256 0.09105874810114369 0.6310363799561568
2257 0.09110902938369392 0.6311520973839947
2258 0.09115800143032873 0.6312669286498667
2259 0.09120989346932812 0.6313866772595091
2260 0.09126040897147668 0.6315056490598386
2261 0.09131163516857133 0.6316279012476831
2262 0.09136312928140768 0.6317519426076977
2263 0.09141478532809549 0.6318773717507263
2264 0.09146650999055154 0.6320039407698558
2265 0.09151714958738912 0.6321307101161291
2266 0.0915708728674213 0.6322620472482056
2267 0.09162273814166146 0.6323914004535783
2268 0.09167525242409082 0.6325239535831719
2269 0.0917280248230706 0.6326582769759947
2270 0.09177945605269976 0.6327922304267298
2271 0.09183451683176604 0.6329320924305751
2272 0.09188742203794197 0.6330691781688526
2273 0.09194089416709654 0.6332092820618811
2274 0.09199283802032975 0.6333486101211929
2275 0.09204891024657046 0.6334951210352566
2276 0.09210255969242093 0.6336380992385755
2277 0.09215668017754242 0.6337838234414167
2278 0.09220917612378182 0.6339284373708045
2279 0.09226598315245663 0.6340807802098835
2280 0.09232025147968777 0.6342292397258176
2281 0.09237501948716427 0.6343805797299417
2282 0.09242816582874207 0.6345308131179517
2283 0.09248573966781799 0.6346892347732909
2284 0.09254070438907364 0.6348435264020722
2285 0.09259619959267136 0.6350008166589546
2286 0.09265008372667262 0.6351569833987157
2287 0.09270841536681733 0.6353215230834159
2288 0.09276410156271461 0.6354817287252333
2289 0.09281831134178804 0.6356416808547752
2290 0.09287739698780401 0.635811336379243
2291 0.09293368579091095 0.6359761943841723
2292 0.09298836141590221 0.6361403883925048
2293 0.09304809733524487 0.6363148852865123
2294 0.09310494701012877 0.6364842420710243
2295 0.09316010860044126 0.636652671921627
2296 0.09322044915111412 0.6368318670789953
2297 0.0932778259257656 0.6370056333123502
2298 0.09333318675860564 0.6371772951193615
2299 0.09339430584486343 0.6373620150868454
2300 0.09345222539548971 0.6375401865903924
2301 0.09350828678888255 0.6377167437131092
2302 0.09356998484714038 0.6379060855743711
2303 0.09362845607383 0.6380887087902709
2304 0.09368507077724288 0.6382696800287171
2305 0.09374605699813068 0.6384622401175708
2306 0.09380733256056713 0.6386553719350697
2307 0.09386689727510147 0.6388449056504942
2308 0.09392648743503772 0.6390356762703897
2309 0.09398619100941769 0.6392278809015374
2310 0.09404616536454952 0.639421934476021
2311 0.09410630734123414 0.639617494707854
2312 0.09416672177993884 0.639814804349871
2313 0.09422730221719548 0.6400136393911265
2314 0.0942881311593439 0.6402141881234705
2315 0.09434911882214499 0.6404161682362488
2316 0.09441034285875291 0.6406198180186469
2317 0.0944717155057421 0.6408248642390179
2318 0.09453331616473784 0.6410315510849961
2319 0.09459506608413611 0.6412396359755624
2320 0.09465703691247643 0.6414493460857527
2321 0.09471916338030795 0.641660476117156
2322 0.09478150267388304 0.6418732076943999
2323 0.09484400121924294 0.6420873706140879
2324 0.09490814871351386 0.6423052682989674
2325 0.09497017836870525 0.6425198899526017
2326 0.09503285181767648 0.6427379596165831
2327 0.09509207045378547 0.6429500561167131
2328 0.09515885714493866 0.6431797751058705
2329 0.09522220760010226 0.6434018291179083
2330 0.09528336426186503 0.6436214926413383
2331 0.09535066941139099 0.6438554339311838
2332 0.09541389950850512 0.6440802647515057
2333 0.09547598657938675 0.6443053365775818
2334 0.0955432879488522 0.6445421204915016
2335 0.09560789405218742 0.6447733409295088
2336 0.0956731503806118 0.6450109491127317
2337 0.09573527274589466 0.6452375881430891
2338 0.09580299245269731 0.6454794208646799
2339 0.09586610347803003 0.6457124838334438
2340 0.09593433092945612 0.6459583534321983
2341 0.0959976532751598 0.6461941151577536
2342 0.09606578924889048 0.6464424032124931
2343 0.0961314776078878 0.6466848245508394
2344 0.09619597354501795 0.6469272910660818
2345 0.09626502548542999 0.6471808634095879
2346 0.09633119507483458 0.647427859683127
2347 0.09639614677383916 0.6476749337940458
2348 0.09646551414432229 0.6479323756094465
2349 0.09653210924815617 0.6481834715863469
2350 0.09660010796406297 0.648442970074254
2351 0.09666700217745978 0.6486953085374618
2352 0.09673471241951526 0.6489553341791581
2353 0.09680229248570646 0.6492117016112651
2354 0.09686977629302257 0.6494727601123602
2355 0.09693769360437028 0.649732112038119
2356 0.09700484618167586 0.6499915557827719
2357 0.09707549520882033 0.6502656171326175
2358 0.09714264464895997 0.6505259077056348
2359 0.09721075124380388 0.6507919453877208
2360 0.09727985560664312 0.6510635552163493
2361 0.09734972748619571 0.6513352041670846
2362 0.09741837589501176 0.6516051261663315
2363 0.09748784266640965 0.6518805094278297
2364 0.09755833370827843 0.6521571503113496
2365 0.09762748561008025 0.6524315948597139
2366 0.09769742097259247 0.6527098638609017
2367 0.09776776202731205 0.6529904410771361
2368 0.09783918116139426 0.6532741772151582
2369 0.09790974699925706 0.6535575054029236
2370 0.09797960274943109 0.6538428816546414
2371 0.09805078431714633 0.6541272791885553
2372 0.0981205844668855 0.6544103726748206
2373 0.09819155977806426 0.6546985919232016
2374 0.09826298445884842 0.6549891777576322
2375 0.09833464644965829 0.6552814503402158
2376 0.09840647939689813 0.6555752067161839
2377 0.09847849492974989 0.6558705036342997
2378 0.09855062281173405 0.6561670941692495
2379 0.09862286452937694 0.6564649905252272
2380 0.09869523751679092 0.656764260427807
2381 0.09876774910940787 0.6570649244446418
2382 0.09884042371900262 0.6573675541049276
2383 0.09891325479929225 0.6576709626393947
2384 0.09898622156031144 0.6579758033079893
2385 0.09905933497395651 0.6582821225352186
2386 0.09913260196568563 0.6585899085462492
2387 0.09920603465804642 0.6588991896194412
2388 0.09927962132116287 0.6592099161503491
2389 0.09935336662134027 0.6595221091129352
2390 0.09942728472099401 0.6598358147155828
2391 0.0995013787222517 0.6601510378251532
2392 0.09957564093798107 0.6604677511012412
2393 0.09965040127958708 0.660787619073958
2394 0.09972501548960591 0.6611072036641823
2395 0.09979967592539507 0.6614280114971599
2396 0.09987446643587841 0.6617502263611984
2397 0.09994941879838203 0.6620739062569099
2398 0.1000245318596795 0.6623990430778754
2399 0.1000998078716814 0.6627256432318765
2400 0.1001752493426034 0.6630537160706682
2401 0.1002508508752557 0.6633832431117018
2402 0.1003264828865539 0.6637143352780163
2403 0.1004024534583912 0.6640467982216474
2404 0.1004785827018282 0.6643807060459131
2405 0.1005548570255513 0.6647160732614501
2406 0.1006312784282709 0.6650528845962829
2407 0.1007078448367749 0.6653911105948465
2408 0.1007845607586547 0.6657307706632459
2409 0.1008614318831321 0.6660718822633838
2410 0.1009384549329595 0.6664144290360425
2411 0.1010156344982804 0.6667584245195944
2412 0.1010929783555718 0.667103892083858
2413 0.1011704932180909 0.6674508482163127
2414 0.1012481906413431 0.6677993250231634
2415 0.1013260881667331 0.6681493705246613
2416 0.1014041979691835 0.6685010464377056
2417 0.1014825636601451 0.6688544213003291
2418 0.1015611074563833 0.6692092928287042
2419 0.1016399768953252 0.6695660540819302
2420 0.1017188188593509 0.6699239386402642
2421 0.1017977523200291 0.6702831358140928
2422 0.1018766943112777 0.6706433408250603
2423 0.1019562582916489 0.6710059816719114
2424 0.1020351010452424 0.6713677778052537
2425 0.1021138201292374 0.6717302435299689
2426 0.1021925633582009 0.6720937819862335
2427 0.1022714283745822 0.6724586947368564
2428 0.1023504724389738 0.6728251402608335
2429 0.102429719242107 0.6731931717600733
2430 0.1025091837362203 0.6735628249205791
2431 0.1025888607409766 0.6739340727519817
2432 0.1026687779377977 0.6743070134647102
2433 0.1027489033212165 0.674681525534446
2434 0.1028292173743522 0.6750575606136201
2435 0.1029096973294539 0.6754350506698985
2436 0.1029903653846792 0.6758140783220874
2437 0.1030711999444917 0.6761945655200852
2438 0.103156403550259 0.6765922357270179
2439 0.1032327204732722 0.6769568118463923
2440 0.1033133787073209 0.6773391876466839
2441 0.1033948688312535 0.6777261808026129
2442 0.1034766637366743 0.6781149549108739
2443 0.1035585808209239 0.6785048517187626
2444 0.1036405488179562 0.6788957420328942
2445 0.1037225186992128 0.6792874881657122
2446 0.1038052923277298 0.6796827187293097
2447 0.1038873839058981 0.6800767009402963
2448 0.1039694225184434 0.680471547302369
2449 0.1040556973261498 0.6808836425294394
2450 0.1041335661824303 0.6812633210163378
2451 0.1042193848092486 0.6816761515232644
2452 0.1042983768791793 0.6820622923768119
2453 0.1043842852874562 0.6824771729349564
2454 0.1044628595154827 0.6828633699438259
2455 0.1045497066887941 0.6832816310285256
2456 0.1046290342615455 0.683672498504171
2457 0.1047156229704049 0.6840946341990547
2458 0.104799170178479 0.6845033885944296
2459 0.1048784855655333 0.6848967489223512
2460 0.1049653362075246 0.6853222821768394
2461 0.1050490615899175 0.6857345744074449
2462 0.1051288892838703 0.6861322100050372
2463 0.1052161189895984 0.6865618645155696
2464 0.1053003238321745 0.6869784565780832
2465 0.1053846233123548 0.6873965637439142
2466 0.1054686332358041 0.6878143543750366
2467 0.1055488499960176 0.6882177493278822
2468 0.105635692284476 0.6886530884799127
2469 0.1057207609373693 0.6890766683894021
2470 0.1058059703001956 0.6895019232850389
2471 0.1058908479587619 0.6899269138747689
2472 0.105971607800421 0.690336841733507
2473 0.1060606686285763 0.6907813779755774
2474 0.1061464148488825 0.691212183508804
2475 0.1062321649307286 0.6916441416855624
2476 0.1063170017836044 0.6920746121382522
2477 0.1064025636382311 0.6925077213183254
2478 0.1064881720752242 0.6929418349576867
2479 0.1065739404024566 0.6933776289896901
2480 0.1066598153333745 0.6938146513541045
2481 0.1067458198650058 0.6942531255483407
2482 0.106831949205481 0.694692894607515
2483 0.1069181686276241 0.6951339646796233
2484 0.1070045518373503 0.6955764670431572
2485 0.1070910241409653 0.69602020362132
2486 0.1071776848114542 0.6964654280893398
2487 0.1072643214700947 0.6969116502876588
2488 0.1073511323041806 0.6973592812410694
2489 0.10743804489006 0.6978083656678327
2490 0.1075248606406947 0.6982587294513376
2491 0.1076120031830997 0.6987100357876866
2492 0.1076994684112276 0.6991633900888378
2493 0.1077866679811824 0.6996169312695876
2494 0.1078740104050744 0.7000719121081309
2495 0.1079614613108021 0.7005279929160241
2496 0.1080490071547262 0.7009854702470025
2497 0.1081365808856567 0.7014438511168244
2498 0.1082241075319155 0.7019039611791885
2499 0.108315180729873 0.7023775483206596
2500 0.1084053535715701 0.7028447849350664
2501 0.1084931771799552 0.7033072677719759
2502 0.1085779067145697 0.7037583910596216
2503 0.1086670049625896 0.7042295274793511
2504 0.1087527970602482 0.7046867152321987
2505 0.1088435263390857 0.7051655792910793
2506 0.1089300769672564 0.7056268653911022
2507 0.1090205238711576 0.7061061764892644
2508 0.1091071474067366 0.706569333858078
2509 0.1091982048454368 0.7070525433633612
2510 0.1092893641406331 0.7075333591543681
2511 0.109374382555748 0.7079955723805474
2512 0.109460537688682 0.7084625829635625
2513 0.1095498863622736 0.7089418969908677
2514 0.1096396303920829 0.7094229300443055
2515 0.1097299679241773 0.7099069058183167
2516 0.1098233194015539 0.7104042609610802
2517 0.1099188948082239 0.7109068779201284
2518 0.1100050768507618 0.7113792560756987
2519 0.1100933970078354 0.7118584050043021
2520 0.1101826679612744 0.7123428643350512
2521 0.110272177885419 0.712829165556793
2522 0.110361838003641 0.713317012165098
2523 0.1104517189374695 0.7138066183371028
2524 0.1105416341834722 0.7142973017561178
2525 0.1106316474086316 0.714788748948193
2526 0.1107272279839874 0.7153005868967022
2527 0.1108131517752709 0.7157803276323684
2528 0.1109017314279744 0.716270175863886
2529 0.1109924254145206 0.716767799824948
2530 0.1110835985164196 0.7172677529645379
2531 0.1111749001463858 0.7177690048607368
2532 0.1112662427589333 0.7182712771392539
2533 0.1113576319328071 0.7187745424561672
2534 0.1114490000426086 0.7192786823437709
2535 0.111540426298546 0.7197838528238731
2536 0.111631830772052 0.7202898615647776
2537 0.1117232580536096 0.7207968294033555
2538 0.1118147336047386 0.7213048530942914
2539 0.1119117194411081 0.7218321314782956
2540 0.1119982839876353 0.722325732205173
2541 0.1120879573853463 0.7228305726606694
2542 0.1121796571953708 0.7233429332187606
2543 0.1122717856913446 0.7238575046213447
2544 0.1123640064359456 0.7243732892995479
2545 0.1124555140755059 0.724887888792709
2546 0.1125546433936309 0.7254295840656209
2547 0.1126401852999756 0.7259241226131662
2548 0.1127298993140283 0.7264352327077578
2549 0.1128222211168529 0.72695611738149
2550 0.1129207734507735 0.7274990319852276
2551 0.1130089589004223 0.7280068231021909
2552 0.113106056447452 0.7285476587386693
2553 0.1131939932269638 0.7290557151985637
2554 0.1132845203901849 0.7295739097322217
2555 0.1133774675598481 0.7301017818726566
2556 0.113476130312408 0.7306513469421345
2557 0.1135654152487481 0.7311669342626577
2558 0.1136564899403851 0.7316908231033712
2559 0.1137493144716136 0.7322216406640616
2560 0.1138426804712575 0.7327552500662854
2561 0.1139363041676364 0.7332906550585241
2562 0.1140300903255586 0.7338274652363325
2563 0.1141297291406134 0.7343869113410463
2564 0.1142173824653265 0.7349014572200837
2565 0.1143084089021427 0.735433233924747
2566 0.1144021585964738 0.7359730289503409
2567 0.1144964071714149 0.7365152831726796
2568 0.114594607638277 0.7370733093836722
2569 0.1146852017760661 0.7376032345251039
2570 0.1147852868437368 0.7381696804986912
2571 0.1148759997525452 0.738705072390603
2572 0.1149647318927445 0.7392282759800672
2573 0.1150578234600961 0.7397720253165347
2574 0.1151518258800534 0.7403201464763282
2575 0.1152461022067892 0.7408699251684349
2576 0.1153405215053683 0.7414207324952558
2577 0.1154348948062337 0.7419721503269272
2578 0.1155293568783725 0.7425247617452907
2579 0.1156235096817323 0.7430772802070629
2580 0.1157257584861217 0.7436585050061718
2581 0.1158125553399029 0.7441854150659675
2582 0.1159047880201225 0.7447343377887398
2583 0.1159993862886057 0.7452920540910043
2584 0.1160944838578103 0.7458519687887519
2585 0.1161899819145073 0.7464134517390494
2586 0.1162952740805823 0.7470087759560635
2587 0.1163803253001077 0.7475365314795415
2588 0.1164726338439196 0.748090315889698
2589 0.1165675546695302 0.7486538366761865
2590 0.1166734076272891 0.7492531392735161
2591 0.1167594762975756 0.7497891635050028
2592 0.1168516752659904 0.7503461313451002
2593 0.1169465991466381 0.7509129457258761
2594 0.1170422106483083 0.7514827532359775
2595 0.1171484523178195 0.752088169108275
2596 0.117236887992798 0.7526390256770192
2597 0.1173293155956058 0.753198889999171
2598 0.1174240567786021 0.7537682139044464
2599 0.1175186651101694 0.7543377390488849
2600 0.1176109622590907 0.7548976837314717
2601 0.1177062216662901 0.7554729597314858
2602 0.1178021174100587 0.7560511050113116
2603 0.1178981980517981 0.7566302436028556
2604 0.1179942871353863 0.7572098719677359
2605 0.1180903030460381 0.7577898574882836
2606 0.11818622649981 0.7583702339070805
2607 0.1182820738966565 0.7589511215251332
2608 0.1183770046163699 0.7595295706848503
2609 0.1184726792068458 0.7601122948038819
2610 0.1185685198005969 0.760695825110025
2611 0.1186675222370525 0.7612938384965756
2612 0.1187593803607762 0.7618597625892474
2613 0.1188582555159952 0.7624615418169348
2614 0.1189514177798454 0.7630347939929998
2615 0.1190480070403889 0.76362434931173
2616 0.1191441104194252 0.764213680476476
2617 0.1192402611730049 0.7648038274551133
2618 0.1193364091869961 0.765394602133348
2619 0.1194337475751846 0.7659890641876972
2620 0.1195305477759503 0.7665838454623425
2621 0.1196263972341937 0.7671759885660893
2622 0.1197253549287314 0.7677832973834212
2623 0.119817826344983 0.7683600230578245
2624 0.119916571758896 0.7689688733212044
2625 0.1200100549414649 0.7695522057288743
2626 0.1201088904691142 0.7701628439521857
2627 0.1202017882851549 0.7707449679872644
2628 0.1203006674180266 0.7713575622238238
2629 0.1203940593288493 0.7719434089593701
2630 0.1204927100506005 0.7725570763647658
2631 0.1205883039610154 0.7731565054774768
2632 0.1206889402552033 0.7737718271870431
2633 0.1207776913270052 0.7743459288406159
2634 0.1208751836307081 0.7749588098115781
2635 0.1209723790454662 0.7755658860654281
2636 0.1210693907474927 0.776172812240339
2637 0.1211663690516 0.7767807256987338
2638 0.1212710661399346 0.7774143703975097
2639 0.1213617254644836 0.7780084114167943
2640 0.1214568683104361 0.778607625158634
2641 0.1215504357186635 0.7792080595528793
2642 0.1216486374129703 0.7798232549808118
2643 0.1217461009708937 0.7804427763427983
2644 0.1218438658683433 0.7810587478658333
2645 0.1219388500818515 0.7816634146845945
2646 0.1220342627179629 0.7822724537857829
2647 0.1221315383135376 0.782890724384339
2648 0.1222286756420858 0.7835083770854206
2649 0.1223297361397257 0.7841412397565831
2650 0.122430455306044 0.7847665868937019
2651 0.122521629362162 0.7853701391138596
2652 0.1226192284551511 0.7859959328783257
2653 0.1227210752395411 0.78662823643347
2654 0.1228129061672935 0.7872354272107872
2655 0.1229035451927832 0.7878305320275969
2656 0.1230048067198076 0.7884736520364456
2657 0.1231029251709368 0.7891014631668294
2658 0.1232083000023225 0.7897532561625474
2659 0.1233012944317862 0.7903689213929804
2660 0.1233970649330933 0.7909894631440505
2661 0.1234915134394993 0.7916034462611441
2662 0.1235890310193415 0.7922342055391025
2663 0.1236868546371473 0.7928660104216053
2664 0.1237822414116331 0.7934865872539444
2665 0.1238778573846371 0.794110506912678
2666 0.1239779813136006 0.7947560007283081
2667 0.1240747868016745 0.7953843206701368
2668 0.1241709079370459 0.7960118843575528
2669 0.1242684382042124 0.7966471529683492
2670 0.1243683582459166 0.7972936126682455
2671 0.1244649405468807 0.7979221846472662
2672 0.1245612268497303 0.7985540205800515
2673 0.1246583296959629 0.7991906451847715
2674 0.1247564200725922 0.7998305851797232
2675 0.1248538955649502 0.8004700283292867
2676 0.1249511690260455 0.8011086873172601
2677 0.1250483722517283 0.8017479531556342
2678 0.1251460932708467 0.8023893550356099
2679 0.125243339422166 0.8030301021675722
2680 0.1253405038134262 0.8036713927971946
2681 0.1254376436253388 0.80431329066993
2682 0.1255347969052835 0.8049559925990977
2683 0.1256319509926864 0.8055993608547416
2684 0.1257290121396403 0.8062433320739799
2685 0.1258262613591779 0.8068883397471798
2686 0.1259235612293239 0.8075342670120089
2687 0.1260208556053127 0.808180863332936
2688 0.1261181651739361 0.8088282691124633
2689 0.1262154620626604 0.8094763137842234
2690 0.1263127754741839 0.8101251663680212
2691 0.126410078661333 0.8107746624938919
2692 0.126507399543174 0.8114249716061203
2693 0.1266047122195863 0.8120759214705834
2694 0.1267019502054476 0.8127274989611578
2695 0.1267990625280403 0.8133779111019249
2696 0.1268963489341315 0.8140314637800939
2697 0.1269936487450997 0.8146855456506055
2698 0.1270910704182212 0.8153405111449555
2699 0.1271884383000585 0.8159959325457591
2700 0.1272858203177874 0.8166521403265681
2701 0.1273831589303586 0.8173088054848818
2702 0.1274805209343367 0.817966309298674
2703 0.1275776780898445 0.818624197344677
2704 0.1276750616328836 0.8192828620056816
2705 0.1277724842800726 0.8199422450946985
2706 0.1278694879721536 0.8206006782142282
2707 0.1279667979990792 0.8212615076494021
2708 0.1280639717218727 0.8219240364966724
2709 0.1281613731160451 0.8225859970208083
2710 0.1282587528253918 0.8232486936894292
2711 0.1283568474822059 0.8239199595678052
2712 0.1284526641318021 0.8245750037774334
2713 0.1285490731055032 0.8252344532497535
2714 0.1286487309987601 0.8259117984623027
2715 0.12874659410603 0.8265794756533038
2716 0.128843939113173 0.8272453207407739
2717 0.1289401320778573 0.8279082736310602
2718 0.1290372622017517 0.8285747227672938
2719 0.1291339347839794 0.8292409624629344
2720 0.1292306506295571 0.8299081806639895
2721 0.1293274702236311 0.8305765457649014
2722 0.1294243949690733 0.8312460086240194
2723 0.1295213983183376 0.8319164334879028
2724 0.1296184372737455 0.8325876392480044
2725 0.1297154902037238 0.8332595507829355
2726 0.1298124327877395 0.8339325768996613
2727 0.1299095716844062 0.834605694456793
2728 0.1300066627649586 0.8352795130074391
2729 0.130103710135806 0.8359539328258225
2730 0.1302007275887062 0.8366289052424737
2731 0.1302977078902906 0.8373044790051848
2732 0.1303946646412738 0.8379806431914374
2733 0.1304915993063337 0.8386573925095198
2734 0.1305885086524361 0.8393347136459742
2735 0.1306854011470188 0.8400126199913557
2736 0.1307822847694866 0.8406911247197665
2737 0.1308791577919621 0.8413702252434948
2738 0.1309760139313423 0.842049905290025
2739 0.1310728427300921 0.8427301264246719
2740 0.1311696439629736 0.8434108850923874
2741 0.1312672809988824 0.8440942110646902
2742 0.1313633039832132 0.8447748414815569
2743 0.1314628171072757 0.8454636357793696
2744 0.1315592363524694 0.8461459650192119
2745 0.1316555006989717 0.8468285528335087
2746 0.1317517830596269 0.8475117564375104
2747 0.1318480935925765 0.8481956214381818
2748 0.1319442135430042 0.8488794760515734
2749 0.1320397407607691 0.8495626370400483
2750 0.1321362485229365 0.8502486941524489
2751 0.1322328393614517 0.8509356453179465
2752 0.1323296281987481 0.8516236241819217
2753 0.1324261081857722 0.8523117647622922
2754 0.1325225785199286 0.8530003909134005
2755 0.1326190440423491 0.8536895682219003
2756 0.132715491349929 0.8543792858257321
2757 0.1328119151693699 0.8550695337416995
2758 0.1329085239532157 0.8557619075240784
2759 0.1330049723503164 0.8564529643443306
2760 0.1331013373589953 0.8571445820124161
2761 0.1331977857102229 0.8578370461928579
2762 0.1332945351683742 0.8585310191940407
2763 0.1333907588323487 0.8592243700722312
2764 0.1334869190709261 0.8599180761802178
2765 0.1335830635312916 0.8606123094642751
2766 0.1336792108365175 0.8613071307556668
2767 0.1337753505756482 0.8620025171593888
2768 0.1338714649477262 0.8626984004622812
2769 0.1339674336257154 0.8633939927596396
2770 0.134063470442025 0.8640909913414057
2771 0.1341594847005817 0.8647884734138027
2772 0.134255498310273 0.8654864797506429
2773 0.1343500696290846 0.8661812201260137
2774 0.1344471534209977 0.8668827495113485
2775 0.1345431356728637 0.8675823444150753
2776 0.1346389328285714 0.8682820545536647
2777 0.1347346523155981 0.8689831554421595
2778 0.1348299782000016 0.8696813825483463
2779 0.1349258022320433 0.8703826608789196
2780 0.1350214327070021 0.8710840598902161
2781 0.1351172802957223 0.8717867288811084
2782 0.135213753098534 0.87249169979022
2783 0.1353093976626797 0.8731947728294502
2784 0.1354049028882485 0.8738980708612072
2785 0.1354988817826293 0.8745978042752325
2786 0.1355944284546471 0.8753022047381641
2787 0.1356900588471063 0.8760074232657424
2788 0.1357856596953227 0.876713134736542
2789 0.1358812040163994 0.8774192522531428
2790 0.1359770275524372 0.8781247081312666
2791 0.1360722804451572 0.8788321969784916
2792 0.1361675268282909 0.8795396057870554
2793 0.1362622666015309 0.8802476589022047
2794 0.1363577073023136 0.8809556141636556
2795 0.1364529158231832 0.8816636989038272
2796 0.1365481656891289 0.8823728134023958
2797 0.1366432119886473 0.8830817699653205
2798 0.1367384305595525 0.8837917875258081
2799 0.1368335896974501 0.8845022725618522
2800 0.1369286953389645 0.8852131880659357
2801 0.1370241956666401 0.885925150021559
2802 0.1371188900156647 0.8866371221408883
2803 0.1372137929408952 0.8873490365170965
2804 0.1373087121359861 0.8880613973190534
2805 0.1374035177588751 0.888774054282722
2806 0.1374982679805856 0.8894871305494045
2807 0.1375929452030855 0.8902006399332023
2808 0.1376873966675865 0.8909134963126143
2809 0.1377818093093473 0.8916264898882877
2810 0.1378750996045326 0.8923409256082774
2811 0.1379700320493699 0.8930563459590717
2812 0.138065094327869 0.8937725524712192
2813 0.1381599214607948 0.8944890002578064
2814 0.1382545505348806 0.8952056624647491
2815 0.1383490369876311 0.8959225734180247
2816 0.138443359418441 0.8966394190914569
2817 0.1385376580186522 0.8973569706643786
2818 0.1386318813898907 0.8980748220644226
2819 0.1387260204156891 0.8987929590682076
2820 0.1388200959397806 0.8995113487927257
2821 0.13891407754845 0.9002300847195438
2822 0.1390079916459461 0.9009491235725942
2823 0.1391018436501033 0.9016684831970195
2824 0.1391956361714169 0.9023881690776449
2825 0.1392893782861566 0.903108208236752
2826 0.1393824366451744 0.9038277709021285
2827 0.139476188030402 0.9045484018234211
2828 0.1395699005026945 0.905269612525134
2829 0.1396635464531072 0.9059912241915039
2830 0.1397571333039778 0.9067131981837047
2831 0.1398506588528091 0.9074354984827966
2832 0.139943904959502 0.9081577491193956
2833 0.1400373546340733 0.9088806353794574
2834 0.1401308563373505 0.9096044595615338
2835 0.1402248985579855 0.9103307174911559
2836 0.1403180908306054 0.9110544448036745
2837 0.1404111381316493 0.911778292495839
2838 0.140504146537145 0.9125025295519325
2839 0.1405971555050715 0.9132271653428552
2840 0.1406901071234211 0.9139522626718102
2841 0.1407830310231032 0.9146777715393244
2842 0.140875913630609 0.9154036627126569
2843 0.1409688894515586 0.9161301540233607
2844 0.1410616910845635 0.9168567579420739
2845 0.1411544382936303 0.9175836983720518
2846 0.1412471368145244 0.9183109705972344
2847 0.141340259260138 0.9190391084071331
2848 0.1414327775869011 0.9197672547443706
2849 0.1415243488372556 0.9204927037015396
2850 0.1416176254652191 0.9212223792940828
2851 0.1417100726825277 0.9219514905597564
2852 0.141802421320497 0.9226807972190908
2853 0.1418948445280759 0.92341067091479
2854 0.1419867677997458 0.9241402516301547
2855 0.1420785481266222 0.9248693439272315
2856 0.1421705375314274 0.9255991628701974
2857 0.1422625850092485 0.9263296303211029
2858 0.1423546039465134 0.9270604514724885
2859 0.1424465693356153 0.927791553744805
2860 0.1425387114435729 0.9285245230823493
2861 0.1426315687926392 0.9292582077122081
2862 0.1427233189412418 0.9299898509486301
2863 0.1428149040998956 0.9307216435270176
2864 0.1429064101918772 0.9314537070059115
2865 0.1429956559741673 0.9321815896800221
2866 0.1430871536823521 0.9329141557841896
2867 0.1431787570978905 0.9336475347703027
2868 0.1432703234435622 0.9343813378254813
2869 0.1433618345357316 0.9351154582490001
2870 0.1434532817835584 0.9358498501038864
2871 0.1435446577741474 0.9365844862763503
2872 0.1436362467767044 0.9373201629509407
2873 0.1437274177810579 0.9380550806869274
2874 0.1438185720675138 0.9387899193386927
2875 0.1439095140444437 0.9395251986366345
2876 0.143999504220197 0.9402591103776202
2877 0.1440904544213668 0.9409948755212043
2878 0.1441814077208202 0.9417312231934841
2879 0.1442722704597376 0.9424678248650572
2880 0.1443624411284941 0.9432017820614905
2881 0.1444531354600068 0.9439391479784743
2882 0.144543823338318 0.9446767891672111
2883 0.1446368410645082 0.9454202446358538
2884 0.1447261754769275 0.9461557548451713
2885 0.1448156832316368 0.9468927690984962
2886 0.1449058416943216 0.947630202993387
2887 0.1449959647825645 0.9483679767362454
2888 0.1450860456874435 0.9491060884573836
2889 0.145176086405433 0.9498445286909293
2890 0.1452670267776083 0.9505872054874338
2891 0.1453569610327544 0.9513257551980254
2892 0.1454466796460764 0.9520643174386342
2893 0.1455363268309659 0.9528032105669934
2894 0.145625920009456 0.9535424178707593
2895 0.1457154804661499 0.9542819609693484
2896 0.145804989339069 0.9550217661595707
2897 0.1458944414104475 0.9557618325787441
2898 0.1459838381917 0.9565021587451112
2899 0.1460731726078734 0.9572426919654132
2900 0.1461624406128448 0.9579834256330666
2901 0.1462510246895797 0.9587226712907362
2902 0.1463402363053997 0.9594639314048548
2903 0.1464294074005811 0.9602055260917977
2904 0.1465184579921223 0.9609473262531688
2905 0.1466074826953648 0.9616892581823168
2906 0.1466964324954987 0.962431358748447
2907 0.1467850888825745 0.9631735340144982
2908 0.1468739288433781 0.9639159179158904
2909 0.1469627005290041 0.9646585677894048
2910 0.1470513977527848 0.9654014218821583
2911 0.1471401155553413 0.966144777889212
2912 0.1472305366786276 0.9668917505490299
2913 0.1473186941118641 0.9676349557409162
2914 0.1474067263733939 0.968377845375155
2915 0.1474947702754637 0.9691209653920201
2916 0.1475827934446368 0.9698643293237055
2917 0.1476707385465968 0.9706077828486892
2918 0.1477586283258979 0.9713514744151966
2919 0.1478464975439581 0.972095453072941
2920 0.1479343856140024 0.9728398000011795
2921 0.1480221895355031 0.9735843001551887
2922 0.1481099403835788 0.9743290205337544
2923 0.1481975557422657 0.9750737693458614
2924 0.1482851926647019 0.9758188775426667
2925 0.1483727826747429 0.9765642077772191
2926 0.1484603101194417 0.9773097097677813
2927 0.1485477724118058 0.9780553786529872
2928 0.1486351672867565 0.9788012020873201
2929 0.1487228877003858 0.9795482036746932
2930 0.1488101656115508 0.9802944179740686
2931 0.148897211288756 0.9810403714221916
2932 0.1489842893300761 0.981786664549664
2933 0.1490712409702125 0.9825327529632658
2934 0.1491585017083599 0.9832802570677113
2935 0.1492448792706016 0.9840251629920552
2936 0.1493315837061744 0.9847719432292796
2937 0.1494183193630685 0.9855191249113808
2938 0.1495063516175797 0.9862703444664143
2939 0.14959286673563 0.9870176152258784
2940 0.1496791471734064 0.9877644457748292
2941 0.1497653733343438 0.9885113119940251
2942 0.1498502253924446 0.9892543695375398
2943 0.1499371602040072 0.9900050248844345
2944 0.1500236130531717 0.9907529848371192
2945 0.1501096382533518 0.9915007754313148
2946 0.1501956086643822 0.9922486951432419
2947 0.1502816085013004 0.9929970360134093
2948 0.1503666106492255 0.9937426016520203
2949 0.1504524604545435 0.9944912459702668
2950 0.1505383141642246 0.9952402005210506
2951 0.1506240945768407 0.9959892879748233
2952 0.1507097880637078 0.9967384616804837
2953 0.1507953911189959 0.9974876929305209
2954 0.1508808997949099 0.9982369673453731
2955 0.1509663160524919 0.9989862925676267
2956 0.1510515686219199 0.9997354748818196
2957 0.1511371288137432 1.000486179779737
2958 0.1512235094599004 1.001238217153776
2959 0.1513084077973921 1.001987530277982
2960 0.1513932516028406 1.002736885599626
2961 0.1514779872767384 1.003486255120706
2962 0.151562656339552 1.004235726672129
2963 0.1516465706982037 1.004983889358463
2964 0.1517311497655485 1.005733511335514
2965 0.1518161163843209 1.00648505077413
2966 0.1519001936624183 1.007233785511649
2967 0.1519844444776188 1.007983552885209
2968 0.1520687290460609 1.008733669276954
2969 0.1521529722800648 1.00948399071709
2970 0.152236720271812 1.010232954358595
2971 0.1523207874854983 1.010983764966065
2972 0.1524048603178337 1.011734665081365
2973 0.1524888755969891 1.012485616466868
2974 0.1525728123706084 1.013236603781315
2975 0.1526566572109274 1.013987597498033
2976 0.1527407205886293 1.014739609319514
2977 0.1528229520601581 1.015487520605951
2978 0.1529066041861599 1.016238421774813
2979 0.1529902658980082 1.016989786298239
2980 0.1530738023586453 1.017741221017716
2981 0.1531572237957824 1.018492687585688
2982 0.1532424222389883 1.019255085780639
2983 0.1533233442710662 1.019992397287437
2984 0.1534083248637698 1.02075479621704
2985 0.1534898157224982 1.02149704661895
2986 0.1535723473053249 1.022247656440724
2987 0.1536550952745617 1.0229996304056
2988 0.1537378679880297 1.023751796800992
2989 0.1538205590594279 1.024503821914387
2990 0.1539031289612698 1.025255664377341
2991 0.1539857544925043 1.026007728849551
2992 0.1540681451584997 1.02675958244694
2993 0.1541525775234643 1.02752277919061
2994 0.1542325673585322 1.028261179165455
2995 0.1543163561007196 1.029023457654919
2996 0.1543973739386795 1.029765214689893
2997 0.1544805393470042 1.03052697973732
2998 0.1545620131055209 1.031277448887549
2999 0.1546414201815328 1.032017664349612
3000 0.1547234058617692 1.03277415223686
3001 0.1548045992380921 1.033525587711339
3002 0.1548854147494542 1.034276184840715
3003 0.1549665033362078 1.035027321625894
3004 0.1550475728053831 1.035778638413468
3005 0.155128586445391 1.036530064168377
3006 0.1552115647102318 1.037292364099759
3007 0.155290531985527 1.038031604624902
3008 0.1553730571207574 1.038793614811939
3009 0.1554522689086023 1.039535876369868
3010 0.1555325545456556 1.040286891830752
3011 0.1556150220921804 1.041049742679894
3012 0.1556936515207163 1.041789886420829
3013 0.1557756922780547 1.042551906920486
3014 0.1558534136754262 1.043292207845109
3015 0.1559334521919997 1.044043639983595
3016 0.1560136823124672 1.04479600740377
3017 0.1560938842405068 1.045548560312835
3018 0.1561740118416183 1.046300992222429
3019 0.156253980514533 1.047053150930806
3020 0.156333800111845 1.047805120152537
3021 0.1564133243965243 1.048556500098799
3022 0.1564929164603901 1.049308384458995
3023 0.1565746247293871 1.050071381070123
3024 0.156652018748787 1.050811091720389
3025 0.1567331280333912 1.051573069929477
3026 0.1568103818112212 1.052314278781268
3027 0.1568890383577422 1.053064911267034
3028 0.1569679110967171 1.053816754790472
3029 0.1570468270651793 1.054568765349924
3030 0.1571251681415493 1.055320360704996
3031 0.1572045181542213 1.056071355330795
3032 0.1572837250200486 1.056824409711441
3033 0.1573621668032166 1.057576026099817
3034 0.1574405471078285 1.058327593680521
3035 0.1575188685694122 1.059079164363975
3036 0.1575972798772675 1.059831189745954
3037 0.1576754519545559 1.060582468099437
3038 0.1577534710411054 1.061333887975968
3039 0.1578313890209677 1.062085178042018
3040 0.1579092084392165 1.062836359002273
3041 0.1579869279868694 1.063587448470227
3042 0.158064546617751 1.064338455589252
3043 0.1581421913245133 1.065089981368236
3044 0.1582199331270466 1.065841413098793
3045 0.1582972292325255 1.066592111135536
3046 0.1583747992616086 1.067343903679671
3047 0.1584517977287994 1.068094346640773
3048 0.1585288236786318 1.068845010397501
3049 0.1586056173330449 1.069595253152503
3050 0.158681980776914 1.07034452813743
3051 0.1587581971760983 1.071093212217674
3052 0.1588348716222112 1.071843680679359
3053 0.158911494219274 1.072594377582057
3054 0.1589880218537095 1.073345060977126
3055 0.1590642928980682 1.074095275707271
3056 0.1591408664288034 1.074846861098071
3057 0.1592170821757413 1.075597080186791
3058 0.1592929184704071 1.076348296092072
3059 0.1593682878792124 1.077094698312437
3060 0.1594449408089982 1.077847737118959
3061 0.1595208849982103 1.078597838959482
3062 0.1595969136529417 1.079346992780015
3063 0.159672694720835 1.080098043050344
3064 0.1597480992037927 1.080847833359747
3065 0.1598243406869056 1.081600952779172
3066 0.1598995666960857 1.082350314044826
3067 0.1599742217198143 1.083098440508418
3068 0.1600488232888879 1.083846161567372
3069 0.1601234561318146 1.084595427104673
3070 0.1601983556163799 1.085344056452745
3071 0.1602731250194472 1.086092827786766
3072 0.1603483350079375 1.086842663604772
3073 0.1604228856379347 1.087591540968921
3074 0.1604973312402688 1.088340344540882
3075 0.1605717036858581 1.089089120714473
3076 0.1606465332371444 1.089838697917751
3077 0.1607208475071115 1.09058793610427
3078 0.1607948516619472 1.091336417361196
3079 0.1608687559151679 1.092084703286145
3080 0.1609426021604647 1.092832945076394
3081 0.1610163883434246 1.09358116817693
3082 0.1610901012477425 1.094329348878393
3083 0.1611637324733088 1.095077474209193
3084 0.1612372680780086 1.095825521167563
3085 0.1613107251083704 1.096573516156015
3086 0.1613840902316903 1.09732143624073
3087 0.1614573601355482 1.098069274956278
3088 0.1615305237340412 1.098817000891019
3089 0.1616035830032028 1.099564617723542
3090 0.1616765364112497 1.100312121316813
3091 0.1617493848605841 1.101059502879518
3092 0.161822130864013 1.101806769486172
3093 0.1618947732132898 1.102553914608453
3094 0.161967315485035 1.103300952745791
3095 0.1620397610378486 1.104047873166682
3096 0.1621121166706844 1.104794715191838
3097 0.1621845518530975 1.105541931806135
3098 0.1622567033673292 1.106288588996766
3099 0.1623299371566613 1.107042636263378
3100 0.162400364642753 1.107777663209448
3101 0.1624732340885383 1.108532325610222
3102 0.1625440261774245 1.109270859121108
3103 0.1626152669678563 1.110016012654494
3104 0.1626867635450776 1.110762431020965
3105 0.1627582709041794 1.111508765934182
3106 0.1628313866099489 1.112264818345382
3107 0.1629015117043086 1.113000073755233
3108 0.1629738461140205 1.113754283210678
3109 0.1630438846797394 1.11449146495525
3110 0.1631144513445404 1.115235816831945
3111 0.16318589755537 1.115983500794673
3112 0.1632566063917608 1.116728683609965
3113 0.1633286162511242 1.117482453097776
3114 0.1633979047645511 1.118216724400704
3115 0.163468602338023 1.118968066229094
3116 0.1635379770505286 1.119704114249272
3117 0.163607979466493 1.120447722108163
3118 0.1636784509609348 1.121197326944074
3119 0.163747503136082 1.121932066725945
3120 0.1638190128592923 1.122685961854991
3121 0.1638875338501029 1.12342022287103
3122 0.1639587766669213 1.124173735810177
3123 0.1640274276573646 1.124908581397177
3124 0.1640984781511539 1.125661959091735
3125 0.1641669106723717 1.126396657651052
3126 0.1642380219132467 1.127150286916796
3127 0.1643071932480232 1.127886994396594
3128 0.1643773251861 1.128638766210136
3129 0.1644451698430165 1.129372348095497
3130 0.1645136185587263 1.13011404600395
3131 0.1645823576425276 1.130857072690303
3132 0.1646511332412233 1.131598882447187
3133 0.1647213274491232 1.132351648760592
3134 0.1647887526218819 1.133083367177114
3135 0.1648568578900596 1.13382470680096
3136 0.1649252252988207 1.134567439786954
3137 0.1649936457932216 1.135310134030886
3138 0.16506198278033 1.136052410299211
3139 0.1651301740262317 1.136794179307243
3140 0.1651996695478203 1.137545090241471
3141 0.1652663369471511 1.138275217113533
3142 0.1653334433960236 1.139014679524439
3143 0.1654010732354921 1.139756160634725
3144 0.1654688114086516 1.140497804401498
3145 0.1655364838907037 1.141239108222241
3146 0.1656040135330145 1.141979927712056
3147 0.1656713551369297 1.142726478004823
3148 0.1657372744327419 1.143455352452894
3149 0.1658060305572606 1.144205005914154
3150 0.1658719025233217 1.144935900698858
3151 0.1659392817262451 1.145676712187515
3152 0.1660061208977234 1.146416906632212
3153 0.1660744660106015 1.147166836375931
3154 0.1661397845771787 1.14789535446027
3155 0.1662060993598115 1.148634122880876
3156 0.1662724886406015 1.149373906281589
3157 0.1663389014258993 1.150113581351019
3158 0.1664052196816702 1.150852811928881
3159 0.1664713764265233 1.151591488613168
3160 0.1665382452064113 1.15233305379653
3161 0.1666041949556998 1.153076470500121
3162 0.1666685253750858 1.153802724623387
3163 0.1667361769860728 1.154549750558373
3164 0.1668010198978128 1.155280462539625
3165 0.166867811941355 1.156025139626061
3166 0.1669316455005762 1.156752129685461
3167 0.1669973930317133 1.15749754169506
3168 0.1670614127355264 1.158225122278944
3169 0.1671268367295952 1.158969540840604
3170 0.1671908183048809 1.159696661318707
3171 0.1672564990026666 1.160441841886768
3172 0.1673202577199421 1.161168915682406
3173 0.1673857896600898 1.161913820578416
3174 0.1674493467895858 1.162640264963094
3175 0.167514692380794 1.16338490255809
3176 0.1675780977864778 1.164111338266408
3177 0.1676432630327336 1.16485560085521
3178 0.1677064671193769 1.165581490906741
3179 0.1677713983851568 1.166325287567626
3180 0.1678344047786992 1.16705099002761
3181 0.1678991729437437 1.167794566772785
3182 0.1679620115395512 1.168519894401381
3183 0.1680265795488438 1.169263151130006
3184 0.1680905232528904 1.169997690656626
3185 0.1681524649288895 1.170722745904245
3186 0.1682167706318592 1.171464616992694
3187 0.1682789367719789 1.172188581785304
3188 0.168342980471094 1.172929947617754
3189 0.1684051012078498 1.173654427313568
3190 0.1684690895235583 1.174396461759758
3191 0.1685310068019816 1.175120383556068
3192 0.1685948193789944 1.175862102374806
3193 0.1686565982736278 1.176585827661789
3194 0.1687202031688104 1.177327188445098
3195 0.1687817314241672 1.178050440046827
3196 0.1688451093053023 1.178791329865052
3197 0.1689062150856311 1.179513209677061
3198 0.1689693810754292 1.180253962856297
3199 0.1690297511904973 1.180974735957973
3200 0.1690929377564176 1.181715409869678
3201 0.1691553267520093 1.182447164635049
3202 0.1692162715384688 1.183169455611455
3203 0.1692787149328147 1.183908784934758
3204 0.1693404338617914 1.184638995825278
3205 0.1694005511105396 1.185359614859561
3206 0.169462435236895 1.186097376459933
3207 0.1695239033386375 1.186827077423286
3208 0.1695837756392344 1.187546917016022
3209 0.1696456396019794 1.188285230073181
3210 0.1697068654565857 1.189014665962332
3211 0.1697667489925965 1.189741464721574
3212 0.1698274529702175 1.190469299069836
3213 0.1698863417464223 1.191187215141259
3214 0.1699481650276693 1.191925984001229
3215 0.1700090621567652 1.192654876810272
3216 0.1700697372657371 1.193383752290732
3217 0.1701299870907103 1.194110805544901
3218 0.1701901701471964 1.194838548707594
3219 0.1702501474746258 1.195565358385172
3220 0.170310107657997 1.196292703447401
3221 0.170369887976302 1.197019314460322
3222 0.1704295628720679 1.197745994221731
3223 0.1704873652057294 1.198461760150371
3224 0.1705481669717749 1.1991991944186
3225 0.1706087340700574 1.199927292882019
3226 0.1706666372318324 1.200643616028544
3227 0.1707257227986065 1.201376756288278
3228 0.1707851074808248 1.202096092818224
3229 0.17084545925387 1.20283217828886
3230 0.1709032393643934 1.203548058655967
3231 0.1709632362398317 1.204282746546449
3232 0.1710207438747743 1.20499805327651
3233 0.1710804360381465 1.205731373651416
3234 0.1711378058475193 1.206446462450545
3235 0.1711973017274901 1.2071798498266
3236 0.1712544586179635 1.207894447207685
3237 0.1713137559477427 1.208627295369606
3238 0.1713708275603395 1.209341816103995
3239 0.1714283861999162 1.210064275152992
3240 0.1714872418119611 1.210791604582276
3241 0.1715463910530809 1.211524128473817
3242 0.1716009250763965 1.212231671872605
3243 0.171659784533884 1.21296306979456
3244 0.1717163723225404 1.213676784194194
3245 0.1717732227293374 1.214397030994249
3246 0.1718320591407818 1.2151295276628
3247 0.1718881176708021 1.215841203334488
3248 0.171946584644573 1.216572298430475
3249 0.1720025073401014 1.217284431259135
3250 0.1720590209641372 1.21800463741692
3251 0.1721172274758719 1.218735587792851
3252 0.1721727615965734 1.21944611166009
3253 0.1722292013145644 1.220166364545104
3254 0.1722857637876491 1.220887414493048
3255 0.1723423418084785 1.221608324875547
3256 0.1724004575639419 1.222338697863664
3257 0.1724554088372072 1.22304741702225
3258 0.17251102021803 1.223765490208101
3259 0.1725669426141878 1.224485093478001
3260 0.1726229506717898 1.225203868238384
3261 0.1726787882565682 1.225923016748004
3262 0.1727348584036353 1.226642809861238
3263 0.1727919560333939 1.227370545996826
3264 0.1728461058411694 1.228077336312655
3265 0.1729021064820889 1.228802235811732
3266 0.1729562251997853 1.22951039906829
3267 0.1730131857570905 1.230236660135965
3268 0.1730668084644647 1.230943784461305
3269 0.1731220628786473 1.231668525226936
3270 0.1731757268403906 1.232375491359776
3271 0.1732311438971172 1.233099184780677
3272 0.1732860743533774 1.233815275654676
3273 0.1733391227002461 1.234520543983082
3274 0.1733942854634221 1.235244283883133
3275 0.173448805340967 1.235959385134372
3276 0.1735026847916878 1.236673827245414
3277 0.173556629789263 1.237386733951295
3278 0.173610426265698 1.238100002843115
3279 0.1736627468695827 1.238804072622028
3280 0.173717261250069 1.239526122226421
3281 0.1737697040197867 1.240230728552728
3282 0.1738251897858555 1.240954831595667
3283 0.1738775294212893 1.241659443251413
3284 0.1739315730852767 1.242380119780472
3285 0.1739832612544441 1.243082763399621
3286 0.1740372105302421 1.243803151895993
3287 0.1740906210768654 1.244515775317773
3288 0.1741431554977462 1.245225443064121
3289 0.174195524792265 1.245934716560775
3290 0.1742476891116266 1.246644927790093
3291 0.1743003524561867 1.247355519410754
3292 0.1743529161672678 1.248066243682337
3293 0.1744053265628177 1.24877664740674
3294 0.1744576455730918 1.249486925616725
3295 0.1745098395033507 1.250196903234333
3296 0.1745619455641723 1.250906703746493
3297 0.1746121024404277 1.251605236069816
3298 0.1746650004302787 1.252324031830827
3299 0.1747158848425059 1.253025423167894
3300 0.174768877941042 1.253743984024715
3301 0.174819667223036 1.254445043071516
3302 0.1748724053183881 1.255162682665248
3303 0.1749225995979939 1.255861926029016
3304 0.174975120397863 1.256578895035362
3305 0.1750253825315883 1.257278374248923
3306 0.1750778778938167 1.257994814784348
3307 0.1751294064104265 1.258704197133568
3308 0.1751804959720004 1.259410942100772
3309 0.1752311303561604 1.260116373444718
3310 0.1752816998114517 1.260822174551625
3311 0.1753320861124285 1.261527382894034
3312 0.1753824578031804 1.262232833796919
3313 0.1754327040960834 1.262937877513165
3314 0.1754828128821553 1.263642610690249
3315 0.1755335543035487 1.264349688301819
3316 0.1755853889842852 1.265057836524254
3317 0.1756355593916522 1.265763225087732
3318 0.1756848968408531 1.266466646851067
3319 0.1757337152146792 1.267168031258876
3320 0.1757830876114524 1.267871301285928
3321 0.1758325045644629 1.268574672854312
3322 0.1758817947760662 1.269277233619802
3323 0.1759310346724915 1.269980615382019
3324 0.1759804396269256 1.270684012717181
3325 0.1760295137511198 1.271386015184478
3326 0.1760786354376927 1.272088593684314
3327 0.1761277053399449 1.272791100764412
3328 0.1761773617066204 1.273495606158368
3329 0.1762262419743332 1.274197637154698
3330 0.1762749709793665 1.274899186300301
3331 0.1763235816707941 1.275600361338773
3332 0.1763720979528515 1.276301367987899
3333 0.1764200848325182 1.277000654671619
3334 0.1764684115191353 1.277701203401339
3335 0.1765166998901174 1.278401637222696
3336 0.1765652100197348 1.279101713216932
3337 0.1766131682614553 1.279801739834315
3338 0.176661116434097 1.280501665037292
3339 0.1767089756689879 1.281201162991114
3340 0.176755053553288 1.281897198812317
3341 0.1768034278798233 1.282597977376352
3342 0.1768521391984255 1.283298574133835
3343 0.1768997320953228 1.283997191554335
3344 0.176947261993452 1.284695699872997
3345 0.176994550993166 1.285393698603718
3346 0.1770417289860204 1.286091365935738
3347 0.1770887892776219 1.286788751663549
3348 0.1771357531786978 1.287485844674573
3349 0.1771826065419175 1.28818268173804
3350 0.1772293960044105 1.288879303403692
3351 0.177276053731997 1.289575645199025
3352 0.1773226196616791 1.290271701119265
3353 0.1773690792809986 1.290967520804888
3354 0.1774154500455365 1.291663058988985
3355 0.1774617140197312 1.292358006299857
3356 0.1775079045640946 1.293053195593654
3357 0.1775539627032034 1.293748011010627
3358 0.1775999682055528 1.294442687511121
3359 0.1776458293218001 1.295136944507061
3360 0.1776916082336225 1.295831048714098
3361 0.1777376782522067 1.296526135223652
3362 0.1777832284060083 1.297219650272096
3363 0.1778286462095883 1.297912714804833
3364 0.1778740056672456 1.298605604669966
3365 0.1779192463068911 1.299298197454683
3366 0.1779644305335629 1.299990635713312
3367 0.1780094952639232 1.300682771553088
3368 0.178054501519834 1.301374745196507
3369 0.178099385396449 1.302066408110995
3370 0.1781442051276006 1.302757895378654
3371 0.1781888990747989 1.303449059373937
3372 0.1782335320543065 1.30414005388605
3373 0.1782780353328382 1.304830711560837
3374 0.1783224750724472 1.305521190901419
3375 0.1783668040979208 1.306211410610501
3376 0.1784105968444269 1.30690046490562
3377 0.1784547876458942 1.307590026288335
3378 0.1784989702258076 1.308279745917216
3379 0.1785430005412893 1.308969084075372
3380 0.1785860261709565 1.30965052651068
3381 0.1786304691053114 1.310347637906196
3382 0.1786737474819924 1.311029429333555
3383 0.1787180243215984 1.311725995110522
3384 0.1787608577527969 1.312406666566717
3385 0.1788049314507121 1.3131021357123
3386 0.1788479384780391 1.313782867696349
3387 0.1788905637466719 1.314468695798335
3388 0.1789339933577042 1.3151639844254
3389 0.1789774007123695 1.315850176708311
3390 0.1790205389821912 1.316536317063076
3391 0.1790631188315884 1.317220688745534
3392 0.1791055900185348 1.31790545717308
3393 0.1791478592489316 1.318589557254357
3394 0.179190067645801 1.319273764676387
3395 0.1792321716387011 1.319957653258429
3396 0.1792742058847154 1.320641457806518
3397 0.1793161422767724 1.321324864941286
3398 0.1793580028307717 1.322008295381662
3399 0.1793998103397539 1.322691572926665
3400 0.1794415308881013 1.323374605843795
3401 0.1794831766169811 1.32405745829151
3402 0.1795247248896173 1.32474003317746
3403 0.1795662022999784 1.325422452436683
3404 0.179607573766344 1.326104549651253
3405 0.1796488736452079 1.326786492357884
3406 0.1796900615804778 1.327468082306887
3407 0.179731177347505 1.328149522197143
3408 0.1797726598022693 1.328831475104461
3409 0.179813431164246 1.329512293322497
3410 0.1798536445431411 1.33019067971632
3411 0.179894315630077 1.330871094342478
3412 0.1799349174735052 1.331551257168317
3413 0.1799754773558419 1.332231270036171
3414 0.1800168542433307 1.332914008238122
3415 0.1800571131287555 1.333592979461216
3416 0.1800972085758926 1.334271527415707
3417 0.180137237484948 1.334949965376193
3418 0.1801771785392957 1.335628128149712
3419 0.1802170499140245 1.336306149420817
3420 0.1802568289878947 1.336983876940413
3421 0.1802965468762089 1.337661496998082
3422 0.1803361573865871 1.338338759987973
3423 0.1803756942782915 1.339015866966401
3424 0.1804151355320123 1.339692667535529
3425 0.1804545019894361 1.340369301562851
3426 0.1804929147213537 1.3410430875388
3427 0.1805324579447953 1.341719748930368
3428 0.1805716298531442 1.342396013579385
3429 0.1806107136129558 1.343071994883697
3430 0.180649474489766 1.343746899232075
3431 0.1806883675875677 1.344422240393291
3432 0.180728106690649 1.345100192875164
3433 0.1807663036547388 1.345773444192929
3434 0.1808047867236076 1.346447551730231
3435 0.1808432075520286 1.347121501870304
3436 0.1808815735489726 1.347795332187489
3437 0.1809198348405142 1.348468847334959
3438 0.1809580276422693 1.34914218722465
3439 0.1809961096001039 1.349815199192659
3440 0.1810341124789503 1.350487992799383
3441 0.1810720031683341 1.351160468520984
3442 0.181109818360152 1.35183271450682
3443 0.1811475301966799 1.352504684142824
3444 0.1811871425517791 1.353180865859196
3445 0.1812212623292669 1.353838422685086
3446 0.181259360189828 1.354514205067077
3447 0.1812961430354937 1.35518276175841
3448 0.1813332585740746 1.355853916018345
3449 0.1813703707862723 1.356524783166354
3450 0.1814076890849167 1.357196515852483
3451 0.1814448620967607 1.357867389062773
3452 0.1814820032507194 1.35853808385703
3453 0.1815184515808569 1.359206664245918
3454 0.1815553328887806 1.359876249273282
3455 0.1815921120400701 1.360545699110603
3456 0.1816287928652948 1.361214727281419
3457 0.1816653129239369 1.361883443749843
3458 0.1817016334489554 1.362550001399035
3459 0.1817376861223853 1.363217817893326
3460 0.1817739945240097 1.36388759576092
3461 0.1818102032537591 1.364554906389706
3462 0.1818470991100848 1.365225390134754
3463 0.1818830648241114 1.36589204090113
3464 0.1819187454582205 1.366557908852853
3465 0.1819542027267194 1.367223186686989
3466 0.1819895798073349 1.367888282460603
3467 0.1820248318926493 1.368553065222637
3468 0.1820600480614462 1.369217767971707
3469 0.1820951546394461 1.36988218694468
3470 0.1821305080905029 1.37054722645805
3471 0.1821653566864442 1.37121115539143
3472 0.1822001503142633 1.371874898737784
3473 0.1822344479228702 1.372537568274879
3474 0.1822693006082738 1.373200968964865
3475 0.1823040793759717 1.373864342212528
3476 0.1823387396264338 1.37452749498655
3477 0.1823733104234025 1.375190385652203
3478 0.1824077743752533 1.37585300564959
3479 0.1824406848938127 1.376512008191252
3480 0.1824750777995393 1.377174303407903
3481 0.182509469047949 1.37783652832916
3482 0.182543703601598 1.378498309032349
3483 0.1825778712535204 1.379159906496983
3484 0.1826118902141336 1.379821089617346
3485 0.1826458436308689 1.380482076638791
3486 0.1826796423174497 1.381142653015282
3487 0.1827133746645613 1.381803044560916
3488 0.1827469562891403 1.382463008674161
3489 0.1827804723490362 1.383122787521146
3490 0.1828138396299124 1.383782140432898
3491 0.1828471051888207 1.384441063329551
3492 0.1828802578044693 1.38509981776268
3493 0.1829151252499638 1.385763004805463
3494 0.1829479840609971 1.386421265244645
3495 0.1829788971979072 1.387073072757731
3496 0.1830112610521021 1.387729345653423
3497 0.1830438736812009 1.388386822279534
3498 0.1830765324201041 1.389044202332642
3499 0.1831091305692789 1.389701558395402
3500 0.183141664979448 1.39035845675863
3501 0.1831740951321298 1.391015266218754
3502 0.1832064329262158 1.391671530650606
3503 0.1832386470139099 1.392327673969576
3504 0.1832707484477965 1.39298321873525
3505 0.1833027347085707 1.393638665585452
3506 0.1833346039386862 1.394292152387033
3507 0.1833731780060625 1.394968266644542
3508 0.183396377972293 1.39559045869394
3509 0.1834274962128766 1.396252777186958
3510 0.1834675310860091 1.396934814152734
3511 0.1834897993685328 1.397555523458919
3512 0.1835224831624045 1.398205744714939
3513 0.1835541691019673 1.398869735431275
3514 0.183586657150984 1.399527047356658
3515 0.1836176018936085 1.400175362877992
3516 0.18364810423913 1.400826352298423
3517 0.1836786484999253 1.401477749931838
3518 0.1837091696046814 1.402128988198069
3519 0.1837396708582667 1.402779998448298
3520 0.1837701079230232 1.403430837714218
3521 0.1838004890263325 1.404081369611989
3522 0.1838307951679646 1.404731766725077
3523 0.1838610329243887 1.405381824450601
3524 0.1838995676342563 1.406056022467616
3525 0.1839199478957259 1.406671151635622
3526 0.1839472955890308 1.407314402289575
3527 0.1839782314503078 1.407976452683578
3528 0.1840164470107933 1.408648461819832
3529 0.1840368954809415 1.409262111993609
3530 0.1840664715652553 1.409918272968665
3531 0.1840979271870611 1.410570133937115
3532 0.1841280719073631 1.411219136715864
3533 0.1841578029974942 1.411866991523329
3534 0.1841873088422191 1.412514534922405
3535 0.1842164831728641 1.413165907531876
3536 0.1842464735715098 1.413814259623259
3537 0.1842759807799329 1.414460572156507
3538 0.1843050454615247 1.415105919337827
3539 0.1843336736871388 1.415751357805987
3540 0.1843624502765763 1.416396215375141
3541 0.1843911640665183 1.417041074678062
3542 0.1844197149283556 1.417685581331592
3543 0.1844482177126456 1.418330164138647
3544 0.1844763835963717 1.418974629419961
3545 0.1845048582703478 1.419618918666233
3546 0.1845332784133625 1.420263618438537
3547 0.1845614845560239 1.420903327879985
3548 0.1845889009066134 1.421545174906079
3549 0.184616605773742 1.42218864677985
3550 0.184644492222236 1.422832352514504
3551 0.1846724320004401 1.423475993210226
3552 0.1847003177585003 1.424119205874433
3553 0.1847281357916034 1.424762187976268
3554 0.1847558337489546 1.425404640320596
3555 0.1847834410858709 1.426046873157591
3556 0.1848122726821941 1.426691107594506
3557 0.1848394085171415 1.427332551123743
3558 0.1848656380887211 1.427964992828221
3559 0.1848920863215675 1.428605358013739
3560 0.1849196820374042 1.429256839209742
3561 0.1849540149455402 1.429916256833958
3562 0.184972075226374 1.430524924032323
3563 0.1849973654443444 1.431160433909605
3564 0.1850242078731871 1.431801173055358
3565 0.1850512994678842 1.432442217846395
3566 0.1850783529735893 1.433082897690555
3567 0.1851062734809997 1.433733305917003
3568 0.1851401344477686 1.434386675254038
3569 0.1851584907017259 1.435000447372912
3570 0.1851915336277344 1.43566717566062
3571 0.1852100513541139 1.436272566970652
3572 0.1852428339714516 1.436937361341185
3573 0.18526141323663 1.437544669840301
3574 0.1852859347460166 1.438176507730232
3575 0.1853123609658365 1.4388094638015
3576 0.1853457287857397 1.43948572775147
3577 0.1853641675525695 1.44009063650949
3578 0.1853968004679035 1.440754750663362
3579 0.1854151652928435 1.441360934843565
3580 0.1854393168817971 1.441991439162403
3581 0.1854648117427888 1.442627641983985
3582 0.1854920139448928 1.44327122929522
3583 0.1855223201934552 1.443927156121524
3584 0.1855396740850441 1.444529558333151
3585 0.1855638340832666 1.445160370191308
3586 0.1855968327140856 1.445827701309907
3587 0.1856151016463174 1.446431456337709
3588 0.1856386821936652 1.447055016658261
3589 0.1856674195688813 1.447713874433668
3590 0.1856891735527352 1.448333220804285
3591 0.1857130573145591 1.448962691745166
3592 0.1857392616049764 1.449602639558496
3593 0.1857697569729945 1.450254730420815
3594 0.1857879444373373 1.450863740608701
3595 0.1858186623826515 1.451522575731692
3596 0.185836121482906 1.452124688656546
3597 0.1858585071874103 1.45275007151983
3598 0.1858822607294267 1.453374994086491
3599 0.185908237367787 1.454023516708369
3600 0.1859316672671699 1.454649075342244
3601 0.1859568546430561 1.455285005119845
3602 0.1859869475966476 1.455936099544828
3603 0.1860022574618471 1.456535591469713
3604 0.1860326859531796 1.457194131463746
3605 0.186048032974494 1.457789638424454
3606 0.1860697162034325 1.458413227828999
3607 0.1860930810958818 1.459036744828875
3608 0.1861180167581956 1.459682056442863
3609 0.1861392544117456 1.46030133700909
3610 0.1861636798279374 1.460934746237593
3611 0.1861931801144452 1.461583797462722
3612 0.1862079749849691 1.462181628747395
3613 0.1862378317561163 1.462838288017607
3614 0.1862527362362169 1.463432326321993
3615 0.1862741731812467 1.464048820762607
3616 0.1863002520997152 1.464699353033927
3617 0.186318975443922 1.465309399471175
3618 0.1863376455445213 1.465925808331574
3619 0.1863603442430271 1.466551479330286
3620 0.1863832893284716 1.467178307550046
3621 0.1864060892249022 1.467804998587831
3622 0.1864307222608925 1.468445042793637
3623 0.1864579251454009 1.46908155728129
3624 0.1864746828063951 1.469685940163959
3625 0.1864948708957611 1.470303431564921
3626 0.1865164036427303 1.470927038383545
3627 0.1865381994469306 1.471551040302102
3628 0.1865613297248374 1.472185021077485
3629 0.1865830653800867 1.47280254221038
3630 0.1866026436784289 1.473417292541598
3631 0.1866230143408025 1.474038240405229
3632 0.1866439175722396 1.474659860064415
3633 0.1866667987980722 1.475293011518496
3634 0.1866878803433177 1.47590897025982
3635 0.1867069133210203 1.47652192634022
3636 0.1867267046662064 1.477141159390022
3637 0.1867471845044096 1.477761461698323
3638 0.1867673440458904 1.478390604616655
3639 0.1867906161417849 1.479013426397633
3640 0.1868117307879267 1.479633827099569
3641 0.1868316514286447 1.480250044438279
3642 0.1868516348739964 1.480867781504413
3643 0.1868712578952974 1.481484078764627
3644 0.1868909521807905 1.482101196199311
3645 0.1869104736025116 1.482717554510796
3646 0.1869300446032724 1.483334350972255
3647 0.1869495596304058 1.483950873687223
3648 0.1869690388919986 1.484567446595279
3649 0.1869884294339788 1.485183571227756
3650 0.18700779542556 1.485799748501624
3651 0.1870272035821247 1.486415873742955
3652 0.1870461203736502 1.487030979443084
3653 0.1870652859981395 1.487646284760886
3654 0.1870844538130832 1.488261734397756
3655 0.1871035535198139 1.48887693688643
3656 0.1871211579144563 1.489482394551641
3657 0.1871408434033478 1.490105941502619
3658 0.1871587617546749 1.490712263777712
3659 0.1871783534652913 1.491335634774895
3660 0.1871956883263145 1.491938530562184
3661 0.1872134864080543 1.492550574764729
3662 0.1872320020770081 1.493165559427038
3663 0.1872507880562922 1.493780743143432
3664 0.1872695967894452 1.494395509605445
3665 0.1872900096685035 1.495020747518695
3666 0.1873075879015242 1.495622660612911
3667 0.1873256792416866 1.496234290361119
3668 0.1873440599502253 1.496848554067243
3669 0.1873622286423464 1.497461587368575
3670 0.1873802328595419 1.498073704414375
3671 0.1873980819130379 1.498685125946273
3672 0.1874152641047677 1.499294713189452
3673 0.1874343689331429 1.499916048229323
3674 0.1874501673991255 1.500512776298331
3675 0.1874669161177687 1.501120865949061
3676 0.1874842441015314 1.501731319677353
3677 0.1875017247135674 1.502341769852592
3678 0.1875191710537202 1.502951775799857
3679 0.1875365150873063 1.503561292496653
3680 0.1875537432294296 1.504170377052785
3681 0.1875708605912376 1.504779092608532
3682 0.1875895322536716 1.505398302951944
3683 0.1876049802846994 1.50599362610142
3684 0.1876210986895721 1.506599714971685
3685 0.1876377135804462 1.507207891654034
3686 0.187654457994105 1.507815980007183
3687 0.18767116152284 1.508423597027789
3688 0.1876877642237334 1.509030725081433
3689 0.1877066873251688 1.509652755835659
3690 0.1877220746758092 1.510247458407102
3691 0.1877376073189965 1.510850721740498
3692 0.1877535447331123 1.511456377606198
3693 0.1877715833804708 1.512066882329176
3694 0.1877873469157023 1.512671642279724
3695 0.1878029407940503 1.513275695322363
3696 0.1878184727090526 1.51387944077774
3697 0.1878339443906559 1.514482949769537
3698 0.1878493667109925 1.515086284065071
3699 0.1878647496994248 1.515689480698581
3700 0.1878805225209352 1.516293766199724
3701 0.1878958473459771 1.516896727889989
3702 0.1879121324712707 1.517507924293696
3703 0.1879264365750346 1.518100160369777
3704 0.1879408965787276 1.518700592467925
3705 0.1879545452574727 1.519298367497661
3706 0.1879695568933938 1.519900976437722
3707 0.1879848173078869 1.520504052113348
3708 0.1880000830956029 1.521106856133432
3709 0.188015275942441 1.521709265976985
3710 0.1880303702940246 1.522311282596003
3711 0.1880453585741582 1.522912921231481
3712 0.1880602350947254 1.523514182298495
3713 0.1880750063437552 1.524115082953412
3714 0.188089669626036 1.524715621854547
3715 0.18810560133692 1.525324252112233
3716 0.1881183520769533 1.525913612131488
3717 0.1881322423778638 1.526511442056404
3718 0.1881464860597211 1.527111266334096
3719 0.1881607951232985 1.527711019535114
3720 0.1881750475214168 1.52831032100301
3721 0.1881891894914777 1.528909122152079
3722 0.1882032118319812 1.529507480955756
3723 0.1882171255387721 1.530105469868853
3724 0.1882309424299084 1.530703142571462
3725 0.1882446858935887 1.531300584433136
3726 0.1882583319388483 1.531897696744853
3727 0.188271899575522 1.532494547647881
3728 0.1882861495237084 1.533099080613207
3729 0.1882989127120134 1.533685367616328
3730 0.1883116657986179 1.5342801426687
3731 0.1883248147338888 1.534876633271884
3732 0.188337904780575 1.535472389406495
3733 0.1883511637334697 1.536068379509421
3734 0.1883643562400577 1.536663977496909
3735 0.1883774429733986 1.537259156610242
3736 0.188390423609116 1.537853966360108
3737 0.1884033566363263 1.538447768346351
3738 0.1884160718829712 1.539042051800041
3739 0.1884291217333552 1.539636271789935
3740 0.1884416106954249 1.540229985664616
3741 0.1884540619917131 1.540823353375499
3742 0.188466466025719 1.54141642352285
3743 0.1884788044710818 1.542009202188908
3744 0.1884921660182687 1.542612189621421
3745 0.1885033623010655 1.543192311213754
3746 0.1885149020441858 1.543782630905649
3747 0.1885268788052935 1.544375007284728
3748 0.1885389957950915 1.544967369466299
3749 0.1885510831346265 1.545559290661165
3750 0.1885630834390209 1.546150753951958
3751 0.1885749783521896 1.546741795026007
3752 0.1885867704509255 1.547332478693112
3753 0.1885984679934872 1.547922849485456
3754 0.1886107208942581 1.548513956193613
3755 0.1886222374239014 1.549103954138312
3756 0.1886336203782993 1.549693502072271
3757 0.1886449204215698 1.550282700954472
3758 0.1886561403553439 1.550871583441576
3759 0.1886670583448219 1.551458696886987
3760 0.1886780722924504 1.552047117211607
3761 0.1886889919048542 1.552635259506648
3762 0.1886996267421705 1.553222286755088
3763 0.1887105531941583 1.553809985305056
3764 0.1887214725332086 1.554397642659948
3765 0.1887323295051858 1.554985094590556
3766 0.1887431104438817 1.55557228698039
3767 0.1887538116970366 1.556159200835689
3768 0.1887644326647709 1.556745832044494
3769 0.1887749737407958 1.557332181960249
3770 0.1887854357818369 1.557918254855517
3771 0.1887958183549176 1.558504048017639
3772 0.1888061634624852 1.559089650260498
3773 0.1888174449470503 1.559674730055336
3774 0.1888272069036036 1.560259855370985
3775 0.1888387959279315 1.560858009787041
3776 0.188847464487425 1.56142952622795
3777 0.1888566309049151 1.562011497296286
3778 0.1888662835172104 1.562595961796402
3779 0.188876170929292 1.563180629569103
3780 0.1888859679309154 1.563764678786576
3781 0.1888956707717497 1.564348185194211
3782 0.1889052695688729 1.564931231136031
3783 0.1889147723864183 1.565513910544548
3784 0.1889241929462372 1.566096300734796
3785 0.1889335428083002 1.566678448859646
3786 0.1889428286491259 1.567260375291941
3787 0.1889520529176461 1.567842083117044
3788 0.1889621974389137 1.568432427505903
3789 0.1889703153649558 1.5690028550246
3790 0.1889787339712092 1.569582059779203
3791 0.1889876103427772 1.57016359227239
3792 0.1889958962545817 1.570744775275016
3793 0.1890051441116313 1.571325740450568
3794 0.1890142345281023 1.571906290018601
3795 0.1890231362654901 1.572486392228691
3796 0.1890318276622117 1.573065837706517
3797 0.1890404687537291 1.573645228887484
3798 0.1890490242850316 1.574224368058713
3799 0.1890574929057718 1.574803233704239
3800 0.189065878395145 1.575381830246855
3801 0.1890741837688627 1.575960160683777
3802 0.1890824112716053 1.57653822556858
3803 0.1890905625242185 1.577116025134647
3804 0.1891000219557457 1.577703139064498
3805 0.1891071274928081 1.578269823200153
3806 0.1891143517483501 1.578845153249543
3807 0.189122025020521 1.579422464432773
3808 0.1891298650253973 1.579999771434387
3809 0.1891376932952915 1.580576634491982
3810 0.1891454307235324 1.581152973747891
3811 0.1891530566466359 1.581728833059026
3812 0.1891605735967767 1.582304283186928
3813 0.1891679978894634 1.582879410039164
3814 0.1891753429502546 1.583454271076344
3815 0.1891826167540879 1.584028891835594
3816 0.1891898226463369 1.584603274864902
3817 0.1891964595720317 1.585174196065587
3818 0.1892032707329954 1.585747802555323
3819 0.1892102353279307 1.586322085033232
3820 0.1892172901348791 1.586896076200579
3821 0.189224305464512 1.587469812836622
3822 0.1892312640751923 1.588043241105593
3823 0.1892381348491526 1.588616327430358
3824 0.1892449130459468 1.589189068852684
3825 0.1892516006855869 1.589761478154811
3826 0.1892578958098455 1.590332477474419
3827 0.1892644756489524 1.590904414650092
3828 0.1892709829397382 1.591476144453364
3829 0.1892801443663059 1.592058684677365
3830 0.189284978485888 1.592617363835435
3831 0.18929007207144 1.593186648653229
3832 0.1892957642324628 1.593757768362955
3833 0.1893017506119549 1.594328850917999
3834 0.1893087968305718 1.594909121625318
3835 0.1893142369478416 1.595468718208065
3836 0.189319642505863 1.596037168622151
3837 0.1893252738925709 1.596606844083133
3838 0.1893320052217573 1.597185949539004
3839 0.1893371740112167 1.597744244631679
3840 0.1893425139693602 1.598311554387783
3841 0.1893487127233545 1.598889985590332
3842 0.1893538209830116 1.599448670143678
3843 0.1893586850524978 1.600015314239186
3844 0.1893638072888194 1.600583227055744
3845 0.189370007923764 1.601160607606636
3846 0.1893748149100292 1.601717358383003
3847 0.1893794902151862 1.602283209886266
3848 0.1893844209722755 1.602850365575814
3849 0.1893904047744721 1.603426907893277
3850 0.1893949767282995 1.603982983769876
3851 0.1893994415657533 1.60454788512394
3852 0.1894041363075251 1.605114027421216
3853 0.1894089573138051 1.60568008963422
3854 0.1894146711047354 1.60625511589753
3855 0.1894188961161919 1.606809401767273
3856 0.1894229927562286 1.607373001535934
3857 0.1894273354501258 1.607937886556206
3858 0.1894318062974674 1.608502652067387
3859 0.1894371645171763 1.609076365626834
3860 0.1894410355016149 1.609629574502047
3861 0.1894464622472757 1.610205241756085
3862 0.1894512636615081 1.610768333116639
3863 0.1894554589429527 1.6113297465174
3864 0.1894592625968989 1.611890398127152
3865 0.1894628886013821 1.61245094178183
3866 0.1894667701466389 1.613012298493664
3867 0.1894702995940553 1.613572894530221
3868 0.1894737283032083 1.614133114230423
3869 0.189477142576358 1.614693348449156
3870 0.1894805356674079 1.615253431254056
3871 0.1894839228171596 1.615813528041662
3872 0.1894872888371239 1.616373454997229
3873 0.1894906491493313 1.616933394934032
3874 0.1894939638158977 1.617493067989592
3875 0.1894962958955324 1.618048662969334
3876 0.189499548708235 1.618608383768274
3877 0.1895029230704931 1.619168391471492
3878 0.1895062222513622 1.619727948687038
3879 0.1895094720237299 1.620287360036056
3880 0.1895126048967278 1.620846232685566
3881 0.1895156823304343 1.621404957879477
3882 0.1895186433080703 1.621963193456186
3883 0.1895215525628363 1.622521259340056
3884 0.1895243492232222 1.623078804064916
3885 0.1895270999750499 1.623636251305174
3886 0.1895297429650783 1.624193196367436
3887 0.1895323472504237 1.624750069340529
3888 0.1895348471765889 1.625306451280759
3889 0.1895362666409372 1.625853996630722
3890 0.1895377949018441 1.626408247915414
3891 0.1895399776435112 1.626965446508686
3892 0.1895424678952305 1.627522880851183
3893 0.1895450265438863 1.628079915863448
3894 0.1895482147410306 1.628637984755824
3895 0.1895505665434771 1.629193932115773
3896 0.189553393873685 1.629750256452709
3897 0.1895560671878145 1.6303079042821
3898 0.1895578036728439 1.630861551882274
3899 0.1895593959347224 1.631414602499894
3900 0.1895609250901491 1.63196738524048
3901 0.1895624098826124 1.632519955372173
3902 0.1895638550117108 1.633072329131689
3903 0.1895642443668226 1.633622541928053
3904 0.1895657596459028 1.634174465536505
3905 0.1895672914366517 1.634726627451686
3906 0.189568755425417 1.635278639338028
3907 0.1895707455186271 1.635839671408358
3908 0.1895715999484434 1.636380321295786
3909 0.1895723452366888 1.636930066694146
3910 0.1895733951797789 1.637481743555818
3911 0.189574572145147 1.638033302868797
3912 0.1895757332187326 1.638584366746652
3913 0.1895768063776951 1.639134881959329
3914 0.189577773288805 1.639684916531945
3915 0.18957864031482 1.640234561754471
3916 0.1895801388936784 1.640791922456168
3917 0.1895805347155758 1.641331964490967
3918 0.1895806536514332 1.641879351365077
3919 0.1895810414749687 1.642428428535934
3920 0.1895815530845961 1.642977358929956
3921 0.189582054160579 1.643525805031098
3922 0.189582477539505 1.644073736715405
3923 0.1895828097390047 1.644621242875125
3924 0.1895830560373178 1.645168411847179
3925 0.189584614216416 1.645718909252489
3926 0.1895846585792839 1.646265939988875
3927 0.1895846785265239 1.646811904406744
3928 0.1895845782464055 1.64735754731355
3929 0.1895843798855863 1.647902984387917
3930 0.1895841129608265 1.648448229930385
3931 0.1895837942329858 1.648993283001725
3932 0.1895834301042469 1.649538137124678
3933 0.1895830226228812 1.650082787040738
3934 0.1895825720155214 1.650627229041269
3935 0.189582077707379 1.651171459861024
3936 0.1895815386207886 1.651715475411191
3937 0.1895809530522644 1.652259270206043
3938 0.1895805271153677 1.652804333664964
3939 0.1895796511894638 1.653346892267582
3940 0.1895787589384139 1.65388958004205
3941 0.1895778784095547 1.654432192527556
3942 0.1895769995704311 1.654974707872911
3943 0.1895760923130948 1.655517032383439
3944 0.1895751418865943 1.656059134586788
3945 0.1895741404562644 1.656600999640127
3946 0.1895730850541049 1.657142626552388
3947 0.1895719731031008 1.657684009148488
3948 0.1895708003803683 1.658225132049644
3949 0.1895695659566515 1.658765996008524
3950 0.1895682717135371 1.659306603116167
3951 0.1895674263766233 1.659853181185728
3952 0.189565858139799 1.660384429017158
3953 0.1895637437248301 1.660922910396804
3954 0.1895619935861022 1.661463326959235
3955 0.1895604489345762 1.662003700869936
3956 0.1895589301915055 1.662543610417895
3957 0.1895573444731596 1.663082972420916
3958 0.1895556607933709 1.663621824255459
3959 0.1895538776137418 1.66416023921493
3960 0.1895520036888032 1.664698285077643
3961 0.1895500488387218 1.665236011137037
3962 0.1895480207018137 1.665773442880899
3963 0.1895459266960906 1.666310597137022
3964 0.18954377120724 1.666847482766936
3965 0.1895415552492533 1.667384098706881
3966 0.1895392785453753 1.667920441966303
3967 0.1895369419069805 1.6684565122757
3968 0.1895345453729145 1.668992309514966
3969 0.1895320890536839 1.669527834917015
3970 0.1895295729161531 1.670063089057361
3971 0.1895269967408952 1.670598072124647
3972 0.1895243621344241 1.671132790478729
3973 0.1895216682953594 1.671667240321947
3974 0.1895189170301533 1.672201427863304
3975 0.1895161084540501 1.672735352693104
3976 0.1895132420428678 1.673269012878861
3977 0.189510317566602 1.673802407200825
3978 0.1895073350453093 1.674335536233359
3979 0.1895041030877338 1.674868356801712
3980 0.1895010727137001 1.675400934865888
3981 0.1894979606612306 1.675933288644714
3982 0.189494775019737 1.676465379020056
3983 0.1894918682993754 1.676997733055263
3984 0.1894884541975285 1.677529226868294
3985 0.1894850058741074 1.678060393320997
3986 0.1894815199113985 1.678591307584172
3987 0.1894779861281267 1.679121971646595
3988 0.1894744026917476 1.679652386058506
3989 0.1894706560565528 1.680180431114378
3990 0.1894667180934396 1.680709999292222
3991 0.1894629391211907 1.681240290346591
3992 0.1894591541872101 1.68177009103272
3993 0.1894553509413962 1.682299569374057
3994 0.1894515085747768 1.682828740107578
3995 0.1894476117115197 1.683357595621329
3996 0.1894436527882826 1.683886136339202
3997 0.1894396288515616 1.684414366711244
3998 0.1894355391352825 1.684942291946042
3999 0.1894313840458361 1.685469917926615
4000 0.1894271646343514 1.685997250384511
4001 0.1894228817672542 1.686524292440484
4002 0.1894185370385931 1.687051050782641
4003 0.189414129480715 1.687577521539745
4004 0.189409659413156 1.688103706322561
4005 0.1894051266493947 1.6886296034818
4006 0.1894005318023321 1.689155214584475
4007 0.1893958757823953 1.689680540979852
4008 0.1893911608030663 1.690205589029421
4009 0.1893863891097312 1.690730364567925
4010 0.1893815613704087 1.691254868362516
4011 0.1893766786767077 1.691779103873287
4012 0.1893725807271328 1.692305385743684
4013 0.189367585259285 1.692829132542589
4014 0.1893624065063672 1.693352210588911
4015 0.189357162685285 1.693874973271415
4016 0.189351878661022 1.694397501535666
4017 0.1893465601521961 1.694919815230671
4018 0.1893412077580235 1.695441917145219
4019 0.1893358391391961 1.695964099522166
4020 0.1893302533170611 1.696485694101167
4021 0.1893248396536708 1.697007115847157
4022 0.1893193641497261 1.697528244323725
4023 0.1893138245090546 1.698049123892513
4024 0.1893084040864028 1.698570326248908
4025 0.18930274325434 1.699090707910015
4026 0.1892970131561122 1.699610749558604
4027 0.1892912348061246 1.700130534979885
4028 0.189285408962748 1.700650072343699
4029 0.1892795356808084 1.701169362931942
4030 0.1892738010380391 1.701688961304405
4031 0.18926782711118 1.702207733051524
4032 0.1892617690572397 1.702726147691193
4033 0.1892556541849515 1.703244278299841
4034 0.1892492200298567 1.703762193800313
4035 0.1892448091128909 1.704287413724259
4036 0.1892382680668633 1.704795627220477
4037 0.1892310238558456 1.705311887415557
4038 0.1892241400156147 1.705829254650701
4039 0.1892175513997376 1.706346479046313
4040 0.1892110728614245 1.706863320033137
4041 0.1892046512730296 1.707386636026924
4042 0.1892005735400843 1.707893791768669
4043 0.1891953848839882 1.708417815810536
4044 0.1891837190565925 1.708925850516709
4045 0.1891768248636975 1.709440107206793
4046 0.1891704090342146 1.709954905037372
4047 0.1891638371751512 1.710469384591546
4048 0.1891571052805717 1.710983560560422
4049 0.1891502614281259 1.711497455619994
4050 0.189143335331982 1.712011070983951
4051 0.1891363396389305 1.712524395398604
4052 0.1891292793839136 1.713037420638323
4053 0.1891221567117953 1.713550141113237
4054 0.1891149702878829 1.714062548847133
4055 0.1891077217326854 1.714574646260421
4056 0.1891004119148879 1.715086435396019
4057 0.1890930260002285 1.715597883490789
4058 0.1890855995680565 1.716109066955501
4059 0.1890781165362225 1.716619959338567
4060 0.1890703931903366 1.717130155616111
4061 0.1890628223648923 1.717640453047192
4062 0.1890552158831496 1.718150565595406
4063 0.1890475481354565 1.718660393986188
4064 0.1890398824799733 1.719177271964847
4065 0.1890325799053337 1.719678076619382
4066 0.1890244705899867 1.720186320209868
4067 0.1890163013998218 1.720695368513987
4068 0.1890082561997765 1.721204200452161
4069 0.189000246685264 1.72171260730885
4070 0.1889922047641642 1.722220571845679
4071 0.1889840127411895 1.722734515209872
4072 0.1889763834930972 1.723234074122451
4073 0.1889678087416169 1.723740360260164
4074 0.1889560418307217 1.724238963766803
4075 0.1889482954321443 1.724746685588872
4076 0.1889406931544713 1.725254522284701
4077 0.1889328727690268 1.725761749557527
4078 0.1889248565657995 1.726268372082396
4079 0.1889167153445016 1.726775223394752
4080 0.1889085106877308 1.727280949219845
4081 0.1889004957974166 1.727793366279198
4082 0.1888920250872398 1.728289355295075
4083 0.1888829257538487 1.728792569977495
4084 0.1888740225134581 1.72929701951984
4085 0.1888652377484371 1.729801216108391
4086 0.1888564466045499 1.730304881671729
4087 0.1888475830745763 1.730806681813444
4088 0.1888384152662207 1.731308976510476
4089 0.1888292900081604 1.731811356118938
4090 0.1888202002858416 1.732313594276617
4091 0.1888111055500148 1.732815582571776
4092 0.188801976230325 1.733317260014329
4093 0.1887927951871203 1.733818594269053
4094 0.1887835536603963 1.734319571591101
4095 0.188774248016399 1.734820188815868
4096 0.1887648787596449 1.735320458605548
4097 0.1887554453480008 1.735820380236802
4098 0.1887459500171373 1.73631996459672
4099 0.1887363956158708 1.736819222546849
4100 0.1887267847730494 1.737318163081613
4101 0.1887171197645642 1.737816793486932
4102 0.1887074024481749 1.738315119228772
4103 0.1886976339064903 1.73881314258167
4104 0.1886878150394269 1.739310865501215
4105 0.188677946554163 1.739808289881249
4106 0.1886680292588339 1.740305417555516
4107 0.1886580637431786 1.740802249809877
4108 0.1886480501222161 1.741298786768983
4109 0.1886379883552681 1.741795028865711
4110 0.1886278783044992 1.74229097451247
4111 0.1886177198494118 1.742786622507237
4112 0.1886075129735616 1.74328197203901
4113 0.188597257600988 1.743777022533782
4114 0.188586953766944 1.744271774143987
4115 0.188576913003424 1.744774652942559
4116 0.1885668239345977 1.74526633463598
4117 0.1885568024056784 1.745760916662548
4118 0.1885460634939213 1.746251728952402
4119 0.1885354596757405 1.746744886089356
4120 0.1885245793374302 1.747235918938963
4121 0.1885138085014132 1.747728384429897
4122 0.1885029183315947 1.748219487786118
4123 0.18849207407978 1.748711430688483
4124 0.1884812884170241 1.749202983693512
4125 0.1884703951033591 1.749694353728086
4126 0.1884594525228395 1.75018492513621
4127 0.1884484539415195 1.750675705066979
4128 0.1884374444603239 1.751165873099305
4129 0.188426363150451 1.751656087577134
4130 0.1884151673692057 1.752145575284393
4131 0.1884040137060674 1.752635153649954
4132 0.1883928865958542 1.753124378274108
4133 0.1883816511743501 1.753613447784018
4134 0.1883704231692606 1.754102090088956
4135 0.188359306265752 1.754591070410452
4136 0.1883479869958448 1.755079149820155
4137 0.1883364966368155 1.755566833314458
4138 0.1883250172626799 1.756054076346614
4139 0.1883134314254197 1.756541109235133
4140 0.1883018740939908 1.757027773743098
4141 0.1882902077251143 1.757514227240786
4142 0.1882785599487227 1.758000283648734
4143 0.1882668052426193 1.75848612711374
4144 0.1882550694667527 1.75897157718077
4145 0.1882432251182209 1.759456807940839
4146 0.188231398272652 1.759941640442332
4147 0.1882194616843307 1.76042624860132
4148 0.188207541394102 1.760910453239837
4149 0.1881955102449393 1.761394429930152
4150 0.1881834947607853 1.761878000411041
4151 0.1881713679904474 1.762361339770424
4152 0.1881592571047103 1.762844272795244
4153 0.1881470335637202 1.763326967612074
4154 0.1881348254304703 1.763809256048102
4155 0.1881225023123167 1.764291298701964
4156 0.1881101930432349 1.7647729301852
4157 0.1880977642946768 1.765254301801582
4158 0.1880853441559433 1.765735252162108
4159 0.1880727989382897 1.766215938034702
4160 0.188060283642391 1.766696334771461
4161 0.1880463755593524 1.767172229820347
4162 0.1880335655417198 1.767651283437376
4163 0.1880210348977669 1.76813147077411
4164 0.1880081093943193 1.768603542147441
4165 0.1879950190819662 1.769089402980909
4166 0.1879827883999279 1.76956942892503
4167 0.1879704462473847 1.770048549249642
4168 0.1879575738025687 1.770525527334589
4169 0.1879448441275929 1.771003628537592
4170 0.1879321185110944 1.771481507792499
4171 0.1879193240542673 1.771959011499303
4172 0.1879064459379798 1.772436096699585
4173 0.1878934815644439 1.772912726291088
4174 0.1878799538449672 1.773380785390587
4175 0.18786667477521 1.773868926653295
4176 0.1878540547011419 1.774334459075411
4177 0.1878405582858793 1.774820180654059
4178 0.1878275707457888 1.775283846805185
4179 0.1878138724154688 1.775769050326522
4180 0.1878011038779508 1.776239253389469
4181 0.1877872705169179 1.776710580197361
4182 0.1877746220225125 1.777187569960965
4183 0.1877607978127023 1.777659429309335
4184 0.1877471030525714 1.778132000288068
4185 0.1877332127326342 1.778603392644881
4186 0.1877193853764845 1.779075024954683
4187 0.1877054372113736 1.779546011210825
4188 0.1876915872666219 1.780017053314278
4189 0.1876776421282704 1.780487705894224
4190 0.1876637519516605 1.780958191807084
4191 0.1876497679848327 1.781428360126245
4192 0.1876363911748588 1.781900303257425
4193 0.1876223602865085 1.782369845606706
4194 0.1876082525000506 1.782838787939788
4195 0.1875940162292858 1.783307369634711
4196 0.1875798297646782 1.783775668415468
4197 0.1875655477389642 1.784243719975692
4198 0.1875513126149615 1.784711464113532
4199 0.1875369809199488 1.785178970931932
4200 0.1875226872034301 1.785646129020712
4201 0.1875082921132307 1.786113033248254
4202 0.18749392846819 1.786579569315972
4203 0.1874794633190432 1.787045860917637
4204 0.187465024859252 1.787511750423094
4205 0.1874504848514247 1.787977395551474
4206 0.1874359637732371 1.788442613755109
4207 0.187421334860622 1.78890757210077
4208 0.1874067269207489 1.789372106593714
4209 0.1873920062874747 1.789836368795909
4210 0.1873773103770605 1.790300213631549
4211 0.1873625099883553 1.790763801360867
4212 0.187347729973153 1.791226959734062
4213 0.1873328431299981 1.791689852586198
4214 0.187317981421651 1.792152324722295
4215 0.1873029093824544 1.792614260476995
4216 0.1872879804684484 1.793076066581391
4217 0.1872729465823477 1.793537633324283
4218 0.1872579283508538 1.793998760284645
4219 0.1872427961391507 1.794459601297813
4220 0.1872276752295935 1.79491998812661
4221 0.1872124346004003 1.795380083399544
4222 0.1871973549101009 1.795840162898357
4223 0.1871806016003634 1.796288674665919
4224 0.187164613165889 1.796754166953687
4225 0.1871493647031147 1.79720627289642
4226 0.1871338788518511 1.797672507544389
4227 0.1871190814181863 1.798131456152637
4228 0.1871039873130513 1.798589480589781
4229 0.187088802059948 1.799047904778486
4230 0.1870735939265676 1.799506081691981
4231 0.1870583172418858 1.799963319056389
4232 0.1870428943951827 1.800419419422259
4233 0.1870273001455568 1.800874638452028
4234 0.1870115721671038 1.80132947078732
4235 0.1869957780900078 1.801784342929106
4236 0.1869799719404964 1.80223930757638
4237 0.1869641688029303 1.80269413463676
4238 0.1869483502467397 1.803148606751441
4239 0.186932488412505 1.803602611483649
4240 0.1869164365909606 1.804055427913512
4241 0.1869004184412617 1.804508488156427
4242 0.1868843733290167 1.804961150391232
4243 0.186868287534438 1.805413428408574
4244 0.1868521606895766 1.805865345347239
4245 0.186835996420859 1.806316917790135
4246 0.1868202617193908 1.8067690706993
4247 0.1868039644249454 1.807219952776398
4248 0.1867876105799525 1.807670358568651
4249 0.1867712354981114 1.808120407855921
4250 0.186754848855236 1.808570125212938
4251 0.1867381898677651 1.809020177667275
4252 0.1867219858028722 1.809469368461718
4253 0.1867056690504141 1.809918167088397
4254 0.1866892368920967 1.810366537428644
4255 0.1866727244887686 1.810814490582083
4256 0.1866561505116575 1.811262042161774
4257 0.1866395277555072 1.811709214742495
4258 0.186622864887962 1.812156026936794
4259 0.1866061624937531 1.81260248098552
4260 0.1865894254523144 1.813048585945335
4261 0.1865726556757856 1.813494344690497
4262 0.1865558541355496 1.813939757559733
4263 0.1865390225987592 1.814384830871944
4264 0.186522160439204 1.814829559567402
4265 0.1865052666694425 1.815273938334477
4266 0.1864883402330326 1.815717962154624
4267 0.1864713798179516 1.81616162560497
4268 0.1864543928488876 1.816605086228285
4269 0.1864373582689757 1.817047970958846
4270 0.186420289370033 1.817490499250513
4271 0.1864030610851013 1.817932277657307
4272 0.1863859365640005 1.818374119706283
4273 0.1863687836671968 1.818815630737925
4274 0.1863515931587895 1.819256767190911
4275 0.186334363417944 1.819697520689869
4276 0.186317093941089 1.820137888791841
4277 0.1862998697220718 1.820578098051656
4278 0.1862825382207578 1.82101772474176
4279 0.1862668201555511 1.821460309011697
4280 0.186249031037081 1.821897562933863
4281 0.1862312988172855 1.822336866442546
4282 0.1862134531352442 1.82277355123908
4283 0.1861965145993097 1.823213515235631
4284 0.1861786552678104 1.823649848620619
4285 0.1861608006961321 1.824086681508221
4286 0.1861425566154625 1.824521341653266
4287 0.186124739836012 1.824957397252722
4288 0.1861069481255911 1.825392722807315
4289 0.186089122916973 1.825828158730764
4290 0.1860713001547136 1.82626289721351
4291 0.1860531191295109 1.826696541940858
4292 0.1860352828710139 1.827130688715822
4293 0.186016615869239 1.827562736398975
4294 0.1859988823243584 1.827996457745526
4295 0.185981103775674 1.828430095357503
4296 0.1859633549069029 1.828863366921289
4297 0.1859454693757393 1.829296176715058
4298 0.185927603381583 1.829728570186174
4299 0.185909597523296 1.830160459040642
4300 0.1858916156827821 1.830591951909156
4301 0.1858734990155995 1.831022939712101
4302 0.1858554125443075 1.831453554064681
4303 0.1858371976367846 1.831883673484925
4304 0.1858190187053247 1.832313438330039
4305 0.1858007172488041 1.832742720870569
4306 0.1857824567149392 1.833171664140672
4307 0.1857640772445027 1.83360013211324
4308 0.1857457388669879 1.834028259978197
4309 0.1857272876562247 1.834455929054793
4310 0.1857088830502438 1.834883274308021
4311 0.185690363509741 1.835310153271791
4312 0.1856718910115924 1.835736707757647
4313 0.1856533057021487 1.836162799982552
4314 0.1856347687871757 1.836588569112282
4315 0.1856161222791977 1.837013883623702
4316 0.185597522527429 1.837438869925578
4317 0.1855788139680394 1.837863401620572
4318 0.1855601541077855 1.838287610553141
4319 0.1855413882974666 1.838711374671538
4320 0.1855226714183163 1.839134813722785
4321 0.1855038477558899 1.839557803767859
4322 0.185485073142397 1.839980465727209
4323 0.185466190171171 1.840402671052771
4324 0.1854473548489833 1.840824542037915
4325 0.185428411550155 1.841245954937925
4326 0.1854095161922202 1.841667032459573
4327 0.1853905133720295 1.84208762514098
4328 0.185371558358099 1.842507910950745
4329 0.1853524968223663 1.842927739099283
4330 0.1853334840482608 1.843347229024016
4331 0.1853143637002608 1.843766255535696
4332 0.1852952917751529 1.844184940913696
4333 0.1852761116564129 1.844603160223012
4334 0.1852569803982877 1.845021038409609
4335 0.1852376987235801 1.845438440096698
4336 0.1852185487628421 1.845855650535744
4337 0.1851993230942756 1.846272395696504
4338 0.1851800492291076 1.846688583795381
4339 0.1851607182581859 1.847104426344945
4340 0.1851413699862221 1.847519769993339
4341 0.1851219804902478 1.847934795659015
4342 0.1851025798691544 1.848349337301418
4343 0.1850831403859822 1.848763567580491
4344 0.1850636897722329 1.849177311898966
4345 0.1850442002673821 1.849590745919486
4346 0.1850246985857758 1.850003688473631
4347 0.1850051572381073 1.850416318663217
4348 0.1849856030220879 1.850828452375949
4349 0.1849660084666661 1.851240270467953
4350 0.1849464010075861 1.851651589565715
4351 0.1849267527732928 1.852062589525456
4352 0.1849070922657844 1.852473090407205
4353 0.1848873904249372 1.852883268792183
4354 0.1848676760053298 1.853292945920437
4355 0.1848479199254447 1.853702297411968
4356 0.1848281517694194 1.854111147089881
4357 0.1848083424912331 1.854519670679777
4358 0.1847885380840407 1.854927723208107
4359 0.1847686756068289 1.855335421524775
4360 0.1847488007820524 1.855742611481238
4361 0.1847288850171581 1.856149470612733
4362 0.1847087431790347 1.856554182694907
4363 0.1846885966052306 1.856959862615214
4364 0.1846686121936085 1.85736554922569
4365 0.184648583901939 1.857770974838808
4366 0.1846286445180768 1.858176008878011
4367 0.1846086084437376 1.858580607106492
4368 0.1845886293335026 1.858984762495543
4369 0.1845685374453097 1.859388447259427
4370 0.1845484950021553 1.859791689497979
4371 0.1845283369670599 1.860194457101151
4372 0.184508227967928 1.860596790458709
4373 0.1844880049720529 1.860998654958084
4374 0.1844678325876811 1.861400092802588
4375 0.1844475481737646 1.861801067153001
4376 0.1844273164563451 1.862201621942562
4377 0.1844069752243511 1.862601719524403
4378 0.1843868977440649 1.86300308024182
4379 0.184366594335674 1.863402249805472
4380 0.1843462865230377 1.86380094245593
4381 0.1843258289009508 1.864199050659582
4382 0.1843054124966476 1.864596840961978
4383 0.1842848834345025 1.864994140706686
4384 0.1842644141831606 1.865391129330244
4385 0.1842440971740304 1.865788185594242
4386 0.1842235579321202 1.866184281496603
4387 0.1842029311803929 1.866579976906416
4388 0.1841823940604637 1.866975373181485
4389 0.184161773580261 1.867370312735357
4390 0.1841412452742309 1.867764965904437
4391 0.1841206221469108 1.868159138386307
4392 0.1841000674144679 1.86855297569097
4393 0.184079398681586 1.868946297780902
4394 0.1840587748663871 1.869339234343445
4395 0.1840380642875034 1.869731783801555
4396 0.1840173682090937 1.870123723946965
4397 0.1839966065127075 1.870515384524338
4398 0.1839758597827272 1.870906446951387
4399 0.1839550480294665 1.871297236808428
4400 0.1839342535075554 1.871687430977562
4401 0.183913396068838 1.872077353436312
4402 0.1838925575858531 1.872466680496429
4403 0.1838716572756985 1.872855734344877
4404 0.1838507775901731 1.873244194347142
4405 0.1838298369697554 1.873632379843317
4406 0.1838089200250613 1.874019978168065
4407 0.1837879436647478 1.874407303496239
4408 0.1837669933541854 1.874794045657424
4409 0.1837459834102877 1.875180511599949
4410 0.1837248293777285 1.875565840510101
4411 0.1837037948430609 1.875951452172215
4412 0.1836828184606438 1.87633659445837
4413 0.1836617642604677 1.876721413716633
4414 0.183640840055994 1.877105912401596
4415 0.1836197246965229 1.877489779683424
4416 0.1835986466542983 1.877873129792996
4417 0.1835775072847257 1.878256187441749
4418 0.1835564047851495 1.878638657920156
4419 0.1835352169822693 1.879020704762316
4420 0.1835140706583372 1.879402266481477
4421 0.1834928379393237 1.879783416140721
4422 0.183471650326581 1.880164084618236
4423 0.1834503800704588 1.880544342680845
4424 0.183429158784342 1.880924125743175
4425 0.1834078561539032 1.881303499756657
4426 0.1833866035635357 1.881682398808505
4427 0.1833652693136557 1.882060886383755
4428 0.1833439842742194 1.882438894330416
4429 0.1833226174919962 1.882816489077226
4430 0.183301300034874 1.88319360340355
4431 0.183279900249969 1.883570300201231
4432 0.1832586556125987 1.883946388054388
4433 0.1832371750887081 1.884322170925138
4434 0.1832157569222483 1.884697468146492
4435 0.1831941594171276 1.885072086607292
4436 0.1831726947359208 1.885446349262861
4437 0.1831511648065355 1.885820219506431
4438 0.1831297006457611 1.886193654213461
4439 0.1831081487620462 1.886566631231955
4440 0.1830866535921183 1.886939150083009
4441 0.1830650674259645 1.88731120124523
4442 0.1830435366234172 1.887682793158676
4443 0.1830219371466567 1.888054021792881
4444 0.1830007107289627 1.88842558351448
4445 0.1829790399262702 1.888795770619868
4446 0.1829573328643778 1.8891652472561
4447 0.1829356144320446 1.889534433211253
4448 0.1829140561473059 1.889897247951551
4449 0.1828916300127747 1.890264946970208
4450 0.1828694741327764 1.890639412076493
4451 0.1828487066696902 1.891002992768864
4452 0.1828267304503356 1.891370250088877
4453 0.1828048271940665 1.891737574622018
4454 0.1827830703934114 1.892104412448858
4455 0.1827612308815147 1.892476005813003
4456 0.1827410362492208 1.892839971995354
4457 0.1827182389115318 1.893199584599358
4458 0.1826958830622872 1.89356933654446
4459 0.1826754915049212 1.89393196697728
4460 0.1826525973695795 1.894290176309769
4461 0.1826303882774901 1.894653396432581
4462 0.1826083091626744 1.895021621171152
4463 0.1825879577138889 1.89538235525998
4464 0.1825651024790343 1.895745624903305
4465 0.1825432991148558 1.896105461270921
4466 0.1825216245367317 1.896466193762365
4467 0.1824997472201247 1.896825273670761
4468 0.1824777924319119 1.897184688091758
4469 0.1824557690896897 1.897542997102599
4470 0.1824337389364132 1.897901505221385
4471 0.1824116964691199 1.898259134031561
4472 0.182389659754396 1.898616813862781
4473 0.1823676223428561 1.898973702246348
4474 0.1823455905206396 1.899330543913201
4475 0.1823235644675548 1.89968665810064
4476 0.1823015335569548 1.900042633098691
4477 0.1822795076664003 1.900397911390525
4478 0.1822574703396461 1.900752990738034
4479 0.1822354365242213 1.90110739324451
4480 0.1822133844705172 1.901461551117146
4481 0.1821913765202907 1.901815102477989
4482 0.1821693438199065 1.902168464525634
4483 0.1821472852400688 1.902521022371828
4484 0.1821251983220887 1.902873367788475
4485 0.1821030204217894 1.903218436683779
4486 0.1820802342310324 1.903569107189563
4487 0.1820578127342026 1.903921014456889
4488 0.1820357004004488 1.904272649992079
4489 0.1820137241881377 1.904623702892825
4490 0.18199165444415 1.904979378183361
4491 0.1819710873317345 1.905327462336514
4492 0.1819489949336914 1.905675765054233
4493 0.1819306733496763 1.906040587281317
4494 0.1819037678158436 1.906367191162885
4495 0.1818805771734372 1.906710983637603
4496 0.1818582884198308 1.90705818833573
4497 0.1818361611407995 1.907405079715716
4498 0.1818140954259471 1.907751439440393
4499 0.1817918919895624 1.908102375643663
4500 0.1817712219711982 1.90844602997329
4501 0.1817481791620522 1.908785471553249
4502 0.1817256597665804 1.909129581693145
4503 0.1817032196658416 1.909478453313985
4504 0.1816824285222508 1.909820170967435
4505 0.1816601202297427 1.91016205373606
4506 0.1816416093180024 1.910520327584993
4507 0.1816139150518782 1.910837607997504
4508 0.1815909312351247 1.911177897120952
4509 0.1815685910139069 1.911519048230852
4510 0.1815464731019842 1.911859905360139
4511 0.1815244161227715 1.912200224623695
4512 0.1815022906878073 1.912545157133917
4513 0.1814815155942244 1.912882615927053
4514 0.1814585163465596 1.9132164054133
4515 0.1814358575394728 1.913559414767471
4516 0.1814147930980264 1.91389503043191
4517 0.1813916422372026 1.914227218509291
4518 0.1813689804059301 1.914563599707892
4519 0.1813465098767508 1.91490475732781
4520 0.1813254789058064 1.915238328925324
4521 0.181302324190752 1.915568676061567
4522 0.1812795607913755 1.9159081850244
4523 0.1812584090148633 1.91624033253924
4524 0.1812352038617243 1.916569217374021
4525 0.1812124982881247 1.916902231090965
4526 0.1811899918591021 1.917239972885278
4527 0.1811689223475541 1.917570193708414
4528 0.1811460618163581 1.917897863031182
4529 0.1811233649931472 1.918228967727911
4530 0.1811007702022491 1.91856458038597
4531 0.1810796706684737 1.918892821207889
4532 0.181056490495611 1.91921798044108
4533 0.1810337486316898 1.91954703978492
4534 0.1810111382606679 1.919880652590897
4535 0.1809900280363685 1.920206951173179
4536 0.1809668525853001 1.920530209206593
4537 0.1809441164771683 1.920857350626846
4538 0.1809215125748501 1.921189023370323
4539 0.1809004147072201 1.921513479703791
4540 0.1808770732183892 1.921840674778177
4541 0.1808549593339809 1.922165139326997
4542 0.1808327891131137 1.922489764359824
4543 0.1808104561410531 1.922812790670963
4544 0.1807880460875499 1.923136151125308
4545 0.1807655867569692 1.923458384750606
4546 0.1807432098950628 1.923781018803817
4547 0.1807207624404794 1.924102590834443
4548 0.1806983248252735 1.924424164351856
4549 0.1806758784999425 1.924744880333418
4550 0.1806534586374192 1.925065549190581
4551 0.1806310323323159 1.925385418878883
4552 0.1806086356281286 1.925705187112017
4553 0.1805862289029315 1.926024180354719
4554 0.180564185142253 1.926343303693236
4555 0.1805416717405843 1.926661420090541
4556 0.1805192176161309 1.926979255062462
4557 0.180496875483419 1.927290646984182
4558 0.180473903199181 1.92760708758253
4559 0.1804512072767861 1.927924426040961
4560 0.1804287840115676 1.928241475182154
4561 0.1804065540738051 1.928557908503057
4562 0.1803841102767337 1.92887305939212
4563 0.1803618991593463 1.929188143050423
4564 0.1803395542833282 1.929507425031656
4565 0.1803217923785546 1.929833127095651
4566 0.1802957193105731 1.930128426876814
4567 0.1802724727863365 1.930438940056582
4568 0.1802500561528262 1.930751689562441
4569 0.1802275479166111 1.93106315849495
4570 0.1802053959447426 1.931374908766241
4571 0.1801832659554619 1.931686126719337
4572 0.180161113728218 1.931996744986387
4573 0.1801388057851024 1.932311534616584
4574 0.1801178962039002 1.932619418238026
4575 0.1800948092725341 1.932923647549357
4576 0.1800721592799097 1.933231841355868
4577 0.1800497641136803 1.933539730860386
4578 0.1800273392423955 1.933851872742059
4579 0.1800063933260352 1.934157202816873
4580 0.1799832940713073 1.934459056725212
4581 0.1799606409681117 1.934764765720564
4582 0.1799382500801118 1.935070163232252
4583 0.1799158275820502 1.935379749218201
4584 0.1798948546372613 1.935682498887507
4585 0.179871793048927 1.93598199423529
4586 0.1798491645373409 1.936285269096461
4587 0.1798270063656331 1.936588708612948
4588 0.1798045786138562 1.936895771957726
4589 0.1797836183966313 1.937196094500928
4590 0.179760586312357 1.937493175045737
4591 0.179737980978004 1.937794003645348
4592 0.1797156399358781 1.938094526628442
4593 0.1796932362102484 1.938399095018679
4594 0.1796723199544275 1.938697046200289
4595 0.1796493047967249 1.938991725100533
4596 0.1796267641645726 1.939290177751278
4597 0.1796044878103591 1.939588334354544
4598 0.1795821495372369 1.939890499143611
4599 0.1795612827780184 1.940186085745798
4600 0.1795384128733027 1.94047856006561
4601 0.1795158938695858 1.940774553166092
4602 0.1794936276532635 1.941070219204265
4603 0.1794712917866843 1.941369830678243
4604 0.1794504389890369 1.941662939202864
4605 0.1794275491947463 1.941952960729244
4606 0.179405075264945 1.94224649657871
4607 0.1793828542450065 1.942539726411576
4608 0.1793605607646339 1.942836860769876
4609 0.1793397372440887 1.943127553280496
4610 0.179316896804572 1.943415116473923
4611 0.1792944666377197 1.943706241535345
4612 0.1792723014368021 1.943997075984055
4613 0.1792500625122325 1.944291779045469
4614 0.1792292800080252 1.944580068756581
4615 0.1792064987438 1.944865255872048
4616 0.1791841261818247 1.945153973226649
4617 0.1791619983424173 1.945442359465868
4618 0.1791397982540775 1.945734576725147
4619 0.179119056181801 1.946020446185706
4620 0.179096327919342 1.946303231770501
4621 0.179074002129082 1.946589502447161
4622 0.1790519270039633 1.946875464723382
4623 0.1790299618135372 1.947160978518901
4624 0.1790078631762516 1.94745019400421
4625 0.1789871902704017 1.947733096849353
4626 0.1789645286710382 1.948013003120679
4627 0.1789422674318362 1.948296337245066
4628 0.1789202586983819 1.948579365693003
4629 0.1788983580705254 1.948861950078126
4630 0.1788763237819633 1.949148205890836
4631 0.1788557093899895 1.949428219480809
4632 0.1788331239617797 1.949705263850796
4633 0.1788109402841594 1.949985709207683
4634 0.1787890133339257 1.9502658606692
4635 0.1787671980530229 1.950545579539212
4636 0.1787452516106605 1.950828939179873
4637 0.1787247203802911 1.951106109962522
4638 0.1787022358913428 1.95138036698206
4639 0.1786801481399058 1.951657964715698
4640 0.1786583133399295 1.951935266344047
4641 0.1786364052415606 1.952216255305856
4642 0.1786159358702518 1.952491118470546
4643 0.178593530852687 1.952763016211065
4644 0.1785715157897657 1.953038223073612
4645 0.1785497510498424 1.953313130111012
4646 0.1785279118026917 1.953591680525532
4647 0.1785075064015816 1.953864157657579
4648 0.1784851787082109 1.954133680379581
4649 0.1784632135335606 1.954406455735276
4650 0.1784413430935071 1.954683038163468
4651 0.1784209639724302 1.954953721748717
4652 0.1783987146442036 1.955221388432151
4653 0.1783768576326332 1.955492057429854
4654 0.1783552730877271 1.955762846698084
4655 0.1783335755858696 1.956037182063102
4656 0.1783129493090455 1.956304792454784
4657 0.1782910777298371 1.956570724705452
4658 0.1782693711899059 1.956839488150773
4659 0.1782478573523857 1.957107841282832
4660 0.178226310188233 1.957379857012135
4661 0.1782061722261242 1.957645689688527
4662 0.1781839894782292 1.957908433659802
4663 0.1781623031664232 1.95817465398266
4664 0.1781406784419007 1.958444656182922
4665 0.1781206150540345 1.958708982622654
4666 0.1780984933681924 1.958969775994389
4667 0.178076860105371 1.959234061744378
4668 0.1780552937551319 1.959502117706091
4669 0.1780352866752423 1.959764548166507
4670 0.1780132359417345 1.960023436968717
4671 0.1779916297623634 1.96028572431377
4672 0.1779703052658244 1.960547827100016
4673 0.1779489233922468 1.960813461820294
4674 0.1779290112372926 1.961073409268887
4675 0.1779070642568424 1.961329950381159
4676 0.1778855887661054 1.961589882913231
4677 0.1778643551416423 1.961849556539944
4678 0.1778430510210804 1.962112714209808
4679 0.1778231963475085 1.962370218875228
4680 0.1778013228302172 1.962624361872292
4681 0.1777799169713156 1.962881854208247
4682 0.1777587532316789 1.96313908654867
4683 0.1777376964884541 1.963395868709264
4684 0.1777165132674977 1.963656013827807
4685 0.177697104087345 1.963906329058925
4686 0.1776757258546626 1.964167803713308
4687 0.1776536439407348 1.96441721814018
4688 0.177632623175103 1.964670899510774
4689 0.1776117945044531 1.964925000969749
4690 0.1775910119592813 1.96517863174153
4691 0.1775702315808175 1.965431709750231
4692 0.1775494332079137 1.965684240096649
4693 0.1775286285392623 1.965936222330723
4694 0.1775085375149909 1.966190168758751
4695 0.177487646136878 1.966440822331972
4696 0.1774670252756536 1.966692610690587
4697 0.1774491586196342 1.966951743922403
4698 0.1774246333347455 1.96718743754741
4699 0.1774031427699517 1.967434581878889
4700 0.1773822534495142 1.967683043898821
4701 0.1773624571554788 1.967930489712336
4702 0.1773414437429911 1.968178073604891
4703 0.1773204454161194 1.968425548369749
4704 0.1772986643065851 1.968673454028838
4705 0.1772783809672416 1.968920211008579
4706 0.1772581193616874 1.969166090531805
4707 0.1772377285846732 1.969411381629457
4708 0.1772172389482742 1.969656130933173
4709 0.1771967362670044 1.969900435183178
4710 0.1771762145067815 1.970144260830297
4711 0.1771556990143357 1.970387617893928
4712 0.1771351973063232 1.970630498051259
4713 0.177114712310896 1.97087290297092
4714 0.1770942457260835 1.971114835220745
4715 0.1770737980692327 1.971356295533614
4716 0.1770533697667576 1.971597284544366
4717 0.1770329584755384 1.971837799812248
4718 0.1770125798426092 1.972077825892532
4719 0.1769922020480246 1.972317398807702
4720 0.1769718455163898 1.972556511632582
4721 0.1769515128581355 1.972795161482184
4722 0.1769312034723933 1.973033348381583
4723 0.176910906515828 1.973271028911012
4724 0.1768906422367675 1.973508298119142
4725 0.1768704014368279 1.973745105983838
4726 0.1768501840655426 1.973981454744521
4727 0.1768299877684969 1.974217339537443
4728 0.1768098136790253 1.974452763875245
4729 0.1767896618663833 1.974687729450869
4730 0.176769536772906 1.97492222849568
4731 0.1767486006164034 1.975154426129509
4732 0.1767285080214946 1.975387884819115
4733 0.1767085452531931 1.975621188375562
4734 0.1766886136721753 1.975854085381433
4735 0.1766686984011646 1.976086521541698
4736 0.1766487962515595 1.976318481962847
4737 0.1766289056118488 1.976549960242027
4738 0.1766090256238205 1.976780954056024
4739 0.1765891561676862 1.977011463464506
4740 0.1765692978741603 1.977241490618992
4741 0.1765494911380224 1.977471188751358
4742 0.1765296567960761 1.97770025035437
4743 0.1765098321434756 1.97792882176447
4744 0.1764900230327762 1.97815692467285
4745 0.1764702319176703 1.978384565126064
4746 0.1764504596330658 1.978611745270701
4747 0.1764307076380239 1.978838468544233
4748 0.1764109770328937 1.979064737582015
4749 0.1763912687418737 1.979290554713802
4750 0.1763715832140301 1.979515921840944
4751 0.1763519220691583 1.979740843056092
4752 0.1763322859869145 1.979965318812927
4753 0.1763126726256508 1.98018934381722
4754 0.1762930827256003 1.980412920965325
4755 0.1762742016097721 1.980637510036017
4756 0.1762546576222986 1.980860266927608
4757 0.1762350561316608 1.981082362035413
4758 0.1762154728081136 1.981303971777964
4759 0.1761959177609414 1.981525135038124
4760 0.1761761727558989 1.981749153962267
4761 0.1761603803757443 1.981977731048417
4762 0.1761372525843589 1.982182641484038
4763 0.1761183639289211 1.982401839014227
4764 0.1760985729055852 1.982621321261868
4765 0.1760780817824016 1.982841363100075
4766 0.1760590637945253 1.983060383323654
4767 0.17604013517899 1.983278587389526
4768 0.1760211146073911 1.98349618622701
4769 0.1760020328664255 1.983713280980689
4770 0.175982814641642 1.983934144656359
4771 0.1759643615959531 1.984146616744258
4772 0.1759451056311966 1.984361797943749
4773 0.1759258519110175 1.984577154990552
4774 0.1759067145513294 1.984792111578897
4775 0.1758876556941093 1.98500656852044
4776 0.1758686404276034 1.985220522181621
4777 0.175849652349731 1.985433995930028
4778 0.1758306868411761 1.985647017875115
4779 0.1758117446539619 1.98585961051281
4780 0.1757928282404577 1.986071787384308
4781 0.1757737295798286 1.986286558636486
4782 0.1757554612140604 1.986494599363573
4783 0.1757364467062116 1.986705117755891
4784 0.1757174710622017 1.986915809392546
4785 0.1756984163510967 1.98712913298055
4786 0.1756800069395223 1.987338623197018
4787 0.1756614943789571 1.987547720897791
4788 0.1756428437432328 1.987755854307163
4789 0.1756241728468981 1.987963918048675
4790 0.1756054663502885 1.988171354633862
4791 0.1755868203790208 1.98837866506617
4792 0.1755681647146773 1.988585402720738
4793 0.1755495845638312 1.988791978926436
4794 0.1755309992503173 1.988997971154986
4795 0.1755124896877689 1.989203790066992
4796 0.1754939758696751 1.989409001031154
4797 0.1754756548257037 1.989614248498198
4798 0.1754571964698562 1.989818663846929
4799 0.1754390217455758 1.990020069934322
4800 0.1754203376103701 1.990223671757961
4801 0.1754017807310362 1.99042742491143
4802 0.1753834034662849 1.990630802685713
4803 0.1753651386088775 1.990833687088663
4804 0.1753469294259341 1.991036049706224
4805 0.1753287473318119 1.991237898538797
4806 0.1753105843233774 1.991439261372434
4807 0.1752924380121771 1.991640154468002
4808 0.1752743076807667 1.991840586022829
4809 0.1752559661063722 1.992043401838606
4810 0.1752384485543085 1.992239586120425
4811 0.175222254747 1.992448866621129
4812 0.1752018645219785 1.992635539185021
4813 0.1751837935252502 1.992834392017776
4814 0.1751656972918416 1.993032537443616
4815 0.1751477076590122 1.993230212439345
4816 0.1751295531285055 1.993430173855067
4817 0.175112047044718 1.993626490278546
4818 0.1750940086195543 1.993820491347148
4819 0.1750761310701882 1.994015685632684
4820 0.1750585823272034 1.994212650490054
4821 0.1750408704380573 1.994406925895378
4822 0.1750230051538336 1.994601357863182
4823 0.1750052307896269 1.994794988523209
4824 0.1749876899895012 1.994986074230362
4825 0.1749696943935428 1.995179208469108
4826 0.1749518221461065 1.995372457141897
4827 0.174934124387245 1.995565363003934
4828 0.174916537119095 1.995757810425599
4829 0.1748990099960138 1.995949775832986
4830 0.1748815143340985 1.996141251598975
4831 0.17486404492607 1.996332282343074
4832 0.1748463559588012 1.996525519793206
4833 0.1748313129582588 1.996722126713283
4834 0.1748117710407972 1.996900621157331
4835 0.17479423120142 1.997089933779845
4836 0.1747766846763905 1.997279076305022
4837 0.1747592864844441 1.997467868237321
4838 0.1747419816486798 1.997656177632537
4839 0.1747247392049278 1.997844030480421
4840 0.1747075269234653 1.99803141294994
4841 0.1746903347132239 1.998218340963864
4842 0.1746731604154716 1.998404831668124
4843 0.1746560048083985 1.998590897561459
4844 0.1746388699208334 1.998776548145091
4845 0.1746217571420008 1.998961788107094
4846 0.1746046714431112 1.999146038425354
4847 0.1745875498955813 1.99933031195814
4848 0.174570456622665 1.999514123819168
4849 0.1745534041864442 1.999697589991381
4850 0.1745363914599969 1.999880790152353
4851 0.1745197849612103 2.00006613246989
4852 0.1745051228425497 2.000257241935384
4853 0.1744854344925225 2.000425753933704
4854 0.1744683770806217 2.000608466456738
4855 0.1744515060260583 2.000790143638116
4856 0.174434741518902 2.000971353138421
4857 0.1744183869502416 2.001154516696604
4858 0.1744039009916723 2.001343125987032
4859 0.1743844549538819 2.001509468423193
4860 0.1743676056836421 2.001689960190752
4861 0.1743509407912729 2.001869415008286
4862 0.1743343786331714 2.002048380050352
4863 0.1743178607622518 2.002226908945385
4864 0.1743013682184286 2.002405007929639
4865 0.1742848951732431 2.002582685362324
4866 0.1742684405559191 2.002759948170405
4867 0.1742520049673411 2.002936800715005
4868 0.1742355892929314 2.003113245275884
4869 0.1742189555570403 2.00329187235166
4870 0.1742035153213374 2.003466738870966
4871 0.1741867228108587 2.003639391360524
4872 0.1741701290532536 2.003814130356279
4873 0.1741533657015566 2.003991655878157
4874 0.1741376619449146 2.004162811908202
4875 0.174121345445542 2.004336273307699
4876 0.1741051095213337 2.004509955673691
4877 0.1740889972803132 2.004683333635275
4878 0.1740727332433471 2.004858721842052
4879 0.1740572247425968 2.005028469009667
4880 0.1740406286772548 2.005199123586002
4881 0.1740244565496014 2.005370712411962
4882 0.1740084081878752 2.00554204753568
4883 0.1739922641676967 2.005715491435733
4884 0.1739767312229751 2.00588307133923
4885 0.1739605940142035 2.006052627461829
4886 0.1739444790995362 2.006222262187833
4887 0.17392847148802 2.006391564594446
4888 0.1739123986067722 2.006562994145124
4889 0.1738969557468943 2.006728638361654
4890 0.1738809336589805 2.006896301392641
4891 0.1738649438374929 2.00706406565506
4892 0.1738490695537137 2.007231516003637
4893 0.1738331400549742 2.007401085092263
4894 0.1738178397549792 2.007564977894682
4895 0.1738019711407349 2.007730824023231
4896 0.1737861377382006 2.007896778463912
4897 0.1737704201157794 2.008062430722774
4898 0.1737546507978228 2.008230190593124
4899 0.1737395011193949 2.008392286809579
4900 0.1737237880822622 2.008556363904961
4901 0.1737081104326059 2.008720550341523
4902 0.1736925492721626 2.008884435503748
4903 0.1736769387443168 2.009050403028741
4904 0.1736619405931066 2.009210803270365
4905 0.1736463856829915 2.009373104785249
4906 0.17362997195688 2.009535836891222
4907 0.1736149754578366 2.009698122777038
4908 0.1735996011146238 2.009858244850843
4909 0.1735843984458102 2.010019465701651
4910 0.173569232186543 2.010180583066732
4911 0.173554088889696 2.010341323868867
4912 0.1735389601524137 2.010501656637144
4913 0.1735238460536974 2.010661599083134
4914 0.1735087479935848 2.010821168859661
4915 0.1734936691164902 2.010980379153552
4916 0.1734787030932851 2.011139942652963
4917 0.1734637256465207 2.011298464553508
4918 0.1734487286520926 2.011456541666893
4919 0.1734337309115597 2.011614232672526
4920 0.1734187464297881 2.011771557147858
4921 0.1734037827862894 2.011928526933045
4922 0.1733887954976386 2.012082220975886
4923 0.1733736115135408 2.012240727800967
4924 0.1733588569873462 2.012397347557913
4925 0.1733441405722312 2.012553352247924
4926 0.173329414141895 2.012708831693307
4927 0.1733146281830643 2.012860890362947
4928 0.1732996629783027 2.013018229044191
4929 0.1732851105116236 2.013173103760208
4930 0.1732705469576 2.013327244402261
4931 0.1732559041678487 2.013478045953817
4932 0.1732410240959226 2.013633645044695
4933 0.1732265556310385 2.01378701774607
4934 0.1732120389861961 2.013936867540873
4935 0.1731973054560063 2.014091777914825
4936 0.1731829574995895 2.014244156974197
4937 0.1731685386488242 2.014393030706706
4938 0.1731538621078878 2.014546664479265
4939 0.1731395325221479 2.01469511903609
4940 0.1731249943057077 2.014848522837226
4941 0.1731108289711107 2.014999199196481
4942 0.1730965645399253 2.015146392207118
4943 0.1730820358815051 2.015298245856691
4944 0.1730678383725098 2.015445049669478
4945 0.1730534360232221 2.015596764278993
4946 0.1730393622956759 2.015743003739952
4947 0.173025024768681 2.015893795782053
4948 0.1730109935252377 2.01603930964635
4949 0.1729967303022776 2.016189597014336
4950 0.1729827674086793 2.016334524541614
4951 0.1729685352445448 2.016483961731559
4952 0.1729546097088332 2.016628163041522
4953 0.1729404530365549 2.01677707445514
4954 0.1729268719207337 2.016923913863649
4955 0.1729129562798541 2.017069451182288
4956 0.1728989805546433 2.017214499017765
4957 0.1728849922681135 2.017359175535034
4958 0.1728710128134494 2.017503525367636
4959 0.1728570562542756 2.017647586984965
4960 0.1728431326543913 2.017791390246034
4961 0.1728292494662586 2.017934950718421
4962 0.1728154090967372 2.018078263496068
4963 0.1728016116444664 2.018221316850383
4964 0.1727878552433907 2.018364096172808
4965 0.172774136096943 2.018506586433938
4966 0.1727604510671353 2.018648777238096
4967 0.1727467968888216 2.018790660057258
4968 0.1727332799056397 2.018932622278552
4969 0.1727196827783476 2.019073845571154
4970 0.1727061178656338 2.019212224550905
4971 0.1726922526061864 2.019354757757401
4972 0.1726788333550731 2.019495581328956
4973 0.1726654484157352 2.019635853387816
4974 0.1726520704080675 2.01977312841811
4975 0.1726383819362393 2.019914910536062
4976 0.1726251326680155 2.020054426641977
4977 0.1726118876042269 2.020190859094415
4978 0.1725982715264687 2.020331366184043
4979 0.1725850983384517 2.020467320009664
4980 0.1725716031683592 2.020607615489043
4981 0.1725585211449029 2.020745485305518
4982 0.1725454117238891 2.020880311351631
4983 0.1725319267327322 2.02101912573705
4984 0.1725188685398802 2.021153549119149
4985 0.1725054847911259 2.02129218439527
4986 0.172492521989802 2.021428493661899
4987 0.1724795166368538 2.021564152054747
4988 0.1724664604077331 2.021699375056307
4989 0.1724533986983708 2.021834228219997
4990 0.1724403199252158 2.021968782191495
4991 0.1724272606426211 2.022103061100975
4992 0.172414230355622 2.022237085200572
4993 0.1724012341810407 2.022370863230346
4994 0.1723882745079164 2.022504392939778
4995 0.1723753517897997 2.022637667026043
4996 0.1723625137066915 2.022770712590137
4997 0.17234963674007 2.022903324666574
4998 0.1723368450931558 2.023035857271378
4999 0.1723241667347208 2.023168304148036
5000 0.1723115436213691 2.023300512239246
5001 0.1722989349479963 2.023432394807025
5002 0.1722863195137217 2.023563911656031
5003 0.1722736968915395 2.023695064415908
5004 0.1722610724756728 2.023825864300199
5005 0.1722484532936172 2.02395633284775
5006 0.1722358428490906 2.024086474268136
5007 0.1722232373279899 2.024216280899913
5008 0.1722106415402043 2.024345764987676
5009 0.1721980626297401 2.0244749420051
5010 0.1721855051330616 2.024603821854739
5011 0.1721729710161939 2.024732409017262
5012 0.1721604617390121 2.0248607073253
5013 0.1721479785693123 2.024988721157595
5014 0.1721355250617084 2.025116462556594
5015 0.1721231030516861 2.025243930865607
5016 0.172110710934821 2.025371125681067
5017 0.1720983480701397 2.025498046143396
5018 0.1720860142281947 2.025624692396457
5019 0.1720737088967935 2.025751064340969
5020 0.1720614319098817 2.025877162388452
5021 0.1720491831825673 2.026002986980136
5022 0.172036962584882 2.026128538237038
5023 0.1720247698136882 2.02625381575819
5024 0.1720126047285834 2.026378819699033
5025 0.1720004665066582 2.026503550199313
5026 0.1719883795311368 2.026625758036875
5027 0.1719760150402161 2.026751630512942
5028 0.1719640833487667 2.02687367694272
5029 0.1719518348218265 2.027000036186301
5030 0.1719401020705331 2.027121634869434
5031 0.1719280477376664 2.027244447195176
5032 0.1719160006143911 2.027367767129248
5033 0.1719041080874303 2.027490545489508
5034 0.171892242608561 2.0276133123548
5035 0.1718804538642538 2.027735552930546
5036 0.1718686617438311 2.027857655197586
5037 0.1718569170275004 2.027979297501616
5038 0.1718451677193868 2.028100757278467
5039 0.1718334568842695 2.028221809775312
5040 0.171821746127012 2.028342663303156
5041 0.171809990943235 2.028462760269094
5042 0.1717984317275375 2.028583531537829
5043 0.1717868078816075 2.028703493088111
5044 0.1717751793508073 2.02882319835234
5045 0.1717635783558309 2.028942568516869
5046 0.1717519969949218 2.029061743656024
5047 0.1717404473229968 2.029180602719968
5048 0.1717289206187147 2.029299268852836
5049 0.171717425946445 2.02941762652725
5050 0.1717059545012642 2.029535789768001
5051 0.1716945137851715 2.02965364530906
5052 0.1716830949876191 2.029771303617236
5053 0.1716717064097885 2.029888654790856
5054 0.1716603395591065 2.030005807835988
5055 0.1716490021477729 2.030122653395542
5056 0.1716376866141403 2.030239300757407
5057 0.1716264003297935 2.030355641251791
5058 0.1716151361828527 2.030471784216789
5059 0.1716039011824752 2.030587621013483
5060 0.1715926884148908 2.030703260743976
5061 0.1715815043212348 2.030818594348683
5062 0.1715703419072501 2.03093372990639
5063 0.1715592071724482 2.031048557776545
5064 0.1715480936413391 2.031163186414728
5065 0.1715370072185402 2.03127750717711
5066 0.171525940859009 2.031391626225069
5067 0.1715149009865898 2.03150543895291
5068 0.1715038802251494 2.031619048201612
5069 0.171492884701036 2.031732349687453
5070 0.1714819073405875 2.031845445741264
5071 0.1714709549506862 2.031958234894854
5072 0.1714600203860755 2.03207081841562
5073 0.1714491108617044 2.03218309703295
5074 0.1714382192086817 2.032295171135634
5075 0.1714273515052891 2.032406937863259
5076 0.1714165020489989 2.032518502682694
5077 0.1714056769994005 2.032629765157872
5078 0.1713948698035641 2.032740828154165
5079 0.1713840908350757 2.032851601409913
5080 0.1713733330526374 2.032962183513366
5081 0.1713626040721352 2.033072475849937
5082 0.1713518791247996 2.033182519953001
5083 0.1713411985323871 2.033292325340506
5084 0.1713305453028853 2.0334019571423
5085 0.1713199224899652 2.033511307447968
5086 0.1713093342254707 2.033620497907701
5087 0.1712988166190266 2.033729492547077
5088 0.171288372993701 2.033838409787589
5089 0.1712779757884442 2.033947079545915
5090 0.1712675829899597 2.034055528766167
5091 0.1712572800671476 2.034163183335334
5092 0.1712468430842437 2.034271178787062
5093 0.1712364266299661 2.034378792976214
5094 0.1712260186072512 2.034486150620204
5095 0.1712156257668889 2.034593176822827
5096 0.1712052413849602 2.034699981584278
5097 0.1711948752546964 2.034806476082526
5098 0.171184521296219 2.034912765445464
5099 0.1711741893768646 2.035018758839601
5100 0.1711638733657045 2.035124559495891
5101 0.1711535826151197 2.035230074093541
5102 0.1711433107277378 2.035335404349207
5103 0.1711330658550562 2.0354404552462
5104 0.1711228405078633 2.035545321512858
5105 0.1711126427941344 2.035649904680962
5106 0.171102466556601 2.035754309088361
5107 0.1710923201363121 2.035858442842959
5108 0.1710821965755207 2.035962406911367
5109 0.1710724209384019 2.036067029179409
5110 0.1710620307179884 2.036169407643676
5111 0.1710519720964787 2.036272651620806
5112 0.1710419673643911 2.036375829083785
5113 0.1710319862421517 2.03647870984211
5114 0.1710220286803977 2.036581421936681
5115 0.1710120898492478 2.036683831597934
5116 0.1710021740792642 2.036786077505786
5117 0.1709922781218124 2.036888027497765
5118 0.170982406787876 2.036989821360659
5119 0.1709725561426408 2.037091324057406
5120 0.1709627295124018 2.037192671432996
5121 0.1709529242057035 2.037293732005859
5122 0.1709431462100048 2.037394646372528
5123 0.1709333894428428 2.037495272628758
5124 0.1709236604668437 2.037595756338539
5125 0.1709138944565675 2.037695801918886
5126 0.170904201893431 2.037795813533828
5127 0.1708945392653993 2.037895569911365
5128 0.170884896828769 2.037995180623815
5129 0.1708752853846695 2.038094528371675
5130 0.1708656890087155 2.038193719778284
5131 0.1708561129698083 2.038292623988959
5132 0.1708465623076586 2.038391390203552
5133 0.1708370331696043 2.038489872290043
5134 0.1708275097906325 2.038588175845879
5135 0.1708179881513133 2.038686153857476
5136 0.1708084620946199 2.038783933946503
5137 0.1707989525295354 2.038881421889093
5138 0.1707894628993105 2.038978762800491
5139 0.1707799992280047 2.039075735793312
5140 0.1707704122074657 2.039172291630592
5141 0.1707610268181929 2.039269024224401
5142 0.1707517025073306 2.039365724983128
5143 0.1707424096920844 2.039462158845403
5144 0.1707331457775191 2.039558461117315
5145 0.1707238994726879 2.039654472176068
5146 0.1707146742855495 2.039750342216241
5147 0.1707054621742777 2.039845915607556
5148 0.1706962689004791 2.039941347953401
5149 0.1706870847773285 2.040036477789223
5150 0.1706779153933274 2.040131456793289
5151 0.1706687567497399 2.040226137451286
5152 0.1706596128445936 2.040320669664816
5153 0.1706504840361605 2.040414917697619
5154 0.1706413962515926 2.040509076076151
5155 0.1706323751146031 2.040603055110946
5156 0.1706234267862718 2.040697017538167
5157 0.1706145111592202 2.040790733983486
5158 0.1706056071216238 2.040884304370333
5159 0.1705966922212169 2.040977538698317
5160 0.1705877679703976 2.041070583207592
5161 0.1705788215883054 2.041163264121459
5162 0.1705698563526174 2.041255735787895
5163 0.170560873979756 2.041347858109631
5164 0.170551889728889 2.041439804558483
5165 0.1705429062594931 2.041531438639676
5166 0.1705339368093042 2.041622931981193
5167 0.1705249790836122 2.041714136470357
5168 0.1705160427314077 2.041805216642699
5169 0.170507124934692 2.041896022833467
5170 0.1704982335510602 2.041986717018255
5171 0.1704893584437542 2.042077132372131
5172 0.1704805058275757 2.042167429381153
5173 0.1704716705515397 2.042257453644175
5174 0.170462861392531 2.042347369058546
5175 0.1704540723174964 2.042437017230997
5176 0.1704453104798877 2.042526558476318
5177 0.1704365678096746 2.042615831594262
5178 0.1704278503903446 2.042704995538923
5179 0.1704191507458006 2.042793888950597
5180 0.17041045886723 2.042882665968354
5181 0.1704018028644679 2.042971166950771
5182 0.1703930860709143 2.043059386982975
5183 0.17038424254535 2.0431470425239
5184 0.1703753578613718 2.043234457450927
5185 0.1703665544997179 2.043321738138344
5186 0.1703578714127245 2.043409109292492
5187 0.1703492874478509 2.043496373594998
5188 0.1703407830344152 2.04358364527659
5189 0.1703323288741129 2.043670713880415
5190 0.1703240041727562 2.043757922013757
5191 0.1703156177991721 2.043844681190161
5192 0.1703072499357764 2.04393132432132
5193 0.1702989266190481 2.044017759553722
5194 0.1702906687955311 2.044104176475224
5195 0.1702824501610224 2.044190365240144
5196 0.1702742554924784 2.044276454304247
5197 0.170266055272405 2.044362227484857
5198 0.1702578476569623 2.044447839330411
5199 0.1702496185821907 2.044533102644684
5200 0.1702413793344496 2.044618198062881
5201 0.1702331236323619 2.044702955432037
5202 0.1702249436267451 2.044787770307217
5203 0.1702166762628235 2.044872065167318
5204 0.1702084055059099 2.044956181447678
5205 0.1702001338394525 2.045040001038735
5206 0.1701919165966634 2.045121598723737
5207 0.1701833647944437 2.045206976643895
5208 0.1701752591173041 2.045290637609109
5209 0.1701672051152284 2.045371903811241
5210 0.1701587908976251 2.045456735868304
5211 0.1701507768505097 2.045539785568962
5212 0.1701427763235611 2.045620506946341
5213 0.1701344139355838 2.045704740882377
5214 0.170126448362078 2.045787191236671
5215 0.1701184618609244 2.045867314699525
5216 0.1701101508316358 2.045950967500263
5217 0.1701022712704066 2.046030741136138
5218 0.1700940274934906 2.046114167971231
5219 0.1700862148618658 2.046193864515544
5220 0.1700780554976295 2.046277020063707
5221 0.1700703096975481 2.046356139354034
5222 0.1700622120155475 2.046436767112469
5223 0.1700541680863875 2.046517595487162
5224 0.1700462220998323 2.046598355829271
5225 0.1700383469193104 2.04667894869237
5226 0.1700305133765541 2.046759334397779
5227 0.1700227031655701 2.046839505443423
5228 0.1700149076641098 2.046919470079482
5229 0.1700071242777689 2.046999239332421
5230 0.169999353436344 2.047078820854362
5231 0.169991596274013 2.047158216868887
5232 0.1699838506603344 2.047237418968225
5233 0.1699761214815655 2.047316432477876
5234 0.1699684083631778 2.047395260071011
5235 0.1699607105595739 2.047473901490393
5236 0.16995302712587 2.047552355782383
5237 0.1699453574411897 2.047630623700475
5238 0.1699377010302915 2.047708707586687
5239 0.1699300570291608 2.047786611026368
5240 0.1699224263318348 2.047864332562626
5241 0.1699148094181958 2.047941874300836
5242 0.1699072073062343 2.048019239684188
5243 0.1698996208755485 2.048096432281798
5244 0.1698920504736644 2.048173455688377
5245 0.169884489425408 2.048250301072253
5246 0.169876945870136 2.048326972609137
5247 0.1698694290075502 2.048403498493936
5248 0.1698619172123985 2.048479838018276
5249 0.1698544176552539 2.04855600437161
5250 0.1698469255914121 2.048631975145608
5251 0.1698390898841754 2.048707011149442
5252 0.1698316428545154 2.04878266946381
5253 0.1698242664264573 2.048858322161003
5254 0.1698169115430773 2.048933865805386
5255 0.1698095735722775 2.049009270848833
5256 0.1698022533987243 2.049084522167245
5257 0.1697949502219145 2.049159608472116
5258 0.1697876618771517 2.049234520057019
5259 0.1697803864945533 2.049309249779746
5260 0.1697731218654613 2.049383791652331
5261 0.1697658669319984 2.049458144981966
5262 0.1697586218328962 2.049532312679081
5263 0.1697513884148681 2.049606301315615
5264 0.16974416784365 2.049680114923335
5265 0.1697369586968976 2.049753753580934
5266 0.169729760309571 2.049827218068346
5267 0.1697225729516167 2.049900509770062
5268 0.1697153983243528 2.049973631716337
5269 0.1697082405146634 2.050046590663912
5270 0.1697010950849374 2.050119384817711
5271 0.1696939628154202 2.050192013778152
5272 0.1696868443585645 2.050264478025725
5273 0.1696797390244528 2.050336774383137
5274 0.1696726469394393 2.050408902765088
5275 0.1696655686857512 2.050480864796748
5276 0.1696585038504745 2.050552661782882
5277 0.169651453272783 2.050624291952724
5278 0.1696444152816558 2.050695754960326
5279 0.1696373907885021 2.050767053519051
5280 0.1696303793306048 2.050838186881993
5281 0.1696233817407188 2.050909156605788
5282 0.1696163981028604 2.050979962888503
5283 0.1696094292873882 2.051050603576337
5284 0.1696024735163809 2.051121078629258
5285 0.1695955299718414 2.051191388986453
5286 0.1695885984672891 2.051261530955443
5287 0.1695817313287492 2.05133156347718
5288 0.1695748223608147 2.051401421096254
5289 0.1695679155797826 2.051471049997197
5290 0.1695610192419599 2.051540487902227
5291 0.1695541255913545 2.051609762114116
5292 0.1695472590909579 2.051678926864786
5293 0.1695404075948895 2.051747878831282
5294 0.1695335701410484 2.051816685247656
5295 0.1695267451954839 2.051885337320077
5296 0.1695199325810317 2.051953828921361
5297 0.1695131323896566 2.05202215800005
5298 0.1695063444759523 2.052090324122125
5299 0.1694995689300969 2.052158328360187
5300 0.1694928059717861 2.052226171239457
5301 0.1694860555491826 2.052293852519996
5302 0.1694793127251513 2.052361357295336
5303 0.1694725861425095 2.052428713801192
5304 0.1694658720351725 2.052495912005099
5305 0.1694591701994688 2.052562950796575
5306 0.169452480337334 2.052629829168926
5307 0.1694458022586149 2.052696545017978
5308 0.1694391369430764 2.052763100614093
5309 0.1694324861984486 2.052829499140606
5310 0.1694258462542678 2.052895739731737
5311 0.1694192173120798 2.052961824647914
5312 0.1694126004051635 2.053027754872063
5313 0.1694059963598499 2.05309353082248
5314 0.1693994056475838 2.053159152726741
5315 0.1693928285439899 2.053224620907579
5316 0.1693862652136232 2.053289935787442
5317 0.1693797157392889 2.053355097836304
5318 0.1693731800585955 2.053420107554687
5319 0.1693666584490091 2.053484965636387
5320 0.1693601508722032 2.053549672357641
5321 0.1693536573808501 2.053614228161876
5322 0.1693471779466101 2.053678633378168
5323 0.1693407117935433 2.053742886208255
5324 0.1693342590158625 2.053806987331003
5325 0.1693278199772751 2.053870937941555
5326 0.1693213949320988 2.053934739306583
5327 0.1693149840734766 2.053998392410005
5328 0.1693085874405295 2.054061897728936
5329 0.1693022050039003 2.054125255331941
5330 0.1692958362516079 2.054188464498438
5331 0.1692894812727001 2.054251525506055
5332 0.1692831402370222 2.054314438304571
5333 0.1692768138355408 2.054377203910535
5334 0.169270502686855 2.054439826671136
5335 0.1692642064626688 2.05450230659952
5336 0.169257924369774 2.054564641829373
5337 0.169251655651782 2.054626829202858
5338 0.1692454003156535 2.054688870598719
5339 0.1692391584953728 2.054750765560984
5340 0.1692329300455908 2.054812513972858
5341 0.169226714849319 2.054874109879706
5342 0.1692205124780021 2.054935559194986
5343 0.1692143211758824 2.054996856242423
5344 0.1692081394810798 2.055057994820494
5345 0.1692019688473436 2.055118984614017
5346 0.1691958107485591 2.055179832802971
5347 0.1691896667040757 2.055240543002751
5348 0.169183537634966 2.055301115930491
5349 0.1691774222297217 2.055361547277783
5350 0.1691713234855151 2.055421841805163
5351 0.1691652394761426 2.055481995105553
5352 0.1691591692766637 2.055542005154701
5353 0.1691531123898671 2.055601870605465
5354 0.1691470679468163 2.055661587356822
5355 0.1691410343268827 2.05572114533723
5356 0.1691350113147641 2.055780547275174
5357 0.1691290009384739 2.055839810778409
5358 0.1691230047159341 2.05589893831405
5359 0.1691171933490724 2.055958493126838
5360 0.1691112241572468 2.056017321855497
5361 0.1691052459697484 2.056075965082386
5362 0.1690992819768766 2.056134482518567
5363 0.169093532866983 2.056193285053415
5364 0.169087595628187 2.05625155829646
5365 0.1690816451822057 2.056309632711806
5366 0.1690757057057337 2.056367550417765
5367 0.1690697794421413 2.056425320306691
5368 0.1690638670703483 2.056482954750033
5369 0.16905793959498 2.056540388323096
5370 0.1690521156180374 2.056597965933572
5371 0.1690462539390277 2.056655230671332
5372 0.1690404021613365 2.056712328903346
5373 0.1690345622019153 2.056769275631974
5374 0.1690287360191255 2.056826083889188
5375 0.1690229243841347 2.056882767700075
5376 0.1690169553554773 2.05693890190897
5377 0.169011171527339 2.056995328817219
5378 0.1690054369053935 2.0570517181696
5379 0.1689997316984046 2.057108016840462
5380 0.1689940494359088 2.05716419371512
5381 0.1689883858426624 2.057220244293231
5382 0.1689827369352793 2.057276159205902
5383 0.1689771008326624 2.057331938527382
5384 0.1689714770232411 2.057387583905767
5385 0.1689658651012848 2.057443094067183
5386 0.1689602636994992 2.057498463136522
5387 0.1689546723194024 2.057553688898921
5388 0.1689490759666354 2.057608718118625
5389 0.1689435035894758 2.057663655883534
5390 0.1689379364558242 2.057718434097704
5391 0.1689323710940073 2.057773047954615
5392 0.1689268082446835 2.057827502006416
5393 0.1689212500557316 2.057881800428279
5394 0.1689156986297852 2.057935947787553
5395 0.1689101500462568 2.057989934593055
5396 0.1689046116022871 2.058043766587847
5397 0.1688990812098558 2.058097446875962
5398 0.1688935606603983 2.058150983857414
5399 0.1688880518728811 2.058204382191582
5400 0.1688825544908016 2.058257637774828
5401 0.1688770682755932 2.058310750105359
5402 0.1688717308659937 2.058363806350178
5403 0.1688662661188369 2.058416674766401
5404 0.168860805646242 2.05846938986042
5405 0.1688553594054235 2.058521956106366
5406 0.1688499245225184 2.058574369870452
5407 0.1688445007787018 2.058626634523875
5408 0.168839087582906 2.05867875147345
5409 0.168833684698758 2.058730721770623
5410 0.168828292090871 2.058782546381402
5411 0.1688229093370289 2.05883422523823
5412 0.168817536205522 2.058885758705063
5413 0.1688121724867462 2.0589371471128
5414 0.1688068173889546 2.058988385345708
5415 0.1688014713368899 2.059039474729469
5416 0.168796135788615 2.059090424915411
5417 0.1687908116885783 2.059141241198637
5418 0.1687855001111697 2.05919192611484
5419 0.1687802017490032 2.059242480657001
5420 0.1687749166907654 2.059292904382393
5421 0.1687696446430654 2.059343196210151
5422 0.1687643850553259 2.059393354734353
5423 0.1687591371951606 2.059443378290218
5424 0.1687539007198745 2.059493266299667
5425 0.1687486745642371 2.059543016916721
5426 0.1687434577394747 2.059592627576039
5427 0.1687382474941324 2.059642090223031
5428 0.1687330439513919 2.05969140822318
5429 0.1687278474331415 2.059740584721616
5430 0.1687226576323527 2.059789618598446
5431 0.1687174756845606 2.059838513333677
5432 0.1687123035510652 2.059887274692621
5433 0.1687071443991089 2.059935909305097
5434 0.1687020045141371 2.059984446679311
5435 0.168696887500128 2.060032894542477
5436 0.1686917840322377 2.060081195319616
5437 0.1686866824563744 2.060129312287627
5438 0.1686815791349577 2.060177272374633
5439 0.1686764752649574 2.060225082557253
5440 0.1686713728622275 2.060272735664977
5441 0.1686662741419207 2.060320238905395
5442 0.1686611813521695 2.060367594537403
5443 0.1686560965325592 2.060414808008439
5444 0.1686510217503406 2.060461885764973
5445 0.1686459578669986 2.060508829741988
5446 0.1686409054847806 2.060555642859984
5447 0.1686358647962963 2.060602326710034
5448 0.1686308361492644 2.060648885221405
5449 0.1686258185640906 2.060695308048114
5450 0.1686208114807281 2.060741602610335
5451 0.1686158143991925 2.06078776611763
5452 0.1686108269675189 2.060833798187287
5453 0.1686058487068952 2.060879697961563
5454 0.1686008791878186 2.060925462494012
5455 0.1685959158221942 2.060971084355587
5456 0.1685909578459321 2.061016561087935
5457 0.1685860062252179 2.061061895209916
5458 0.1685810605900558 2.061107086387934
5459 0.1685761217626552 2.061152139497056
5460 0.1685711911107721 2.061197058243646
5461 0.1685662653489858 2.061241829008356
5462 0.1685613488618682 2.061286466497477
5463 0.1685564484813783 2.061330990597266
5464 0.1685515643221437 2.061375402206208
5465 0.1685466986404596 2.061419706447006
5466 0.1685418491705384 2.061463890465526
5467 0.1685370143090809 2.06150795010694
5468 0.1685321914631689 2.061551882314999
5469 0.1685273017606342 2.061595626185969
5470 0.1685224880075943 2.061639187264011
5471 0.1685176973775024 2.061682701025872
5472 0.1685129186173439 2.061726112007244
5473 0.1685081488227451 2.061769393881638
5474 0.1685033857608301 2.061812535847739
5475 0.1684986280726258 2.061855533033488
5476 0.1684938758416496 2.061898385919585
5477 0.1684892173686374 2.061941320299039
5478 0.1684844748411545 2.061982496052485
5479 0.1684794878274777 2.062025678934713
5480 0.1684747970418958 2.062066776099664
5481 0.1684698958795807 2.06211042810571
5482 0.1684653478486199 2.062151443890746
5483 0.1684605466575309 2.062192995086376
5484 0.1684556539108239 2.062234723056251
5485 0.1684509479789416 2.062276513828106
5486 0.1684462955844707 2.062318285725802
5487 0.1684416902936071 2.062359885979329
5488 0.1684370085868507 2.062401122250703
5489 0.1684324255750045 2.062442424989413
5490 0.168427851254559 2.062483584110741
5491 0.1684232793177233 2.062524597062659
5492 0.1684187025640443 2.062565413414804
5493 0.1684141271158483 2.062606102654057
5494 0.1684095513310715 2.062646597741551
5495 0.1684049785852635 2.062686983508437
5496 0.1684004080323472 2.062727174909523
5497 0.1683958424041562 2.062767269520934
5498 0.1683912814613723 2.06280717243903
5499 0.1683867263184212 2.062846985898298
5500 0.1683821786375119 2.062886611788151
5501 0.168377640294723 2.062926159731919
5502 0.1683731129255826 2.06296552908494
5503 0.1683685972980545 2.063004827836544
5504 0.1683640915397461 2.06304394398069
5505 0.1683595951321598 2.063082985520799
5506 0.1683551066834653 2.063121841418164
5507 0.1683506251992061 2.063160618279516
5508 0.1683461501937611 2.063199205244927
5509 0.1683416832964071 2.063237716296396
5510 0.1683372238676058 2.063276040601719
5511 0.1683327730420629 2.063314289830782
5512 0.1683283523206486 2.063352379802274
5513 0.1683239131237619 2.063390360193396
5514 0.1683194809076378 2.063428155195489
5515 0.1683150628255208 2.063465883517592
5516 0.1683106568303751 2.063503432620482
5517 0.1683062649087082 2.063540915137731
5518 0.1683018837054973 2.063578219725645
5519 0.1682975199423754 2.063615460220135
5520 0.168293166977069 2.063652517856395
5521 0.1682888250437561 2.063689503120145
5522 0.168284491929597 2.063726304231181
5523 0.1682801698097763 2.063763032041539
5524 0.1682758563840148 2.063799575467196
5525 0.1682715537490505 2.063836045811859
5526 0.1682672590624139 2.063872330975431
5527 0.1682629749071995 2.063908543347108
5528 0.1682586977006385 2.063944567135608
5529 0.1682544296328109 2.063980515375967
5530 0.1682501686551084 2.064016278402657
5531 0.1682459180758684 2.064051969908191
5532 0.1682416746529262 2.064087476238716
5533 0.1682374405865452 2.064122908319577
5534 0.1682332117343658 2.064158151302101
5535 0.1682289911470838 2.064193319595404
5536 0.1682247768199577 2.064228302564491
5537 0.1682205738986302 2.06426321772318
5538 0.168216377338478 2.064297947048256
5539 0.1682121874457382 2.064332596905266
5540 0.1682080007273597 2.064367054886347
5541 0.1682038197880208 2.064401431636153
5542 0.1681996420304395 2.064435616960974
5543 0.1681954705633452 2.064469721340142
5544 0.1681913027670568 2.064503635429841
5545 0.1681871422441976 2.064537470873634
5546 0.168182986301375 2.064571118415813
5547 0.1681788412479117 2.064604697711784
5548 0.1681747064621791 2.06463810503602
5549 0.1681705854995358 2.06467144634239
5550 0.1681664744557763 2.064704610177457
5551 0.1681623746481398 2.064737701703954
5552 0.1681582819115197 2.06477061010895
5553 0.1681541979169743 2.064803440748077
5554 0.1681501182324886 2.064836081954906
5555 0.1681460446404124 2.064868636763876
5556 0.1681419747690372 2.064901000265326
5557 0.1681379134528454 2.064933286882782
5558 0.1681338607008109 2.06496539875702
5559 0.168129819875818 2.064997437998897
5560 0.1681257858755559 2.06502929549735
5561 0.168121759238685 2.065061071110917
5562 0.1681177380434268 2.065092664091584
5563 0.1681137243750231 2.065124176534054
5564 0.1681097155618727 2.065155505782574
5565 0.1681057143151303 2.065186754204536
5566 0.168101718271868 2.06521782047737
5567 0.1680977305943998 2.065248807172146
5568 0.1680937482203798 2.065279612396335
5569 0.1680897744178092 2.065310338871222
5570 0.1680858077098641 2.065340890945451
5571 0.16808185351746 2.065371369480237
5572 0.1680779057116981 2.065401674005589
5573 0.1680739664621297 2.065431904174877
5574 0.1680700183898343 2.065461815326255
5575 0.168066091029572 2.065491805349492
5576 0.1680621760564527 2.065521635585344
5577 0.1680582699972534 2.065551378657187
5578 0.168054372105285 2.065580943825886
5579 0.1680504809371736 2.065610420104586
5580 0.1680465969789309 2.065639719608751
5581 0.1680427202023094 2.065668933752152
5582 0.1680388529960466 2.065697981755036
5583 0.1680349972305106 2.065726950340903
5584 0.1680311514938037 2.065755747608491
5585 0.1680273128431758 2.065784457250335
5586 0.1680234809875689 2.065812992436662
5587 0.1680196550598146 2.065841439853796
5588 0.1680158360580243 2.065869714355582
5589 0.1680120239160242 2.065897903801767
5590 0.168008220708948 2.065925924888
5591 0.168004322330798 2.065953700553192
5592 0.1680005387604308 2.065981459894733
5593 0.1679967726239181 2.066009158633573
5594 0.1679930187880903 2.066036702341907
5595 0.1679892724419003 2.066064168436947
5596 0.1679855381919711 2.066091474292735
5597 0.1679817448625266 2.066118409414191
5598 0.1679780228411097 2.06614546306079
5599 0.1679743242843705 2.066172483389972
5600 0.1679706389549485 2.066199344252849
5601 0.167966959826669 2.066226114924852
5602 0.1679632883139435 2.066252711332172
5603 0.1679596204645752 2.066279210026952
5604 0.1679559563568096 2.066305529087206
5605 0.1679522948020556 2.06633175289604
5606 0.1679486386006589 2.066357800199469
5607 0.1679449869563551 2.06638375558388
5608 0.1679413418291713 2.066409538360401
5609 0.1679377059182912 2.066435244889359
5610 0.1679340817060773 2.066460788958833
5611 0.1679304653719406 2.06648624603406
5612 0.1679268572240721 2.066511533992485
5613 0.1679232516100725 2.066536729075223
5614 0.1679196524861799 2.066561754074935
5615 0.1679160591055377 2.06658669055025
5616 0.1679124728966615 2.066611456171369
5617 0.1679088921143092 2.066636133969317
5618 0.1679053203160744 2.066660645962912
5619 0.167901754372609 2.066685071021575
5620 0.1678981972407247 2.066709329484343
5621 0.1678946476565385 2.066733505900332
5622 0.1678911069735881 2.066757515729777
5623 0.1678875717462052 2.066781436715798
5624 0.1678840435897803 2.066805185564702
5625 0.1678805232062078 2.066828855262595
5626 0.1678770111347764 2.066852355916279
5627 0.1678735080715779 2.066875781573696
5628 0.1678700123614505 2.066899035273681
5629 0.1678665255539718 2.066922214660528
5630 0.1678630465317214 2.0669452210236
5631 0.1678595755718675 2.066968149935233
5632 0.1678561100831047 2.066990898197131
5633 0.167852652412685 2.067013566382787
5634 0.1678492010714174 2.067036054057712
5635 0.1678457605141558 2.06705847347947
5636 0.1678423246506319 2.067080709486298
5637 0.1678388961639909 2.067102872170673
5638 0.1678354726112784 2.067124853924726
5639 0.1678320604254362 2.067146775267375
5640 0.1678286560971331 2.067168521417702
5641 0.1678252639753451 2.067190204858218
5642 0.1678218770470275 2.067211702922206
5643 0.1678185001367055 2.067233132601391
5644 0.1678151272836899 2.067254374149809
5645 0.1678117658165401 2.067275550637823
5646 0.1678084094186572 2.067296543655588
5647 0.1678052390232818 2.067317820388518
5648 0.1678018971052762 2.0673385823763
5649 0.1677985436840239 2.067359222640533
5650 0.1677951978170056 2.067379679372795
5651 0.167791867035317 2.067400079134304
5652 0.1677885472574124 2.067420308805617
5653 0.1677852419322002 2.067440482144996
5654 0.167781947184766 2.067460488120926
5655 0.1677787319976355 2.067480495881588
5656 0.1677754563313674 2.067500296984943
5657 0.1677721845883701 2.067520003246162
5658 0.1677689265136811 2.067539542704797
5659 0.1677656797331288 2.06755900985308
5660 0.1677624439271923 2.067578312679162
5661 0.1677592160270382 2.067597536850307
5662 0.1677560097907251 2.06761662008907
5663 0.1677527950835419 2.067635589785484
5664 0.167749585843737 2.067654387784585
5665 0.1677464913044758 2.06767336199108
5666 0.1677432961945445 2.067691915685333
5667 0.1677400878126162 2.0677103352457
5668 0.1677368802800649 2.067728574432382
5669 0.1677336953021826 2.067745688923746
5670 0.167730229684373 2.067764329118952
5671 0.1677271186000961 2.067782522293431
5672 0.1677240577556668 2.067799470749841
5673 0.1677207031336906 2.067817825145565
5674 0.1677176670863571 2.067835687201343
5675 0.1677146490625945 2.067852312268082
5676 0.1677113304609372 2.067870281979043
5677 0.1677083152964762 2.067887748826148
5678 0.167705308501803 2.06790398910646
5679 0.1677019991068438 2.067921537124837
5680 0.1676989892154839 2.067938586095764
5681 0.1676959857338199 2.067954428008067
5682 0.1676926808943187 2.067971549920956
5683 0.1676896754941128 2.067988184437312
5684 0.167686678293743 2.068003633245471
5685 0.16768338227167 2.068020341689941
5686 0.1676803878913945 2.068036577194092
5687 0.1676774032957785 2.068051650331637
5688 0.1676741257459409 2.068067967130494
5689 0.1676711708680034 2.068082891904868
5690 0.1676679297264286 2.068099013451751
5691 0.1676649999592657 2.068113816037357
5692 0.1676618196024433 2.068129751942635
5693 0.167658935854075 2.06814428221614
5694 0.1676557632193688 2.068159930845904
5695 0.1676528793966151 2.068174242729132
5696 0.16764972599729 2.068189653130027
5697 0.1676468604480781 2.068203680284963
5698 0.1676437074318785 2.068218798050764
5699 0.1676408419844674 2.068232598946784
5700 0.1676377034169045 2.068247480080034
5701 0.1676348521491377 2.06826100409592
5702 0.1676316720168312 2.068275502187761
5703 0.1676288095557963 2.0682887618903
5704 0.1676257159488865 2.068302211690678
5705 0.1676226140460471 2.068316682200402
5706 0.1676198555646728 2.068329708971375
5707 0.1676168281970711 2.068342871233736
5708 0.1676137823329113 2.068356081900184
5709 0.1676107897624826 2.068369272152498
5710 0.1676078471124282 2.068382387797345
5711 0.1676049356539132 2.068395395359055
5712 0.1676020438666077 2.068408289535781
5713 0.1675991616576558 2.068421050240556
5714 0.1675962820596013 2.068433669981875
5715 0.1675934016323049 2.0684461448551
5716 0.1675905186874847 2.068458468701829
5717 0.1675876030210442 2.068470624366336
5718 0.1675847160037024 2.068482634410283
5719 0.1675818262572275 2.068494504585413
5720 0.167578934902098 2.068506233467689
5721 0.1675760343813816 2.06851866624533
5722 0.1675733961701213 2.06852961314924
5723 0.1675704280633993 2.068540590817431
5724 0.1675674157515563 2.06855159462872
5725 0.1675644540256085 2.068562579738184
5726 0.1675615461607272 2.06857349831916
5727 0.16755867396017 2.068584318084656
5728 0.1675558206464533 2.068595021062241
5729 0.1675529757257414 2.06860559832344
5730 0.1675501358349682 2.068616050064277
5731 0.1675473007462612 2.068626378570016
5732 0.167544466248769 2.068637396696093
5733 0.167541899140823 2.068647065528968
5734 0.1675390114616465 2.06865672429385
5735 0.16753608196933 2.068666395080305
5736 0.1675331984005889 2.068676041207734
5737 0.1675303656635041 2.068685623904873
5738 0.1675275672822104 2.068695113698897
5739 0.1675247888897808 2.068704494804702
5740 0.1675220223062966 2.068713760612863
5741 0.1675192636172595 2.068722908510506
5742 0.1675165117319184 2.068731937829031
5743 0.1675137667242329 2.068740848074507
5744 0.1675110286944357 2.068749638062624
5745 0.167508297755793 2.068758306763697
5746 0.1675055726974347 2.068766848963744
5747 0.1675028535905402 2.068775265860114
5748 0.1675001408493478 2.068783559599213
5749 0.1674974348394213 2.068791730508917
5750 0.1674946089087141 2.068799459431486
5751 0.1674918829144239 2.068807289394445
5752 0.1674891885675525 2.068815060243441
5753 0.1674865112055482 2.068822736585167
5754 0.1674838468390816 2.068830306601692
5755 0.1674811950678018 2.068837767130021
5756 0.1674785523889796 2.068845106649591
5757 0.1674759151026339 2.068852319044592
5758 0.1674732486866011 2.068859359981587
5759 0.1674706115595999 2.068866290922112
5760 0.1674679887173937 2.068873111986415
5761 0.167465374330516 2.06887981848722
5762 0.1674627652328288 2.068886400703463
5763 0.1674601602936521 2.068892854239919
5764 0.1674575565494839 2.068899167182281
5765 0.1674549549343028 2.068905342167336
5766 0.1674523889838593 2.068912128330512
5767 0.1674500033101959 2.068917669674316
5768 0.1674473203504333 2.068923130122234
5769 0.1674446348636368 2.068929321843771
5770 0.1674421821075745 2.068934501024377
5771 0.1674395245998745 2.068939618066159
5772 0.1674368452263551 2.068944717767751
5773 0.1674342052671109 2.068949779252885
5774 0.1674316067712091 2.068954769869629
5775 0.1674290370189926 2.068959663103615
5776 0.1674265170745464 2.068965145773461
5777 0.1674241843041125 2.068969535398745
5778 0.1674215771984394 2.06897380698257
5779 0.1674189713630566 2.068978753115723
5780 0.1674165808253427 2.068982724322319
5781 0.1674139783439642 2.068986613036765
5782 0.1674113578094668 2.068990486722329
5783 0.1674087661721897 2.068994277105074
5784 0.1674062352095027 2.068998058752801
5785 0.1674037378446935 2.069001758182279
5786 0.1674012621912481 2.069005357567882
5787 0.1673988410886085 2.069009521017027
5788 0.1673966055396259 2.069012673491573
5789 0.1673941061579695 2.069015690022207
5790 0.1673915660373111 2.069018666365281
5791 0.1673890637226511 2.069021593449326
5792 0.1673867492136288 2.069024831405894
5793 0.1673843124534162 2.069027587891964
5794 0.1673818681402234 2.069030153150841
5795 0.1673794327265065 2.069032592425144
5796 0.1673770072797219 2.069034918246962
5797 0.1673745916674786 2.069037132932345
5798 0.1673721865212371 2.069039238038871
5799 0.1673697925615859 2.06904123404207
5800 0.1673674095559724 2.069043119307684
5801 0.1673650365148575 2.069044890708625
5802 0.1673626739645206 2.069046550120888
5803 0.167360322005011 2.069048095250003
5804 0.1673579786753187 2.069049521387694
5805 0.1673556460977297 2.069050834966537
5806 0.167353317975831 2.069052023412068
5807 0.1673509916512492 2.069053081104099
5808 0.1673486679759026 2.069054009885948
5809 0.1673463484758011 2.069054813178193
5810 0.1673440346830561 2.06905549450526
5811 0.1673417286563703 2.069056058159622
5812 0.1673394306836287 2.069056504712487
5813 0.1673371408277338 2.069056834185097
5814 0.167334858903997 2.069057046141198
5815 0.1673325850776084 2.069057140789943
5816 0.1673303192774976 2.069057118076211
5817 0.1673280613210286 2.069056977637726
5818 0.1673258114388711 2.06905672026724
5819 0.1673235692095572 2.069056344676935
5820 0.1673213341881947 2.069055850251841
5821 0.1673191091212809 2.069055246914428
5822 0.1673168943336515 2.069054536857347
5823 0.1673146879293987 2.069053715477324
5824 0.1673124887679953 2.069052779016686
5825 0.1673102952071338 2.069051722978929
5826 0.1673081054260576 2.06905054124189
5827 0.1673059174254936 2.069049224859847
5828 0.1673037332222478 2.069047781735836
5829 0.1673015544471958 2.069046217160921
5830 0.1672993817561305 2.06904453332373
5831 0.1672972154452312 2.069042731105254
5832 0.1672950557960508 2.069040811314547
5833 0.1672929029344718 2.069038774238444
5834 0.1672907564141684 2.069036619040925
5835 0.1672886159670431 2.069034345233542
5836 0.1672864813691104 2.069031951122846
5837 0.1672843525468851 2.069029436355008
5838 0.1672822355523624 2.069026850248532
5839 0.1672801156507114 2.069024081044071
5840 0.1672777039989495 2.069020542096847
5841 0.1672755890211336 2.069017461649431
5842 0.1672735286853187 2.069014402728694
5843 0.1672713799413176 2.06901100160532
5844 0.1672693103013573 2.069007677968436
5845 0.1672672770835102 2.069004302084303
5846 0.1672652520494141 2.069000807777657
5847 0.1672632256421271 2.068997174345184
5848 0.1672611968664633 2.068993399076448
5849 0.1672591640333588 2.068989473687184
5850 0.1672571290917634 2.068985402840553
5851 0.1672550933302998 2.068981191570207
5852 0.1672530576050826 2.068976843160967
5853 0.1672510227996015 2.068972360345952
5854 0.1672489898984527 2.068967745114978
5855 0.1672469627920292 2.06896300543761
5856 0.1672449403172686 2.068958140744566
5857 0.1672429212348678 2.068953149034948
5858 0.1672409053012086 2.068948030437891
5859 0.1672388925266662 2.068942785203185
5860 0.1672368832245974 2.068937414077193
5861 0.1672348778312242 2.068931918022032
5862 0.1672328768337341 2.068926298089546
5863 0.1672308808962713 2.068920555791128
5864 0.1672288907610756 2.068914692926261
5865 0.1672269070097611 2.068908711095127
5866 0.1672249285954992 2.068902599163186
5867 0.1672229580487462 2.068896382596567
5868 0.1672209947964459 2.068890049429391
5869 0.1672190387762264 2.068883598237552
5870 0.167217089601897 2.068877028563261
5871 0.1672151469182847 2.06887033992979
5872 0.1672132104623028 2.068863531818924
5873 0.1672112802924582 2.068856604339373
5874 0.1672093558200703 2.068849556466475
5875 0.1672074368568708 2.068842387966484
5876 0.1672055231657294 2.068835098451709
5877 0.1672036146349196 2.068827687765844
5878 0.1672016508868261 2.068819940837564
5879 0.1671997451669958 2.068812265211544
5880 0.1671978549778124 2.068804508141461
5881 0.1671959734332509 2.068796643783752
5882 0.1671940999332164 2.068788669468478
5883 0.1671922320556558 2.068780575447084
5884 0.16719036664175 2.06877235449132
5885 0.1671885114552167 2.068764026701399
5886 0.1671866639261758 2.068755585206464
5887 0.1671848231472078 2.068747027709713
5888 0.1671825221540959 2.068737385219986
5889 0.167180718120563 2.068728548426119
5890 0.1671789876385401 2.068719821122104
5891 0.1671772598793125 2.068710955101744
5892 0.16717552021019 2.068701952274831
5893 0.1671737707216532 2.068692810629702
5894 0.1671720144677768 2.068683529444293
5895 0.1671702538271592 2.068674109752459
5896 0.1671684910679286 2.068664554014293
5897 0.1671667271811787 2.068654863771429
5898 0.1671649622610211 2.068645039142824
5899 0.167163196912516 2.068635081476714
5900 0.1671614294335761 2.068624981593111
5901 0.1671596617475885 2.068614746423212
5902 0.1671578953174715 2.068604381102717
5903 0.1671561312089095 2.068593888835007
5904 0.1671543699668417 2.068583271177681
5905 0.1671526126271915 2.068572530636009
5906 0.1671508596059563 2.06856166834367
5907 0.1671491108380877 2.068550684061573
5908 0.1671473661458668 2.06853957710533
5909 0.167145625607341 2.068528347360353
5910 0.1671438893091537 2.068516994757899
5911 0.1671421568869096 2.068505516670692
5912 0.1671404298604044 2.068493917447456
5913 0.167138707858851 2.068482197237729
5914 0.1671369900777912 2.068470354734658
5915 0.1671352756821394 2.06845838825361
5916 0.1671335651375427 2.068446298917538
5917 0.1671318579575128 2.068434083962936
5918 0.1671301545594649 2.068421745341671
5919 0.1671284554500397 2.068409284594849
5920 0.1671267606777916 2.068396702260515
5921 0.1671250704167539 2.068383998930071
5922 0.1671233847015062 2.068371174690329
5923 0.1671217031753167 2.068358228808646
5924 0.1671200249489009 2.068345159477974
5925 0.1671183505859046 2.068331968143889
5926 0.1671166807274708 2.068318656318991
5927 0.167115008415095 2.068305230585731
5928 0.1671133503502169 2.068291678461096
5929 0.1671116837646877 2.068277982379135
5930 0.1671100364629198 2.068264188349859
5931 0.167108396427691 2.068250284149671
5932 0.167106761551912 2.068236263572428
5933 0.1671051317048411 2.068222124837765
5934 0.1671035073816854 2.068207868361787
5935 0.1671018887056051 2.068193494442675
5936 0.1671002759650006 2.068179003942689
5937 0.167098668820785 2.068164396036575
5938 0.1670970670800098 2.068149670213081
5939 0.1670954707240206 2.068134826467185
5940 0.1670938797487262 2.068119864857501
5941 0.1670922942112815 2.068104785883392
5942 0.1670907140226938 2.068089589964512
5943 0.1670891394115582 2.068074276777938
5944 0.1670875701778756 2.068058846337695
5945 0.1670860061839341 2.068043298474471
5946 0.1670844472013921 2.068027632806722
5947 0.1670828930568409 2.068011849070967
5948 0.1670813436722372 2.067995947270745
5949 0.1670797988897637 2.067979927130724
5950 0.1670782583961897 2.067963788045605
5951 0.1670767223781969 2.067947530263061
5952 0.1670751907779496 2.067931153561994
5953 0.1670736634556685 2.067914657694873
5954 0.1670721407888305 2.067898044066193
5955 0.16707062346867 2.067881314145235
5956 0.1670688923046112 2.067864252405505
5957 0.1670673493554915 2.067847015412114
5958 0.1670656460429357 2.067829800791283
5959 0.1670642071590361 2.067812354903125
5960 0.1670626510132302 2.067795180351244
5961 0.1670610326463084 2.067777511643542
5962 0.1670597303288505 2.067759937034066
5963 0.1670582772557416 2.067742629507333
5964 0.1670567326651937 2.067724757943569
5965 0.1670554727532653 2.067706888535167
5966 0.1670540309859883 2.067689247506355
5967 0.1670524840127683 2.067671003090284
5968 0.167051209988276 2.067652707744368
5969 0.1670497501523174 2.067634660957256
5970 0.1670481858344726 2.067616001173038
5971 0.1670466333841024 2.067597100912825
5972 0.1670451225030719 2.06757821624691
5973 0.1670436559368799 2.067559254872652
5974 0.1670422132184341 2.067540252423822
5975 0.167040796568565 2.0675211554402
5976 0.1670393828153914 2.067501964633679
5977 0.1670379850408655 2.067482665849633
5978 0.1670365807242995 2.067463246852367
5979 0.1670351894842467 2.067443715543289
5980 0.1670337888122626 2.067424052454702
5981 0.1670324007613648 2.067404276675687
5982 0.1670310022014353 2.067384362326677
5983 0.1670296171900299 2.067364337117596
5984 0.1670282218687552 2.067344172726925
5985 0.1670268412596476 2.067323901605095
5986 0.1670254519921394 2.067303494201306
5987 0.1670240788631996 2.067282984160703
5988 0.1670226977417912 2.067262338996313
5989 0.1670213333296258 2.067241592932342
5990 0.1670199609853652 2.067220712224441
5991 0.1670186052208822 2.067199730162868
5992 0.1670172422281915 2.067178614904069
5993 0.1670158970792842 2.067157401347836
5994 0.1670145440309031 2.067136054623201
5995 0.1670132076882592 2.067114608213701
5996 0.1670118636778753 2.067093030520114
5997 0.1670105347550233 2.067071347005151
5998 0.1670091959202368 2.067049524643353
5999 0.1670078708145093 2.067027590205269
6000 0.1670065358845059 2.067005516584324
6001 0.1670052156141219 2.066983335170699
6002 0.1670038862177286 2.066961019535874
6003 0.1670025729528525 2.066938602443361
6004 0.1670012510090838 2.066916053623982
6005 0.1669999442647841 2.066893400865765
6006 0.1669986281731128 2.066870615306958
6007 0.1669973281898491 2.066847727662231
6008 0.166996019212677 2.066824708599599
6009 0.1669947231558665 2.066801581468536
6010 0.1669934147377421 2.066778315887184
6011 0.1669921188845913 2.066754941114978
6012 0.1669908111734444 2.066731430062821
6013 0.166989516774696 2.066707810244557
6014 0.1669882120581594 2.06668405710088
6015 0.1669869222283454 2.066660198101346
6016 0.1669856234849724 2.066636208961512
6017 0.1669843406955401 2.066612115315833
6018 0.1669830496117728 2.066587893291083
6019 0.166981773733248 2.066563565638608
6020 0.1669804890471192 2.066539107881064
6021 0.1669792200721699 2.066514543875184
6022 0.1669779430557114 2.066489852318779
6023 0.1669766824519488 2.066465056437499
6024 0.1669754144073524 2.066440135350669
6025 0.1669741627081939 2.066415109574791
6026 0.1669729034571775 2.066389958796307
6027 0.1669716604929102 2.066364702906002
6028 0.1669704098847161 2.066339322456123
6029 0.1669691753498876 2.066313837305358
6030 0.1669679340907499 2.066288228916086
6031 0.1669667095721316 2.066262515117809
6032 0.1669654784219135 2.066236679369378
6033 0.1669642633530355 2.066210737896419
6034 0.1669630418717019 2.066184676952212
6035 0.166961837002843 2.066158511935884
6036 0.1669606261488299 2.066132228929859
6037 0.1669594315837794 2.066105840199931
6038 0.1669582305737136 2.066079332168534
6039 0.166957044035893 2.066052710568403
6040 0.1669558522627518 2.066025972533141
6041 0.1669546784427612 2.065999136454013
6042 0.1669534981460752 2.065972185749882
6043 0.166952332425245 2.065945128497408
6044 0.1669511585494703 2.065917953180086
6045 0.1669501867136746 2.065891148392793
6046 0.1669490958007204 2.065863939530519
6047 0.1669479685626495 2.065836486449027
6048 0.1669468058141907 2.065808859652214
6049 0.1669456388817393 2.065781074764618
6050 0.1669444599072059 2.06575317146646
6051 0.1669432903531383 2.065725144747921
6052 0.1669421164877918 2.065697020442491
6053 0.1669409534830152 2.065668767954949
6054 0.1669397880655788 2.065640424525348
6055 0.1669386419521934 2.065611979517889
6056 0.1669374975356465 2.065583455393913
6057 0.1669363729648933 2.065554828522233
6058 0.1669352493756458 2.06552611939262
6059 0.1669341450145286 2.06549730366564
6060 0.1669330408006695 2.065468402641943
6061 0.1669319549000777 2.065439390454038
6062 0.1669308676301151 2.065410288027475
6063 0.1669297969531289 2.065381068040024
6064 0.1669287231436137 2.065351753180414
6065 0.1669276641519413 2.065322314820254
6066 0.1669265997770486 2.065292776232404
6067 0.1669255980496894 2.065263273255546
6068 0.1669245494480216 2.065233534941715
6069 0.1669235010610265 2.065203621651434
6070 0.166922441446808 2.065173590273047
6071 0.1669213911547045 2.065143419947535
6072 0.1669203328501368 2.065113143954262
6073 0.1669192851465029 2.065082733194575
6074 0.1669182302048557 2.065052218646335
6075 0.1669171860645082 2.065021569561324
6076 0.1669161344610489 2.064990815316871
6077 0.1669150931722939 2.064959925238425
6078 0.1669140437771142 2.06492892800242
6079 0.1669130163280611 2.06489783155205
6080 0.1669119730118222 2.064866602605359
6081 0.166910933420452 2.064835223009685
6082 0.1669098837550564 2.064803724583795
6083 0.16690884542195 2.06477209980885
6084 0.1669077997982479 2.064740368338305
6085 0.1669067666441324 2.064708511584918
6086 0.1669057256902571 2.064676544765164
6087 0.1669046967400415 2.064644450771505
6088 0.1669036590403562 2.064612243369377
6089 0.1669026319322495 2.064579906255974
6090 0.1669015952859006 2.064547453907699
6091 0.1669005702229091 2.064514875307826
6092 0.1668995363863576 2.064482184281237
6093 0.1668985151968768 2.064449370223545
6094 0.1668974844452852 2.064416441105399
6095 0.1668964650331781 2.064383386338965
6096 0.1668954358054487 2.064350216241583
6097 0.1668943894255944 2.064316813623897
6098 0.1668933533572944 2.064283377249871
6099 0.1668923375661389 2.064249847987031
6100 0.1668913188738813 2.064216223668494
6101 0.1668903164305857 2.064182495578738
6102 0.1668893087798682 2.06414866219832
6103 0.1668883157931002 2.06411472494753
6104 0.1668873156025437 2.064080674187179
6105 0.1668863839872365 2.064046815060719
6106 0.1668853839992808 2.064012585915142
6107 0.1668843683957495 2.063978179672631
6108 0.1668833321638106 2.06394360456715
6109 0.166882303383826 2.063908945688695
6110 0.1668812752264331 2.063874104087959
6111 0.1668802662121428 2.06383917741225
6112 0.1668791914239982 2.063803974970303
6113 0.1668781861313771 2.063768779414208
6114 0.1668772149024986 2.063733514992448
6115 0.1668762637845204 2.063698224047705
6116 0.1668753181135484 2.063662804904119
6117 0.1668743700319416 2.063627291749197
6118 0.1668734125851273 2.063591592074944
6119 0.1668724439755044 2.063555840049609
6120 0.1668713329378908 2.063519498678735
6121 0.1668703138742629 2.063483408523063
6122 0.1668693583320657 2.063447300742733
6123 0.1668684390729712 2.063411177425726
6124 0.1668675464699721 2.063374961198913
6125 0.1668666663190587 2.063338684619567
6126 0.1668657974063865 2.063302282350925
6127 0.1668649289173189 2.063265792724804
6128 0.1668640628941079 2.063229154783057
6129 0.1668631905082479 2.063192412190046
6130 0.1668623162273759 2.063155509654694
6131 0.1668614325144774 2.063118494017524
6132 0.1668605455502344 2.063081293797802
6133 0.166859646673984 2.063044001155866
6134 0.166858745261406 2.06300654837668
6135 0.1668578368455609 2.06296898754661
6136 0.1668569298428138 2.062931274275425
6137 0.1668560125101514 2.062893445103731
6138 0.1668551001042591 2.062855475259151
6139 0.1668541834920577 2.062817409384389
6140 0.1668532708311999 2.06277919993332
6141 0.1668523552358654 2.062740897236098
6142 0.1668514446270283 2.062702454506693
6143 0.1668505315986528 2.062663920302338
6144 0.1668496246371706 2.062625248358219
6145 0.1668487167341872 2.062586489013936
6146 0.1668478160379895 2.062547594782406
6147 0.1668469149077182 2.062508614767161
6148 0.1668460213870565 2.062469500444535
6149 0.1668451276332481 2.062430300618673
6150 0.1668442397523732 2.062390960438585
6151 0.166843348253521 2.062351525132144
6152 0.1668424611422568 2.062311947016964
6153 0.1668415707183463 2.062272277189208
6154 0.1668406847434574 2.06223246612194
6155 0.1668397955711711 2.062192564518182
6156 0.1668389123202673 2.062152524732091
6157 0.1668380269882823 2.062112397023326
6158 0.1668371484817264 2.062072134129629
6159 0.1668362692008772 2.062031786450271
6160 0.1668353978704935 2.061991305721897
6161 0.1668345263080341 2.061950742846572
6162 0.1668336587492326 2.061910040951816
6163 0.1668327882737925 2.061869248158627
6164 0.1668319238549072 2.06182831896361
6165 0.166831057031598 2.061787302525099
6166 0.1668300677330277 2.061745671076985
6167 0.1668292001750812 2.061704420663487
6168 0.166828361478646 2.061663120750399
6169 0.1668275231829065 2.061621740133333
6170 0.1668266913337038 2.06158021941462
6171 0.1668258547200913 2.061538597543967
6172 0.1668250223486262 2.061496830406992
6173 0.1668241848525242 2.061454962704642
6174 0.1668233532549027 2.06141295449022
6175 0.166822515470748 2.061370844026952
6176 0.1668216823937258 2.061328595891011
6177 0.1668208431206388 2.061286255743673
6178 0.1668200098687816 2.061243778959474
6179 0.1668191725878687 2.061201203157315
6180 0.166818344655568 2.061158500152864
6181 0.1668175134952886 2.06111570127365
6182 0.1668166928768202 2.061072781469934
6183 0.1668158690428849 2.061029765391827
6184 0.1668150576189913 2.060986634529958
6185 0.1668142431625753 2.060943406271922
6186 0.1668134422946309 2.06090006963638
6187 0.1668126368406593 2.060856630263111
6188 0.1668118435122731 2.060813088887937
6189 0.1668110421795783 2.060769434268634
6190 0.1668102566266981 2.060725796986112
6191 0.1668096731943007 2.06068080936079
6192 0.1668088534396882 2.060638283581574
6193 0.1668079793723385 2.06059466324119
6194 0.1668072015910337 2.060548860827708
6195 0.1668062894547612 2.060505605389911
6196 0.1668053980703385 2.060461410815281
6197 0.1668045614663476 2.06041646833024
6198 0.1668037589547771 2.060371687794095
6199 0.1668029809194257 2.060326693670751
6200 0.1668022165939787 2.060281805239536
6201 0.1668014669209914 2.060236756458253
6202 0.1668007259647565 2.060191730951511
6203 0.1667999935177058 2.060146547563372
6204 0.166799263781209 2.060101335717923
6205 0.1667985366490332 2.06005596251093
6206 0.1667978066284174 2.060010524287152
6207 0.1667970762586326 2.059964924599342
6208 0.1667963422239446 2.059919253237019
6209 0.1667956076910147 2.059873425911239
6210 0.1667948692018878 2.059827521728199
6211 0.1667941297556689 2.059781459164737
6212 0.1667933875673898 2.059735321000162
6213 0.1667926459995059 2.059689031936762
6214 0.1667924492877501 2.059643610281985
6215 0.166791775224486 2.059597380917336
6216 0.1667909700638736 2.059550749460997
6217 0.1667913772697734 2.059507039702945
6218 0.1667907508262 2.059460582996143
6219 0.1667898315375937 2.059413206392654
6220 0.1667888473392623 2.059365561321622
6221 0.1667878474891063 2.059317725019545
6222 0.1667868759407382 2.05926988398153
6223 0.1667859233428798 2.059221948570418
6224 0.166785011866987 2.059174038731214
6225 0.1667841230908981 2.059126040696452
6226 0.1667830590929923 2.059077463280012
6227 0.1667821538438425 2.059029205676205
6228 0.1667813366636881 2.058981100668836
6229 0.1667793160569267 2.05892954855125
6230 0.1667783985515549 2.058880940572475
6231 0.1667778048950229 2.058833026492891
6232 0.1667773141000742 2.058785295866125
6233 0.1667768471354227 2.058737461029422
6234 0.1667763767169573 2.058689538339213
6235 0.1667758859224862 2.05864140504403
6236 0.1667753717126767 2.058593134492188
6237 0.1667748218697268 2.058544609279617
6238 0.1667742448862104 2.058495958341295
6239 0.1667736385528371 2.058447086740463
6240 0.166773008548334 2.058398088121435
6241 0.166772353797996 2.058348875143116
6242 0.1667716822013988 2.058299551813123
6243 0.1667709924884718 2.058250030202396
6244 0.1667702936476988 2.058200415178169
6245 0.1667695834776603 2.058150617924593
6246 0.1667688694200458 2.05810074181813
6247 0.1667681498865648 2.058050696694784
6248 0.1667674317625744 2.058000585077156
6249 0.1667667115321221 2.057950312500034
6250 0.1667659963169754 2.057899982537038
6251 0.166765281729246 2.057849498451245
6252 0.1667645733121186 2.057798960778381
6253 0.1667638664408762 2.057748272017041
6254 0.1667631662844045 2.057697531655818
6255 0.1667624673905974 2.057646640520394
6256 0.1667617733513631 2.057595694116869
6257 0.166761078671089 2.05754459266136
6258 0.1667603892019899 2.05749343675842
6259 0.1667596996162727 2.057442127087634
6260 0.1667590158113349 2.057390764052466
6261 0.1667583318665641 2.057339246949744
6262 0.1667576535607165 2.05728767727012
6263 0.166756975803306 2.057235956290938
6264 0.1667563039804461 2.057184183879755
6265 0.1667556308922293 2.057132255412346
6266 0.1667549590477701 2.057080257101751
6267 0.1667542820318696 2.057028089657032
6268 0.1667536082464283 2.05697586322283
6269 0.1667529325892596 2.056923479307113
6270 0.1667522611168869 2.056871040626898
6271 0.1667515868329323 2.056818443399969
6272 0.1667509136436313 2.056765748604363
6273 0.1667502388496325 2.056712906453249
6274 0.1667495671003004 2.056660034751318
6275 0.1667488916679315 2.056607007017815
6276 0.1667482645359701 2.056554025320453
6277 0.1667475966574854 2.056500801495089
6278 0.1667469219872648 2.056447495143906
6279 0.1667462432741091 2.05639401914825
6280 0.1667455674292075 2.056340483637135
6281 0.1667448899153506 2.056286787090521
6282 0.1667442168657254 2.056233038238681
6283 0.1667435430437589 2.056179133480866
6284 0.1667428737334578 2.056125177331483
6285 0.1667422031399064 2.056071063901526
6286 0.1667415366224955 2.056016897722137
6287 0.1667408679525047 2.055962572148809
6288 0.1667402024481198 2.055908191669031
6289 0.166739534016758 2.055853650596241
6290 0.1667388690276082 2.055799056568448
6291 0.16673820140005 2.055744302875027
6292 0.1667375373471395 2.055689496220683
6293 0.1667368707506743 2.055634528639377
6294 0.1667362074052131 2.055579506003924
6295 0.1667355421623024 2.055524323020156
6296 0.1667348818315714 2.055469089885254
6297 0.1667342194947951 2.055413696748499
6298 0.1667335610690773 2.055358251815639
6299 0.1667328999140179 2.055302645215506
6300 0.166732242291141 2.055246986162927
6301 0.1667315813877538 2.055191164034381
6302 0.1667308706607911 2.055135162151156
6303 0.1667301970276029 2.055079080119241
6304 0.1667295403931697 2.05502298505833
6305 0.1667288839061609 2.054966741636978
6306 0.166728231786646 2.054910451041102
6307 0.1667276263881221 2.054854186310785
6308 0.1667269761251412 2.054797681482739
6309 0.1667263087452064 2.05474097536103
6310 0.1667256401690398 2.054684201374692
6311 0.166724965526477 2.05462725956818
6312 0.1667242932410277 2.054570264448477
6313 0.1667236177407977 2.054513110939195
6314 0.1667229462439374 2.054455907475465
6315 0.1667222710580094 2.054398543405819
6316 0.1667215995515043 2.054341126482631
6317 0.1667209244210839 2.054283546950409
6318 0.1667202532538099 2.054225914578003
6319 0.1667195789332366 2.054168120905715
6320 0.1667183609157679 2.054108694215804
6321 0.1667176215964384 2.054050546116235
6322 0.1667170049451161 2.053992668022214
6323 0.1667164318943265 2.053934751964324
6324 0.1667158577131318 2.053876751822889
6325 0.166715288457148 2.053818613572103
6326 0.1667147047602264 2.053760361557062
6327 0.1667141215387329 2.053701963769403
6328 0.1667135223654713 2.053643449978112
6329 0.1667129228343439 2.05358479244743
6330 0.1667123081725685 2.05352602433867
6331 0.1667116943896727 2.053467116672855
6332 0.1667110673770933 2.053408103644981
6333 0.1667104429153387 2.053348955461494
6334 0.1667098074376351 2.053289707785933
6335 0.166709176465579 2.05323032996318
6336 0.1667085351833254 2.053170853789559
6337 0.1667078996041389 2.053111251146257
6338 0.1667072574189071 2.053051560854585
6339 0.1667066231660144 2.052991751222349
6340 0.1667059671905199 2.052931799388625
6341 0.1667053342079109 2.05287178248861
6342 0.1667047029587163 2.05281169789082
6343 0.1667040837540043 2.052751501081881
6344 0.1667034592051025 2.052691217446407
6345 0.1667028442642882 2.052630815478145
6346 0.1667022253102886 2.052570330814328
6347 0.1667016162888244 2.052509729519719
6348 0.166701003645716 2.052449047003217
6349 0.1667004010398585 2.052388248487292
6350 0.1666997946391395 2.052327368206543
6351 0.1666990049966507 2.052265804763771
6352 0.1666983612746965 2.052204659019862
6353 0.1666977705799484 2.052143480796776
6354 0.1666972072571072 2.052082299228629
6355 0.1666966492074549 2.052020984303177
6356 0.1666960937996306 2.051959610025956
6357 0.1666955330883936 2.051898077857978
6358 0.1666949715472513 2.051836478144095
6359 0.1666944045638062 2.051774717009317
6360 0.1666938388532964 2.051712896558591
6361 0.166693267690168 2.051650919520927
6362 0.1666926940958562 2.051588873898234
6363 0.1666921144497093 2.05152666924115
6364 0.1666915388724858 2.051464408572598
6365 0.1666909623131556 2.051401999872831
6366 0.1666903585688864 2.05133940916323
6367 0.1666897838747775 2.051276795405307
6368 0.1666892197997103 2.051214149988538
6369 0.1666886582625289 2.051151365883301
6370 0.1666881041704495 2.051088533446246
6371 0.1666875503559432 2.051025556787238
6372 0.1666870024901217 2.050962528954544
6373 0.1666864556565049 2.050899359697855
6374 0.1666859160764955 2.050836143881877
6375 0.1666853762632241 2.050772784053654
6376 0.1666847760823983 2.050709147302944
6377 0.1666845345190731 2.050643895490845
6378 0.1666846889944624 2.050584391458943
6379 0.1666842329275038 2.05052175275484
6380 0.1666837743669179 2.05045547873398
6381 0.1666830612129032 2.050393159893629
6382 0.1666823485771938 2.050329499841824
6383 0.1666818145425931 2.050262602202713
6384 0.1666810964850588 2.050199947872539
6385 0.1666804058733622 2.050136022465135
6386 0.1666799083397051 2.050068844609765
6387 0.1666792335409264 2.050005984108656
6388 0.1666787258218511 2.049939626420105
6389 0.1666780783173597 2.049876730155431
6390 0.1666776254212923 2.049810023816867
6391 0.1666770061588513 2.049746878054862
6392 0.1666765488776099 2.049680073787842
6393 0.1666759374964928 2.04961678005751
6394 0.166675505915989 2.049549704935512
6395 0.1666750246079768 2.049484162164535
6396 0.1666744203879725 2.049420769317476
6397 0.1666739634943693 2.049353776278003
6398 0.1666734793646289 2.049287871549494
6399 0.1666728697194837 2.049224127188866
6400 0.1666724228582307 2.049156670642114
6401 0.1666719314849011 2.049090380632484
6402 0.1666714314666241 2.049024351317384
6403 0.1666709317811934 2.048958357354111
6404 0.1666703204831867 2.048894154150303
6405 0.1666698436657944 2.048826426835455
6406 0.1666693399403713 2.048759502811055
6407 0.1666688277369889 2.048692817660548
6408 0.1666682154750235 2.04862811409616
6409 0.1666677532266114 2.048559820345799
6410 0.1666672537047375 2.048492490387345
6411 0.1666667516857245 2.048425444381395
6412 0.1666658193859144 2.048357315309928
6413 0.1666651122788809 2.048291870191271
6414 0.1666647887685695 2.048223647191896
6415 0.1666644087261432 2.048156094217426
6416 0.1666637792361251 2.048090428238239
6417 0.1666634740868703 2.048021503829808
6418 0.1666630793677353 2.047953637374122
6419 0.1666624422201804 2.047887669017675
6420 0.1666618690718015 2.047820611150484
6421 0.1666616305872135 2.04775017158678
6422 0.1666610124893219 2.047683634980979
6423 0.1666604519361127 2.047616159655986
6424 0.1666602099829678 2.047545503014512
6425 0.1666595995337321 2.047478734535591
6426 0.1666590349234193 2.047411114901001
6427 0.1666585389115592 2.047342230687388
6428 0.1666580491318789 2.04727347478244
6429 0.1666575611596213 2.047204417927278
6430 0.1666570721711365 2.047135507632824
6431 0.1666565824020851 2.04706640802804
6432 0.1666560996621985 2.046997387817193
6433 0.1666556108674982 2.04692818153738
6434 0.1666551939129785 2.046859229489463
6435 0.1666547187851399 2.046789868070753
6436 0.1666542226046906 2.04672049190768
6437 0.1666537081249622 2.046650890647359
6438 0.1666531895523516 2.046581281088364
6439 0.1666526584449599 2.046511468898413
6440 0.1666521277834935 2.046441643851666
6441 0.1666515881058054 2.046371631359079
6442 0.1666510537446078 2.046301606267273
6443 0.1666505151871771 2.046231409306559
6444 0.1666499862546406 2.046161203653856
6445 0.1666494550761523 2.046090835265348
6446 0.1666489336643826 2.046020453739541
6447 0.1666484073500972 2.045949908944281
6448 0.1666478730239583 2.045879295412824
6449 0.1666475837363272 2.045806320909882
6450 0.1666469174419766 2.045737688264658
6451 0.1666463514198485 2.045667732812037
6452 0.1666460742139755 2.045594381231637
6453 0.1666454090241745 2.045525329873537
6454 0.1666448377275997 2.045454982164165
6455 0.1666445519762152 2.045381131158768
6456 0.1666438706605491 2.045311726296638
6457 0.1666432921015206 2.045241006476792
6458 0.1666430037204245 2.045166765003465
6459 0.1666423194587227 2.045097065969748
6460 0.1666417459397813 2.045026047314973
6461 0.1666414653299445 2.044951481997078
6462 0.1666407846417483 2.044881505103277
6463 0.1666402157514144 2.044810206450355
6464 0.1666399395610764 2.044735327612929
6465 0.1666392647599589 2.044665089699369
6466 0.1666386948426363 2.044593518486418
6467 0.1666384173712815 2.044518315767837
6468 0.1666377321292487 2.044447727221692
6469 0.1666374061817938 2.04437350297135
6470 0.166636715137094 2.0443028219453
6471 0.1666363912270706 2.044228037172475
6472 0.1666359260615646 2.04415494843753
6473 0.1666352284972234 2.044084065672938
6474 0.166635376206431 2.044012929463717
6475 0.1666349378709932 2.04393686531843
6476 0.1666342404351372 2.043865309854393
6477 0.1666336583857922 2.043789915733279
6478 0.166632977595351 2.043718253439037
6479 0.1666324244514595 2.043642362508967
6480 0.1666318571045381 2.043568172368452
6481 0.1666312288761821 2.043496478126019
6482 0.1666307312448886 2.043421114251772
6483 0.1666301958090295 2.043346633540023
6484 0.1666296833703673 2.043274903694688
6485 0.1666291882202631 2.043199040800551
6486 0.1666286401580497 2.043124142331841
6487 0.1666280866735724 2.043049586117486
6488 0.1666275427737433 2.042975151618712
6489 0.1666269504853567 2.042902795488071
6490 0.1666264460321142 2.04282687663071
6491 0.1666258915001451 2.042751367219096
6492 0.1666253302223926 2.04267615731673
6493 0.1666248889226078 2.042601498465607
6494 0.1666243529341783 2.042528878085001
6495 0.166623852552467 2.042452095930572
6496 0.1666232731011879 2.042376045079849
6497 0.1666226825303641 2.042300358263774
6498 0.1666221119070482 2.042224857943806
6499 0.1666215647326456 2.042149412920014
6500 0.1666210273041743 2.042073914446686
6501 0.1666204882907993 2.041998293743662
6502 0.1666199372358448 2.041922509895689
6503 0.1666193761805062 2.041846573079035
6504 0.1666188024554842 2.041770482706879
6505 0.1666182176352257 2.041694251749042
6506 0.166617624574737 2.041617895311078
6507 0.1666170263577322 2.041541427170668
6508 0.1666164255871164 2.041464857549599
6509 0.1666158238554943 2.04138819204209
6510 0.1666152221754744 2.041311434243042
6511 0.1666146202596072 2.041234583725068
6512 0.1666140188740144 2.04115764268543
6513 0.1666134178992916 2.041080610380356
6514 0.1666128165390376 2.041003484939064
6515 0.166612216383086 2.040926271655223
6516 0.1666116179299765 2.040848970185314
6517 0.1666110211077789 2.040771579544923
6518 0.1666104255550805 2.040694098550823
6519 0.1666098307420948 2.040616525691524
6520 0.1666092359761393 2.040538858878786
6521 0.1666086030279646 2.040461019253317
6522 0.1666080070346383 2.040383152633703
6523 0.1666074164618544 2.040305207178885
6524 0.166606825961756 2.040227174209127
6525 0.1666062340182822 2.040149046677011
6526 0.1666056404074618 2.040070821841523
6527 0.1666050452346882 2.039992499737008
6528 0.1666044487466765 2.039914080818002
6529 0.1666038512984183 2.039835566078199
6530 0.1666036183572486 2.039758032962731
6531 0.1666030754680655 2.039679439075261
6532 0.1666024471338159 2.039600533528319
6533 0.1666017953653035 2.039521491856597
6534 0.1666011382180747 2.039442355106922
6535 0.1666004817906297 2.039363133546305
6536 0.1665998282338628 2.039283829281172
6537 0.1665991793386973 2.039204445567682
6538 0.1665985366530139 2.039124985339541
6539 0.1665979010491765 2.039045449700836
6540 0.166597272837507 2.038965839132804
6541 0.1665966517784317 2.038886153275595
6542 0.1665960371774433 2.038806390101965
6543 0.1665954282118795 2.038726548219711
6544 0.1665948242397307 2.038646626681429
6545 0.1665942247467852 2.038566628211518
6546 0.1665936299184055 2.038486549777264
6547 0.1665930394086574 2.038406389040976
6548 0.1665924523141014 2.038326143652033
6549 0.1665918674178845 2.038245811614957
6550 0.1665912826177063 2.038165384484173
6551 0.1665906953962117 2.03808485789793
6552 0.1665901056437311 2.038004239871565
6553 0.1665895131349481 2.037923524196799
6554 0.1665889179689728 2.037842709320289
6555 0.1665883203024291 2.037761796120221
6556 0.1665877200159476 2.037680784361928
6557 0.1665871181197316 2.037599677804905
6558 0.166586515139463 2.037518477842455
6559 0.1665859117232804 2.037437185363037
6560 0.1665853080106629 2.037355800751835
6561 0.1665847098430748 2.037274333287547
6562 0.1665844331848959 2.037193575685402
6563 0.1665838390899101 2.037112004155933
6564 0.16658318050906 2.037030144783216
6565 0.1665825129919348 2.036948154008052
6566 0.1665818468087718 2.0368660723418
6567 0.1665811842958995 2.036783904583237
6568 0.1665805262456447 2.036701655862579
6569 0.1665798730475757 2.036619328621872
6570 0.1665792250485248 2.036536923691288
6571 0.1665785027827656 2.036454296066153
6572 0.1665778674025545 2.036371699522482
6573 0.1665772506292002 2.036289078840898
6574 0.166576638237376 2.036206397333111
6575 0.1665760268492357 2.036123636530109
6576 0.166575414792753 2.036040786071292
6577 0.1665748013547084 2.03595784137918
6578 0.1665741884024445 2.035874806600455
6579 0.166573572682649 2.035791669760366
6580 0.1665729503325768 2.035708419761329
6581 0.1665723292016698 2.035625083028899
6582 0.1665717105507498 2.035541661527305
6583 0.166571153140854 2.035458337100709
6584 0.1665705380243074 2.035374785294846
6585 0.1665699056804974 2.035291080316241
6586 0.1665692689078615 2.035207258698052
6587 0.1665686324087245 2.035123341014002
6588 0.1665679979537814 2.035039337038667
6589 0.1665673659555051 2.034955250495495
6590 0.1665667356562458 2.034871082119652
6591 0.166566106417377 2.034786827535922
6592 0.1665654781753049 2.034702486703568
6593 0.166564850766813 2.034618059079618
6594 0.1665642238961401 2.03453354398688
6595 0.1665635970825359 2.034448940253917
6596 0.1665629698601506 2.034364246614728
6597 0.1665623417634961 2.034279461726477
6598 0.166561712561322 2.034194585055547
6599 0.1665610820549516 2.034109615983043
6600 0.1665604492340761 2.034024550515529
6601 0.1665598142210671 2.033939389205509
6602 0.1665591771294172 2.033854132759128
6603 0.1665585381092227 2.033768781646167
6604 0.1665578973249415 2.033683336363334
6605 0.1665572545376522 2.033597795692399
6606 0.1665566097352241 2.033512159527894
6607 0.1665559636120379 2.033426430096007
6608 0.166555318401211 2.033340618944307
6609 0.1665546778958878 2.033254740224927
6610 0.1665540453183141 2.033168796329699
6611 0.1665532305904862 2.033079732317068
6612 0.1665527749857684 2.03299723646334
6613 0.1665522653531408 2.032911683528475
6614 0.1665517078369182 2.032825297453742
6615 0.1665511162614842 2.032738702894524
6616 0.1665505096866778 2.032652078695399
6617 0.166549902613927 2.032565459044144
6618 0.1665493012382751 2.032478828063004
6619 0.1665487066966499 2.032392160738454
6620 0.166548115804475 2.032305426522521
6621 0.1665475251818231 2.032218604766077
6622 0.1665469318943948 2.032131684059351
6623 0.1665463337721131 2.032044661169067
6624 0.1665457323643261 2.031957540227971
6625 0.1665451708643174 2.031870446600191
6626 0.166544578492791 2.031783170334993
6627 0.1665445124936768 2.031697130688144
6628 0.1665439597828799 2.031609810614342
6629 0.1665432890080479 2.031522111751647
6630 0.1665425968572477 2.031434267305717
6631 0.1665419142767376 2.031346350784151
6632 0.1665412319843293 2.031258356740004
6633 0.1665405595090413 2.031170299525125
6634 0.1665398990176945 2.031082186553761
6635 0.1665392473465221 2.030994004739672
6636 0.1665386025648674 2.030905749559404
6637 0.1665379635414011 2.030817420499092
6638 0.1665373301012217 2.030729018264143
6639 0.1665367014899529 2.030640541926214
6640 0.16653607745581 2.030551992092708
6641 0.1665354560708723 2.030463361356398
6642 0.1665348353179596 2.030374642397665
6643 0.1665341625988208 2.030285718840295
6644 0.1665335284738777 2.030196763334769
6645 0.1665328862544303 2.030107665377241
6646 0.1665322511519883 2.030018599353133
6647 0.1665316302123147 2.029929504926297
6648 0.1665310196931153 2.029840321475587
6649 0.1665304174954304 2.029751051768434
6650 0.1665298200073272 2.029661692704956
6651 0.1665292254535433 2.029572249551282
6652 0.1665286326084004 2.02948272329714
6653 0.1665280396529 2.029393109652026
6654 0.1665274445185221 2.02930340352473
6655 0.1665268450561044 2.029213599722532
6656 0.1665262395888033 2.029123693752474
6657 0.1665256275061631 2.029033683313527
6658 0.1665250093685319 2.028943569557085
6659 0.1665243880311193 2.02885335814229
6660 0.1665237685873266 2.028763060070538
6661 0.1665231553794653 2.02867266510868
6662 0.1665222112720482 2.0285816022851
6663 0.1665215813276559 2.028491003654338
6664 0.1665210031234827 2.028400432001881
6665 0.16652041686597 2.028309750512219
6666 0.1665198116761306 2.028218937040641
6667 0.166519202719896 2.028128046376526
6668 0.1665185655449981 2.028037000622788
6669 0.1665179129425867 2.027945832673349
6670 0.1665172511748178 2.0278545634441
6671 0.1665165847961249 2.027763208479932
6672 0.1665159173688173 2.027671779396115
6673 0.1665152518323667 2.027580285512307
6674 0.1665145905364534 2.027488734258933
6675 0.1665139379973779 2.027397137232633
6676 0.1665132952727403 2.027305498437997
6677 0.1665126627933474 2.027213815901589
6678 0.1665120197945162 2.027121977352733
6679 0.1665113479437133 2.02702992634973
6680 0.1665112205919502 2.02693911358207
6681 0.1665106179774726 2.026847023935077
6682 0.1665098825191184 2.026754563873747
6683 0.1665091122867909 2.026661950969497
6684 0.1665083385988021 2.02656925842994
6685 0.166507572329261 2.026476512738067
6686 0.1665068173009915 2.026383723619494
6687 0.166506071555956 2.026290887208305
6688 0.1665053375756496 2.026197995368307
6689 0.1665046146272362 2.026105049361508
6690 0.1665039007940957 2.026012046029997
6691 0.1665031946104878 2.025918981987542
6692 0.1665024949524723 2.025825853475516
6693 0.1665018005419348 2.025732656808229
6694 0.1665011099445761 2.025639387608505
6695 0.1665004232733824 2.025546046237184
6696 0.1664997393045168 2.025452628569441
6697 0.1664990571212137 2.025359131838523
6698 0.1664983765844517 2.025265556808074
6699 0.1664976962714043 2.025171896813121
6700 0.1664970179224671 2.025078155281527
6701 0.1664963405553371 2.024984330798192
6702 0.1664956629982145 2.024890423293792
6703 0.1664949849220655 2.024796433148583
6704 0.1664943042290467 2.024702351487156
6705 0.1664936221050067 2.024608186886377
6706 0.1664929400196494 2.024513940875652
6707 0.1664922562105492 2.024419600308514
6708 0.1664915675126867 2.024325161059714
6709 0.1664908744302538 2.024230627752553
6710 0.1664901792378441 2.024136008106152
6711 0.1664894834414119 2.024041302309545
6712 0.166488785963431 2.023946508037721
6713 0.1664880876905062 2.02385163232232
6714 0.1664873896153515 2.023756677833155
6715 0.1664865683642562 2.023661224555755
6716 0.1664858614909082 2.023566068567867
6717 0.1664851789207929 2.023470916432126
6718 0.1664845025254955 2.02337571166239
6719 0.1664838266995027 2.023280430006449
6720 0.1664831491527596 2.023185054499188
6721 0.1664824682842974 2.023089582129512
6722 0.1664817831237412 2.022994011243595
6723 0.166481093568937 2.022898342276451
6724 0.1664803995389831 2.022802576171902
6725 0.1664797008900969 2.02270671355519
6726 0.1664789983090326 2.022610757286727
6727 0.166478292366809 2.022514709100302
6728 0.166477585590774 2.022418574725428
6729 0.1664768777238778 2.022322354404341
6730 0.1664761683620577 2.022226047898939
6731 0.1664754558803429 2.02212965287066
6732 0.1664747400648216 2.02203316847641
6733 0.1664740217195108 2.021936596344278
6734 0.1664733012898958 2.021839937687192
6735 0.1664725798900494 2.021743202923713
6736 0.1664718555649795 2.021646382434143
6737 0.1664711281039747 2.021549466546782
6738 0.1664703972205305 2.021452456051304
6739 0.166469663474405 2.02135535650696
6740 0.1664689289381481 2.021258174533548
6741 0.166468195381423 2.02116091406637
6742 0.1664674634002645 2.021063575146323
6743 0.1664667321211059 2.020966156080914
6744 0.1664660002834329 2.020868653339366
6745 0.1664652683283777 2.020771070710355
6746 0.1664645363293587 2.020673408964061
6747 0.1664638061405955 2.020575674163293
6748 0.1664630774552744 2.020477878155092
6749 0.1664623490006427 2.020380005010875
6750 0.1664616190367063 2.020282043749487
6751 0.1664608873472591 2.020183992594098
6752 0.1664601556044186 2.020085855909126
6753 0.1664594237197619 2.019987634842875
6754 0.1664586913598418 2.019889330073769
6755 0.1664579584404852 2.019790942214156
6756 0.1664572262460619 2.019692474922787
6757 0.1664564927190068 2.019593928892127
6758 0.1664555238881174 2.019494734529732
6759 0.1664548030366455 2.0193960057299
6760 0.1664541290840404 2.019297371213225
6761 0.1664534685634163 2.019198742610653
6762 0.1664528098892599 2.019100048365263
6763 0.1664521478861817 2.019001251385215
6764 0.1664514783643349 2.018902335281673
6765 0.1664507996194765 2.018803300583583
6766 0.1664501173737371 2.018704166277067
6767 0.1664494269018115 2.018604927149434
6768 0.1664487281685517 2.018505587270989
6769 0.1664480225731673 2.018406152615252
6770 0.166447311429411 2.018306627776751
6771 0.16644659923113 2.018207028480713
6772 0.1664458854471811 2.018107348846753
6773 0.1664451693898593 2.018007584989406
6774 0.1664444511859491 2.017907736768111
6775 0.1664437309073333 2.017807803919988
6776 0.1664430092844079 2.017707789274237
6777 0.1664422888226775 2.017607703018926
6778 0.166441569745925 2.017507542399879
6779 0.1664408514192454 2.017407304156247
6780 0.166440133326155 2.017306987061668
6781 0.1664394150036328 2.017206589807684
6782 0.1664386988737988 2.017106131127051
6783 0.166437985331494 2.017005607167559
6784 0.1664372785753774 2.016905042555596
6785 0.1664365785582335 2.01680442407135
6786 0.1664358789092381 2.016703707845391
6787 0.1664351740067337 2.016602875029977
6788 0.1664343905899709 2.016501776464576
6789 0.166433673571461 2.016400719364617
6790 0.1664330093192065 2.016299778169124
6791 0.1664322814264344 2.016198539562247
6792 0.1664315329853285 2.016097164742311
6793 0.1664307756448448 2.015995697903286
6794 0.1664300138303263 2.015894145412682
6795 0.1664292474708318 2.015792506751132
6796 0.166428475483185 2.015690779247189
6797 0.1664276970654968 2.01558895816173
6798 0.1664269145315184 2.015487053199018
6799 0.1664261274833611 2.015385062009235
6800 0.1664253417023331 2.015283013899439
6801 0.1664245572846947 2.015180897783302
6802 0.1664237709516777 2.015078687551132
6803 0.1664229810249853 2.014976376582821
6804 0.1664221874731785 2.014873968508168
6805 0.1664213934014492 2.014771484180261
6806 0.1664206043394449 2.014668948504819
6807 0.1664198197900532 2.014566345467081
6808 0.1664190382087397 2.014463664383036
6809 0.1664182582690262 2.014360900458985
6810 0.1664174785289549 2.014258050693392
6811 0.1664166992606415 2.014155121071795
6812 0.1664159195902476 2.014052108589969
6813 0.1664145570388401 2.013944391084916
6814 0.1664140794896647 2.013846376858746
6815 0.1664131172525164 2.013739647493183
6816 0.1664125801456977 2.013639639154877
6817 0.166411960573759 2.013536819455156
6818 0.1664112670828757 2.013433303816099
6819 0.1664105102193883 2.01332953013387
6820 0.1664097153788333 2.013225661372386
6821 0.1664089042818076 2.013121756753562
6822 0.1664080928698347 2.013017851753881
6823 0.1664068971450123 2.012909646937575
6824 0.1664063674394116 2.01281050794844
6825 0.1664053522006728 2.012702927651702
6826 0.1664047957731428 2.012602294080391
6827 0.1664041690993043 2.012498783077635
6828 0.1664031009728925 2.012390332011727
6829 0.1664018018039321 2.012287631263308
6830 0.1664008269636446 2.012179922991921
6831 0.1664002345559783 2.012078873539465
6832 0.1663996677186229 2.01197513107953
6833 0.166398860093993 2.011867032410352
6834 0.1663982626653795 2.011766089345189
6835 0.1663974479281021 2.01165833121308
6836 0.1663968375325899 2.011556819798661
6837 0.1663960176351705 2.011448922024963
6838 0.1663954067069122 2.011347490004967
6839 0.1663945659039552 2.011239309330771
6840 0.1663939224310143 2.011137466002894
6841 0.166393252992213 2.01103269165673
6842 0.1663925266296788 2.010927172817356
6843 0.1663917437155878 2.010821432639106
6844 0.1663909194305882 2.010715630930711
6845 0.1663900816832214 2.01060982427488
6846 0.1663892438208756 2.010504004839301
6847 0.1663884114360702 2.010398150198661
6848 0.1663873743888262 2.010288591144885
6849 0.1663866310454988 2.010186478731296
6850 0.1663859022792705 2.010081083695828
6851 0.1663851442342538 2.009974853967384
6852 0.1663843402482124 2.009868411132683
6853 0.1663835099489086 2.009761957255811
6854 0.1663826697729175 2.009655512777383
6855 0.1663818272352363 2.009549060196894
6856 0.1663809852146686 2.009442570338582
6857 0.1663801434795099 2.009336016067936
6858 0.1663792973705945 2.009229369309938
6859 0.1663782261414393 2.009118906593621
6860 0.1663774670908233 2.009016057164593
6861 0.16637670376487 2.008909796866177
6862 0.1663759025215875 2.008802676553191
6863 0.1663750495102189 2.008695320110807
6864 0.1663741629831889 2.008587916813076
6865 0.1663732639797872 2.00848051905719
6866 0.1663723660388589 2.008373127132501
6867 0.166371473799437 2.0082657130361
6868 0.166370363890902 2.008154505882118
6869 0.1663696269779762 2.008051070955569
6870 0.1663688501455297 2.007944112244078
6871 0.1663680362554443 2.007836303913419
6872 0.1663671751452083 2.007728271289083
6873 0.1663662840267675 2.007620204041348
6874 0.1663653830844312 2.007512153239499
6875 0.166364516122476 2.007404147025351
6876 0.1663636226539428 2.00729608269118
6877 0.1663624711560678 2.00718406288286
6878 0.1663616889788758 2.007079898496279
6879 0.166360894377357 2.006972213642088
6880 0.1663598154523878 2.006859837442894
6881 0.1663590200026734 2.006754804683592
6882 0.1663582191635918 2.006646863759117
6883 0.1663573783106666 2.006538173900826
6884 0.16635648408106 2.006429235286007
6885 0.1663555559246349 2.006320232826042
6886 0.1663543589894039 2.006207327905385
6887 0.1663534888029563 2.006102251047296
6888 0.1663524117727523 2.005989974074559
6889 0.1663516217545639 2.005884134595082
6890 0.1663505839945258 2.005771787543715
6891 0.1663498324173455 2.005666288210115
6892 0.1663487997219117 2.005553689492147
6893 0.1663480150818454 2.005447630027558
6894 0.1663469410726608 2.005334758453046
6895 0.1663461448905941 2.005228640933497
6896 0.1663450743038861 2.00511562090286
6897 0.1663442593161 2.005009198849106
6898 0.1663431733327339 2.004895979887116
6899 0.1663421156952878 2.004785738800314
6900 0.1663413467550605 2.004679583755754
6901 0.1663403125300761 2.004566281889373
6902 0.1663392940600876 2.00445595545165
6903 0.1663382893566506 2.004345693550189
6904 0.1663373435434413 2.004235850980884
6905 0.1663364232931436 2.004125664824598
6906 0.1663355208206161 2.004015551499425
6907 0.1663346078562383 2.003905168009977
6908 0.1663336897503875 2.003794756519904
6909 0.1663327572832178 2.003684146029195
6910 0.1663318185966068 2.003573488738351
6911 0.1663308688235266 2.003462671133506
6912 0.166329914944336 2.003351803034671
6913 0.1663289532561516 2.003240799502007
6914 0.1663279889617221 2.003129742112501
6915 0.1663270193274536 2.003018567749913
6916 0.1663260485675418 2.002907337317244
6917 0.1663250751724659 2.002796003275522
6918 0.1663241031669001 2.002684612950709
6919 0.1663231321282088 2.002573138363521
6920 0.1663221610815653 2.002461600857633
6921 0.1663211868683736 2.002349976325802
6922 0.1663202083068745 2.002238273175701
6923 0.1663191038862298 2.002126349935022
6924 0.1663181087356315 2.002014421926816
6925 0.1663171386655858 2.00190248017986
6926 0.1663161726598165 2.001790496370629
6927 0.1663152075840289 2.001678448412377
6928 0.1663142417196844 2.001566333959079
6929 0.1663132767444333 2.001454147101708
6930 0.166312454637813 2.00134224622474
6931 0.1663115012115766 2.001229950017498
6932 0.1663105204472967 2.001117514941867
6933 0.1663095342805546 2.001004987092828
6934 0.1663085486816277 2.00089239326884
6935 0.1663076458479608 2.000780031977926
6936 0.1663066647989564 2.000667307098419
6937 0.1663056748863116 2.000554458233096
6938 0.1663046868580063 2.000441547243392
6939 0.1663037043137099 2.000328577677048
6940 0.1663027262670005 2.000215555887203
6941 0.166301752958353 2.000102473058379
6942 0.1663007822178919 1.999989331962855
6943 0.1662998147301823 1.999876124697882
6944 0.1662988486511169 1.999762855751629
6945 0.1662980315903559 1.999649698768152
6946 0.1662970765371099 1.999536360225053
6947 0.166296096678926 1.999422884888378
6948 0.166295111185834 1.999309311359855
6949 0.1662941247177909 1.99919564994579
6950 0.1662931371659783 1.99908191671119
6951 0.1662921494268311 1.998968105728886
6952 0.1662911605581321 1.998854225459984
6953 0.1662901712258735 1.998740266362558
6954 0.1662891818148635 1.998626238674023
6955 0.1662881944729718 1.998512140789237
6956 0.166287208248072 1.99839798203809
6957 0.1662862279823935 1.998283763730241
6958 0.1662852426607061 1.998169471997124
6959 0.1662842554445056 1.998055101290892
6960 0.1662832649070251 1.997940656546628
6961 0.1662822726482819 1.997826131126782
6962 0.1662812776651084 1.99771153285714
6963 0.166280281428351 1.997596855067761
6964 0.1662798785731022 1.997484027122149
6965 0.1662789084631811 1.997369201233474
6966 0.1662778247179013 1.99725402396271
6967 0.1662767273351434 1.997138772101522
6968 0.1662756313990629 1.997023475714998
6969 0.1662745438970294 1.996908131497623
6970 0.1662734615097253 1.996792736777105
6971 0.1662723888231384 1.996677293512306
6972 0.1662713220225617 1.996561800016785
6973 0.1662693382199984 1.996443995911388
6974 0.1662682550007119 1.996328267879825
6975 0.1662673242133418 1.996212868044263
6976 0.1662664216949137 1.996097496128381
6977 0.1662655241837249 1.995982066892929
6978 0.1662646191967717 1.995866557126512
6979 0.1662637074622592 1.995750956691799
6980 0.1662627830513008 1.995635258762418
6981 0.1662618499334294 1.995519460083949
6982 0.1662609001766967 1.995403556754043
6983 0.1662599366598308 1.995287546004455
6984 0.166258954391711 1.995171427583263
6985 0.1662579586907076 1.995055209650582
6986 0.1662566925177432 1.994938220872649
6987 0.1662556654764767 1.994821787581959
6988 0.1662546552233683 1.994705344179833
6989 0.1662536405483591 1.994588829064469
6990 0.1662526206781135 1.994472238700388
6991 0.1662515909390516 1.994355544193331
6992 0.1662505536276777 1.99423875751116
6993 0.1662495069923433 1.994121869688797
6994 0.1662484534206487 1.994004897753653
6995 0.1662473917831186 1.99388783203046
6996 0.166246324202945 1.993770686666425
6997 0.1662452491995822 1.993653448570218
6998 0.1662441688711226 1.993536132382953
6999 0.1662430822256526 1.993418726570364
7000 0.1662419920093399 1.993301247476732
