"rf_coeffs"
"Iteration" "cd etc.."
("Iteration" "cd" "cl")
1 5.416399419403874 3.27623545669843
2 0.8592913396487539 1.261345634833051
3 0.5068631308018708 0.2371067470587492
4 -0.03114897194313788 -0.03980192835330927
5 0.1899966877036493 -0.1978474228329556
6 -0.03388719620046338 -0.0400004038983765
7 0.1142673751329828 0.002335959880391797
8 0.01858231172118477 0.1046235864990289
9 0.08621224600490822 0.1043961431552743
10 0.044024048392203 0.1369880509251571
11 0.07145696849349696 0.1046909701176945
12 0.05169407299887736 0.1370649643592864
13 0.05668734883270988 0.09881106192373752
14 0.052414263879993 0.1283161560178359
15 0.04547047940728108 0.1096821396120627
16 0.04716640493771677 0.1307742525197562
17 0.04154021863285281 0.1265797178051104
18 0.04165164954027416 0.1395871567993371
19 0.03831522656754235 0.1284391523915711
20 0.03874254159008259 0.1428997107161427
21 0.0365374193326346 0.1354279001976026
22 0.03647495083093664 0.1464577467164315
23 0.03528076833633786 0.1411805028855747
24 0.03484056400533595 0.1470413896542521
25 0.03402393737153969 0.1521848256594167
26 0.0326171541784652 0.1431185509426885
27 0.03225245356551961 0.1517352409451106
28 0.03130222195653292 0.1476895324834703
29 0.03125975937457948 0.155424131026738
30 0.03042609474585609 0.1543316957317064
31 0.03014123964807905 0.1566621829883171
32 0.02963776575776299 0.1598394416343041
33 0.02904968998612977 0.1584818274536175
34 0.02877773350157655 0.1620842233657296
35 0.02813285139544019 0.1610568068343141
36 0.02781691411413936 0.1633547189491809
37 0.02734268815477421 0.1638403755456746
38 0.02689402034095609 0.1643508939538866
39 0.02660443562078904 0.1661925642123508
40 0.026102925478762 0.1665220825249787
41 0.02587536186772253 0.1684654386598463
42 0.02541213329038639 0.1689349787787842
43 0.02515688778594388 0.1703982772962162
44 0.02477173015779003 0.1712298717349533
45 0.02445875058331159 0.172157821381633
46 0.02418899899472413 0.1733687283977704
47 0.02385821325027871 0.1740200867669912
48 0.02364523053049548 0.1753731064026392
49 0.02333111084957962 0.17604717465227
50 0.02314244970182016 0.177255189380055
51 0.02288457884890141 0.1780508852898331
52 0.02269934166815523 0.1790170631298791
53 0.02250795108964911 0.1800193044919749
54 0.02231281093566655 0.1807623674164752
55 0.02217707708672342 0.1818241450795412
56 0.02199516364710385 0.1825201659432582
57 0.02188539229813991 0.1835339315663848
58 0.02172998711752872 0.1842484476693459
59 0.02162833546673149 0.1852113544581843
60 0.02150506402120354 0.1859970050835667
61 0.02138958343892936 0.1867419190159787
62 0.02129697422489991 0.187616872532517
63 0.02118422836123678 0.1884010212607992
64 0.0211074894534682 0.1892850451282757
65 0.02098799083100721 0.1899903992595283
66 0.02091255626702171 0.1908549988512306
67 0.02079759018641861 0.191599644842094
68 0.02071694359873909 0.1924130490141113
69 0.02061169888128165 0.1931719248246956
70 0.02051534912562172 0.1939033230761383
71 0.02042983264146383 0.1947289317255113
72 0.02032757811311693 0.195447818096091
73 0.0202427769717562 0.1962543845844935
74 0.02014025074451436 0.1969424706977253
75 0.0200552774139083 0.1977429180223285
76 0.019954371071635 0.1984517160354299
77 0.01986999130154559 0.19914423470977
78 0.01978978060032928 0.1999252478436666
79 0.01969802590341169 0.2005796520958583
80 0.01962493624016257 0.2013376542439508
81 0.01953535021888204 0.2019904742960471
82 0.01947080979642639 0.2026767865395623
83 0.01939420945975674 0.2033308625064975
84 0.01932302420319853 0.2039703494913948
85 0.01925886102857991 0.204580993342601
86 0.01920904587433321 0.2052484143700017
87 0.01914515030855533 0.2058717120483887
88 0.01908783682999262 0.2064509670066479
89 0.01904134708839802 0.2070669175929962
90 0.0189932923091951 0.2076080276206208
91 0.01895236092262151 0.208205515845122
92 0.01890832481105284 0.2087259213196134
93 0.0188748651479441 0.209280448202094
94 0.0188403187313349 0.2097941947334397
95 0.01880334419518008 0.2103185607540455
96 0.01877937558549438 0.2108269808882272
97 0.01875162905363938 0.2113010556946371
98 0.0187249182087333 0.2117686108449071
99 0.01870623871489284 0.212242976285152
100 0.01868632426932563 0.212707804962851
101 0.0186661747958078 0.2131409727365607
102 0.01864978063153092 0.2135780102523911
103 0.01863545082960413 0.2139955403560216
104 0.01862155735223388 0.2144064411704681
105 0.01861220655122664 0.2148083251126661
106 0.01859936780415868 0.2152007866490518
107 0.01859416483422045 0.2155816480341745
108 0.01858557631810488 0.2159583919156429
109 0.01857758636542212 0.2163193648559778
110 0.01857471329554589 0.2166729313697811
111 0.018570729877082 0.2170224963516383
112 0.01856498547138232 0.2173602492045257
113 0.01856393157508561 0.2176870651683685
114 0.01856231092358324 0.2180090183024707
115 0.01856247505475826 0.2183256229886601
116 0.01856210684568906 0.2186283090735309
117 0.01856404200594131 0.2189282282344645
118 0.0185649664953126 0.2192263934968218
119 0.01857118453469245 0.2195264499302284
120 0.01857391554662489 0.2198149924712279
121 0.01857693676103629 0.2200846610799143
122 0.01858398931670974 0.2203665453980503
123 0.01858909290471382 0.2206374187422837
124 0.01859536338673393 0.2208891448477457
125 0.01860275050119891 0.2211573886024552
126 0.01861046026769507 0.2214114215726362
127 0.01861861673898459 0.2216595293178311
128 0.01862729857378975 0.2219103043437864
129 0.01863675460607636 0.2221490001564057
130 0.01864542659658264 0.222388755538808
131 0.01865843798333398 0.2226321768285852
132 0.01866687442904709 0.2228576800266322
133 0.01868065204982206 0.2230936363556437
134 0.01868924063831821 0.2233124997254088
135 0.01870389803214914 0.223545821971512
136 0.01871355499763283 0.2237610661000618
137 0.01872782075405352 0.2239709250451163
138 0.01874063134623256 0.2241917873668859
139 0.01875580999612044 0.2244187128440197
140 0.01876785762734217 0.224625974056968
141 0.01878287569099558 0.2248332694385486
142 0.01879691291055227 0.225040974525871
143 0.01881166400948411 0.2252478636915147
144 0.01882676947481065 0.2254571197881246
145 0.01884188164723691 0.2256583443342797
146 0.01885683744973943 0.2258533723040707
147 0.01887257113696482 0.2260593040059692
148 0.01888839059656184 0.2262617221089724
149 0.01890374911664753 0.2264509706125057
150 0.01891980779689658 0.2266499690691009
151 0.01893568191495961 0.2268442010072811
152 0.01895185439307119 0.2270381618314234
153 0.01896794900872161 0.2272308907164613
154 0.01898413037105181 0.2274227562021775
155 0.01900036237303647 0.2276130544005266
156 0.01901673759873449 0.2278058788808663
157 0.01903278133767981 0.2279906440761409
158 0.01904918931595889 0.228180531271605
159 0.01906518545400326 0.2283650115752465
160 0.01908156582997686 0.2285520431106085
161 0.01909749066673787 0.2287376324200817
162 0.01911334884053896 0.2289191189243518
163 0.01912922546953898 0.2291037898900432
164 0.01914508024306376 0.2292868408544269
165 0.01916064244622958 0.2294694638629526
166 0.01917603697802756 0.2296468993062187
167 0.01919149539073875 0.2298280784553474
168 0.01920694748220543 0.2300086314060804
169 0.01922203740338127 0.2301885950136191
170 0.01923718979549871 0.2303679262002848
171 0.01925170615451097 0.2305443024754481
172 0.01926629752271017 0.2307211616972432
173 0.0192806492094467 0.2308969694344068
174 0.01929482050670068 0.2310721211651246
175 0.01930874597020757 0.2312463762946732
176 0.01932247972290815 0.231419982093634
177 0.01933593850315215 0.2315928844730742
178 0.01934925199625903 0.231764723823648
179 0.01936221985914288 0.2319360990127556
180 0.01937499529561001 0.232106393154432
181 0.01938753759235282 0.2322760345626352
182 0.01939979095684928 0.2324448002631277
183 0.01941198780503119 0.2326185089285603
184 0.01942301190560133 0.2327749357819044
185 0.01943544876933144 0.2329527207632229
186 0.0194456968891446 0.23310941675302
187 0.01945733723107345 0.2332772362426969
188 0.01946751046245199 0.2334357711546319
189 0.01947834621506115 0.2336033485585352
190 0.01948800132722413 0.2337606127413091
191 0.0194983303254236 0.2339261402608425
192 0.01950711192657192 0.2340779466196964
193 0.01951703691574817 0.2342438681729391
194 0.01952556179963583 0.2343971715183581
195 0.01953515189269619 0.2345624426869207
196 0.01954203584860629 0.2347075080872452
197 0.01955143149344714 0.2348697368463772
198 0.01955781659348078 0.2350157685029725
199 0.0195664426629399 0.2351699462661117
200 0.01957273809365481 0.2353190705094186
201 0.01958043389911361 0.2354687615682984
202 0.01958630342163866 0.235617584253388
203 0.01959341780940688 0.2357650750324622
204 0.01959862974286549 0.2359084336484566
205 0.01960538714980063 0.2360583026474138
206 0.01960989078491058 0.2361966788317849
207 0.01961645761091681 0.2363462672350972
208 0.01961983480786422 0.2364777043215085
209 0.01962573095090593 0.2366220449301543
210 0.01962914172405188 0.2367568715696285
211 0.01963427673793384 0.2368966525283456
212 0.01963710273757389 0.2370282539715703
213 0.01964184979884522 0.2371661367361895
214 0.01964395860941328 0.237294561247052
215 0.0196482884239514 0.2374281652433815
216 0.01964981008815333 0.2375539493818643
217 0.01965383048552048 0.2376862367472599
218 0.01965472825354706 0.2378073028771761
219 0.01965798590223087 0.2379346378800025
220 0.01965891102709446 0.2380562182706433
221 0.01966146837179961 0.238178675238148
222 0.01966226078977534 0.2383000891169151
223 0.01966364237989954 0.2384173096690658
224 0.01966502127162641 0.2385356295316204
225 0.01966529325795349 0.2386495846654868
226 0.01966656256222098 0.2387661597435096
227 0.01966601971552796 0.2388739122987389
228 0.01966712684486585 0.2389889788945354
229 0.01966620942419478 0.2390933543985521
230 0.01966700506874241 0.2392037386036573
231 0.01966569077448685 0.2393055050158259
232 0.01966627406022518 0.2394156666610276
233 0.01966445680292963 0.2395122295629836
234 0.01966451248501198 0.2396166649996326
235 0.0196624623713051 0.239711256169588
236 0.01966234704561698 0.239813966451034
237 0.0196600979245006 0.2399060640154681
238 0.01965927159996949 0.2399996940847335
239 0.01965770031288273 0.2400944445513082
240 0.0196554334910198 0.2401830935277839
241 0.01965409510142318 0.2402719367921539
242 0.01965133025437241 0.2403575550576282
243 0.01965014881963479 0.2404481673456125
244 0.01964704140511097 0.2405271045703284
245 0.01964560472786977 0.2406142510769659
246 0.01964229350857781 0.2406900156668528
247 0.01964022911570647 0.2407678294396907
248 0.01963766591394485 0.2408501372267117
249 0.01963460469570118 0.2409223131225646
250 0.01963199416446914 0.2409963789842584
251 0.01962942210851316 0.2410724906844862
252 0.01962585366494772 0.2411386197110551
253 0.01962309974422162 0.2412078338885764
254 0.01961992206291422 0.241275229658341
255 0.01961711144439028 0.2413461956560811
256 0.01961332520843529 0.2414034846477687
257 0.01961029645607525 0.2414683687481881
258 0.01960720271609645 0.2415333683980362
259 0.01960339508813399 0.2415880038479689
260 0.01960037670870385 0.241649686860076
261 0.01959630953345966 0.2417001905619144
262 0.01959337320396788 0.2417612217914489
263 0.01958922385829137 0.2418088477368491
264 0.0195859583454554 0.2418629926241908
265 0.01958252398587374 0.2419168967912187
266 0.01957850238323398 0.2419602308700121
267 0.01957495016329222 0.242009431735426
268 0.01957150463541305 0.2420584281614376
269 0.01956740781151581 0.2420986980086823
270 0.01956404481814377 0.2421449298725696
271 0.01955993494701262 0.2421834078092128
272 0.01955632520984686 0.2422244685263167
273 0.01955250591699515 0.2422636176526328
274 0.01954878630902182 0.2423008940216098
275 0.01954513574439393 0.2423393941613322
276 0.01954115298481205 0.2423715797351221
277 0.01953743223484153 0.2424052581884246
278 0.01953379557830112 0.2424392082306809
279 0.01952974866832978 0.2424678762863899
280 0.01952619459411419 0.2424995424671718
281 0.01952221336398121 0.2425261757476206
282 0.01951855417115464 0.2425532558644694
283 0.0195148703003965 0.2425811679751505
284 0.01951096856765703 0.2426047944882447
285 0.01950729051299681 0.242628139541319
286 0.01950366644949948 0.2426519686748008
287 0.01949978660628425 0.2426725861546958
288 0.01949617654011802 0.2426928683926885
289 0.01949261088187765 0.2427127596436466
290 0.01948877009570748 0.2427302104319712
291 0.01948528094449689 0.2427474125766309
292 0.01948161353541728 0.2427635683140651
293 0.01947803935781719 0.2427786948226606
294 0.01947443478434242 0.2427927661988034
295 0.01947089651667742 0.2428058938281825
296 0.01946735062170453 0.242818052364259
297 0.01946385610231092 0.2428293215976226
298 0.01946036868285766 0.2428396672527153
299 0.01945689984147935 0.2428489227631881
300 0.01945352181176492 0.2428579215836137
301 0.01040269128714126 0.2367928266949978
302 0.01128473386940471 0.2352875076457225
303 0.009877202005525011 0.2355299472420314
304 0.01061549210823218 0.2362779687568478
305 0.01043327018154824 0.2376388602845359
306 0.01105102591049236 0.2387559610930127
307 0.01098466467944088 0.239563362139454
308 0.01124658831443154 0.2402865765048288
309 0.0111919746689258 0.2407579489702135
310 0.01123873734162438 0.2411314727012557
311 0.01117729584946064 0.2414950948724157
312 0.01114994247576401 0.2417619533013597
313 0.01111565743798052 0.2420358660101689
314 0.01105663297861482 0.2422535954878686
315 0.01104029840310661 0.2424513961063049
316 0.0109979349161717 0.2426369314356439
317 0.01098601421413067 0.2428085437893834
318 0.0109566946691185 0.2429458598516375
319 0.01094635678375208 0.2430986364828914
320 0.01092645763625532 0.2432157177330968
321 0.01091137492671664 0.2433491686615298
322 0.01089514086516846 0.2434519631126259
323 0.01087413156071025 0.243562739256562
324 0.01085852342463907 0.243641028990127
325 0.01083317015756256 0.2437064809878504
326 0.01081729996598184 0.2437850455802781
327 0.01079161006578085 0.2438196937873615
328 0.01077487177991721 0.2438919840674823
329 0.01074984576572653 0.2439100809157148
330 0.01073534000007545 0.2439695440169893
331 0.010718505290053 0.2440159873900607
332 0.01069883209094971 0.2440339988698457
333 0.01068524409929077 0.2440869201296709
334 0.01066441167800364 0.2440880852354
335 0.01065685266450577 0.2441403315954897
336 0.01064171900829299 0.244159738741389
337 0.01063354412381172 0.2441935260779952
338 0.01062401783214005 0.2442227487360882
339 0.01061534408484181 0.2442396434457447
340 0.01061153212513289 0.244279327171716
341 0.01060347117971309 0.2442880512088732
342 0.01060182044966672 0.2443208379339302
343 0.01059826051973187 0.2443400369952856
344 0.01059694252612069 0.2443637970542266
345 0.01059600666526486 0.2443869055661633
346 0.01059545355363059 0.2444034044532596
347 0.0105953068149345 0.2444254363246037
348 0.01059532692006986 0.2444402878496132
349 0.0105951486936174 0.2444587565772903
350 0.01059529675524217 0.2444716200614021
351 0.0105939807131692 0.2444852799262814
352 0.01059372076945465 0.244497175977538
353 0.01059089901305893 0.2445054475022065
354 0.01058929397207711 0.2445155890708764
355 0.01058592832408385 0.2445211848279231
356 0.01058251604799696 0.2445284165748467
357 0.01057782916618428 0.2445302009851023
358 0.01057280626180926 0.2445346896109091
359 0.01056696384998193 0.2445348920184426
360 0.01056086520099686 0.2445354484673132
361 0.0105545549085351 0.2445358337861834
362 0.01054776544446632 0.2445345768587716
363 0.01054114549249067 0.2445342600999909
364 0.01053406143019136 0.2445318263349735
365 0.01052727129320554 0.2445303305380407
366 0.01052035609564288 0.2445271975947836
367 0.01051387796143693 0.2445235544140967
368 0.01050720640496835 0.2445219968540339
369 0.01050122136298454 0.2445180924098009
370 0.01049537494279866 0.2445162386675541
371 0.01048988290215037 0.244512981792617
372 0.01048482715377609 0.2445109868179904
373 0.01048003076566461 0.244507838597035
374 0.01047559296086285 0.2445049794163746
375 0.01047145920382796 0.2445020337065299
376 0.01046762066171701 0.2444994807724979
377 0.01046412450701525 0.2444970789964694
378 0.01046089066123486 0.2444943315613622
379 0.01045801586055567 0.2444921967216992
380 0.01045535167744802 0.244489657609844
381 0.01045298588943201 0.244487717063947
382 0.01045081161155142 0.2444855293164264
383 0.01044887178544245 0.2444837017568315
384 0.01044714120968158 0.2444818076453783
385 0.01044556711856954 0.2444799313544932
386 0.01044420640791246 0.2444783838631075
387 0.01044295852844639 0.2444768408390137
388 0.01044195412929927 0.2444755076559855
389 0.01044102453461992 0.2444740975881171
390 0.01044022204529835 0.2444732502169527
391 0.01043956022759291 0.244472552521839
392 0.01043899731947369 0.244471880134735
393 0.01043855612182989 0.2444714719922729
394 0.01043819870362073 0.2444713397435163
395 0.01043794466984973 0.2444711317400564
396 0.0104377289876712 0.2444709824498953
397 0.01043761491114506 0.244471204345739
398 0.01043752964440746 0.244471524608958
399 0.0104375938659372 0.2444722635442454
400 0.01043764905554783 0.2444730555772038
401 0.01043778811787108 0.2444741650893754
402 0.01043799935607674 0.2444756539186125
403 0.01043824824821054 0.24447729776385
404 0.01043855245830327 0.2444792446758277
405 0.01043889022447697 0.2444814316357183
406 0.01043927387716273 0.2444839289448078
407 0.0104396966103674 0.2444867233552463
408 0.01044015641646029 0.244489773973772
409 0.01044065666484177 0.2444932169275681
410 0.0104411841504859 0.2444969233844545
411 0.01044175191915534 0.2445010684951404
412 0.01044234106947087 0.2445054895111218
413 0.0104429898546949 0.24451041502465
414 0.01044359428961814 0.2445154000811713
415 0.01044427626461653 0.2445209709316332
416 0.01044493422804086 0.2445266785824502
417 0.01044566490335872 0.2445330247077467
418 0.01044642497372874 0.244539810016061
419 0.0104472043798846 0.244546996298738
420 0.01044798980899532 0.2445545094613301
421 0.01044877739701861 0.2445624770533503
422 0.0104495988653626 0.2445707943768934
423 0.01045042842728465 0.2445795925169296
424 0.01045127210021564 0.2445887272973962
425 0.01045212522333975 0.2445983664491624
426 0.01045299140312208 0.2446083347946562
427 0.01045387247130797 0.2446187046351399
428 0.0104547488009063 0.244629560815538
429 0.01045565200540595 0.2446409233870402
430 0.01045655058688449 0.244652610038651
431 0.01045745968941813 0.2446647597169637
432 0.01045836439341333 0.2446772467285838
433 0.01045927503580377 0.2446901965204832
434 0.0104602268264839 0.2447038137813456
435 0.01046109274546526 0.2447172223637347
436 0.01046197795141687 0.2447311100643795
437 0.01046293256867311 0.2447460728399015
438 0.01046383376813147 0.2447609307518408
439 0.01046472088226885 0.2447760835971626
440 0.01046558913534899 0.2447914879316354
441 0.01046646162359642 0.2448073897142383
442 0.01046732068204551 0.2448235650261658
443 0.01046817796917079 0.2448401865788798
444 0.01046901557089226 0.2448570122452245
445 0.01046988164213991 0.2448740666631603
446 0.01047067710004537 0.2448915157953045
447 0.01047146341428014 0.2449093833278189
448 0.01047223053383064 0.2449273823199554
449 0.01047298100093804 0.2449456929429042
450 0.01047371317021405 0.2449641366469663
451 0.01047443017951369 0.2449829012493803
452 0.01047512197133254 0.245001788845733
453 0.01047579204253698 0.2450209607487913
454 0.01047643580038273 0.2450402315103286
455 0.01047706162401673 0.2450597695393563
456 0.01047765363546764 0.2450793381824878
457 0.01047823342100686 0.2450992344946688
458 0.01047877381860444 0.2451191180997427
459 0.01047929025161657 0.2451391829722879
460 0.01047977018915235 0.2451592498202226
461 0.01048027462925127 0.2451800383352725
462 0.01048060727943382 0.2451984527210727
463 0.01048107746807569 0.2452204373294994
464 0.01048141531112788 0.2452407912664394
465 0.01048177070911244 0.2452611682966069
466 0.01048209969878413 0.245281365802019
467 0.01048237960487372 0.2453018239197019
468 0.01048260087548916 0.2453222449749146
469 0.01048281626759933 0.2453427634869612
470 0.0104829867481776 0.2453631693770077
471 0.01048314003886637 0.245383601684566
472 0.01048325398058963 0.2454039031144639
473 0.0104833441782689 0.2454242106513542
474 0.01048339655172434 0.2454443575943352
475 0.01048342324884072 0.2454645136079359
476 0.01048341528620442 0.2454845050853786
477 0.01048338104235963 0.2455044864186312
478 0.01048331325534138 0.2455242857585151
479 0.01048321904166894 0.2455440321030201
480 0.01048309030022652 0.2455635576612567
481 0.01048293733191275 0.2455830175707854
482 0.01048274988546025 0.2456022553423932
483 0.01048254178291942 0.245621435884191
484 0.0104822983973567 0.2456403567553987
485 0.01048202378198042 0.2456592564740695
486 0.01048173172179815 0.2456777684870468
487 0.01048142068241203 0.245696224447411
488 0.01048107342590577 0.245714409908093
489 0.01048070925419028 0.2457325097245847
490 0.01048031120722921 0.2457502911428097
491 0.0104798973126498 0.2457679466680542
492 0.01047945399833544 0.2457853170939043
493 0.01047899664484678 0.2458025656480841
494 0.01047851199106696 0.2458195190517264
495 0.01047801312745193 0.2458363109266014
496 0.0104774870290404 0.2458527731907331
497 0.01047694921920429 0.2458690965196019
498 0.01047638779374502 0.2458851264267047
499 0.01047581746379944 0.2459010168627669
500 0.0104752240895725 0.2459165835056498
501 0.01047462242476856 0.2459319862682474
502 0.01047399874740355 0.2459470540640411
503 0.01047336883544059 0.2459619598597669
504 0.01047271935409532 0.2459765361380242
505 0.01047206568067767 0.2459909524936019
506 0.01047139550437359 0.2460050498805744
507 0.01047072129258978 0.2460189727166006
508 0.01047003462539531 0.246032594680943
509 0.01046934277181667 0.2460460158741165
510 0.01046864209823116 0.2460591510784279
511 0.01046793734258318 0.2460720611434075
512 0.0104672269172459 0.2460847187071301
513 0.01046651413887438 0.2460971827413604
514 0.01046579584520141 0.2461093577254539
515 0.01046507796150203 0.2461213469459183
516 0.01046435709631928 0.2461330653130798
517 0.01046363896661844 0.2461446106523086
518 0.01046291929390124 0.2461558923378618
519 0.01046220368113664 0.2461670040327595
520 0.01046148795097082 0.2461778548832343
521 0.010460777699393 0.2461885408819507
522 0.01046006883647288 0.2461989679374619
523 0.01045936613686546 0.2462092175811394
524 0.01045866575433978 0.2462192037339827
525 0.01045797365167626 0.2462290388223171
526 0.01045728671985789 0.2462386447734115
527 0.01045661038112336 0.2462481216482874
528 0.01045594064089375 0.2462573774866215
529 0.01045528259678051 0.2462665115923462
530 0.01045463478454085 0.2462753793358823
531 0.01045393063176294 0.246283640437609
532 0.01045341142418603 0.2462930962829447
533 0.01045276131643775 0.2463013664850114
534 0.0104521016151549 0.2463090263813143
535 0.01045152484062732 0.2463172288144343
536 0.01045101446433924 0.2463260456257413
537 0.01045036807962348 0.2463330948837106
538 0.01044987853731473 0.2463415018995379
539 0.01044926697370153 0.2463483296702719
540 0.01044880971101603 0.2463564872179442
541 0.01044822774174433 0.2463631372903103
542 0.0104477949143135 0.2463710081232947
543 0.01044728088356587 0.2463779636557721
544 0.01044681550610882 0.246384905084763
545 0.01044634917263523 0.2463917889002063
546 0.0104459186984921 0.2463985794820688
547 0.01044549673178051 0.2464053520439151
548 0.01044509718537498 0.2464120024503501
549 0.01044471686009645 0.2464187088791906
550 0.01044435173604493 0.2464251642433456
551 0.01044400915201797 0.2464317692721746
552 0.01044367600737237 0.2464381524120802
553 0.0104433613437546 0.2464445813001544
554 0.01044305577691263 0.2464508846249665
555 0.01044277377600186 0.2464572310046733
556 0.01044250201133597 0.2464634683084063
557 0.01044225339258718 0.2464697484619412
558 0.0104420172685834 0.2464759434528367
559 0.01044180134781115 0.2464821907699819
560 0.01044159977767633 0.2464883686462779
561 0.01044141658613421 0.2464946114358842
562 0.01044124878631047 0.2465008095189336
563 0.01044109987484717 0.2465070802269929
564 0.01044095419606967 0.2465132298633332
565 0.01044084502250659 0.2465196473331205
566 0.01044073336045014 0.2465258327927229
567 0.01044065582539714 0.246532295373
568 0.01044057317595784 0.2465385459774676
569 0.01044051336919557 0.2465449955459347
570 0.01044046753266614 0.2465514326652853
571 0.01044044038775045 0.2465579951288569
572 0.01044042177173584 0.2465645687956853
573 0.0104404197223952 0.2465712153107341
574 0.01044042878473309 0.2465778439654469
575 0.01044045003667274 0.2465846370416234
576 0.01044048311544056 0.2465914417818154
577 0.01044052903466566 0.2465983997862211
578 0.01044058473090579 0.2466053710318558
579 0.01044065190270945 0.2466124898471974
580 0.0104407283629984 0.2466196307457564
581 0.01044081617001785 0.2466269322668839
582 0.01044089586308017 0.2466341172511767
583 0.01044102123506141 0.2466418074959969
584 0.01044112112453789 0.246649195642678
585 0.01044124545686782 0.2466569252872646
586 0.01044139639387697 0.2466648710563838
587 0.0104415180522724 0.2466726280403185
588 0.01044165895294522 0.2466805826597026
589 0.01044181282923759 0.2466887922501824
590 0.01044198709134239 0.2466971819734993
591 0.01044213139489936 0.2467053942398869
592 0.01044231003765414 0.24671399781634
593 0.01044248212245847 0.2467226571439967
594 0.01044264919777456 0.2467313120113055
595 0.01044282812819516 0.2467402265729047
596 0.01044300190225004 0.2467491659656458
597 0.01044318905789288 0.2467583734568252
598 0.01044338397792623 0.246767751343531
599 0.01044355885467173 0.2467770524877078
600 0.01044373578367835 0.2467864781660817
601 0.01044394443776914 0.2467964339591462
602 0.01044412832315929 0.2468061902219177
603 0.010444315322346 0.2468161567925975
604 0.01044449267356076 0.246826146700099
605 0.01044467795768235 0.2468364091417939
606 0.01044485512323264 0.246846695390612
607 0.01044503809717394 0.2468572340626492
608 0.01044521105074922 0.2468678055447088
609 0.01044538815974104 0.2468786280306687
610 0.01044555450854837 0.2468894672158465
611 0.01044572414727894 0.2469005558901734
612 0.01044588209702678 0.2469116579725483
613 0.01044604276177328 0.2469230058741025
614 0.01044624088005299 0.2469349595968057
615 0.01044632882411305 0.246945779053262
616 0.01044650821103328 0.2469579377757811
617 0.0104465912657309 0.2469691056812047
618 0.01044676165429072 0.2469815393221292
619 0.01044685716333103 0.2469932987300894
620 0.01044696281177142 0.2470049829086546
621 0.01044708839626253 0.247018008723074
622 0.01044716366867676 0.2470296863024903
623 0.01044730155376396 0.2470432084005361
624 0.01044734376530742 0.2470549073170863
625 0.01044747171608861 0.2470686372258362
626 0.01044750198110325 0.2470810269473739
627 0.01044759523469019 0.2470942466910202
628 0.01044761697491372 0.2471069381805528
629 0.01044766486286763 0.2471200082719625
630 0.01044767971662853 0.2471329741240416
631 0.01044773579526829 0.2471468523595842
632 0.01044769440516185 0.2471594008648327
633 0.01044777362036736 0.2471742490066397
634 0.01044774246248847 0.247187597822612
635 0.01044773506017923 0.247201062655015
636 0.01044768987950745 0.2472146403102899
637 0.01044766354284028 0.2472284568577956
638 0.0104476108495345 0.2472423481027731
639 0.01044756664285472 0.2472563822944722
640 0.01044748191858609 0.2472701453958238
641 0.01044745817045951 0.2472848035780447
642 0.01044734632754722 0.2472988566202583
643 0.01044726327583084 0.2473130642812352
644 0.01044715002331694 0.2473272762989428
645 0.01044705650301423 0.2473418317048806
646 0.01044692476543462 0.2473559259938288
647 0.01044679064773921 0.2473704033108486
648 0.01044665521391078 0.2473850529655546
649 0.01044650512175365 0.2473994190754165
650 0.01044634515533312 0.2474139743826446
651 0.01044617896009025 0.247428622411606
652 0.01044601971341952 0.2474437096156346
653 0.01044582654941747 0.2474577445048435
654 0.01044558250563085 0.247472040010579
655 0.01044545472233728 0.2474874423459099
656 0.01044516902607162 0.2475016047027958
657 0.01044504345688096 0.2475171109593431
658 0.01044476357193039 0.2475316512052737
659 0.01044454620919161 0.2475462886035116
660 0.01044423478799866 0.2475604769086348
661 0.01044408581907339 0.2475760126493944
662 0.01044372965928861 0.2475900962154879
663 0.01044357244571468 0.2476056564009242
664 0.01044319494077785 0.2476196564071982
665 0.01044302766344631 0.2476350949774475
666 0.01044262386363086 0.2476490926292701
667 0.01044245005178584 0.2476646347207802
668 0.01044203006738222 0.2476784852003485
669 0.01044185014385012 0.2476940723184585
670 0.01044141606226012 0.247707818848771
671 0.0104412290017319 0.2477235497246928
672 0.01044078825193725 0.2477372791992403
673 0.01044051893649359 0.2477516724173001
674 0.01044017806274037 0.2477668028828141
675 0.01043992507106334 0.2477817251607547
676 0.01043946851509947 0.2477955097564031
677 0.01043917215405327 0.2478099008426443
678 0.01043881779051327 0.2478244871745174
679 0.01043855181379835 0.2478398126081406
680 0.01043808374676176 0.2478531739392458
681 0.01043777974347417 0.2478677735585913
682 0.01043740436077685 0.2478816981614
683 0.0104370611133908 0.2478961631571713
684 0.01043669106394146 0.2479103671475289
685 0.01043639116377441 0.2479249695187936
686 0.0104359073478019 0.2479379593522306
687 0.01043558627174261 0.2479524944856833
688 0.01043520950150734 0.2479662157011669
689 0.01043486024489191 0.2479804758199795
690 0.01043448242176291 0.247994343889211
691 0.01043417083329877 0.248008460642385
692 0.01043368197519803 0.2480212248246035
693 0.01043335741630805 0.2480353374163658
694 0.01043297459423478 0.2480487006834282
695 0.010432621327432 0.2480625338048579
696 0.01043223512395211 0.2480756958278339
697 0.01043187234682002 0.248089395681253
698 0.01043150143243812 0.24810278934203
699 0.01043113133304975 0.2481158009097532
700 0.01043076059077274 0.2481292540563374
701 0.01043039857566447 0.2481424754511324
702 0.01043008202841725 0.2481558452013394
703 0.01042961485482597 0.2481679753366109
704 0.01042929159593608 0.2481813027269365
705 0.01042893292749257 0.2481942798816606
706 0.01042863561673555 0.2482073514195661
707 0.01042817604439243 0.248219557441802
708 0.01042787112697418 0.2482322639872092
709 0.0104275053090832 0.2482447262040083
710 0.0104271754857098 0.2482575023378499
711 0.01042682286577386 0.2482700364350931
712 0.01042653750176701 0.2482827626441793
713 0.01042610024633117 0.2482944654297801
714 0.01042580461605397 0.2483067557789698
715 0.0104254670537873 0.2483190672295797
716 0.01042519504286584 0.2483314985204972
717 0.01042477721809006 0.2483430487529896
718 0.01042449700815812 0.2483550610272703
719 0.01042417354429122 0.2483670868126925
720 0.01042391203615831 0.2483791686793914
721 0.01042351416845006 0.2483905299903937
722 0.01042324426121705 0.2484019993977311
723 0.01042293232701722 0.2484137682201767
724 0.01042264782618219 0.248425394375021
725 0.01042235336288822 0.2484372495248953
726 0.01042211184461267 0.2484488523847253
727 0.01042174373288149 0.2484596752727782
728 0.01042148722209054 0.2484708314899222
729 0.01042121448515734 0.2484825177063414
730 0.01042098917646857 0.2484938394214549
731 0.01042064408736632 0.2485044733612665
732 0.01042040591708115 0.2485154296157793
733 0.01042014476888787 0.2485265859996892
734 0.01041990045755286 0.2485375512953632
735 0.01041964581858944 0.2485484853268227
736 0.01041940257898119 0.2485592368747954
737 0.01041915707840211 0.2485699901785098
738 0.01041895443087711 0.2485810104816417
739 0.01041865635373776 0.2485912865673728
740 0.01041847879554076 0.2486017669539943
741 0.01041819191685689 0.2486122218311079
742 0.01041803368154577 0.2486228831627984
743 0.01041775103810826 0.2486327391104478
744 0.01041760791842756 0.2486440539968258
745 0.0104173403963504 0.2486537750613641
746 0.01041719591491502 0.2486642824752662
747 0.01041693135553958 0.2486740915198494
748 0.01041679787125136 0.2486846926150865
749 0.01041654430664694 0.2486943847202228
750 0.01041641799621424 0.2487048857471637
751 0.01041617361865009 0.248714483102176
752 0.0104160531506879 0.2487248807882713
753 0.01041581714424367 0.2487343720489645
754 0.01041569729035446 0.2487444668175009
755 0.01041547801081041 0.2487543625601127
756 0.01041536625709719 0.2487642424516295
757 0.01041515174734559 0.2487737650069031
758 0.01041504498631727 0.2487838448538698
759 0.01041483866521924 0.2487931557421843
760 0.01041473704544653 0.2488031995957596
761 0.01041453942089953 0.2488124523071522
762 0.01041444286768205 0.2488224222398518
763 0.01041425300748549 0.2488316267872013
764 0.01041416129772826 0.2488415138777032
765 0.01041397742269276 0.2488506439147824
766 0.01041388793108721 0.2488603684595688
767 0.0104137322915983 0.248869817718062
768 0.01041361284778382 0.2488792175779868
769 0.01041346120649985 0.24888840008432
770 0.01041337951042898 0.2488980405062937
771 0.01041322224704424 0.2489071139293272
772 0.01041314174835902 0.2489167085818066
773 0.01041298675729404 0.24892567948945
774 0.01041291335517831 0.2489353157362942
775 0.01041278020860701 0.2489444959884811
776 0.01041267546173448 0.2489536262561214
777 0.01041254237463286 0.2489626185861476
778 0.01041247254357157 0.2489720959261424
779 0.01041233676451339 0.2489810729810337
780 0.01041227152900699 0.2489905807759153
781 0.01041213623000968 0.2489994545278169
782 0.01041207432134555 0.2490089084899774
783 0.01041193949271396 0.2490177322177607
784 0.01041188146020685 0.2490271672563323
785 0.01041174666385915 0.2490359270748863
786 0.01041168936989601 0.2490452800842157
787 0.01041156330637703 0.2490542376347596
788 0.01041151275179114 0.2490636612040353
789 0.01041138347785659 0.2490723610643733
790 0.01041133179097365 0.2490817726069557
791 0.01041120542179618 0.2490905203152927
792 0.01041113625682614 0.2490995347885727
793 0.01041104362847158 0.2491087452007706
794 0.01041098696358219 0.2491181811046002
795 0.01041086469823682 0.2491268740265593
796 0.01041080126554171 0.2491360658628507
797 0.01041070505817349 0.2491449743244952
798 0.01041063072113568 0.2491541484367674
799 0.0104105387220294 0.2491631410567785
800 0.01041046583425918 0.2491723804413485
801 0.0104103769936878 0.2491813646795714
802 0.01041030160343682 0.2491905730499293
803 0.01041021281180929 0.2491995369807465
804 0.01041013589780884 0.2492087453769234
805 0.01041004785426883 0.2492177266371237
806 0.01040997045261398 0.2492269453300781
807 0.01040988226036663 0.2492359350138978
808 0.01040979687160792 0.2492449470839296
809 0.01040971344486717 0.2492541559543685
810 0.01040963849745552 0.2492634775783404
811 0.0104095516644484 0.2492725101228858
812 0.01040947203706358 0.2492817623585083
813 0.01040938292996776 0.2492908208884213
814 0.01040930358345876 0.2493001257720605
815 0.01040921350133605 0.2493091979458191
816 0.01040913310331158 0.249318519251478
817 0.01040904185795507 0.2493276195929504
818 0.01040896036381696 0.2493369633400467
819 0.01040886763346688 0.2493460833155785
820 0.01040878362335004 0.2493554206603961
821 0.01040868853482086 0.2493645468140156
822 0.0104086039757237 0.2493739322625694
823 0.01040851580481411 0.2493833302984219
824 0.01040842720824504 0.2493926066317297
825 0.01040832818317997 0.2494017591993541
826 0.01040823910504063 0.2494112022512659
827 0.01040814874620653 0.2494206710327016
828 0.01040805571618383 0.2494299953232509
829 0.01040795320507192 0.2494391859438989
830 0.01040786188703943 0.2494487494247992
831 0.01040776864462829 0.2494582791362813
832 0.01040767159576437 0.2494676550457472
833 0.01040756504139322 0.249476894795679
834 0.01040746960268102 0.2494865166904106
835 0.01040737214525013 0.2494961014843614
836 0.01040727158721292 0.2495055485873891
837 0.01040716046378375 0.2495148382576778
838 0.01040706210458828 0.2495245430440267
839 0.0104069601576345 0.2495341918056975
840 0.01040685638443032 0.2495437128950524
841 0.01040674142851553 0.2495530781331422
842 0.01040663781507131 0.2495628101343935
843 0.01040652510006816 0.2495723107403373
844 0.01040642003847594 0.2495820539151561
845 0.01040630385174374 0.24959154790403
846 0.01040619757774652 0.2496013491801561
847 0.01040608579708135 0.2496110956368016
848 0.01040597413937928 0.2496207519693579
849 0.01040585608926372 0.2496304246192298
850 0.01040573924693972 0.2496400690250443
851 0.01040561986824683 0.249649789939503
852 0.01040550191801517 0.2496595004958464
853 0.01040538189151595 0.2496692724738189
854 0.01040526199100629 0.2496790175063448
855 0.01040514007045224 0.24968881165572
856 0.01040501758403253 0.2496985764737578
857 0.01040489346605279 0.2497083891753926
858 0.01040476860727455 0.2497181747548856
859 0.01040464229426338 0.2497280072344342
860 0.01040451529827794 0.2497378138143874
861 0.01040440989628796 0.2497479100289383
862 0.01040423037428699 0.2497570987620596
863 0.01040412333712781 0.2497673430865073
864 0.01040399439897744 0.2497772884646906
865 0.01040389331885811 0.2497874717540342
866 0.01040370440142672 0.2497966679960239
867 0.01040361965016536 0.2498071463356857
868 0.01040342830107195 0.2498163713145727
869 0.01040332179829766 0.2498265139221179
870 0.01040317842183472 0.2498365196667005
871 0.01040307985028209 0.2498468452914316
872 0.01040287930516851 0.2498559759431603
873 0.01040276610751946 0.2498661620012625
874 0.01040261894219239 0.2498761494666638
875 0.01040251348181897 0.2498864222988296
876 0.01040231031601555 0.2498955905383629
877 0.01040219243113328 0.2499057861811196
878 0.01040204270315284 0.2499157734182969
879 0.01040193256093865 0.2499260051095434
880 0.01040173070610994 0.2499355045036425
881 0.01040160584908049 0.2499453389413863
882 0.01040144846749417 0.2499552471472255
883 0.01040133318455836 0.2499655223066684
884 0.01040112784452157 0.2499748049127029
885 0.01040099716674483 0.2499848818558697
886 0.01040084570263402 0.2499949004723708
887 0.01040073029845489 0.2500052596215629
888 0.01040051790956429 0.2500142960846655
889 0.01040038459257057 0.2500244406882754
890 0.0104002264202963 0.2500343510921901
891 0.01040010636094752 0.2500445829760156
892 0.01039989003960181 0.250053620147787
893 0.01039975516707355 0.2500637340342862
894 0.01039959375705187 0.2500736126007504
895 0.01039947038653691 0.2500837702379957
896 0.0103992536888435 0.2500929567509359
897 0.01039911304731627 0.2501027049710263
898 0.01039894573869789 0.2501125211477841
899 0.01039882209088315 0.2501227049093668
900 0.01039860198193287 0.2501317905770772
901 0.01039845789462089 0.2501415874746595
902 0.01039829259972639 0.2501513780180509
903 0.01039813694200008 0.2501611071909256
904 0.01039796630874081 0.250170712669312
905 0.01039780196976384 0.2501803093577523
906 0.01039763191850548 0.2501898672899373
907 0.01039746454167524 0.2501994435693545
908 0.0103972953745816 0.2502089684808849
909 0.01039712580355753 0.2502185011343362
910 0.01039695631867875 0.2502279729278585
911 0.01039678509501522 0.2502374564488983
912 0.01039661484956991 0.2502468747543569
913 0.01039644246559302 0.250256307743142
914 0.01039627124229102 0.2502656714200017
915 0.01039609793712585 0.2502750504692715
916 0.0103959256453805 0.2502843572741388
917 0.01039575158061087 0.2502936795636698
918 0.01039557820442296 0.2503029268296301
919 0.01039540349473695 0.2503121899273303
920 0.0103952290773081 0.2503213749003215
921 0.01039505377109298 0.250330576328121
922 0.01039487841944549 0.250339696529533
923 0.01039470248965589 0.2503488336168354
924 0.01039452637965555 0.2503578871312108
925 0.01039434975700811 0.2503669570303919
926 0.01039417307626444 0.25037594218033
927 0.01039399572960596 0.2503849423548442
928 0.01039381859439788 0.250393857312457
929 0.01039364059937182 0.2504027858906098
930 0.01039346301400795 0.2504116283117295
931 0.0103932845411151 0.2504204840414285
932 0.0103931064582355 0.2504292514796294
933 0.01039292768191225 0.2504380331501875
934 0.01039274909792172 0.2504467236434232
935 0.0103925701152527 0.2504554296344954
936 0.01039239110890739 0.2504640418366115
937 0.01039221193725045 0.2504726698177951
938 0.01039203264828513 0.2504812028995551
939 0.01039185331685696 0.2504897523200883
940 0.0103916738382061 0.2504982049082152
941 0.01039149435663753 0.2505066734578447
942 0.01039131479556611 0.2505150444696648
943 0.01039113523556604 0.2505234312771415
944 0.0103909556561401 0.2505317196805304
945 0.0103907761054085 0.2505400239385689
946 0.01039059655196278 0.2505482287006872
947 0.01039041710637564 0.2505564496988845
948 0.01039023762377434 0.2505645700047244
949 0.01039005839731887 0.2505727055925572
950 0.01038987892269157 0.2505807419951566
951 0.0103897000442391 0.2505887938371555
952 0.01038952080982808 0.2505967451989213
953 0.01038934227787527 0.2506047120271488
954 0.01038916337426864 0.2506125774330951
955 0.01038898518308497 0.2506204587494184
956 0.01038880660674092 0.250628238200807
957 0.0103886288170911 0.2506360340501415
958 0.01038845068318798 0.2506437276892759
959 0.01038827340818062 0.2506514381460477
960 0.01038809579952589 0.2506590460829262
961 0.01038791910927771 0.2506666712931328
962 0.01038774207405421 0.2506741937113383
963 0.0103875660310982 0.2506817339446849
964 0.01038738962442747 0.2506891711549515
965 0.0103872142964801 0.2506966268266413
966 0.01038703858282572 0.2507039793074779
967 0.01038686403191205 0.2507113509290443
968 0.01038668907985786 0.2507186193183573
969 0.01038651536249371 0.2507259075134345
970 0.01038634124152071 0.2507330925805168
971 0.01038616841360944 0.2507402980655289
972 0.01038599518948273 0.2507474006597809
973 0.01038582330832734 0.2507545242841341
974 0.01038565105346182 0.2507615454267865
975 0.01038548012604714 0.2507685881780748
976 0.01038530891389568 0.2507755286709916
977 0.01038513906990937 0.2507824916793236
978 0.01038496892332522 0.2507893528637318
979 0.01038480019227927 0.2507962372923943
980 0.01038463115591167 0.2508030203922201
981 0.01038446359158447 0.2508098275220953
982 0.01038429571797933 0.2508165339158399
983 0.01038412937240682 0.2508232650960934
984 0.01038396271795326 0.2508298961809352
985 0.01038379763891776 0.2508365528217551
986 0.01038363225250415 0.2508431101026373
987 0.01038346848297454 0.2508496937255756
988 0.01038330440890046 0.2508561787864251
989 0.01038314199961715 0.2508626910766529
990 0.01038297930250235 0.250869105751578
991 0.01038281830320993 0.2508755484265565
992 0.0103826570098866 0.2508818942737496
993 0.0103824974446719 0.2508882689565078
994 0.01038233758453937 0.2508945477017637
995 0.01038217948543498 0.250900856134359
996 0.01038202109166742 0.2509070695610414
997 0.01038186449299847 0.2509133136158544
998 0.01038170759619952 0.250919463601731
999 0.01038155252217289 0.2509256450558456
1000 0.01038139714692021 0.2509317333931489
1001 0.0103812436265863 0.2509378543037174
1002 0.01038108980027609 0.2509438830964672
1003 0.01038093784554713 0.2509499451771477
1004 0.01038078558267895 0.2509559159679474
1005 0.01038063522567724 0.2509619213911382
1006 0.01038048456483491 0.2509678367158066
1007 0.01038033581429934 0.2509737871901963
1008 0.01038018674293347 0.2509796480580633
1009 0.01038003806225558 0.2509854378212911
1010 0.01037989104556765 0.2509913443353539
1011 0.01037974739795916 0.2509972517254329
1012 0.01037960253440983 0.2510030089155761
1013 0.01037945619218346 0.2510086696170887
1014 0.01037931267561712 0.2510144916336205
1015 0.01037917161031026 0.2510202830575149
1016 0.01037902970803073 0.2510259279392046
1017 0.01037888619595467 0.2510314946797045
1018 0.01037874612280116 0.2510372297567573
1019 0.01037860688437604 0.2510428286786526
1020 0.01037846938981665 0.2510485135870951
1021 0.01037833095869986 0.2510540483052369
1022 0.01037819431878545 0.2510596619462481
1023 0.01037805674931372 0.2510651413675568
1024 0.01037791971535119 0.251070590243484
1025 0.01037778669168588 0.2510762920824897
1026 0.01037765464758567 0.251081776893375
1027 0.01037752073319004 0.2510871685349975
1028 0.01037738725451764 0.2510926501826864
1029 0.01037725572050688 0.2510980539864754
1030 0.01037712564208904 0.2511035600619399
1031 0.01037699579318021 0.251108922829096
1032 0.0103768669184081 0.2511143671289573
1033 0.01037673774242101 0.2511196864762244
1034 0.01037661039240536 0.2511251005757275
1035 0.01037648239977347 0.2511303863158112
1036 0.01037635484497927 0.2511356487058793
1037 0.01037622897891851 0.2511410240547485
1038 0.01037610652675765 0.2511464338353612
1039 0.01037598267215419 0.2511516779861035
1040 0.01037585971334905 0.2511569971186047
1041 0.01037573594692336 0.2511622082559924
1042 0.01037561476523467 0.2511675250451944
1043 0.01037549239883065 0.2511727137435406
1044 0.01037537255683333 0.2511779983566427
1045 0.01037525143796037 0.2511831628364437
1046 0.0103751315014852 0.2511883311079937
1047 0.01037501290782922 0.2511935942167468
1048 0.01037489473656574 0.2511987496235329
1049 0.01037477726949499 0.2512039526072595
1050 0.01037466128075908 0.2512091908601359
1051 0.010374544834024 0.2512142887877779
1052 0.01037442914214445 0.2512194769951123
1053 0.01037431321791498 0.2512245693731628
1054 0.01037419954060368 0.2512297628925149
1055 0.01037408458919651 0.2512348297507067
1056 0.01037397199004593 0.2512400006214858
1057 0.01037385794657198 0.2512450532533831
1058 0.010373745109384 0.2512501097702208
1059 0.01037363308871817 0.2512552624250987
1060 0.01037352196857287 0.2512603194992434
1061 0.01037341077237803 0.2512654145791229
1062 0.01037329955560751 0.2512704380335218
1063 0.01037318962970877 0.2512755298660086
1064 0.01037308158041165 0.2512806743995794
1065 0.01037297214107665 0.2512856531716668
1066 0.01037286321792948 0.2512907206617577
1067 0.01037275363283006 0.2512956877047822
1068 0.01037264615204905 0.25130076968368
1069 0.01037253759297812 0.2513057333247378
1070 0.01037242962550422 0.2513107004841295
1071 0.01037232280256746 0.2513157655592229
1072 0.01037221642232505 0.2513207429656318
1073 0.010372110106543 0.2513257598196755
1074 0.01037200326105733 0.2513306943557349
1075 0.01037189704869824 0.2513356853791807
1076 0.01037179292227797 0.2513407375227307
1077 0.01037168711840103 0.2513456382340863
1078 0.01037158231748507 0.2513506299310492
1079 0.01037147620779338 0.251355518976119
1080 0.01037137236838273 0.2513605225611953
1081 0.01037126690943359 0.2513654051275687
1082 0.01037116203615875 0.2513702927665146
1083 0.01037105805585069 0.2513752748558034
1084 0.01037095438392069 0.2513801743598321
1085 0.01037085085926394 0.2513851175289799
1086 0.01037074649715172 0.2513899772321712
1087 0.01037064234098882 0.2513948760905067
1088 0.01037053973622549 0.2513998280771896
1089 0.01037043567541126 0.2514046450976333
1090 0.01037033284843468 0.2514095587605412
1091 0.01037022842910785 0.2514143700431116
1092 0.01037012497997208 0.2514192012930426
1093 0.01037002191564507 0.2514241067207216
1094 0.01036991922324139 0.251428938894383
1095 0.01036981614093766 0.2514338087694899
1096 0.01036971282502052 0.2514386086036128
1097 0.01036960998058672 0.2514434571652351
1098 0.01036950637602551 0.2514482371923133
1099 0.01036940303212773 0.251453056318839
1100 0.01036929894158037 0.2514578021808914
1101 0.0103691954002013 0.2514626042522677
1102 0.01036909360701344 0.2514674633621753
1103 0.01036898970110946 0.2514721699131012
1104 0.01036888546525909 0.2514768810454359
1105 0.01036878195244077 0.2514816878201143
1106 0.01036868004941745 0.2514865072894517
1107 0.01036857553826488 0.2514911705819178
1108 0.01036847066558806 0.2514958423106683
1109 0.01036836645476485 0.2515006028699976
1110 0.01036826274707048 0.2515052930919398
1111 0.01036815876158828 0.2515100249769051
1112 0.01036805442209644 0.2515146857850273
1113 0.01036794956851364 0.2515193761585584
1114 0.01036784420418044 0.25152399555107
1115 0.01036773888175195 0.2515286580083972
1116 0.01036763519730598 0.2515333819983914
1117 0.01036752963392954 0.2515379589779515
1118 0.01036742328721001 0.2515425298148032
1119 0.01036731780342688 0.251547198833366
1120 0.01036721219339353 0.2515517831587247
1121 0.0103671066762155 0.2515564109458122
1122 0.01036700015197983 0.251560963291578
1123 0.0103668939055917 0.2515655575154724
1124 0.01036678686845686 0.2515700861438327
1125 0.01036668004766316 0.2515746537650499
1126 0.01036657268028894 0.2515791597064043
1127 0.01036646501854769 0.2515836891833224
1128 0.01036635677146101 0.2515881527958509
1129 0.01036624862435491 0.2515926575273885
1130 0.01036614188175265 0.25159722022619
1131 0.01036603334431163 0.2516016348762677
1132 0.01036592390506919 0.2516060423293242
1133 0.01036581517906409 0.2516105404737999
1134 0.01036570637328073 0.2516149550093048
1135 0.01036559745398527 0.251619409092374
1136 0.01036548774959813 0.2516237886422908
1137 0.01036537800090235 0.2516282061414235
1138 0.01036526772063978 0.2516325584811879
1139 0.01036515740390117 0.2516369458880168
1140 0.01036504665359477 0.251641272166385
1141 0.01036493561086618 0.2516456193987852
1142 0.0103648238625134 0.2516498992170655
1143 0.01036471223325755 0.2516542142693228
1144 0.01036460065298496 0.2516584994120416
1145 0.01036448953034919 0.2516628196441285
1146 0.01036437761830264 0.2516670770701384
1147 0.01036426574626149 0.2516713552359408
1148 0.01036415287690733 0.25167556961129
1149 0.01036404017132488 0.2516798116173379
1150 0.01036392679030439 0.2516839946400086
1151 0.01036381351714575 0.2516882076215404
1152 0.01036369984513591 0.2516923633199722
1153 0.01036358609718578 0.2516965481948344
1154 0.01036347207060453 0.2517006753669118
1155 0.01036335785959826 0.2517048298516529
1156 0.01036324322114653 0.2517089196066178
1157 0.01036312816733205 0.2517130242405106
1158 0.0103630127569802 0.2517170731088503
1159 0.01036289787863497 0.2517211755535995
1160 0.01036278283797883 0.2517252278671772
1161 0.0103626679945769 0.251729306918905
1162 0.0103625523458717 0.2517333166923163
1163 0.01036243669687778 0.2517373512038577
1164 0.01036232038337399 0.2517413229357643
1165 0.01036220417209347 0.2517453225108041
1166 0.01036208757172532 0.2517492649026085
1167 0.01036197100719322 0.2517532340591488
1168 0.01036185421265095 0.2517571484719233
1169 0.01036173732212593 0.2517610867360716
1170 0.0103616202532696 0.2517649701289068
1171 0.0103615028269566 0.2517688654312617
1172 0.01036138502713163 0.2517726971423982
1173 0.01036126722574166 0.2517765592327958
1174 0.01036114977451689 0.2517803946663251
1175 0.01036103261609834 0.2517842595020965
1176 0.01036091516897423 0.251788062339495
1177 0.01036079746717455 0.2517918813854365
1178 0.01036067939902798 0.251795640671753
1179 0.01036056119219505 0.2517994215523256
1180 0.01036045447750219 0.2518032580199835
1181 0.01036031415086821 0.2518068503265082
1182 0.01036020419567414 0.2518105478379673
1183 0.01036008512812768 0.2518142943040973
1184 0.01035998111252703 0.2518180770892631
1185 0.01035983946126345 0.2518216355302214
1186 0.01035973111532798 0.2518252658644152
1187 0.01035957473782478 0.2518293100554526
1188 0.01035946718451 0.2518327034503843
1189 0.01035935615750773 0.2518362560390631
1190 0.01035925976334122 0.2518399354463632
1191 0.01035908639390644 0.2518437610760032
1192 0.01035899541159753 0.2518471651961471
1193 0.01035886425707658 0.2518505427046853
1194 0.01035877563514868 0.2518541209246381
1195 0.01035860177124936 0.2518579539590678
1196 0.01035851376586036 0.2518612981128688
1197 0.01035838151626656 0.2518646369847105
1198 0.01035824862616146 0.2518684456379552
1199 0.01035813681702546 0.2518717068488436
1200 0.01035804451186116 0.2518751495322206
1201 0.01035787506957547 0.2518788018366699
1202 0.01035778747840724 0.2518821948009012
1203 0.01035765796798651 0.251885360214384
1204 0.01035752429277533 0.2518890862123751
1205 0.01035741165827676 0.2518922072774526
1206 0.0103572867832989 0.2518960630674968
1207 0.0103571586923445 0.2518989961934901
1208 0.01035703071539752 0.2519025769117696
1209 0.01035692298526255 0.2519057887184223
1210 0.01035680226626917 0.2519094006949714
1211 0.0103566737495726 0.2519123938318878
1212 0.01035655689549741 0.2519159682194436
1213 0.01035643041556737 0.2519188837624534
1214 0.01035630394424917 0.2519223736428709
1215 0.01035619655778272 0.2519255453462652
1216 0.01035606989012228 0.2519289618042599
1217 0.01035595550653275 0.2519320018320418
1218 0.01035583526159666 0.2519356187925954
1219 0.01035571054200015 0.2519383874294445
1220 0.01035558320860447 0.2519417973224973
1221 0.01035547660802292 0.2519448684379084
1222 0.01035534777631682 0.2519482189909868
1223 0.01035523834056335 0.2519511791016764
1224 0.01035511759541808 0.2519545812727749
1225 0.01035499242569502 0.2519573635740077
1226 0.01035487610304742 0.2519608968411045
1227 0.01035475436897215 0.2519636204435443
1228 0.01035463062410485 0.2519669000080485
1229 0.01035452347105251 0.2519697984526343
1230 0.01035440670741954 0.2519733000553406
1231 0.01035428279737565 0.2519759595071918
1232 0.01035416039872438 0.2519792448000978
1233 0.01035402023000338 0.251982456766554
1234 0.01035393279078836 0.2519850963067071
1235 0.01035379623289966 0.2519883711074922
1236 0.01035368262639395 0.2519915014187761
1237 0.01035356553954272 0.2519940918032448
1238 0.01035344823874373 0.2519972150792299
1239 0.01035331330156113 0.2520004554866004
1240 0.01035319533905744 0.252003340555315
1241 0.01035309815189507 0.2520060479139016
1242 0.01035298003364648 0.2520091275031588
1243 0.0103528599291028 0.2520123498844429
1244 0.01035271686460727 0.2520151097792753
1245 0.01035260065555647 0.2520180324803758
1246 0.01035248075458492 0.2520208986499274
1247 0.01035236614776869 0.2520238160110528
1248 0.01035224754010553 0.2520266600015101
1249 0.01035213223234369 0.2520295553587669
1250 0.01035201418282638 0.2520323843718054
1251 0.01035189867036394 0.252035194344621
1252 0.01035178037099698 0.2520379893416295
1253 0.01035167269660272 0.2520410617562971
1254 0.01035154251045801 0.2520436334546846
1255 0.0103514381402456 0.2520466360749884
1256 0.01035130717358272 0.2520492531837142
1257 0.010351200214476 0.2520519847045548
1258 0.01035108114934704 0.2520548321373312
1259 0.01035097188523544 0.2520575596116335
1260 0.0103508535128281 0.2520603569278876
1261 0.01035074202049206 0.2520631034224184
1262 0.01035062682246056 0.2520657195671156
1263 0.01035052049378973 0.2520685971961215
1264 0.0103503910106987 0.2520710984010339
1265 0.0103502817775154 0.2520738265047041
1266 0.01035016771603257 0.2520765134167869
1267 0.01035005718565275 0.2520792333172929
1268 0.01034994335233902 0.2520818729200753
1269 0.01034983152410731 0.2520845438957354
1270 0.01034971783063703 0.2520871451951175
1271 0.01034960570372945 0.2520897864942851
1272 0.01034949175486335 0.2520924235562117
1273 0.01034938169217981 0.2520949506672421
1274 0.0103492680005556 0.2520974878374845
1275 0.01034915604141739 0.2521001234856453
1276 0.01034904431466209 0.25210267103323
1277 0.01034893356552767 0.2521052641763848
1278 0.01034882207551646 0.2521077772758291
1279 0.01034871123439086 0.2521103327715604
1280 0.01034859988920474 0.2521128206771241
1281 0.01034848927612512 0.2521153475552918
1282 0.01034837845201177 0.2521178157757012
1283 0.01034826826371385 0.2521203215603253
1284 0.01034815701808865 0.2521228222821624
1285 0.01034804888336883 0.252125217713553
1286 0.01034793767363178 0.2521276105393613
1287 0.01034782773550412 0.2521301028224686
1288 0.0103477179788391 0.2521325078509865
1289 0.01034760931008879 0.2521349602361739
1290 0.01034749966449615 0.2521373319068101
1291 0.01034739105175551 0.2521397460104826
1292 0.0103472815437844 0.2521420895426821
1293 0.01034717308273678 0.2521444772056655
1294 0.01034706390340375 0.2521467976878031
1295 0.01034695572643682 0.252149160803892
1296 0.01034684690853823 0.2521514546438218
1297 0.01034673904651147 0.2521537871712903
1298 0.01034663040337785 0.2521560509555576
1299 0.01034652272307542 0.2521583704728774
1300 0.0103464143473997 0.2521606236126395
1301 0.01034630716380498 0.2521629222806122
1302 0.01034619897291213 0.2521651447727144
1303 0.01034609300233681 0.2521673466468516
1304 0.01034598271069209 0.2521696344476363
1305 0.01034587789638422 0.252171804557763
1306 0.01034576853671043 0.2521740636588401
1307 0.0103456625269649 0.2521762635729329
1308 0.0103455555371169 0.2521783936042145
1309 0.01034544843226105 0.2521805545117399
1310 0.01034534112565459 0.252182670434931
1311 0.01034523435985918 0.2521848403261205
1312 0.01034512868633375 0.2521868735772718
1313 0.01034502001885776 0.2521891179927077
1314 0.01034491536248107 0.252191110940693
1315 0.0103448075431558 0.2521933148805706
1316 0.01034470247693542 0.2521952764536577
1317 0.01034459490585877 0.2521974489722391
1318 0.01034448842287 0.2521994377636558
1319 0.01034438355714373 0.2522014843397034
1320 0.0103442760351013 0.2522034489435713
1321 0.01034417092670364 0.2522054845128183
1322 0.01034406496516236 0.252207387363454
1323 0.01034395877471658 0.2522094380170273
1324 0.01034385190152679 0.252211404035438
1325 0.01034374710113268 0.252213405183213
1326 0.01034364090885136 0.2522153155422391
1327 0.01034353608716704 0.2522172740599868
1328 0.01034342948322016 0.2522191482501966
1329 0.01034332428503538 0.2522210772366606
1330 0.01034321770900071 0.2522229289047009
1331 0.01034311277829657 0.252224836350791
1332 0.01034300638674942 0.2522266650903562
1333 0.01034290180004328 0.2522285484428375
1334 0.01034279543224695 0.2522303496429901
1335 0.01034269102525477 0.2522322064762842
1336 0.01034258454839916 0.2522339797259224
1337 0.01034248021300478 0.2522358103034785
1338 0.01034237381116669 0.2522375579104262
1339 0.01034226930490006 0.2522393629829573
1340 0.01034216322648774 0.2522410861645109
1341 0.01034205871954856 0.252242861177791
1342 0.01034195274690827 0.2522445538088619
1343 0.01034184852992137 0.2522463052084848
1344 0.01034174219876605 0.2522479791065523
1345 0.01034163820337898 0.2522497026010717
1346 0.01034153183465281 0.2522513484829068
1347 0.01034142795841322 0.2522530458327007
1348 0.0103413216443861 0.2522546688682225
1349 0.01034121788748211 0.2522563390377189
1350 0.01034111147637056 0.2522579316753607
1351 0.01034100767072002 0.2522595769104677
1352 0.0103409013078303 0.2522611488139145
1353 0.01034079780061109 0.2522627670514266
1354 0.01034069151762588 0.2522643140520676
1355 0.01034058798850403 0.2522659076596576
1356 0.01034048179406429 0.2522674275163466
1357 0.01034037813284597 0.2522689979316236
1358 0.01034027198573936 0.2522704915188749
1359 0.01034016830827186 0.2522720374470773
1360 0.01034006229796387 0.2522735049172823
1361 0.01033995861678576 0.2522750299496404
1362 0.01033985248844446 0.2522764676449072
1363 0.01033974943715919 0.252277970325387
1364 0.01033964317681919 0.2522793890538442
1365 0.01033954012932282 0.2522808646399354
1366 0.01033943372397014 0.252282255317538
1367 0.01033933065810839 0.2522837074451963
1368 0.0103392244464821 0.2522850767027622
1369 0.01033912155885745 0.2522865071442131
1370 0.01033901545972219 0.2522878557934626
1371 0.01033891264757074 0.2522892617557543
1372 0.01033880647223962 0.2522905830798416
1373 0.01033870357445855 0.2522919651110487
1374 0.01033859753213702 0.2522932651435427
1375 0.01033849495880971 0.2522946276983369
1376 0.01033838891620907 0.2522959058534662
1377 0.01033828652029045 0.2522972457821924
1378 0.01033818079688082 0.2522985123736814
1379 0.01033807806349987 0.2522997942949556
1380 0.01033797144014529 0.2523010445852709
1381 0.01033787549071468 0.2523023846733554
1382 0.01033776011458161 0.2523035440101717
1383 0.01033766036510685 0.2523048143458054
1384 0.01033755647887771 0.2523059851868443
1385 0.0103374516188638 0.2523072863599412
1386 0.0103373492004693 0.252308435774311
1387 0.01033724419770675 0.2523097023288362
1388 0.01033714231354614 0.2523108186063392
1389 0.01033703683935337 0.2523120626607783
1390 0.01033693292225932 0.2523131996120304
1391 0.01033683134164774 0.2523143556091418
1392 0.0103367259764694 0.2523154845450641
1393 0.01033662639478451 0.2523166246578757
1394 0.01033651757267632 0.2523177656671778
1395 0.01033642381374201 0.2523189171511926
1396 0.01033630759687672 0.2523199704297173
1397 0.010336215506023 0.2523211325286426
1398 0.01033610100190066 0.2523221520747615
1399 0.01033600355361333 0.2523232652938149
1400 0.01033590101772765 0.2523242900428739
1401 0.01033579718339558 0.2523254339996076
1402 0.01033569476983562 0.2523264739477053
1403 0.01033559582883478 0.2523274977731272
1404 0.01033548795990509 0.2523285399482807
1405 0.01033538975292347 0.2523295854755174
1406 0.01033528251869951 0.2523306136644183
1407 0.01033518569097929 0.2523316117965291
1408 0.01033507933638918 0.252332577637629
1409 0.01033498351324471 0.2523337047720994
1410 0.01033487014483926 0.2523345804034539
1411 0.0103347737920345 0.2523356044752819
1412 0.0103346711716253 0.2523365082576112
1413 0.01033457043190437 0.2523375769898173
1414 0.01033446869411519 0.2523384394878109
1415 0.01033436724053183 0.2523394915180401
1416 0.01033426734820542 0.2523403509954944
1417 0.0103341656601966 0.2523413268044634
1418 0.01033406231745955 0.2523422328946926
1419 0.01033396208855189 0.2523431960351947
1420 0.0103338599588509 0.2523440778913186
1421 0.01033376527620962 0.2523450503663662
1422 0.0103336558063569 0.2523458734746798
1423 0.01033355468821002 0.2523468136822626
1424 0.01033345697185495 0.252347647261902
1425 0.01033335815799346 0.2523485680826045
1426 0.01033325371397147 0.2523494505524985
1427 0.01033315902712748 0.2523503027127366
1428 0.01033305410698021 0.2523511718351225
1429 0.01033295830571822 0.2523520241569406
1430 0.01033285389192569 0.2523528782145266
1431 0.01033275836547861 0.252353713776767
1432 0.01033265688321536 0.252354522319773
1433 0.01033255739497855 0.2523553950765109
1434 0.01033245683351301 0.2523561931019074
1435 0.01033235860346923 0.2523570454896872
1436 0.01033225850548306 0.2523578226097478
1437 0.01033216057383283 0.2523586614347837
1438 0.01033206036040983 0.2523594283438108
1439 0.01033196266081432 0.2523602550323556
1440 0.01033186262150671 0.2523610088610369
1441 0.0103317651533256 0.2523618258428811
1442 0.01033166553424236 0.2523625708628439
1443 0.0103315684461783 0.2523633787684306
1444 0.01033146914599985 0.2523641141064969
1445 0.01033137230863725 0.2523649102594935
1446 0.01033127317434191 0.2523656307566157
1447 0.01033117647930341 0.2523664155378543
1448 0.01033107501374912 0.2523671547744948
1449 0.01033098321906717 0.2523678829891826
1450 0.01033088097913303 0.2523686147361209
1451 0.01033078804945268 0.2523693488915891
1452 0.0103306891244552 0.2523700451639838
1453 0.01033059237451544 0.2523708076201669
1454 0.01033049421539718 0.252371495525984
1455 0.01033039854583752 0.2523722368770405
1456 0.01033030090840119 0.2523729027846234
1457 0.0103302054053225 0.2523736322384784
1458 0.01033010519416874 0.2523743161856973
1459 0.01033001422165175 0.2523750034367392
1460 0.0103299162326989 0.252375655480696
1461 0.01032982678627429 0.252376391682634
1462 0.01032972150471776 0.252377007094607
1463 0.01032962723467542 0.2523777103589993
1464 0.01032953036807429 0.2523783436123819
1465 0.010329437041332 0.2523790382503358
1466 0.01032934086653654 0.2523796581026053
1467 0.01032924707823248 0.2523803388943608
1468 0.01032914806753864 0.2523809698113296
1469 0.01032905865917526 0.2523816022717156
1470 0.01032896158857724 0.2523822034505515
1471 0.01032886713219849 0.2523828709266832
1472 0.01032877084630828 0.252383464489281
1473 0.01032867754173713 0.2523841158970777
1474 0.01032858198355649 0.2523846899756188
1475 0.01032848882951132 0.2523853275963286
1476 0.01032839324050386 0.252385891210796
1477 0.0103283003172144 0.2523865221826198
1478 0.01032820501808741 0.2523870777544273
1479 0.0103281123526378 0.2523876993684441
1480 0.01032801725477603 0.2523882433418322
1481 0.01032792478414781 0.2523888525954393
1482 0.01032782983399189 0.2523893851667437
1483 0.01032773752560667 0.2523899833701541
1484 0.0103276428161803 0.2523905051250189
1485 0.01032755065891984 0.252391092251927
1486 0.01032745611460064 0.252391602064824
1487 0.01032736412083715 0.2523921781526651
1488 0.01032726979402606 0.2523926763453371
1489 0.01032717806943079 0.252393241465353
1490 0.01032708390998764 0.2523937296223808
1491 0.01032699237332599 0.2523942845352
1492 0.01032689838001066 0.2523947602337816
1493 0.01032680697869667 0.2523953017859962
1494 0.01032671306808016 0.2523957647062887
1495 0.01032662179529672 0.2523962943838018
1496 0.01032652806537378 0.2523967453476645
1497 0.01032643698168273 0.2523972634269954
1498 0.01032634339341803 0.2523977033583525
1499 0.0103262525315952 0.2523982099292558
1500 0.01032615906396474 0.2523986360435383
1501 0.01032606828694005 0.2523991296234885
1502 0.01032597497220872 0.2523995434411949
1503 0.01032588436031886 0.252400025092082
1504 0.01032579109407499 0.2524004267523137
1505 0.01032570069254176 0.252400895058442
1506 0.01032560756986119 0.2524012829572775
1507 0.01032551720077504 0.2524017380465372
1508 0.01032542416083333 0.2524021119324714
1509 0.01032533391705225 0.2524025549526641
1510 0.01032524130474512 0.2524029234145288
1511 0.01032515108838765 0.252403351296259
1512 0.01032505817368156 0.252403691966413
1513 0.01032496785410515 0.2524041066653772
1514 0.01032487520971999 0.2524044373306056
1515 0.01032478513269357 0.2524048416989285
1516 0.01032469267291354 0.2524051587089037
1517 0.01032460267353842 0.2524055482666001
1518 0.0103245102388597 0.2524058500025395
1519 0.01032442029560946 0.2524062249767082
1520 0.01032432797470617 0.2524065128802663
1521 0.01032423812757359 0.2524068746387056
1522 0.01032414587463067 0.252407147495912
1523 0.01032405608724352 0.2524074936069829
1524 0.01032396382793245 0.2524077515605184
1525 0.0103238740792334 0.2524080818170013
1526 0.01032378181674806 0.2524083224298552
1527 0.01032369210442712 0.252408638244817
1528 0.01032360001857542 0.252408865346558
1529 0.01032351044506776 0.2524091677457518
1530 0.01032341843512987 0.2524093802750135
1531 0.01032332891570634 0.2524096675888187
1532 0.01032323688663785 0.2524098627408509
1533 0.01032314731621981 0.2524101324852377
1534 0.01032305520801534 0.2524103103488891
1535 0.0103229657432331 0.2524105652723896
1536 0.01032287380078798 0.2524107287738931
1537 0.01032278439004294 0.2524109690938872
1538 0.01032269245390822 0.252411116207771
1539 0.01032260300374149 0.2524113386559045
1540 0.01032251104250971 0.252411467609741
1541 0.01032242159585031 0.2524116744543929
1542 0.01032232977497135 0.2524117891855587
1543 0.01032224038253825 0.2524119813278389
1544 0.01032214866253027 0.2524120794456374
1545 0.01032205933081961 0.2524122547771374
1546 0.01032196751245081 0.2524123355571408
1547 0.01032187813193853 0.2524124938732659
1548 0.01032178629446822 0.2524125563893954
1549 0.010321696915848 0.2524126974282409
1550 0.01032160511690509 0.2524127437789713
1551 0.01032151586414655 0.2524128706201021
1552 0.01032142413462592 0.2524129018806697
1553 0.01032133495500048 0.2524130120216435
1554 0.01032124325907681 0.2524130247929237
1555 0.01032115391051838 0.2524131167208652
1556 0.01032106221511472 0.2524131125557835
1557 0.01032097295035811 0.2524131888775006
1558 0.01032088124888075 0.2524131673230995
1559 0.0103207920405326 0.2524132275261841
1560 0.01032070044792532 0.2524131896798755
1561 0.01032061117953567 0.2524132330213394
1562 0.01032051962014498 0.2524131779155655
1563 0.01032043039350607 0.2524132043516388
1564 0.01032033880961566 0.2524131319411256
1565 0.01032024958730467 0.2524131422709325
1566 0.01032015810008151 0.2524130534477159
1567 0.0103200689051576 0.2524130467001824
1568 0.0103199774040367 0.2524129408043396
1569 0.01031988828149528 0.2524129187896541
1570 0.01031979675737783 0.2524127965867438
1571 0.01031970779181142 0.25241275795789
1572 0.01031961640581797 0.2524126186297456
1573 0.01031952730200014 0.2524125641302675
1574 0.01031943597418912 0.2524124085831234
1575 0.01031934689332237 0.2524123301551644
1576 0.0103192553454086 0.2524121602169903
1577 0.01031916657836211 0.2524120748829019
1578 0.01031907532076422 0.2524118891886954
1579 0.0103189864660852 0.2524117852485042
1580 0.0103188951889805 0.2524115814426411
1581 0.01031880640500483 0.2524114621386149
1582 0.01031871520937436 0.252411243167025
1583 0.01031862645199647 0.252411107786741
1584 0.01031853513306802 0.2524108706732299
1585 0.01031844656214646 0.2524107198148958
1586 0.0103183555318021 0.2524104689253472
1587 0.01031826692884174 0.2524103041018186
1588 0.01031817555198142 0.2524100358786603
1589 0.01031808687199406 0.2524098563471671
1590 0.01031799892551248 0.2524095779489943
1591 0.0103179068419266 0.2524093790364467
1592 0.01031781627173471 0.2524090799684021
1593 0.01031772796468119 0.2524088716440843
1594 0.01031763799631021 0.2524085614075016
1595 0.01031754969815745 0.2524083377592067
1596 0.01031745932333409 0.252408010508183
1597 0.01031737093281836 0.2524077722941754
1598 0.01031728068184613 0.2524074325052047
1599 0.01031719237701729 0.2524071798737532
1600 0.0103171050083587 0.2524068323402456
1601 0.01031701317967716 0.2524065613243536
1602 0.01031692579583615 0.2524061965758286
1603 0.01031683439859912 0.2524059123840414
1604 0.01031674695741554 0.2524055267470375
1605 0.0103166565096317 0.252405240543575
1606 0.0103165698873358 0.2524048455863054
1607 0.0103164795129917 0.2524045448415427
1608 0.01031639273318668 0.2524041349782834
1609 0.01031630230834134 0.2524038208930156
1610 0.01031621571645438 0.252403398736174
1611 0.01031612531377629 0.2524030695431018
1612 0.01031603885955241 0.2524026352472509
1613 0.01031594870987085 0.2524022955449017
1614 0.01031586255110587 0.2524018516938574
1615 0.01031577249176169 0.2524015001131818
1616 0.01031568664295456 0.2524010459186422
1617 0.01031559684069221 0.2524006826989943
1618 0.01031551106306051 0.252400216760517
1619 0.0103154213084625 0.2523998413509265
1620 0.01031533571223243 0.2523993632160236
1621 0.01031524604930068 0.2523989747718036
1622 0.01031516068741186 0.2523984873342006
1623 0.01031507139351373 0.2523980909448345
1624 0.01031498630930946 0.2523975952324443
1625 0.01031489717298067 0.2523971881902576
1626 0.01031481228199741 0.2523966827648867
1627 0.01031472346717851 0.2523962659874143
1628 0.01031463875002159 0.252395750127184
1629 0.0103145500155062 0.2523953227996159
1630 0.0103144655494598 0.2523947980629567
1631 0.01031437696616978 0.2523943596246912
1632 0.01031429276330235 0.2523938268106172
1633 0.01031420451184387 0.2523933811518266
1634 0.01031412054281388 0.2523928400513885
1635 0.01031403254269185 0.2523923853688662
1636 0.01031394880071162 0.2523918357229781
1637 0.01031386095390555 0.2523913718958685
1638 0.01031377761063523 0.252390816286606
1639 0.01031369007117432 0.252390344718142
1640 0.01031360688496981 0.252389781247051
1641 0.01031351959554511 0.2523893018089388
1642 0.01031343662802282 0.2523887298016076
1643 0.01031334948665425 0.2523882406484173
1644 0.0103132668306484 0.2523876626517659
1645 0.01031318011814492 0.2523871686466236
1646 0.01031309773345304 0.2523865850066446
1647 0.0103130112856319 0.2523860842166866
1648 0.01031292914429423 0.2523854930029449
1649 0.01031284289466511 0.2523849837602714
1650 0.01031276098170507 0.2523843859622631
1651 0.01031267508881049 0.252383872495377
1652 0.01031259354484263 0.252383270124804
1653 0.01031250787374893 0.252382748263931
1654 0.01031242650304724 0.2523821397172002
1655 0.01031234121043241 0.2523816131182791
1656 0.01031226011902151 0.2523809985810111
1657 0.01031217506118884 0.2523804658352214
1658 0.01031209430195201 0.2523798470997649
1659 0.01031200958409099 0.2523793097584592
1660 0.01031192909914938 0.2523786865502964
1661 0.01031184473477222 0.2523781447459265
1662 0.01031176451511224 0.2523775159978283
1663 0.0103116803105873 0.2523769667573113
1664 0.01031160027856517 0.2523763320446378
1665 0.01031151647345503 0.252375779603823
1666 0.01031143683196891 0.2523751426245701
1667 0.01031135332292732 0.2523745860976108
1668 0.01031127395107103 0.2523739439627237
1669 0.01031119062339604 0.2523733801643131
1670 0.01031111146481297 0.252372733557411
1671 0.01031102855609249 0.2523721676123841
1672 0.0103109497477417 0.2523715186902232
1673 0.01031086703124966 0.2523709480435242
1674 0.01031078863142581 0.2523702963946484
1675 0.01031070643003043 0.2523697231973563
1676 0.01031062811555469 0.25236906629868
1677 0.01031054603003219 0.2523684872304727
1678 0.01031046792133656 0.2523678250210479
1679 0.01031038613111454 0.2523672417487121
1680 0.01031030833273968 0.2523665770569665
1681 0.01031022695122282 0.2523659921824024
1682 0.01031014949278207 0.2523653259540273
1683 0.01031006843862664 0.2523647380000409
1684 0.01030999112432118 0.2523640658101254
1685 0.01030991029157813 0.2523634734326988
1686 0.01030983330424977 0.2523627989904361
1687 0.01030975278011982 0.2523622039337414
1688 0.01030967606126098 0.2523615269673439
1689 0.01030959579830545 0.2523609278426012
1690 0.01030951921647087 0.2523602461616863
1691 0.01030943932815767 0.2523596446335167
1692 0.01030936307011181 0.2523589607631454
1693 0.01030928335354922 0.2523583550347249
1694 0.01030920731417255 0.2523576681637852
1695 0.0103091278905222 0.2523570593350288
1696 0.01030905195552697 0.2523563537920014
1697 0.01030897278970932 0.2523557581090458
1698 0.01030889561856748 0.2523550564972548
1699 0.01030881900264433 0.2523544540935842
1700 0.01030874068922188 0.2523537372026988
1701 0.01030866654497765 0.2523531457008669
1702 0.01030859061166493 0.2523524452868929
1703 0.01030851159308657 0.252351816869297
1704 0.01030843588208618 0.2523511081067804
1705 0.01030835765065438 0.2523504815860209
1706 0.01030828295841821 0.2523497756783207
1707 0.01030820514016603 0.2523491493929876
1708 0.01030813050306656 0.2523484387074173
1709 0.01030805295030362 0.2523478091074021
1710 0.01030797813380933 0.2523470782642528
1711 0.01030790133170851 0.2523464647808298
1712 0.01030782714249273 0.2523457318929613
1713 0.01030774949904899 0.2523451098803107
1714 0.01030767371464216 0.2523443769834409
1715 0.01030759896405717 0.2523437472072172
1716 0.01030752501269982 0.25234300678612
1717 0.01030744837238587 0.2523423763339056
1718 0.01030737243850639 0.2523416349323327
1719 0.01030729793576097 0.2523409973193602
1720 0.01030722398798803 0.2523402474050439
1721 0.01030714773131241 0.2523396105356063
1722 0.01030707222396313 0.2523388623690548
1723 0.01030699806148367 0.2523382167826629
1724 0.0103069244999463 0.2523374601859177
1725 0.01030684852417305 0.2523368137053187
1726 0.01030677321662207 0.2523360560128575
1727 0.01030669923539803 0.2523354003979371
1728 0.0103066239342525 0.2523346376815589
1729 0.01030655070899908 0.252333977358937
1730 0.01030647718718303 0.2523332068413862
1731 0.01030640179983471 0.252332550582909
1732 0.01030632667450706 0.2523317798515096
1733 0.0103062530332857 0.2523311105771846
1734 0.01030617803811519 0.2523303329831605
1735 0.01030610505790449 0.2523296571162663
1736 0.01030603011108145 0.2523288768680416
1737 0.0103059572403169 0.2523281982631425
1738 0.01030588213855304 0.2523274127197333
1739 0.01030580926983334 0.2523267286994769
1740 0.01030573421081917 0.2523259360889667
1741 0.01030566135153536 0.2523252459972863
1742 0.01030558650709758 0.2523244495258354
1743 0.01030551372284186 0.2523237536945289
1744 0.01030543890535037 0.2523229511276409
1745 0.01030536622340701 0.2523222505152272
1746 0.01030529146944272 0.2523214414693462
1747 0.0103052187846234 0.2523207348024778
1748 0.01030514417099622 0.2523199208471527
1749 0.01030507150222698 0.2523192067974803
1750 0.01030499679903231 0.2523183852930928
1751 0.01030492424092202 0.2523176662551331
1752 0.0103048496210334 0.2523168394758295
1753 0.01030477708301015 0.2523161140416237
1754 0.01030470254632464 0.252315281553199
1755 0.01030463006850152 0.2523145505351291
1756 0.01030455557479889 0.252313711135534
1757 0.01030448298913342 0.2523129710328713
1758 0.01030440841071104 0.2523121234654936
1759 0.01030433583505025 0.252311376765636
1760 0.01030426136301889 0.2523105239764261
1761 0.0103041889127118 0.2523097724397848
1762 0.01030411426523087 0.252308910902777
1763 0.01030404203003778 0.2523081544033171
1764 0.01030396741077827 0.2523072857517956
1765 0.01030389504018277 0.2523065204617215
1766 0.01030382041693141 0.2523056445802689
1767 0.01030374794636159 0.2523048712901527
1768 0.01030367338712691 0.2523039884049159
1769 0.01030359810966465 0.2523031768950731
1770 0.01030352847242088 0.2523023147273351
1771 0.01030345482510058 0.2523015483337989
1772 0.01030337995317198 0.2523006438511005
1773 0.01030330616386149 0.2522998387347656
1774 0.01030323088879235 0.2522989180707054
1775 0.01030316011798025 0.2522981335162026
1776 0.01030308420803091 0.2522972056448101
1777 0.01030301258325616 0.2522964021489699
1778 0.01030294041867371 0.2522955084268101
1779 0.01030286492814268 0.2522946695066466
1780 0.01030279182260717 0.2522937484901273
1781 0.01030271648950457 0.2522929037707126
1782 0.01030264137220925 0.2522919538501084
1783 0.01030257283726653 0.2522911660552762
1784 0.01030249555654632 0.2522901757927478
1785 0.01030242288609567 0.2522893604246992
1786 0.01030235101042902 0.2522884109382093
1787 0.01030227450803428 0.2522875602886478
1788 0.01030220154334272 0.2522865854127795
1789 0.0103021264547919 0.2522857372678877
1790 0.01030205280534509 0.2522847712034658
1791 0.01030197702656556 0.2522838728844902
1792 0.010301908028036 0.2522829314039254
1793 0.01030183073736138 0.2522820409139713
1794 0.01030176068173394 0.2522810804644574
1795 0.01030168248614639 0.2522801769335851
1796 0.01030161260136848 0.2522792073530959
1797 0.0103015345785317 0.2522782975689968
1798 0.01030146583446388 0.2522773270094986
1799 0.01030138633823423 0.252276398392198
1800 0.01030131575195516 0.2522754014115364
1801 0.01030123865236992 0.2522744862602363
1802 0.01030116806694238 0.2522734851147742
1803 0.01030109108701514 0.2522725620201337
1804 0.01030102024108337 0.252271553114531
1805 0.01030094313553521 0.252270619959171
1806 0.01030087214064385 0.2522696033417142
1807 0.01030079495915926 0.2522686608262384
1808 0.01030072381845437 0.2522676339994511
1809 0.01030064923069131 0.2522667169215712
1810 0.01030057459414026 0.2522656675251477
1811 0.01030049687492695 0.252264669794664
1812 0.01030042544076997 0.2522636488676004
1813 0.01030035211111349 0.252262699759802
1814 0.01030027740116674 0.2522616427153824
1815 0.01030020366058524 0.2522606799013603
1816 0.01030012870020355 0.2522596153104945
1817 0.01030005518438278 0.2522586465950392
1818 0.01029998032769054 0.2522575755344803
1819 0.01029990683319493 0.2522565996996666
1820 0.01029983485288776 0.2522555515032252
1821 0.01029975730979477 0.2522545300292295
1822 0.01029968675557579 0.2522534611763022
1823 0.01029960893869121 0.2522524723811846
1824 0.01029953686891923 0.2522513658315605
1825 0.0102994598000389 0.2522503786912485
1826 0.01029938679034346 0.2522492817296977
1827 0.0102993123052452 0.2522482742371274
1828 0.01029923859630475 0.2522471746541166
1829 0.01029916258840833 0.2522461309040843
1830 0.01029909266678891 0.2522450525445551
1831 0.01029901548628413 0.2522440294529709
1832 0.01029894429398162 0.252242943224917
1833 0.0102988674363008 0.2522418952912841
1834 0.01029879591252876 0.252240798081001
1835 0.01029872201575612 0.2522397710790347
1836 0.01029864709456859 0.2522386342036519
1837 0.01029857337729461 0.2522375992955324
1838 0.01029849860875879 0.2522364640643539
1839 0.010298425437033 0.2522354282216744
1840 0.01029835092717513 0.2522342912703648
1841 0.01029827784381043 0.2522332490872137
1842 0.01029820643485731 0.2522321417961701
1843 0.01029812911080434 0.252231050677278
1844 0.0102980590872893 0.2522299242437948
1845 0.01029798172206708 0.2522288688089299
1846 0.01029791015609912 0.2522277031599041
1847 0.01029783366101246 0.252226654283403
1848 0.01029776132674267 0.2522255010809332
1849 0.01029768738605201 0.2522244350462991
1850 0.0102976144693427 0.2522232812593009
1851 0.01029753906793323 0.2522221793208189
1852 0.01029746896863556 0.2522210596292618
1853 0.01029739599217603 0.2522199950716782
1854 0.01029732221483501 0.2522188268796996
1855 0.0102972490258417 0.2522177495191011
1856 0.0102971750242838 0.2522165749365586
1857 0.01029710252242765 0.2522154999031709
1858 0.01029702888699547 0.2522143262001499
1859 0.0102969567041057 0.2522132500386939
1860 0.01029688323038297 0.252212074578095
1861 0.01029681120562887 0.2522109960000902
1862 0.01029674082659238 0.2522098517351958
1863 0.01029666449730253 0.2522087213648964
1864 0.01029659463762577 0.2522075718220163
1865 0.01029652171390027 0.2522064882581513
1866 0.01029644565105806 0.252205238052416
1867 0.01029637464626566 0.2522041904321184
1868 0.010296302775925 0.2522030124693713
1869 0.01029623043170476 0.2522019185375958
1870 0.01029615758482105 0.2522007212974052
1871 0.01029608756817559 0.2521996467049831
1872 0.010296014037542 0.2521984444288803
1873 0.01029594329352455 0.252197354896668
1874 0.01029587057925556 0.2521961652876176
1875 0.01029579988980132 0.252195074221488
1876 0.01029572747585739 0.2521938835828946
1877 0.01029565683529925 0.252192790160585
1878 0.01029558757236685 0.2521916323089932
1879 0.01029551278135258 0.2521904905163886
1880 0.01029544419201386 0.2521893291356803
1881 0.01029537230452679 0.2521882317874666
1882 0.01029529720189871 0.2521869709967632
1883 0.01029522855917825 0.252185912859951
1884 0.0102951572782114 0.2521847040182104
1885 0.0102950852014057 0.2521835975749493
1886 0.01029501700255465 0.2521824408549986
1887 0.01029494534770611 0.2521813247720159
1888 0.0102948766653041 0.252180157184416
1889 0.01029480726570964 0.2521790627117063
1890 0.01029473514469352 0.2521778517839219
1891 0.01029466590320829 0.2521767549535816
1892 0.01029459423330766 0.2521755526200938
1893 0.01029452560017917 0.2521744601611168
1894 0.01029445450166758 0.252173262943695
1895 0.01029438614789679 0.2521721718817888
1896 0.010294315305752 0.2521709740071522
1897 0.01029424702941842 0.2521698825581093
1898 0.01029417935211894 0.2521687222926062
1899 0.01029410723337361 0.2521675853680685
1900 0.01029404028057667 0.2521664253399551
1901 0.01029396840828403 0.2521652947071771
1902 0.01029390206377225 0.2521641361285355
1903 0.01029383075162546 0.2521630155210766
1904 0.01029376083164683 0.2521618094521257
1905 0.01029369452022936 0.2521607428399307
1906 0.01029362454449756 0.2521595430403621
1907 0.01029355793905243 0.2521584622336704
1908 0.01029348834633212 0.2521572701976671
1909 0.01029342176686982 0.2521561887819195
1910 0.01029335224766423 0.2521549977687123
1911 0.01029328577027746 0.2521539126073482
1912 0.01029321902428993 0.252152757680206
1913 0.01029314870525612 0.2521516286799584
1914 0.01029308382078165 0.2521504808916211
1915 0.01029301286796545 0.2521493533594413
1916 0.01029294764466174 0.252148180702629
1917 0.01029287665867827 0.2521470731162066
1918 0.01029281222181486 0.2521459233480958
1919 0.01029274323410429 0.2521448223696808
1920 0.01029267908559777 0.2521436754549228
1921 0.01029261279183682 0.2521425972264766
1922 0.01029254490332723 0.2521414083767654
1923 0.010292478649311 0.2521403260199176
1924 0.01029241080806581 0.2521391432939986
1925 0.01029234534432804 0.2521380680802408
1926 0.0102922777626559 0.2521368871664944
1927 0.0102922128631485 0.2521358172848168
1928 0.01029214573784193 0.2521346415417465
1929 0.01029208074102451 0.2521335694339564
1930 0.01029201680458762 0.2521324323763025
1931 0.01029194770603563 0.2521313134647872
1932 0.01029188443836497 0.252130160918099
1933 0.01029181668277296 0.2521290823517175
1934 0.01029175006489216 0.2521278795809499
1935 0.01029168341881924 0.2521268068148577
1936 0.01029162042168805 0.2521256727880746
1937 0.01029155445082772 0.252124591426688
1938 0.0102914910205353 0.2521234504895892
1939 0.01029142679766876 0.2521223831805473
1940 0.01029136030734625 0.2521212055389453
1941 0.01029129609677863 0.25212013693538
1942 0.01029122974648709 0.2521189639962199
1943 0.01029116618130119 0.2521179022406917
1944 0.01029110040571003 0.2521167348558871
1945 0.01029103700294553 0.2521156733151614
1946 0.01029097144637231 0.2521145066037404
1947 0.01029090805601092 0.2521134448800371
1948 0.01029084600572707 0.2521123065031224
1949 0.01029078010079802 0.2521112377790488
1950 0.01029071374256242 0.2521100322598059
1951 0.01029064851823852 0.2521089668658902
1952 0.01029058640177479 0.252107836065073
1953 0.01029052190792114 0.2521067616777853
1954 0.01029045953529567 0.25210562510308
1955 0.01029039468519386 0.2521045381379031
1956 0.01029033198577403 0.2521034001407329
1957 0.01029026910798524 0.2521023406792053
1958 0.0102902039904676 0.2521011693874091
1959 0.01029014111330613 0.2521001068550062
1960 0.01029007627696142 0.2520989399598221
1961 0.0102900138430181 0.2520978805915591
1962 0.01028994951339944 0.2520967186457549
1963 0.01028988732889971 0.2520956616795539
1964 0.01028982604302384 0.2520945203325285
1965 0.0102897612604053 0.252093454008697
1966 0.01028969583535713 0.2520922476892839
1967 0.01028963154870531 0.252091181532237
1968 0.01028957071312054 0.252090042259237
1969 0.01028950691065563 0.2520889767164096
1970 0.01028944568702384 0.2520878305773087
1971 0.01028938146621127 0.2520867547288195
1972 0.01028931961975836 0.2520855999359173
1973 0.01028925554293598 0.2520845235082622
1974 0.01028919365129439 0.2520833677616199
1975 0.01028912984724636 0.2520822923650188
1976 0.01028906770901103 0.2520811437994844
1977 0.01028900380636758 0.252080052913449
1978 0.01028894201276549 0.2520789043233099
1979 0.01028887837440368 0.2520778101610139
1980 0.01028881666934889 0.2520766636523057
1981 0.01028875495343191 0.2520755974122885
1982 0.01028869095557528 0.2520744162662886
1983 0.01028862878095515 0.2520733393777618
1984 0.01028856503900343 0.2520721616647092
1985 0.01028850343474855 0.2520710904287964
1986 0.01028844089438137 0.2520699097338854
1987 0.01028837931086641 0.2520688595787696
1988 0.01028831469190966 0.2520676425342706
1989 0.01028825104476144 0.252066557761766
1990 0.01028819019115417 0.2520653943202712
1991 0.01028812679369673 0.2520643083074783
1992 0.01028806579380993 0.2520631382987447
1993 0.01028800198454523 0.2520620435506095
1994 0.01028794067853723 0.2520608679875496
1995 0.01028787685918262 0.2520597688547941
1996 0.01028781533791735 0.252058588059737
1997 0.01028775166206067 0.2520574877329879
1998 0.01028769017078054 0.2520563049923906
1999 0.01028762652479813 0.2520552018118635
2000 0.01028756507843123 0.2520540170016716
2001 0.01028750143556877 0.2520529110118369
2002 0.01028743990230692 0.2520517207452961
2003 0.01028737612939983 0.2520506097600561
2004 0.01028731458874844 0.2520494162137489
2005 0.01028725083806428 0.2520483026147208
2006 0.01028718926559529 0.2520471046865098
2007 0.01028712547541832 0.2520459873650489
2008 0.01028706392979071 0.2520447876077734
2009 0.01028700015975949 0.2520436666586054
2010 0.01028693846267651 0.2520424600472799
2011 0.0102868745393931 0.2520413339315369
2012 0.01028681289285451 0.2520401250088121
2013 0.01028674899494419 0.2520389963148871
2014 0.01028668733739578 0.2520377835641106
2015 0.01028662338706675 0.2520366510327562
2016 0.01028656171881856 0.2520354344157763
2017 0.01028649755095652 0.2520342944640496
2018 0.01028643587158942 0.2520330740223626
2019 0.01028637169048402 0.2520319305202046
2020 0.01028630992612783 0.252030705391838
2021 0.01028624574915347 0.2520295587331318
2022 0.01028618380511184 0.2520283264751993
2023 0.01028611964687086 0.2520271764782445
2024 0.0102860576942223 0.2520259450970717
2025 0.01028599321992956 0.2520247843097079
2026 0.01028593155971392 0.252023549451301
2027 0.01028586702899959 0.252022385318293
2028 0.01028580520601411 0.2520211434924433
2029 0.01028574048521961 0.2520199742456593
2030 0.01028567871852793 0.2520187301643308
2031 0.0102856138979264 0.2520175549136364
2032 0.01028555209129906 0.2520163067040551
2033 0.01028548723366842 0.2520151273043157
2034 0.01028542538588632 0.2520138746774109
2035 0.0102853604102859 0.2520126896189729
2036 0.01028529855481651 0.2520114329841736
2037 0.0102852335455235 0.2520102439346486
2038 0.01028517154610588 0.252008980690366
2039 0.01028510650865642 0.2520077883793581
2040 0.01028504452546185 0.2520065216413649
2041 0.01028497931437355 0.2520053217277198
2042 0.01028491719433523 0.2520040489206911
2043 0.01028485191519368 0.2520028445012469
2044 0.01028478984353009 0.2520015691366598
2045 0.01028472462616253 0.2520003625376946
2046 0.01028466258098634 0.2519990842879623
2047 0.01028459721196598 0.2519978702625572
2048 0.01028453496235107 0.2519965841386101
2049 0.01028446943769078 0.2519953646572246
2050 0.01028440727329997 0.2519940775728504
2051 0.01028434183163896 0.2519928550828196
2052 0.0102842795542192 0.25199156151428
2053 0.01028421393845529 0.2519903329033585
2054 0.01028415170114508 0.2519890367593287
2055 0.01028408610895408 0.2519878050595313
2056 0.01028402383905421 0.2519865047830366
2057 0.01028395822128795 0.2519852692795705
2058 0.0102838959605254 0.2519839658765304
2059 0.01028383021697024 0.2519827240784957
2060 0.01028376783590433 0.2519814146815275
2061 0.0102837020223418 0.2519801689062196
2062 0.0102836397327885 0.2519788580534048
2063 0.0102835738905053 0.2519776073932484
2064 0.01028351152965062 0.2519762923393846
2065 0.01028344573190173 0.2519750392717911
2066 0.01028338340415995 0.2519737213510321
2067 0.0102833175923412 0.2519724650635021
2068 0.01028325527603728 0.251971143981561
2069 0.01028318929412754 0.2519698803650138
2070 0.01028312689997472 0.2519685553541734
2071 0.01028306101096648 0.2519672905852186
2072 0.01028299865791629 0.2519659628330848
2073 0.01028293279695976 0.2519646953784306
2074 0.01028287009793909 0.2519633722629254
2075 0.01028280442809913 0.2519620924226327
2076 0.01028274156003657 0.2519607632977883
2077 0.01028267634818654 0.2519594802279331
2078 0.01028261343479576 0.2519581519710156
2079 0.01028255022343199 0.2519568993875473
2080 0.01028248485646823 0.2519555308212076
2081 0.01028242132078088 0.2519542687666327
2082 0.01028235614967222 0.2519529034171422
2083 0.01028229296856896 0.251951642366655
2084 0.01028222807744885 0.251950278369943
2085 0.01028216506588049 0.2519490175759687
2086 0.01028210277698237 0.2519476897297191
2087 0.01028203629014015 0.2519463783121122
2088 0.01028197181745294 0.251944995444204
2089 0.01028190747674107 0.2519437294999081
2090 0.01028184551631064 0.2519423976125734
2091 0.01028178018558492 0.2519411049133944
2092 0.01028171817052663 0.2519397654921968
2093 0.01028165292617835 0.2519384625947625
2094 0.01028159050050385 0.251937119953927
2095 0.01028152761242983 0.2519358540108428
2096 0.01028146270299401 0.2519344728364475
2097 0.01028139947740611 0.2519331957448604
2098 0.01028133484993903 0.2519318214524381
2099 0.01028127210048298 0.2519305476936702
2100 0.01028120784226887 0.251929176603695
2101 0.01028114533737146 0.2519279050274897
2102 0.01028108110692348 0.2519265323451564
2103 0.01028101869210421 0.2519252608413893
2104 0.01028095724764635 0.2519239144348443
2105 0.01028089245662544 0.2519226299661939
2106 0.0102808273952959 0.2519212161572541
2107 0.01028076292219799 0.2519199319529392
2108 0.01028070207443339 0.2519186006640791
2109 0.01028063807849224 0.2519173081071567
2110 0.01028057695369575 0.2519159699707232
2111 0.01028051281319982 0.251914665664141
2112 0.01028045125644896 0.2519133249501497
2113 0.01028038922053558 0.2519120559740292
2114 0.01028032516863364 0.2519106751864609
2115 0.01028026305981589 0.2519094015837312
2116 0.01028019929138346 0.2519080276312574
2117 0.01028013773722788 0.2519067604358663
2118 0.01028007435640475 0.2519053914502291
2119 0.01028001318227303 0.2519041289761461
2120 0.01027995007070673 0.2519027633636666
2121 0.01027988882041027 0.2519014989909557
2122 0.01027982862573038 0.2519001647519122
2123 0.01027976502929327 0.2518988853288474
2124 0.01027970098448595 0.2518974815359397
2125 0.01027963793275018 0.251896208116647
2126 0.01027957827851026 0.2518948897353258
2127 0.01027951576637006 0.2518936120089861
2128 0.01027945595697961 0.2518922892366811
2129 0.01027939545016657 0.2518910347313658
2130 0.01027933240815588 0.2518896651825174
2131 0.01027927166263499 0.251888406895079
2132 0.01027920899574288 0.2518870490812702
2133 0.01027914887241784 0.2518857984422163
2134 0.01027908674049226 0.2518844479864146
2135 0.01027902678273017 0.2518832000766383
2136 0.0102789650823349 0.251881855409117
2137 0.01027890539342741 0.251880613142162
2138 0.01027884374396291 0.2518792686516372
2139 0.01027878405594991 0.2518780265016752
2140 0.01027872497074453 0.2518767206228232
2141 0.01027866210874922 0.2518754345289466
2142 0.01027860272365291 0.2518741076850646
2143 0.01027854018145791 0.2518728415715409
2144 0.01027848184518524 0.25187154286734
2145 0.01027842245817453 0.2518703215050788
2146 0.01027836201257214 0.2518689856487981
2147 0.01027830286651893 0.2518677546377197
2148 0.01027824201862713 0.2518664240711971
2149 0.01027818330456567 0.2518651988412445
2150 0.01027812261734533 0.2518638742982155
2151 0.01027806434776035 0.2518626561187147
2152 0.01027800403926571 0.2518613382120033
2153 0.01027794591197778 0.2518601230254787
2154 0.01027788583055692 0.2518588082963371
2155 0.01027782774205308 0.2518575945395859
2156 0.01027777044028961 0.2518563225224512
2157 0.01027770905373233 0.251855064843082
2158 0.01027765122540418 0.2518537675297982
2159 0.01027759036578267 0.2518525328381377
2160 0.01027753353281599 0.2518512653419646
2161 0.01027747381373221 0.2518500436200283
2162 0.01027741764962019 0.2518487818991968
2163 0.01027736034697941 0.2518475884115737
2164 0.01027730095754756 0.2518462829982569
2165 0.01027724332090575 0.251845083918338
2166 0.01027718422624923 0.2518437917814341
2167 0.01027712745338026 0.2518426054552076
2168 0.01027706847276782 0.2518413158695291
2169 0.01027701233525339 0.2518401397672985
2170 0.01027695358228683 0.2518388546498022
2171 0.01027689748439208 0.2518376798713272
2172 0.01027683902586922 0.2518364007428334
2173 0.01027678286201805 0.2518352267339236
2174 0.01027672725943767 0.2518339912563891
2175 0.01027666770711651 0.2518327711093022
2176 0.01027661150305095 0.2518315108949419
2177 0.01027655255164414 0.251830315133904
2178 0.01027649737092967 0.2518290852916747
2179 0.01027644142808193 0.2518279323874985
2180 0.01027638427853867 0.2518266658235216
2181 0.01027632848808096 0.2518255041416593
2182 0.0102762708913662 0.2518242425642284
2183 0.01027621556504366 0.2518230891712261
2184 0.01027615828357873 0.2518218365892151
2185 0.01027610321509999 0.2518206865938802
2186 0.01027604608395664 0.2518194376689533
2187 0.01027599123431902 0.2518182926584968
2188 0.01027593426775837 0.2518170461254197
2189 0.01027587947371573 0.2518159038770221
2190 0.01027582529774267 0.2518147006204974
2191 0.0102757671310163 0.2518135126186157
2192 0.01027571230687195 0.2518122829586718
2193 0.01027565470938524 0.2518111181051242
2194 0.01027560071066557 0.2518099172968206
2195 0.01027554601772692 0.2518087931343365
2196 0.01027549037998493 0.2518075611912307
2197 0.0102754338870194 0.2518063978354202
2198 0.01027537989760639 0.2518052029172658
2199 0.01027532612982173 0.2518040848738363
2200 0.01027526976145439 0.2518028506491002
2201 0.01027521557456355 0.2518017264211726
2202 0.0102751593255824 0.251800500117545
2203 0.01027510546799542 0.2517993804826484
2204 0.01027504954692956 0.2517981593623486
2205 0.01027499596051227 0.2517970452211391
2206 0.01027494025797037 0.251795828314752
2207 0.01027488669190173 0.2517947150606258
2208 0.01027483354426161 0.2517935364102733
2209 0.0102747765766623 0.2517923766541437
2210 0.01027472400491377 0.2517912019258526
2211 0.01027466727724514 0.2517900572074916
2212 0.0102746117214584 0.2517888347695261
2213 0.01027455711924247 0.2517877125365858
2214 0.01027450452776793 0.2517865434432022
2215 0.01027445195091524 0.2517854516631742
2216 0.01027439659845185 0.2517842389759861
2217 0.01027434301560686 0.2517831322994822
2218 0.0102742874704661 0.2517819221974488
2219 0.01027423417152625 0.2517808181550369
2220 0.01027417896887614 0.2517796142192575
2221 0.01027412597074248 0.2517785148490625
2222 0.01027407085596948 0.2517773121961062
2223 0.01027401794202423 0.2517762154679809
2224 0.01027396541862674 0.2517750514626105
2225 0.01027390900212165 0.2517739045139336
2226 0.01027385538281498 0.2517727067213856
2227 0.01027380196414237 0.2517716253952554
2228 0.01027374652298338 0.2517704008106552
2229 0.01027369191623656 0.2517692925698958
2230 0.01027363932119505 0.2517681305240771
2231 0.01027358472853299 0.251767011869038
2232 0.01027353204120991 0.2517658422251417
2233 0.01027347917670126 0.2517647459835636
2234 0.01027342389223512 0.251763539244802
2235 0.01027337063281717 0.2517624385663269
2236 0.0102733152958783 0.251761235162634
2237 0.01027326246580771 0.2517601402437816
2238 0.0102732074660819 0.2517589400310686
2239 0.01027315458156413 0.2517578434288926
2240 0.01027309961716906 0.2517566428745263
2241 0.01027304674263481 0.251755547416097
2242 0.01027299188415506 0.2517543478731757
2243 0.01027293876302175 0.2517532484615905
2244 0.01027288659704917 0.2517520890462422
2245 0.01027283020372625 0.2517509433996277
2246 0.01027277671085092 0.2517497440096278
2247 0.01027272093464995 0.2517486233822657
2248 0.01027266828536721 0.2517474513661958
2249 0.01027261467618722 0.2517463549395897
2250 0.01027256029482472 0.251745149709687
2251 0.01027250494148962 0.2517440132681188
2252 0.01027245214077119 0.2517428423615238
2253 0.01027239903113835 0.2517417423681691
2254 0.01027234388336519 0.2517405304505285
2255 0.01027229015161386 0.2517394188276119
2256 0.01027223473884734 0.2517382064289155
2257 0.01027218141939941 0.2517370994400431
2258 0.01027212619032925 0.2517358878414316
2259 0.0102720728204336 0.2517347787542518
2260 0.0102720200657819 0.2517336038061272
2261 0.01027196332099662 0.2517324463337125
2262 0.01027191092268895 0.25173126856057
2263 0.01027185195295577 0.2517300821364521
2264 0.01027179965258948 0.2517289028107866
2265 0.01027174591165803 0.2517277957377119
2266 0.01027169135377607 0.2517265784939835
2267 0.01027163719550559 0.2517254589849127
2268 0.01027158175409561 0.2517242343679836
2269 0.01027152767424162 0.2517231108641741
2270 0.01027147201185023 0.2517218836867477
2271 0.01027141815178199 0.2517207609801579
2272 0.01027136242538732 0.2517195319591193
2273 0.01027130857786762 0.2517184074190864
2274 0.0102712527925324 0.251717176670876
2275 0.01027119862460656 0.2517160442971395
2276 0.01027114293250086 0.2517148138075583
2277 0.0102710888141004 0.2517136817437738
2278 0.01027103530552987 0.2517124826138602
2279 0.01027097772699396 0.2517112989563813
2280 0.01027092209433472 0.2517100597046811
2281 0.01027086739349623 0.251708922191765
2282 0.01027081189871876 0.2517076842454874
2283 0.01027075536286162 0.2517065114616672
2284 0.01027070183672941 0.25170530590437
2285 0.01027064734992239 0.251704165308982
2286 0.01027059114016542 0.2517029115143402
2287 0.01027053609543317 0.2517017601155092
2288 0.01027047955635458 0.2517005045303783
2289 0.01027042466163518 0.2516993510775397
2290 0.01027036814374843 0.2516980946882165
2291 0.01027031338399226 0.2516969405769846
2292 0.01027025678537183 0.2516956813164914
2293 0.01027020191977799 0.251694522971746
2294 0.01027014766197274 0.2516932992057599
2295 0.01027008942162678 0.2516920901118915
2296 0.01027003412458061 0.2516908270069028
2297 0.01026997622575551 0.2516896411728999
2298 0.01026992199227788 0.251688405505808
2299 0.01026986442609363 0.2516872137767769
2300 0.01026981060000925 0.2516859794847511
2301 0.01026975519572334 0.2516848106668862
2302 0.01026969813245606 0.2516835278754914
2303 0.01026964199050814 0.2516823432647947
2304 0.01026958488051633 0.2516810652003614
2305 0.01026952930768115 0.2516798863498325
2306 0.01026947215577625 0.2516786054922747
2307 0.0102694167721848 0.2516774273355676
2308 0.01026935969158635 0.2516761454422797
2309 0.0102693040488844 0.2516749601994875
2310 0.01026924678009252 0.2516736737828877
2311 0.0102691911598513 0.2516724878095921
2312 0.01026913637127599 0.2516712391719718
2313 0.01026907729258337 0.2516700012139469
2314 0.0102690205128987 0.2516687119568209
2315 0.01026896417635857 0.2516675188427323
2316 0.01026890774681527 0.2516662358282903
2317 0.01026885172500655 0.251665042032834
2318 0.01026879450695411 0.251663746532331
2319 0.01026873843847808 0.251662548448931
2320 0.01026868098160103 0.2516612488866217
2321 0.01026862482630049 0.2516600465644866
2322 0.0102685674450672 0.2516587484157097
2323 0.01026851161922084 0.2516575498043717
2324 0.01026845408640891 0.2516562477496259
2325 0.01026839807347166 0.2516550437318072
2326 0.01026834047371305 0.2516537395882081
2327 0.01026828441688644 0.2516525327168136
2328 0.01026822933051048 0.2516512674990699
2329 0.01026816986579025 0.251650009742971
2330 0.01026811530220337 0.2516487434121005
2331 0.01026805356377911 0.2516474555789442
2332 0.01026799937189764 0.2516461894891437
2333 0.01026794309040026 0.2516449886066453
2334 0.01026788655367271 0.2516436839442077
2335 0.01026782992749426 0.2516424697028098
2336 0.0102677723564072 0.2516411555933157
2337 0.0102677161185969 0.2516399429918912
2338 0.01026765851495555 0.2516386302729833
2339 0.01026760257262413 0.2516374192189561
2340 0.01026754484108527 0.2516361044071266
2341 0.01026748908386529 0.2516348938051549
2342 0.01026743146532579 0.251633581173289
2343 0.01026737556840628 0.2516323667987978
2344 0.01026732032688518 0.2516310908728243
2345 0.01026726110154779 0.2516298271643879
2346 0.01026720651910259 0.2516285538834479
2347 0.01026714700667021 0.2516272917800622
2348 0.01026709306382142 0.2516260231480537
2349 0.01026703375760076 0.2516247668914195
2350 0.01026697744158132 0.2516234579729273
2351 0.01026692135203379 0.2516222492648804
2352 0.01026686496108315 0.2516209448920925
2353 0.01026680917741911 0.25161973454456
2354 0.01026675217878994 0.2516184248492495
2355 0.01026669651796275 0.2516172134310852
2356 0.01026663927705771 0.2516159011449285
2357 0.01026658365800407 0.2516146884497802
2358 0.01026652633047612 0.2516133757537806
2359 0.01026647115522162 0.2516121698017906
2360 0.01026641405997831 0.2516108618739816
2361 0.01026635863249606 0.2516096501766732
2362 0.01026630418286667 0.2516083849093722
2363 0.0102662457987811 0.2516071303870323
2364 0.01026619179671483 0.2516058644519206
2365 0.01026613268350627 0.2516046055130567
2366 0.01026607974849222 0.2516033522866854
2367 0.01026602368608322 0.2516021491206787
2368 0.01026596478783935 0.2516007977184926
2369 0.0102659102219301 0.2515996070296669
2370 0.01026585415474989 0.2515983153168243
2371 0.01026580009310391 0.2515971277576551
2372 0.01026574388045459 0.2515958346800094
2373 0.01026568941091579 0.2515946413485801
2374 0.01026563310968598 0.2515933483110347
2375 0.01026557857774455 0.2515921536787507
2376 0.0102655223142083 0.2515908625469998
2377 0.01026546800476603 0.2515896720464498
2378 0.01026541443191561 0.2515884239525997
2379 0.01026535681781572 0.2515871861745445
2380 0.01026530398520092 0.2515859433951876
2381 0.01026524637575837 0.2515847136499309
2382 0.01026519422056761 0.2515834791363187
2383 0.01026513689057493 0.2515822568158675
2384 0.01026508515378432 0.2515810266033315
2385 0.01026502786723783 0.2515798089685991
2386 0.01026497380988398 0.2515785432796445
2387 0.01026491980619846 0.2515773748892344
2388 0.01026486556790039 0.2515761139363011
2389 0.01026481209125432 0.2515749487158329
2390 0.01026475731932797 0.2515736855383361
2391 0.0102647041093462 0.2515725229334256
2392 0.0102646493025327 0.2515712640221525
2393 0.01026459643148836 0.2515701063999641
2394 0.01026454156723148 0.2515688484536401
2395 0.01026448895435548 0.2515676957903968
2396 0.01026443435993476 0.2515664447305812
2397 0.01026438193484477 0.2515652964181169
2398 0.01026433004885017 0.2515640898985124
2399 0.01026427430478719 0.2515628943451855
2400 0.01026422300404575 0.2515616910692394
2401 0.01026416709725455 0.2515605029261402
2402 0.01026411720053428 0.2515593094038793
2403 0.01026406227753024 0.251558151124578
2404 0.01026401104298172 0.2515569455278023
2405 0.01026395553257684 0.2515557775259912
2406 0.01026390339900174 0.2515545594278329
2407 0.01026385172153134 0.251553441149832
2408 0.01026379937931844 0.2515522297384475
2409 0.01026374782211703 0.2515511102894846
2410 0.01026369491017667 0.2515498980747623
2411 0.01026364359865623 0.251548783002904
2412 0.01026359065598781 0.2515475737557073
2413 0.01026353967959706 0.251546465789419
2414 0.01026348689712304 0.2515452615694316
2415 0.01026343621121939 0.2515441601456684
2416 0.01026338358310086 0.2515429604472901
2417 0.01026333307441907 0.2515418640190677
2418 0.01026328318410639 0.2515407098225579
2419 0.01026322952513931 0.2515395700613179
2420 0.01026318013732458 0.2515384196645785
2421 0.01026312629532444 0.2515372860972296
2422 0.01026307762595882 0.2515361443417521
2423 0.01026302674902122 0.251535065001766
2424 0.01026297428569585 0.2515338549492095
2425 0.01026292346081163 0.2515327771979604
2426 0.01026287242217388 0.2515316146010802
2427 0.01026282286916382 0.2515305556295057
2428 0.01026277216479405 0.2515293968691644
2429 0.01026272314299151 0.2515283368174184
2430 0.01026267163994472 0.251527172011816
2431 0.01026262263021727 0.2515261163699887
2432 0.01026257133066206 0.2515249600088861
2433 0.01026252245783555 0.2515239090457921
2434 0.01026247148530863 0.2515227602200683
2435 0.01026242284211365 0.2515217157626062
2436 0.01026237208064447 0.2515205717020342
2437 0.01026232351880288 0.2515195316178275
2438 0.01026227304579148 0.2515183943600347
2439 0.01026222452172271 0.2515173571724468
2440 0.01026217654105352 0.2515162603092918
2441 0.01026212488523337 0.2515151814836213
2442 0.010262077706394 0.2515140944199832
2443 0.01026202597985711 0.2515130239584601
2444 0.01026197895392863 0.2515119371663895
2445 0.0102619280794643 0.251510883882093
2446 0.01026188234139565 0.2515098079208011
2447 0.01026183167729604 0.2515087701118308
2448 0.01026178393388606 0.2515076776808366
2449 0.01026173283104371 0.2515066327130063
2450 0.01026168457028514 0.251505532447824
2451 0.01026163671600488 0.2515045273500696
2452 0.01026158836983501 0.2515034352701942
2453 0.01026154092530042 0.2515024369504869
2454 0.01026149190920209 0.2515013412182015
2455 0.01026144445029958 0.2515003432973299
2456 0.0102613952644637 0.2514992488494281
2457 0.01026134813365136 0.2514982580475004
2458 0.0102612991777616 0.2514971695059069
2459 0.01026125201969769 0.2514961799978804
2460 0.01026120561533985 0.251495131977971
2461 0.01026115534040716 0.2514941007285662
2462 0.01026110921960419 0.2514930542740834
2463 0.01026105902805274 0.2514920328163026
2464 0.01026101362323618 0.2514909956778361
2465 0.01026096604021039 0.2514900207731966
2466 0.01026091756878403 0.2514889349541716
2467 0.01026086773074431 0.2514879219543644
2468 0.01026082306422107 0.2514869035475202
2469 0.01026077362066275 0.2514859017088428
2470 0.01026072607478232 0.2514848376892729
2471 0.0102606794607251 0.2514838781437543
2472 0.01026063193727214 0.2514828212035034
2473 0.01026058549201971 0.2514818611338773
2474 0.01026053733120061 0.2514807995122134
2475 0.01026049088905363 0.2514798395944575
2476 0.01026044254486753 0.2514787791586701
2477 0.01026039640140003 0.2514778248052535
2478 0.01026034817793185 0.2514767687538282
2479 0.01026030194111233 0.2514758131820914
2480 0.0102602560413378 0.2514747937633112
2481 0.0102602069072525 0.2514738006329819
2482 0.01026016143916483 0.2514727828729742
2483 0.01026011177296421 0.251471788774235
2484 0.01026006671867882 0.251470774784215
2485 0.01026001732989835 0.2514697880809104
2486 0.01025997264491624 0.2514687807393883
2487 0.0102599257436907 0.2514678367869402
2488 0.01025987773634834 0.2514667761716139
2489 0.01025983087261 0.2514658313301483
2490 0.01025978067560737 0.2514647457804092
2491 0.01025973551470163 0.251463819330574
2492 0.01025968787279078 0.251462782217099
2493 0.01025964262784809 0.251461850722276
2494 0.01025959451724529 0.2514608066821841
2495 0.01025954847815281 0.2514598652458248
2496 0.01025950024590134 0.2514588209101888
2497 0.01025945410822719 0.2514578796983197
2498 0.01025940595902866 0.2514568373254406
2499 0.01025935971464729 0.2514558943884706
2500 0.01025931157961952 0.2514548523644449
2501 0.01025926534255815 0.2514539115955366
2502 0.01025921734533241 0.2514528723793389
2503 0.0102591709188139 0.2514519285004818
2504 0.01025912293895304 0.2514508894470865
2505 0.01025907648704683 0.251449946457833
2506 0.01025903035591194 0.2514489345270556
2507 0.01025898095403337 0.251447950735118
2508 0.01025893516736038 0.2514469398351003
2509 0.01025888559898189 0.2514459589931947
2510 0.01025884025027801 0.2514449511092777
2511 0.01025879289023731 0.2514440088944778
2512 0.01025874454103392 0.2514429526226722
2513 0.0102586972154123 0.2514420075018623
2514 0.01025864885521788 0.2514409544180888
2515 0.0102585994124172 0.2514399734913763
2516 0.0102585523244101 0.2514389444094827
2517 0.01025850577041562 0.2514380060681835
2518 0.01025845812447548 0.2514369684309157
2519 0.01025841127018394 0.251436022814341
2520 0.01025836257523687 0.2514349703645065
2521 0.01025831542922159 0.2514340188255694
2522 0.01025826657315882 0.2514329657827996
2523 0.01025821946632979 0.2514320145816271
2524 0.01025817061306519 0.2514309625685192
2525 0.01025812362126331 0.2514300111803016
2526 0.0102580744450873 0.2514289519294573
2527 0.01025802712367848 0.2514279950129222
2528 0.01025797790368784 0.2514269352795821
2529 0.01025793058999176 0.2514259784929573
2530 0.01025788359339267 0.2514249511865204
2531 0.01025783310118782 0.2514239491612111
2532 0.01025778639387809 0.2514229198210028
2533 0.01025773535532152 0.251421914302553
2534 0.01025768893020697 0.2514208842983122
2535 0.01025763779946073 0.2514198778038635
2536 0.01025759182932582 0.2514188536537653
2537 0.01025754315712887 0.2514178886943986
2538 0.01025749361291099 0.2514168050596636
2539 0.01025744471952516 0.2514158315657918
2540 0.01025739272987151 0.251414716190084
2541 0.01025734551223466 0.2514137580710066
2542 0.0102572960577839 0.2514126893077133
2543 0.01025724875053068 0.2514117256661816
2544 0.01025719925002149 0.2514106518415358
2545 0.01025715041339897 0.2514096694047175
2546 0.01025710054578853 0.2514085872891103
2547 0.01025705137936939 0.2514075982841291
2548 0.01025700173569491 0.2514065181011428
2549 0.01025695264395204 0.25140552977877
2550 0.01025690259322538 0.2514044415270619
2551 0.01025685357595559 0.2514034531907736
2552 0.01025680351495729 0.2514023634850502
2553 0.01025675417348653 0.2514013683385449
2554 0.01025670398991086 0.2514002755321244
2555 0.01025665448222664 0.2513992773333291
2556 0.01025660675525821 0.2513982191051684
2557 0.01025655368908767 0.251397168757695
2558 0.01025650602472393 0.2513961048288048
2559 0.01025645260388686 0.2513950533045605
2560 0.01025640563169517 0.2513939955361533
2561 0.01025635247745243 0.251392949047945
2562 0.01025630555097566 0.2513918899830221
2563 0.01025625476585923 0.2513908821308212
2564 0.01025620410829928 0.2513897605349316
2565 0.0102561532111891 0.2513887451530829
2566 0.01025610003527287 0.2513875905772915
2567 0.01025605100003637 0.2513865923092648
2568 0.01025600043790984 0.2513854857726148
2569 0.01025595124595695 0.2513844809779205
2570 0.01025590028661687 0.2513833663917082
2571 0.01025585007048445 0.2513823447982043
2572 0.01025579870020416 0.2513812228923244
2573 0.01025574833961932 0.2513801982404633
2574 0.01025569694605848 0.2513790739632736
2575 0.01025564647476891 0.2513780464996787
2576 0.01025559517929924 0.2513769228277491
2577 0.01025554470164105 0.2513758941481822
2578 0.01025549546678148 0.2513748000192605
2579 0.01025544186214009 0.2513737252436591
2580 0.01025539073437031 0.2513725955381564
2581 0.01025533972396311 0.2513715617300913
2582 0.01025529149533577 0.2513704777816526
2583 0.01025523725310706 0.2513693934668425
2584 0.01025518861723313 0.251368296420685
2585 0.01025513414982745 0.2513672121308961
2586 0.0102550858897193 0.2513661183979355
2587 0.01025503140498235 0.251365033172497
2588 0.01025498318286364 0.2513639377869912
2589 0.01025493127032633 0.2513628955394686
2590 0.01025487973805115 0.2513617462916513
2591 0.01025482555799652 0.2513606590531316
2592 0.01025477537792683 0.2513595382593841
2593 0.01025472421227139 0.2513584962665552
2594 0.01025467369632902 0.2513573702556242
2595 0.01025462248342304 0.2513563232710123
2596 0.01025457066171435 0.2513551778320783
2597 0.01025451955682776 0.2513541306880717
2598 0.01025446771832931 0.2513529867033435
2599 0.01025441653538728 0.2513519364430825
2600 0.01025436467368605 0.2513507916945841
2601 0.01025431344510078 0.2513497384648143
2602 0.01025426398266965 0.2513486304222841
2603 0.01025420955450391 0.2513475319857718
2604 0.01025415805361813 0.2513463859752068
2605 0.01025410671248058 0.2513453361762084
2606 0.01025405796755032 0.251344234838624
2607 0.01025400356748392 0.2513431371396264
2608 0.01025395489192051 0.2513420317345119
2609 0.01025390007192617 0.2513409325380561
2610 0.01025385178440934 0.2513398317045393
2611 0.01025379964656543 0.2513387780618466
2612 0.01025374790580266 0.2513376193729631
2613 0.01025369372154605 0.2513365251202473
2614 0.01025364564643473 0.2513354315967701
2615 0.01025359408643924 0.2513343841308718
2616 0.01025354222703769 0.2513332120610083
2617 0.01025349244210968 0.2513322031292105
2618 0.01025343801049996 0.2513310109374873
2619 0.0102533874100732 0.2513299705768704
2620 0.01025333620331641 0.251328834750546
2621 0.0102532863407005 0.2513277959046944
2622 0.01025323513822213 0.2513266629818434
2623 0.01025318452641314 0.2513256161926818
2624 0.01025313314357086 0.2513244812275954
2625 0.01025308238254691 0.2513234333459701
2626 0.01025303350812619 0.25132233517732
2627 0.01025297940863811 0.2513212422357148
2628 0.01025293105952226 0.2513201457251926
2629 0.01025287704921812 0.251319060408137
2630 0.01025282942793766 0.2513179718310196
2631 0.01025277556324839 0.2513168917295998
2632 0.01025272785773602 0.2513158019178266
2633 0.01025267467272761 0.2513147325214149
2634 0.01025262744933039 0.2513136515082762
2635 0.01025257622720182 0.2513126168258873
2636 0.01025252547309781 0.2513114808345973
2637 0.01025247232646897 0.2513104086161018
2638 0.01025242518681355 0.2513093378006505
2639 0.01025237478190279 0.2513083144897921
2640 0.01025232371018084 0.2513071681550197
2641 0.01025227345872969 0.25130614857191
2642 0.010252225270837 0.2513050583641354
2643 0.01025217609684319 0.2513040684142891
2644 0.01025212535182839 0.2513029423986145
2645 0.01025207236948891 0.2513018779848317
2646 0.01025202594128242 0.2513008223273872
2647 0.01025197406215892 0.2512997767343036
2648 0.01025192505671491 0.2512986819471488
2649 0.01025187612911407 0.2512976824538897
2650 0.01025182952584331 0.2512966300030511
2651 0.01025177741839007 0.2512955853970709
2652 0.01025172827821392 0.2512944926668949
2653 0.01025167919476332 0.2512934964066204
2654 0.01025163300377656 0.2512924529860085
2655 0.01025158093811299 0.251291413434501
2656 0.01025153480054355 0.2512903690799448
2657 0.01025148289535749 0.2512893389323129
2658 0.01025143738257193 0.2512883041532005
2659 0.01025138797015688 0.251287317108336
2660 0.01025133938586056 0.2512862360781664
2661 0.01025128835796314 0.2512852196686321
2662 0.01025124313737409 0.2512841990222639
2663 0.01025119252679432 0.2512831935796869
2664 0.01025114778524214 0.2512821794249238
2665 0.01025109684554731 0.2512811716850279
2666 0.0102510513340318 0.2512801397642837
2667 0.0102510024699654 0.2512791705860398
2668 0.01025095681211928 0.2512781528492967
2669 0.01025090596827343 0.2512771559407792
2670 0.01025086081762522 0.2512761345852048
2671 0.01025081255203711 0.2512751760709577
2672 0.01025076712478759 0.2512741686573232
2673 0.01025071694447146 0.2512731853110469
2674 0.01025067213768021 0.2512721763336193
2675 0.01025062424264161 0.2512712275615051
2676 0.01025057925043914 0.2512702337739541
2677 0.0102505317982821 0.251269300199522
2678 0.01025048462534475 0.2512682684313654
2679 0.01025043566871834 0.2512673025585212
2680 0.01025039191512059 0.2512663314154855
2681 0.01025034574552321 0.2512654186521993
2682 0.01025029898326557 0.2512644010527667
2683 0.01025025309206702 0.251263493280945
2684 0.01025020707676795 0.2512624931040635
2685 0.01025015914073061 0.2512615558797606
2686 0.01025011606394821 0.2512606036785401
2687 0.01025007024684837 0.2512597077803036
2688 0.01025002434645673 0.2512587101551462
2689 0.01024997630738195 0.2512577791996095
2690 0.01024993377511167 0.2512568413685862
2691 0.01024988623131349 0.2512559238571735
2692 0.01024984408973629 0.2512549903604477
2693 0.01024979619055638 0.2512540727980121
2694 0.0102497535331713 0.2512531274968666
2695 0.01024970740920806 0.2512522411072605
2696 0.01024966457975309 0.2512513108999036
2697 0.01024961685358874 0.2512504062383943
2698 0.0102495750443849 0.2512494871260513
2699 0.0102495278576629 0.2512485873882283
2700 0.0102494862340715 0.2512476749388103
2701 0.01024943915668181 0.2512467826501609
2702 0.01024939705147241 0.2512458596770958
2703 0.01024935195667574 0.2512450011635138
2704 0.01024930994187591 0.251244098619194
2705 0.01024926291948068 0.2512432168436968
2706 0.01024922169415023 0.2512423208026993
2707 0.01024917540648379 0.2512414478307483
2708 0.01024913384739374 0.2512405423813717
2709 0.01024908923890479 0.2512397009274216
2710 0.01024904752986521 0.2512388130582624
2711 0.01024900124946305 0.2512379528405736
2712 0.01024896052556214 0.2512370743667759
2713 0.0102489146307868 0.2512362175944421
2714 0.01024887358043134 0.2512353300878655
2715 0.01024882945526703 0.2512345054620252
2716 0.01024878835487806 0.2512336378819683
2717 0.01024874250458017 0.2512327935916279
2718 0.0102487020474859 0.2512319280554715
2719 0.01024865671716383 0.2512310892529835
2720 0.01024861613334883 0.2512302181804549
2721 0.01024857248603636 0.2512294117424581
2722 0.01024853171229329 0.2512285575787138
2723 0.01024848640652206 0.2512277316980426
2724 0.01024844647911889 0.2512268836745227
2725 0.01024840359908033 0.2512260924705478
2726 0.01024836082001828 0.2512252046496569
2727 0.01024831610175735 0.2512243875051983
2728 0.01024827603779142 0.2512235404641314
2729 0.01024823308686188 0.2512227553532893
2730 0.01024819325473759 0.2512219275760464
2731 0.01024814809831938 0.2512211150360539
2732 0.01024810881457074 0.2512202886447561
2733 0.01024806432210018 0.2512194845115355
2734 0.01024802488285061 0.2512186571662293
2735 0.01024798045192517 0.2512178604156088
2736 0.01024794080762442 0.2512170261546492
2737 0.01024789778871697 0.2512162544178317
2738 0.01024785787359294 0.2512154341581465
2739 0.01024781323779045 0.2512146414794721
2740 0.01024777396171462 0.2512138242782885
2741 0.01024772983952149 0.2512130362943374
2742 0.01024769073145122 0.2512122249524043
2743 0.01024764660045769 0.2512114422275176
2744 0.01024760714174109 0.2512106199754258
2745 0.01024756431712471 0.2512098606202521
2746 0.01024752477636296 0.2512090564371059
2747 0.01024748044765681 0.251208277664771
2748 0.01024744129068576 0.251207471597822
2749 0.01024739745468084 0.2512066971422081
2750 0.01024735844947776 0.251205896109681
2751 0.01024731444358601 0.2512051232246174
2752 0.01024727482343344 0.2512043057135652
2753 0.01024723234125915 0.2512035609502593
2754 0.0102471928529032 0.2512027654325855
2755 0.01024714869009223 0.2512019976364098
2756 0.01024710934833244 0.2512011861289272
2757 0.01024706664915858 0.2512004398651911
2758 0.010247027125727 0.2511996451766257
2759 0.01024698282467642 0.2511988772537383
2760 0.01024694365043028 0.2511980823759549
2761 0.01024689988736646 0.2511973192703615
2762 0.0102468602507587 0.2511965081290671
2763 0.01024681776371903 0.2511957727839996
2764 0.01024677814181691 0.2511949817395731
2765 0.0102467338988162 0.251194219405167
2766 0.0102466946426813 0.2511934264588309
2767 0.01024665080013837 0.2511926660474144
2768 0.01024661153496076 0.2511918739312746
2769 0.01024656754729762 0.2511911150344087
2770 0.01024652776796658 0.2511903050814568
2771 0.01024648494442928 0.2511895719257212
2772 0.01024644527157048 0.2511887824967028
2773 0.01024640083915817 0.2511880222736227
2774 0.0102463615771263 0.2511872312266364
2775 0.01024631723574015 0.251186467867807
2776 0.0102462777503905 0.2511856748086155
2777 0.01024623346646305 0.251184914501328
2778 0.01024619399071129 0.2511841231158302
2779 0.01024615172050874 0.2511833953411151
2780 0.01024610916163517 0.2511825572096433
2781 0.01024606483439461 0.2511817957016724
2782 0.01024602527501473 0.251181006295107
2783 0.01024598325195716 0.2511802814158992
2784 0.01024594067465258 0.2511794448132546
2785 0.01024589645275412 0.2511786843352042
2786 0.01024585677985693 0.2511778932220067
2787 0.0102458141964928 0.2511771597335637
2788 0.01024577144627796 0.2511763193674296
2789 0.01024572661586184 0.2511755502612917
2790 0.01024568622659828 0.251174735604278
2791 0.01024564288889182 0.2511740000403391
2792 0.01024560274122589 0.2511732036937342
2793 0.01024555724046702 0.2511724295488109
2794 0.01024551684466383 0.2511716217139662
2795 0.0102454714497212 0.2511708431709602
2796 0.01024543094612145 0.2511700337470813
2797 0.01024538551201221 0.2511692580195666
2798 0.01024534504971313 0.2511684498831131
2799 0.01024529950111623 0.2511676712865996
2800 0.01024525887319333 0.2511668587845793
2801 0.01024521302951732 0.2511660756037893
2802 0.01024517183044005 0.2511652407610835
2803 0.01024512741677851 0.2511644899960471
2804 0.01024508622693547 0.2511636727485128
2805 0.01024503978141067 0.2511628810566607
2806 0.01024499856628936 0.2511620560336946
2807 0.01024495450383455 0.2511612947569203
2808 0.01024491031972045 0.2511604259168694
2809 0.01024486432244272 0.2511596335806744
2810 0.01024482328417633 0.2511588152026366
2811 0.01024477703865089 0.2511580192228751
2812 0.01024473575230007 0.2511571928460355
2813 0.01024468932116101 0.2511563946909364
2814 0.01024464766528022 0.2511555604386387
2815 0.01024460089135945 0.2511547565764085
2816 0.01024455916560085 0.2511539203586838
2817 0.01024451230131412 0.2511531139459159
2818 0.01024447051759327 0.2511522748338375
2819 0.01024442326492663 0.251151461436753
2820 0.01024438119335989 0.2511506168314454
2821 0.01024433624346398 0.2511498383764985
2822 0.01024429118427804 0.2511489482396503
2823 0.01024424399284508 0.2511481287611366
2824 0.01024420144059333 0.2511472780903766
2825 0.01024415654259505 0.2511464942933972
2826 0.01024411150151616 0.2511456029434408
2827 0.01024406411399541 0.2511447775775457
2828 0.01024402164640716 0.2511439262415944
2829 0.01024397625806804 0.2511431331934064
2830 0.01024393059773723 0.2511422294748973
2831 0.01024388325400151 0.2511414006176494
2832 0.01024384051907697 0.2511405413122395
2833 0.01024379245918194 0.2511397041094592
2834 0.01024374982232912 0.2511388429017711
2835 0.01024370160948204 0.2511380029330884
2836 0.01024365846535641 0.2511371297142626
2837 0.01024360981132502 0.2511362827384355
2838 0.01024356676740676 0.2511354105639584
2839 0.01024352034796058 0.2511345977413369
2840 0.01024347425467301 0.2511336772065854
2841 0.01024342554614739 0.2511328216920855
2842 0.01024338229185394 0.2511319475966842
2843 0.01024333380013004 0.2511310960160864
2844 0.0102432906262144 0.2511302185623232
2845 0.01024324184531097 0.2511293625612378
2846 0.01024319828847825 0.2511284774113493
2847 0.01024314903847687 0.2511276127844128
2848 0.01024310524085384 0.2511267215503319
2849 0.01024305599435013 0.2511258558762984
2850 0.01024301190442821 0.251124943458187
2851 0.01024296373846717 0.2511241095933361
2852 0.01024291967606048 0.2511232140352741
2853 0.01024286989352739 0.251122340465224
2854 0.01024282592410398 0.2511214417101499
2855 0.01024277646597292 0.2511205655767129
2856 0.01024273229536951 0.251119663396889
2857 0.01024268487291186 0.2511188204495384
2858 0.01024263769062483 0.2511178732188978
2859 0.01024258827769751 0.2511169933905742
2860 0.01024254441037131 0.2511160989875169
2861 0.01024249500976588 0.2511152208633567
2862 0.01024245097469688 0.2511143192569558
2863 0.01024240142221949 0.251113439650412
2864 0.01024235717847885 0.2511125324350683
2865 0.01024230937769681 0.2511116799073067
2866 0.01024226190366049 0.2511107229447795
2867 0.01024221215889321 0.2511098348239174
2868 0.01024216790492674 0.251108929371113
2869 0.01024212058006041 0.2511080809135569
2870 0.01024207325696722 0.2511071260361498
2871 0.01024202374864263 0.2511062372002991
2872 0.01024197958067919 0.2511053326871944
2873 0.01024193205738569 0.2511044789180491
2874 0.01024188462718803 0.2511035214054316
2875 0.01024183483933985 0.2511026273290919
2876 0.01024179056229994 0.2511017037998443
2877 0.0102417435794961 0.2511008739762193
2878 0.01024169640514687 0.2510999186921994
2879 0.01024164590710177 0.2510990179585411
2880 0.01024160198277937 0.2510981119844244
2881 0.01024155430171546 0.2510972517128473
2882 0.01024150680490807 0.2510962903665021
2883 0.01024145735075709 0.2510953986983045
2884 0.01024141315364285 0.2510944913835159
2885 0.01024136564479452 0.2510936348822975
2886 0.01024131831575856 0.251092677653433
2887 0.01024126888301168 0.2510917866384246
2888 0.01024122483794802 0.2510908813874261
2889 0.01024117732898961 0.2510900250203839
2890 0.01024113003259417 0.2510890672335673
2891 0.01024108045392346 0.2510881736389209
2892 0.01024103797008748 0.2510872750477313
2893 0.01024098723531295 0.2510863887462418
2894 0.01024094278694016 0.251085472718267
2895 0.0102408951936659 0.2510846229510341
2896 0.01024084827636707 0.2510836678281057
2897 0.01024079912925897 0.2510827808391621
2898 0.01024075546709477 0.2510818814388702
2899 0.0102407084960008 0.2510810341765746
2900 0.01024066142221438 0.2510800838430917
2901 0.01024061459881388 0.25107923590904
2902 0.0102405676589578 0.2510782904435703
2903 0.01024051917706985 0.2510774155618327
2904 0.0102404759352292 0.2510765138118678
2905 0.01024042929377871 0.2510756873233064
2906 0.01024038289995952 0.2510747501699548
2907 0.01024033595433136 0.2510739087444311
2908 0.01024028941563348 0.251072969921229
2909 0.01024024113697773 0.2510720984477974
2910 0.01024019822309269 0.2510712041431694
2911 0.01024015203978216 0.2510703873890697
2912 0.01024010590294195 0.251069458702724
2913 0.01024005946750526 0.2510686279976384
2914 0.01024001338808156 0.251067701692517
2915 0.01023996554389609 0.2510668409539494
2916 0.010239923128072 0.2510659594421305
2917 0.0102398771909294 0.251065148834351
2918 0.01023983136447358 0.2510642301725033
2919 0.01023978549969442 0.2510634134802234
2920 0.01023973987051155 0.2510624993114701
2921 0.01023969500206478 0.2510616903382974
2922 0.01023964954115439 0.251060782367501
2923 0.01023960237877121 0.2510599407529848
2924 0.01023956184271028 0.2510590940337272
2925 0.01023951291083433 0.2510582506892063
2926 0.01023947107473276 0.2510573856886296
2927 0.01023942526463416 0.2510565941070204
2928 0.01023938077414614 0.2510557002867134
2929 0.01023933544419737 0.2510549009286086
2930 0.0102392907428544 0.2510540092779762
2931 0.01023924446563701 0.2510531891231418
2932 0.01023920357089177 0.2510523496456178
2933 0.01023915902157279 0.2510515737223466
2934 0.01023911481240156 0.2510507001772467
2935 0.01023907031155737 0.2510499208867924
2936 0.01023902606269662 0.2510490473765173
2937 0.01023898266297937 0.2510482786692224
2938 0.01023893860281259 0.2510474114200689
2939 0.0102388929999415 0.2510466135066191
2940 0.01023885415213167 0.251045814337137
2941 0.01023880674413193 0.2510450121404523
2942 0.01023876641873575 0.2510441934412466
2943 0.01023872221250974 0.2510434433020236
2944 0.01023867926668675 0.2510425970016879
2945 0.0102386357791973 0.2510418469438424
2946 0.01023859273184031 0.2510410044418553
2947 0.01023854812145542 0.2510402329179253
2948 0.01023850860773533 0.2510394381344947
2949 0.01023846597040929 0.2510387116511609
2950 0.01023842325827858 0.2510378854329818
2951 0.0102383803511517 0.2510371544565319
2952 0.01023833802422856 0.2510363352797049
2953 0.01023829622447203 0.2510356157701564
2954 0.01023825405584073 0.2510348021984777
2955 0.01023821242213549 0.2510340915335886
2956 0.0102381703598465 0.2510332838934321
2957 0.01023812659611065 0.2510325453087295
2958 0.01023808959461509 0.251031801628622
2959 0.01023804415043872 0.2510310569062261
2960 0.01023800576628864 0.2510302995937771
2961 0.01023796363769002 0.2510296087800755
2962 0.01023792263348534 0.2510288245144027
2963 0.01023787898840533 0.2510281040120256
2964 0.01023784145975174 0.2510273625515772
2965 0.01023780035117662 0.2510266838172805
2966 0.01023775908693531 0.2510259074665422
2967 0.01023771828933243 0.2510252354300834
2968 0.01023767745526818 0.251024468445162
2969 0.01023763538783765 0.2510237740634168
2970 0.01023759941308339 0.2510230681652077
2971 0.01023755569973733 0.2510223692869507
2972 0.01023751821438718 0.2510216502063627
2973 0.01023747745656057 0.2510210000578228
2974 0.01023743754736215 0.2510202554566063
2975 0.01023739719954518 0.2510196052173971
2976 0.01023735714941018 0.2510188616331107
2977 0.01023731804705666 0.2510182256092308
2978 0.01023727845525605 0.2510174962490962
2979 0.01023723730320966 0.2510168380072757
2980 0.01023720118780732 0.2510161533355595
2981 0.01023716176511218 0.2510155311875601
2982 0.01023712237509557 0.2510148146574542
2983 0.01023708292771396 0.2510141945351054
2984 0.01023704360316385 0.2510134774735858
2985 0.01023700298992099 0.2510128373965773
2986 0.01023696734878753 0.2510121689410814
2987 0.01023692841913055 0.2510115636458961
2988 0.01023688969248536 0.2510108694270654
2989 0.01023684868158278 0.2510102385799753
2990 0.01023681333184528 0.2510095804397055
2991 0.01023677490079838 0.2510089895910432
2992 0.01023673675059981 0.251008300265084
2993 0.01023669767268362 0.2510077070326417
2994 0.01023665936725275 0.2510070300444424
2995 0.01023661919003046 0.2510064192718396
2996 0.01023658449504432 0.2510057816383711
2997 0.01023654652092761 0.2510052061771921
2998 0.01023650846719946 0.2510045396627753
2999 0.01023647035874423 0.2510039670218258
3000 0.01023643230132656 0.2510032999315175
3001 0.01023639292256682 0.2510027066763499
3002 0.01023635828806778 0.2510020809666929
3003 0.01023632075657044 0.2510015239271496
3004 0.01023628329239143 0.2510008687005542
3005 0.01023624525575255 0.2510003127044244
3006 0.01023620769600619 0.250999667808431
3007 0.0102361703589582 0.250999117459012
3008 0.01023613285454574 0.2509984701261714
3009 0.01023609414866395 0.250997900340353
3010 0.01023605999649888 0.2509972940481865
3011 0.01023602273005214 0.250996753692861
3012 0.0102359853864892 0.2509961216782735
3013 0.01023594791467502 0.2509955819156213
3014 0.010235910946324 0.250994943253156
3015 0.01023587423239202 0.2509944144095894
3016 0.01023583700228845 0.250993789603804
3017 0.0102357981919063 0.2509932364834462
3018 0.01023576415267981 0.2509926418140273
3019 0.01023572737627043 0.2509921201294308
3020 0.01023569065604473 0.2509914965234979
3021 0.01023565307967782 0.2509909693871534
3022 0.01023561593395139 0.2509903546201924
3023 0.01023557940383624 0.2509898372747598
3024 0.01023554237419521 0.2509892195621554
3025 0.01023550617907745 0.2509887054654461
3026 0.01023546927881895 0.2509880926479314
3027 0.01023543090123108 0.2509875549819257
3028 0.01023539807487985 0.2509869846880402
3029 0.01023535815866878 0.2509864432998682
3030 0.010235325015016 0.2509858726269251
3031 0.01023528633427915 0.250985354603317
3032 0.01023524933243607 0.2509847450551172
3033 0.0102352123161379 0.2509842355353376
3034 0.01023517557109504 0.250983628181273
3035 0.01023513917985657 0.2509831214727319
3036 0.01023510244272859 0.2509825194361577
3037 0.01023506608290772 0.2509820187920138
3038 0.01023502919869642 0.2509814182542123
3039 0.01023499262284562 0.2509809162995235
3040 0.01023495563421369 0.2509803147419848
3041 0.01023491908393186 0.2509798145512049
3042 0.01023488199968975 0.2509792119687642
3043 0.01023484542205724 0.2509787135832897
3044 0.01023480834061366 0.2509781123570661
3045 0.01023477170877911 0.2509776138823001
3046 0.0102347344987766 0.2509770108432396
3047 0.01023469772279871 0.2509765121097977
3048 0.01023466062485434 0.250975911847798
3049 0.01023462364157878 0.2509754096969591
3050 0.01023458644771433 0.2509748088685785
3051 0.0102345495864255 0.2509743098668737
3052 0.01023451231587015 0.2509737095743241
3053 0.01023447545043491 0.2509732112089824
3054 0.01023443806426165 0.2509726095177711
3055 0.01023440103462028 0.2509721090100402
3056 0.01023436336443078 0.2509715028046977
3057 0.01023432620951645 0.2509710003473579
3058 0.01023428846860914 0.2509703936771376
3059 0.01023425125722307 0.2509698911634248
3060 0.0102342134513917 0.2509692834334842
3061 0.01023417615095125 0.2509687800403164
3062 0.01023413821703609 0.2509681706644987
3063 0.01023410072749165 0.2509676635683735
3064 0.01023406275965104 0.250967053333547
3065 0.0102340250339687 0.2509665439952829
3066 0.01023398712053083 0.2509659343469919
3067 0.01023394943910624 0.2509654250864481
3068 0.0102339111656037 0.2509648092775883
3069 0.01023387326927667 0.2509642965301279
3070 0.01023383474236526 0.2509636768703514
3071 0.01023379681518643 0.2509631628655129
3072 0.01023375820638913 0.2509625412760466
3073 0.01023372013573907 0.2509620255138632
3074 0.01023368144598487 0.250961401773129
3075 0.01023364311330213 0.2509608803715583
3076 0.01023360417846379 0.2509602522603868
3077 0.01023356576720815 0.2509597298876635
3078 0.01023352658963993 0.2509590979225828
3079 0.01023348803073593 0.2509585714227789
3080 0.01023344912133648 0.2509579414957489
3081 0.01023341039746276 0.2509574135306432
3082 0.01023337115815457 0.2509567777488096
3083 0.01023333199254529 0.2509562410421382
3084 0.0102332926095497 0.2509556015878998
3085 0.01023325348074599 0.250955064442635
3086 0.0102332137830549 0.2509544193025198
3087 0.0102331725119467 0.2509538522786608
3088 0.01023313698046818 0.2509532393398003
3089 0.01023309382898098 0.2509526731993386
3090 0.01023305783706047 0.2509520481209168
3091 0.01023301571607217 0.2509515000950259
3092 0.01023297583773746 0.2509508399817881
3093 0.01023293530061887 0.2509502804241384
3094 0.01023289516331687 0.2509496172711668
3095 0.01023285547914574 0.2509490618760761
3096 0.01023281512031829 0.2509483987371452
3097 0.010232773121602 0.2509478125885408
3098 0.01023273649841837 0.25094717581129
3099 0.01023269257329594 0.2509465917278152
3100 0.01023265432404046 0.2509459493140905
3101 0.01023261316071699 0.2509453780486457
3102 0.01023257228885316 0.2509446967689015
3103 0.01023253141523704 0.2509441204395897
3104 0.01023249015352102 0.2509434348530244
3105 0.01023244916971269 0.2509428543578219
3106 0.01023240788315467 0.2509421687307659
3107 0.01023236485449515 0.2509415601821369
3108 0.0102323278034002 0.2509409067816946
3109 0.01023228287306968 0.2509403012387868
3110 0.01023224399393901 0.2509396390710875
3111 0.01023220188388839 0.2509390452719094
3112 0.01023216022672362 0.2509383421918024
3113 0.01023211851972384 0.2509377437589835
3114 0.01023207649010904 0.2509370382362167
3115 0.01023203286191033 0.2509364111053942
3116 0.01023199348287588 0.2509357400865669
3117 0.01023195139023533 0.2509351360468904
3118 0.01023190911497196 0.2509344235231885
3119 0.01023186678232514 0.2509338115113388
3120 0.01023182471881349 0.2509331009950775
3121 0.01023178258570709 0.2509324895314061
3122 0.01023174007523838 0.2509317701556601
3123 0.01023169574048944 0.250931126001511
3124 0.01023165760100483 0.2509304405907614
3125 0.01023161110431436 0.2509297971951147
3126 0.0102315711038939 0.2509291031289291
3127 0.01023152800201127 0.2509284793728096
3128 0.01023148509723932 0.2509277411002938
3129 0.0102314421403181 0.2509271090006456
3130 0.01023139918008188 0.2509263740385889
3131 0.01023135438255657 0.2509257148043981
3132 0.01023131594501416 0.2509250186399766
3133 0.01023126878741254 0.2509243581885228
3134 0.0102312283338225 0.2509236489874702
3135 0.01023118463366642 0.2509230100293119
3136 0.01023114159106268 0.25092226331575
3137 0.01023109830836037 0.2509216197621102
3138 0.01023105503830018 0.2509208729766206
3139 0.01023100967155062 0.2509201977280241
3140 0.01023097077998752 0.2509194874959023
3141 0.01023092315857837 0.2509188139524601
3142 0.01023088307246615 0.250918083459613
3143 0.01023083813281482 0.2509174452161736
3144 0.0102307952864097 0.2509166918775399
3145 0.01023075127026348 0.2509160357414568
3146 0.0102307076969233 0.2509152747603342
3147 0.01023066421452135 0.2509146175898334
3148 0.01023062045616113 0.2509138574144493
3149 0.01023057490144705 0.2509131711380941
3150 0.01023053601795315 0.2509124558943356
3151 0.01023048795160016 0.2509117690219143
3152 0.01023044915016981 0.2509110465720764
3153 0.01023040216812888 0.2509103787246897
3154 0.0102303589689858 0.2509096115989748
3155 0.01023031454801375 0.2509089436682417
3156 0.0102302709294487 0.2509081750627981
3157 0.01023022769205963 0.2509075157118664
3158 0.01023018396694538 0.2509067511431001
3159 0.01023014031446427 0.2509060858801013
3160 0.01023009652495848 0.2509053223057667
3161 0.01023005279001197 0.2509046556235932
3162 0.01023000907987053 0.250903892046454
3163 0.01022996538544968 0.2509032254468803
3164 0.01022992172708586 0.2509024620203887
3165 0.01022987808674215 0.2509017954170757
3166 0.01022983427249373 0.2509010282625804
3167 0.01022979073444171 0.2509003628914673
3168 0.01022974696967926 0.2508995960511661
3169 0.01022970336290155 0.2508989290721601
3170 0.0102296596724407 0.2508981642162733
3171 0.01022961623707264 0.2508974993796921
3172 0.01022957264095318 0.2508967353727107
3173 0.01022952917153449 0.2508960697381424
3174 0.01022948556285768 0.2508953056918767
3175 0.01022944219201641 0.2508946415830625
3176 0.01022939857802978 0.2508938771432723
3177 0.01022935517263963 0.2508932124524816
3178 0.01022931180509453 0.2508924528037442
3179 0.01022926863497778 0.2508917919028846
3180 0.01022922631237491 0.2508910285742132
3181 0.01022918156569645 0.2508903682999459
3182 0.01022914009065172 0.2508896149235207
3183 0.01022909499634538 0.2508889557302037
3184 0.01022905281542435 0.2508882078578591
3185 0.01022900950753679 0.2508875493059823
3186 0.01022896766774004 0.250886790475428
3187 0.01022892305666992 0.2508861278583243
3188 0.0102288835258781 0.2508854036487295
3189 0.01022883726170064 0.2508847352260674
3190 0.01022879707623159 0.2508839967696773
3191 0.01022875115957056 0.2508833328688564
3192 0.01022871141114777 0.2508825990914937
3193 0.0102286660301968 0.2508819417112719
3194 0.01022862653411051 0.2508812142891735
3195 0.01022858136086564 0.2508805603269251
3196 0.01022854183122359 0.2508798349538622
3197 0.01022849670250425 0.2508791833656703
3198 0.01022845744347104 0.2508784638539052
3199 0.0102284125406236 0.2508778155035775
3200 0.01022837319540379 0.2508770974595359
3201 0.01022832847385876 0.2508764532884283
3202 0.01022828942132636 0.2508757427153769
3203 0.01022824502985971 0.2508751042667633
3204 0.01022820598835235 0.2508743949754469
3205 0.01022816161822163 0.2508737584937273
3206 0.01022812280406769 0.2508730552013361
3207 0.0102280787424535 0.2508724254375035
3208 0.01022804014747401 0.2508717287962816
3209 0.01022799586926949 0.2508710952676492
3210 0.01022795788192185 0.2508704200822599
3211 0.01022791414152889 0.2508697887853386
3212 0.01022787547113725 0.250869106316417
3213 0.01022783229499006 0.2508684817973658
3214 0.01022779399967381 0.2508678075794298
3215 0.01022775098983026 0.2508671890624574
3216 0.01022771273012553 0.2508665183830239
3217 0.01022766987189397 0.2508659065446822
3218 0.01022763216756608 0.2508652377225821
3219 0.01022758928069028 0.2508646359930531
3220 0.01022755168550654 0.2508639810830909
3221 0.01022750869821084 0.2508633747859404
3222 0.01022747206210657 0.2508627341801591
3223 0.01022742970087232 0.2508621374551656
3224 0.01022739220514672 0.25086148916537
3225 0.01022735026901133 0.2508609007070783
3226 0.01022731332562766 0.2508602644265396
3227 0.01022727156123051 0.2508596810490694
3228 0.01022723204429248 0.2508590186104775
3229 0.01022719596827463 0.2508585067446067
3230 0.01022715663101754 0.2508578484326965
3231 0.01022711475755503 0.2508572688878929
3232 0.010227078809763 0.2508566603932579
3233 0.01022703727010369 0.2508560920679456
3234 0.01022700187988724 0.2508554904730976
3235 0.01022696043013605 0.2508549280177982
3236 0.01022692514098837 0.2508543300590764
3237 0.01022688377935158 0.2508537730196892
3238 0.01022684874944483 0.2508531818940736
3239 0.01022680770661252 0.2508526333976306
3240 0.01022677281253014 0.2508520479126405
3241 0.01022673231065457 0.250851511412056
3242 0.01022669695378817 0.250850925367261
3243 0.01022665698142827 0.2508503976415704
3244 0.01022662193777363 0.2508498200411119
3245 0.01022658221980362 0.2508492984704903
3246 0.01022654746369144 0.2508487291426459
3247 0.01022650799100282 0.250848216511007
3248 0.01022647087062718 0.2508476270165266
3249 0.01022643480727568 0.2508471524036984
3250 0.01022640078377482 0.2508466027770853
3251 0.01022636162700875 0.2508461008951727
3252 0.01022632409024972 0.2508455170613479
3253 0.01022628830158179 0.2508450555501778
3254 0.01022625224792972 0.2508444937443556
3255 0.01022621641417266 0.2508440343776782
3256 0.01022618262650259 0.2508435023552911
3257 0.01022614373642064 0.2508430173985888
3258 0.01022610690298269 0.2508424558964422
3259 0.0102260716061646 0.2508420124358733
3260 0.01022603865842944 0.250841497381751
3261 0.01022600062637131 0.2508410323348855
3262 0.01022596437598303 0.2508404873706643
3263 0.01022592952774842 0.2508400587648981
3264 0.01022589686479094 0.2508395551340731
3265 0.01022585914178713 0.2508391019294147
3266 0.01022582309530945 0.2508385684466976
3267 0.01022578861481251 0.2508381525018726
3268 0.01022575627288183 0.250837660850771
3269 0.01022571902843445 0.2508372234611534
3270 0.0102256834962155 0.2508367050314713
3271 0.01022564935962511 0.2508363022888513
3272 0.01022561508005366 0.2508358011449362
3273 0.01022558097570238 0.2508354031601726
3274 0.01022554889233445 0.2508349297629617
3275 0.01022551182259204 0.2508345077611758
3276 0.01022547656613936 0.2508340049861777
3277 0.01022544282546098 0.2508336187598977
3278 0.01022540908930474 0.2508331372231415
3279 0.01022537548636615 0.2508327575052867
3280 0.01022534148004308 0.2508322779247431
3281 0.01022530766549331 0.2508318994056503
3282 0.01022527364800085 0.2508314242274386
3283 0.01022523999512802 0.2508310518875658
3284 0.01022520845206287 0.250830604701982
3285 0.01022517212280376 0.2508302118656079
3286 0.01022513765782835 0.2508297385485849
3287 0.01022510456585471 0.2508293794312383
3288 0.01022507376146424 0.2508289455672679
3289 0.01022503814805467 0.2508285697384804
3290 0.0102250040928003 0.2508281106940088
3291 0.01022497134246912 0.2508277633978468
3292 0.01022494057226069 0.250827336068947
3293 0.01022490506986411 0.2508269682160582
3294 0.01022487105034803 0.2508265150265966
3295 0.01022483833366884 0.2508261739638235
3296 0.01022480779229009 0.2508257570351375
3297 0.01022477256633526 0.2508253994503612
3298 0.01022473873454371 0.2508249559711399
3299 0.01022470633708246 0.2508246259467401
3300 0.01022467585653616 0.2508242156869716
3301 0.01022464079760154 0.2508238655316271
3302 0.0102246092838414 0.2508234484799312
3303 0.01022457423868714 0.2508231012653909
3304 0.01022454329589522 0.250822690839709
3305 0.01022450843886503 0.2508223488709699
3306 0.01022447527997655 0.2508219214544921
3307 0.01022444336310234 0.2508216083495592
3308 0.01022441323883289 0.2508212126204727
3309 0.01022437835942821 0.2508208760069802
3310 0.01022434689098653 0.2508204680527624
3311 0.01022431180872196 0.2508201315728705
3312 0.01022428090284786 0.2508197310296465
3313 0.01022424607730369 0.2508193988400626
3314 0.01022421547260764 0.2508190036612178
3315 0.01022418087661704 0.2508186776500454
3316 0.01022415018110056 0.2508182829712327
3317 0.01022411552711916 0.250817958027667
3318 0.01022408468825182 0.2508175636230434
3319 0.01022404997921581 0.2508172390420617
3320 0.01022401884187319 0.2508168421209903
3321 0.01022398411444991 0.2508165191500123
3322 0.01022395319516733 0.2508161261160521
3323 0.01022391847900588 0.2508158042348029
3324 0.01022388745769547 0.250815411199143
3325 0.01022385231481711 0.2508150856269204
3326 0.01022382210729309 0.2508147019324933
3327 0.01022378900507359 0.2508144027939639
3328 0.01022375555928526 0.2508139848332128
3329 0.01022371993751771 0.2508136567893712
3330 0.01022368958198559 0.2508132718342694
3331 0.01022365442200691 0.2508129504956755
3332 0.01022362397377824 0.2508125655856959
3333 0.01022358854791853 0.2508122428094146
3334 0.01022355769684336 0.2508118531099829
3335 0.01022352403671683 0.2508115482341119
3336 0.01022349017008831 0.2508111194483894
3337 0.01022345681395591 0.2508108239891951
3338 0.0102234231317694 0.2508104088428835
3339 0.01022338959774929 0.2508101070158284
3340 0.01022335601540284 0.2508096803448952
3341 0.01022332286650777 0.250809386015065
3342 0.01022328916078261 0.2508089602136549
3343 0.01022325355997828 0.2508086423424813
3344 0.01022322228400494 0.2508082493051703
3345 0.01022318659436056 0.2508079218641681
3346 0.01022315515222601 0.2508075222306765
3347 0.01022312108454788 0.2508072107845112
3348 0.01022308661987103 0.2508067705714261
3349 0.010223052469706 0.2508064685222401
3350 0.01022301802847191 0.2508060297837282
3351 0.01022298386147812 0.2508057274464811
3352 0.01022294952379485 0.2508052868379089
3353 0.01022291313050052 0.2508049593844263
3354 0.01022288145551981 0.2508045552250425
3355 0.01022284737306648 0.2508042396860036
3356 0.01022281246414552 0.2508037872703692
3357 0.01022277758534622 0.2508034717799337
3358 0.0102227424466205 0.2508030172541023
3359 0.01022270547962629 0.2508026804636235
3360 0.01022267339314819 0.2508022697151644
3361 0.01022263661541078 0.2508019223761925
3362 0.01022260413367095 0.2508014994767486
3363 0.01022256889503856 0.2508011657504809
3364 0.01022253305568074 0.2508006951193125
3365 0.01022249785872137 0.2508003659166582
3366 0.01022246220827061 0.2507999051547747
3367 0.01022242675439842 0.2507995743943597
3368 0.01022239091656328 0.2507991088925688
3369 0.01022235478337696 0.2507987744144214
3370 0.01022231940991926 0.2507983001330449
3371 0.0102222816132036 0.2507979473390117
3372 0.01022224839684597 0.2507974911667344
3373 0.01022221077650255 0.2507971386775995
3374 0.01022217695255605 0.2507966723216772
3375 0.01022213854151775 0.250796308884232
3376 0.01022210428508793 0.2507958355081124
3377 0.0102220652472021 0.2507954630666645
3378 0.01022203170835141 0.2507949979356996
3379 0.01022199287000396 0.2507946270791678
3380 0.01022195832452653 0.2507941456524605
3381 0.01022191935939805 0.2507937700855009
3382 0.01022188471454269 0.2507932836660667
3383 0.01022184566105996 0.2507929056762107
3384 0.01022181082206527 0.2507924134191536
3385 0.01022177134602295 0.2507920284875806
3386 0.0102217365693883 0.2507915340901101
3387 0.01022169699975444 0.2507911455477849
3388 0.01022166188150646 0.2507906442245711
3389 0.01022162206122227 0.2507902504620167
3390 0.01022158676042282 0.2507897422105692
3391 0.01022154667343031 0.2507893435494956
3392 0.01022151138259919 0.2507888331724436
3393 0.01022147109761618 0.2507884290010535
3394 0.01022143564439026 0.2507879137862107
3395 0.01022139524755491 0.2507875060145418
3396 0.01022135964619564 0.2507869866900593
3397 0.0102213190139265 0.2507865737396239
3398 0.01022128322067368 0.2507860470693283
3399 0.01022124232016829 0.2507856284822966
3400 0.01022120638165658 0.2507850968207125
3401 0.01022116520658119 0.2507846720462933
3402 0.01022112913753062 0.2507841352219533
3403 0.01022108774242104 0.2507837054320384
3404 0.01022105162166334 0.2507831661148166
3405 0.01022101026641694 0.2507827356160933
3406 0.0102209742277528 0.2507821935437012
3407 0.01022093245038992 0.2507817533370977
3408 0.01022089384099352 0.2507812043338841
3409 0.0102208544024763 0.2507807511069864
3410 0.01022081823043053 0.2507802073651372
3411 0.01022077623583239 0.2507797574309302
3412 0.01022073693699455 0.2507791987957635
3413 0.01022069718064444 0.2507787408049206
3414 0.01022066016920896 0.2507781798018446
3415 0.01022061791961892 0.25077772177155
3416 0.01022058078884353 0.2507771578794769
3417 0.01022053843390192 0.2507766995789693
3418 0.01022049917758934 0.2507761294420176
3419 0.01022045895523399 0.2507756534819251
3420 0.01022042231708078 0.2507750903726997
3421 0.01022037945386819 0.2507746159078875
3422 0.01022033950928493 0.2507740346977713
3423 0.01022029891259693 0.2507735507304134
3424 0.01022026203760757 0.25077298185814
3425 0.01022021896852993 0.2507725005793715
3426 0.01022017893506843 0.2507719141124806
3427 0.01022013852774184 0.2507714310569431
3428 0.01022010101480759 0.2507708455938109
3429 0.01022005769410589 0.2507703557232273
3430 0.01022001993438537 0.250769765720439
3431 0.01021997641924035 0.250769275020868
3432 0.01021993881666933 0.2507686799143257
3433 0.01021989504607579 0.2507681833833159
3434 0.01021985775090057 0.2507675885634646
3435 0.01021981409581845 0.250767091436616
3436 0.01021977678983282 0.2507664961648058
3437 0.01021973309405183 0.2507659968489195
3438 0.01021969570686786 0.2507653975490099
3439 0.01021965161143632 0.2507648896823921
3440 0.01021961417298149 0.2507642882146326
3441 0.01021956991210431 0.2507637776970577
3442 0.01021953286780468 0.2507631789048643
3443 0.01021948890225028 0.2507626714672354
3444 0.0102194515660081 0.250762069878327
3445 0.01021940744889617 0.2507615562487223
3446 0.01021936985754521 0.2507609472233207
3447 0.01021932560762693 0.2507604309793461
3448 0.01021928812297112 0.2507598242273923
3449 0.01021924407950646 0.2507593099667896
3450 0.01021920630835517 0.2507587163862787
3451 0.01021916296051256 0.250758187062052
3452 0.01021912467671799 0.2507575874441266
3453 0.01021908154331646 0.2507570553487037
3454 0.01021904310424273 0.2507564569003978
3455 0.01021900017554671 0.2507559297345508
3456 0.01021896184494444 0.250755332706863
3457 0.01021891874485311 0.2507548021106238
3458 0.01021888041269808 0.2507542043795333
3459 0.01021883734158098 0.2507536731471449
3460 0.01021879904759469 0.2507530741408495
3461 0.01021875600041197 0.2507525428554083
3462 0.01021871789333114 0.2507519473140808
3463 0.01021867498611109 0.2507514178418185
3464 0.01021863703708655 0.2507508245410731
3465 0.01021859415298569 0.2507502941464048
3466 0.01021855593990923 0.2507496956217669
3467 0.01021851268936496 0.2507491569292913
3468 0.01021847543382022 0.2507485741454697
3469 0.01021843481617075 0.2507480723344137
3470 0.01021839411311115 0.2507474491198776
3471 0.01021835096083129 0.2507469120161046
3472 0.01021831401710272 0.2507463337296001
3473 0.01021827392284058 0.2507458360643878
3474 0.01021823335869003 0.2507452139593478
3475 0.01021819302814214 0.2507447127680707
3476 0.01021815292126521 0.2507440994598676
3477 0.01021811293055672 0.2507436019201897
3478 0.01021807321765196 0.2507429946295719
3479 0.01021803099197723 0.2507424693469452
3480 0.01021799465518126 0.2507419039258281
3481 0.01021795516657779 0.2507414167282353
3482 0.01021791528299811 0.2507408074612005
3483 0.01021787534661011 0.250740314041859
3484 0.01021783567712916 0.2507397097928224
3485 0.01021779617617204 0.2507392230015427
3486 0.01021775703864889 0.250738628242424
3487 0.01021771798610705 0.2507381488418705
3488 0.01021767886088373 0.2507375552058437
3489 0.01021763738188153 0.2507370462310252
3490 0.01021760165401808 0.2507364931948963
3491 0.0102175628797118 0.2507360221010944
3492 0.01021752373474245 0.2507354311019946
3493 0.0102174848014002 0.2507349590955047
3494 0.01021744608953167 0.2507343762484202
3495 0.01021740760522252 0.2507339120026099
3496 0.01021736915818678 0.2507333336999716
3497 0.01021732826846359 0.2507328392716635
3498 0.01021729315814554 0.2507323030192677
3499 0.01021725516805479 0.2507318501750037
3500 0.01021721700310764 0.2507312812533079
3501 0.01021717882953484 0.2507308278799018
3502 0.01021714078572024 0.2507302614433448
3503 0.01021710297488615 0.2507298148007722
3504 0.01021706534577398 0.2507292570180987
3505 0.01021702531096094 0.25072878434715
3506 0.01021699094111227 0.2507282673170615
3507 0.01021695382436994 0.250727835798537
3508 0.01021691649592049 0.2507272882969555
3509 0.0102168791611687 0.2507268571334779
3510 0.01021684206294118 0.2507263148734321
3511 0.01021680262700068 0.2507258587347971
3512 0.01021676883703152 0.2507253580948435
3513 0.01021673209487728 0.2507249403792239
3514 0.01021669559183401 0.250724411888428
3515 0.01021665889046558 0.2507239982290095
3516 0.01021662246813902 0.25072347426099
3517 0.01021658371476693 0.2507230374199651
3518 0.01021655035816471 0.2507225517479422
3519 0.01021651473519821 0.2507221574664433
3520 0.01021647865745526 0.2507216444378025
3521 0.01021644254438639 0.2507212488880067
3522 0.010216406833822 0.2507207444928822
3523 0.01021636873412273 0.2507203263766384
3524 0.01021633631391566 0.2507198633334487
3525 0.01021630107793158 0.2507194855630537
3526 0.01021626581852038 0.2507189945084578
3527 0.01021622810338564 0.2507185912992078
3528 0.01021619612848106 0.2507181410222613
3529 0.01021616113561594 0.2507177738683917
3530 0.01021612613238872 0.2507172927672255
3531 0.01021609102936499 0.2507169274908306
3532 0.01021605658658996 0.2507164578187485
3533 0.01021601971626562 0.2507160765091674
3534 0.01021598857952293 0.2507156499069365
3535 0.01021595452485649 0.250715306524828
3536 0.01021592031196954 0.2507148463575233
3537 0.0102158835007343 0.2507144740571027
3538 0.010215852580676 0.2507140562072179
3539 0.01021581889472578 0.2507137277208561
3540 0.0102157852669227 0.2507132845041009
3541 0.01021574893850033 0.2507129266938548
3542 0.01021571829928087 0.2507125203376239
3543 0.01021568494453791 0.2507122023740276
3544 0.01021565181205669 0.2507117737428992
3545 0.01021561613326024 0.250711434444585
3546 0.01021558615943652 0.2507110449893022
3547 0.0102155510910958 0.250710717182221
3548 0.01021552108957208 0.2507103309085671
3549 0.01021548578478579 0.2507100043452825
3550 0.01021545570895413 0.2507096211343013
3551 0.01021542071597322 0.2507093043180532
3552 0.01021539095559664 0.2507089300105837
3553 0.01021535627707944 0.2507086215660878
3554 0.01021532668854094 0.2507082533213489
3555 0.01021529205134277 0.2507079475936524
3556 0.01021526244349149 0.2507075817393659
3557 0.01021522809991361 0.2507072854282274
3558 0.01021519893687775 0.2507069304649549
3559 0.01021516482868188 0.250706642245367
3560 0.01021513582868368 0.2507062936936969
3561 0.01021510177217526 0.2507060089554762
3562 0.01021507279541203 0.2507056628926562
3563 0.01021503889966481 0.2507053844295502
3564 0.01021501020955034 0.2507050476078161
3565 0.01021497648873405 0.2507047754716957
3566 0.0102149479725992 0.2507044447991137
3567 0.01021491456878035 0.2507041800887361
3568 0.01021488603343708 0.2507038529594371
3569 0.01021485285294629 0.2507035964981771
3570 0.01021482459933588 0.2507032763614596
3571 0.01021479145743094 0.2507030235457611
3572 0.01021476318662769 0.2507027066469594
3573 0.01021473015410448 0.2507024584573562
3574 0.01021470221819346 0.2507021509777748
3575 0.0102146692834073 0.2507019048064131
3576 0.01021464126692769 0.2507016019356085
3577 0.01021460839365549 0.2507013608483231
3578 0.01021458042280748 0.2507010609740184
3579 0.01021454795739996 0.2507008281326736
3580 0.01021452030546482 0.2507005374893446
3581 0.01021448795585534 0.25070031070278
3582 0.01021446037345653 0.2507000235879163
3583 0.01021442796062072 0.2506997972042163
3584 0.01021440027138813 0.2506995118611155
3585 0.01021436795111057 0.2506992902952198
3586 0.01021434036342711 0.2506990094197006
3587 0.01021430836548294 0.2506987969024288
3588 0.01021428085390033 0.2506985196623322
3589 0.01021425050119219 0.2506983217540378
3590 0.0102142206345191 0.2506980253159275
3591 0.01021418834064813 0.2506978145691821
3592 0.01021416134232625 0.2506975498936653
3593 0.01021413188918782 0.2506973693707315
3594 0.01021410224318289 0.2506970843733116
3595 0.01021407036862773 0.2506968826554518
3596 0.01021404321448292 0.2506966193008735
3597 0.0102140135000557 0.2506964389582052
3598 0.01021398377286659 0.2506961564718157
3599 0.01021395176994343 0.250695957981301
3600 0.01021392470616109 0.2506957008819831
3601 0.01021389529213962 0.2506955306461003
3602 0.01021386580242268 0.2506952569292222
3603 0.01021383398247379 0.2506950647733606
3604 0.01021380688870356 0.2506948112610637
3605 0.01021377739004143 0.2506946434388406
3606 0.01021374780328547 0.2506943718537216
3607 0.01021371784592137 0.250694199565586
3608 0.01021368821958553 0.2506939282480373
3609 0.01021365663452999 0.2506937438676887
3610 0.01021362959745976 0.2506934967720942
3611 0.01021360016885517 0.2506933324884341
3612 0.01021357030904627 0.2506930620412985
3613 0.01021354048511021 0.2506928959002568
3614 0.01021351090329818 0.25069263154545
3615 0.01021348141344586 0.2506924699667516
3616 0.0102134517961448 0.2506922040389031
3617 0.0102134220559672 0.2506920401969376
3618 0.01021339226267167 0.2506917731505046
3619 0.01021336237343209 0.2506916068220932
3620 0.01021333255062885 0.250691340870566
3621 0.01021330277718075 0.2506911779836997
3622 0.01021327300913789 0.250690913220849
3623 0.01021324318000296 0.2506907500030032
3624 0.01021321341453896 0.2506904902552021
3625 0.01021318349421482 0.2506903184508783
3626 0.01021315328357919 0.2506900554733305
3627 0.01021312324260895 0.2506898822065085
3628 0.01021309295382155 0.2506896199180295
3629 0.01021306301194838 0.2506894488970041
3630 0.01021303278386501 0.250689188136216
3631 0.01021300270879734 0.2506890139050899
3632 0.01021297220372097 0.2506887497857904
3633 0.01021294199808447 0.250688573557923
3634 0.01021291125330849 0.2506883037937462
3635 0.01021288089791023 0.2506881253665537
3636 0.01021285020843052 0.2506878583826346
3637 0.01021281995944147 0.2506876822494832
3638 0.01021278919120868 0.2506874131493103
3639 0.01021275872103432 0.2506872331798379
3640 0.01021272774894258 0.25068696114202
3641 0.01021269704847232 0.2506867766255098
3642 0.01021266570216833 0.2506864967779825
3643 0.01021263475215398 0.2506863077566245
3644 0.01021260333773339 0.2506860280553607
3645 0.01021257254917207 0.2506858420070684
3646 0.01021254128561914 0.250685563084227
3647 0.01021251022729175 0.2506853716988547
3648 0.01021247860684003 0.2506850864041331
3649 0.01021244731324858 0.2506848898184723
3650 0.01021241539907991 0.2506845989996635
3651 0.01021238395768191 0.2506843994544383
3652 0.01021235178930069 0.2506841037954098
3653 0.01021232027733573 0.2506839022476323
3654 0.01021228823108579 0.2506836065920284
3655 0.01021225660286078 0.2506834037908699
3656 0.01021222441577677 0.2506831049512272
3657 0.01021219246491248 0.2506828936444465
3658 0.01021215980981053 0.2506825861854468
3659 0.01021212774896032 0.2506823728353797
3660 0.01021209506357759 0.250682063985775
3661 0.01021206293986029 0.2506818485729731
3662 0.01021203007731604 0.2506815344008649
3663 0.01021199750400647 0.2506813090198967
3664 0.01021196431568103 0.2506809873992922
3665 0.01021193164634466 0.2506807596956471
3666 0.01021189850468164 0.250680439961938
3667 0.01021186594795774 0.2506802126924445
3668 0.01021183261707953 0.2506798870719187
3669 0.01021179979301168 0.2506796525489219
3670 0.01021176602544758 0.2506793166158423
3671 0.01021173269884393 0.2506790727484542
3672 0.01021169869020043 0.2506787316586644
3673 0.01021166528993717 0.2506784846567461
3674 0.01021163117395816 0.2506781411928687
3675 0.01021159789500854 0.2506778943291066
3676 0.01021156383304245 0.2506775478454434
3677 0.01021153015080426 0.2506772926172945
3678 0.0102114957602766 0.2506769400895469
3679 0.0102114618401711 0.2506766785896627
3680 0.01021142710157354 0.2506763160938921
3681 0.01021139291336253 0.2506760484357354
3682 0.01021135809492314 0.2506756836796121
3683 0.01021132391115642 0.2506754145363174
3684 0.01021128893410219 0.2506750455052621
3685 0.01021125474088105 0.2506747729790432
3686 0.01021121959454203 0.25067439756063
3687 0.01021118493675087 0.2506741167930343
3688 0.01021115005518769 0.2506737241544691
3689 0.01021111431605416 0.2506734481600222
3690 0.01021107959957192 0.2506730522698978
3691 0.01021104384929649 0.2506727747993382
3692 0.0102110091838355 0.2506723739981579
3693 0.01021097309995141 0.2506720898670208
3694 0.01021093822259813 0.2506716818376912
3695 0.01021090202452327 0.250671393995707
3696 0.01021086707126878 0.2506709806498604
3697 0.01021083041253341 0.2506706824890871
3698 0.01021079508124729 0.2506702600908189
3699 0.01021075827923596 0.2506699584636478
3700 0.01021072310867371 0.2506695365999666
3701 0.01021068632400837 0.2506692338639819
3702 0.01021065103713146 0.2506688081685589
3703 0.01021061417218884 0.2506685005804116
3704 0.01021057820634071 0.2506680791980763
3705 0.01021054175710521 0.2506677486274748
3706 0.01021050496895781 0.2506673172366262
3707 0.01021046860566772 0.2506669832856866
3708 0.01021042978044801 0.2506665391108417
3709 0.01021039574880322 0.2506662139481227
3710 0.01021035873488852 0.2506657787348044
3711 0.01021032004150943 0.2506654197182721
3712 0.01021028528269585 0.2506650006035734
3713 0.010210246523691 0.2506646391871747
3714 0.01021021237149158 0.2506642233282125
3715 0.0102101751481531 0.2506638731280801
3716 0.01021013735448858 0.2506634183353863
3717 0.01021009751050961 0.2506630361197804
3718 0.0102100629479954 0.2506626060134318
3719 0.01021002573692789 0.2506622479706363
3720 0.01020998775096492 0.2506617855373089
3721 0.01020995031201136 0.2506614215093237
3722 0.01020991279026992 0.2506609629216829
3723 0.01020987589204531 0.2506606034354342
3724 0.01020983893646043 0.2506601311477547
3725 0.01020980060957168 0.2506597752292594
3726 0.01020976373484945 0.2506592938478481
3727 0.01020972257331458 0.2506589056603422
3728 0.01020968834609804 0.25065846047202
3729 0.01020965060712743 0.2506580856850149
3730 0.01020961285250849 0.2506576103380216
3731 0.01020957263462702 0.2506572046483569
3732 0.01020953776990086 0.2506567561259482
3733 0.01020950031090744 0.2506563797117087
3734 0.01020946195120747 0.2506558952250348
3735 0.01020942148422231 0.2506554811191677
3736 0.01020938629383179 0.2506550257821162
3737 0.01020934870119577 0.2506546431818606
3738 0.01020931056405954 0.2506541565986145
3739 0.01020927235316772 0.2506537631790045
3740 0.01020923425982287 0.2506532770903911
3741 0.0102091941879583 0.250652862618537
3742 0.01020915923543544 0.2506524041558089
3743 0.01020912169926696 0.2506520171480244
3744 0.01020908332691439 0.2506515237530998
3745 0.01020904528100232 0.2506511273490749
3746 0.01020900697670755 0.2506506334337792
3747 0.01020896918815895 0.2506502367969538
3748 0.01020893093001566 0.2506497412118939
3749 0.01020889321242337 0.2506493444036163
3750 0.01020885517284941 0.250648852629179
3751 0.01020881786613028 0.2506484614543008
3752 0.0102087800071197 0.2506479704885813
3753 0.01020874251011867 0.2506475757267193
3754 0.01020870453707382 0.250647081388449
3755 0.01020866678271126 0.2506466799148341
3756 0.01020862868405367 0.250646183083308
3757 0.01020859115653805 0.2506457853471151
3758 0.01020855332164054 0.2506452927408188
3759 0.01020851601439146 0.2506448977118262
3760 0.01020847822439612 0.2506444048667728
3761 0.01020844100123252 0.2506440113292391
3762 0.01020840342414999 0.25064351993128
3763 0.01020836595461309 0.250643121121609
3764 0.01020832828293714 0.2506426284862766
3765 0.01020829107493453 0.2506422334617871
3766 0.0102082535346003 0.2506417433889335
3767 0.01020821647935838 0.2506413506618079
3768 0.01020817908607196 0.2506408629828263
3769 0.01020814223896962 0.2506404737418355
3770 0.01020810491858126 0.2506399860828676
3771 0.01020806789242113 0.2506395925814647
3772 0.01020803048725452 0.250639103934275
3773 0.01020799371020114 0.250638715015141
3774 0.01020795666142031 0.2506382330423466
3775 0.01020792012254275 0.2506378491631506
3776 0.01020788322939636 0.2506373704379071
3777 0.01020784693349551 0.2506369894749806
3778 0.01020781014188185 0.2506365111743615
3779 0.01020777374875161 0.2506361294524332
3780 0.01020773698828517 0.25063565343234
3781 0.01020770068688274 0.2506352734596473
3782 0.0102076639667814 0.2506347972520384
3783 0.01020762781809636 0.2506344207846389
3784 0.01020759128994019 0.2506339502399687
3785 0.01020755548754774 0.2506335796861057
3786 0.01020751952465073 0.250633117268606
3787 0.01020748394728093 0.2506327537803358
3788 0.01020744814161882 0.2506322957126838
3789 0.01020741248677042 0.2506319292290587
3790 0.01020737642082033 0.2506314684757885
3791 0.01020734100228346 0.2506311076006127
3792 0.01020730521019792 0.2506306517659107
3793 0.01020726995303367 0.2506302949427538
3794 0.01020723445248055 0.2506298455756853
3795 0.01020719941205488 0.2506294940213272
3796 0.01020716402782549 0.2506290490620371
3797 0.01020712960982488 0.2506287075360311
3798 0.01020709461067973 0.2506282698338163
3799 0.0102070599316174 0.2506279262316961
3800 0.01020702483522619 0.2506274868794084
3801 0.01020699019658511 0.250627146303978
3802 0.01020695547462007 0.2506267168265576
3803 0.01020692119502732 0.2506263840718264
3804 0.01020688688500856 0.2506259621208053
3805 0.01020685286539857 0.2506256348606313
3806 0.01020681867836242 0.2506252178404017
3807 0.01020678486487168 0.250624895936792
3808 0.01020675056907388 0.2506244784655603
3809 0.01020671696295725 0.2506241605032655
3810 0.01020668310226266 0.2506237530987837
3811 0.0102066497320148 0.2506234437464818
3812 0.01020661622519366 0.2506230426858134
3813 0.01020658288087921 0.2506227345641776
3814 0.01020654939318631 0.250622336342673
3815 0.0102065163420868 0.2506220363469695
3816 0.01020648320341532 0.2506216469122577
3817 0.01020645044705238 0.2506213541867815
3818 0.01020641753949689 0.2506209717676731
3819 0.01020638491405499 0.2506206831826673
3820 0.01020635245025641 0.2506203072334832
3821 0.01020631993178278 0.2506200234287796
3822 0.01020628741168952 0.25061965126022
3823 0.01020625521108939 0.2506193754516391
3824 0.01020622297664938 0.2506190111607519
3825 0.01020619109028816 0.2506187434543781
3826 0.01020615903728857 0.2506183847216381
3827 0.01020612739904422 0.2506181225257602
3828 0.01020609559227146 0.2506177698342511
3829 0.01020606381834443 0.2506175081760998
3830 0.01020603222837878 0.2506171624612211
3831 0.01020600082933965 0.2506169109371625
3832 0.01020596968151593 0.2506165757415056
3833 0.01020593863469499 0.2506163322980726
3834 0.01020590762665385 0.2506160027602898
3835 0.01020587671015885 0.2506157641880582
3836 0.0102058456413919 0.2506154343320122
3837 0.01020581473403339 0.2506151995864016
3838 0.01020578407806534 0.2506148814095676
3839 0.01020575359223378 0.2506146559119375
3840 0.01020572312507739 0.2506143435046223
3841 0.0102056928563406 0.2506141254487466
3842 0.01020566261233426 0.2506138199869758
3843 0.01020563263387849 0.2506136092161438
3844 0.01020560254820941 0.2506133092451728
3845 0.01020557072842241 0.2506130847953822
3846 0.01020554340659004 0.2506128136726409
3847 0.01020551384049729 0.2506126176818003
3848 0.01020548404952609 0.2506123294040943
3849 0.01020545391929259 0.2506121276598926
3850 0.01020542417126055 0.2506118429213789
3851 0.01020539459266476 0.2506116519066569
3852 0.01020536529245285 0.2506113779497836
3853 0.01020533631067683 0.2506111989574501
3854 0.01020530748829892 0.2506109372026964
3855 0.01020527676758932 0.2506107472042692
3856 0.01020525032326447 0.2506105050039122
3857 0.0102052213528767 0.2506103309982196
3858 0.01020519215426965 0.2506100691981708
3859 0.01020516301862988 0.2506099001741627
3860 0.01020513434367296 0.2506096499963288
3861 0.01020510583973084 0.2506094932307991
3862 0.01020507753628393 0.250609250400547
3863 0.01020504905524519 0.2506090937498309
3864 0.01020502075606796 0.2506088548921131
3865 0.01020499063706281 0.2506086905055258
3866 0.01020496500348199 0.2506084781784813
3867 0.01020493705938591 0.25060833733333
3868 0.01020490892144933 0.2506081087669409
3869 0.01020487879149864 0.2506079536091868
3870 0.01020485324253951 0.2506077485885986
3871 0.01020482535490244 0.2506076139876147
3872 0.01020479722075362 0.250607391943252
3873 0.01020476910087161 0.2506072599053493
3874 0.01020474123848121 0.2506070451019612
3875 0.01020471375442233 0.2506069225827232
3876 0.01020468631862225 0.2506067152929405
3877 0.01020465704938642 0.2506065828750765
3878 0.01020463199487572 0.2506063973356693
3879 0.01020460462066635 0.2506062815960818
3880 0.01020457694310756 0.2506060769831861
3881 0.0102045491629253 0.2506059614879236
3882 0.01020452177207742 0.2506057650910779
3883 0.01020449424408732 0.2506056524843142
3884 0.01020446718420673 0.2506054610101383
3885 0.01020443998706204 0.2506053574657328
3886 0.01020441305579046 0.2506051728461083
3887 0.01020438428387585 0.2506050615387094
3888 0.01020435950818666 0.2506048937654006
3889 0.01020433263831591 0.2506047980542521
3890 0.01020430535430521 0.250604612398074
3891 0.01020427771871462 0.2506045093227141
3892 0.0102042505787982 0.2506043300405901
3893 0.01020422351356609 0.2506042375844401
3894 0.01020419659733623 0.2506040608816572
3895 0.01020416957574929 0.250603970614532
3896 0.01020414274536038 0.2506037984275266
3897 0.01020411570831403 0.2506037089869084
3898 0.01020408875210004 0.2506035358392921
3899 0.01020406155951736 0.2506034473964993
3900 0.01020403486349291 0.2506032800722366
3901 0.01020400800229663 0.2506031979888329
3902 0.0102039813113917 0.2506030345043502
3903 0.01020395445803473 0.2506029538031374
3904 0.01020392752025114 0.2506027867283732
3905 0.01020390032639225 0.2506027010654262
3906 0.01020387324432979 0.250602533605533
3907 0.01020384618764987 0.250602451820105
3908 0.01020381915322672 0.2506022877306955
3909 0.01020379218329836 0.2506022100595173
3910 0.01020376543919201 0.2506020518099627
3911 0.01020373871638298 0.2506019768017754
3912 0.010203711558609 0.2506018120377888
3913 0.01020368409688525 0.2506017264114994
3914 0.01020365686260001 0.2506015611838195
3915 0.01020362976706894 0.2506014843748537
3916 0.01020360273198222 0.2506013250958612
3917 0.01020357571925241 0.2506012495218433
3918 0.01020354853233438 0.2506010888131173
3919 0.01020352125751759 0.2506010084490672
3920 0.01020349365894055 0.2506008400181195
3921 0.01020346621362686 0.2506007577851089
3922 0.01020343872212143 0.2506005932150233
3923 0.01020341141074544 0.2506005147321784
3924 0.01020338385271952 0.2506003498381833
3925 0.01020335661612199 0.2506002709346036
3926 0.01020332913228828 0.250600109140624
3927 0.01020330179172224 0.2506000298438003
3928 0.01020327391851412 0.2505998593615569
3929 0.01020324613900122 0.2505997721933986
3930 0.0102032180746639 0.2505995994353241
3931 0.01020319033745101 0.250599514694057
3932 0.01020316243572847 0.2505993462753492
3933 0.01020313485069104 0.2505992612212062
3934 0.01020310657815203 0.2505990918961664
3935 0.01020307909662942 0.250599001126494
3936 0.01020305027006735 0.2505988234381873
3937 0.01020302245210456 0.2505987271819712
3938 0.0102029934457598 0.2505985465934503
3939 0.01020296565494204 0.2505984514387875
3940 0.01020293689477523 0.2505982766223826
3941 0.01020290926108002 0.250598183130299
3942 0.01020288019464937 0.2505980002874597
3943 0.0102028519908445 0.2505978954960401
3944 0.01020282254599855 0.2505977068739874
3945 0.01020279441052997 0.250597603243942
3946 0.01020276495730968 0.2505974149343449
3947 0.01020273690281595 0.2505973114173407
3948 0.01020270728318541 0.250597118812235
3949 0.01020267872611084 0.2505970055725429
3950 0.0102026487402162 0.2505968038532004
3951 0.0102026200354891 0.2505966885423553
3952 0.01020259017631642 0.250596489914654
3953 0.01020256160886965 0.2505963753686734
3954 0.01020253157557951 0.250596172729537
3955 0.01020250276066317 0.2505960522628788
3956 0.0102024723423772 0.2505958439408412
3957 0.01020244357775714 0.2505957220304531
3958 0.0102024131823823 0.2505955110695736
3959 0.01020238385889193 0.2505953782927819
3960 0.01020235273905678 0.2505951520297306
3961 0.01020232312668899 0.250595013816988
3962 0.01020229227526224 0.2505947931144581
3963 0.01020226300007659 0.2505946598761755
3964 0.01020223219910479 0.2505944371918211
3965 0.01020220262830526 0.250594296704735
3966 0.01020217133054445 0.2505940643399496
3967 0.01020214153093467 0.2505939189129713
3968 0.0102021102394139 0.2505936849244929
3969 0.01020208016611001 0.2505935322239457
3970 0.0102020482831645 0.2505932845763449
3971 0.01020201781924067 0.2505931238901664
3972 0.0102019860082971 0.2505928774678884
3973 0.01020195579471958 0.2505927205436808
3974 0.0102019240910301 0.2505924736126788
3975 0.01020189363939887 0.2505923096156665
3976 0.01020186138396111 0.2505920505812031
3977 0.01020183042336895 0.2505918766845315
3978 0.01020179812891303 0.2505916133565925
3979 0.01020176737887176 0.25059144017639
3980 0.01020173497777989 0.2505911757156781
3981 0.01020170405204581 0.2505909973453526
3982 0.01020167135804179 0.2505907248850426
3983 0.01020164007893264 0.2505905399646172
3984 0.01020160718759988 0.2505902608468311
3985 0.01020157550202191 0.2505900653623702
3986 0.01020154228136671 0.2505897795140811
3987 0.01020151077193436 0.2505895843323601
3988 0.01020147774637805 0.2505892990012376
3989 0.01020144614615731 0.2505891018773877
3990 0.01020141305502634 0.2505888140847707
3991 0.01020138118777695 0.2505886089983977
3992 0.01020134751446129 0.2505883060165692
3993 0.01020131518434382 0.2505880910302193
3994 0.01020128130137647 0.2505877846955295
3995 0.01020124913586927 0.2505875699827892
3996 0.01020121559140045 0.2505872662079608
3997 0.01020118329253873 0.250587048161198
3998 0.01020114950760886 0.2505867368460916
3999 0.01020111695106012 0.2505865113847069
4000 0.01020108280056889 0.2505861923134978
4001 0.01020105015261799 0.2505859626060629
4002 0.01020101593314553 0.2505856391568294
4003 0.01020098298088005 0.2505854025503844
4004 0.01020094851582959 0.2505850716321695
4005 0.01020091527771301 0.2505848274184455
4006 0.01020088076833228 0.2505844941599789
4007 0.01020084778477618 0.250584252461735
4008 0.01020081338907168 0.2505839184590462
4009 0.01020078027316794 0.250583672108293
4010 0.01020074560760453 0.2505833308427043
4011 0.01020071215866958 0.2505830773920271
4012 0.01020067748045393 0.2505827328814036
4013 0.01020064398752222 0.250582475528012
4014 0.01020060914009871 0.2505821268848193
4015 0.01020057547803435 0.2505818642610123
4016 0.01020054017065823 0.2505815035040004
4017 0.01020050643302712 0.2505812367262918
4018 0.01020047143566891 0.2505808823900625
4019 0.01020043788724305 0.2505806169244907
4020 0.01020040267044383 0.2505802531512747
4021 0.01020036877541818 0.2505799784414506
4022 0.01020033351068263 0.2505796143086987
4023 0.0102002997039031 0.2505793417303445
4024 0.01020026441972763 0.2505789717476988
4025 0.01020023016155442 0.2505786871236617
4026 0.01020019456509473 0.250578310252867
4027 0.01020016039617645 0.2505780266756329
4028 0.01020012502075432 0.250577652534839
4029 0.01020009099190182 0.250577369149022
4030 0.01020005572069512 0.2505769946097716
4031 0.01020002165063301 0.2505767080349174
4032 0.01019998591711339 0.2505763217833742
4033 0.01019995147024236 0.2505760264998348
4034 0.01019991579268322 0.2505756401726691
4035 0.01019988165822189 0.2505753507996494
4036 0.01019984636269734 0.2505749692064848
4037 0.01019981205482873 0.2505746723378613
4038 0.01019977630339495 0.2505742804937189
4039 0.01019974188511198 0.25057398164277
4040 0.01019970622228043 0.2505735899050819
4041 0.0101996720323562 0.2505732937149753
4042 0.01019963649745689 0.2505729017119932
4043 0.01019960194340011 0.2505725957633677
4044 0.01019956598564092 0.2505721961095831
4045 0.01019953151987145 0.2505718903511117
4046 0.01019949614268839 0.2505714975730297
4047 0.01019946194711768 0.2505711967636844
4048 0.01019942657903648 0.2505708039621778
4049 0.01019939222761656 0.2505704994409247
4050 0.01019935690344864 0.2505701056542363
4051 0.01019932263747028 0.2505697982376633
4052 0.01019928683103231 0.2505693944540509
4053 0.01019925248045692 0.2505690865021831
4054 0.01019921698462374 0.2505686881378955
4055 0.01019918272441795 0.2505683807825027
4056 0.01019914740083259 0.2505679840275803
4057 0.01019911346328474 0.2505676800332531
4058 0.01019907804881614 0.2505672795124833
4059 0.01019904379516557 0.2505669690421314
4060 0.01019900823623013 0.2505665650377716
4061 0.01019897405030803 0.2505662559584587
4062 0.01019893889361625 0.250565859758961
4063 0.01019890505120624 0.2505655552509082
4064 0.01019887019270404 0.2505651638441926
4065 0.01019883645788838 0.2505648603323918
4066 0.01019880124139574 0.2505644604652709
4067 0.01019876745119384 0.2505641545389943
4068 0.01019873232882754 0.2505637570290303
4069 0.01019869874330292 0.2505634559919419
4070 0.01019866386550405 0.2505630612202253
4071 0.01019863019633679 0.2505627574031393
4072 0.01019859518543984 0.2505623597219415
4073 0.01019856172546556 0.2505620599528066
4074 0.01019852706828694 0.2505616695976047
4075 0.01019849372760348 0.2505613717506915
4076 0.01019845954335931 0.2505609876564349
4077 0.01019842625002397 0.2505606906755403
4078 0.01019839182529002 0.2505603016557543
4079 0.01019835854039185 0.2505600041217239
4080 0.01019832425105834 0.2505596190772331
4081 0.01019829125723232 0.2505593280219642
4082 0.01019825719874852 0.2505589479478558
4083 0.01019822445376172 0.2505586619046454
4084 0.01019819077582271 0.2505582880355293
4085 0.01019815810041085 0.2505580013719703
4086 0.01019812401972401 0.2505576194593574
4087 0.01019809122735321 0.2505573319276505
4088 0.01019805749570765 0.2505569593686083
4089 0.01019802526209468 0.2505566829317653
4090 0.01019799188997001 0.2505563157468017
4091 0.01019795958478838 0.2505560377617577
4092 0.0101979262129495 0.2505556713298958
4093 0.01019789411465056 0.2505553975640583
4094 0.01019786107920018 0.250555038133049
4095 0.01019782937231295 0.2505547734549105
4096 0.0101977963861574 0.2505544148571004
4097 0.01019776451239802 0.2505541464452117
4098 0.01019773144900867 0.2505537871849056
4099 0.0101976997215745 0.250553523581286
4100 0.01019766708749914 0.2505531743678918
4101 0.01019763586346293 0.2505529210143109
4102 0.01019760368257132 0.2505525805853454
4103 0.01019757253323063 0.2505523281599825
4104 0.01019754001562375 0.2505519768989808
4105 0.01019750892024481 0.2505517423174315
4106 0.01019747716847855 0.2505513976144227
4107 0.01019744637441085 0.2505511679801439
4108 0.0101974147286344 0.2505508270735803
4109 0.01019738407020532 0.2505506018156136
4110 0.01019735235831096 0.2505502598495927
4111 0.010197321521099 0.2505500324532846
4112 0.01019728990205101 0.2505496951953958
4113 0.01019725959466928 0.2505494800256911
4114 0.01019722853270017 0.2505491542235446
4115 0.01019719847380596 0.2505489449309451
4116 0.01019716750089068 0.2505486223520795
4117 0.01019713779919012 0.25054841991959
4118 0.01019710713559444 0.2505481049864552
4119 0.01019707752587887 0.2505479073732041
4120 0.01019704683207722 0.2505475901106172
4121 0.01019701675833256 0.2505473926156003
4122 0.01019698679780062 0.2505470804189441
4123 0.01019695687371095 0.2505468936894651
4124 0.01019692737761983 0.250546592093377
4125 0.01019689767623616 0.2505464123429877
4126 0.0101968683797921 0.2505461154775017
4127 0.01019683878385699 0.2505459391613318
4128 0.0101968097002757 0.2505456474528504
4129 0.01019678039253358 0.2505454791878515
4130 0.01019675151586739 0.2505451924806461
4131 0.01019672195468344 0.2505450218200802
4132 0.01019669309553327 0.2505447379850355
4133 0.01019666407595575 0.2505445779684302
4134 0.01019663563721634 0.2505443057314944
4135 0.01019660699583063 0.2505441552528445
4136 0.01019657893660372 0.2505438910994674
4137 0.01019655038700261 0.2505437445339742
4138 0.01019652194512084 0.2505434751671362
4139 0.01019649323325684 0.2505433276208585
4140 0.01019646530474753 0.2505430700878536
4141 0.01019643701553171 0.2505429337387483
4142 0.01019640946639611 0.2505426857633969
4143 0.01019638150141786 0.2505425572004303
4144 0.01019635384727347 0.2505423080584869
4145 0.01019632585983766 0.2505421821645624
4146 0.01019629847648467 0.250541940279938
4147 0.01019627051552369 0.250541816875567
4148 0.01019624318348003 0.2505415794230741
4149 0.01019621550214879 0.2505414651466258
4150 0.01019618887628376 0.2505412412476203
4151 0.01019616154738027 0.2505411338761713
4152 0.01019613485096233 0.2505409122613827
4153 0.01019610744908463 0.2505408060387638
4154 0.01019608056389219 0.2505405832702836
4155 0.01019605323738722 0.2505404818101455
4156 0.01019602671065578 0.2505402691595262
4157 0.01019599978579344 0.2505401747103134
4158 0.01019597319554885 0.2505399628118017
4159 0.01019594625665621 0.2505398722355327
4160 0.01019592018097227 0.2505396729188723
4161 0.01019589383854104 0.2505395939639424
4162 0.01019586801117267 0.2505394009139682
4163 0.01019584144307621 0.2505393218767416
4164 0.01019581526905302 0.2505391233198723
4165 0.01019578851026611 0.2505390441255674
4166 0.01019576256969167 0.2505388535350693
4167 0.01019573632480885 0.2505387873410527
4168 0.0101957108940572 0.250538607115636
4169 0.01019568466651107 0.2505385411033624
4170 0.0101956591099603 0.2505383623884667
4171 0.01019563302758807 0.2505383016617682
4172 0.01019560745699328 0.2505381236191405
4173 0.01019558130296101 0.25053806403456
4174 0.01019555592333594 0.2505378924395893
4175 0.01019553010270711 0.2505378426337218
4176 0.01019550498916217 0.2505376777257735
4177 0.01019547922959366 0.2505376300143016
4178 0.01019545388446432 0.250537465467465
4179 0.01019542831300057 0.2505374220335544
4180 0.01019540343935174 0.250537264903291
4181 0.01019537783594921 0.2505372248927398
4182 0.01019535278359248 0.2505370683647932
4183 0.01019532710030606 0.2505370287266147
4184 0.01019530195002796 0.250536872630977
4185 0.01019527645092081 0.2505368380738736
4186 0.01019525171653658 0.250536691129964
4187 0.01019522626262283 0.2505366585770762
4188 0.01019520140978542 0.2505365127694136
4189 0.01019517606087095 0.2505364840948581
4190 0.01019515135059121 0.250536342923262
4191 0.01019512606800277 0.2505363169110307
4192 0.01019510125331846 0.250536175059986
4193 0.01019507591293408 0.2505361504848125
4194 0.0101950510751531 0.2505360110767664
4195 0.01019502562290335 0.2505359846873866
4196 0.01019500094014144 0.2505358476576038
4197 0.01019497579532979 0.250535829846884
4198 0.01019495127778189 0.2505356994670779
4199 0.0101949262157917 0.2505356843276582
4200 0.0101949015337863 0.2505355526549362
4201 0.0101948762856481 0.2505355351066084
4202 0.0101948514901012 0.2505354035177834
4203 0.01019482622656916 0.250535388379062
4204 0.01019480163281456 0.2505352633651545
4205 0.01019477684953505 0.2505352539793247
4206 0.01019475206646545 0.2505351245040366
4207 0.01019472666338826 0.2505351074178709
4208 0.01019470147656947 0.2505349733851268
4209 0.0101946760903189 0.2505349576293954
4210 0.01019465118732234 0.2505348315528291
4211 0.01019462630624286 0.2505348259469369
4212 0.01019460180118456 0.2505347067054875
4213 0.01019457676361135 0.2505346978336003
4214 0.01019455185447797 0.2505345744394074
4215 0.01019452653617263 0.2505345613416595
4216 0.01019450121496711 0.2505344294987219
4217 0.01019447570958362 0.250534414386455
4218 0.01019445055126443 0.2505342875394033
4219 0.01019442533742324 0.2505342788650562
4220 0.01019440020977263 0.2505341545087634
4221 0.01019437483066047 0.2505341426601456
4222 0.01019434980751943 0.2505340176460291
4223 0.01019432452645423 0.2505340087996328
4224 0.01019429942581786 0.2505338854013968
4225 0.01019427390615411 0.2505338706983409
4226 0.01019424827441561 0.2505337391045729
4227 0.01019422255192522 0.2505337224561295
4228 0.01019419688446297 0.2505335912673448
4229 0.01019417137776259 0.2505335764510832
4230 0.01019414589546619 0.2505334493609644
4231 0.0101941204397518 0.2505334368638768
4232 0.0101940947013146 0.2505333033941939
4233 0.01019406884573285 0.2505332834380211
4234 0.01019404288924607 0.2505331486612853
4235 0.01019401695702798 0.2505331262303723
4236 0.01019399088409096 0.250532988883149
4237 0.01019396491692692 0.2505329666736155
4238 0.01019393895997247 0.2505328323358205
4239 0.01019391312431966 0.2505328110158686
4240 0.01019388678372103 0.2505326677944452
4241 0.01019386049288259 0.2505326382295187
4242 0.01019383395205146 0.2505324921418384
4243 0.01019380767493538 0.2505324632656074
4244 0.01019378121278353 0.2505323189835721
4245 0.01019375491452439 0.2505322890578919
4246 0.01019372831111755 0.2505321406247783
4247 0.01019370182821851 0.2505321062299821
4248 0.01019367657312583 0.2505319539221153
4249 0.0101936481003692 0.2505319206351447
4250 0.0101936214051894 0.2505317683643447
4251 0.01019359441841811 0.250531724276409
4252 0.01019356917109999 0.2505315658541387
4253 0.01019353989325866 0.2505315143215143
4254 0.01019351504133138 0.2505313495603206
4255 0.01019348481348007 0.2505313015673056
4256 0.01019345984551173 0.250531145308495
4257 0.01019343081452372 0.2505310952251775
4258 0.01019340338322823 0.2505309248997641
4259 0.01019337807985559 0.2505308789361624
4260 0.01019334894501225 0.2505306978260142
4261 0.01019332158333908 0.2505306383995434
4262 0.01019329366567102 0.2505304611412051
4263 0.01019326629867854 0.2505303982359831
4264 0.01019323812989489 0.2505302154080366
4265 0.01019321056613937 0.2505301494842306
4266 0.01019318213592405 0.2505299633989398
4267 0.01019315450818843 0.2505298952367215
4268 0.01019312606966805 0.2505297072390801
4269 0.01019309831176269 0.2505296358670021
4270 0.01019306989959857 0.2505294449388353
4271 0.01019304185132843 0.2505293688634809
4272 0.0101930129578385 0.2505291664037315
4273 0.01019298445909306 0.2505290808378725
4274 0.01019295541635465 0.2505288752606391
4275 0.01019292699682012 0.2505287895441035
4276 0.01019289801504781 0.2505285830258969
4277 0.01019286953978202 0.2505284942070036
4278 0.01019284032652478 0.250528281439707
4279 0.01019281158743456 0.250528186665696
4280 0.01019278234010356 0.250527972608903
4281 0.01019275361405243 0.2505278763466646
4282 0.01019272401138909 0.2505276535322261
4283 0.01019269509364878 0.2505275513325737
4284 0.01019266525023564 0.2505273219918715
4285 0.01019263573573061 0.250527208988834
4286 0.01019260589074061 0.2505269740976735
4287 0.01019257655164859 0.2505268629898387
4288 0.01019254688723177 0.2505266321932422
4289 0.01019251751043676 0.2505265170369486
4290 0.01019248752250623 0.2505262805397809
4291 0.0101924578831686 0.2505261583811338
4292 0.01019242741307887 0.2505259079372761
4293 0.01019239738910408 0.2505257777904293
4294 0.01019236692335153 0.2505255262994744
4295 0.01019233703818342 0.2505253976180388
4296 0.01019230665283557 0.2505251448444644
4297 0.01019227666214612 0.2505250122230006
4298 0.01019224603490054 0.2505247558074023
4299 0.01019221617214652 0.2505246201875136
4300 0.01019218546733952 0.2505243573293369
