"rf_coeffs"
"Iteration" "cd etc.."
("Iteration" "cd" "cl")
1 4.266043317481151 -6.487663903928518
2 0.763465300730495 -1.925600624545954
3 0.4144151035855859 -0.3325160100383384
4 -0.01545765676344798 0.1011258006192027
5 0.1776310113463894 0.2209504297103471
6 -0.02688709057296516 0.08124724418254733
7 0.1269018598641002 0.002425301041715498
8 0.01380313183003319 -0.1449534365921794
9 0.1106076094466974 -0.1406233206259787
10 0.03858926198404081 -0.2220632914988371
11 0.09173242911922501 -0.1846873846515558
12 0.04908589122955406 -0.2119718549460462
13 0.07737913527468464 -0.2360980158690165
14 0.04762865649620906 -0.1730131624613787
15 0.06386028198893082 -0.2415649272684277
16 0.04425719391954396 -0.1447132235106939
17 0.05792703893647311 -0.2815963697856062
18 0.04761773770933631 -0.1730579264491441
19 0.04672756095853425 -0.2666032661112214
20 0.05328602825509991 -0.2241194121773554
21 0.03762877079256961 -0.1974327814427155
22 0.06461949920383628 -0.3341606123017519
23 0.02269145902572146 -0.1043261608502147
24 0.0643281696075664 -0.3445134914870999
25 0.04221757451016611 -0.2326945743185414
26 0.04796774225650563 -0.3010050381446974
27 0.04924146311798706 -0.2954998971124821
28 0.02812413237012814 -0.1609960104772642
29 0.05756579271889087 -0.3186749141964443
30 0.01898307241312257 -0.1437469669377318
31 0.04387233568517014 -0.2740454144891267
32 0.03500272747766724 -0.213203147039916
33 0.03145954811218787 -0.2115284438171097
34 0.04797001681653049 -0.3298267337101849
35 0.03347847887319974 -0.2331531713499374
36 0.05422206422142172 -0.3638470867496325
37 0.03194468840638636 -0.2433738117573492
38 0.04577190234170984 -0.3454957356026029
39 0.0412093115872353 -0.3295797763326092
40 0.03414218120382474 -0.2705480818010801
41 0.04540932202012335 -0.3357472448905316
42 0.0317381629599269 -0.2622634921529098
43 0.0382218763112376 -0.3150762666308475
44 0.03345070401041966 -0.2872890769106284
45 0.03913317766087743 -0.3225237535787681
46 0.03896513650346312 -0.3218564955658935
47 0.03234239811417135 -0.2927447420219348
48 0.04234288491992946 -0.349325084063873
49 0.03291962060475665 -0.3027648839544365
50 0.03841784744350712 -0.3433013316568323
51 0.03293077202865159 -0.3020775389406177
52 0.03399291954919761 -0.3157940247172662
53 0.0373333066727962 -0.338545122587647
54 0.03416679205150362 -0.3223988244191333
55 0.03769085439109276 -0.3464633569393949
56 0.0328947600765806 -0.3244961991690146
57 0.03433206606961663 -0.3360546239148113
58 0.03418592282669819 -0.3345901944339377
59 0.03401703711935885 -0.3429794010948501
60 0.03603359930183149 -0.3547095538452834
61 0.03357385588793096 -0.3372953421335566
62 0.03507709422669725 -0.3469077792631399
63 0.0324252976449526 -0.3377173780581523
64 0.03410860600413017 -0.3523168849862578
65 0.03318628441973911 -0.3460988342613462
66 0.03267724320553731 -0.3465832118792091
67 0.03407981135168792 -0.3526567187182679
68 0.03188395803966102 -0.3450320922839302
69 0.0336609684286748 -0.3601787493889296
70 0.03246004366613291 -0.3499697600919263
71 0.03250199113865836 -0.3566769836272522
72 0.03312218477813195 -0.3573242883084108
73 0.03174879971419432 -0.353532308814306
74 0.03294626156762925 -0.3625379377577151
75 0.03168979842428005 -0.3552446693102403
76 0.03215473765993312 -0.3638955769402777
77 0.03212257027610974 -0.360562714289721
78 0.03163542736798712 -0.3618657011237749
79 0.03237622799831565 -0.3679984248998337
80 0.03108892575054434 -0.3618602365734835
81 0.03190559267995514 -0.368573436007413
82 0.03133054955673306 -0.3656406470999495
83 0.03122321376659153 -0.3681096330146935
84 0.03170554627370399 -0.3712007575314527
85 0.03098508231214812 -0.3697017276751549
86 0.03154217831243968 -0.3740489820817222
87 0.03091298475604215 -0.3717234854076802
88 0.03117679508713595 -0.3753833563110213
89 0.03094852397788406 -0.3742612032797254
90 0.03083878271878048 -0.3759263576676977
91 0.03100134638297683 -0.3776917512734165
92 0.03062745103769013 -0.3767804576822337
93 0.03092366286025537 -0.3803385114897901
94 0.03057877009305199 -0.3788743019626179
95 0.03066761345998824 -0.3815782758333483
96 0.0305894982370293 -0.3811998690772891
97 0.03048225097743364 -0.3820708319918751
98 0.03059506992159624 -0.3844787330021619
99 0.03037283512871469 -0.3832677316759319
100 0.03042112240133813 -0.3859637549498101
101 0.03035981708248002 -0.3850482738198294
102 0.03032340311254389 -0.3870036961678514
103 0.03026668754969165 -0.3870757384481559
104 0.03009763999510467 -0.3872087680626872
105 0.030238126871722 -0.3893292164831946
106 0.03003005565491608 -0.3882743564779713
107 0.03008860757475246 -0.3904624052576327
108 0.03005547305048527 -0.3899099363947994
109 0.0299286877968849 -0.3910175902730959
110 0.03000741537821428 -0.3916476360347849
111 0.029842754699231 -0.3915739915500174
112 0.02992852146634658 -0.393240038614067
113 0.02981469102507553 -0.3928165215393341
114 0.02976618225758249 -0.3936862365237465
115 0.02974071794520157 -0.3935641288748094
116 0.0296668052294694 -0.3945050864818028
117 0.02973126335233102 -0.395236919956287
118 0.029560503508094 -0.3949183696687007
119 0.02965316902251105 -0.3963379735625239
120 0.02951185581521662 -0.3956189471641304
121 0.02953781387443875 -0.3968823384709451
122 0.02949927195517447 -0.3967461281760365
123 0.02943155534034817 -0.3971892471552968
124 0.02943298146632095 -0.3976202394964478
125 0.02934670344880119 -0.3975968996087823
126 0.02936128418821245 -0.39838781221492
127 0.02931236773950277 -0.3982191198584559
128 0.02927651714331772 -0.398918650568128
129 0.02926673043123779 -0.3989198916187649
130 0.02919550002280544 -0.3992287660969766
131 0.02922398909709541 -0.3997543908802391
132 0.02914056660483242 -0.3995747459180743
133 0.02914233881624232 -0.4002091343443184
134 0.0291149252034007 -0.4000744275947219
135 0.02906311706703434 -0.4005055634288738
136 0.02907302648457115 -0.4006223925243513
137 0.02900263501660763 -0.4007732152723554
138 0.02902688913748291 -0.4012153508863584
139 0.02895995393874155 -0.4010640994693366
140 0.02895860893714196 -0.4015466911320102
141 0.0289423872934104 -0.4014652551122834
142 0.02889618253960388 -0.4017743088473711
143 0.02890407438920893 -0.4018961042720472
144 0.02884846397626344 -0.4019755098588635
145 0.02885766604739396 -0.4022743378775556
146 0.0288147197627896 -0.4022824316668362
147 0.02879435843243833 -0.4024787615359409
148 0.02880697912364557 -0.4025823815838863
149 0.02874450828592508 -0.4026644387873365
150 0.02876876528764462 -0.4028795912586112
151 0.02871488340093204 -0.4028830321048362
152 0.02872371568377461 -0.4031487498181766
153 0.02869487027425485 -0.4031245463752045
154 0.02867398291232769 -0.4033070113193059
155 0.02868367801697739 -0.4034061681708799
156 0.02863278261975802 -0.4034339230418837
157 0.02865222662028079 -0.4036341793816174
158 0.02860760746911344 -0.4036213561272758
159 0.02861644417986538 -0.4038412373180914
160 0.02859242820643191 -0.4038299649156364
161 0.02857177352554267 -0.4039534944756322
162 0.02858679129664801 -0.4040919865859997
163 0.02854057860014591 -0.4040915797143377
164 0.02855762669428096 -0.4042633596763311
165 0.02851932152802969 -0.4042498363151777
166 0.02852685336192222 -0.4044283472971563
167 0.02850970732001623 -0.4044399353212821
168 0.02848878645665893 -0.4045069523032513
169 0.02850606414500278 -0.4046958680616993
170 0.02845736373036839 -0.4046191657104728
171 0.02848636398812224 -0.4048784430807676
172 0.02844116780253918 -0.4047880344773334
173 0.02845761024259632 -0.4050054351899091
174 0.02843787005965467 -0.4050118581689373
175 0.02841801399692808 -0.4050478483319692
176 0.02843434958926117 -0.4052264661176748
177 0.02839459694703119 -0.4051737432630967
178 0.02841424186077396 -0.4053829813029728
179 0.02838080871386543 -0.405350502438082
180 0.02839201042113003 -0.4055325537088356
181 0.02837704519711414 -0.4055626189303484
182 0.02835951504836856 -0.4056073146283742
183 0.02836632958619868 -0.4057136947324453
184 0.02834128897475959 -0.4057543168512297
185 0.0283491806334243 -0.4058813118242292
186 0.02832459221542053 -0.4058774274730474
187 0.0283354909558715 -0.4060946408978942
188 0.02832176438685725 -0.4061056700567233
189 0.02830231122216872 -0.4061322364868799
190 0.02831383657363927 -0.4062735429782938
191 0.02828076945669065 -0.4062610113386264
192 0.02829977643124564 -0.4064481741149777
193 0.02826921544201763 -0.4064377948763908
194 0.02827948674338683 -0.4065855353022497
195 0.02826405477030788 -0.4066336301059368
196 0.02825443812715066 -0.4066862894466749
197 0.02825776767710396 -0.4068247307391397
198 0.02823342215560348 -0.4068141437359721
199 0.02824356521595971 -0.4069760198896686
200 0.02822043113339117 -0.4069875336763105
201 0.02822536282032553 -0.4071179278341161
202 0.02820928408629582 -0.4071391929691045
203 0.02820582141031815 -0.4072727391280904
204 0.02820308702134406 -0.4073166203536706
205 0.02818458292758229 -0.4073884746115611
206 0.02819133683288358 -0.4074982765451934
207 0.02816866794378042 -0.4075202389482169
208 0.02817474301089675 -0.4076573107008334
209 0.02815864230893765 -0.4076724100673655
210 0.02815359400132681 -0.4077875472414444
211 0.02815004348521223 -0.407836048786898
212 0.02813358646140898 -0.4079062831626284
213 0.02813840910473998 -0.4080033987193589
214 0.02811738999182683 -0.4080350977597182
215 0.02812325586939736 -0.4081607098409807
216 0.02810681156618177 -0.4081775916266616
217 0.028102389239761 -0.40828228312014
218 0.02809732061670346 -0.4083289835099654
219 0.02808255829528616 -0.4083934825458295
220 0.02808556667336482 -0.408481571714513
221 0.02806589118230187 -0.408511541417465
222 0.028070442510499 -0.4086261399280581
223 0.02805397380158401 -0.4086413294042316
224 0.02805077237147201 -0.4087358033496928
225 0.0280443649530698 -0.4087763996211791
226 0.0280318781352498 -0.4088443289459842
227 0.02803176624960883 -0.4089119940852933
228 0.02801380187853718 -0.4089377902419239
229 0.02801782810796102 -0.4090437607118732
230 0.02800058148675624 -0.4090462923614625
231 0.0279996715779041 -0.4091494269488881
232 0.02799017307200592 -0.409163309223639
233 0.02798017434169189 -0.4092336293801976
234 0.02797868790828742 -0.409289269819825
235 0.02796238274178695 -0.4093143226317216
236 0.02796500342780272 -0.4094026632680786
237 0.02794832096130936 -0.4094014603012099
238 0.02794761486037224 -0.409492847782282
239 0.02793695846008268 -0.4094993068139461
240 0.02792890616216133 -0.4095616752141364
241 0.02792567029874814 -0.4096015182257349
242 0.02791089953376575 -0.4096238329346983
243 0.0279123019249372 -0.4096950841163494
244 0.02789656702381686 -0.4096921311982018
245 0.02789570770143459 -0.4097690646022552
246 0.02788492679214813 -0.4097686918176324
247 0.02787771898734068 -0.4098227952416223
248 0.02787358195211958 -0.4098485675799161
249 0.02786014848561295 -0.4098671135255142
250 0.02786063281320587 -0.409921919790242
251 0.02784561183998868 -0.409914551122507
252 0.02784480473573676 -0.4099779515578651
253 0.02783382624905194 -0.4099692702062064
254 0.02782757035127574 -0.4100151088240899
255 0.02782242141127798 -0.4100276418998666
256 0.02781075611916856 -0.4100423408337637
257 0.02780990339466946 -0.4100814824759454
258 0.02779624562237544 -0.410069002895754
259 0.02779485999720855 -0.4101171196283857
260 0.02778425292778191 -0.4101068243429714
261 0.02777887512773461 -0.4101374933384183
262 0.02777288924216786 -0.4101439224631341
263 0.02776285695037242 -0.4101491766815517
264 0.02776070897669742 -0.4101774418934251
265 0.02774869914429422 -0.410160426947928
266 0.02774691027353096 -0.4101952676725676
267 0.0277365508814821 -0.4101768046742285
268 0.02773172161338704 -0.4101993326060529
269 0.0277255671561075 -0.4101957380325646
270 0.02771653709983061 -0.4101953922333512
271 0.02771362330103408 -0.4102082495610055
272 0.02770321609556333 -0.4101927183894209
273 0.02770096540028753 -0.4102142899044801
274 0.02769128390451119 -0.4101914404296211
275 0.02768667002084224 -0.4102033873337678
276 0.02768056670052655 -0.4101914114897818
277 0.02767235111987107 -0.4101861462666379
278 0.02766947336617277 -0.4101894975800147
279 0.02765934720494607 -0.4101667984340706
280 0.02765735152214021 -0.410178482249258
281 0.02764802123804438 -0.4101507675535449
282 0.02764406079874322 -0.410156694967422
283 0.02763785894386233 -0.410137272006905
284 0.02763060580799647 -0.4101278120817914
285 0.02762750627244236 -0.4101220266624077
286 0.02761821478695922 -0.4100959688953738
287 0.02761630391932124 -0.4100992850274217
288 0.02760738714521346 -0.4100665826078033
289 0.02760395605068331 -0.4100663563907176
290 0.02759772393437384 -0.4100405339202207
291 0.02759123667770447 -0.4100296677714589
292 0.02758842041940354 -0.4100120865051374
293 0.02757919354315078 -0.4099852742475901
294 0.02757807097451971 -0.4099816694421667
295 0.02756904802530323 -0.4099427614253227
296 0.02756641888317638 -0.4099423404712487
297 0.02756032143914352 -0.4099063721256294
298 0.02755428277136067 -0.4098951236998118
299 0.02755159324670892 -0.4098719738293038
300 0.02754314318234481 -0.4098432651305767
301 0.01701822872669064 -0.3913719069968369
302 0.01665751785113491 -0.3879163398125297
303 0.01545976677810873 -0.388790374807898
304 0.01555880433259489 -0.3919879116994173
305 0.01541985251027894 -0.3961376355700338
306 0.01546582426398651 -0.3993741234580836
307 0.0153800082886484 -0.4015584647642157
308 0.01521475108765313 -0.4034586897891552
309 0.01501453228323455 -0.4039346725296115
310 0.01478973996234027 -0.4053980548875463
311 0.01453182833938248 -0.4051741409711214
312 0.01436334792068225 -0.4063229998914351
313 0.01412580432225011 -0.4066179395327276
314 0.01392211998156079 -0.4067906536268993
315 0.01380730358819999 -0.4086244468195491
316 0.01356994197635564 -0.4064725005880653
317 0.01357153870482799 -0.4098578363053037
318 0.013338331654756 -0.4070539017696008
319 0.01325289432106882 -0.4088069544547079
320 0.01333648295875654 -0.4110406732622823
321 0.01287177225593389 -0.4066498218938539
322 0.01318953667572832 -0.4121667133799403
323 0.01278316645540437 -0.4070697200953541
324 0.01282967171165065 -0.409856190092995
325 0.01296251797269021 -0.4117133931600118
326 0.01224771047558329 -0.4055581957905667
327 0.0132298616425827 -0.4149182952543544
328 0.01204610314403454 -0.4058052365949869
329 0.01281647185869169 -0.4119522380355632
330 0.01243666122021389 -0.4102909235943502
331 0.01208414129013518 -0.4074318339485106
332 0.01277696724345188 -0.4134402521445487
333 0.0117859387690864 -0.4063631871618773
334 0.01255750006990563 -0.4124148456246669
335 0.0119860728467158 -0.4083413905585029
336 0.01198576787250471 -0.4092144227210094
337 0.01221153513801836 -0.4109186239002541
338 0.01176671376579512 -0.4076259946400404
339 0.01240868624782384 -0.4132329666666255
340 0.01175780417077496 -0.408238552507629
341 0.01212118162599482 -0.4116343821891358
342 0.01191786136896571 -0.4099249713717157
343 0.01165272687319445 -0.4083992255170354
344 0.01202658947379005 -0.4116287428444497
345 0.01156802270057958 -0.4077603103227105
346 0.01194988765795645 -0.4116244205777657
347 0.01154654801161186 -0.4087556644931735
348 0.01179551873500605 -0.4099610302987282
349 0.01182842990433573 -0.4110941549719114
350 0.01147336862520141 -0.4080001180774425
351 0.01191776492532331 -0.4121466839469047
352 0.01140887993240581 -0.4084004352667749
353 0.01176783870926619 -0.4107262712279883
354 0.01156984118162461 -0.4103190028378891
355 0.01145048217663967 -0.4085680170038304
356 0.01172107583843455 -0.4117926817875591
357 0.01129007175469901 -0.4080072168514771
358 0.01161053274056616 -0.4106296104663953
359 0.01143783553403516 -0.4095603286127679
360 0.0114056845590773 -0.4093754242463571
361 0.01155063578579108 -0.4107980709419599
362 0.01124547957624851 -0.4084827833203902
363 0.01150835452109723 -0.4107323351959989
364 0.01124799025134784 -0.4088292525965952
365 0.01133717823832719 -0.4096192729948313
366 0.01133882100006057 -0.4098215521783902
367 0.01115529149276852 -0.4084173206008894
368 0.01140002887767304 -0.4105110035642563
369 0.01109865288999063 -0.4082812927092962
370 0.01123924355314737 -0.4094669187160616
371 0.01116751955730557 -0.4091814594007705
372 0.01106448903099302 -0.4081356524219144
373 0.01124548443122788 -0.4098826761479337
374 0.01097787588031656 -0.407795354600666
375 0.01117088722445957 -0.4093138408345698
376 0.01109871194509583 -0.4088523568853865
377 0.01098345871537277 -0.4080068216517994
378 0.01110395586141698 -0.4092876859356137
379 0.01089767431443452 -0.4074928639090848
380 0.01109994761946933 -0.4090626188119345
381 0.01093090905760796 -0.4080654731554504
382 0.01094472372767753 -0.4079379850716531
383 0.01103658927011637 -0.4088785183729329
384 0.0108570442969385 -0.4075892811128448
385 0.01103281467794064 -0.4087406492415868
386 0.0108705848788621 -0.4077710234939316
387 0.01092116807064052 -0.408057729555644
388 0.01093770984399019 -0.4082362323646465
389 0.01082361791124312 -0.4074943554334604
390 0.01095443054834603 -0.4083518925803153
391 0.01082341383380847 -0.4075513257535687
392 0.01089528146621875 -0.4079970393279034
393 0.01087451312790401 -0.4080071703221822
394 0.01082344898669711 -0.407454175865374
395 0.01087937712287407 -0.4080457482163737
396 0.01080143209751341 -0.4074007447297308
397 0.01087988099126985 -0.4079758871995565
398 0.01082281495946729 -0.4076979454108043
399 0.01083068747012302 -0.4076049629905924
400 0.01084712402853509 -0.4079197616681131
401 0.01080156337502453 -0.4074178291776772
402 0.01085558889037451 -0.4080062146078161
403 0.01079837421756024 -0.4074012228546033
404 0.01080905714325861 -0.4075762512790065
405 0.01082579142664866 -0.4078488390169324
406 0.01077589593677175 -0.4072924675635923
407 0.01084706220127508 -0.4079795582488702
408 0.01078050447062179 -0.4074175823212601
409 0.01082024950071997 -0.4076841091944322
410 0.01081638470262521 -0.4077727108503482
411 0.01078439490128086 -0.4074890796298565
412 0.01084033329530259 -0.4079261078090677
413 0.01077175062179901 -0.4073801161804961
414 0.01082124375116959 -0.4078226710402342
415 0.01080112782789598 -0.4076314367793112
416 0.01078837535180908 -0.4075613554645471
417 0.01083311816498845 -0.4079504504853413
418 0.01078264849492408 -0.4075364971513033
419 0.01082949052164715 -0.4079564501946038
420 0.0108030667847178 -0.4077278741441147
421 0.01080680592356829 -0.4077913480956452
422 0.01082890550582839 -0.407981519461194
423 0.01079538949235764 -0.4077303336455529
424 0.01083725203682913 -0.4080694890361647
425 0.01079644703239136 -0.4077803159775926
426 0.01083079928309212 -0.4080466755838519
427 0.01082158726357922 -0.4080168319937322
428 0.01081389405559028 -0.4079560490810736
429 0.01084587467365897 -0.4082450247390884
430 0.0108089411598732 -0.4079768204897348
431 0.0108502137754195 -0.4083130134604687
432 0.01082691371648873 -0.4081762530425614
433 0.01083607079703802 -0.4082479572543133
434 0.01085288908536222 -0.408427617558925
435 0.01082604919803873 -0.4082355128595005
436 0.01086611431109786 -0.4085786235375881
437 0.01083666493960189 -0.4083891692798782
438 0.01085925300407581 -0.4085809694262968
439 0.01086094782060698 -0.4086451795506181
440 0.01084757803614118 -0.4085670167860151
441 0.01088287923468259 -0.408874005769706
442 0.01085098921574161 -0.4086771043220889
443 0.01088339979237313 -0.4089544292175269
444 0.0108710506241906 -0.4089108131611218
445 0.01087411558294988 -0.4089699941113706
446 0.0108920697315395 -0.4091555739848556
447 0.0108727568545059 -0.4090486623525361
448 0.01090344333950608 -0.4093427608265255
449 0.01088393353400982 -0.4092341163557634
450 0.01090166454629506 -0.4094219331506754
451 0.01090422542204451 -0.4094924948140081
452 0.01089625620916626 -0.4094840690171956
453 0.01092110424621668 -0.4097446665809101
454 0.01090358163583709 -0.4096586461018525
455 0.01092387972999704 -0.4098709190882946
456 0.01091943474272916 -0.409902608745032
457 0.01091981023670978 -0.4099585088440116
458 0.0109371723052544 -0.4101674552658726
459 0.01092083809506129 -0.4101005337739852
460 0.01094573864952674 -0.4103605431621956
461 0.01093216413263118 -0.4103285726738023
462 0.01094459207616276 -0.4104882098473283
463 0.01095092775560575 -0.4106199700535547
464 0.01094272187783739 -0.4106330587779913
465 0.01096473221651361 -0.4108756787438271
466 0.01094728376035516 -0.4108247084680233
467 0.01096771901005435 -0.4110546807837799
468 0.01096116660180147 -0.4110933391956971
469 0.0109650527564213 -0.4111997166468304
470 0.01097820380979079 -0.4113911208074318
471 0.01096454767405031 -0.4113735832014549
472 0.01098722010442215 -0.4116345394784928
473 0.01097180683545714 -0.4116074754706309
474 0.01098783954467932 -0.4118268767531564
475 0.01098639857955027 -0.4119020339274208
476 0.01098446561096694 -0.4119953136566925
477 0.01100072035257719 -0.4122064841433495
478 0.01098515852483536 -0.4122059747203394
479 0.01100671725914394 -0.4124570331463456
480 0.01099256476514172 -0.4124620044744013
481 0.01100576546768769 -0.412659034518418
482 0.01100581073206739 -0.412769468263754
483 0.01100217132001107 -0.4128557789112215
484 0.01101714945596058 -0.4130736689121161
485 0.01100295868578719 -0.4130873353645594
486 0.01102143487646824 -0.4133329597941842
487 0.01101064136935567 -0.4133689910831155
488 0.01101810287462946 -0.4135394332021029
489 0.01102233553501249 -0.4136803397711312
490 0.01101422343753506 -0.4137488483252012
491 0.01103046160555789 -0.4139990517745017
492 0.01101722089090921 -0.4140191597629396
493 0.01103030851678494 -0.4142406004561039
494 0.01102528788586762 -0.414329080896333
495 0.01102540692046819 -0.4144495600649628
496 0.01103403649058374 -0.414647028092114
497 0.01102270675270935 -0.41469736531652
498 0.01103917589161412 -0.4149375738987956
499 0.01102422065735678 -0.4149751710753069
500 0.0110347397356463 -0.4151734395805429
501 0.01103236996706885 -0.4152985191585121
502 0.01103288549600907 -0.4154385719856017
503 0.01103696201973618 -0.4156015804504116
504 0.01102915872196253 -0.4156990840484303
505 0.01103979300016778 -0.4158922242137985
506 0.01102872844791568 -0.4159752816686274
507 0.01103758248038865 -0.4161595723450485
508 0.01103272311277348 -0.4162768818378941
509 0.01103233227541784 -0.4164233216632495
510 0.01103734798502483 -0.4165893230085213
511 0.0110271913416767 -0.4166892189985472
512 0.01103871488996248 -0.4168815147074733
513 0.01102626962425427 -0.4169734789432242
514 0.01103493554503195 -0.417152893681612
515 0.01102941511073291 -0.4172747060108048
516 0.01102794572837639 -0.4174202486130647
517 0.01103250267374661 -0.4175958494768635
518 0.01102217499217443 -0.4176846973100021
519 0.01103101358226227 -0.4178867640384668
520 0.01102125121903185 -0.417976142742161
521 0.01102574413550565 -0.4181499364995111
522 0.01102178481426051 -0.4182795712683557
523 0.01101981144997276 -0.4184193424089068
524 0.01102159099762136 -0.4185840158776096
525 0.01101378046618609 -0.4186928045809964
526 0.01101931746135599 -0.4188768156275872
527 0.0110109137341636 -0.4189784406927552
528 0.01101352981636716 -0.4191513535463548
529 0.01100965172841746 -0.419274149136462
530 0.01100591550016626 -0.4194091684610404
531 0.01100802185687105 -0.4195726064655103
532 0.01099946595509949 -0.419683133723205
533 0.01100504750523775 -0.4198653261411623
534 0.01099578273869387 -0.4199664369387283
535 0.01099758135043023 -0.420135186321427
536 0.01099388393499204 -0.4202558826195683
537 0.01098863562364736 -0.4203934495816515
538 0.01099163713598529 -0.4205509492126785
539 0.01098121848741792 -0.4206548407579298
540 0.01098678510109335 -0.4208341190554231
541 0.0109764653466454 -0.4209294098137993
542 0.01097863231608202 -0.4210979368495579
543 0.0109737324498802 -0.42121426878055
544 0.01096922314474958 -0.4213566164892399
545 0.01097092977876623 -0.4215058441011256
546 0.01096057907454189 -0.4216087714161043
547 0.01096583782114485 -0.4217820401104228
548 0.01095389541161054 -0.421873664342375
549 0.01095809228939884 -0.4220361228310844
550 0.01095004369257181 -0.4221498753109195
551 0.01094821117332835 -0.4222890815970721
552 0.01094644055829435 -0.4224320754650564
553 0.01093809485970043 -0.4225322276693349
554 0.01094160401373054 -0.4227052012883665
555 0.01092980310249834 -0.4227838070083975
556 0.01093315300940598 -0.4229524828660492
557 0.01092515507114881 -0.4230478305886159
558 0.01092341532512683 -0.4231939567950624
559 0.0109212376400279 -0.4233221192861339
560 0.0109125612911457 -0.4234274247190349
561 0.01091617783948818 -0.423588632847509
562 0.01090386031319902 -0.4236675771564234
563 0.01090804395670378 -0.4238360289236772
564 0.01089824909297383 -0.4239215392827357
565 0.01089733211715048 -0.4240650148279242
566 0.01089404809407357 -0.4241821190746366
567 0.01088599335084943 -0.4242862043574621
568 0.01088899660976558 -0.4244391755343798
569 0.01087666641469115 -0.4245143229231517
570 0.01088090289934263 -0.4246787536060991
571 0.01087101963281201 -0.4247601207535373
572 0.01087000734214338 -0.4249002136595633
573 0.0108666116216182 -0.4250078750760967
574 0.01085839408955979 -0.4251059101287829
575 0.01086142267813804 -0.4252606785851355
576 0.01084800702785739 -0.4253204801302644
577 0.01085362594972714 -0.4254911266293897
578 0.01084163569364552 -0.4255514169214127
579 0.01084280036135206 -0.4256933111752068
580 0.01083750906191288 -0.4257920263144707
581 0.01083065299633805 -0.4258910836565862
582 0.01083246894286236 -0.4260390692149615
583 0.01082058627246616 -0.4261033891684247
584 0.01082460557781817 -0.4262459140906965
585 0.01081438694731966 -0.4263240172251838
586 0.01081354250826476 -0.4264402664991908
587 0.01080947488694201 -0.4265513328219349
588 0.01080218749581955 -0.4266391577012911
589 0.01080434016156854 -0.4267721076231789
590 0.01079154124041416 -0.426836258548817
591 0.01079691714685599 -0.4269828344215988
592 0.01078572077337425 -0.4270458336478896
593 0.01078614462710286 -0.4271614136318432
594 0.01078090498147841 -0.4272662256752837
595 0.01077451707344617 -0.4273498570403867
596 0.01077617024515918 -0.4274777500457485
597 0.01076454982024152 -0.4275351766245877
598 0.01076883948450643 -0.4276736601615405
599 0.01075825604455347 -0.4277415839575552
600 0.0107585124658232 -0.4278449674565389
601 0.01075355481835158 -0.4279424943072035
602 0.01074788291901366 -0.4280279550371779
603 0.01074812403848569 -0.4281442075188471
604 0.01073717596977266 -0.4281989639032698
605 0.01074191251155595 -0.4283359731425938
606 0.01073050954581078 -0.4283840374798115
607 0.01073266158117505 -0.4285062646121703
608 0.01072630797381909 -0.4285775144836186
609 0.01072127821359453 -0.4286717407452323
610 0.01072204373471524 -0.4287781997739223
611 0.01071159184836401 -0.4288313798542938
612 0.0107158686085805 -0.4289607206499338
613 0.01070479520129768 -0.4290052995742966
614 0.01070694694998789 -0.429122844552871
615 0.01070065398772465 -0.4291886887317433
616 0.01069653956568936 -0.4292780335998109
617 0.01069626551170899 -0.4293807078294318
618 0.01068683352008477 -0.4294319154533199
619 0.01069070177257042 -0.4295548306829122
620 0.01068026353806649 -0.4295955294863356
621 0.0106824054479772 -0.4297091817511798
622 0.01067627320447301 -0.4297694919190438
623 0.01067262180351583 -0.4298566616325177
624 0.01067225758254609 -0.4299533957920365
625 0.01066329856473678 -0.4300019046867631
626 0.01066714659695629 -0.4301201580097323
627 0.01065692523485411 -0.4301566027480265
628 0.01065937237785226 -0.4302676806526822
629 0.01065325340773323 -0.4303228452647193
630 0.0106500057902894 -0.4304072268070007
631 0.01064971482156996 -0.4304953295118044
632 0.01064089740365722 -0.430545626391756
633 0.01064575800128001 -0.4306623228233429
634 0.01063459828507213 -0.4306880747787881
635 0.01063822054617803 -0.4307999709076277
636 0.01063142581583413 -0.4308564100697804
637 0.0106286419328457 -0.4309276883712123
638 0.01062918069417281 -0.4310221464592175
639 0.01061977619686558 -0.4310578893024345
640 0.01062521647694513 -0.4311757994606711
641 0.01061395678979797 -0.4312036495416095
642 0.0106180679724456 -0.4313098379697216
643 0.01061142146195954 -0.4313631481589526
644 0.01060892999283002 -0.4314299113498206
645 0.01060959032554128 -0.4315216515360635
646 0.01060050105971234 -0.4315538833500554
647 0.01060601629075739 -0.4316688302291981
648 0.01059517272639311 -0.4316945204842864
649 0.01059926229072291 -0.4317966383747933
650 0.01059309685454766 -0.4318487279413462
651 0.01059059335151476 -0.4319113093887075
652 0.01059162122936292 -0.4320015806037631
653 0.01058272941570505 -0.4320308857551658
654 0.01058830289570622 -0.4321425415445701
655 0.01057803818258362 -0.4321677740559722
656 0.0105819509315285 -0.4322610730246664
657 0.01057670309754021 -0.4323154339006408
658 0.01057344613591767 -0.4323760206763972
659 0.01057515641628199 -0.4324664690269715
660 0.01056650367916383 -0.4324923161709093
661 0.01057198056059718 -0.4325994152573257
662 0.01056256864751234 -0.4326255172541053
663 0.01056582171835961 -0.432711232472646
664 0.01056156686977804 -0.4327679614177078
665 0.01055797734534206 -0.4328232975001176
666 0.01056022628490634 -0.4329136127457151
667 0.0105518384526941 -0.4329386282856503
668 0.01055589716277076 -0.4330332292824509
669 0.01054970030276841 -0.4330733755969546
670 0.01055025032924527 -0.4331490603688823
671 0.01054835965123072 -0.4332070086485449
672 0.01054448989366184 -0.433261731523071
673 0.01054564139638924 -0.4333406111510767
674 0.01054010246534802 -0.4333790339381711
675 0.0105417919459163 -0.4334610551364054
676 0.01053747707178306 -0.433504565272362
677 0.01053682733557988 -0.4335733360121556
678 0.01053560463281751 -0.4336340052616425
679 0.01053191753707485 -0.4336838780173401
680 0.01053330663304127 -0.4337609456458885
681 0.01052827991393904 -0.4338007477923986
682 0.01052960462898388 -0.4338785042879817
683 0.01052613051990519 -0.4339246058468129
684 0.01052511272014523 -0.4339891574012616
685 0.0105244906170581 -0.4340507399773912
686 0.01052077385919509 -0.4340984972783746
687 0.01052230533781369 -0.4341735977443908
688 0.01051769239105649 -0.4342137424061293
689 0.01051889170367465 -0.4342884642704029
690 0.01051592148848161 -0.4343352759098311
691 0.01051481007032582 -0.4343964321165261
692 0.01051448803038065 -0.4344591704027418
693 0.01051058524949286 -0.4345070995182927
694 0.01051286413288797 -0.43457751666549
695 0.01050816260081836 -0.4346187977515786
696 0.01050966970464784 -0.434689608364149
697 0.01050671410650794 -0.4347391679187879
698 0.0105060178625306 -0.4347969267687031
699 0.01050536176112751 -0.4348609909044581
700 0.01050232529506132 -0.4349060205741882
701 0.01050380877107059 -0.4349797068126928
702 0.01049998801303341 -0.4350177541796471
703 0.01050123151860749 -0.43508538638212
704 0.01049882044637458 -0.4351360790774164
705 0.01049798487797201 -0.435194336294459
706 0.01049854926467825 -0.4352600300664122
707 0.01049333383141642 -0.4352947829010638
708 0.01049777629714698 -0.4353821038227835
709 0.0104912715847724 -0.4354045432492533
710 0.01049516103159503 -0.4354857909646325
711 0.01049143692105305 -0.4355259518421066
712 0.0104909831923547 -0.4355843232401693
713 0.01049186501920697 -0.4356528401928847
714 0.01048706551578389 -0.4356868011179302
715 0.01049142125203041 -0.4357736548171042
716 0.01048519643566459 -0.4357958432356477
717 0.01048893482664362 -0.4358759140770646
718 0.0104855534593666 -0.4359164576334759
719 0.01048503082259079 -0.4359735248490769
720 0.01048610232928123 -0.4360445394275451
721 0.01048158780630058 -0.436075138071603
722 0.01048589816258302 -0.4361611927507029
723 0.01048023837090634 -0.436183004286289
724 0.0104833899635512 -0.4362630962524645
725 0.01048068410185727 -0.4363067408321442
726 0.01047993396277462 -0.4363609749089253
727 0.01048140477160936 -0.4364334065298749
728 0.01047688627512886 -0.4364627372465332
729 0.01048125671209139 -0.4365482765026951
730 0.01047592656532438 -0.4365712516450695
731 0.01047888673866099 -0.436649190154374
732 0.01047661156681048 -0.4366947191636285
733 0.01047558256222012 -0.4367494915752767
734 0.01047764545368112 -0.4368177619588547
735 0.0104729407760981 -0.436850172067125
736 0.01047739250901802 -0.4369343459749432
737 0.010472240543035 -0.4369621504539858
738 0.01047529936166605 -0.437034240107359
739 0.01047332605003601 -0.4370824283435907
740 0.01047213400143509 -0.4371350211745868
741 0.01047434257078055 -0.4372070317999774
742 0.01046976676285907 -0.4372384682389269
743 0.01047433723925879 -0.4373202426598773
744 0.01046945411870255 -0.4373491199288481
745 0.01047221671022316 -0.4374222402810858
746 0.01047073540118359 -0.4374697256926593
747 0.0104693400838447 -0.4375215723174385
748 0.01047171242408992 -0.4375928235204733
749 0.01046741360422512 -0.4376282988720649
750 0.0104717505657715 -0.437708468820075
751 0.01046740865381098 -0.4377393427827266
752 0.01046984396672191 -0.4378093726729607
753 0.01046856377811185 -0.4378603490881796
754 0.01046738863455655 -0.4379106719769528
755 0.01046970266016527 -0.4379835128098419
756 0.01046563703112863 -0.4380171867142679
757 0.01046978806780138 -0.4380967052353445
758 0.01046562915427503 -0.4381310457757675
759 0.01046815518627663 -0.438200700804775
760 0.01046695273305747 -0.4382517869877235
761 0.01046588000880249 -0.4383019825607341
762 0.01046828285105817 -0.4383724845337671
763 0.01046433848157344 -0.4384082726903762
764 0.01046838536619226 -0.4384869362985487
765 0.01046450747014436 -0.4385241916942278
766 0.01046693765059784 -0.4385927198702636
767 0.01046588978080552 -0.4386453786289595
768 0.01046490464400383 -0.4386955856830051
769 0.01046721678403911 -0.4387658659142955
770 0.010463581577386 -0.4388031188749746
771 0.01046738538998137 -0.4388805323097782
772 0.0104638382706054 -0.4389195585580855
773 0.01046614439888431 -0.4389875239946853
774 0.01046518814069038 -0.4390406894794276
775 0.010464294324938 -0.4390936925000129
776 0.01046652288805831 -0.439162100388706
777 0.01046318442685919 -0.43920145301724
778 0.01046680393898975 -0.4392764746863453
779 0.01046343406488979 -0.4393176180634081
780 0.01046577726537858 -0.4393848496563892
781 0.01046475824966878 -0.4394388212457714
782 0.01046421928466513 -0.439491432977462
783 0.01046605228333519 -0.439561051538178
784 0.01046315068767978 -0.4396022131408686
785 0.01046656087918117 -0.4396764757919279
786 0.01046332086947256 -0.4397181285766505
787 0.01046576980408124 -0.4397862210659951
788 0.01046457764896276 -0.4398393535454851
789 0.01046439592805149 -0.4398942545553289
790 0.01046595832716691 -0.4399607714756865
791 0.01046339666795536 -0.4400051674773587
792 0.01046607166619319 -0.4400758757318654
793 0.01046387829664278 -0.4401234554566628
794 0.01046552757509122 -0.440188591997669
795 0.01046522342906493 -0.4402440576025422
796 0.01046481028801099 -0.4403038072402232
797 0.01046608610094094 -0.4403656054794938
798 0.01046394184182939 -0.4404134818037543
799 0.01046629146556433 -0.4404794803569159
800 0.01046424772616043 -0.4405302450346515
801 0.0104659954752879 -0.4405954493195472
802 0.01046487154570207 -0.4406474290512297
803 0.01046588907846398 -0.4407140090604758
804 0.01046622426392288 -0.4407741923379588
805 0.01046482796613758 -0.4408246642354264
806 0.01046659783239582 -0.4408883858070371
807 0.01046436238562656 -0.4409357453670126
808 0.0104667567658781 -0.4410083817611043
809 0.01046574061991652 -0.4410641888412046
810 0.01046592824177208 -0.4411223898435129
811 0.01046692604465491 -0.4411843830001276
812 0.01046553960354081 -0.4412370362465314
813 0.01046715585024542 -0.4413021926512731
814 0.01046537904894755 -0.4413532469802399
815 0.01046728691232615 -0.4414202458247808
816 0.01046559727449076 -0.4414711355336534
817 0.01046753646783378 -0.4415399696214706
818 0.01046650202577994 -0.4415955088231972
819 0.01046684624590442 -0.4416531576251034
820 0.01046741942722237 -0.4417180344960374
821 0.01046629995332573 -0.4417695709235304
822 0.01046790159181612 -0.4418371579216731
823 0.01046654941860944 -0.4418899452875682
824 0.0104676269418266 -0.4419523129997946
825 0.01046755674758672 -0.4420138623956538
826 0.01046733940609818 -0.4420730666707708
827 0.01046853196582966 -0.4421360980484655
828 0.01046643561003774 -0.4421884477003655
829 0.01046890117996071 -0.4422545172654561
830 0.01046628201442381 -0.4423052712166683
831 0.01046949452294711 -0.4423792937616
832 0.01046719004134392 -0.4424292167722533
833 0.01046872427673667 -0.4424946642875489
834 0.0104686529894608 -0.4425572793350553
835 0.01046756148263048 -0.4426100567819356
836 0.01046927504211401 -0.4426764145286987
837 0.0104674231931518 -0.4427300803521255
838 0.01046937969760487 -0.4427970145784873
839 0.01046819408821041 -0.4428544804318461
840 0.01046862591929915 -0.4429140191259748
841 0.01046953103220105 -0.4429805086936573
842 0.01046817261493448 -0.4430352512334776
843 0.01047038166367188 -0.443103495613743
844 0.01046706250873037 -0.4431478635390702
845 0.01047088204224092 -0.4432271252046334
846 0.01046768922754992 -0.4432727555805575
847 0.0104703833377559 -0.4433452751345476
848 0.01046921394996287 -0.4434035517159857
849 0.01046912172529277 -0.4434598707365794
850 0.01047036393459078 -0.4435288137647214
851 0.01046810130581629 -0.4435776908535224
852 0.0104709558507453 -0.4436518900166397
853 0.01046786609047564 -0.4436964218334284
854 0.01047083714239884 -0.4437722007921964
855 0.01046943990903102 -0.4438271902907133
856 0.01046957806699111 -0.4438889186601196
857 0.0104706107805518 -0.4439538937917764
858 0.0104685069061432 -0.4440057509817629
859 0.01047130446064097 -0.4440795592902553
860 0.01046782534255028 -0.4441245065875951
861 0.01047141909311106 -0.4442006598374135
862 0.01046930451657071 -0.4442545336030724
863 0.01047006147341402 -0.4443190668817
864 0.01047058683683306 -0.4443815169900519
865 0.01046875004908198 -0.4444347421417493
866 0.01047142423425392 -0.4445079133838009
867 0.010468383092672 -0.444555413686508
868 0.01047062609703671 -0.4446269579964556
869 0.01046958960237924 -0.4446810613070323
870 0.01047002629224249 -0.4447493099078201
871 0.01047066286900385 -0.4448104117131964
872 0.01046867899730737 -0.4448648269093585
873 0.01047146647487254 -0.4449371377430407
874 0.01046811506962648 -0.4449843624236917
875 0.01047129732034092 -0.445060306927805
876 0.01046874110651138 -0.4451094471809637
877 0.01047012870355287 -0.4451784035125376
878 0.01047002974779302 -0.4452376002632389
879 0.01046863399241881 -0.4452945860929903
880 0.01047108717604441 -0.4453659115508872
881 0.01046778956300365 -0.4454137783502327
882 0.01047109865659374 -0.4454902427565638
883 0.01046818353118991 -0.4455383693437271
884 0.01046996664200764 -0.4456088206997016
885 0.01046938984089696 -0.445666251761684
886 0.01046835793096645 -0.4457247207745281
887 0.01047051147569481 -0.4457947883918028
888 0.01046725013278445 -0.4458428505923733
889 0.01047067713243855 -0.445919956140387
890 0.01046736832111756 -0.445966470993353
891 0.01046962894226151 -0.4460392654286409
892 0.01046844549115224 -0.4460937028284282
893 0.01046793316106334 -0.4461549910886468
894 0.01046962582375893 -0.4462223227129217
895 0.01046655610864618 -0.4462719214416527
896 0.01046995936399682 -0.4463482446414496
897 0.01046636064004714 -0.4463941807504393
898 0.01046902416012817 -0.4464683342831928
899 0.01046727676552257 -0.4465207031789409
900 0.01046729000316566 -0.4465841462611783
901 0.01046847140658224 -0.4466490626012387
902 0.01046566365164261 -0.4466997459248119
903 0.01046898628387397 -0.4467756204313317
904 0.01046511822007724 -0.446820341999793
905 0.01046822310934963 -0.4468966593005607
906 0.01046581232012202 -0.4469457488964629
907 0.01046654672602397 -0.4470111761958364
908 0.01046693217503621 -0.447074011155936
909 0.01046474284252793 -0.4471260271172174
910 0.01046756504137077 -0.4472014479884678
911 0.01046385906636025 -0.4472447884340306
912 0.01046636370024032 -0.4473194320000067
913 0.01046471106864905 -0.4473689537806239
914 0.01046533086864943 -0.4474399509968382
915 0.01046551636618101 -0.4474973597121945
916 0.01046334096614483 -0.4475523938563078
917 0.01046610882273745 -0.4476238193842569
918 0.01046203414984625 -0.4476697059905843
919 0.01046575382780581 -0.4477459915528236
920 0.01046231183175378 -0.4477901826169424
921 0.01046401514094813 -0.4478619037833943
922 0.01046329962934654 -0.447916639961665
923 0.01046136226633169 -0.4479699485943713
924 0.0104647141185811 -0.4480482672593743
925 0.0104601232441346 -0.4480876631504465
926 0.01046409186077237 -0.4481680785291974
927 0.01046039920364227 -0.4482115793593541
928 0.01046199600937739 -0.4482795413193411
929 0.01046159926038426 -0.448338698818688
930 0.0104595478939926 -0.4483898215669543
931 0.01046256627382733 -0.4484657326431557
932 0.01045792108996332 -0.4485044275884159
933 0.01046218934817613 -0.4485863678757822
934 0.01045795616538755 -0.4486267340881462
935 0.01046018864996322 -0.4486978621873254
936 0.01045919863887793 -0.4487513759301455
937 0.01045747415165635 -0.4488072226838647
938 0.01046025351543448 -0.4488786309034912
939 0.01045555706529538 -0.4489200467310772
940 0.01046007962497666 -0.4490016207319009
941 0.01045546537627668 -0.4490381092374967
942 0.01045799129894042 -0.4491127869835809
943 0.01045650092770445 -0.4491631658993276
944 0.01045530021398041 -0.4492184840479346
945 0.01045751989774778 -0.4492900207701948
946 0.01045308574904126 -0.4493312273478333
947 0.01045758866213268 -0.4494111244112547
948 0.01045263530765599 -0.449446858097686
949 0.01045564958680942 -0.4495223614336123
950 0.01045351478760142 -0.4495710533143993
951 0.01045290771883026 -0.4496285842821535
952 0.01045459630818536 -0.4496964698827679
953 0.010450549453831 -0.4497367320416901
954 0.01045466913759082 -0.4498175211044312
955 0.01044970470346432 -0.4498521635061059
956 0.01045297008638903 -0.4499284841587257
957 0.01045042800413687 -0.4499743474713237
958 0.01045017526944486 -0.4500329872927267
959 0.010451480018344 -0.4500983800779151
960 0.01044760713315275 -0.4501388254553718
961 0.01045166764704434 -0.4502191532411579
962 0.01044649063593158 -0.4502517857237664
963 0.01045008039750708 -0.4503298517101199
964 0.01044707352821659 -0.4503723963443437
965 0.0104472392641246 -0.4504329147962383
966 0.01044812782151805 -0.4504952790518302
967 0.01044449770496337 -0.4505366955732061
968 0.01044842144870653 -0.4506154304073154
969 0.01044311756414068 -0.4506472365722854
970 0.0104469486255441 -0.4507256431436093
971 0.01044354408835022 -0.4507660657301231
972 0.01044406770879512 -0.4508273555318341
973 0.01044458432182225 -0.450887465841847
974 0.01044115456669657 -0.4509289630427073
975 0.01044497971630964 -0.4510068852490622
976 0.01043953116316967 -0.4510370397571227
977 0.01044362371187475 -0.4511165950753926
978 0.01043979264624611 -0.4511538615183955
979 0.0104407156158763 -0.4512168573844684
980 0.01044081585217032 -0.4512738051708514
981 0.01043766103360111 -0.4513164022110155
982 0.01044129515103747 -0.4513922614796914
983 0.01043580491494188 -0.4514219573564862
984 0.01044006383613143 -0.4515013290739808
985 0.01043589291825646 -0.4515366944382123
986 0.01043715607259519 -0.4516002743347999
987 0.01043697092572045 -0.4516531941554728
988 0.01043388396381255 -0.4516980679682521
989 0.01043747123179989 -0.4517710924267466
990 0.01043185973945186 -0.451801616020241
991 0.01043636510703457 -0.4518816254643299
992 0.01043196573977087 -0.4519126587384946
993 0.01043349114015312 -0.4519780602333948
994 0.01043275466602988 -0.452029187373337
995 0.01043015841659354 -0.4520735957245772
996 0.01043336934349861 -0.4521456236100008
997 0.01042787150979576 -0.4521740694627389
998 0.01043240282972343 -0.4522533948358517
999 0.01042758102149946 -0.4522839705953724
1000 0.01042955592595394 -0.4523497294078123
1001 0.0104284744167577 -0.4523983932938506
1002 0.01042617203099511 -0.4524429133653846
1003 0.01042917169774318 -0.452513189776982
1004 0.01042367259003279 -0.4525405753634011
1005 0.01042834352474242 -0.4526201351487854
1006 0.01042316763407151 -0.4526477195368792
1007 0.0104255561833904 -0.4527152656276328
1008 0.01042402551663547 -0.4527604585170026
1009 0.01042217174409752 -0.45280463237524
1010 0.01042475778178155 -0.4528723341683314
1011 0.01041936145931996 -0.4529024677831814
1012 0.01042408895367746 -0.4529810843847868
1013 0.01041876090723646 -0.4530069076514345
1014 0.01042138056701206 -0.4530722210791038
1015 0.01041962728910539 -0.4531153647871906
1016 0.01041781110803885 -0.4531616595747942
1017 0.01042023247838323 -0.4532276668736233
1018 0.01041498225900423 -0.4532568515099039
1019 0.01041966961767864 -0.453332671937258
1020 0.0104141868712695 -0.4533581195838848
1021 0.0104170466992479 -0.4534246582322052
1022 0.01041498212807499 -0.453464744792521
1023 0.01041348583742466 -0.4535117772349961
1024 0.01041559770199229 -0.4535748237981587
1025 0.01041056227494555 -0.4536043401293234
1026 0.01041510240129214 -0.4536783867198451
1027 0.01040957675412566 -0.4537028564817476
1028 0.01041256092747719 -0.4537691016882104
1029 0.01041029641646629 -0.4538073358541231
1030 0.01040900186140649 -0.4538543006663927
1031 0.01041091270476286 -0.453915528925132
1032 0.0104061193508905 -0.4539426823871772
1033 0.0104103745393704 -0.4540180440740718
1034 0.0104048634416355 -0.4540408296106385
1035 0.01040802466647323 -0.4541078096431349
1036 0.01040551415455832 -0.454142695903625
1037 0.0104044555193256 -0.454190247770413
1038 0.01040612721725303 -0.4542487569344023
1039 0.0104014617831294 -0.4542758538157057
1040 0.01040570391319197 -0.4543501729818764
1041 0.01040024420161358 -0.4543700265531459
1042 0.01040327772612479 -0.4544383886183678
1043 0.01040085835314713 -0.4544703582269835
1044 0.01039974057847596 -0.4545174341828323
1045 0.01040126408858146 -0.4545772084551615
1046 0.01039676764424463 -0.4546030031676726
1047 0.01040093486046443 -0.4546761186859236
1048 0.01039543973301494 -0.4546934540221288
1049 0.01039853399094874 -0.4547597962004483
1050 0.01039596964729942 -0.4547917668492261
1051 0.01039500343253213 -0.4548391281230938
1052 0.01039648641818845 -0.4548951198435929
1053 0.01039193662380223 -0.4549225758310536
1054 0.01039609351394386 -0.4549924978730758
1055 0.01039067700323327 -0.4550114207808771
1056 0.01039369392967943 -0.4550759651803489
1057 0.0103912059920896 -0.4551073890467496
1058 0.01039018627298183 -0.4551526005077396
1059 0.01039165853763507 -0.4552080450605712
1060 0.01038710486015828 -0.4552334975366381
1061 0.01039124861974636 -0.4553032559402401
1062 0.01038585321290786 -0.4553203789966635
1063 0.0103888284699241 -0.4553845300607364
1064 0.01038637895980873 -0.4554146100254229
1065 0.01038531104770065 -0.4554588275095506
1066 0.01038682365089462 -0.455513428210578
1067 0.01038224420709459 -0.4555376242776122
1068 0.01038635241156472 -0.4556062070982041
1069 0.01038126058049931 -0.4556214238593096
1070 0.01038372756219567 -0.4556852330219867
1071 0.01038160739742746 -0.4557160596995159
1072 0.01038036718717063 -0.455757744920224
1073 0.01038206641712178 -0.4558125905475583
1074 0.01037751518814566 -0.4558324296200564
1075 0.01038139524116324 -0.4559030176376581
1076 0.01037642850161586 -0.4559167810772287
1077 0.01037882402912299 -0.4559796552422462
1078 0.01037681820957845 -0.4560092793236828
1079 0.01037546242521589 -0.45604934480886
1080 0.01037724598654076 -0.4561036481444857
1081 0.01037263919111338 -0.4561218831324134
1082 0.01037649337501534 -0.4561913792140984
1083 0.01037168638314926 -0.4562051137711854
1084 0.0103738550486417 -0.4562652986102488
1085 0.01037211473808304 -0.4562958732651815
1086 0.01037049905313659 -0.4563328458492555
1087 0.01037252691673724 -0.4563883543282393
1088 0.0103677535579371 -0.4564037972739478
1089 0.01037167996388155 -0.456473365216959
1090 0.01036694037195273 -0.4564857766270458
1091 0.01036891155568444 -0.4565440694696529
1092 0.01036756076066321 -0.4565734695360127
1093 0.01036546957614381 -0.4566095890430131
1094 0.01036779024443846 -0.4566660858736605
1095 0.01036297399570429 -0.4566800092556605
1096 0.01036682085245441 -0.4567475888190768
1097 0.01036235518710421 -0.4567606147758605
1098 0.01036396246992823 -0.4568150973772066
1099 0.01036297493084327 -0.4568461971836326
1100 0.01036065155351001 -0.456876697288474
1101 0.01036305098298958 -0.4569367855628694
1102 0.01035824513601016 -0.4569488394951325
1103 0.01036199921524989 -0.4570155548028272
1104 0.01035779979571196 -0.4570280616104592
1105 0.01035910427771661 -0.4570780194430465
1106 0.01035839766282606 -0.4571117282796219
1107 0.01035573003244039 -0.4571420186573403
1108 0.01035848726890893 -0.4571998973826403
1109 0.0103536101375978 -0.4572100660123988
1110 0.01035718773114355 -0.4572744352642079
1111 0.01035330808263261 -0.4572889143668508
1112 0.01035418044438716 -0.4573347613860305
1113 0.01035400134284702 -0.4573714544976366
1114 0.01035090010166463 -0.4573972139240843
1115 0.0103540315482112 -0.4574554051972273
1116 0.01034901318661552 -0.4574645958675356
1117 0.01035248577513504 -0.4575283503379499
1118 0.01034894366317675 -0.4575425338720684
1119 0.01034945033513147 -0.4575853489405993
1120 0.01034956738931652 -0.4576232455207554
1121 0.01034625350019514 -0.4576462631430422
1122 0.01034946760221138 -0.457704378354617
1123 0.01034460902233838 -0.4577132457210036
1124 0.01034775038071764 -0.4577738016533611
1125 0.01034485789472661 -0.4577891582239532
1126 0.01034462046364067 -0.4578284917211985
1127 0.0103450386201101 -0.4578678556982115
1128 0.01034262912141537 -0.4578967989016316
1129 0.01034383196159501 -0.4579363172820362
1130 0.01034170091075825 -0.4579680357845762
1131 0.01034172918500649 -0.4579972558234601
1132 0.01034147947611286 -0.4580390710612916
1133 0.01033956278690823 -0.4580641087743706
1134 0.0103408423710321 -0.4581054381278107
1135 0.01033821235091039 -0.4581352722409169
1136 0.01033963707570545 -0.4581719260768831
1137 0.0103374414694197 -0.4582041452056835
1138 0.01033728131548955 -0.4582301312269386
1139 0.01033728308567531 -0.458272512295086
1140 0.01033516161436078 -0.4582960882192047
1141 0.01033660895831238 -0.4583364732656083
1142 0.01033391293409063 -0.4583657077022374
1143 0.01033538173075022 -0.4584013869405452
1144 0.01033326426021242 -0.4584328711510533
1145 0.01033303877222558 -0.458458435117913
1146 0.01033310075687511 -0.4584987417734198
1147 0.0103310308900575 -0.458523301033661
1148 0.01033240606766279 -0.458560903051794
1149 0.01032982804913985 -0.4585905821352202
1150 0.01033116081476358 -0.4586242748447456
1151 0.01032924570735713 -0.4586556986725246
1152 0.010328848616501 -0.4586800332140522
1153 0.01032904158814536 -0.4587193153666489
1154 0.01032696556954054 -0.4587435310205167
1155 0.01032840410569313 -0.4587824181561808
1156 0.01032580268613587 -0.4588080856068848
1157 0.01032711562372373 -0.4588412197382023
1158 0.01032519711296404 -0.4588708634167615
1159 0.01032488345438141 -0.4588963039386294
1160 0.01032504882134184 -0.4589336909013076
1161 0.01032306943780108 -0.4589582476109118
1162 0.01032447039550026 -0.4589956910827831
1163 0.01032174760295661 -0.4590212791541278
1164 0.01032328243600181 -0.4590528597531536
1165 0.0103212331236052 -0.4590822544926557
1166 0.01032115032959332 -0.4591078213012031
1167 0.01032132526388799 -0.459142622730733
1168 0.01031909380045391 -0.4591661897190983
1169 0.01032075164804919 -0.4592027318876017
1170 0.01031792427170258 -0.459227049491464
1171 0.01031955660011729 -0.4592588010049459
1172 0.01031747785044894 -0.4592873235643946
1173 0.01031748012719664 -0.459312854253642
1174 0.01031750180357602 -0.4593474256760742
1175 0.01031554781752182 -0.4593696546297972
1176 0.01031705490553906 -0.4594039521742272
1177 0.01031402592240454 -0.4594246432775194
1178 0.01031636371508796 -0.4594650087617446
1179 0.01031338048092312 -0.4594812357279087
1180 0.01031449191353656 -0.4595196430697274
1181 0.01031348593774233 -0.4595403824951346
1182 0.01031238726555851 -0.4595693967425508
1183 0.01031348570286819 -0.459601678257429
1184 0.01031055003990067 -0.4596213291013546
1185 0.01031280971463007 -0.4596610485607828
1186 0.01030992156341228 -0.4596756587802616
1187 0.01031107042219925 -0.4597142713374477
1188 0.01031004627359206 -0.4597332011997345
1189 0.01030903764975869 -0.4597626952798165
1190 0.01031008099634356 -0.4597932436941067
1191 0.01030723955082495 -0.4598130685861035
1192 0.01030945355985668 -0.4598513716981597
1193 0.01030661998262851 -0.4598657320025044
1194 0.01030775598017877 -0.4599021877075296
1195 0.01030687475725156 -0.4599207541868595
1196 0.01030573575866564 -0.459951176845121
1197 0.01030686217002475 -0.4599816138665607
1198 0.01030405768947773 -0.4600001129858103
1199 0.01030631911665138 -0.4600381287295089
1200 0.0103034177635671 -0.4600504134943807
1201 0.01030466053774686 -0.460087379917713
1202 0.01030370679471477 -0.4601040141270535
1203 0.01030265409591063 -0.4601347084563898
1204 0.01030375660048567 -0.4601622490455507
1205 0.0103009848869025 -0.4601823795189138
1206 0.01030330159733625 -0.4602200900688819
1207 0.01030044037052541 -0.4602317283869238
1208 0.01030166930672421 -0.4602676819602356
1209 0.01030078013263505 -0.4602838794633342
1210 0.01029966014645333 -0.46031314007649
1211 0.01030086352058566 -0.4603407998047335
1212 0.0102981740670711 -0.4603585532098312
1213 0.01030030167792534 -0.46039612501802
1214 0.01029772908670236 -0.4604074905466499
1215 0.01029868584873307 -0.4604445620311572
1216 0.01029803567178378 -0.460460352115616
1217 0.01029692446856579 -0.46048755677068
1218 0.01029809279837783 -0.4605156706592176
1219 0.0102954296273923 -0.4605323016456136
1220 0.01029749817238193 -0.4605691751530069
1221 0.01029510167247248 -0.4605800371050073
1222 0.01029588206893305 -0.4606144520129307
1223 0.01029554321981752 -0.4606308383847135
1224 0.0102941382084399 -0.4606577301198084
1225 0.01029551246367479 -0.4606875688758105
1226 0.01029282960942248 -0.4607018849470648
1227 0.01029492369668203 -0.460739229467832
1228 0.01029260512918567 -0.4607483555751695
1229 0.01029328800415069 -0.4607824774247536
1230 0.01029305455178876 -0.4607980739588703
1231 0.01029158979779093 -0.460824107457671
1232 0.01029304732303486 -0.4608540369506164
1233 0.01029038288805387 -0.4608674042837961
1234 0.01029233029693708 -0.4609026463558415
1235 0.01029051957276991 -0.460912913241145
1236 0.01029069850326988 -0.4609465155304164
1237 0.01029079424794895 -0.460963802451732
1238 0.01028915779253844 -0.4609869990895951
1239 0.01029073413342591 -0.4610165127755546
1240 0.0102880833868267 -0.4610292536492714
1241 0.01028998368814098 -0.4610653569917799
1242 0.01028837220645991 -0.4610745692025878
1243 0.0102883814213311 -0.4611072224934184
1244 0.01028862822103437 -0.4611245047582435
1245 0.01028690920970347 -0.4611462057329424
1246 0.01028852982471117 -0.4611761815914622
1247 0.01028598847682239 -0.4611880362484611
1248 0.01028771345723894 -0.4612233909709491
1249 0.01028641121832701 -0.4612332806857444
1250 0.01028612382363766 -0.4612636249790331
1251 0.01028668280757771 -0.461282851647792
1252 0.01028474341107958 -0.4613016209432957
1253 0.01028653521607313 -0.461333473714575
1254 0.0102841751833435 -0.46134242124886
1255 0.0102855303746687 -0.4613788024691829
1256 0.01028450860951103 -0.4613887291295591
1257 0.01028405020886029 -0.4614179558493022
1258 0.01028481227899222 -0.4614378617818746
1259 0.01028280190793015 -0.4614548373423464
1260 0.01028460117049059 -0.4614870592500896
1261 0.01028241781734592 -0.4614955206271986
1262 0.01028349805925514 -0.4615303722905059
1263 0.01028284044338625 -0.4615416483918436
1264 0.01028208913666782 -0.4615667975280895
1265 0.01028310782293483 -0.4615906320631437
1266 0.01028096235061972 -0.4616049618659825
1267 0.01028281804783617 -0.4616388816495902
1268 0.01028080244431085 -0.4616458797588794
1269 0.01028165424533906 -0.4616799583960527
1270 0.01028125495182884 -0.4616914059677839
1271 0.01028032466998333 -0.4617149593009196
1272 0.0102814655031127 -0.4617398792777345
1273 0.0102793164937664 -0.4617526565834357
1274 0.01028108486990348 -0.4617866267177932
1275 0.01027936805246395 -0.4617940702177009
1276 0.01027981476971587 -0.4618244891490741
1277 0.01027996510318985 -0.4618384422279208
1278 0.01027852343186396 -0.461861320528324
1279 0.0102800339022358 -0.4618884883812497
1280 0.01027783560616977 -0.4618980394399601
1281 0.01027881986606667 -0.4619238158689818
1282 0.0102787859842221 -0.4619499200111506
1283 0.01027817015911614 -0.4619638218898746
1284 0.01027864483290692 -0.4619893228003302
1285 0.01027745839371806 -0.4620050471565602
1286 0.01027802039976759 -0.4620280996065915
1287 0.01027716440767913 -0.4620484145442469
1288 0.01027735336567345 -0.4620655460225562
1289 0.01027725465573534 -0.4620915024727769
1290 0.01027652874176176 -0.4621023579573808
1291 0.01027711124472609 -0.4621299757985141
1292 0.01027617809757505 -0.4621476540976136
1293 0.01027674720406608 -0.4621703543923159
1294 0.01027602812739068 -0.4621909476298288
1295 0.01027609276082545 -0.4622070905482516
1296 0.01027620901223432 -0.4622320241643125
1297 0.01027535580769712 -0.4622438681247
1298 0.01027576508203127 -0.4622708273687901
1299 0.0102750469373605 -0.4622889702543124
1300 0.01027547178101551 -0.4623085559946459
1301 0.01027496335381531 -0.4623308790927677
1302 0.0102747896859273 -0.4623449049177557
1303 0.0102751129109956 -0.4623706876012115
1304 0.01027427011536507 -0.4623832613469593
1305 0.01027468657109451 -0.4624088127765192
1306 0.01027399353528527 -0.4624276470081008
1307 0.01027436269741994 -0.4624461893052986
1308 0.01027400283160699 -0.4624689102671066
1309 0.0102736775121874 -0.46248096459412
1310 0.01027400471365657 -0.4625065058065576
1311 0.01027333264340158 -0.4625236830679077
1312 0.01027371977397934 -0.4625451427329748
1313 0.01027314859795555 -0.462565181954606
1314 0.01027333320755601 -0.46258143997082
1315 0.01027315422584868 -0.4626050604589768
1316 0.01027272053170258 -0.4626169025406924
1317 0.0102730383769868 -0.4626425362375997
1318 0.01027243214903893 -0.4626594442717034
1319 0.01027287236708886 -0.4626797761216783
1320 0.01027226979356894 -0.4626995439986143
1321 0.01027240976786208 -0.46271592958288
1322 0.01027233992289952 -0.462738945023479
1323 0.01027191096598196 -0.4627537387332147
1324 0.01027223280593631 -0.4627756904823015
1325 0.01027165448517969 -0.462793852660617
1326 0.01027202089887132 -0.4628122836094221
1327 0.01027158471614172 -0.4628334536084064
1328 0.01027152398651044 -0.4628486160428731
1329 0.01027166585831879 -0.4628720992191011
1330 0.01027113263517919 -0.4628870228942096
1331 0.01027156378268645 -0.4629085570815398
1332 0.01027092245415284 -0.4629263670867833
1333 0.01027138249789975 -0.4629466324212365
1334 0.01027094865487172 -0.4629652929169877
1335 0.01027078506058093 -0.4629804710350839
1336 0.01027096653173617 -0.4630026849932025
1337 0.01027040547269543 -0.4630200293004972
1338 0.01027098536118217 -0.4630407859618677
1339 0.01027024098326646 -0.4630582610555583
1340 0.01027073274623586 -0.4630764073038381
1341 0.01027044239060048 -0.4630959892397366
1342 0.01027011570424361 -0.4631118384328711
1343 0.01027044940252257 -0.4631341468430194
1344 0.01026978858543866 -0.463149932179064
1345 0.01027048082362068 -0.4631708033437504
1346 0.01026966194856242 -0.4631878479110619
1347 0.01027015775239919 -0.4632064549744663
1348 0.01026985067815024 -0.4632262529395356
1349 0.01026963423874148 -0.4632422112713071
1350 0.01027000414993359 -0.4632634164926074
1351 0.01026932770317459 -0.4632798963310008
1352 0.01027001925613607 -0.4633009792284303
1353 0.01026924722295914 -0.4633174288743759
1354 0.01026957085995481 -0.4633344475204814
1355 0.01026945586214166 -0.4633552294217996
1356 0.01026909658225373 -0.4633705638253277
1357 0.01026961630977271 -0.4633922817681387
1358 0.0102688688150843 -0.4634083260284916
1359 0.01026963224686045 -0.4634297927115482
1360 0.01026885288394591 -0.4634456545712625
1361 0.01026920501236714 -0.4634642592363733
1362 0.01026908240137392 -0.4634828937539804
1363 0.01026869642349502 -0.4634985234716769
1364 0.01026924462159605 -0.4635206257966927
1365 0.01026843837708637 -0.4635365493570964
1366 0.01026926620038776 -0.4635564358350733
1367 0.01026844442840675 -0.4635732412889564
1368 0.01026885812632587 -0.4635909104670104
1369 0.01026882633638024 -0.4636102094236805
1370 0.01026833692472252 -0.4636252153257527
1371 0.01026897966640611 -0.4636479271846115
1372 0.01026810040628388 -0.4636632831847394
1373 0.01026899840533959 -0.463683725336124
1374 0.01026815386453373 -0.4636999075043522
1375 0.01026857798558094 -0.4637178846248899
1376 0.01026849100166945 -0.4637371213800239
1377 0.01026808283837948 -0.4637527939659647
1378 0.01026874495207388 -0.4637735763097807
1379 0.0102678514753057 -0.4637893084799568
1380 0.01026872066618621 -0.4638090998083739
1381 0.01026793213316649 -0.4638261210530283
1382 0.0102682992130951 -0.4638434470033984
1383 0.010268356463003 -0.4638627953290225
1384 0.01026778935832118 -0.46387841924856
1385 0.01026855194012625 -0.4638998705346202
1386 0.01026761117078794 -0.4639148775962619
1387 0.01026854122209418 -0.4639350690329215
1388 0.01026771358339756 -0.4639512698634678
1389 0.01026812215303384 -0.4639690726186902
1390 0.01026809084633495 -0.4639882720205633
1391 0.0102676593627102 -0.4640037946022415
1392 0.01026836234367812 -0.4640244162411013
1393 0.01026746157285762 -0.4640399311550611
1394 0.01026834003315348 -0.4640595328260201
1395 0.01026757449770362 -0.4640763563397837
1396 0.01026792792666738 -0.464093516528997
1397 0.01026802083430869 -0.4641127256057829
1398 0.01026743916300415 -0.4641281183757924
1399 0.01026823354199217 -0.4641494937523728
1400 0.01026728800087355 -0.4641642271986148
1401 0.01026822901342377 -0.464184326008227
1402 0.01026741774697921 -0.4642003424114437
1403 0.01026781916275019 -0.4642179508249171
1404 0.01026781680995104 -0.4642370878041815
1405 0.010267371085707 -0.4642523137237136
1406 0.01026809834101341 -0.4642729000464492
1407 0.0102671967956491 -0.464288189652189
1408 0.01026808481926527 -0.4643076673045172
1409 0.01026732841515416 -0.4643243600667558
1410 0.01026768397018851 -0.4643412991160427
1411 0.01026778867484273 -0.4643604344189885
1412 0.01026723765577613 -0.4643747903070467
1413 0.01026798135698462 -0.4643970221835244
1414 0.01026708585341046 -0.4644117966083227
1415 0.01026801244152271 -0.4644316859486467
1416 0.01026722269676681 -0.464447452736087
1417 0.01026761655868402 -0.4644647932145547
1418 0.01026766758291918 -0.4644831200183007
1419 0.01026717386693862 -0.4644980235029985
1420 0.01026787264501814 -0.4645196763991031
1421 0.01026703340159759 -0.4645349840736349
1422 0.01026789913607453 -0.4645541328447524
1423 0.01026717094833048 -0.4645704832100939
1424 0.01026750204314513 -0.4645870851262953
1425 0.01026761830738226 -0.4646060306797967
1426 0.01026706803231073 -0.4646202363593579
1427 0.01026781287209352 -0.4646423259871059
1428 0.01026692545544699 -0.4646569913928588
1429 0.0102678462141942 -0.464676743845261
1430 0.01026707580759575 -0.4646924469554241
1431 0.01026744938359247 -0.4647095688286277
1432 0.01026752192242048 -0.4647278340786348
1433 0.01026702186973273 -0.4647426261398717
1434 0.0102677225330497 -0.4647640481428235
1435 0.01026688334071716 -0.4647792655549299
1436 0.01026773987185743 -0.4647981966679584
1437 0.01026703734917147 -0.4648145525253844
1438 0.01026734498013937 -0.4648309379566166
1439 0.01026748476600001 -0.464849818886227
1440 0.01026692480211752 -0.4648639382577455
1441 0.01026767021528092 -0.4648857677234438
1442 0.01026677943218497 -0.4649003490806229
1443 0.01026768630239276 -0.4649198468294192
1444 0.01026694064110619 -0.4649355417895197
1445 0.01026727900354256 -0.4649523973700126
1446 0.01026738065893765 -0.4649705942026197
1447 0.01026686782756121 -0.4649853539024174
1448 0.01026757317541367 -0.4650065120861072
1449 0.01026672751308956 -0.4650216549439606
1450 0.01026757148084843 -0.4650403513418654
1451 0.01026689147140717 -0.4650566669458936
1452 0.01026715171915776 -0.4650727325733733
1453 0.01026732896706513 -0.4650915690409331
1454 0.01026674507771672 -0.4651056168609072
1455 0.01026750629606655 -0.4651272598748429
1456 0.01026660554210216 -0.4651417368429822
1457 0.01026749558061014 -0.4651610084478595
1458 0.01026678214935079 -0.4651767028573112
1459 0.01026706762197296 -0.4651932484605351
1460 0.01026720901960827 -0.4652114010306407
1461 0.01026666681433226 -0.4652260437187659
1462 0.01026738209708532 -0.4652469801945598
1463 0.01026652840414863 -0.4652620192447617
1464 0.01026734960589154 -0.4652804681110538
1465 0.01026670388045211 -0.4652967906119593
1466 0.01026690952225703 -0.4653125403262885
1467 0.01026712468559086 -0.4653313280156262
1468 0.01026651226689799 -0.4653452562556219
1469 0.01026728065819127 -0.4653666756119771
1470 0.01026637242554448 -0.4653810420939126
1471 0.01026723683382406 -0.4654000529927112
1472 0.01026655710978627 -0.4654157523915291
1473 0.01026678735272511 -0.465431975412845
1474 0.01026696418761653 -0.4654500692155289
1475 0.01026639400874485 -0.4654645908940369
1476 0.01026711289259647 -0.4654852802810209
1477 0.01026625228012293 -0.4655002128737844
1478 0.0102670461684656 -0.4655183898716404
1479 0.0102664335323015 -0.4655347132266336
1480 0.01026658319927809 -0.4655501314194266
1481 0.01026683150236028 -0.4655688438218861
1482 0.01026619134449137 -0.4655826491916791
1483 0.01026696224836928 -0.4656038144014735
1484 0.01026604572172889 -0.4656180588692352
1485 0.01026688168390085 -0.4656367858626352
1486 0.01026623394075118 -0.4656524730836648
1487 0.01026640784133175 -0.4656683586314298
1488 0.01026661641547009 -0.4656863627777841
1489 0.0102660180569546 -0.4657007559536548
1490 0.01026673741484461 -0.4657211675041161
1491 0.0102658683102541 -0.4657359746439632
1492 0.01026663215840764 -0.465753854573158
1493 0.01026613789696341 -0.4657698636500747
1494 0.01026607699157917 -0.4657841289592657
1495 0.01026639814299604 -0.465804205355452
1496 0.01026577087275557 -0.465818121682072
1497 0.01026652599963692 -0.4658388138057498
1498 0.01026562516958322 -0.4658527237060809
1499 0.01026639266789142 -0.4658709253587756
1500 0.01026579266796063 -0.465886507355127
1501 0.0102658914613297 -0.4659019901036003
1502 0.01026613417979818 -0.4659198807975591
1503 0.01026551522436509 -0.4659341866584549
1504 0.01026621418737588 -0.4659542119776951
1505 0.01026535624457193 -0.4659689423439513
1506 0.01026606513733684 -0.4659864646258021
1507 0.01026563033332308 -0.4660025461596353
1508 0.01026549401708338 -0.4660164053613601
1509 0.01026585151767289 -0.466036331809791
1510 0.01026519089029233 -0.4660500802568329
1511 0.01026593981857158 -0.4660704261324679
1512 0.0102650418969047 -0.4660842459411866
1513 0.01026575430502268 -0.4661020114841328
1514 0.01026521189166131 -0.466117663084744
1515 0.01026522588679115 -0.4661326604967559
1516 0.01026550912778033 -0.4661504128541902
1517 0.01026485923905507 -0.466164596218118
1518 0.01026555432811728 -0.4661842676784194
1519 0.01026469873022876 -0.4661989054185146
1520 0.01026535126803023 -0.4662159628845767
1521 0.01026496334150409 -0.4662320192336444
1522 0.01026475917900528 -0.466245506174446
1523 0.01026513972631432 -0.4662651571517979
1524 0.01026439692592029 -0.4662793833195929
1525 0.01026523246399225 -0.466298673067834
1526 0.0102642887011919 -0.4663121595746219
1527 0.01026496426778498 -0.4663295089005418
1528 0.01026445366096642 -0.4663452509699342
1529 0.0102643977195632 -0.4663598890825337
1530 0.01026471896642029 -0.4663775254627566
1531 0.01026397338941979 -0.4663921114957884
1532 0.01026476934884897 -0.466410792323495
1533 0.01026385902420479 -0.4664250547955584
1534 0.01026447936566817 -0.4664416703635196
1535 0.01026411255109711 -0.4664577358975238
1536 0.01026385007666746 -0.4664709192170657
1537 0.01026425780590309 -0.4664903553736319
1538 0.01026347745916095 -0.4665043961468668
1539 0.01026431634066213 -0.4665233460530477
1540 0.01026336308828816 -0.4665366141283809
1541 0.01026399212910493 -0.4665535114324584
1542 0.01026351914078924 -0.4665691231149682
1543 0.01026339582282021 -0.4665833482699882
1544 0.01026374480449698 -0.4666007302364534
1545 0.01026296457979009 -0.4666150718543897
1546 0.01026375568649978 -0.4666333833409091
1547 0.01026284187036148 -0.4666474155375338
1548 0.0102634130587907 -0.4666635965600274
1549 0.01026308234513883 -0.4666795220526471
1550 0.01026276214816094 -0.4666923227202909
1551 0.01026318883037151 -0.4667114607917683
1552 0.01026237618537228 -0.4667252021901528
1553 0.0102632064707253 -0.4667437894550951
1554 0.0102622533058131 -0.466756818940497
1555 0.01026283212111403 -0.4667732531622723
1556 0.01026246519457959 -0.4667883511905599
1557 0.01026216866185505 -0.466802467454984
1558 0.01026256425868176 -0.4668198053964003
1559 0.01026177219054411 -0.4668338583102397
1560 0.01026254545922255 -0.4668516411177027
1561 0.01026164522916607 -0.4668653958603672
1562 0.01026215302512494 -0.4668810138334935
1563 0.01026186054648347 -0.4668967784720573
1564 0.01026148747588995 -0.4669091592336232
1565 0.01026192125756022 -0.4669279471428418
1566 0.0102610910380217 -0.4669414023098583
1567 0.01026189925448986 -0.4669595653678383
1568 0.01026095705708585 -0.4669723658355229
1569 0.01026147760984642 -0.466988272685695
1570 0.01026114847230188 -0.4670032145347399
1571 0.01026080504092051 -0.4670160532504495
1572 0.01026118841425581 -0.467034858747681
1573 0.01026042219981888 -0.4670478415404429
1574 0.01026113930586795 -0.4670648510569832
1575 0.01026024811008945 -0.4670782686564191
1576 0.01026068922459865 -0.4670933470354227
1577 0.01026044490985703 -0.4671090121133195
1578 0.01026001539581545 -0.4671209934737727
1579 0.01026046729795757 -0.4671393963666925
1580 0.01025960985371329 -0.4671525709778985
1581 0.01026040499853616 -0.4671702288430911
1582 0.01025946780074167 -0.4671828067062129
1583 0.01025993001408373 -0.4671980952641915
1584 0.0102596385956265 -0.4672128464004538
1585 0.01025924264530212 -0.4672252667962358
1586 0.01025963940210161 -0.4672435958551449
1587 0.01025891564212127 -0.4672559324433834
1588 0.01025949751442139 -0.4672727350424914
1589 0.01025866053252218 -0.4672861185546412
1590 0.01025902738373163 -0.4673005976620244
1591 0.01025884400099815 -0.4673159397676613
1592 0.01025836062984743 -0.4673274809462991
1593 0.01025881584866124 -0.4673452892658638
1594 0.01025794101304896 -0.46735813602733
1595 0.01025870692586516 -0.4673752500303348
1596 0.01025779410418736 -0.4673875756581781
1597 0.01025818399115472 -0.4674022729322035
1598 0.01025794059252886 -0.4674167754540017
1599 0.01025749116164708 -0.4674287853156466
1600 0.01025790197094458 -0.4674466258604001
1601 0.01025715256089135 -0.4674586021025479
1602 0.01025770570883867 -0.4674748228771128
1603 0.01025689420449116 -0.4674879360110559
1604 0.01025718516683795 -0.4675017548846058
1605 0.01025705638515086 -0.4675168955701024
1606 0.01025651489268031 -0.4675279575265687
1607 0.01025698841949542 -0.4675461105931333
1608 0.01025610016860029 -0.4675576047661133
1609 0.01025681560619706 -0.4675739104400038
1610 0.0102559212890119 -0.4675860446193714
1611 0.01025624357949356 -0.467600181781304
1612 0.01025605561900023 -0.4676145557796735
1613 0.01025555873995668 -0.4676261920380987
1614 0.01025598603179537 -0.4676435039385882
1615 0.01025513206159025 -0.467655417143754
1616 0.010255787302052 -0.4676707473076306
1617 0.0102549464566776 -0.4676833342158662
1618 0.01025518688431921 -0.4676964730306959
1619 0.01025507781251442 -0.4677113884799227
1620 0.01025449181736784 -0.4677220549545688
1621 0.01025498250661206 -0.467739723004601
1622 0.01025406168208201 -0.4677508116438912
1623 0.01025476534444718 -0.4677665470845102
1624 0.01025388229280927 -0.4677783403736666
1625 0.01025414746997552 -0.4677918105592491
1626 0.01025399392594805 -0.4678058239721889
1627 0.01025345502664501 -0.4678170220048982
1628 0.01025389089209972 -0.4678337365590987
1629 0.01025301358286452 -0.4678452324351113
1630 0.01025364754916577 -0.4678599752609885
1631 0.01025282513344407 -0.4678722010528936
1632 0.01025297794181002 -0.4678838124951956
1633 0.01025293521534432 -0.467899391503361
1634 0.0102523305509195 -0.4679098352836553
1635 0.01025280167951646 -0.4679260146574287
1636 0.01025187578180823 -0.4679374659657187
1637 0.01025254847543637 -0.4679527103654839
1638 0.01025170620514045 -0.46796401184918
1639 0.01025189155194874 -0.4679766729111471
1640 0.01025177134569689 -0.4679901976327194
1641 0.01025119255779539 -0.4680008403653299
1642 0.01025162325002502 -0.468016952861363
1643 0.01025074696310982 -0.4680280025499622
1644 0.01025133586837683 -0.468042134436766
1645 0.01025064739446666 -0.4680539174017797
1646 0.01025059845860548 -0.4680648911305572
1647 0.01025061858651669 -0.4680803170313096
1648 0.01024999207924606 -0.468090286802673
1649 0.01025045882350383 -0.4681057575282442
1650 0.01024954589569167 -0.4681167162006845
1651 0.01025016532803806 -0.4681312285719997
1652 0.01024945063149073 -0.468142030735904
1653 0.0102494179322775 -0.4681532225272907
1654 0.01024938350069652 -0.4681675849437311
1655 0.0102488061865616 -0.4681779662585348
1656 0.01024920023145191 -0.4681924157582667
1657 0.01024835956214542 -0.4682038547195108
1658 0.0102488878734113 -0.4682173223608642
1659 0.01024826950992886 -0.4682287356602348
1660 0.010248128602862 -0.4682387870519056
1661 0.01024818340688935 -0.4682536743891058
1662 0.01024752812220825 -0.4682631212838902
1663 0.01024797201730065 -0.4682778541324731
1664 0.01024716011866431 -0.4682881938202457
1665 0.01024758950540774 -0.4683021306397075
1666 0.01024698886144475 -0.4683129649101425
1667 0.01024686461922374 -0.4683233795449222
1668 0.01024689075244973 -0.4683372230216404
1669 0.01024629045240837 -0.4683471599402343
1670 0.01024665883027471 -0.4683607195604861
1671 0.0102459215710172 -0.4683715874642582
1672 0.010246251073249 -0.4683843540585135
1673 0.01024574952866593 -0.4683957830120394
1674 0.01024551541483457 -0.468405074861142
1675 0.01024563057687045 -0.4684193900948101
1676 0.01024495368117808 -0.4684284390663839
1677 0.01024537824799248 -0.4684422966337084
1678 0.01024458854399272 -0.4684522742756978
1679 0.01024494259723052 -0.4684653002603428
1680 0.01024442925547698 -0.4684759875849973
1681 0.01024420864381918 -0.4684856017045937
1682 0.01024428944854725 -0.4684989384448479
1683 0.01024366120259887 -0.4685085228104207
1684 0.01024401465432359 -0.4685212111649142
1685 0.01024330221915631 -0.4685317713888382
1686 0.01024351564017958 -0.4685427020199919
1687 0.01024315158244687 -0.4685550201899559
1688 0.01024283217858019 -0.468563728766815
1689 0.01024299239544344 -0.4685773750432142
1690 0.01024229705602261 -0.468586025633595
1691 0.0102426875165632 -0.4685988691037741
1692 0.01024193038514346 -0.4686084698142815
1693 0.0102421579082746 -0.4686196626038503
1694 0.01024178405707986 -0.468631143989104
1695 0.01024148259810158 -0.4686402426520818
1696 0.01024160759581195 -0.4686528818067779
1697 0.01024096551509346 -0.4686620837713425
1698 0.01024127953671821 -0.4686737479355444
1699 0.01024060975585963 -0.4686839305902353
1700 0.01024072238063922 -0.4686939005525037
1701 0.01024046355233858 -0.4687059762391677
1702 0.01024005325041426 -0.4687140124538005
1703 0.01024025900845403 -0.4687269788180312
1704 0.01023955115349888 -0.4687353352360384
1705 0.01023991546613362 -0.468747314158706
1706 0.01023921046668815 -0.4687566236463597
1707 0.01023933679700815 -0.4687668551284904
1708 0.01023906525527743 -0.468778075780658
1709 0.01023867926709037 -0.4687865178135723
1710 0.0102388441331652 -0.4687984475363159
1711 0.01023819195923641 -0.4688073201564754
1712 0.01023850530256755 -0.4688188793349762
1713 0.01023785595609276 -0.46882787548549
1714 0.0102378606809965 -0.4688366885144346
1715 0.01023769677008356 -0.4688485253183099
1716 0.01023721523717343 -0.4688560590570637
1717 0.01023746749310793 -0.4688684036135378
1718 0.01023675230673336 -0.4688764728516142
1719 0.01023712110162827 -0.4688883636618206
1720 0.0102364375076422 -0.4688965380520058
1721 0.01023646090314207 -0.468905619184102
1722 0.01023627427661434 -0.468916536552184
1723 0.01023582601988083 -0.4689245022995721
1724 0.01023603051974883 -0.4689357641006591
1725 0.01023537415670094 -0.4689443445422461
1726 0.0102356293936482 -0.4689542736959197
1727 0.01023507671557353 -0.4689639089421274
1728 0.01023499783636004 -0.4689719923308389
1729 0.01023491527622309 -0.468983365948336
1730 0.01023438005176725 -0.4689903013333254
1731 0.01023463847881522 -0.4690017169920008
1732 0.01023392500865921 -0.4690093409814337
1733 0.01023424579769155 -0.4690203041938787
1734 0.01023363996608113 -0.4690282491167451
1735 0.01023356839029648 -0.4690364789746151
1736 0.01023346408853594 -0.4690469577056899
1737 0.01023297150825645 -0.4690544809315366
1738 0.01023318981036408 -0.4690649156829413
1739 0.01023254487634342 -0.4690731289556919
1740 0.01023275167950671 -0.4690822070918501
1741 0.01023227917976063 -0.4690915668928054
1742 0.01023210662268857 -0.469098790420201
1743 0.0102320965636029 -0.4691096708997333
1744 0.01023152574701579 -0.4691161801316783
1745 0.01023179349322542 -0.4691267934566479
1746 0.01023109517012147 -0.4691340092172142
1747 0.01023133645363307 -0.4691434311616762
1748 0.01023084800780918 -0.4691519316302626
1749 0.01023069431761146 -0.4691594899100136
1750 0.01023065765089349 -0.4691694157751733
1751 0.01023013455805952 -0.4691764196046344
1752 0.01023034362920944 -0.4691859403199671
1753 0.01022972302544413 -0.469193705449498
1754 0.01022986517214483 -0.4692019078524425
1755 0.0102294866277798 -0.4692110254140137
1756 0.01022922496838785 -0.4692174323479477
1757 0.01022927928838149 -0.4692277883058459
1758 0.01022868870606004 -0.4692339215826241
1759 0.01022895434090146 -0.4692437247140797
1760 0.01022828828028136 -0.4692505811087743
1761 0.01022846460634777 -0.4692591220063963
1762 0.0102280671037004 -0.469267372804634
1763 0.01022783313651927 -0.4692741580588669
1764 0.01022785041526169 -0.4692834949401886
1765 0.01022731463498001 -0.4692901497252401
1766 0.01022751551278815 -0.4692988200104875
1767 0.01022692955500503 -0.4693062292809471
1768 0.01022700853043152 -0.4693135755157306
1769 0.01022671912341553 -0.4693224306749851
1770 0.01022638470884678 -0.4693281144696275
1771 0.01022648744630011 -0.4693378497432298
1772 0.01022588719467801 -0.4693436319346207
1773 0.01022614672432429 -0.4693526402799479
1774 0.01022551927228045 -0.4693591455975112
1775 0.0102256281152166 -0.4693668105947271
1776 0.01022532027411465 -0.4693747939355196
1777 0.01022501871877982 -0.4693808963644113
1778 0.0102250814161449 -0.4693896010280706
1779 0.01022454045192538 -0.4693959196777762
1780 0.01022472810663378 -0.469403757942014
1781 0.0102241878603369 -0.4694108445917505
1782 0.01022419746917952 -0.4694173302042866
1783 0.01022399594696642 -0.4694258920606741
1784 0.01022361302093378 -0.4694305164003711
1785 0.01022373195262027 -0.4694401150232325
1786 0.01022315295692292 -0.4694456399969751
1787 0.01022338520455499 -0.4694538524338331
1788 0.01022282180948525 -0.4694599882302552
1789 0.01022284888344523 -0.4694667390524856
1790 0.01022266703775438 -0.4694741504777887
1791 0.01022225147032505 -0.4694798588626684
1792 0.0102223528989762 -0.4694879813422477
1793 0.01022183461486263 -0.4694939897845697
1794 0.01022199562931418 -0.4695010016515691
1795 0.01022152634653916 -0.4695077843758765
1796 0.01022145230740102 -0.4695133852599153
1797 0.01022137547852009 -0.4695214233818108
1798 0.01022090433253359 -0.4695257968182843
1799 0.01022103652330645 -0.4695346986935625
1800 0.0102204878137655 -0.4695398830891036
1801 0.01022068425338311 -0.4695472696323413
1802 0.01022020440391513 -0.4695531642818899
1803 0.01022014495553226 -0.4695590326367035
1804 0.01022003496047342 -0.4695660535508626
1805 0.01021960276227566 -0.469571365139525
1806 0.01021971628869816 -0.4695787344414227
1807 0.0102192238095745 -0.4695844545577063
1808 0.01021934062750089 -0.4695906597028984
1809 0.01021895675745366 -0.4695972587533722
1810 0.01021878572979928 -0.4696014961107614
1811 0.01021878234401365 -0.4696096944637455
1812 0.01021832734303368 -0.4696139612753751
1813 0.01021845255162163 -0.4696219698684989
1814 0.01021793464558826 -0.4696267887467104
1815 0.01021807288260515 -0.4696332763537798
1816 0.01021773532237222 -0.469638902932816
1817 0.01021751629677983 -0.4696439985129564
1818 0.01021747456044246 -0.469650609160517
1819 0.01021705568129705 -0.4696557316501162
1820 0.0102171732329423 -0.4696622680959063
1821 0.01021672353482719 -0.469667726132913
1822 0.01021677871857776 -0.4696730724985302
1823 0.01021654490399584 -0.4696794629056821
1824 0.01021623339814848 -0.4696830875405962
1825 0.01021626866406046 -0.4696906734503948
1826 0.01021584348020425 -0.4696948685061955
1827 0.01021595989709878 -0.4697019658031685
1828 0.01021554299609658 -0.4697064546120187
1829 0.01021553763063318 -0.4697121437036722
1830 0.01021530743685012 -0.4697176772210263
1831 0.01021504367398869 -0.4697218437566963
1832 0.01021503073162336 -0.4697282488932396
1833 0.01021465094893375 -0.469733293955913
1834 0.01021474220771624 -0.469738950572939
1835 0.01021435693541252 -0.4697441349866723
1836 0.01021430589284133 -0.4697481017636431
1837 0.01021418805846217 -0.4697548455966202
1838 0.01021384878105617 -0.4697581713194168
1839 0.01021389491415751 -0.4697652819696175
1840 0.0102135129518121 -0.4697689824275509
1841 0.01021358652961769 -0.4697750264597819
1842 0.01021322637455623 -0.4697793827669984
1843 0.01021314307129393 -0.469784230987318
1844 0.01021300623110746 -0.4697896049437458
1845 0.01021272129010476 -0.4697935178016012
1846 0.01021272790141588 -0.4697995063232313
1847 0.01021237671514316 -0.4698040133454744
1848 0.01021243324106642 -0.4698087710389294
1849 0.01021216320559726 -0.4698138319190624
1850 0.01021197307628365 -0.4698170985432961
1851 0.01021193328735089 -0.4698235553718083
1852 0.01021159327569679 -0.4698267727962112
1853 0.01021166109171004 -0.4698330382926254
1854 0.01021130118328054 -0.4698366088263783
1855 0.01021134146257224 -0.4698418208451979
1856 0.01021105619863579 -0.4698460678839066
1857 0.01021090867823381 -0.4698502162950371
1858 0.0102108339264975 -0.4698551526713831
1859 0.01021055664058977 -0.4698590352687517
1860 0.01021056726517614 -0.4698641789993304
1861 0.01021023925647936 -0.469868485535018
1862 0.01021025772358886 -0.4698725545991281
1863 0.01021006870076361 -0.4698774771282568
1864 0.0102098600120808 -0.4698804738755033
1865 0.01020986079337615 -0.469886260908241
1866 0.01020951178204569 -0.4698892478074079
1867 0.01020960306660019 -0.4698949143739296
1868 0.01020926420647311 -0.4698982108321934
1869 0.01020924083435337 -0.4699025760139994
1870 0.01020905851273665 -0.4699068646544843
1871 0.01020885665763629 -0.4699104621664666
1872 0.01020881288578343 -0.4699147721597313
1873 0.01020857302201252 -0.4699187625005443
1874 0.01020856937736189 -0.4699230879391164
1875 0.01020826812725098 -0.4699270689038311
1876 0.01020825450874856 -0.4699306463167734
1877 0.01020813939712886 -0.4699353227498039
1878 0.01020788180575213 -0.4699378395331967
1879 0.01020789249762216 -0.4699431705320027
1880 0.01020760411575876 -0.4699460399861088
1881 0.01020764648403806 -0.4699506782509824
1882 0.0102073727042169 -0.4699540236537191
1883 0.01020730231765208 -0.4699577871048816
1884 0.01020718943327679 -0.4699618344523649
1885 0.01020695397505321 -0.4699650554058358
1886 0.01020697250723669 -0.4699693258402966
1887 0.01020668502644183 -0.4699727030641523
1888 0.01020673289599493 -0.4699763552569099
1889 0.01020646810138683 -0.4699801660041419
1890 0.01020638765999043 -0.4699827622359774
1891 0.01020633527404293 -0.4699875734526898
1892 0.01020607676228453 -0.469990030570464
1893 0.01020611669622848 -0.4699948015543053
1894 0.01020583510989524 -0.4699974699368366
1895 0.01020586603487748 -0.4700015089677976
1896 0.01020564058755929 -0.4700046633859673
1897 0.01020553156515938 -0.470007872121021
1898 0.01020547024369537 -0.470011586622979
1899 0.01020523389427148 -0.4700146385249815
1900 0.01020527469309256 -0.4700183975268262
1901 0.01020500580825893 -0.4700215922183508
1902 0.01020503537357436 -0.4700247395954152
1903 0.01020489595801496 -0.4700285957562548
1904 0.01020469818514561 -0.4700305079805179
1905 0.01020470466087238 -0.4700350447924373
1906 0.01020446068330318 -0.4700374236955023
1907 0.01020453451542117 -0.470041788780551
1908 0.01020421183882521 -0.4700440061941241
1909 0.0102042778278971 -0.470047604156052
1910 0.01020410236435594 -0.4700505717441634
1911 0.01020398877650654 -0.4700535571315002
1912 0.01020394929732151 -0.4700567908149616
1913 0.0102037334396058 -0.4700597778004808
1914 0.01020376892642437 -0.4700629519238093
1915 0.01020354088659427 -0.4700660405458998
1916 0.01020352908795609 -0.4700686260605463
1917 0.01020343276873003 -0.4700722325226314
1918 0.01020323355218064 -0.470074005542291
1919 0.01020325865333954 -0.4700782595331928
1920 0.01020302454511869 -0.4700802107471522
1921 0.01020308976153732 -0.4700839791687066
1922 0.0102028523961669 -0.4700862275237924
1923 0.01020284801282967 -0.4700893820380151
1924 0.01020272485155647 -0.4700921553684086
1925 0.01020258640571585 -0.4700947915107367
1926 0.0102025778300668 -0.4700976814242522
1927 0.01020238236054851 -0.4701005622710431
1928 0.01020241785743314 -0.4701033217957938
1929 0.01020223111811358 -0.4701062699621142
1930 0.01020217980419977 -0.4701081634292061
1931 0.01020214508165941 -0.4701118843102652
1932 0.01020194656854431 -0.4701135266851753
1933 0.01020199383710075 -0.47011736928704
1934 0.01020177392517486 -0.4701191624342415
1935 0.01020183335089301 -0.4701224998669848
1936 0.01020163640637203 -0.4701246212847963
1937 0.01020160596767673 -0.4701273559304145
1938 0.01020153124315515 -0.4701299768864842
1939 0.01020140242479216 -0.4701323075946306
1940 0.01020139987533681 -0.4701352230538649
1941 0.0102012324547193 -0.4701377720501413
1942 0.01020125334619226 -0.4701400870130423
1943 0.01020113935436508 -0.4701429364377768
1944 0.01020102786924011 -0.4701444939162823
1945 0.01020103652436333 -0.4701480408082008
1946 0.01020084929142732 -0.4701496009302047
1947 0.01020091536396414 -0.4701530651018419
1948 0.01020071663618397 -0.4701547586648865
1949 0.01020076780869898 -0.4701577162882575
1950 0.01020061637398367 -0.4701597773965687
1951 0.01020056599328757 -0.4701621787195133
1952 0.01020052797915041 -0.4701646068922896
1953 0.0102004113268738 -0.4701668852545713
1954 0.01020041926385934 -0.4701694238116121
1955 0.01020029627529281 -0.4701718589304157
1956 0.01020026360115491 -0.4701736133774653
1957 0.01020021268903424 -0.4701767021019951
1958 0.01020009057489231 -0.4701780712100588
1959 0.01020013014810296 -0.4701813313455112
1960 0.01019995954872213 -0.4701828292442449
1961 0.0102000298004957 -0.4701859168032254
1962 0.01019985710478022 -0.4701875270837253
1963 0.0101998906851956 -0.4701901307880543
1964 0.01019978796194151 -0.4701921477473842
1965 0.01019972864701828 -0.4701942064874312
1966 0.01019971187100322 -0.4701965689707537
1967 0.01019961790270573 -0.4701988715657781
1968 0.01019962677364918 -0.4702010568790004
1969 0.01019953513745222 -0.470203424237263
1970 0.01019948515165664 -0.4702048783766443
1971 0.01019947784404922 -0.4702078715093362
1972 0.01019935015870534 -0.4702091045483965
1973 0.01019940839882358 -0.4702120885787923
1974 0.01019925549590219 -0.4702135741675731
1975 0.01019933001923831 -0.470216384628192
1976 0.01019918986367309 -0.4702179741541808
1977 0.01019920515338051 -0.4702202862271849
1978 0.01019914631492403 -0.470222250390386
1979 0.01019908602541043 -0.4702242327606514
1980 0.01019908534951033 -0.470226319799827
1981 0.01019899292815609 -0.4702286447245238
1982 0.01019901476512598 -0.4702303177723339
1983 0.01019896518485943 -0.4702328778585032
1984 0.01019890129893075 -0.4702341607664228
1985 0.0101989285224989 -0.4702370412496799
1986 0.01019880375655124 -0.470238231814627
1987 0.01019887551086501 -0.4702410783529383
1988 0.0101987389126384 -0.4702423938033528
1989 0.01019880857656916 -0.4702449040966624
1990 0.01019870282912944 -0.4702465057261173
1991 0.01019870287294308 -0.4702486269253891
1992 0.01019868057863425 -0.4702505209024129
1993 0.01019862840181167 -0.4702525303828008
1994 0.01019864673622815 -0.4702545480995183
1995 0.01019858238969224 -0.4702566466104788
1996 0.01019857509104269 -0.470258085386893
1997 0.01019856170891851 -0.4702606669861272
1998 0.0101984886655463 -0.47026182526795
1999 0.01019854581645057 -0.4702645711995447
2000 0.01019843241782631 -0.4702658018487094
2001 0.01019851897494352 -0.470268465519194
2002 0.01019839898593851 -0.4702697688803358
2003 0.01019846241618643 -0.4702720868520155
2004 0.01019839263092407 -0.4702736911719494
2005 0.01019838495402254 -0.4702755904333257
2006 0.01019838520120313 -0.4702774991766127
2007 0.01019834609619088 -0.4702795543368139
2008 0.01019837152810844 -0.4702813792331532
2009 0.01019832868280308 -0.4702834598541856
2010 0.01019831179614226 -0.4702847303512557
2011 0.01019833302116973 -0.470287294748251
2012 0.01019825556602738 -0.4702883936165221
2013 0.01019833125400501 -0.470291001186074
2014 0.01019823036219679 -0.4702922672413531
2015 0.01019832390241251 -0.4702947895111211
2016 0.01019822761197579 -0.4702961134584365
2017 0.01019828037325232 -0.4702982787291417
2018 0.01019824456387065 -0.4702998900520672
2019 0.01019823585380768 -0.4703017728842719
2020 0.0101982519516975 -0.4703035499389634
2021 0.01019821391384296 -0.4703056698836074
2022 0.01019825871557303 -0.4703073175099293
2023 0.01019823664005834 -0.4703094107769284
2024 0.01019821164622943 -0.4703105766152422
2025 0.01019826019754315 -0.4703131291194613
2026 0.01019818423610478 -0.4703142489964343
2027 0.01019827668560098 -0.4703168636865274
2028 0.01019818631154653 -0.4703180439226327
2029 0.01019828159388844 -0.4703204178433633
2030 0.0101982087187666 -0.4703217933763137
2031 0.01019825249220037 -0.4703238740460509
2032 0.01019824582654736 -0.4703254988703191
2033 0.01019824081529672 -0.4703274233434304
2034 0.01019827574623119 -0.4703292460681344
2035 0.01019825464642066 -0.4703312109143046
2036 0.0101982819661712 -0.4703327485814167
2037 0.01019828739825713 -0.4703349150199245
2038 0.01019825580885605 -0.4703360413222546
2039 0.01019832930874788 -0.4703385729171386
2040 0.01019826038562642 -0.4703397586986076
2041 0.01019836684320673 -0.4703423101876681
2042 0.01019828718967699 -0.4703435217904795
2043 0.01019838129835534 -0.4703458235848846
2044 0.01019833376752211 -0.4703472439263316
2045 0.01019837032988665 -0.4703492803084125
2046 0.01019838559341435 -0.4703509028062293
2047 0.01019838620109995 -0.4703528829679385
2048 0.01019843122888878 -0.4703546489049464
2049 0.01019842247645235 -0.4703566486797162
2050 0.01019844622052724 -0.4703581283075228
2051 0.01019847748976304 -0.4703603536016476
2052 0.01019844182636266 -0.4703614802892789
2053 0.01019853226684358 -0.4703639886974168
2054 0.01019847049111261 -0.4703652425249396
2055 0.01019858564621392 -0.4703677634973174
2056 0.01019852015368864 -0.4703690233593286
2057 0.01019860930713648 -0.4703712787585512
2058 0.01019858639839197 -0.4703727615181009
2059 0.01019861877195294 -0.4703748055778373
2060 0.0101986512301278 -0.470376431592589
2061 0.01019865142463308 -0.470378523523614
2062 0.01019871330436397 -0.4703802108625834
2063 0.01019871560034083 -0.4703822485848512
2064 0.01019873491286558 -0.4703837054238628
2065 0.01019878780911029 -0.4703860012725374
2066 0.01019875087762823 -0.4703871759464078
2067 0.01019885624877569 -0.4703897844716331
2068 0.01019880098610864 -0.4703910031197773
2069 0.01019892021914284 -0.470393481814192
2070 0.01019886835188871 -0.4703948240781596
2071 0.01019895277923842 -0.4703970779227154
2072 0.01019895217798181 -0.4703986416108546
2073 0.01019898309068223 -0.4704007323242039
2074 0.01019903459967743 -0.4704025093223827
2075 0.01019903578528994 -0.4704045305392473
2076 0.01019910020382505 -0.4704061814499899
2077 0.01019911554238955 -0.4704082952818654
2078 0.01019913040346494 -0.4704097705510323
2079 0.01019920342483378 -0.4704121452016905
2080 0.01019916798747776 -0.4704134037643762
2081 0.01019928663650027 -0.4704160464411616
2082 0.01019923590410107 -0.4704173327092842
2083 0.01019935805981698 -0.4704198259065092
2084 0.01019932085371576 -0.4704212462960952
2085 0.01019940031328938 -0.4704235139499079
2086 0.01019941721319678 -0.4704251475622981
2087 0.01019944828506556 -0.4704273067888736
2088 0.01019951130979308 -0.4704291264530648
2089 0.01019951769729154 -0.4704312144183908
2090 0.01019958293468264 -0.4704328912523685
2091 0.0101996137151439 -0.4704350904445092
2092 0.01019962360803665 -0.4704366016139127
2093 0.01019971206851732 -0.4704390400854276
2094 0.01019967798076897 -0.4704404938164293
2095 0.01019980876517602 -0.4704430654851645
2096 0.01019975603515236 -0.4704444799334243
2097 0.01019988733655293 -0.4704469384661939
2098 0.01019985613763344 -0.470448505190387
2099 0.01019993905047187 -0.4704507515977218
2100 0.01019996884739577 -0.470452561243686
2101 0.01019999948202354 -0.4704547001408815
2102 0.01020007058973677 -0.4704565653459879
2103 0.01020007962054157 -0.470458745042863
2104 0.01020014715293595 -0.4704604926943413
2105 0.01020018501006343 -0.4704628460737396
2106 0.0102002018851836 -0.4704643795536378
2107 0.01020030136659009 -0.4704668678228774
2108 0.01020026617125318 -0.4704684164019441
2109 0.01020040565473092 -0.4704710650038421
2110 0.01020035675449397 -0.4704725671607286
2111 0.01020048856661673 -0.4704750821829649
2112 0.01020046938453294 -0.4704767489309169
2113 0.01020054844566184 -0.4704790541933627
2114 0.0102005904766781 -0.4704809530230141
2115 0.01020062048099916 -0.470483173695017
2116 0.01020069839880909 -0.4704851099596923
2117 0.01020071205671479 -0.4704873756769145
2118 0.01020077982513207 -0.4704891920340022
2119 0.01020082857312452 -0.4704916448702076
2120 0.01020084292028175 -0.4704932531378168
2121 0.0102009512171429 -0.4704959120309182
2122 0.01020091890885133 -0.4704974559704862
2123 0.01020106239123099 -0.4705001610568287
2124 0.01020101678108482 -0.4705017590059278
2125 0.01020114892233692 -0.4705043606978444
2126 0.01020113994933574 -0.4705061429371828
2127 0.01020121675414019 -0.470508526422141
2128 0.01020126834326193 -0.4705105286236446
2129 0.01020129752436153 -0.4705128292467826
2130 0.01020138054367766 -0.470514854487803
2131 0.0102013979453995 -0.4705172107867532
2132 0.0102014655062632 -0.4705191054968939
2133 0.01020152252160044 -0.4705216640813653
2134 0.01020153476254826 -0.4705233512792847
2135 0.01020165032311306 -0.4705261095323565
2136 0.01020161848522741 -0.4705277454090854
2137 0.01020176558369375 -0.4705305408308216
2138 0.01020172428721479 -0.4705322405177173
2139 0.01020185533506403 -0.4705349191173988
2140 0.01020185388369068 -0.4705368133180697
2141 0.01020192876470668 -0.4705392779830486
2142 0.01020198627470137 -0.4705413818397386
2143 0.01020201585276664 -0.4705437758964855
2144 0.01020210158681756 -0.4705458939129816
2145 0.01020212218929882 -0.4705483484300588
2146 0.01020218920124904 -0.4705503310478631
2147 0.0102022522360568 -0.470552997570888
2148 0.01020226282016661 -0.4705547738833312
2149 0.01020238347395135 -0.4705576341084448
2150 0.01020235152605809 -0.4705593666306604
2151 0.01020250118735391 -0.4705622585911475
2152 0.01020246261817673 -0.4705640610021647
2153 0.0102025922453882 -0.4705668239531063
2154 0.01020259677722127 -0.4705688342638599
2155 0.01020266892602589 -0.4705713822767951
2156 0.0102027313168972 -0.4705735940502671
2157 0.0102027602328482 -0.4705760849784076
2158 0.01020284751798501 -0.470578297562168
2159 0.01020287058081231 -0.470580858091188
2160 0.01020293595259374 -0.4705829302863281
2161 0.01020300396227195 -0.47058570852673
2162 0.01020301193517863 -0.4705875759089477
2163 0.01020313637201573 -0.4705905396889331
2164 0.01020310355357422 -0.4705923727550173
2165 0.01020325435047395 -0.470595360614761
2166 0.01020321780488838 -0.4705972707921726
2167 0.0102033451922981 -0.470600121938328
2168 0.01020335436894996 -0.4706022468920364
2169 0.01020342310099396 -0.4706048831319324
2170 0.01020349215868246 -0.4706073343215283
2171 0.01020351757052065 -0.4706097805058413
2172 0.01020360852287269 -0.4706121927194158
2173 0.01020362568553972 -0.470614702555944
2174 0.0102036923647276 -0.4706169879838744
2175 0.01020375966957272 -0.470619739063222
2176 0.01020376249246008 -0.4706216945953433
2177 0.01020389325750512 -0.470624800246891
2178 0.01020385822963039 -0.4706267655372154
2179 0.01020401691563956 -0.4706299995854559
2180 0.01020397594097989 -0.4706318760834903
2181 0.0102041026650476 -0.4706349016376132
2182 0.01020411036711092 -0.4706370039938996
2183 0.01020417373013294 -0.4706397146375013
2184 0.01020424730974447 -0.4706423087601817
2185 0.01020426933745194 -0.4706448663683248
2186 0.01020436375884028 -0.4706473994572631
2187 0.01020437905858478 -0.4706500102211477
2188 0.01020444481822329 -0.47065239442003
2189 0.01020451250830644 -0.4706552457632751
2190 0.01020451379221129 -0.4706574231453168
2191 0.01020464603055336 -0.4706604794147132
2192 0.01020460087837182 -0.4706626121960589
2193 0.01020476787177728 -0.4706658400581173
2194 0.01020471898434382 -0.4706677994535224
2195 0.01020484655851104 -0.4706709406056716
2196 0.01020485192360514 -0.4706732738648713
2197 0.01020491877750838 -0.4706759916419106
2198 0.01020498939553599 -0.4706786468565957
2199 0.01020500715000706 -0.4706813026273102
2200 0.01020509007034307 -0.4706840064611643
2201 0.01020512551200038 -0.4706866935031178
2202 0.01020518203341397 -0.4706891602596902
2203 0.01020524881616309 -0.4706920777701392
2204 0.01020524167064853 -0.4706943504703456
2205 0.01020537655048719 -0.4706976119461658
2206 0.01020532770535649 -0.4706997253584683
2207 0.01020549380143745 -0.4707030262019217
2208 0.01020543542529175 -0.4707051759684063
2209 0.01020557318071431 -0.4707083430262297
2210 0.01020556998642823 -0.4707107357262937
2211 0.01020563426004687 -0.4707136504986937
2212 0.01020570606670097 -0.4707163015306559
2213 0.01020571029062095 -0.4707191011878744
2214 0.01020581816272039 -0.4707217991218291
2215 0.01020581165866453 -0.470724638335575
2216 0.01020589337375463 -0.4707271905715985
2217 0.01020594209175452 -0.4707302689257971
2218 0.01020595018642918 -0.4707325727441379
2219 0.01020607380948159 -0.4707359000535857
2220 0.01020602225119778 -0.4707380994580236
2221 0.0102061857921838 -0.4707415050653546
2222 0.01020612125429379 -0.4707437333157443
2223 0.0102062623014579 -0.4707470195791263
2224 0.01020624959119208 -0.4707494646213583
2225 0.01020631671377039 -0.470752490441821
2226 0.01020638204855455 -0.4707552130803369
2227 0.01020638378011654 -0.470758090570229
2228 0.01020649081782385 -0.4707608891042694
2229 0.01020647616498967 -0.4707637847187234
2230 0.01020654563194113 -0.4707664802884678
2231 0.01020661204054464 -0.4707696057476547
2232 0.01020661370150629 -0.4707719917999621
2233 0.01020673057976149 -0.4707753635329869
2234 0.01020667005553143 -0.4707776277476798
2235 0.01020683419789119 -0.4707811320450122
2236 0.01020676045263133 -0.4707834338259325
2237 0.01020690763791264 -0.4707868303848732
2238 0.01020688141645194 -0.4707893328099275
2239 0.0102069539646419 -0.4707924480098489
2240 0.01020700806261964 -0.4707952329753156
2241 0.01020701000134982 -0.470798183712585
2242 0.01020710081623626 -0.470801127659869
2243 0.01020710348231232 -0.4708040429209787
2244 0.01020716599131825 -0.4708068117769116
2245 0.01020721847494258 -0.4708099470605328
2246 0.01020722016289014 -0.4708124305532889
2247 0.01020732840240235 -0.4708158631214382
2248 0.01020726681538834 -0.4708182177276491
2249 0.01020742922201736 -0.4708218020162246
2250 0.01020731855560776 -0.4708241225142882
2251 0.01020751412217757 -0.4708276764110338
2252 0.01020744038541305 -0.4708302258616395
2253 0.01020755830600679 -0.4708334210414916
2254 0.01020757874750062 -0.4708362299843498
2255 0.01020758588710724 -0.470839221905606
2256 0.01020765995888203 -0.4708422389099614
2257 0.01020766059561258 -0.4708452003875634
2258 0.01020772230669364 -0.4708480847391623
2259 0.01020776337769968 -0.4708512356035166
2260 0.01020776942108561 -0.4708538274862363
2261 0.01020786514801704 -0.4708572831999425
2262 0.01020780055127689 -0.4708598132759609
2263 0.01020796348473522 -0.4708633259957187
2264 0.01020786824804557 -0.4708657051676878
2265 0.01020802553529993 -0.470869417012405
2266 0.01020794349818223 -0.4708718130176561
2267 0.01020806323601122 -0.4708751387635592
2268 0.01020807893286381 -0.4708781361222033
2269 0.01020808976524237 -0.4708810654247753
2270 0.01020815749603618 -0.4708841153465579
2271 0.01020814706458424 -0.4708871310339726
2272 0.01020821408498443 -0.4708901114884053
2273 0.01020823849762667 -0.4708932921385918
2274 0.01020822793488885 -0.470895947156077
2275 0.01020834785052143 -0.4708994787914532
2276 0.01020827478698073 -0.4709019330210418
2277 0.01020842661049196 -0.4709057126717859
2278 0.01020832171146502 -0.4709080052319299
2279 0.01020847982402551 -0.470911743352485
2280 0.01020837639221793 -0.4709141404540357
2281 0.01020850941318807 -0.4709175687833625
2282 0.01020848940541454 -0.4709204993660255
2283 0.01020853301693279 -0.4709236145777745
2284 0.01020858309627777 -0.4709267341672024
2285 0.01020856994144003 -0.4709297235677808
2286 0.01020863038434137 -0.470932756146865
2287 0.01020863849392236 -0.4709359075906609
2288 0.01020863455817115 -0.4709386545009147
2289 0.01020873725555113 -0.4709421776816945
2290 0.0102086641423436 -0.4709448049270913
2291 0.01020881252532112 -0.470948352735967
2292 0.0102086880188387 -0.4709508819273436
2293 0.01020886438883512 -0.4709546044030289
2294 0.01020873487438098 -0.4709569594595346
2295 0.01020887948043934 -0.4709604746500448
2296 0.01020883618219618 -0.4709633835788682
2297 0.01020888738303482 -0.4709665714179218
2298 0.01020892412227615 -0.4709697099785329
2299 0.01020890898478509 -0.4709727292965313
2300 0.01020896692280579 -0.4709758096645563
2301 0.01020895933301974 -0.470978935462306
2302 0.01020896336886048 -0.470981757817984
2303 0.01020904491286506 -0.4709852465306553
2304 0.01020897700384597 -0.4709879173472694
2305 0.01020911249293224 -0.4709914739485113
2306 0.01020898287176594 -0.4709940018793434
2307 0.01020915786235899 -0.4709977685278999
2308 0.01020901142368196 -0.4710000894149486
2309 0.01020916850148683 -0.4710038069924868
2310 0.01020910292295009 -0.4710065189359575
2311 0.01020915561057972 -0.4710097321240047
2312 0.01020919548256322 -0.4710129776931668
2313 0.01020915044834465 -0.4710158920017415
2314 0.01020921979133187 -0.4710192531861003
2315 0.01020920098609296 -0.4710220384676941
2316 0.01020922645615348 -0.4710251038998136
2317 0.01020924741693016 -0.4710283892660764
2318 0.01020919787265042 -0.4710310891599775
2319 0.01020931777053156 -0.4710346930083471
2320 0.01020919366227519 -0.4710372455329651
2321 0.01020936659505375 -0.4710410604948998
2322 0.0102092316444435 -0.4710433930330239
2323 0.01020935480783978 -0.4710470835816244
2324 0.01020928973110699 -0.4710498176382857
2325 0.01020932418298058 -0.4710529555969803
2326 0.0102093634931574 -0.4710561543382418
2327 0.01020930850880354 -0.4710591024964463
2328 0.01020940481097063 -0.4710623711085067
2329 0.01020932257214009 -0.4710653187984922
2330 0.01020939249692094 -0.4710683863715872
2331 0.0102093789245153 -0.4710716210127333
2332 0.01020934557927913 -0.4710743115289607
2333 0.0102094432422795 -0.4710778929078374
2334 0.01020932266734141 -0.471080302020191
2335 0.01020947858530094 -0.4710842410604044
2336 0.01020933703890996 -0.4710865526105984
2337 0.01020946632904626 -0.4710902696677511
2338 0.01020938561526956 -0.471092825651291
2339 0.01020941478284857 -0.4710961870614618
2340 0.01020944623701161 -0.4710992244533557
2341 0.01020938663210525 -0.4711021452627117
2342 0.01020948012362595 -0.4711053940707475
2343 0.01020938248207213 -0.4711082979470981
2344 0.01020946066826766 -0.4711113920098692
2345 0.01020942264312359 -0.4711145474159066
2346 0.01020940044855987 -0.4711172673371202
2347 0.01020947890425879 -0.4711207910146288
2348 0.01020935746225506 -0.4711231668287453
2349 0.01020950743383655 -0.4711270973403971
2350 0.01020935339226959 -0.471129344558289
2351 0.01020948913437756 -0.4711330881013514
2352 0.01020937898006523 -0.4711356407295144
2353 0.01020943133719349 -0.471138807660404
2354 0.01020943397728535 -0.4711418854396238
2355 0.01020937973989181 -0.4711447863708855
2356 0.01020946247525946 -0.471148023972814
2357 0.0102093581108583 -0.4711508774380124
2358 0.0102094379614285 -0.4711539616902244
2359 0.01020937935137007 -0.4711570286623368
2360 0.01020936627815814 -0.471159745127251
2361 0.01020942396513069 -0.4711631920234571
2362 0.01020930458655727 -0.4711655285629354
2363 0.01020944473619534 -0.4711694176191773
2364 0.01020928220482912 -0.4711716090968831
2365 0.01020942257190437 -0.4711753463539428
2366 0.01020929664270697 -0.4711777121943895
2367 0.01020934659536673 -0.4711810880741405
2368 0.01020933759175003 -0.4711838474385455
2369 0.01020927760764309 -0.4711868231607818
2370 0.01020935722453201 -0.4711900525783302
2371 0.01020924465918798 -0.4711928379819985
2372 0.01020932866820598 -0.4711958877936743
2373 0.0102092466552192 -0.4711988349036463
2374 0.01020924508199582 -0.4712015389481489
2375 0.01020927945069496 -0.4712048883927777
2376 0.01020916436890559 -0.4712071712101934
2377 0.01020929301278757 -0.4712110095877734
2378 0.0102091242544628 -0.4712131272941216
2379 0.01020926709350801 -0.4712168480189676
2380 0.01020912081648352 -0.4712191001289243
2381 0.01020918157743207 -0.4712224667326844
2382 0.01020915050485414 -0.4712251229628165
2383 0.01020909435681285 -0.4712280373354385
2384 0.01020916265902144 -0.4712312077559848
2385 0.01020904462476668 -0.4712339189114785
2386 0.01020912992033181 -0.4712369309425831
2387 0.01020902873934987 -0.4712397712097071
2388 0.01020903454772813 -0.4712422990152796
2389 0.01020904857255312 -0.4712457153058635
2390 0.01020894156948626 -0.4712479663546873
2391 0.01020905680664845 -0.4712515892273918
2392 0.01020888228497933 -0.4712537642002044
2393 0.01020902664069123 -0.4712574483039374
2394 0.01020886357080824 -0.4712595617749505
2395 0.01020893106366758 -0.4712627469658768
2396 0.01020887655796033 -0.471265416901821
2397 0.01020882956368968 -0.471268295379612
2398 0.01020888314992119 -0.4712713575883904
2399 0.01020876337399578 -0.4712739747220113
2400 0.01020884531496212 -0.4712769174726732
2401 0.01020872883369441 -0.4712796312946258
2402 0.01020874094427101 -0.4712821173733981
2403 0.01020873697675171 -0.4712854150606071
2404 0.01020863306622674 -0.4712875935351408
2405 0.01020873780887068 -0.4712911335152152
2406 0.01020855815014 -0.4712932100404113
2407 0.01020870142317016 -0.4712968297709949
2408 0.0102085235988251 -0.4712988210793098
2409 0.01020859761983933 -0.4713019572810189
2410 0.01020852489916599 -0.4713044999718702
2411 0.01020848161166694 -0.4713073016886105
2412 0.01020852232168363 -0.4713101237001044
2413 0.01020839782385522 -0.4713128044743883
2414 0.01020848231756444 -0.4713157162531667
2415 0.01020836868488967 -0.4713182604456745
2416 0.01020836146334188 -0.4713207025712891
2417 0.01020834539687144 -0.4713238730496424
2418 0.0102082469270456 -0.47132580505398
2419 0.01020833451500709 -0.471329397569298
2420 0.01020815991443474 -0.4713313932509466
2421 0.01020829299646626 -0.4713347785775233
2422 0.0102081100422253 -0.4713367926393164
2423 0.01020818812516637 -0.4713398757934354
2424 0.01020810011664172 -0.4713422532049006
2425 0.01020805907181252 -0.471344944412969
2426 0.01020808619346083 -0.4713476366238868
2427 0.01020795996787601 -0.4713502056991247
2428 0.0102080343460756 -0.47135286500471
2429 0.01020790161386477 -0.471355508125488
2430 0.01020792360784809 -0.4713578692218686
2431 0.01020789939533453 -0.4713608122533669
2432 0.0102077835276264 -0.4713626839368278
2433 0.010207862390885 -0.4713661968367455
2434 0.01020769617791446 -0.4713679697118021
2435 0.01020780712487998 -0.4713713321269252
2436 0.01020763733204276 -0.4713731770417589
2437 0.01020769164806351 -0.4713762246136461
2438 0.01020761151460774 -0.4713784005462827
2439 0.01020755575579477 -0.4713810762696892
2440 0.010207578826991 -0.4713834978997437
2441 0.01020745197284669 -0.471386120571429
2442 0.01020752276167817 -0.4713886700091577
2443 0.01020740344607821 -0.4713911366970404
2444 0.01020739019480975 -0.4713931925566563
2445 0.01020736695689697 -0.4713962400779602
2446 0.01020725573039073 -0.4713980269775706
2447 0.01020732793082055 -0.4714012554969675
2448 0.01020715685186553 -0.4714030221272151
2449 0.01020726047831344 -0.471406277139216
2450 0.0102070909609119 -0.4714079766430375
2451 0.01020713666030999 -0.4714108625008221
2452 0.01020705374448922 -0.4714129163001051
2453 0.01020699708888696 -0.4714153315536285
2454 0.0102070054851825 -0.4714177755031124
2455 0.01020689645285953 -0.471420235969747
2456 0.01020692833019186 -0.4714225085528383
2457 0.01020682669936749 -0.4714251065761734
2458 0.0102068035793853 -0.4714270377007836
2459 0.01020678566745689 -0.4714299514770602
2460 0.01020666559124006 -0.4714315559416402
2461 0.01020672961784783 -0.4714346060989242
2462 0.01020655731755254 -0.471436246505346
2463 0.01020664698017195 -0.4714391741454599
2464 0.01020648350808324 -0.4714409683908312
2465 0.01020651925820866 -0.4714435786496483
2466 0.01020644110376126 -0.4714457049285476
2467 0.01020638104769189 -0.4714479929538906
2468 0.01020638254705349 -0.4714502460771949
2469 0.01020627151447285 -0.4714525623502842
2470 0.01020629151801837 -0.4714546421772354
2471 0.01020619395738522 -0.4714571265701595
2472 0.01020615594937918 -0.4714588757577709
2473 0.01020614529727253 -0.4714616857168543
2474 0.01020601514490959 -0.4714631563212605
2475 0.01020607932418017 -0.4714660562919343
2476 0.0102059037526448 -0.4714675865016844
2477 0.01020598597246434 -0.471470343276147
2478 0.01020582690649527 -0.4714720338189891
2479 0.01020584817885745 -0.4714744614129888
2480 0.01020577689548165 -0.4714764684371519
2481 0.01020570645484656 -0.4714786207446804
2482 0.01020570819112569 -0.4714807094482036
2483 0.01020559296274456 -0.471482904046345
2484 0.01020560616298413 -0.4714848108320297
2485 0.01020551335171811 -0.4714871871280473
2486 0.01020546091575877 -0.4714887506479994
2487 0.01020545815903178 -0.4714914432674625
2488 0.01020531732551552 -0.4714927707153314
2489 0.01020538308527101 -0.4714955143003631
2490 0.01020520350345085 -0.4714969145039699
2491 0.01020527849801953 -0.4714994960510679
2492 0.01020512551681543 -0.4715010771544962
2493 0.01020513180573476 -0.4715033138873686
2494 0.01020506868449179 -0.4715051979019553
2495 0.01020498830934048 -0.4715072078974585
2496 0.0102049905061037 -0.4715091263144932
2497 0.01020487277544795 -0.4715111954300608
2498 0.01020487794246732 -0.4715129168742056
2499 0.01020479211674015 -0.471515185145254
2500 0.01020472530878957 -0.4715165573259276
2501 0.01020473003873142 -0.4715191190104813
2502 0.01020458071567683 -0.4715203071040064
2503 0.01020464705491739 -0.4715228829999789
2504 0.0102044653703248 -0.4715241496363841
2505 0.01020453259688033 -0.4715265491729029
2506 0.01020438669603926 -0.4715280134683079
2507 0.01020437922044384 -0.4715300615064233
2508 0.01020432348929068 -0.4715318083510116
2509 0.01020423496791873 -0.471533676574636
2510 0.01020423737795792 -0.4715354191147637
2511 0.01020411837057718 -0.4715373557429506
2512 0.01020411545204745 -0.4715388885265995
2513 0.01020403759625373 -0.4715410430436929
2514 0.01020395736829285 -0.4715422236335068
2515 0.0102039692508588 -0.471544645335447
2516 0.01020381293505065 -0.4715456919901959
2517 0.0102038795619284 -0.471548095807043
2518 0.01020369732116416 -0.4715492246318103
2519 0.01020375637362603 -0.4715514362690636
2520 0.01020361863579901 -0.4715527801006531
2521 0.0102035984649162 -0.4715546403876697
2522 0.01020354958539798 -0.4715562403844682
2523 0.0102034546081788 -0.4715579666326846
2524 0.01020345683312841 -0.471559528317343
2525 0.01020333809439885 -0.4715613300260399
2526 0.01020332694449909 -0.4715626697679967
2527 0.01020325784467858 -0.4715647065694398
2528 0.01020316550642293 -0.4715656978445882
2529 0.01020318398724565 -0.4715679710648312
2530 0.01020302224454891 -0.4715688754495254
2531 0.01020308886745628 -0.4715711036575567
2532 0.01020290752269534 -0.4715720923051784
2533 0.01020295830863064 -0.4715741123293946
2534 0.01020282945918287 -0.4715753320819937
2535 0.01020279788555349 -0.4715770077498425
2536 0.01020275540807014 -0.4715784532571758
2537 0.01020265540711982 -0.4715800368667784
2538 0.01020265726810293 -0.4715814149196815
2539 0.01020254023589984 -0.4715830809662913
2540 0.01020252083295385 -0.4715842245489044
2541 0.01020246112848777 -0.4715861407742364
2542 0.01020235822972289 -0.471586838556189
2543 0.01020238064751104 -0.4715890791573618
2544 0.01020222743482654 -0.4715898045030518
2545 0.01020227800949632 -0.4715919117628997
2546 0.01020210690051775 -0.4715927776161818
2547 0.01020214565100876 -0.4715945945478955
2548 0.01020202909103965 -0.4715956653060528
2549 0.01020198600193402 -0.4715971464948595
2550 0.01020194821585597 -0.4715984152873577
2551 0.01020184574469723 -0.4715998546767974
2552 0.01020184519871825 -0.4716010461045644
2553 0.01020173393262922 -0.4716025858584327
2554 0.01020170432618648 -0.4716035307153334
2555 0.01020165666884673 -0.4716053333619076
2556 0.01020154454743001 -0.4716058646599227
2557 0.01020157152908381 -0.4716079282099593
2558 0.01020141657409887 -0.4716085229462385
2559 0.0102014648254566 -0.4716104304053719
2560 0.01020129908189354 -0.4716111651435321
2561 0.01020132785239724 -0.4716127791290124
2562 0.0102012305374051 -0.4716136888562935
2563 0.01020117129811584 -0.4716149710013381
2564 0.01020113265088562 -0.4716160805648855
2565 0.01020103441139202 -0.4716175040349036
2566 0.01020103050096672 -0.4716185190950471
2567 0.01020093255567278 -0.4716199213308361
2568 0.01020088385703589 -0.4716205173706107
2569 0.01020086174929915 -0.4716222852154909
2570 0.01020073059787814 -0.4716226903985404
2571 0.01020076043133991 -0.471624502015756
2572 0.01020060792867949 -0.4716250364753046
2573 0.01020065015209522 -0.4716267519473052
2574 0.01020050868954201 -0.4716273251226815
2575 0.0102005057597144 -0.471628641220839
2576 0.01020042372415916 -0.4716295510810791
2577 0.01020036393406143 -0.4716307099373646
2578 0.01020032546314804 -0.4716316117570651
2579 0.01020024613440825 -0.4716328820501111
2580 0.01020020893817463 -0.4716335637979368
2581 0.01020014777281505 -0.4716350103026283
2582 0.01020006582354375 -0.4716353973295598
2583 0.01020006099547876 -0.4716370537992662
2584 0.01019992959068585 -0.4716373194494496
2585 0.01019995785932972 -0.4716389071923285
2586 0.01019981261567794 -0.471639317971729
2587 0.01019984144881171 -0.4716407152623799
2588 0.0101997186652428 -0.4716413082151832
2589 0.0101997021130317 -0.4716424264882904
2590 0.01019963286894578 -0.471643198366659
2591 0.01019957158782035 -0.4716442344868598
2592 0.01019953060234439 -0.4716449090719506
2593 0.01019945807891672 -0.4716460816857437
2594 0.0101994101349464 -0.4716465287475867
2595 0.01019936581864115 -0.4716478981229169
2596 0.01019927010134788 -0.4716480734845236
2597 0.01019927559053798 -0.4716495745829677
2598 0.01019914450399462 -0.4716497559564826
2599 0.01019917294441469 -0.4716511260027935
2600 0.01019903480282747 -0.4716514501243968
2601 0.01019905392370667 -0.4716526224922895
2602 0.01019894759935607 -0.4716531277252117
2603 0.01019891872586282 -0.4716540628193927
2604 0.01019885860928872 -0.4716546565928344
2605 0.01019879709939646 -0.4716556109600853
2606 0.01019875605447302 -0.4716560584472273
2607 0.01019869073097656 -0.4716571426152601
2608 0.01019863322562573 -0.4716573726307839
2609 0.01019860523950174 -0.4716586454341523
2610 0.01019850071273578 -0.4716585989720978
2611 0.01019851185203095 -0.4716599871967002
2612 0.01019838408506509 -0.4716601070688637
2613 0.01019841242000977 -0.4716612787879366
2614 0.01019828435570095 -0.471661496298657
2615 0.01019829139617905 -0.4716624538523481
2616 0.01019820094367604 -0.4716628378186069
2617 0.01019816296729385 -0.4716636307885177
2618 0.01019810997441325 -0.4716640310219631
2619 0.01019805006965337 -0.4716648994584545
2620 0.01019800789516177 -0.4716651477583539
2621 0.01019795425868367 -0.4716661443744308
2622 0.01019788480860408 -0.4716661729983482
2623 0.01019787290708261 -0.4716673323091898
2624 0.01019776479957414 -0.47166719681917
2625 0.01019777956871149 -0.4716683637708424
2626 0.01019765412480854 -0.4716683889836301
2627 0.01019768035235686 -0.4716693728251074
2628 0.0101975654246698 -0.4716695016958059
2629 0.01019756108517453 -0.4716702727864453
2630 0.01019748549154992 -0.4716705329376641
2631 0.01019744299821133 -0.4716712167079549
2632 0.01019739547295247 -0.4716714291864532
2633 0.01019733923579845 -0.4716722045707628
2634 0.01019729321428043 -0.4716722622237789
2635 0.01019725368955631 -0.4716731727631476
2636 0.01019717261259043 -0.4716729664793643
2637 0.01019717454494507 -0.4716740582279945
2638 0.01019706784525329 -0.4716738645674059
2639 0.01019708478518749 -0.4716748282332612
2640 0.01019696548132119 -0.4716747524036952
2641 0.01019698534094019 -0.4716755443106601
2642 0.01019688501372881 -0.4716755788081246
2643 0.01019687095558068 -0.4716761879776896
2644 0.01019680851214533 -0.4716762751485759
2645 0.01019676336603622 -0.4716769001177116
2646 0.01019671869018235 -0.471676949684915
2647 0.0101966715076616 -0.4716776386564854
2648 0.01019661981923348 -0.4716775181729831
2649 0.01019659514247085 -0.4716783321455534
2650 0.01019650799696515 -0.4716780005153325
2651 0.01019651676241426 -0.4716789146190857
2652 0.01019641256629523 -0.4716786528477066
2653 0.01019643051378596 -0.4716794301268458
2654 0.01019632652880429 -0.4716792699349537
2655 0.01019633060390945 -0.4716798798002976
2656 0.01019625162376148 -0.4716798367553221
2657 0.0101962261890317 -0.4716803195863655
2658 0.01019617125464003 -0.471680268002148
2659 0.01019613351689655 -0.47168081973126
2660 0.0101960892031642 -0.4716806948761528
2661 0.01019605212139963 -0.4716812949936964
2662 0.01019598982156781 -0.4716809557300017
2663 0.01019598287719282 -0.4716817348778848
2664 0.01019589405684484 -0.4716813210510128
2665 0.01019590734515533 -0.4716820559028056
2666 0.01019580797636506 -0.471681724858134
2667 0.01019582443698797 -0.4716823248920258
2668 0.01019573145278179 -0.4716820934767514
2669 0.01019572905925454 -0.471682536343643
2670 0.01019566187881 -0.4716823909353275
2671 0.01019563645733422 -0.4716827812998308
2672 0.01019558633903489 -0.4716825773421087
2673 0.01019555518585137 -0.4716830626947717
2674 0.01019550636436276 -0.471682731075188
2675 0.01019548673316172 -0.4716833261271626
2676 0.01019541727585883 -0.4716828488523338
2677 0.01019542183191161 -0.471683505226108
2678 0.01019533426624674 -0.4716830309492007
2679 0.01019535024409043 -0.4716835864387764
2680 0.01019525659417445 -0.4716831958314516
2681 0.01019527043458212 -0.471683626194755
2682 0.01019519005747115 -0.4716833298016018
2683 0.01019518331188735 -0.4716836428458401
2684 0.01019512560477116 -0.4716833817713642
2685 0.01019510359279023 -0.4716837125628229
2686 0.01019505755446581 -0.4716833668479236
2687 0.01019503403461909 -0.4716837856370705
2688 0.01019498259955733 -0.4716833169554179
2689 0.01019497546578667 -0.4716838280644094
2690 0.01019490312244582 -0.4716832619612982
2691 0.01019491519235324 -0.4716837687774013
2692 0.01019482992595968 -0.4716832488845055
2693 0.01019484970286376 -0.4716836538045215
2694 0.01019476347625844 -0.4716832059474086
2695 0.01019477512871943 -0.4716834999182937
2696 0.01019470670581107 -0.4716831306019067
2697 0.01019469863528161 -0.4716833521751494
2698 0.01019464850201832 -0.4716829701516363
2699 0.01019463069611685 -0.4716832433198732
2700 0.01019458729706812 -0.471682772223987
2701 0.01019457314792899 -0.4716831245136142
2702 0.01019451858567354 -0.4716825438716125
2703 0.01019452299303162 -0.4716829604392158
2704 0.01019445027568805 -0.4716823377806576
2705 0.01019446908796132 -0.4716827071274443
2706 0.01019438748495504 -0.4716821403459665
2707 0.01019440949920036 -0.4716824158890202
2708 0.01019433269936037 -0.4716819143484891
2709 0.0101943420828261 -0.4716820936909535
2710 0.01019428406726956 -0.4716816431724086
2711 0.01019427741008657 -0.4716817993881602
2712 0.01019423340413374 -0.4716813083918087
2713 0.01019422128582156 -0.4716815231819214
2714 0.0101941791249541 -0.4716809499982287
2715 0.01019417535784468 -0.4716812349757358
2716 0.01019411860880908 -0.4716805710342087
2717 0.01019413290323684 -0.4716808882950061
2718 0.01019406176156671 -0.4716802241000472
2719 0.01019408613106962 -0.4716804735891283
2720 0.01019400956203244 -0.4716798582852159
2721 0.01019403266064165 -0.4716800235559012
2722 0.01019396607329223 -0.4716794712784597
2723 0.01019397279505812 -0.4716795477112353
2724 0.01019392481125486 -0.471679034730551
2725 0.01019392133564538 -0.4716791279565245
2726 0.01019388328091815 -0.4716785647204138
2727 0.01019387741505098 -0.4716787063013729
2728 0.01019383605496024 -0.4716780647857964
2729 0.01019384225348289 -0.4716782669173146
2730 0.01019378502832915 -0.4716775573495294
2731 0.01019380722384055 -0.471677764690454
2732 0.01019373884797549 -0.471677074039877
2733 0.0101937677559385 -0.471677213686157
2734 0.0101936985146253 -0.4716765704112554
2735 0.01019372164684593 -0.4716766355703113
2736 0.01019366562471206 -0.4716760474757417
2737 0.01019367444802287 -0.4716760656170091
2738 0.01019363320170114 -0.4716754756313183
2739 0.0101936336073856 -0.4716755190660271
2740 0.01019359884781281 -0.4716748772829569
2741 0.0101936012229658 -0.4716749717896132
2742 0.01019355922569392 -0.4716742605657943
2743 0.01019357561043473 -0.4716744031447833
2744 0.01019351936422292 -0.4716736558189444
2745 0.01019354849500485 -0.4716737770628369
2746 0.0101934841614233 -0.4716730561641606
2747 0.01019351656608363 -0.4716731149378525
2748 0.01019345527543176 -0.4716724385138995
2749 0.01019347883479133 -0.4716724316046181
2750 0.01019343184046897 -0.4716717979369034
2751 0.0101934430807359 -0.4716717702345797
2752 0.0101934100241695 -0.4716711165494273
2753 0.01019341285205561 -0.4716711159525343
2754 0.01019338469722813 -0.4716704296330773
2755 0.01019339130917849 -0.4716704749227145
2756 0.01019335245635519 -0.4716697223213285
2757 0.01019337515680901 -0.4716698017899473
2758 0.0101933208172859 -0.4716690300311391
2759 0.01019335708923449 -0.4716690803702581
2760 0.01019329605903839 -0.471668309982279
2761 0.0101933340106021 -0.471668323996551
2762 0.01019327942707969 -0.4716676077326788
2763 0.0101933059630307 -0.4716675760607963
2764 0.01019326746778293 -0.4716668930214838
2765 0.01019328001530169 -0.4716668410791572
2766 0.01019325414124724 -0.4716661421006951
2767 0.01019326088079271 -0.4716661088591799
2768 0.01019323573815525 -0.4716653685637864
2769 0.01019325076175712 -0.4716653800376098
2770 0.01019321270609903 -0.4716645883512611
2771 0.01019324420220713 -0.4716646262330639
2772 0.01019319239176118 -0.4716638201946101
2773 0.01019323453958657 -0.4716638339913605
2774 0.01019317845852661 -0.4716630506927192
2775 0.01019321927050103 -0.4716630243550658
2776 0.01019317265931548 -0.4716622828414345
2777 0.01019320061632555 -0.4716622143799728
2778 0.01019317012455716 -0.4716614986566529
2779 0.01019318562495026 -0.47166142057497
2780 0.01019316552717094 -0.4716606918401834
2781 0.01019317796750921 -0.4716606361282837
2782 0.01019315530644658 -0.4716598673431459
2783 0.01019317820500063 -0.4716598537533678
2784 0.01019314162589027 -0.4716590378000704
2785 0.01019318039578482 -0.4716590458426053
2786 0.01019313198938868 -0.4716582234452797
2787 0.01019317925606973 -0.4716582105554461
2788 0.01019312923479241 -0.4716574132779067
2789 0.0101931723934033 -0.4716573589004457
2790 0.01019313365518254 -0.4716566058513423
2791 0.01019316369829939 -0.4716565142278414
2792 0.01019313987405353 -0.4716557805157021
2793 0.01019315924546071 -0.4716556854555912
2794 0.01019314319671911 -0.4716549339156054
2795 0.01019316188975107 -0.4716548650428523
2796 0.01019314141315667 -0.4716540768738863
2797 0.01019317191050711 -0.4716540525879669
2798 0.01019313781896834 -0.4716532251055049
2799 0.01019318296080839 -0.4716532180033693
2800 0.01019313879768273 -0.4716523902663637
2801 0.0101931902996237 -0.4716523603589464
2802 0.0101931465362503 -0.471651561147709
2803 0.01019319215664954 -0.4716514898770625
2804 0.01019316017308146 -0.4716507308274946
2805 0.0101931930132006 -0.4716506290144603
2806 0.01019317488676991 -0.4716498856113335
2807 0.01019319877183561 -0.4716497884994876
2808 0.01019318680891687 -0.4716490289078521
2809 0.01019321196035806 -0.4716489632669587
2810 0.01019319368730237 -0.4716481647224471
2811 0.01019323121819592 -0.4716481407900339
2812 0.01019319977581774 -0.4716473109413484
2813 0.01019325050631634 -0.4716472960899146
2814 0.0101932104983166 -0.471646471754622
2815 0.0101932670339907 -0.4716464077914536
2816 0.0101932266830463 -0.4716456356302743
2817 0.01019327694747026 -0.4716455506846706
2818 0.01019324965765103 -0.4716448235196515
2819 0.01019328648309341 -0.4716447037899664
2820 0.0101932739879356 -0.4716439909733454
2821 0.01019330138917976 -0.4716438686909762
2822 0.01019329468248279 -0.4716431439458704
2823 0.01019332456523637 -0.4716430535963639
2824 0.01019330995462373 -0.4716422924158814
2825 0.01019335392710019 -0.4716422458911264
2826 0.01019332446040123 -0.4716414551188363
2827 0.01019338267932629 -0.4716414209598437
2828 0.01019334369618136 -0.4716406308821915
2829 0.01019340599099074 -0.471640578200928
2830 0.01019336995259857 -0.4716398178465708
2831 0.01019342368000638 -0.4716397317863353
2832 0.01019340194152498 -0.471639012121467
2833 0.01019344176668435 -0.4716389026929121
2834 0.01019343433008516 -0.4716382016790514
2835 0.01019346600824149 -0.4716380997249965
2836 0.0101934630704658 -0.4716373877945659
2837 0.01019349841748634 -0.4716373176735565
2838 0.01019348619787403 -0.4716365716784253
2839 0.01019353627710544 -0.4716365435302199
2840 0.01019350936431021 -0.471635769967246
2841 0.01019357273721701 -0.4716357529275864
2842 0.01019353733069333 -0.4716349829727302
2843 0.01019360360112243 -0.4716349502472555
2844 0.01019357244890135 -0.4716342106629607
2845 0.01019362924777353 -0.4716341461913641
2846 0.01019361262794547 -0.4716334490900639
2847 0.01019365589674497 -0.4716333643376919
2848 0.01019365284017059 -0.4716326850151473
2849 0.01019368875424086 -0.4716326087420232
2850 0.0101936887609828 -0.4716319186542239
2851 0.01019372964790222 -0.4716318785663136
2852 0.01019371973015708 -0.4716311532904764
2853 0.01019377513979417 -0.4716311547902076
2854 0.01019375099734963 -0.4716304065005499
2855 0.01019381894528561 -0.4716304195852221
2856 0.0101937874059572 -0.4716296771886782
2857 0.01019385706728501 -0.4716296733047299
2858 0.01019383049890563 -0.4716289650005903
2859 0.0101938903483784 -0.4716289311971978
2860 0.01019387827029992 -0.4716282639392528
2861 0.01019392497138155 -0.4716282132218101
2862 0.01019392551886649 -0.4716275627576352
2863 0.01019396579158863 -0.4716275246146867
2864 0.01019396863529022 -0.4716268621358191
2865 0.01019401426502331 -0.4716268613267877
2866 0.01019400666641933 -0.4716261657363296
2867 0.01019406695550836 -0.4716262070408122
2868 0.01019404560451381 -0.4716254908750145
2869 0.01019411754775966 -0.4716255417728289
2870 0.0101940894854273 -0.4716248359245157
2871 0.01019416244942795 -0.4716248709910626
2872 0.0101941401210385 -0.4716242005249748
2873 0.01019420281322705 -0.4716242072969835
2874 0.01019419484493731 -0.471623577874365
2875 0.01019424472182467 -0.4716235708083674
2876 0.01019424889757654 -0.4716229566075757
2877 0.0101942928277745 -0.4716229643175879
2878 0.01019429826882087 -0.471622338191392
2879 0.01019434847016234 -0.4716223863995336
2880 0.01019434303128672 -0.4716217269414649
2881 0.01019440758528276 -0.4716218147929404
2882 0.01019438870806296 -0.471621139664211
2883 0.01019446444421779 -0.4716212378852393
2884 0.01019443973090319 -0.4716205753950551
2885 0.01019451543119705 -0.471620656463479
2886 0.01019449700258293 -0.4716200311218671
2887 0.01019456210196903 -0.4716200861988895
2888 0.0101945581363531 -0.4716195007052342
2889 0.01019461074121983 -0.471619546016857
2890 0.01019461802501464 -0.4716189744710312
2891 0.01019466550934232 -0.4716190371675527
2892 0.01019467322399681 -0.4716184524906825
2893 0.01019472743052417 -0.471618556315465
2894 0.01019472382968679 -0.471617941598995
2895 0.01019479246313214 -0.4716180850008356
2896 0.0101947758751281 -0.4716174561912491
2897 0.01019485472430404 -0.4716176077995586
2898 0.0101948330501193 -0.4716169954805373
2899 0.01019491120844185 -0.4716171322724331
2900 0.0101948965072591 -0.4716165573105107
2901 0.01019496355913313 -0.4716166683461699
2902 0.0101949630751736 -0.4716161326852313
2903 0.01019501818679326 -0.4716162381485237
2904 0.01019502845778992 -0.4716157164205303
2905 0.01019507889677263 -0.4716158399838431
2906 0.01019508841268428 -0.4716153034912708
2907 0.01019514654292234 -0.4716154980822062
2908 0.01019514487318554 -0.4716149045514451
2909 0.01019521537223479 -0.4716151216021667
2910 0.01019520258713841 -0.4716145234673392
2911 0.01019528116614902 -0.4716147462720675
2912 0.01019526588676413 -0.4716141786294493
2913 0.01019534258382276 -0.4716143883433725
2914 0.01019533507349674 -0.4716138641507376
2915 0.01019540128801255 -0.4716140526745857
2916 0.0101954061072571 -0.471613559381177
2917 0.01019546227411984 -0.4716137480748454
2918 0.01019547476905218 -0.4716132581787529
2919 0.01019552839630771 -0.4716134726787273
2920 0.01019553844414093 -0.4716129631968844
2921 0.01019559977489558 -0.4716132208240617
2922 0.01019559920837721 -0.4716126872661242
2923 0.01019567263033993 -0.4716129768149955
2924 0.01019566260140023 -0.4716124463376287
2925 0.01019574289190657 -0.471612736604499
2926 0.01019573116197672 -0.4716122349551874
2927 0.01019580836004192 -0.4716125051858923
2928 0.01019580446083509 -0.4716120449659625
2929 0.01019587143773146 -0.4716122969465323
2930 0.01019587911713581 -0.4716118659292746
2931 0.01019593709331011 -0.4716121236368912
2932 0.0101959511185022 -0.4716116929096589
2933 0.01019600767674945 -0.4716119798574474
2934 0.01019601818543341 -0.471611528461083
2935 0.01019608296352389 -0.4716118586582813
2936 0.01019608294622734 -0.471611387136137
2937 0.01019615911364515 -0.4716117448960795
2938 0.01019615064353223 -0.4716112821238354
2939 0.01019623235447302 -0.4716116373630119
2940 0.01019622335340455 -0.4716112064270001
2941 0.01019630088258842 -0.4716115420440735
2942 0.0101963003076427 -0.4716111516844828
2943 0.01019636761602373 -0.4716114733436197
2944 0.01019637792802569 -0.4716111074382134
2945 0.01019643717444966 -0.4716114396460406
2946 0.01019645243111828 -0.4716110710298053
2947 0.0101965114940952 -0.4716114345228576
2948 0.0101965219614593 -0.4716110448681091
2949 0.01019658990731283 -0.4716114503844918
2950 0.01019658993480244 -0.4716110456650565
2951 0.01019666852945758 -0.4716114743801039
2952 0.01019666121312273 -0.4716110834942924
2953 0.01019674392321749 -0.4716115080316649
2954 0.0101967373213505 -0.4716111498539635
2955 0.01019681469365068 -0.471611555814798
2956 0.01019681710261205 -0.4716112367503856
2957 0.01019688433032129 -0.4716116324888465
2958 0.01019689684872523 -0.4716113346618813
2959 0.0101969569736069 -0.4716117431109281
2960 0.01019697287464514 -0.4716114403798487
2961 0.01019703420214012 -0.4716118817506832
2962 0.01019704409864477 -0.4716115579692186
2963 0.01019711483807435 -0.4716120403332549
2964 0.01019711464644019 -0.4716117064367247
2965 0.01019719505938455 -0.4716122084782744
2966 0.0101971887021901 -0.471611891373909
2967 0.01019727171721019 -0.4716123880414673
2968 0.01019726741450747 -0.4716121053069494
2969 0.01019734405854803 -0.4716125837465868
2970 0.01019734904738968 -0.4716123383817096
2971 0.01019741588919697 -0.47161280974238
2972 0.01019742991363896 -0.4716125821040939
2973 0.01019749083534633 -0.4716130688392707
2974 0.01019750667752312 -0.4716128341758127
2975 0.01019757005337446 -0.4716133551061468
2976 0.0101975790084238 -0.4716131000505777
2977 0.01019765194729395 -0.4716136599803618
2978 0.01019765136146492 -0.4716133990387512
2979 0.01019773290021987 -0.4716139758344647
2980 0.01019772742573434 -0.4716137350490672
2981 0.01019781006250671 -0.4716143045196077
2982 0.01019780777815872 -0.4716140990963036
2983 0.01019788327403989 -0.4716146507548296
2984 0.01019789031649099 -0.4716144807888579
2985 0.0101979565369947 -0.4716150285185987
2986 0.01019797147888592 -0.4716148733292475
2987 0.01019803295451473 -0.4716154386731182
2988 0.0101980481740805 -0.4716152736031148
2989 0.01019811326958565 -0.4716158747885744
2990 0.01019812098914022 -0.4716156906005296
2991 0.01019819554722338 -0.4716163281511609
2992 0.01019819437282316 -0.4716161417593102
2993 0.01019827641996026 -0.4716167937384303
2994 0.01019827157216858 -0.4716166299702969
2995 0.01019835332817083 -0.4716172729295981
2996 0.01019835267814041 -0.471617145375356
2997 0.01019842670545838 -0.4716177708139394
2998 0.01019843524388928 -0.4716176768295163
2999 0.01019850059237429 -0.47161830078488
3000 0.01019851581364102 -0.4716182185724696
3001 0.01019857758641477 -0.4716188619587053
3002 0.01019859172751448 -0.471618768057275
3003 0.01019865807872042 -0.4716194478958448
3004 0.01019866427936117 -0.471619336010212
3005 0.01019873989198378 -0.4716200502209111
3006 0.01019873796390484 -0.4716199396643682
3007 0.01019881988805757 -0.4716206658991273
3008 0.01019881547048108 -0.4716205798394867
3009 0.01019889583188559 -0.4716212955631539
3010 0.0101988964281685 -0.47162124577037
3011 0.01019896871818829 -0.4716219448970967
3012 0.01019897817081142 -0.471621926508839
3013 0.01019904243527218 -0.4716226256539356
3014 0.01019905730261779 -0.4716226159139357
3015 0.01019911914822889 -0.4716233358270834
3016 0.0101991317165934 -0.471623312881886
3017 0.01019919894557716 -0.4716240695526427
3018 0.01019920336899693 -0.471624030289769
3019 0.01019927947967934 -0.4716248192075731
3020 0.01019927664669359 -0.4716247846508667
3021 0.01019935782644489 -0.4716255829155579
3022 0.01019935360360693 -0.4716255738271508
3023 0.0101994320409667 -0.4716263596895158
3024 0.01019943351480779 -0.4716263869512447
3025 0.01019950371706878 -0.4716271570411277
3026 0.01019951358045304 -0.4716272138133095
3027 0.01019957651969821 -0.4716279855411444
3028 0.01019959053510784 -0.4716280481319273
3029 0.01019965218947102 -0.4716288419579306
3030 0.01019966281716476 -0.4716288897990027
3031 0.01019973048349899 -0.4716297203639958
3032 0.01019973294645303 -0.4716297536022915
3033 0.01019980897215184 -0.4716306142435086
3034 0.01019980503536515 -0.471630654418716
3035 0.01019988492079328 -0.4716315220354305
3036 0.0101998806551952 -0.4716315886218335
3037 0.01019995677846433 -0.4716324421374448
3038 0.01019995871574569 -0.4716325449337078
3039 0.01020002658557636 -0.4716333832705302
3040 0.01020003629358673 -0.4716335132866067
3041 0.01020009770240874 -0.4716343544977543
3042 0.01020011031934663 -0.4716344874277448
3043 0.01020017153951088 -0.4716353521271962
3044 0.01020017987163191 -0.4716354692551229
3045 0.0102002475654689 -0.4716363704919722
3046 0.01020024786324893 -0.4716364747221341
3047 0.01020032328841347 -0.4716374038455077
3048 0.01020031803451711 -0.471637516626509
3049 0.0102003961178877 -0.4716384502105699
3050 0.01020039149565322 -0.4716385901325446
3051 0.01020046494883672 -0.4716395079879437
3052 0.01020046686269893 -0.471639683635835
3053 0.01020053218147466 -0.4716405868629162
3054 0.01020054115659852 -0.4716407872050931
3055 0.01020060085063475 -0.4716416944729692
3056 0.01020061158878872 -0.4716418951389198
3057 0.01020067208441597 -0.4716428270775835
3058 0.01020067780659492 -0.471643011014476
3059 0.0102007450520636 -0.4716439788756724
3060 0.01020074298852874 -0.4716441514326223
3061 0.01020081725309851 -0.4716451447952256
3062 0.01020081049303033 -0.471645327054962
3063 0.01020088630119559 -0.4716463221478556
3064 0.01020088107404446 -0.4716465321267677
3065 0.01020095157226357 -0.4716475100990002
3066 0.01020095304559387 -0.4716477550224594
3067 0.0102010156429955 -0.4716487190636764
3068 0.01020102339438163 -0.4716489859064333
3069 0.01020108121974548 -0.4716499552164526
3070 0.01020108966611752 -0.4716502197677528
3071 0.01020114918854866 -0.4716512148216486
3072 0.01020115206544413 -0.4716514620127281
3073 0.01020121845973467 -0.4716524920627291
3074 0.01020121388905621 -0.4716527292080058
3075 0.01020128654361358 -0.4716537822191161
3076 0.01020127811002233 -0.4716540300396859
3077 0.01020135126000201 -0.4716550820110638
3078 0.01020134512695475 -0.471655357958285
3079 0.01020141244173374 -0.4716563916299408
3080 0.01020141301998712 -0.4716567012416267
3081 0.0102014727623936 -0.4716577217580152
3082 0.01020147881654307 -0.4716580503226109
3083 0.01020153463462062 -0.4716590774106253
3084 0.01020154042842593 -0.4716594012516266
3085 0.0102015987118182 -0.4716604549068674
3086 0.01020159853492184 -0.4716607609700296
3087 0.01020166366952909 -0.471661848310257
3088 0.01020165644179102 -0.4716621454901143
3089 0.01020172704911275 -0.4716632529995094
3090 0.0102017167532125 -0.471663561669329
3091 0.01020178691134883 -0.4716646654217241
3092 0.01020177955978512 -0.471665002399651
3093 0.01020184351019218 -0.4716660869972585
3094 0.01020184275400359 -0.471666455920468
3095 0.01020189953058478 -0.4716675282882344
3096 0.0102019034551184 -0.4716679130932482
3097 0.01020195712494082 -0.471668993334051
3098 0.010201959950684 -0.4716693711650501
3099 0.01020201672033339 -0.4716704784330655
3100 0.01020201330807344 -0.4716708382367159
3101 0.01020207679263001 -0.471671977491644
3102 0.01020206676856351 -0.4716723294496491
3103 0.01020213494105929 -0.4716734859052152
3104 0.01020212393023717 -0.4716738989071778
3105 0.01020219031771998 -0.4716749995560828
3106 0.0102021812180336 -0.4716754225886947
3107 0.01020224076880374 -0.4716765024570946
3108 0.01020223883208899 -0.4716769659765674
3109 0.01020229065682034 -0.4716780635350153
3110 0.01020229526626852 -0.4716785227109029
3111 0.01020234269011368 -0.4716796147597576
3112 0.01020234614942259 -0.4716800707707714
3113 0.01020239727425753 -0.4716811933980312
3114 0.01020239351673876 -0.4716816298628763
3115 0.01020245303987585 -0.4716827915758778
3116 0.01020244105617589 -0.4716832126217794
3117 0.01020250656713784 -0.4716843977377471
3118 0.01020249133986702 -0.4716848236063286
3119 0.01020255551998382 -0.4716860036796072
3120 0.01020254443486583 -0.4716864569563068
3121 0.01020260072059418 -0.4716876124995261
3122 0.01020259786194213 -0.4716881013801867
3123 0.01020264543239391 -0.4716892365943334
3124 0.01020264816995939 -0.4716897453975978
3125 0.01020269220170608 -0.4716908817552715
3126 0.01020269346239453 -0.4716913847621239
3127 0.01020274161477248 -0.4716925470579174
3128 0.01020273511667333 -0.4716930277841035
3129 0.01020279179314414 -0.4716942268818792
3130 0.01020277677296989 -0.4716946894760971
3131 0.01020283954250802 -0.4716959124794056
3132 0.01020282121332832 -0.4716963775458482
3133 0.01020288268055793 -0.4716975960634892
3134 0.01020286853547934 -0.4716980876906267
3135 0.01020292205647714 -0.4716992804386514
3136 0.01020291616098388 -0.4716998077639912
3137 0.01020296090282629 -0.4717009781077195
3138 0.01020296063211598 -0.4717015255452968
3139 0.01020300175718897 -0.4717026955868661
3140 0.01020300013517946 -0.4717032368434613
3141 0.01020304514038198 -0.4717044314555046
3142 0.01020303594608309 -0.4717049493752998
3143 0.01020308923122894 -0.4717061794903553
3144 0.01020307154027968 -0.4717066777821384
3145 0.01020313099934098 -0.4717079315640785
3146 0.01020310969954272 -0.4717084302806808
3147 0.01020316831045482 -0.4717096806042084
3148 0.01020315069863681 -0.4717102032492081
3149 0.01020320173825796 -0.4717114280821105
3150 0.01020319324447847 -0.4717120323770514
3151 0.01020323505337863 -0.4717131864920374
3152 0.0102032301484918 -0.4717137445441247
3153 0.01020326760992625 -0.4717149414893609
3154 0.0102032635987771 -0.4717155235815269
3155 0.01020330533061232 -0.4717167482152329
3156 0.01020329401717259 -0.471717303257306
3157 0.0102033438193363 -0.47171855806951
3158 0.01020332328073846 -0.471719086068116
3159 0.01020337944978724 -0.4717203624074036
3160 0.01020335468596954 -0.4717208870266235
3161 0.01020341049513861 -0.4717221607317926
3162 0.01020338907061538 -0.4717227075486317
3163 0.01020343756416011 -0.4717239564099863
3164 0.01020342426610417 -0.4717245369268942
3165 0.01020346359119408 -0.471725759964088
3166 0.01020345799038349 -0.4717264120894076
3167 0.01020349190128581 -0.4717275784851706
3168 0.01020348476356517 -0.4717282039912845
3169 0.01020352110637044 -0.4717293915334603
3170 0.01020350687050299 -0.471730001778714
3171 0.01020355250070981 -0.471731231482651
3172 0.01020352877773473 -0.4717318189297038
3173 0.01020358271436581 -0.4717330797790574
3174 0.01020355338533017 -0.4717336600021277
3175 0.01020360829868731 -0.4717349211835375
3176 0.0102035812903037 -0.4717355168702402
3177 0.01020362894277061 -0.4717367509632533
3178 0.01020361051131459 -0.4717373828069047
3179 0.0102036477085023 -0.4717385835156002
3180 0.01020363715003308 -0.4717392404536525
3181 0.01020366806090305 -0.4717404285642953
3182 0.01020365849318914 -0.4717410856306622
3183 0.01020369147414737 -0.4717422892082668
3184 0.01020367482703698 -0.4717429187075226
3185 0.01020371664879663 -0.4717441578921726
3186 0.01020368982303829 -0.4717447595860683
3187 0.01020374024645063 -0.4717460274665449
3188 0.01020370710100164 -0.4717466165646041
3189 0.01020375940176845 -0.4717478880846973
3190 0.01020372797843167 -0.4717484930887312
3191 0.01020377367007461 -0.471749739281683
3192 0.01020375055177816 -0.4717503750638619
3193 0.0102037856995159 -0.4717515879780507
3194 0.01020377105970481 -0.4717522524324562
3195 0.01020379891130305 -0.471753446776388
3196 0.01020378631290006 -0.4717541120190339
3197 0.0102038152308045 -0.4717553174068959
3198 0.01020379633497289 -0.4717559597856218
3199 0.01020383369639907 -0.4717571975268349
3200 0.01020380432027632 -0.4717578061681357
3201 0.01020385102217764 -0.4717590760214084
3202 0.01020381436555133 -0.4717596696154181
3203 0.01020386402238735 -0.4717609456340815
3204 0.01020382808599252 -0.4717615480836992
3205 0.01020387192364628 -0.4717628007296749
3206 0.01020384397254367 -0.4717634355512235
3207 0.01020387717989591 -0.4717646519619035
3208 0.01020385819720711 -0.4717653139401329
3209 0.01020388333250341 -0.4717665087480983
3210 0.01020386750778094 -0.4717671769534591
3211 0.01020389243529116 -0.4717683768488301
3212 0.01020387126172187 -0.4717690207195783
3213 0.01020390403538845 -0.4717702512755871
3214 0.01020387246039103 -0.4717708624824336
3215 0.0102039150135595 -0.4717721250911443
3216 0.01020387515931222 -0.4717727138892239
3217 0.01020392132362366 -0.471774019276718
3218 0.01020388255334633 -0.4717745831407724
3219 0.01020392367516097 -0.4717758217440749
3220 0.01020389031663823 -0.4717764438242044
3221 0.01020392169002163 -0.471777662855311
3222 0.01020389873068349 -0.4717783198294619
3223 0.01020392128265398 -0.4717795117507367
3224 0.01020390258966702 -0.4717801763624074
3225 0.010203923369542 -0.4717813644689889
3226 0.01020390017074812 -0.4717820027817274
3227 0.01020392807059881 -0.47178321776618
3228 0.01020389443526326 -0.4717838216100171
3229 0.01020393147826965 -0.4717850990452431
3230 0.01020389104103062 -0.4717856503769972
3231 0.01020393309030597 -0.4717869303325008
3232 0.01020388962547687 -0.4717874771741472
3233 0.01020392811019507 -0.4717887436479662
3234 0.0102038919836474 -0.4717893223533983
3235 0.01020391936558205 -0.4717905508794394
3236 0.01020389483902335 -0.4717911675655321
3237 0.01020391077109705 -0.4717923610090073
3238 0.01020389338428019 -0.471792992841514
3239 0.0102039054155158 -0.4717941784778834
3240 0.01020388543617121 -0.4717947919956706
3241 0.01020390596670863 -0.4717959781049556
3242 0.01020387116785051 -0.4717965723393082
3243 0.01020390305869746 -0.4717978343333353
3244 0.01020386077426063 -0.4717983736997844
3245 0.01020389971096312 -0.4717996387109049
3246 0.01020385224671375 -0.4718001623704795
3247 0.0102038891492602 -0.4718014154971485
3248 0.01020384766342318 -0.4718019647669521
3249 0.01020387404395956 -0.4718031801678179
3250 0.01020384442837693 -0.4718037682485419
3251 0.01020385649076418 -0.4718048793716336
3252 0.010203840769199 -0.4718056039156988
3253 0.01020384370102831 -0.4718066714505695
3254 0.01020382718745005 -0.4718073646809142
3255 0.0102038348928102 -0.4718084419774388
3256 0.01020380866813575 -0.4718090951395721
3257 0.01020382812973385 -0.4718102113721284
3258 0.01020378939723175 -0.4718108243571841
3259 0.01020381898354912 -0.4718119717114853
3260 0.01020377348948176 -0.4718125656634523
3261 0.01020380400550335 -0.471813709361547
3262 0.0102037622050637 -0.4718143174518049
3263 0.01020378344519111 -0.4718154222138087
3264 0.01020375293647158 -0.4718160662052617
3265 0.01020376122179754 -0.4718171248360799
3266 0.01020374099708751 -0.4718177960182196
3267 0.01020374146045339 -0.4718188303026797
3268 0.01020372304403133 -0.4718194979765538
3269 0.01020372601687102 -0.4718205414682475
3270 0.01020369927256773 -0.4718211745252771
3271 0.01020371332677305 -0.4718222527798576
3272 0.01020367359797405 -0.4718228409356026
3273 0.01020369911054951 -0.4718239523701048
3274 0.01020365066930314 -0.4718245129257478
3275 0.01020367945869987 -0.4718256276354796
3276 0.01020363259263526 -0.4718261940351535
3277 0.01020365370496557 -0.4718272747054569
3278 0.01020361753354796 -0.4718278744757599
3279 0.01020362528440174 -0.4718289061367618
3280 0.01020360083735323 -0.4718295379118763
3281 0.0102035987358025 -0.4718305369902018
3282 0.01020357845430949 -0.4718311723271958
3283 0.01020357666779603 -0.4718321726847184
3284 0.01020354966933473 -0.4718327767648935
3285 0.01020355819623321 -0.4718338089696095
3286 0.01020351797007929 -0.4718343653796445
3287 0.01020353914551023 -0.4718354339383913
3288 0.01020348837346109 -0.4718359560847005
3289 0.0102035151995585 -0.4718370349369997
3290 0.01020346370412672 -0.4718375549469859
3291 0.01020348483537369 -0.47183860535145
3292 0.01020344295728014 -0.4718391545733935
3293 0.01020345079414667 -0.4718401545702827
3294 0.01020342173304185 -0.4718407390077467
3295 0.01020342039454962 -0.4718416775144177
3296 0.01020339350053854 -0.4718422920989256
3297 0.0102033917352208 -0.4718432368764237
3298 0.01020336028684452 -0.4718438221405166
3299 0.01020336545501959 -0.4718448119039704
3300 0.01020332548356465 -0.4718452934158637
3301 0.01020334082894613 -0.4718463417974422
3302 0.01020329065097842 -0.4718467959607329
3303 0.01020331259665944 -0.4718478607664448
3304 0.01020326044919691 -0.4718483071242793
3305 0.01020327808516707 -0.4718493475604104
3306 0.01020323385376321 -0.4718498132883889
3307 0.01020323934529424 -0.4718508036359855
3308 0.01020320727745154 -0.4718513402000578
3309 0.01020320456702688 -0.4718522328603198
3310 0.01020317511628971 -0.4718527868095951
3311 0.01020316948500643 -0.4718536776700242
3312 0.01020313723742746 -0.471854214173535
3313 0.01020313984729922 -0.471855127298723
3314 0.01020309611827318 -0.4718555835430919
3315 0.01020310813207099 -0.4718565939531485
3316 0.01020305783204937 -0.4718570038382576
3317 0.01020307716889318 -0.4718580148054407
3318 0.01020302212306972 -0.4718584060232547
3319 0.01020303863985928 -0.4718593931702905
3320 0.01020298995542991 -0.471859802784556
3321 0.01020299533488455 -0.4718607477695797
3322 0.0102029591137403 -0.4718611891396219
3323 0.0102029522897841 -0.471862091834568
3324 0.01020292509877108 -0.4718625510206938
3325 0.01020291288415903 -0.4718634366226815
3326 0.01020288486075098 -0.471863878901352
3327 0.01020288119865094 -0.4718647594406894
3328 0.01020283793124968 -0.4718651756051672
3329 0.01020284725112449 -0.4718660979481155
3330 0.01020279312307706 -0.4718664767951124
3331 0.01020281107098324 -0.4718674078068579
3332 0.01020275244228723 -0.4718677715337074
3333 0.01020276955291706 -0.4718686857698312
3334 0.01020271591116897 -0.4718690601655621
3335 0.01020272346563878 -0.4718699334066999
3336 0.01020268045115523 -0.471870333091383
3337 0.01020267691788344 -0.4718711664579924
3338 0.01020264196198041 -0.4718715784485151
3339 0.01020263334091648 -0.4718723941705327
3340 0.01020259822466864 -0.4718727929954467
3341 0.0102025939519962 -0.4718736186180686
3342 0.01020254999921242 -0.4718739792159315
3343 0.01020255657329188 -0.4718748326240335
3344 0.01020250133784524 -0.471875150684886
3345 0.01020251682399512 -0.4718760227635496
3346 0.01020245636089754 -0.4718763233297016
3347 0.0102024718403806 -0.471877180626357
3348 0.01020241577969292 -0.471877493655294
3349 0.0102024224979375 -0.4718783093189283
3350 0.01020237700202585 -0.4718786502134635
3351 0.01020237284944465 -0.4718794279890345
3352 0.01020233563794892 -0.4718797781406577
3353 0.01020232530907681 -0.471880532995514
3354 0.01020228866628672 -0.4718808680907435
3355 0.01020228199309304 -0.4718816325098439
3356 0.01020223726508915 -0.4718819308914268
3357 0.01020224149853477 -0.4718827251643935
3358 0.01020218532896049 -0.4718829803767407
3359 0.01020219850667685 -0.4718837876612885
3360 0.01020213657367524 -0.4718840266126237
3361 0.01020215121386363 -0.4718848242680001
3362 0.01020209267563326 -0.4718850714342554
3363 0.01020209922854229 -0.4718858311649965
3364 0.01020205090878557 -0.4718861003699565
3365 0.01020204568240673 -0.4718868157016039
3366 0.01020200698187919 -0.4718871017007762
3367 0.01020199527891459 -0.471887796709989
3368 0.01020195725253293 -0.4718880275928631
3369 0.01020194761459899 -0.4718887717944108
3370 0.01020190408108423 -0.4718890120333259
3371 0.01020190635193412 -0.4718897415858924
3372 0.0102018506188525 -0.4718898995524253
3373 0.01020185922526049 -0.4718906726364743
3374 0.01020179916223563 -0.471890820663105
3375 0.01020180906431924 -0.4718915835493389
3376 0.01020175140953727 -0.4718917646350558
3377 0.01020175647778493 -0.4718924584495193
3378 0.01020170774342682 -0.4718926232257381
3379 0.01020169879242066 -0.4718933017710619
3380 0.01020166000091452 -0.4718934886673801
3381 0.01020164652717634 -0.4718941590547706
3382 0.01020160992296998 -0.4718943674683748
3383 0.01020160000684469 -0.4718950024915138
3384 0.01020155371442747 -0.4718951279328196
3385 0.01020155197168688 -0.4718958168119355
3386 0.0102014968641982 -0.4718959163616721
3387 0.01020150441070951 -0.4718966220847911
3388 0.01020144414606756 -0.4718967033588325
3389 0.01020145279273979 -0.471897393986167
3390 0.01020139532171293 -0.4718974840931932
3391 0.01020139656045536 -0.4718981351464195
3392 0.01020134830949858 -0.4718982431330008
3393 0.0102013398034249 -0.4718988570372595
3394 0.01020129957164551 -0.4718989729968031
3395 0.01020128513268764 -0.4718995664363087
3396 0.01020124647222777 -0.4718996676433493
3397 0.01020123541129022 -0.4719002711060605
3398 0.01020118967322959 -0.4719003384702435
3399 0.01020118777248155 -0.4719009617558729
3400 0.01020113209470091 -0.4719009900587284
3401 0.01020113821244561 -0.4719016189613572
3402 0.01020107697742555 -0.471901631778529
3403 0.01020108429435989 -0.4719022451855771
3404 0.01020102624625545 -0.4719022675506719
3405 0.01020102696892346 -0.4719028458327923
3406 0.01020097800815791 -0.471902890130553
3407 0.01020096899857742 -0.4719034330684598
3408 0.0102009281652763 -0.4719034827654075
3409 0.01020091397097161 -0.4719040088260689
3410 0.01020087399051329 -0.4719040406977708
3411 0.01020086274679737 -0.4719045737786264
3412 0.01020081596928972 -0.4719045689129857
3413 0.01020081636876113 -0.471905111242073
3414 0.01020075632579756 -0.471905086033579
3415 0.01020076285570107 -0.4719056430178469
3416 0.01020070175000013 -0.4719055910116566
3417 0.01020071044036084 -0.4719061177987681
3418 0.01020064969463899 -0.4719060912639742
3419 0.01020065220681429 -0.4719065842351917
3420 0.01020060023095856 -0.4719065714587063
3421 0.01020059451628865 -0.4719070333562188
3422 0.01020054895692008 -0.4719070199211755
3423 0.01020053928547492 -0.4719074718918845
3424 0.01020049364851621 -0.4719074352902605
3425 0.01020048736241246 -0.4719078957478397
3426 0.01020043519826298 -0.4719078238254699
3427 0.01020043698069394 -0.4719082975358641
3428 0.01020037707462385 -0.4719081991412103
3429 0.01020038528585044 -0.4719086735210346
3430 0.01020032205904653 -0.4719085681346824
3431 0.01020033035391119 -0.4719090223037061
3432 0.01020027069522929 -0.4719089261572496
3433 0.01020027244512098 -0.4719093449545978
3434 0.01020022067112666 -0.4719092621585719
3435 0.01020021487503449 -0.4719096558444194
3436 0.01020016880770277 -0.4719095675874371
3437 0.01020015965662612 -0.4719099531373041
3438 0.01020011322910172 -0.471909840477167
3439 0.01020010795512638 -0.4719102372137653
3440 0.01020005512050564 -0.4719100912850592
3441 0.01020005763566507 -0.4719104993665744
3442 0.01019999764578505 -0.4719103305669498
3443 0.01020000587668493 -0.4719107355654929
3444 0.01019994327463946 -0.4719105621332067
3445 0.01019995082004499 -0.4719109424822515
3446 0.0101998922102941 -0.4719107788457398
3447 0.01019989353626473 -0.471911128964956
3448 0.01019984232872927 -0.4719109733769718
3449 0.01019983638697726 -0.4719112994957328
3450 0.01019979045649646 -0.4719111370744409
3451 0.01019978209538968 -0.4719114588739837
3452 0.01019973520742544 -0.4719112719186436
3453 0.01019973123826437 -0.4719116048848204
3454 0.0101996780755628 -0.4719113888244093
3455 0.01019968163097426 -0.4719117304902529
3456 0.01019962177557423 -0.4719114932612513
3457 0.01019963003981978 -0.4719118250140329
3458 0.01019956831616791 -0.4719115842984173
3459 0.01019957526284776 -0.4719118915355149
3460 0.01019951795744785 -0.4719116592714045
3461 0.01019951869009099 -0.4719119388851928
3462 0.0101994688484439 -0.4719117159976424
3463 0.01019946328102176 -0.471911978469176
3464 0.01019941791849937 -0.4719117462844339
3465 0.01019941074221625 -0.4719120057951043
3466 0.01019936358686164 -0.4719117462041353
3467 0.01019936100162945 -0.4719120140091945
3468 0.01019930743947687 -0.4719117250953797
3469 0.0101993121010761 -0.4719119990300702
3470 0.01019925262099525 -0.4719116938325881
3471 0.01019926147169229 -0.4719119582321341
3472 0.01019920112198844 -0.4719116531167211
3473 0.01019920807525042 -0.4719118933795498
3474 0.01019915275360502 -0.4719115994245552
3475 0.01019915318537868 -0.4719118108065242
3476 0.01019910451327384 -0.4719115182293248
3477 0.01019909934840686 -0.4719117144630296
3478 0.01019905442867321 -0.4719114107484494
3479 0.01019904857065967 -0.4719116071363505
3480 0.01019900147885207 -0.4719112781656685
3481 0.01019900081408397 -0.47191148478813
3482 0.01019894740502511 -0.471911129575771
3483 0.0101989534990961 -0.471911339106637
3484 0.0101988948425631 -0.4719109693605737
3485 0.01019890418618013 -0.4719111657507701
3486 0.01019884557914373 -0.4719107992035983
3487 0.01019885240612043 -0.4719109706962832
3488 0.01019879879033295 -0.4719106110956919
3489 0.01019879960503122 -0.4719107596115636
3490 0.01019875240105855 -0.4719104014563022
3491 0.01019874818656145 -0.4719105365555106
3492 0.01019870395747372 -0.4719101651135819
3493 0.01019869990071817 -0.4719103018122999
3494 0.01019865300856281 -0.4719099062399358
3495 0.01019865433413012 -0.4719100520697072
3496 0.01019860125553141 -0.4719096315360791
3497 0.01019860887510552 -0.4719097779796533
3498 0.01019855149118588 -0.4719093481987441
3499 0.01019856160955819 -0.4719094800029728
3500 0.01019850470422687 -0.4719090515939478
3501 0.01019851190434906 -0.4719091594447939
3502 0.01019846032792012 -0.4719087387109258
3503 0.01019846149098216 -0.4719088239508264
3504 0.01019841601384113 -0.4719084038573448
3505 0.01019841305030073 -0.471908479830447
3506 0.01019836979998296 -0.471908045438758
3507 0.01019836782658857 -0.4719081255479455
3508 0.0101983212996237 -0.4719076658502722
3509 0.01019832486777165 -0.4719077539507715
3510 0.01019827267070171 -0.4719072748758485
3511 0.01019828179417761 -0.4719073591019116
3512 0.010198225700605 -0.4719068692734998
3513 0.0101982367442387 -0.4719069394086469
3514 0.01019818197170686 -0.4719064537879099
3515 0.01019818952249648 -0.4719064991351957
3516 0.01019814031981169 -0.4719060219423711
3517 0.0101981424865022 -0.471906050733601
3518 0.01019809865981504 -0.4719055704816907
3519 0.01019809724374376 -0.4719055906384215
3520 0.01019805503769324 -0.4719050958523131
3521 0.01019805529761653 -0.4719051212444008
3522 0.01019800953493633 -0.4719046030665828
3523 0.0101980153472097 -0.4719046350248137
3524 0.01019796410401918 -0.4719040986730231
3525 0.01019797509863198 -0.4719041261831687
3526 0.01019792055430505 -0.4719035804012114
3527 0.01019793254058906 -0.471903590478647
3528 0.01019788007838348 -0.4719030512134541
3529 0.01019788856763471 -0.4719030415818907
3530 0.01019784180167273 -0.4719025108847743
3531 0.01019784507289318 -0.4719024852393377
3532 0.0101978032452233 -0.4719019507657949
3533 0.01019780377008819 -0.4719019198921393
3534 0.01019776273109381 -0.4719013689244929
3535 0.01019776519861318 -0.471901340447178
3536 0.01019772022777111 -0.4719007658409817
3537 0.01019772855605324 -0.4719007462345631
3538 0.01019767850283574 -0.4719001565232819
3539 0.01019769123189617 -0.471900128643113
3540 0.01019763899678689 -0.4718995359992555
3541 0.01019765244384973 -0.471899495099953
3542 0.01019760255420716 -0.4718989072608119
3543 0.01019761177633482 -0.4718988419267141
3544 0.0101975674794071 -0.4718982603626725
3545 0.01019757198788696 -0.4718981826660979
3546 0.0101975320166743 -0.4718975955026181
3547 0.01019753446847654 -0.471897514277574
3548 0.01019749490143917 -0.4718969130072849
3549 0.01019750026179177 -0.4718968403992898
3550 0.01019745655944339 -0.4718962177665993
3551 0.01019746719683538 -0.4718961470695658
3552 0.01019741869929753 -0.4718955095722176
3553 0.01019743346201666 -0.4718954329317762
3554 0.01019738334992645 -0.4718947933889298
3555 0.01019739799537693 -0.4718947008703149
3556 0.01019735084308571 -0.4718940682865254
3557 0.01019736156863352 -0.4718939583963251
3558 0.01019731982533125 -0.4718933307669771
3559 0.01019732589818534 -0.4718932066966073
3560 0.01019728809073869 -0.4718925740008542
3561 0.01019729297385593 -0.4718924505552722
3562 0.010197254627663 -0.4718918004500998
3563 0.01019726235851169 -0.4718916798733284
3564 0.01019722013546464 -0.4718910133278394
3565 0.01019723343778886 -0.4718908990102852
3566 0.01019718677512228 -0.4718902199349602
3567 0.01019720350288568 -0.4718900975223255
3568 0.01019715589078348 -0.4718894178893584
3569 0.01019717190585898 -0.471889279446089
3570 0.01019712765848094 -0.4718886076045193
3571 0.01019713966493168 -0.4718884534519461
3572 0.01019710059533909 -0.471887785140212
3573 0.01019710835290988 -0.471887618667457
3574 0.01019707256221904 -0.4718869433071706
3575 0.01019707962730592 -0.4718867773425982
3576 0.01019704316184349 -0.4718860887941213
3577 0.0101970539842462 -0.4718859331674588
3578 0.01019701327409046 -0.4718852267039503
3579 0.0101970290216015 -0.4718850713351106
3580 0.0101969843019883 -0.4718843534313681
3581 0.01019700322271053 -0.4718841927326654
3582 0.01019695810070849 -0.4718834760374768
3583 0.0101969755982619 -0.4718832969197557
3584 0.01019693414901433 -0.4718825881989928
3585 0.01019694774079204 -0.471882395632483
3586 0.01019691131529629 -0.4718816910109139
3587 0.01019692113242007 -0.4718814883401225
3588 0.01019688773026167 -0.4718807789971775
3589 0.01019689758844138 -0.4718805810160638
3590 0.01019686283526619 -0.4718798564845896
3591 0.01019687628824409 -0.4718796638425323
3592 0.01019683720783158 -0.4718789217867563
3593 0.01019685554685244 -0.4718787313325813
3594 0.01019681308595821 -0.4718779817641703
3595 0.01019683394606346 -0.4718777843782113
3596 0.01019679169365738 -0.471877038183897
3597 0.01019681114168418 -0.4718768283279101
3598 0.01019677263839284 -0.4718760887084779
3599 0.01019678776096181 -0.4718758614603127
3600 0.01019675408925143 -0.471875125652555
3601 0.01019676617566646 -0.4718748933671001
3602 0.01019673485625463 -0.4718741522081083
3603 0.01019674732071611 -0.4718739226862361
3604 0.01019671449041581 -0.4718731695241813
3605 0.01019673091603295 -0.4718729480143068
3606 0.01019669367755141 -0.4718721772412039
3607 0.01019671456528456 -0.4718719557650451
3608 0.01019667437399796 -0.4718711788211305
3609 0.01019669732012178 -0.4718709515100173
3610 0.01019665789655549 -0.4718701794620965
3611 0.01019667899296314 -0.4718699392448457
3612 0.01019664366294559 -0.4718691761861381
3613 0.01019666086341642 -0.4718689245152572
3614 0.01019662992506443 -0.4718681631829894
3615 0.01019664410911537 -0.4718679032251224
3616 0.01019661501975373 -0.4718671356457477
3617 0.01019662898872095 -0.4718668436368865
3618 0.01019659884703829 -0.4718661006267734
3619 0.01019661804268136 -0.4718658349342829
3620 0.01019658359802081 -0.4718650792192385
3621 0.01019660771300769 -0.4718648117644322
3622 0.01019656958004868 -0.4718640413582876
3623 0.01019659514980593 -0.4718637615295843
3624 0.01019655773249163 -0.4718629929710364
3625 0.0101965810439443 -0.4718626989340438
3626 0.01019654781664247 -0.4718619391644434
3627 0.01019656689660959 -0.4718616338612284
3628 0.0101965389410378 -0.4718608828374692
3629 0.01019655536102403 -0.4718605741382923
3630 0.01019652932147811 -0.471859821137591
3631 0.01019654680754992 -0.4718595169809548
3632 0.01019651831852727 -0.4718587498341279
3633 0.01019654053620757 -0.4718584555027927
3634 0.01019650728604659 -0.471857674683026
3635 0.01019653401025042 -0.4718573817609332
3636 0.01019649778608542 -0.4718565939482662
3637 0.01019652616442876 -0.4718562953613092
3638 0.01019649111644919 -0.471855514540176
3639 0.01019651697632694 -0.4718552050999983
3640 0.01019648677586171 -0.4718544349677946
3641 0.01019650819313563 -0.4718541122568387
3642 0.01019648263327177 -0.4718533475595306
3643 0.01019650150723702 -0.4718530218699928
3644 0.0101964776038467 -0.4718522538493365
3645 0.01019649814653064 -0.4718519357817145
3646 0.01019647146813344 -0.4718511566381908
3647 0.010196496435532 -0.4718508454308647
3648 0.01019646543086729 -0.4718500546723842
3649 0.0101964949743959 -0.4718497473858929
3650 0.01019646094393879 -0.4718489500692856
3651 0.01019649160888397 -0.4718486369323781
3652 0.01019645902651796 -0.4718478441903846
3653 0.01019648741694311 -0.471847522918362
3654 0.01019645980895065 -0.471846746674841
3655 0.01019648389774627 -0.4718464147953257
3656 0.01019646071730204 -0.4718456423183821
3657 0.01019648219037915 -0.4718453033289828
3658 0.01019646011154867 -0.4718445265074533
3659 0.01019648342526285 -0.4718441978372515
3660 0.01019645892541676 -0.4718434119083636
3661 0.01019648702849491 -0.4718430948371148
3662 0.01019645794862303 -0.4718422974473388
3663 0.01019648996462611 -0.4718419806133113
3664 0.01019645848540716 -0.4718411785373731
3665 0.0101964917588082 -0.4718408583359585
3666 0.01019646158567485 -0.4718400636044406
3667 0.01019649219420623 -0.4718397337985318
3668 0.01019646682328955 -0.4718389503421914
3669 0.01019649333403305 -0.4718386103497437
3670 0.01019647419797456 -0.4718378147409414
3671 0.01019649583698921 -0.4718374950693944
3672 0.01019647685655718 -0.4718367259281535
3673 0.01019650288139587 -0.4718363968302398
3674 0.01019648072086971 -0.4718356044009188
3675 0.01019651106984108 -0.471835275028165
3676 0.01019648565813405 -0.4718344517097048
3677 0.01019651838809002 -0.4718341569770237
3678 0.01019649053072227 -0.4718333372419444
3679 0.01019652453855038 -0.4718330419103313
3680 0.01019649883796386 -0.471832229090398
3681 0.01019652994366718 -0.47183192181574
3682 0.01019650930843487 -0.4718311188880479
3683 0.01019653550168593 -0.4718307982683738
3684 0.01019651986151285 -0.4718300041488572
3685 0.01019654345336518 -0.4718296832404572
3686 0.01019652948337154 -0.4718288914315605
3687 0.01019655433482167 -0.4718285749825306
3688 0.01019653717590209 -0.4718277713080925
3689 0.01019656716423653 -0.4718274685139085
3690 0.01019654502992911 -0.4718266530334567
3691 0.01019658007015444 -0.4718263593101889
3692 0.01019655501890546 -0.4718255404028795
3693 0.01019659161123256 -0.4718252477193017
3694 0.01019656806298898 -0.4718244359077723
3695 0.01019660149461907 -0.4718241323157613
3696 0.01019658320879829 -0.4718233358176368
3697 0.01019661176426948 -0.4718230226082197
3698 0.01019659849428321 -0.4718222357631338
3699 0.01019662407321307 -0.471821918740938
3700 0.01019661235616081 -0.4718211331551308
3701 0.01019663959638398 -0.4718208258393997
3702 0.01019662484046324 -0.4718200308924281
3703 0.01019665695458509 -0.4718197344044235
3704 0.01019663724759028 -0.4718189289656727
3705 0.01019667459770821 -0.4718186447041984
3706 0.01019665173588552 -0.4718178343779425
3707 0.01019669050666738 -0.4718175496659346
3708 0.01019666910545926 -0.4718167474297216
3709 0.01019670507569878 -0.4718164564748802
3710 0.01019668875756585 -0.4718156690903929
3711 0.01019671958807584 -0.4718153656124546
3712 0.01019670849619027 -0.4718145909636546
3713 0.01019673643625761 -0.4718142864970933
3714 0.01019672690425034 -0.4718135130722946
3715 0.01019675605440012 -0.4718132149449464
3716 0.01019674367847574 -0.4718124335735251
3717 0.01019677794974084 -0.4718121518651255
3718 0.01019676054804761 -0.4718113593649084
3719 0.01019679976396046 -0.4718110869533788
3720 0.0101967792216026 -0.4718102912923814
3721 0.01019682028260864 -0.4718100227444423
3722 0.01019680085353296 -0.4718092345848997
3723 0.01019683904969473 -0.4718089569615113
3724 0.0101968245586335 -0.471808184609725
3725 0.01019685798482298 -0.4718078993284601
3726 0.01019684869050894 -0.4718071396740531
3727 0.01019687868570423 -0.4718068496401198
3728 0.01019687135021318 -0.4718060935916442
3729 0.01019690250787792 -0.4718058137095664
3730 0.01019689246851163 -0.4718050499701896
3731 0.01019692833413196 -0.4718047833676209
3732 0.01019691328704806 -0.47180400960602
3733 0.01019695454094935 -0.4718037572189426
3734 0.01019693600746231 -0.4718029796003781
3735 0.01019697908245749 -0.4718027284896762
3736 0.01019696145850159 -0.4718019592278759
3737 0.01019700211563891 -0.4718017036858395
3738 0.01019698925721107 -0.4718009500272461
3739 0.0101970248009071 -0.4718006836244676
3740 0.01019701734103147 -0.4717999443208718
3741 0.0101970494888209 -0.4717996769993669
3742 0.01019704416021902 -0.4717989417768513
3743 0.01019707692701823 -0.471798681075219
3744 0.01019706911492515 -0.4717979397348565
3745 0.01019710677150504 -0.4717976964613105
3746 0.01019709383137255 -0.4717969449598202
3747 0.01019713673701004 -0.4717967134098747
3748 0.01019712013119618 -0.4717959586315388
3749 0.01019716534306121 -0.4717957329208397
3750 0.01019714934795506 -0.471794986066201
3751 0.01019719202442069 -0.4717947533909074
3752 0.01019718074770263 -0.4717940231093646
3753 0.01019721851387797 -0.4717937833698602
3754 0.01019721268466396 -0.4717930678236222
3755 0.01019724659303494 -0.47179282399096
3756 0.01019724315049129 -0.4717921140792877
3757 0.01019727766997352 -0.4717918801409801
3758 0.0101972718488566 -0.4717911645130813
3759 0.01019731092133937 -0.4717909454704401
3760 0.01019729998449498 -0.471790220553878
3761 0.01019734461490529 -0.4717900170918667
3762 0.01019732976239271 -0.4717892884965387
3763 0.01019737669175306 -0.4717890890713348
3764 0.01019736223987629 -0.4717883688557908
3765 0.01019740703036937 -0.4717881665147417
3766 0.010197397206272 -0.4717874636439441
3767 0.0101974368101379 -0.4717872514595757
3768 0.01019743243584479 -0.4717865633237298
3769 0.01019746805718896 -0.47178634807463
3770 0.01019746638733239 -0.471785667918159
3771 0.01019750243996927 -0.4717854637943862
3772 0.01019749849715158 -0.4717847780649751
3773 0.01019753885194449 -0.4717845877441164
3774 0.01019752964610622 -0.4717838915600866
3775 0.01019757558683264 -0.4717837168115903
3776 0.01019756242156303 -0.4717830187966843
3777 0.01019761104069176 -0.4717828513298554
3778 0.01019759805965049 -0.4717821622663442
3779 0.01019764471720145 -0.4717819930049678
3780 0.01019763613734297 -0.4717813205394337
3781 0.01019767741440025 -0.4717811395891896
3782 0.01019767423765155 -0.4717804812234229
3783 0.01019771144638982 -0.4717802985418749
3784 0.01019771116119391 -0.4717796489866833
3785 0.01019774851204649 -0.4717794767789993
3786 0.01019774627945004 -0.4717788243817867
3787 0.01019778808012273 -0.4717786701580838
3788 0.01019778069692413 -0.47177800914983
3789 0.01019782787339226 -0.4717778680507762
3790 0.01019781597814811 -0.4717772010444575
3791 0.01019786590343473 -0.4717770664265828
3792 0.01019785392623119 -0.4717764078280172
3793 0.0101979021845602 -0.4717762735420993
3794 0.01019789480905415 -0.4717756359866621
3795 0.01019793785188724 -0.4717754927385202
3796 0.01019793590249905 -0.4717748698064952
3797 0.010197974580315 -0.4717747236915151
3798 0.01019797540630348 -0.4717741068064444
3799 0.01019801397762791 -0.4717739708486144
3800 0.01019801314617302 -0.4717733532572467
3801 0.01019805579260218 -0.4717732328108002
3802 0.01019804970124002 -0.471772605734477
3803 0.010198097993703 -0.4717725017519271
3804 0.01019808754092491 -0.471771872282769
3805 0.01019813882777474 -0.4717717766806972
3806 0.01019812805055015 -0.4717711557319805
3807 0.01019817771093377 -0.4717710597798835
3808 0.01019817109867766 -0.4717704566867975
3809 0.01019821543212788 -0.4717703505347645
3810 0.01019821428092339 -0.4717697624537456
3811 0.0101982541482086 -0.4717696540690239
3812 0.01019825619611615 -0.471769075909286
3813 0.0101982956844516 -0.4717689774941618
3814 0.01019829606922814 -0.4717683974824557
3815 0.01019833987419499 -0.4717683195831975
3816 0.01019833511474815 -0.4717677314819217
3817 0.01019838421673093 -0.4717676661306382
3818 0.01019837480580922 -0.4717670739351298
3819 0.01019842705453318 -0.4717670174216458
3820 0.01019841701405087 -0.4717664331761968
3821 0.01019846779665061 -0.4717663768094218
3822 0.01019846179555419 -0.4717658105689476
3823 0.01019850731844458 -0.471765744995589
3824 0.01019850694450913 -0.4717651960453199
3825 0.01019854789545348 -0.4717651288497648
3826 0.01019855098248778 -0.4717645919303154
3827 0.0101985914067144 -0.4717645360202373
3828 0.01019859267646705 -0.4717639942460766
3829 0.0101986368672337 -0.4717639536596777
3830 0.01019863307722341 -0.4717634046410391
3831 0.0101986828702356 -0.4717633804411169
3832 0.01019867447674247 -0.4717628298313969
3833 0.0101987277045981 -0.4717628174334182
3834 0.01019871844944831 -0.4717622739911987
3835 0.01019876999017248 -0.4717622577419872
3836 0.01019876443416357 -0.4717617304034106
3837 0.01019881099548082 -0.4717617080469506
3838 0.01019881119224728 -0.4717611999031459
3839 0.010198853137737 -0.4717611771191639
3840 0.01019885692965785 -0.4717606817149765
3841 0.01019889788305423 -0.4717606667817129
3842 0.01019889981939121 -0.4717601652076474
3843 0.01019894447454284 -0.4717601666130737
3844 0.01019894145744562 -0.4717596585315696
3845 0.01019899180857757 -0.47175967844923
3846 0.01019898398419665 -0.47175916771064
3847 0.01019903770900535 -0.4717591971882774
3848 0.01019902890534029 -0.4717586945082852
3849 0.01019908126044723 -0.4717587229649758
3850 0.01019907606549381 -0.4717582370721739
3851 0.01019912358998708 -0.4717582611624461
3852 0.01019912426160876 -0.471757796433812
3853 0.01019916680964776 -0.4717578171440662
3854 0.01019917063846953 -0.4717573592249845
3855 0.01019921192035496 -0.4717573861822651
3856 0.01019921443977337 -0.4717569268365254
3857 0.01019925945976104 -0.471756972997083
3858 0.0101992570810804 -0.4717565081508176
3859 0.01019930795838737 -0.4717565751001735
3860 0.01019930067994838 -0.4717561075298989
3861 0.01019935468968676 -0.4717561804478899
3862 0.01019934453265078 -0.4717557260633379
3863 0.01019939925498982 -0.4717557900986495
3864 0.01019939245304846 -0.4717553511295393
3865 0.01019944273972151 -0.4717554106638754
3866 0.01019944065619953 -0.4717549889659624
3867 0.01019948680974413 -0.4717550526989533
3868 0.01019948772708477 -0.4717546408363282
3869 0.01019953296665118 -0.4717547140473006
3870 0.01019953236224719 -0.4717542993207915
3871 0.010199580472266 -0.4717544054550636
3872 0.01019957618902321 -0.47175396906553
3873 0.01019962859422261 -0.4717540846309998
3874 0.01019962050514143 -0.4717536486743207
3875 0.01019967486741385 -0.4717537691572903
3876 0.01019966640498179 -0.4717533462339841
3877 0.01019971940411806 -0.4717534670338666
3878 0.01019971415347731 -0.4717530634479667
3879 0.01019976338883218 -0.4717531833594115
3880 0.01019976244203435 -0.4717527960363622
3881 0.01019980820992602 -0.4717529185845956
3882 0.01019980900502144 -0.4717525321567335
3883 0.01019985415706228 -0.4717526637512566
3884 0.01019985344950318 -0.471752273540243
3885 0.01019990163398596 -0.4717524234294906
3886 0.01019989713051042 -0.471752029984922
3887 0.01019994948418786 -0.471752195759513
3888 0.0101999419861692 -0.4717518085904607
3889 0.01019999609324638 -0.471751976720128
3890 0.01019998813274463 -0.4717515993888008
3891 0.01020004048430029 -0.4717517617815671
3892 0.01020003544082564 -0.4717514012722613
3893 0.01020008417263261 -0.4717515623104224
3894 0.01020008299254083 -0.4717512158004077
3895 0.01020012891973697 -0.4717513849838503
3896 0.01020012938026433 -0.471751041583482
3897 0.01020017488001929 -0.4717512204968647
3898 0.01020017351040213 -0.4717508717932677
3899 0.01020022198460301 -0.4717510671816473
3900 0.01020021685656547 -0.4717507159562886
3901 0.01020026917639149 -0.471750924726565
3902 0.01020026120409019 -0.4717505789997379
3903 0.01020031472223406 -0.4717507870534421
3904 0.01020030686254412 -0.4717504545570501
3905 0.010200358510432 -0.4717506591545629
3906 0.01020035392900554 -0.4717503460429414
3907 0.01020040217481243 -0.4717505533857811
3908 0.01020040080496442 -0.4717502482268292
3909 0.01020044621093788 -0.4717504600473713
3910 0.01020044597862263 -0.4717501563590676
3911 0.01020049155084496 -0.4717503800155811
3912 0.01020048917433705 -0.4717500720541126
3913 0.01020053781807536 -0.4717503108691689
3914 0.01020053195672286 -0.471750003744094
3915 0.01020058419161335 -0.4717502557795037
3916 0.01020057583598233 -0.4717499546738416
3917 0.01020062876020425 -0.4717502053683984
3918 0.01020062084303426 -0.4717499162751383
3919 0.01020067153441063 -0.4717501634889695
3920 0.01020066677894437 -0.4717498903221035
3921 0.01020071416454145 -0.4717501407017337
3922 0.01020071254616929 -0.4717498779236883
3923 0.01020075736075138 -0.4717501317832575
3924 0.01020075608565454 -0.4717498668846044
3925 0.01020080165715014 -0.4717501341010207
3926 0.01020079807867361 -0.4717498666861044
3927 0.01020084692461165 -0.4717501502393042
3928 0.01020084011151471 -0.4717498856437476
3929 0.01020089200230651 -0.4717501797771545
3930 0.01020088301262843 -0.4717499199820757
3931 0.01020093484174122 -0.4717502095825821
3932 0.01020092683505099 -0.4717499632908012
3933 0.0102009763155503 -0.471750251112198
3934 0.01020097134302909 -0.4717500193046857
3935 0.01020101761502395 -0.471750309542622
3936 0.01020101529160466 -0.4717500859378387
3937 0.01020105962567657 -0.4717503822202518
3938 0.01020105722743188 -0.471750157003216
3939 0.01020110275330873 -0.4717504675984621
3940 0.01020109776975891 -0.4717502392358612
3941 0.01020114636326594 -0.471750563551088
3942 0.01020113814833111 -0.4717503356166016
3943 0.01020118925612872 -0.4717506677138401
3944 0.01020117991563525 -0.4717504523630654
3945 0.01020123079208678 -0.4717507836625014
3946 0.01020122239716188 -0.4717505780079979
3947 0.01020127040367991 -0.4717509031861792
3948 0.01020126490536021 -0.4717507097640541
3949 0.01020130994393589 -0.4717510377587029
3950 0.01020130668477676 -0.4717508519600729
3951 0.01020135049318248 -0.4717511895829124
3952 0.01020134698777811 -0.4717510050685853
3953 0.01020139225405907 -0.4717513569836969
3954 0.01020138568515659 -0.4717511654252232
3955 0.01020143366701568 -0.4717515268224998
3956 0.01020142419082066 -0.4717513367325403
3957 0.01020147420995885 -0.4717517043187479
3958 0.01020146383247201 -0.4717515245570166
3959 0.01020151341924528 -0.4717518931134661
3960 0.01020150485751806 -0.4717517304967394
3961 0.01020155159047226 -0.4717520951683095
3962 0.01020154542121841 -0.4717519398610332
3963 0.01020158916225736 -0.4717523041282083
3964 0.01020158460224909 -0.4717521525551014
3965 0.01020162760308671 -0.471752527186473
3966 0.01020162231140767 -0.4717523752028633
3967 0.01020166720211549 -0.4717527659959104
3968 0.01020165932621354 -0.4717526138748579
3969 0.01020170663865999 -0.4717530121592771
3970 0.01020169578010172 -0.471752857953596
3971 0.01020174455926652 -0.4717532593716312
3972 0.01020173335635822 -0.4717531170668542
3973 0.01020178120496332 -0.4717535177081015
3974 0.01020177192740674 -0.471753390923825
3975 0.01020181698587691 -0.4717537889666367
3976 0.01020180988315866 -0.4717536683347341
3977 0.01020185239354408 -0.4717540680909459
3978 0.01020184644786356 -0.4717539499412223
3979 0.01020188877200422 -0.4717543620250859
3980 0.0102018819120351 -0.4717542453013426
3981 0.01020192586112034 -0.4717546678024168
3982 0.01020191626835056 -0.4717545488867082
3983 0.01020196265751599 -0.471754980392174
3984 0.01020195053099756 -0.4717548613634697
3985 0.01020199792774435 -0.4717552948916738
3986 0.01020198575745965 -0.4717551871859941
3987 0.0102020318853582 -0.4717556191098772
3988 0.01020202157590695 -0.4717555241075815
3989 0.01020206499246483 -0.4717559540019142
3990 0.01020205686147708 -0.4717558668256773
3991 0.01020209809088488 -0.4717562994982298
3992 0.01020209062698592 -0.4717562129052181
3993 0.01020213193379003 -0.4717566567816489
3994 0.01020212319907641 -0.4717565702352747
3995 0.01020216630868091 -0.4717570246610041
3996 0.01020215471642764 -0.471756933901533
3997 0.01020219986352651 -0.4717573942545939
3998 0.01020218645268265 -0.4717573082019282
3999 0.01020223239861179 -0.4717577722418818
4000 0.01020221919478346 -0.4717576969180119
4001 0.01020226350922446 -0.4717581575622811
4002 0.0102022521871438 -0.471758093531624
4003 0.01020229378942136 -0.4717585513415912
4004 0.01020228440320905 -0.4717584940650157
4005 0.0102023242749391 -0.4717589565079929
4006 0.0102023151046657 -0.4717588983126779
4007 0.01020235523173556 -0.4717593702080509
4008 0.01020234442541803 -0.471759309692542
4009 0.01020238639361742 -0.471759791107401
4010 0.01020237302729176 -0.471759728865445
4011 0.01020241692685896 -0.4717602171449748
4012 0.01020240210846617 -0.4717601605710008
4013 0.01020244632447237 -0.4717606504214381
4014 0.01020243202007217 -0.4717606046291712
4015 0.0102024744356117 -0.4717610909795228
4016 0.01020246185658175 -0.4717610536167807
4017 0.01020250159119732 -0.4717615362730549
4018 0.01020249057961238 -0.4717615032240905
4019 0.01020252886002859 -0.4717619899758696
4020 0.01020251811596883 -0.4717619598944031
4021 0.01020255712527628 -0.4717624585377229
4022 0.01020254425693529 -0.4717624222827222
4023 0.01020258501207895 -0.4717629283990137
4024 0.01020256967083438 -0.4717628896906871
4025 0.01020261218362791 -0.4717634026780018
4026 0.01020259594545712 -0.4717633729586894
4027 0.01020263822518351 -0.4717638844109202
4028 0.01020262250260952 -0.4717638621503895
4029 0.0102026628038757 -0.4717643691212957
4030 0.0102026487662696 -0.4717643540388878
4031 0.01020268683641345 -0.4717648609700442
4032 0.01020267443648266 -0.4717648537528076
4033 0.01020271133499835 -0.4717653648529005
4034 0.01020269833241771 -0.4717653532299199
4035 0.01020273583145382 -0.4717658711945169
4036 0.010202720867285 -0.4717658556573432
4037 0.01020276031583305 -0.471766383304654
4038 0.01020274329912984 -0.4717663687369524
4039 0.01020278417023955 -0.4717669019692953
4040 0.01020276643520606 -0.4717668950127344
4041 0.0102028067398055 -0.4717674255187103
4042 0.01020278950849299 -0.4717674231824169
4043 0.01020282764048447 -0.4717679473290627
4044 0.01020281217626359 -0.4717679528908019
4045 0.01020284830563793 -0.4717684776903112
4046 0.01020283401191593 -0.47176848761094
4047 0.01020286941779769 -0.4717690184359772
4048 0.01020285471029509 -0.4717690289928897
4049 0.01020289092380487 -0.471769566854958
4050 0.01020287379020198 -0.4717695685368437
4051 0.0102029115990704 -0.4717701117485554
4052 0.01020289262720687 -0.4717701144748882
4053 0.01020293151490024 -0.471770661367568
4054 0.01020291208903966 -0.4717706712884592
4055 0.01020295042838074 -0.4717712177941018
4056 0.01020293180590322 -0.4717712337821211
4057 0.01020296812087533 -0.4717717762589727
4058 0.010202951237086 -0.4717718006065973
4059 0.01020298533360733 -0.4717723390646527
4060 0.01020296921473846 -0.4717723645190091
4061 0.01020300293543902 -0.4717729095493127
4062 0.01020298574358566 -0.4717729296910919
4063 0.0102030204713079 -0.4717734817385609
4064 0.01020300141510671 -0.4717734997532084
4065 0.01020303765955713 -0.471774056928727
4066 0.01020301700736235 -0.4717740767077216
4067 0.01020305416189051 -0.4717746378285269
4068 0.01020303294512747 -0.4717746604586655
4069 0.01020306902983732 -0.4717752166594123
4070 0.0102030489008625 -0.4717752465227906
4071 0.01020308299097449 -0.4717757988015949
4072 0.01020306449975307 -0.4717758361603006
4073 0.01020309690704147 -0.471776388439711
4074 0.01020307866957847 -0.4717764233438263
4075 0.01020311066355671 -0.4717769786041291
4076 0.01020309135425591 -0.471777009414394
4077 0.01020312461202062 -0.471777572940554
4078 0.01020310355429953 -0.4717776027357913
4079 0.01020313827369604 -0.4717781715599672
4080 0.01020311559181246 -0.4717782005806762
4081 0.01020315070539348 -0.4717787691032619
4082 0.01020312786389176 -0.4717788024744033
4083 0.01020316173489649 -0.4717793655127163
4084 0.01020314005033162 -0.4717794054455261
4085 0.01020317212616256 -0.471779966299774
4086 0.01020315173350092 -0.471780010255851
4087 0.0102031822382333 -0.471780569954948
4088 0.01020316193934078 -0.4717806112888008
4089 0.01020319247428196 -0.4717811761981384
4090 0.01020317120654569 -0.4717812163133257
4091 0.01020320286870462 -0.471781786752065
4092 0.01020317953251675 -0.4717818209286962
4093 0.01020321234858888 -0.4717823934355785
4094 0.01020318772319698 -0.4717824279017946
4095 0.01020322079333711 -0.4717830002114761
4096 0.01020319640458393 -0.4717830411299901
4097 0.01020322853674473 -0.4717836127249087
4098 0.01020320520538114 -0.4717836585192325
4099 0.01020323500747739 -0.4717842209108585
4100 0.01020321261216197 -0.4717842666801252
4101 0.01020324124091057 -0.471784829601417
4102 0.01020321897710192 -0.4717848748868663
4103 0.01020324784837398 -0.4717854432931425
4104 0.010203224420901 -0.4717854857172583
4105 0.01020325446646231 -0.471786059166418
4106 0.01020322913308711 -0.471786096623077
4107 0.0102032603626758 -0.4717866733199366
4108 0.01020323398103966 -0.4717867118894417
4109 0.01020326494395521 -0.4717872839623566
4110 0.01020323867455209 -0.4717873247026084
4111 0.01020326831375678 -0.4717878918964173
4112 0.01020324330460801 -0.4717879384183482
4113 0.01020327132831299 -0.4717885036902592
4114 0.01020324735623341 -0.4717885529060936
4115 0.01020327434318345 -0.4717891183144976
4116 0.01020325004440788 -0.4717891632192306
4117 0.01020327709599303 -0.4717897294449954
4118 0.01020325133931268 -0.4717897680179088
4119 0.01020327956012199 -0.4717903381277241
4120 0.010203252380701 -0.4717903759942796
4121 0.01020328108111565 -0.471790962913834
4122 0.01020325419914531 -0.4717909902859164
4123 0.01020328208363268 -0.4717915654816221
4124 0.01020325566053241 -0.4717916138439132
4125 0.01020328184688458 -0.4717921656859056
4126 0.0102032562314801 -0.4717922117935777
4127 0.01020328034424459 -0.4717927606908832
4128 0.01020325632913269 -0.4717928157512831
4129 0.01020327933303467 -0.4717933645879769
4130 0.0102032550530154 -0.4717934154965191
4131 0.0102032785035504 -0.4717939668583237
4132 0.01020325263684992 -0.4717940123547592
4133 0.0102032778113906 -0.4717945701192269
4134 0.01020325003087093 -0.4717946125528341
4135 0.01020327648640973 -0.471795172527875
4136 0.01020324732174487 -0.4717952103679145
4137 0.01020327353473123 -0.4717957668063875
4138 0.01020324506410719 -0.4717958095669784
4139 0.01020326953460958 -0.4717963593218996
4140 0.0102032424279205 -0.4717964036152036
4141 0.01020326471843134 -0.4717969465347134
4142 0.01020323879690203 -0.4717969921415374
4143 0.01020326013181319 -0.4717975344047636
4144 0.01020323407344081 -0.4717975785822598
4145 0.01020325606920403 -0.4717981245061628
4146 0.01020322832733337 -0.471798162644701
4147 0.01020325155107787 -0.4717987087133902
4148 0.01020322171101862 -0.4717987394930935
4149 0.01020324615355776 -0.4717992872766051
4150 0.01020321551006731 -0.4717993182326135
4151 0.01020323996506475 -0.4717998661882024
4152 0.01020320953127928 -0.4717998952769203
4153 0.01020323233056148 -0.4718004367059817
4154 0.01020320353536375 -0.4718004711457197
4155 0.01020322413161399 -0.4718010037217518
4156 0.0102031963732609 -0.4718010380877293
4157 0.01020321596478132 -0.4718015678982866
4158 0.01020318799967105 -0.4718015995811961
4159 0.01020320812034779 -0.471802131145789
4160 0.01020317869442536 -0.4718021576834633
4161 0.01020320060604189 -0.4718026966943923
4162 0.01020316916711258 -0.4718027158506355
4163 0.01020319171425898 -0.4718032501878445
4164 0.01020315910557917 -0.4718032638190123
4165 0.01020318159338593 -0.471803795881008
4166 0.01020314955478918 -0.47180381231468
4167 0.01020317064544676 -0.4718043391490157
4168 0.01020313997611706 -0.4718043582650966
4169 0.01020315930567911 -0.4718048801156287
4170 0.01020312990476735 -0.4718049018264415
4171 0.01020314780351335 -0.4718054162644056
4172 0.01020311820618784 -0.4718054331326669
4173 0.01020313666057237 -0.4718059501561314
4174 0.01020310537897056 -0.4718059576835738
4175 0.01020312519948112 -0.471806476858552
4176 0.01020309217328425 -0.4718064793262496
4177 0.01020311311683774 -0.4718069982862189
4178 0.0102030791827917 -0.4718069991370133
4179 0.01020310022718301 -0.4718075165935498
4180 0.01020306643517897 -0.471807515193673
4181 0.01020308587365837 -0.4718080238063009
4182 0.0102030534409416 -0.4718080241141049
4183 0.01020307103429074 -0.47180852629993
4184 0.01020303982225091 -0.4718085271391461
4185 0.01020305635466369 -0.471809026193428
4186 0.01020302533611729 -0.4718090263486647
4187 0.01020304223237788 -0.4718095258637965
4188 0.01020300939053808 -0.4718095140135373
4189 0.01020302746180462 -0.4718100125676574
4190 0.01020299273142412 -0.4718099931629366
4191 0.01020301221512467 -0.4718104937951362
4192 0.01020297662426317 -0.4718104733017731
4193 0.01020299619775769 -0.4718109714427571
4194 0.01020296094423674 -0.4718109508153163
4195 0.01020297901653726 -0.4718114406116412
4196 0.01020294496604728 -0.4718114192598724
4197 0.0102029610207952 -0.4718119001461462
4198 0.01020292827499759 -0.4718118793842426
4199 0.01020294327002233 -0.4718123566938486
4200 0.01020291045469141 -0.4718123309101908
4201 0.0102029257588135 -0.4718128076288601
4202 0.01020289167859659 -0.4718127756908
4203 0.01020290845931469 -0.4718132547818913
4204 0.01020287235674623 -0.4718132134619241
4205 0.01020289034248933 -0.4718136916406624
4206 0.01020285322165879 -0.471813646794124
4207 0.01020287124861746 -0.4718141206963981
4208 0.01020283448373591 -0.4718140755761986
4209 0.01020285121050584 -0.4718145425398167
4210 0.01020281561187694 -0.4718144959587592
4211 0.01020283047709353 -0.4718149552996143
4212 0.01020279628269213 -0.4718149099314141
4213 0.01020280987241335 -0.4718153629561269
4214 0.01020277566531949 -0.4718153120698964
4215 0.01020278954162962 -0.4718157640020291
4216 0.01020275405920544 -0.471815705773644
4217 0.01020276943899184 -0.4718161600962084
4218 0.01020273221171021 -0.4718160952302119
4219 0.01020274889641487 -0.4718165492086929
4220 0.01020271032929146 -0.4718164767535763
4221 0.01020272698921921 -0.4718169246696331
4222 0.01020268877225637 -0.4718168515588917
4223 0.01020270417585323 -0.4718172919267337
4224 0.01020266735580643 -0.4718172198814205
4225 0.01020268099953804 -0.4718176532803594
4226 0.01020264546528518 -0.4718175802746829
4227 0.01020265779502769 -0.4718180067637962
4228 0.01020262230095021 -0.4718179277965628
4229 0.01020263490923643 -0.4718183528653982
4230 0.01020259839292062 -0.4718182686305215
4231 0.01020261250720163 -0.4718186960019905
4232 0.01020257386634319 -0.4718185999276023
4233 0.01020258915625278 -0.4718190245511196
4234 0.01020254942802236 -0.4718189235578185
4235 0.01020256484012648 -0.4718193426961418
4236 0.01020252554843692 -0.4718192420534558
4237 0.0102025399985298 -0.4718196564901144
4238 0.01020250191865897 -0.4718195544923671
4239 0.01020251436390109 -0.4718199584991894
4240 0.01020247757703002 -0.4718198547042133
4241 0.01020248870485951 -0.4718202512187472
4242 0.01020245221706935 -0.471820143551991
4243 0.01020246382142325 -0.4718205411847141
4244 0.01020242601828682 -0.4718204240049778
4245 0.01020243884577177 -0.4718208201440697
4246 0.01020239917784779 -0.4718206933681124
4247 0.01020241337640438 -0.4718210882337569
4248 0.01020237278295447 -0.471820958437094
4249 0.01020238735647901 -0.4718213501997144
4250 0.01020234675709928 -0.4718212155468826
4251 0.0102023599942296 -0.4718215970632278
4252 0.01020232067971203 -0.4718214611432694
4253 0.01020233240145915 -0.4718218372287015
4254 0.01020229464855327 -0.4718217024226855
4255 0.01020230492369335 -0.4718220697294183
4256 0.01020226725576706 -0.471821927529172
4257 0.01020227771156952 -0.4718222920138237
4258 0.01020223893137195 -0.4718221416125901
4259 0.0102022507404791 -0.4718225058433997
4260 0.01020221043540266 -0.4718223494543613
4261 0.01020222386107918 -0.4718227150480553
4262 0.01020218219463124 -0.4718225503900936
4263 0.01020219564412565 -0.4718229076675607
4264 0.01020215404770639 -0.4718227385639465
4265 0.01020216642907827 -0.4718230876902618
4266 0.01020212628709182 -0.471822919285086
4267 0.01020213720802971 -0.471823263312877
4268 0.01020209860205697 -0.4718230953707716
4269 0.01020210795319525 -0.4718234288672803
4270 0.01020206954919788 -0.4718232538224263
4271 0.01020207919803479 -0.4718235859828103
4272 0.01020203950299583 -0.4718233995968788
4273 0.01020205058197383 -0.4718237321434541
4274 0.01020200938633149 -0.4718235398119152
4275 0.01020202172029794 -0.4718238685831499
4276 0.01020197938862298 -0.4718236701683627
4277 0.01020199225414378 -0.4718239959326132
4278 0.01020194988950281 -0.4718237919931988
4279 0.01020196170677037 -0.4718241093223429
4280 0.0102019208348755 -0.4718239065417759
4281 0.01020193068804552 -0.4718242120189323
4282 0.01020189127741588 -0.4718240075184165
4283 0.01020190013810233 -0.4718243090552223
4284 0.01020186089870523 -0.47182409657501
4285 0.0102018699279059 -0.4718243953399849
4286 0.01020182982535197 -0.4718241761871112
4287 0.01020183999846012 -0.4718244715545788
4288 0.01020179806439375 -0.4718242348700386
4289 0.01020180972076661 -0.471824538919899
4290 0.01020176688667752 -0.4718242970520702
4291 0.01020177913851196 -0.471824596139492
4292 0.01020173672016032 -0.4718243531634573
4293 0.01020174767671228 -0.4718246396529197
4294 0.01020170625087033 -0.4718243941149721
4295 0.01020171565065522 -0.4718246726131649
4296 0.01020167523490537 -0.4718244207668071
4297 0.01020168376387421 -0.4718246939372219
4298 0.0102016438961999 -0.4718244394732748
4299 0.01020165244981866 -0.4718247078076402
4300 0.01020161177850081 -0.4718244455496277
