"rf_coeffs"
"Iteration" "cd etc.."
("Iteration" "cd" "cl")
1 2.642942971111798 -1.756157878914912
2 0.6349905439793426 -0.6248520108546048
3 0.4518344365230332 -0.1982315197309512
4 0.07172125776458298 0.1622171283934413
5 0.1738494749339368 0.1698369847729904
6 0.02709724785487318 0.1727725086714595
7 0.1046873155839739 0.1167794012802857
8 0.03522073931788109 0.02649928956546169
9 0.08317570886905597 0.03698752435755259
10 0.04087661359174544 0.01973716145669987
11 0.06746766542329029 0.01865673934694013
12 0.04155505246112599 0.03031796108225766
13 0.0554766201834909 0.02225905145080601
14 0.04038001170357551 0.03598424460244518
15 0.04680668172800591 0.01284730413608115
16 0.03846853295563464 0.04369355192201542
17 0.03830586856296127 0.01552265080046931
18 0.03751670966870823 0.03485194008605168
19 0.03252823682522507 0.03747880934349704
20 0.03561381894430363 0.0208376305067754
21 0.0302985058278304 0.04363112021920527
22 0.03268620655779556 0.01511336503563516
23 0.02928604896676323 0.04038965518048421
24 0.02958700089512363 0.02232401416552325
25 0.02847604904223028 0.03378939992206269
26 0.02732363384039523 0.03212873377072419
27 0.0272158527238971 0.02940859242629959
28 0.02601025619193886 0.0361319201976308
29 0.02596888417845034 0.02622463267186473
30 0.0249721275182768 0.03519383232099123
31 0.02441679703024769 0.03152085411096688
32 0.02384609039977668 0.03666418325712709
33 0.02330859063848148 0.03470059649369311
34 0.02306108378132773 0.03402651392319943
35 0.0222603501217749 0.03772696373026869
36 0.02220881093876491 0.0350382125358378
37 0.02150293002097992 0.03912886856858129
38 0.0213202601419766 0.03713724158153702
39 0.02087746098073176 0.03893442163700261
40 0.02050220112447127 0.03916313374254773
41 0.02023374892185914 0.03941610384800494
42 0.01982062676193229 0.04070980016292893
43 0.01956726701058562 0.04057652346650849
44 0.0192010249313268 0.04214083808450507
45 0.01893003911009706 0.04216146555231495
46 0.01864417389624167 0.0431874714536853
47 0.01835078956625474 0.04376134345345301
48 0.01812226146718597 0.04431421777825161
49 0.01783359443494148 0.0453225465753078
50 0.01762333903822558 0.04567303220002124
51 0.0173695201339443 0.0468461968119651
52 0.01716966576448311 0.04717459562988268
53 0.01695384878712939 0.04824845327937004
54 0.01675762379726292 0.04882024484066445
55 0.01658023668758229 0.04964316347139882
56 0.01638884730021828 0.05053376255944337
57 0.01624538364736688 0.05115037505965739
58 0.01606819230870806 0.05214605805346836
59 0.01593215756693184 0.05277146613107848
60 0.01578526449570958 0.05371935182988997
61 0.01565523719937807 0.05441318410221294
62 0.01553317987127037 0.05524346355404312
63 0.01540850724347106 0.05602876037946341
64 0.01530307032765311 0.05674110810869943
65 0.01518563634691104 0.05756327311772971
66 0.01509240750438244 0.05828348667072174
67 0.01498471901724449 0.05909555392998162
68 0.01489592423649357 0.05974760719998402
69 0.01480168449686783 0.0604758846436686
70 0.01471527521293229 0.06118216018950209
71 0.01463312800066061 0.06186041043696242
72 0.01455015732170599 0.06256027721386652
73 0.01447635090805729 0.06317396835265413
74 0.01439949893402637 0.06388201642003945
75 0.0143315407787475 0.06445348922910377
76 0.0142622762169672 0.06515473464350004
77 0.01419739657093961 0.06568074876434961
78 0.01413724529981798 0.06627768746581476
79 0.01407669046879229 0.06686703613352367
80 0.01402369147374535 0.06744206589315886
81 0.01397048543692448 0.06802110918405524
82 0.01392300996534295 0.06851767197491712
83 0.01387526307000654 0.06906772582618605
84 0.01383387304394254 0.06959081933129943
85 0.01379220489812489 0.07016934596166001
86 0.01375609266558849 0.07064792431981287
87 0.01372126588084923 0.07113929568327092
88 0.01369102744231271 0.07163532192030447
89 0.01366122125442409 0.07212320207644451
90 0.01363599072962592 0.0726050689755377
91 0.01361207813391801 0.07307233390792141
92 0.01359076182615521 0.0735517631845098
93 0.01357183295777186 0.07399365509652232
94 0.01355584450691842 0.07445450058389941
95 0.01354048561873446 0.07490028044746325
96 0.01352820197176627 0.07534167491888956
97 0.01351663098464963 0.0757816458071127
98 0.01350767513025287 0.07620186337028184
99 0.0135003652004424 0.07661865724268654
100 0.01349400362571148 0.07703526328324987
101 0.01348968159778194 0.0774449769317937
102 0.01348598805326394 0.07785277525526071
103 0.01348453060212794 0.07823819003596466
104 0.01348390855325435 0.07861817060228293
105 0.01348366422768573 0.07900492651924067
106 0.01348487675083473 0.07938041022615565
107 0.01348752556142009 0.07974217599605961
108 0.01349045592125664 0.08010019741393844
109 0.01349454153369049 0.08045295732206112
110 0.01349904675906237 0.08079570908514917
111 0.01350458134692779 0.08113179758922096
112 0.01351061418697563 0.08146156110673718
113 0.01351762847490458 0.08178011743144667
114 0.01352417557234904 0.08210018495100035
115 0.01353262895830624 0.08240901973904786
116 0.01354036724001072 0.08270887701133077
117 0.01354925418054993 0.0830042079401843
118 0.01355786448649055 0.08329256428951191
119 0.01356757042263744 0.08357234131333953
120 0.01357701425330295 0.08384245232501451
121 0.0135869139616345 0.08410130636689001
122 0.01359757118930354 0.08437481484022076
123 0.01360752953260709 0.08461470219069775
124 0.01361858682246765 0.08487259133786455
125 0.0136291272894994 0.08510837227338679
126 0.01364039739801071 0.08532716034606702
127 0.01365162208390541 0.08556644109240667
128 0.01366277561171781 0.08578213184434032
129 0.01367419350157579 0.0859824008574917
130 0.0136859371313338 0.0862000428490004
131 0.0136971873018479 0.08639652008750506
132 0.01370895926649936 0.08657862758656168
133 0.01372075464904196 0.0867765792911922
134 0.01373227318020392 0.08695387996440479
135 0.01374397697305015 0.08711813229525836
136 0.01375591672311092 0.08729678684965825
137 0.0137674051143463 0.08745570511723508
138 0.01377915243775762 0.08760238552843946
139 0.01379116085348685 0.08775868382751027
140 0.01380230934335901 0.08790583455514513
141 0.01381413688547907 0.08803357417135708
142 0.01382573868849372 0.08817859621853404
143 0.01383704459720686 0.08829511504885088
144 0.01384871219607647 0.08842632348776337
145 0.01385971757095853 0.08853915944119149
146 0.01387153362079996 0.08864399851110745
147 0.01388244560456815 0.08875074878382361
148 0.01389366834556782 0.08885519714776643
149 0.01390431232836751 0.08895414092367447
150 0.01391559772047378 0.08903797714265417
151 0.01392619735582848 0.08913121927586171
152 0.01393690408072206 0.08920579655558032
153 0.01394749311619022 0.08928783481106331
154 0.01395765908732722 0.08935819331806111
155 0.01396830093790293 0.08942841155058395
156 0.01397808060007387 0.08949012680703614
157 0.01398849122173594 0.0895542686434621
158 0.01399796802586641 0.08960531126640506
159 0.01400824856410993 0.08966046842685196
160 0.01401730897284307 0.08970437567223186
161 0.01402724395275797 0.0897497353770101
162 0.01403623689256116 0.08979043529396694
163 0.01404567027790153 0.08982784132801488
164 0.01405438947117312 0.08986056937132279
165 0.01406359061182997 0.08989020657118649
166 0.01407212780324896 0.08991690645300444
167 0.01408083997898513 0.08994028815437957
168 0.01408914401732285 0.08996024057305403
169 0.01409749275935046 0.08997744559184478
170 0.01410554056591263 0.08999140310570256
171 0.0141135251810896 0.09000241295761333
172 0.01412128821849534 0.0900112068279602
173 0.01412904746894778 0.09001674458375698
174 0.01413645157947502 0.09001947415079717
175 0.01414382084210575 0.0900202753788255
176 0.01415091564395294 0.09001819306619692
177 0.01415795523759663 0.0900140840186005
178 0.01416477983915854 0.09000726693842769
179 0.0141714652468976 0.08999893790739728
180 0.01417795436794959 0.08998841076465851
181 0.01418433196124559 0.08997558831631616
182 0.01419053455644628 0.08996072778237114
183 0.01419660274386263 0.08994391371729511
184 0.01420246751729486 0.08992548234834284
185 0.01420830290989226 0.08990421589632543
186 0.01421384128715946 0.08988247202753993
187 0.01421926118155862 0.08985902156166682
188 0.01422449034005607 0.08983391651901809
189 0.01422959711730045 0.08980725809695307
190 0.01423453476559979 0.08977910685628242
191 0.01423933742861838 0.08974953222344186
192 0.01424396887332226 0.08971877483962509
193 0.01424846779029641 0.08968643809482754
194 0.01425280948195958 0.08965290917291024
195 0.01425699696037854 0.08961824314839792
196 0.01426102769986507 0.08958247755198401
197 0.0142649141673451 0.08954556925027563
198 0.01426864671523739 0.08950771527199962
199 0.01427223243407986 0.08946882569283433
200 0.0142756708629501 0.08942900938582446
201 0.01427896210766174 0.08938823966780178
202 0.0142821019377212 0.0893467451174724
203 0.01428509657611476 0.08930431976131077
204 0.01428793924281481 0.08926113081595034
205 0.01429064468512713 0.0892172014848895
206 0.01429320360849978 0.08917253234380859
207 0.01429561465542841 0.08912725996310118
208 0.01429788087350252 0.08908135134358179
209 0.01430000114481889 0.08903495370348095
210 0.01430198554337976 0.0889878184781573
211 0.01430383667121839 0.08894004387323955
212 0.01430553950177129 0.08889190033058274
213 0.01430709689406722 0.08884331549539648
214 0.01430852534490621 0.0887941636632595
215 0.01430981425258005 0.08874465713355213
216 0.01431097458964833 0.08869471204276355
217 0.01431198894084947 0.0886444086432483
218 0.01431287065270451 0.08859372269586707
219 0.01431362181916123 0.0885426920845689
220 0.01431424407884458 0.08849134330250774
221 0.01431474513481376 0.08843968957770589
222 0.01431510817462055 0.08838775658503982
223 0.01431534253660205 0.0883354235640917
224 0.01431546940510349 0.08828302963755692
225 0.01431547632236412 0.08823041539188592
226 0.01431537942351511 0.08817734403353179
227 0.01431513119518261 0.08812452584094474
228 0.01431478701814675 0.08807121994880245
229 0.01431432343134134 0.08801764829117582
230 0.01431377081876859 0.08796418733337716
231 0.0143130887676897 0.0879104721191127
232 0.01431232434647806 0.08785647551672175
233 0.01431145135544057 0.08780240088384358
234 0.01431048566665808 0.08774829269399949
235 0.01430942071990812 0.08769401287974619
236 0.0143082690821006 0.08763959455746563
237 0.01430702431085162 0.08758517520387706
238 0.01430569049546341 0.08753068806520763
239 0.01430427655586859 0.08747611195531163
240 0.01430277855972952 0.08742145467801715
241 0.01430120918915245 0.08736674770617317
242 0.01429956271303083 0.08731199337090907
243 0.0142978468679364 0.08725718608446072
244 0.01429605934346985 0.08720234413967022
245 0.01429420803156181 0.08714751098623073
246 0.0142922943924975 0.08709252500781804
247 0.01429031396820027 0.08703761088984105
248 0.01428827648736275 0.08698268897704775
249 0.01428618417680544 0.0869277405232101
250 0.01428404373066978 0.08687271044857213
251 0.01428184777462519 0.08681775386688818
252 0.01427960343534997 0.0867628119156985
253 0.0142773189416975 0.08670784723682601
254 0.01427497894163144 0.08665301898844763
255 0.01427261071123317 0.08659803466351094
256 0.01427021662422498 0.08654294517472252
257 0.01426777050430338 0.08648805174667429
258 0.01426528763346973 0.08643319280411958
259 0.0142627759301184 0.08637833846472735
260 0.01426023452938761 0.0863234860302233
261 0.01425766858261386 0.08626867851423811
262 0.01425507759250134 0.08621388975502084
263 0.01425246382500639 0.08615911045205242
264 0.01424982547739247 0.08610440492577001
265 0.01424716925844943 0.08604972962220081
266 0.01424449295062218 0.08599505289854452
267 0.01424180411928693 0.08594046886022504
268 0.01423909735911253 0.08588592816470826
269 0.01423638641568179 0.08583088309943525
270 0.01423370269521177 0.08577417583865132
271 0.01423092851602341 0.08572413726668102
272 0.01422812492023675 0.08566897156052244
273 0.01422543154707538 0.0856116863700975
274 0.01422265931829892 0.08556070909310901
275 0.01421984244305797 0.08550688221684623
276 0.014217079525853 0.08545187401502292
277 0.01421433419713449 0.08539730608657504
278 0.01421156840505054 0.08534315049640484
279 0.01420880459112577 0.08528922497292615
280 0.0142060282854746 0.08523551779044043
281 0.01420326542961655 0.08518170822225088
282 0.01420050202946507 0.08512793591160617
283 0.01419774755646613 0.08507426358056376
284 0.01419499606081574 0.08502067949663403
285 0.01419229859772581 0.08496415489100111
286 0.01418954318123811 0.08491507343416471
287 0.01418677541000308 0.08485867550717946
288 0.01418408366661246 0.08480890191063289
289 0.01418132850609307 0.08475241265643825
290 0.01417868165991495 0.08470257163994355
291 0.01417589717177563 0.08464918772927184
292 0.01417326502546149 0.08459568228482263
293 0.01417065776422625 0.08453915253660467
294 0.01416802128338034 0.08449058508953254
295 0.01416528808451949 0.0844380452653006
296 0.01416274260393564 0.08438210926670177
297 0.01416008732665227 0.08433333184173565
298 0.01415750556682465 0.08427823503231643
299 0.01415490360690748 0.08422915175618331
300 0.01415234969012 0.08417386562594553
301 0.009452286685962779 0.08763917550591692
302 0.01009832545457938 0.08814895477346829
303 0.0092643319643357 0.08835006783710048
304 0.009740087316507292 0.08767679118367885
305 0.009523005263842138 0.08691289235276187
306 0.009876863255342672 0.08627372680905124
307 0.009777829576667315 0.0859203159661229
308 0.009965471197575921 0.0857132612783595
309 0.009897820069059309 0.08550921356612357
310 0.009975225715997703 0.08550668848075713
311 0.009931566730248004 0.08525771380780237
312 0.009949152702408759 0.0853237658985683
313 0.009922825679407127 0.08509290232462716
314 0.00991219438832491 0.08508146061980615
315 0.009899873016296371 0.08494746218255451
316 0.009883268708408645 0.08481894030121767
317 0.009876423660143055 0.08479712934596279
318 0.009865844525856891 0.08462570576965897
319 0.00985918408914473 0.08463856792101043
320 0.009849393386334835 0.08450388225288726
321 0.009844939405922444 0.08445482621402936
322 0.009834379902645914 0.08439968307044754
323 0.009830485599533865 0.08430163701769729
324 0.009820133700811438 0.08429128399010118
325 0.009813669200827624 0.08417368165640252
326 0.00980527248045601 0.08415381821589316
327 0.009796790835281689 0.08405463842466453
328 0.009790466287691844 0.08399211678958977
329 0.009781016898823786 0.08393481857173712
330 0.009775913818031541 0.08383489730507904
331 0.009766794798379063 0.08379926275844973
332 0.00976192661304476 0.08369560042878209
333 0.009754864089689388 0.08364408070972611
334 0.00974884336503758 0.08356339461914239
335 0.009744725652040627 0.08348775712022519
336 0.009738245768080812 0.08342643469754148
337 0.009736039999555199 0.08333403038051267
338 0.009730946225154352 0.08327730907545175
339 0.009729347893293256 0.0831894332335618
340 0.009726495027854359 0.08311649960098812
341 0.009724593132659356 0.08303947623461594
342 0.009724207939407212 0.08294921687648872
343 0.009722352244483833 0.08288200190318928
344 0.009723308532403292 0.08278874436892796
345 0.009722145372966293 0.08271508586437822
346 0.00972333849733107 0.08262019461214422
347 0.009723280540857224 0.08254011918499568
348 0.009724087449059674 0.08244443881767183
349 0.009724729162225377 0.08236225724677779
350 0.009724926683142704 0.08227127420353562
351 0.00972568262164265 0.08218319413849798
352 0.009725362715249385 0.08209380548000478
353 0.009725770769957743 0.08199953635692307
354 0.009725108799187471 0.08191376763649613
355 0.009724831498216728 0.08181840789921835
356 0.009724048433595709 0.0817285517915074
357 0.009722840871521532 0.08163811497139918
358 0.009721929970348224 0.08154623407138144
359 0.009720181989453083 0.08145510224746186
360 0.009719047239463336 0.08136030358536724
361 0.00971716265289977 0.0812659695456262
362 0.009715657283122049 0.08117651132835724
363 0.00971381408116655 0.08108365747719676
364 0.009712211317508483 0.08098102924693704
365 0.009710554259852105 0.08089307734415488
366 0.009708794354004015 0.08079654930660039
367 0.009707465030027325 0.0806988383246971
368 0.009705830230587463 0.08060363569340236
369 0.009704669066027887 0.08050477529081657
370 0.00970331567734792 0.08040780620596136
371 0.009702290119108593 0.08030852694261578
372 0.009701307010016187 0.08020944008461707
373 0.009700420166322622 0.08010785050421286
374 0.009699880419954676 0.0800046363368412
375 0.0096989521710312 0.07991129444141801
376 0.009698584389210577 0.07981080883704539
377 0.009698041258869299 0.0797066239838915
378 0.009697907823927996 0.07960522247014414
379 0.009697590872372444 0.07950280458906306
380 0.009697560448396017 0.07940002608481977
381 0.009697627548895095 0.07929340566145658
382 0.009697492657690984 0.0791997882571282
383 0.009697641929677508 0.07909797006799311
384 0.009697882847364449 0.07899238557202365
385 0.00969801819057315 0.07889729836567703
386 0.009698467839730411 0.07879048030291722
387 0.009698773255558081 0.07869069980248876
388 0.009699111624200609 0.07859592421191698
389 0.009699648363670856 0.07849076431798499
390 0.009700124938250737 0.07839246663055113
391 0.009700639826723919 0.07829470640827249
392 0.009701161068608096 0.07819671271533975
393 0.009701700466731921 0.07809978974291695
394 0.00970229134027341 0.07800210289467902
395 0.00970288193734492 0.07790564468619843
396 0.009703494098346154 0.07780919047736812
397 0.009704127808981609 0.07771351979353014
398 0.00970475266476325 0.07761850851818765
399 0.009705431544260887 0.07752383614911448
400 0.009706062098363895 0.07743003458310009
401 0.009706749380431463 0.07733646263887343
402 0.009707392251699226 0.07724379370190533
403 0.00970807192808211 0.07715140075733776
404 0.009708733369588302 0.07705976407786913
405 0.00970939778984225 0.07696875778106589
406 0.00971007097480432 0.07687808100615859
407 0.00971072064968977 0.07678834996184614
408 0.009711393014763658 0.0766989311522086
409 0.00971203285490743 0.07661044190872156
410 0.009712695930190104 0.07652224459501419
411 0.009713331911106378 0.07643490650436088
412 0.009713974000656432 0.0763479702534602
413 0.009714603188257001 0.07626187002433431
414 0.009715173363796282 0.0761761391876679
415 0.009715840197478573 0.07609122032929905
416 0.009716434574520177 0.07600695702442294
417 0.009717058371280783 0.07592325728992737
418 0.009717631572552534 0.07584020305158824
419 0.009718221437399937 0.0757577776862995
420 0.009718782723773576 0.07567594586388031
421 0.009719345191595825 0.0755948379959752
422 0.009719893913407836 0.07551423010620527
423 0.009720430497700095 0.07543441282490707
424 0.009720961825581123 0.07535504296319785
425 0.009721487199242087 0.07527920720304673
426 0.009722010931844736 0.07519784895431531
427 0.009722406687635408 0.07512362043939763
428 0.009722867164871675 0.07504248756335728
429 0.009723448946204844 0.07496732750638835
430 0.009724015598543929 0.07489495457595528
431 0.009724208599514325 0.07481642842876855
432 0.009724852281621512 0.07474297371980215
433 0.009725293827196637 0.07467246125614865
434 0.009725615904883106 0.07459528110837854
435 0.009726063555373267 0.07452397404924899
436 0.00972646434993076 0.07445553148003502
437 0.009726766994878559 0.07438042486473383
438 0.009727201567609332 0.07431066222565794
439 0.009727547993186314 0.07424101051584089
440 0.009727909920169258 0.07417241388373021
441 0.009728236345486804 0.07410417642533092
442 0.009728559186772167 0.07403612896375297
443 0.009728865126342086 0.07396877468421977
444 0.009729171975630271 0.07390185971899238
445 0.009729460598357742 0.07383576877619841
446 0.009729748458432106 0.0737700871261822
447 0.009730019315625161 0.07370523405742758
448 0.009730291334252661 0.07364081996882689
449 0.009730546985360406 0.07357660207153817
450 0.009730799354627376 0.07351429166052963
451 0.009731009691239524 0.07345114093681318
452 0.009731261596712903 0.07338989066506298
453 0.009731447523028944 0.07332789028849866
454 0.00973169494191823 0.07326731005575672
455 0.009731862645215989 0.07320726720932853
456 0.009732070254338173 0.07314771951779718
457 0.009732237503616783 0.0730887604805395
458 0.009732422208025931 0.07303027499604653
459 0.009732580325778005 0.07297242410771812
460 0.009732743877224581 0.07291505503060963
461 0.00973288324241413 0.07285885321686456
462 0.009733024484758629 0.07280177270523837
463 0.009733172642375464 0.07274685357439771
464 0.009733276999743875 0.07269139598171237
465 0.009733415318327479 0.07263681820954734
466 0.009733520948123308 0.07258258469974371
467 0.009733638385347866 0.07252922759933518
468 0.009733731425659422 0.07247612600491703
469 0.009733834934151864 0.07242382846049353
470 0.009733916171959929 0.07237177473029252
471 0.009734009875591559 0.07232042291251732
472 0.009734083286193608 0.0722693717839497
473 0.009734158258295694 0.07221947093377226
474 0.009734246909436813 0.07217009050765236
475 0.009734269569050758 0.0721186911530825
476 0.009734386133991043 0.07207125522572025
477 0.00973438219051195 0.07202047848261445
478 0.009734508766876013 0.07197463841642031
479 0.009734472608894441 0.07192462220830866
480 0.009734609894088456 0.0718798283772477
481 0.009734545487119063 0.07183131907577575
482 0.009734683959945789 0.07178592526644188
483 0.009734638101192971 0.07173885182925167
484 0.009734752626571204 0.0716935977545822
485 0.009734725028180161 0.0716486427017758
486 0.009734784970839582 0.07160531538364563
487 0.00973475444626935 0.07155906104163839
488 0.009734847398376203 0.07151694784869295
489 0.009734796028265446 0.0714712137985902
490 0.009734900218073477 0.07143018017862002
491 0.009734834776157351 0.07138721935695688
492 0.009734889869804015 0.07134429599751708
493 0.009734887781038941 0.07130050680766085
494 0.009734941383674025 0.07126030242513184
495 0.00973491146239611 0.07121930459834025
496 0.009734930305208507 0.07117786297925031
497 0.00973493382848367 0.0711368073371251
498 0.009734959664869387 0.07109610235529516
499 0.009734960699976996 0.07105603055560505
500 0.009734975025414257 0.07101617666955351
501 0.009734970734770289 0.07097690786671773
502 0.009734979147031381 0.07093771698280946
503 0.009734974095377887 0.07089893901852458
504 0.009734985633537046 0.0708600701991466
505 0.009734984981923992 0.07082170785068589
506 0.009734997243155836 0.07078335539649674
507 0.009734994456989259 0.07074560546936937
508 0.009735003625406902 0.0707078314526035
509 0.009735003617660073 0.07067063979375997
510 0.009735005664161701 0.07063350396834978
511 0.009735003529940672 0.07059684838041007
512 0.009735002526523732 0.07056009414338371
513 0.009735005230991143 0.07052366698809068
514 0.009735011591494563 0.07048637324872928
515 0.009735034686051042 0.0704505079241773
516 0.009735035209749702 0.07041361411266667
517 0.009735030566924305 0.07038071009154831
518 0.009734991334772139 0.07034487795909432
519 0.00973501194942214 0.0703091447692922
520 0.009735029695539965 0.07027232238573008
521 0.0097350301224155 0.07023999395160688
522 0.00973499431217319 0.07020455491713022
523 0.009735019865002839 0.07016949028745903
524 0.009735027486392551 0.07013380240444948
525 0.009735026199080192 0.07010125949732958
526 0.009735002331164819 0.07006700229726948
527 0.009735005646382272 0.07003270626246956
528 0.009735014586751212 0.0699974485715873
529 0.009735008576658648 0.06996548544572775
530 0.009734985529174331 0.06993167473680678
531 0.009734987330874644 0.06989770295410226
532 0.009734988938439481 0.06986401981556224
533 0.009734986086410458 0.06983072321806742
534 0.009734992383398988 0.06979605552381969
535 0.009734976699212024 0.06976533471868661
536 0.009734939347069881 0.06973191526906372
537 0.009734944734861917 0.06969853760667159
538 0.009734954687774907 0.06966392027381027
539 0.009734939594569893 0.06963366371021981
540 0.009734897307040892 0.06960045305679523
541 0.009734902641468358 0.0695673790609682
542 0.009734902302607869 0.06953343202575918
543 0.009734885298895709 0.0695027451524758
544 0.009734852367455594 0.06947020151961987
545 0.009734837410863947 0.06943761639409364
546 0.009734834265856602 0.06940392077307278
547 0.009734812109515968 0.06937353430031633
548 0.00973478975607263 0.06933947135471223
549 0.009734773514576188 0.0693093507627842
550 0.009734734247085061 0.06927574656110642
551 0.009734719813728742 0.06924518411350131
552 0.009734688207320643 0.06921177442359515
553 0.009734673022521454 0.06918039890930414
554 0.009734634198246042 0.06914848050101717
555 0.009734605658453998 0.06911773021720351
556 0.009734569181660645 0.06908472321673591
557 0.0097345414119421 0.06905374110988352
558 0.009734515087912128 0.06902117107389021
559 0.009734464337912864 0.06899108456578411
560 0.009734432948876513 0.06895774515465054
561 0.00973440653142861 0.06892634854291459
562 0.00973436330645568 0.06889552821970295
563 0.009734299766818028 0.06886542569452468
564 0.00973426188390448 0.06883204589241126
565 0.009734235541489417 0.06880082607845141
566 0.009734183425774973 0.0687701833382869
567 0.009734123789374698 0.06873886028329615
568 0.009734079420981144 0.06870803164827217
569 0.009734017197169702 0.06867667028092955
570 0.009733975193574751 0.06864590044604769
571 0.009733900569203069 0.06861598457534764
572 0.009733853187279441 0.06858317396241702
573 0.009733798380928549 0.06855386289645701
574 0.009733732838978647 0.06852166397521553
575 0.00973367076372105 0.06849261511565156
576 0.009733603905299416 0.06846003706380369
577 0.009733547300293676 0.06843146860396732
578 0.00973346142316216 0.06839935155540458
579 0.009733413095058241 0.06836898081722166
580 0.009733342430664092 0.06833908691979396
581 0.009733260415515612 0.06831008995340497
582 0.009733172843092374 0.06827894852176417
583 0.009733096358421246 0.06825072541927404
584 0.009733006793437029 0.06821810342636685
585 0.009732967782841035 0.06819006132628813
586 0.009732855235874307 0.0681586349304165
587 0.00973279968688969 0.06813104047584177
588 0.009732674823856893 0.06810000354466771
589 0.009732621467139884 0.06807196283472228
590 0.009732507629841184 0.0680412726340854
591 0.009732444537672117 0.0680134520722986
592 0.009732328210521423 0.06798324545122236
593 0.009732253348230224 0.06795577906402463
594 0.00973214006025315 0.06792541082234682
595 0.009732065828014723 0.06789852731516245
596 0.009731941782639872 0.06786812603318518
597 0.009731874864401325 0.06784169769872164
598 0.009731734582301666 0.06781185349907436
599 0.009731670381355948 0.06778505312655964
600 0.009731537322649406 0.06775581082856832
601 0.009731465390757723 0.06772879479822796
602 0.009731338280725078 0.06770073773895566
603 0.009731238799958972 0.06767405292553987
604 0.00973112204250243 0.06764599366842809
605 0.009731017526596948 0.06761973453090508
606 0.009730902829013528 0.06759170537956809
607 0.009730798225278132 0.06756590495921386
608 0.009730676422403439 0.06753848196089561
609 0.009730564654937428 0.06751167890254975
610 0.009730466871916546 0.06748593316738331
611 0.009730334429375985 0.06746027824314256
612 0.009730223612733579 0.06743348337323693
613 0.009730104558346631 0.06740829540382552
614 0.009729990079955987 0.06738207957393109
615 0.009729867602634796 0.06735728104807467
616 0.009729751023072679 0.06733142540103104
617 0.009729627100519816 0.06730689704564334
618 0.009729512260148499 0.06728132485251631
619 0.009729386760085629 0.06725766552050889
620 0.009729261026036776 0.06723189314524208
621 0.009729150342137274 0.06720781241816255
622 0.009729026153463684 0.06718409068302258
623 0.009728896873141202 0.06716055833587917
624 0.009728774068028001 0.06713606182600333
625 0.009728652358700313 0.06711259249976324
626 0.009728532580886179 0.06708931700213096
627 0.009728405299823228 0.06706611855171922
628 0.009728287185953925 0.06704384379721037
629 0.009728146829227954 0.06702000226223205
630 0.009728040227279867 0.06699750614683543
631 0.00972791081463917 0.06697531121623355
632 0.009727789797019423 0.06695323730617299
633 0.009727665138096373 0.06693086614755894
634 0.009727540247404661 0.06690920766463505
635 0.009727417745120809 0.06688718733107207
636 0.00972729337960153 0.06686610199064612
637 0.00972716881199308 0.06684445665259821
638 0.009727047367423422 0.06682360745674439
639 0.009726924025635847 0.06680245123521343
640 0.009726801241756643 0.06678192499384734
641 0.009726677898651696 0.06676056242895571
642 0.009726570489167882 0.06674077830374206
643 0.009726436929621532 0.06672006052651817
644 0.009726328852619204 0.06670064628312712
645 0.009726195041242322 0.0666800706316657
646 0.009726092817465977 0.06666092325916143
647 0.009725958320988819 0.06664137427252728
648 0.009725847981613359 0.06662215785935295
649 0.009725720107175324 0.06660229391863288
650 0.009725628126784179 0.06658352687519667
651 0.009725491029335592 0.06656369928094893
652 0.009725408415559232 0.06654603663661073
653 0.009725256501555923 0.06652749167672675
654 0.00972516393818428 0.06650870614774591
655 0.009725041579777677 0.06648978500175197
656 0.009724954514118209 0.06647254722727169
657 0.009724814230438568 0.06645436041921259
658 0.009724726024868803 0.06643622883429368
659 0.009724608012889676 0.06641810405277124
660 0.009724516451450354 0.06640134084722607
661 0.009724387257304701 0.06638395681719785
662 0.009724292175238543 0.06636628477098512
663 0.009724188880067481 0.0663485079175796
664 0.009724095609893844 0.06633234154892853
665 0.009723974407804372 0.06631556001773158
666 0.009723877083159926 0.06629808617009575
667 0.009723785915160913 0.06628132343822747
668 0.009723689951772817 0.06626463116359023
669 0.009723590091086001 0.06624836313050186
670 0.009723493122057416 0.06623190880653607
671 0.009723395080281224 0.06621579069688495
672 0.009723302091689293 0.06619948759951748
673 0.009723207082138464 0.0661835398727549
674 0.009723116767845364 0.06616741555930676
675 0.009723024519989697 0.06615163661947804
676 0.009722936289880774 0.06613568143751646
677 0.009722846927954686 0.0661200732895505
678 0.009722760265320856 0.06610429613054923
679 0.009722673576674702 0.06608886187965256
680 0.009722588371434542 0.0660732560643631
681 0.009722504259267257 0.06605797935172679
682 0.009722420808675995 0.06604252499497627
683 0.009722339030451499 0.06602738761068852
684 0.009722257783192828 0.06601206717016961
685 0.009722177994240263 0.06599706018732719
686 0.009722099220043398 0.06598186186890577
687 0.009722021214733319 0.06596697804619148
688 0.009721944970792668 0.06595189140063741
689 0.009721868687763488 0.06593711923323314
690 0.009721794711536639 0.06592213345660189
691 0.009721720306667217 0.06590745995670906
692 0.009721648384447211 0.06589257056624281
693 0.009721576120898355 0.06587798451759941
694 0.00972150592232326 0.06586317831882756
695 0.009721435903902814 0.06584867965855586
696 0.009721367348580996 0.06583396027274183
697 0.00972129917127751 0.06581952197462684
698 0.009721232069644535 0.06580486823926814
699 0.009721165487730471 0.06579048878981528
700 0.009721100138032115 0.06577589436650187
701 0.009721035114523529 0.06576157075415923
702 0.00972097157933104 0.06574702816861315
703 0.009720907913353144 0.06573275544233262
704 0.009720846079955631 0.06571826038492669
705 0.009720783809583203 0.06570403236996623
706 0.009720723654686802 0.06568957747188688
707 0.009720662804169847 0.06567538444613978
708 0.009720604106324497 0.06566096201783457
709 0.009720544688306588 0.06564679760478076
710 0.009720491027153114 0.06563186315471786
711 0.009720435215437933 0.06561830781195155
712 0.009720371513050576 0.06560440426360538
713 0.009720304287536251 0.06558997488068902
714 0.009720261475783191 0.06557544363626615
715 0.009720204318230086 0.06556122617547482
716 0.009720158954669071 0.06554636262010136
717 0.009720102260528283 0.06553296541724421
718 0.009720042174301693 0.06551888583465643
719 0.009719982494529256 0.0655046730762434
720 0.009719940491769644 0.06548968134149728
721 0.009719888864502752 0.0654761653716133
722 0.009719832662408782 0.06546208394796166
723 0.009719774267627438 0.06544790800964909
724 0.009719729287348572 0.06543345719696461
725 0.009719678267005706 0.06541933418821023
726 0.009719633670594335 0.06540449733534828
727 0.009719583271343684 0.06539128307983975
728 0.009719522144100601 0.06537688288772563
729 0.009719475333784054 0.06536278447524825
730 0.009719429495699247 0.06534778900095448
731 0.009719385912740497 0.06533431929775391
732 0.009719331188905004 0.06531979340798014
733 0.009719279418064825 0.0653061275039855
734 0.00971923296759223 0.06529150010194759
735 0.009719179210837911 0.0652780853859431
736 0.009719127972129872 0.06526362176703512
737 0.009719080852745195 0.06524927820223546
738 0.009719041800848148 0.06523447099173067
739 0.009718991982839036 0.06522110777967284
740 0.009718941102125537 0.06520642290440531
741 0.009718890501008052 0.06519282922745857
742 0.009718844194421834 0.0651782563299271
743 0.00971878989577518 0.06516484102684245
744 0.009718744175398083 0.065149710577382
745 0.00971870137398043 0.06513609978043318
746 0.009718652926765804 0.06512164269244694
747 0.009718598839188759 0.06510829478359449
748 0.009718549502134964 0.06509354060593467
749 0.009718500747343491 0.06507988846085694
750 0.009718457186590887 0.06506525095893119
751 0.009718402978098653 0.06505206945035598
752 0.009718350251147392 0.06503750151476197
753 0.009718307727342532 0.06502335490883057
754 0.009718262360917541 0.06500890854047235
755 0.009718211815127036 0.06499570138635981
756 0.009718156524469758 0.0649817098449972
757 0.009718103163078888 0.06496743004791393
758 0.009718065383053536 0.06495288015193394
759 0.009718013515419321 0.06493998403397737
760 0.009717956168286754 0.06492524511698129
761 0.009717912351853009 0.06491223572805761
762 0.00971785257465611 0.06489791901722444
763 0.009717810363623366 0.0648840266504503
764 0.009717760541177648 0.06486977255053163
765 0.009717710146489453 0.06485684333520346
766 0.009717652904470547 0.06484248231567011
767 0.009717604052432915 0.06482906489466521
768 0.009717556909043558 0.06481559808748497
769 0.009717491533877225 0.06480206070847377
770 0.009717445930932142 0.06478811648438265
771 0.009717393919762372 0.06477450213231908
772 0.009717348064666382 0.06475987645378505
773 0.009717305417175566 0.06474753427934848
774 0.009717234868073714 0.06473408013683926
775 0.00971718259707397 0.06472032387817321
776 0.009717136217958099 0.06470702111113485
777 0.009717076795757765 0.06469384450490356
778 0.009717024270130289 0.06468030499845022
779 0.009716971204746476 0.06466711589295177
780 0.009716918454252658 0.06465371101578561
781 0.00971686412372799 0.06464060342934952
782 0.009716811339834455 0.06462731849526823
783 0.009716755571417292 0.06461403486174162
784 0.009716708815959747 0.06460121489602244
785 0.00971664253353802 0.06458819818075852
786 0.009716596739869769 0.06457541527504906
787 0.009716529738571154 0.06456272735978845
788 0.009716479551376719 0.06454966816963899
789 0.009716422402725997 0.06453695536064392
790 0.009716370741405734 0.06452404379842085
791 0.00971631387252247 0.06451116302981418
792 0.009716267274584701 0.0644987731635519
793 0.009716198916411629 0.06448617055197457
794 0.00971615397749199 0.06447381826376976
795 0.009716084891785017 0.06446128857531838
796 0.009716041865478366 0.06444904119429916
797 0.009715971741469334 0.06443664290915777
798 0.009715929006976515 0.06442452015156053
799 0.009715858001651624 0.06441220729486516
800 0.009715816368784084 0.06440017782974496
801 0.009715746001443306 0.06438799607324289
802 0.009715703629983301 0.0643758344614154
803 0.009715639145468261 0.06436409247862941
804 0.009715587127976509 0.06435240877011363
805 0.009715518872713429 0.06434058087937572
806 0.009715472132878792 0.06432863246654782
807 0.009715411183580543 0.06431710500287449
808 0.009715358040709714 0.06430564837687335
809 0.009715291356539856 0.0642941758165152
810 0.009715241970928027 0.06428274394827742
811 0.009715176116536113 0.06427122131522947
812 0.009715130247437507 0.06425994995974943
813 0.009715062374504778 0.06424860848884882
814 0.00971501613537645 0.06423730025825826
815 0.009714952747038113 0.06422637620903546
816 0.009714898333496862 0.06421533023946871
817 0.009714835970309444 0.06420455219730228
818 0.0097147800485409 0.06419358796978082
819 0.00971472009964745 0.06418288781197865
820 0.009714664275624074 0.06417203107527264
821 0.009714605260570339 0.06416146936137099
822 0.009714549014771926 0.06415076117348807
823 0.009714490011718592 0.06414035697328602
824 0.009714433322134293 0.06412979804759185
825 0.009714374320059449 0.06411954591352195
826 0.009714317251562805 0.06410913133807775
827 0.009714258487934417 0.06409902478734703
828 0.009714200981232872 0.06408875344463211
829 0.009714142622116799 0.06407878847317884
830 0.009714085434207067 0.06406885612118489
831 0.009714021812556092 0.06405886727296695
832 0.009713969407062475 0.06404877367914034
833 0.009713910954161777 0.06403907230414958
834 0.009713854051995192 0.06402927696226632
835 0.009713794039110962 0.064019773838194
836 0.009713736118995436 0.06401009591825024
837 0.009713676735960896 0.06400069202343862
838 0.009713619504312964 0.06399112129790165
839 0.009713560443441949 0.06398184925866504
840 0.009713503271843697 0.06397241432705769
841 0.009713444134839247 0.06396328402954843
842 0.009713386687648427 0.0639539866290242
843 0.009713327591163889 0.06394499342354536
844 0.009713270680449936 0.06393600907531624
845 0.009713206458046858 0.06392699005829854
846 0.009713153906393093 0.06391785961898248
847 0.009713094550569634 0.0639091234618403
848 0.009713038256975632 0.06390043224772399
849 0.009712972917647137 0.06389167334597627
850 0.009712920535218316 0.06388283691490246
851 0.009712861787169947 0.0638741725132457
852 0.00971280538244545 0.06386605624674513
853 0.009712735561304642 0.06385746420055435
854 0.009712685373817405 0.06384903110536079
855 0.009712619603808342 0.06384065201373267
856 0.009712568695103761 0.06383215611764086
857 0.00971250874877831 0.06382376412758942
858 0.009712454761513929 0.06381595020911253
859 0.009712383879440248 0.06380793029747939
860 0.009712329363682749 0.06379965693460179
861 0.009712270848233753 0.06379144332942396
862 0.009712216981219919 0.06378385017933159
863 0.009712146255672184 0.06377594820997085
864 0.009712094024225305 0.06376801775362731
865 0.00971202848885658 0.06376012705647564
866 0.009711978469265364 0.06375235231423508
867 0.009711910525699707 0.06374466521404507
868 0.009711859017557545 0.06373703165693856
869 0.009711789754206591 0.06372942861890767
870 0.009711738888306098 0.06372186430498342
871 0.009711669693675427 0.06371432643329455
872 0.009711619243848132 0.06370685917664771
873 0.009711549723072027 0.06369942676001536
874 0.009711498960278703 0.06369180242989439
875 0.009711433052024975 0.06368491815778429
876 0.009711373829658684 0.06367757412905256
877 0.00971130627645859 0.06367021093310496
878 0.00971125668091302 0.06366282893716563
879 0.009711187708905457 0.06365586607750751
880 0.009711135010498501 0.06364883875078599
881 0.00971106095930588 0.06364167425964846
882 0.009711012692325081 0.06363433511955462
883 0.009710944819472855 0.06362766571005904
884 0.009710887530579025 0.0636207071181529
885 0.009710816398713839 0.06361364478378605
886 0.009710766844952154 0.0636065829543488
887 0.009710695799651789 0.06359990030333533
888 0.009710642488256047 0.06359313647261852
889 0.009710570042300661 0.06358609274878618
890 0.009710518020251996 0.06357952154331835
891 0.009710447266889305 0.06357265869315225
892 0.00971038996714679 0.06356610062334636
893 0.009710320454507482 0.0635594521937187
894 0.009710263030268429 0.06355250643138682
895 0.009710197318145854 0.06354619067662486
896 0.00971013645337011 0.0635394347001987
897 0.00971007171714685 0.06353276358133825
898 0.009710010679591614 0.06352628609952538
899 0.009709943360439647 0.06351985659883799
900 0.009709882223885432 0.06351315987854081
901 0.009709815579665647 0.06350692397440191
902 0.009709755521438088 0.06350030086944213
903 0.009709685039387175 0.06349407841390038
904 0.009709627374530131 0.06348747532831635
905 0.00970955508023312 0.06348128639588428
906 0.009709498711903112 0.0634747357806326
907 0.009709424836846078 0.06346856300802384
908 0.009709369399361636 0.06346208813176643
909 0.009709293874727571 0.06345592421793099
910 0.009709239300703462 0.06344951861518157
911 0.009709162271168165 0.06344336769282224
912 0.009709108523673182 0.06343701792146454
913 0.009709030109123482 0.06343088652123312
914 0.009708977094421397 0.06342458148233587
915 0.009708804445119861 0.06341794376947274
916 0.009708811688512996 0.0634120925116818
917 0.009708752515815109 0.06340612143907857
918 0.009708616946651006 0.06339930450614051
919 0.009708594373197143 0.06339382754717666
920 0.009708557183685433 0.06338756703209047
921 0.009708397392231444 0.06338113771618314
922 0.009708394574951708 0.06337520902820282
923 0.009708338293529817 0.06336958342617939
924 0.009708194560280962 0.06336281351281349
925 0.009708176692796437 0.06335698302803708
926 0.009708044533029188 0.06335050757450575
927 0.009708037737648095 0.06334505522994863
928 0.009707900270961269 0.06333860676174143
929 0.009707891109370283 0.06333296538510368
930 0.0097077553404796 0.06332644851471028
931 0.009707746875298609 0.06332102204928156
932 0.009707612170344109 0.06331447963042532
933 0.009707598478126758 0.06330914653254724
934 0.009707466055231104 0.06330260445305871
935 0.009707455148940338 0.0632968519876939
936 0.009707321507478313 0.0632905705321304
937 0.009707305902246386 0.06328533117941969
938 0.009707170828304197 0.06327859972289468
939 0.009707160144618773 0.06327341495562706
940 0.009707024497765041 0.06326690665482301
941 0.00970701393970444 0.06326125965432131
942 0.009706878902864351 0.06325503279546199
943 0.009706863872653373 0.06324956473699843
944 0.009706728503132497 0.06324319498691836
945 0.009706714081093316 0.06323800431652722
946 0.009706578011127761 0.06323155530909454
947 0.009706568325665594 0.06322591285637917
948 0.00970643327627882 0.06321971126990369
949 0.009706415455905348 0.06321452638863531
950 0.00970628029787864 0.06320809585211618
951 0.009706268822859489 0.06320246440959285
952 0.009706134591238183 0.06319630413273944
953 0.009706115687743494 0.0631911675996025
954 0.009705981968362622 0.06318460764273442
955 0.009705966149175549 0.06317950078154981
956 0.009705833179440806 0.0631729783362607
957 0.009705816194023232 0.06316788864439729
958 0.009705682622437232 0.06316133833232442
959 0.00970566741630084 0.06315636162709268
960 0.009705533172185048 0.06314992142204241
961 0.009705516516637123 0.06314463509383693
962 0.009705383333197367 0.06313843245398811
963 0.009705365863232809 0.06313312645226452
964 0.009705232086299335 0.06312691815075931
965 0.009705214066846919 0.06312182124292087
966 0.0097050814336683 0.06311537950719237
967 0.009705065450132319 0.06311039276025383
968 0.009704931806656335 0.06310391328338132
969 0.009704917218328861 0.06309896192890167
970 0.009704783256248605 0.06309259941470803
971 0.009704765565657181 0.06308758694887978
972 0.009704634481237838 0.06308124275418876
973 0.009704615856054425 0.06307625577249645
974 0.00970448612074111 0.06306994947591615
975 0.009704466347491598 0.0630649619166929
976 0.009704338283082835 0.06305870001001712
977 0.009704317201388134 0.06305370402017849
978 0.009704190910459456 0.06304749284888279
979 0.00970416840541265 0.06304252279130837
980 0.009704042344571798 0.06303625331167735
981 0.009703949223753826 0.06303098203018605
982 0.009703938132484222 0.06302551309825422
983 0.009703819940633629 0.06301991112656996
984 0.009703726797620714 0.0630139990888047
985 0.009703715645557269 0.0630091937070362
986 0.009703598593693642 0.06300307169420127
987 0.009703503888064362 0.0629977682910129
988 0.009703494970439555 0.06299243792345978
989 0.009703375204561306 0.06298688523588081
990 0.009703285389727697 0.06298110546489744
991 0.009703270932486515 0.06297630250474383
992 0.009703158612729147 0.06297026880614216
993 0.009703064156749593 0.06296511232629026
994 0.00970305509574575 0.06295981539365238
995 0.009702937565456638 0.06295438574801417
996 0.009702848283484359 0.06294861810799067
997 0.009702835576912787 0.06294397252189513
998 0.009702723309560414 0.06293817929662619
999 0.009702629796701048 0.06293286358956338
1000 0.009702620236958798 0.06292790112178627
1001 0.009702506377710408 0.06292228976945514
1002 0.009702421254280476 0.06291664768893054
1003 0.009702406844675772 0.06291208738461594
1004 0.009702299050760511 0.06290655338692101
1005 0.009702200755783794 0.06290121554269379
1006 0.009702196969201099 0.0628961252973359
1007 0.00970208374400431 0.06289093192131474
1008 0.009701997820362684 0.0628853924253181
1009 0.009701915908844292 0.06288055054388698
1010 0.009701913352561186 0.06287579124500607
1011 0.009701800181321038 0.06287031725487005
1012 0.009701721038569045 0.06286506028145451
1013 0.009701634233341791 0.06285994923861643
1014 0.009701571779736972 0.06285487132282883
1015 0.009701559594580231 0.06285022199600276
1016 0.009701462389704827 0.06284489098405725
1017 0.009701365714456459 0.06283981525758377
1018 0.009701295075978569 0.06283479424370786
1019 0.009701217409666943 0.06282982837642725
1020 0.009701156308770081 0.06282485182833498
1021 0.009701079996645934 0.06281992368210651
1022 0.009701018879759094 0.06281498363379479
1023 0.009700941809029974 0.06281011592523436
1024 0.009700880029251732 0.06280522247419147
1025 0.009700802636160133 0.06280038797949489
1026 0.009700741403118504 0.06279551106001909
1027 0.009700664533770447 0.06279069435862872
1028 0.009700603914238248 0.06278585395198215
1029 0.00970052759690972 0.06278107521365514
1030 0.009700466797915254 0.06277625676606502
1031 0.009700391875647113 0.06277159784642523
1032 0.009700329833409854 0.06276684863316666
1033 0.009700254885402304 0.06276217127627085
1034 0.009700193806921128 0.06275744931567233
1035 0.009700118933922598 0.06275278818631369
1036 0.009700058825315704 0.06274810158035571
1037 0.00969998383102116 0.06274348326437391
1038 0.009699924170860918 0.06273883918909094
1039 0.009699849330366017 0.06273428109791432
1040 0.009699789523038344 0.06272967984020157
1041 0.009699714811656074 0.06272517420878079
1042 0.009699655004923625 0.06272059847318401
1043 0.009699580914894382 0.06271613522782012
1044 0.009699520850693505 0.06271158166938756
1045 0.009699447475115102 0.06270714199092926
1046 0.009699387543864046 0.06270263707321616
1047 0.00969931512433982 0.06269832558017685
1048 0.009699251770025461 0.06269370743968103
1049 0.009699183207646445 0.06268940975844117
1050 0.009699120639536124 0.06268501168499503
1051 0.009699048862803598 0.06268071242810749
1052 0.009698987609520789 0.06267632297749758
1053 0.009698915427882464 0.0626720211171784
1054 0.009698855520646352 0.0626676674306313
1055 0.009698784086143842 0.06266352952494116
1056 0.009698720393478834 0.06265907180405639
1057 0.009698651641566891 0.06265484063965622
1058 0.0096985908108378 0.06265059410980683
1059 0.009698519089626862 0.0626464754663273
1060 0.009698457595795228 0.0626422488038708
1061 0.009698385499532445 0.06263811439890553
1062 0.009698325202598468 0.06263390114517428
1063 0.009698253010487169 0.06262979126073222
1064 0.009698193059245576 0.06262561597192359
1065 0.009698121924529107 0.06262167212715762
1066 0.009698057617960715 0.06261740096919446
1067 0.009697989013215913 0.06261335967035567
1068 0.009697927641075797 0.06260928602203482
1069 0.009697855690284116 0.0626053393222977
1070 0.009697794038859257 0.06260126984941644
1071 0.009697722954012422 0.06259741933176947
1072 0.009697658292964718 0.06259323699480299
1073 0.009697590664161695 0.06258939183908305
1074 0.009697525397679456 0.06258528203542527
1075 0.009697456616828163 0.06258138835583084
1076 0.009697393877367145 0.06257744721874511
1077 0.009697322304478159 0.06257365355972956
1078 0.009697259006334984 0.06256971642721305
1079 0.009697188173273141 0.06256600334144506
1080 0.009697122100981176 0.06256194497806836
1081 0.009697054580102634 0.06255822494232065
1082 0.00969698804520445 0.06255423548828094
1083 0.009696920385033475 0.06255056892481259
1084 0.00969685295622099 0.06254663529179558
1085 0.009696784971857947 0.06254300887334042
1086 0.009696717189073584 0.062539113277092
1087 0.00969664762628282 0.06253540840000786
1088 0.009696584996871881 0.06253173915232849
1089 0.009696508504306676 0.06252801712444414
1090 0.009696446552180304 0.06252419262822564
1091 0.009696373990257336 0.06252059936727063
1092 0.009696309190070838 0.06251679873021403
1093 0.009696237508637311 0.06251326572185469
1094 0.009696170991945108 0.06250948845905047
1095 0.009696099983301674 0.06250599775545443
1096 0.009696032255559253 0.06250223449126623
1097 0.009695961605011546 0.06249875578372421
1098 0.009695893252695233 0.06249500380762395
1099 0.009695822886666761 0.0624915475635843
1100 0.00969575398552943 0.06248782928087039
1101 0.009695683437413779 0.06248440574810883
1102 0.009695613993452361 0.06248071879318467
1103 0.009695543239515814 0.06247732822329777
1104 0.009695473335266266 0.0624736709786286
1105 0.009695402186171541 0.06247030085193276
1106 0.009695331908754911 0.06246665320587982
1107 0.009695260572037805 0.06246328998816503
1108 0.009695190154939444 0.06245966773611266
1109 0.009695118540906983 0.06245632968602582
1110 0.009695049755521453 0.06245284790022444
1111 0.009694971068325826 0.06244929301615885
1112 0.009694910068041152 0.06244581129126083
1113 0.009694829990896166 0.06244262752276382
1114 0.009694761877200805 0.06243907140238669
1115 0.009694685619928584 0.06243580949573214
1116 0.009694616444651289 0.06243224663963144
1117 0.009694542233053247 0.06242898727427192
1118 0.009694474010130157 0.06242557664950036
1119 0.009694393660977567 0.06242219957055249
1120 0.009694327762309886 0.06241873870146041
1121 0.00969425003960479 0.06241553816072628
1122 0.009694180670989353 0.06241210853115444
1123 0.009694103420803025 0.06240893799582384
1124 0.009694034639571573 0.06240559455739322
1125 0.009693952797242774 0.06240227449649627
1126 0.009693888294166193 0.0623989666537342
1127 0.009693804599353678 0.06239567789322206
1128 0.009693740445865026 0.06239238704744198
1129 0.009693656083344505 0.06238913667420659
1130 0.009693592061715236 0.0623858905082233
1131 0.009693506571901378 0.06238266703538381
1132 0.009693442556774607 0.0623794344438434
1133 0.009693356452980537 0.06237621560600274
1134 0.009693292501031934 0.0623729840210295
1135 0.009693206212360523 0.06236978196303982
1136 0.009693142214188748 0.06236657393837976
1137 0.009693055595088776 0.06236340100230729
1138 0.009692991235013512 0.06236021912807437
1139 0.009692904399037172 0.06235707336560011
1140 0.009692839784239935 0.06235391322357018
1141 0.009692752419543855 0.06235077490876214
1142 0.009692687619486825 0.0623476162941301
1143 0.009692600381289565 0.06234449218137847
1144 0.009692535178772192 0.06234134942104643
1145 0.009692448093958372 0.06233825235319001
1146 0.009692382525201087 0.06233513945641558
1147 0.009692295518976509 0.06233207005044338
1148 0.009692229273278802 0.06232898489858053
1149 0.009692142183135775 0.06232591990438027
1150 0.009692075488021597 0.06232283932677265
1151 0.009691988541812179 0.06231978555748399
1152 0.009691921701412443 0.06231671905692328
1153 0.009691836791591276 0.06231379262923211
1154 0.009691764321843255 0.06231059040268549
1155 0.009691684364559937 0.06230757625804153
1156 0.009691611605273447 0.06230460348193016
1157 0.009691528533997041 0.06230166880457431
1158 0.009691457053863241 0.06229866420905972
1159 0.00969137264102899 0.06229569950022553
1160 0.009691303374214975 0.06229269304119678
1161 0.009691217929196451 0.06228973568492435
1162 0.009691149198548054 0.06228674998340336
1163 0.009691064906668316 0.06228391700385835
1164 0.009690991154690663 0.06228080564885613
1165 0.009690910713304845 0.06227798096819683
1166 0.009690838082532963 0.0622750131276287
1167 0.009690753880021852 0.0622721289818185
1168 0.009690682988296602 0.06226905651217001
1169 0.009690602798351884 0.062266493903128
1170 0.009690526355549834 0.06226348676842679
1171 0.009690443191710392 0.06226061802767438
1172 0.009690373824728336 0.06225773837969641
1173 0.00969029043929831 0.0622549979053828
1174 0.009690216534546393 0.06225187148692196
1175 0.009690136237870128 0.06224923991489639
1176 0.009690063560714956 0.06224626977765313
1177 0.009689980156170577 0.06224364249873365
1178 0.009689909709451926 0.06224083958865836
1179 0.009689824827065954 0.06223816245861447
1180 0.009689751511819507 0.06223516692118179
1181 0.009689671743942861 0.06223247218187355
1182 0.009689599786551161 0.0622296323989634
1183 0.009689517490123801 0.06222697126677792
1184 0.009689445011829839 0.06222402745219415
1185 0.00968936301418786 0.06222147246824328
1186 0.009689292278756237 0.06221873642746624
1187 0.009689208375509725 0.06221615927240175
1188 0.009689134630860546 0.06221323182008869
1189 0.009689057711055868 0.06221075121475826
1190 0.009688981830283033 0.06220777348638289
1191 0.009688904795152883 0.06220536775843898
1192 0.009688829780816815 0.06220250286574062
1193 0.009688748820568506 0.0622000187551685
1194 0.009688677404705809 0.06219729731127958
1195 0.009688596948582992 0.06219483257252537
1196 0.009688525675894955 0.06219212071607871
1197 0.009688442688624961 0.06218955274741882
1198 0.009688371000049821 0.06218673383206163
1199 0.009688294552391653 0.06218435057101367
1200 0.009688219532857947 0.06218161328085213
1201 0.009688142732095012 0.06217923060617457
1202 0.009688067612835151 0.06217651763971555
1203 0.009687991335985122 0.06217414150764029
1204 0.009687916700343215 0.06217145123196134
1205 0.009687840576947278 0.06216908998620913
1206 0.009687768584954801 0.06216649668950001
1207 0.009687687297779482 0.06216403741455079
1208 0.009687619514217359 0.06216147569760233
1209 0.009687536938254363 0.06215904636867611
1210 0.009687468141861416 0.06215643202583556
1211 0.009687390378356191 0.0621541516746649
1212 0.009687319790547211 0.06215152647509301
1213 0.009687241321556413 0.06214931285561891
1214 0.009687169638658517 0.06214674125603065
1215 0.009687092495466631 0.06214448364301266
1216 0.009687020683125847 0.06214190332815014
1217 0.009686945460789204 0.06213966113280696
1218 0.009686873258903217 0.06213711268719381
1219 0.009686798302897068 0.06213489975989592
1220 0.009686725890477409 0.06213238190163162
1221 0.009686651228789344 0.06213019589182205
1222 0.009686580207405834 0.06212766022896148
1223 0.009686504196020346 0.06212554351948313
1224 0.00968643279928612 0.06212307011032427
1225 0.009686357480260721 0.06212092008973932
1226 0.009686286311304403 0.06211844452236218
1227 0.009686212627787565 0.06211631060186333
1228 0.009686143314704144 0.06211394024082172
1229 0.009686065107999684 0.06211173356667016
1230 0.009685996806032136 0.06210932713982557
1231 0.009685922203166991 0.06210724111473855
1232 0.009685854387761386 0.06210493880782862
1233 0.00968577546666681 0.06210278213852549
1234 0.009685710264258168 0.06210048507728579
1235 0.009685630844662051 0.06209833714137494
1236 0.009685566763742744 0.06209605599222327
1237 0.009685487371456688 0.06209393917240243
1238 0.00968542372106249 0.06209168761468911
1239 0.009685344149158176 0.06208959803317403
1240 0.009685280676476733 0.06208737057749039
1241 0.009685201243404395 0.06208529861977666
1242 0.009685138132820169 0.0620830831812627
1243 0.0096850586252956 0.06208102376276405
1244 0.00968499553060098 0.06207882637209144
1245 0.009684916987878918 0.0620767778438318
1246 0.00968485337905114 0.06207459940511403
1247 0.009684775216883759 0.06207257400864328
1248 0.009684711757054442 0.06207042029663842
1249 0.009684633779597317 0.06206841697405676
1250 0.00968457023662578 0.06206627724117945
1251 0.009684492474888846 0.0620642842072598
1252 0.009684429002620048 0.06206215212983555
1253 0.009684351426771346 0.06206017400889764
1254 0.009684288038815944 0.06205805887960925
1255 0.009684210804571379 0.06205610454812653
1256 0.009684146507277646 0.06205390994868136
1257 0.009684071962241542 0.06205209955573197
1258 0.009684004764555942 0.06204996721077936
1259 0.009683931543427084 0.06204812346503503
1260 0.009683865399226577 0.06204603251408409
1261 0.009683789701962866 0.06204410223912469
1262 0.009683725807394551 0.06204203516263317
1263 0.009683649473433566 0.06204012841595519
1264 0.009683586172653047 0.06203801629986191
1265 0.00968350998956535 0.0620362233271811
1266 0.009683444077304046 0.0620341478266321
1267 0.009683370844224921 0.06203236313677202
1268 0.009683305265940436 0.06203033716682602
1269 0.009683229508898409 0.06202846634003571
1270 0.009683165779515003 0.06202645022466084
1271 0.009683089625286365 0.06202459547627119
1272 0.009683026029263705 0.06202259696507002
1273 0.009682949915427791 0.06202077119835586
1274 0.009682885578166578 0.06201869978292687
1275 0.009682811628891539 0.06201700715542353
1276 0.009682746682502307 0.06201505327256174
1277 0.009682669333855027 0.0620132340009194
1278 0.009682606414750505 0.06201126309175113
1279 0.009682529796602644 0.06200944923505985
1280 0.009682466727040888 0.06200748541288806
1281 0.009682390369076718 0.06200570129838789
1282 0.009682327304829182 0.06200370070562242
1283 0.009682250825102165 0.06200200893580173
1284 0.0096821872124096 0.06200009537384045
1285 0.009682109281831454 0.06199832039321523
1286 0.009682046475378136 0.06199639026061096
1287 0.00968196974212576 0.06199462145930466
1288 0.009681906502047194 0.06199269713422582
1289 0.009681829892693707 0.06199094859897545
1290 0.009681766639692585 0.0619889797955181
1291 0.009681690220157382 0.06198732995481607
1292 0.009681626254334259 0.06198544908109806
1293 0.009681548269011932 0.0619837103745133
1294 0.00968148531164547 0.06198181415454278
1295 0.009681408239619656 0.06198008001983333
1296 0.009681344794838407 0.06197818581492666
1297 0.009681268027069518 0.06197647284363479
1298 0.009681204296235837 0.06197452927950628
1299 0.009681127925956627 0.06197291340387157
1300 0.0096810634628014 0.06197105887101913
1301 0.009680985419683782 0.06196935288103218
1302 0.009680921883126151 0.06196748448321336
1303 0.009680844853387114 0.06196578167289604
1304 0.00968078089794034 0.06196391466334433
1305 0.009680703884109505 0.06196222745193945
1306 0.009680639738299298 0.06196030765775225
1307 0.009680565285675166 0.06195878945166945
1308 0.009680496054340008 0.06195686593939542
1309 0.009680420270314698 0.06195517772970206
1310 0.009680356322706933 0.06195336042143169
1311 0.0096802812303912 0.06195176191068562
1312 0.009680211974838262 0.06194982266660358
1313 0.009680137517584307 0.06194815301088951
1314 0.009680072863092625 0.06194635869254047
1315 0.009679995601492767 0.06194471597408208
1316 0.009679930377220258 0.06194282737047534
1317 0.009679853742496728 0.0619412652566109
1318 0.009679788426085708 0.06193946222451086
1319 0.009679710014622858 0.06193781269543675
1320 0.009679645620539678 0.06193599369153681
1321 0.009679568090000768 0.06193434614368078
1322 0.009679503323545804 0.06193245578755047
1323 0.009679426867758337 0.06193092364131704
1324 0.009679361227560293 0.06192906871453181
1325 0.009679285120424796 0.06192757726777989
1326 0.009679215833424326 0.06192570219790607
1327 0.009679141274305674 0.0619241096850584
1328 0.009679072753551277 0.06192224648139101
1329 0.009678999775830203 0.06192068471345478
1330 0.009678930387523172 0.06191884899932616
1331 0.009678857303362182 0.06191730652881965
1332 0.009678786964039617 0.06191547223400748
1333 0.009678714350581898 0.06191393467316249
1334 0.009678643920092539 0.06191210628584617
1335 0.009678571412752985 0.06191057719453621
1336 0.009678499233830233 0.06190870061929544
1337 0.009678430630403953 0.061907260037898
1338 0.009678357344905174 0.06190540985365369
1339 0.009678286091963363 0.06190384148817529
1340 0.00967821511163579 0.06190203204904531
1341 0.009678142092384944 0.06190056219836997
1342 0.009678071079008857 0.06189875737018168
1343 0.009677998177769659 0.06189724326692852
1344 0.009677927825198884 0.06189535072629359
1345 0.009677857755201831 0.06189396831561054
1346 0.009677785666541006 0.06189216155387463
1347 0.009677712579454139 0.06189065979943632
1348 0.009677641234487498 0.06188875752613318
1349 0.009677572280212552 0.06188740132449405
1350 0.009677500008719312 0.06188554944482626
1351 0.009677427922328414 0.06188414792298468
1352 0.00967735692967899 0.0618823015939338
1353 0.009677284104900248 0.0618808781417869
1354 0.009677215871645582 0.06187909343589443
1355 0.009677143289336734 0.06187767461964445
1356 0.009677072678405485 0.06187589909204456
1357 0.009676998688868123 0.06187444848723488
1358 0.009676929214742992 0.06187263437582916
1359 0.009676857932519014 0.06187126006636042
1360 0.009676788124367997 0.06186953835086188
1361 0.009676714351877308 0.06186805415207979
1362 0.009676645936550488 0.06186627580486719
1363 0.009676574734422067 0.06186492040556862
1364 0.009676504083575344 0.06186315253317416
1365 0.009676432930880299 0.06186180747872028
1366 0.009676362071818571 0.06186003829758958
1367 0.009676291433548664 0.06185869786957235
1368 0.00967622267364272 0.06185703018145109
1369 0.009676148588986135 0.06185559692807981
1370 0.009676078686312772 0.06185378104249582
1371 0.009676010273125131 0.06185249254827344
1372 0.009675941404665305 0.06185086277373751
1373 0.009675867470839906 0.06184946777243066
1374 0.009675797447224578 0.06184774126126404
1375 0.009675728725256556 0.06184641197149818
1376 0.009675660337605889 0.06184477842968623
1377 0.009675587202832354 0.0618433983486564
1378 0.009675521728376615 0.06184175988778814
1379 0.009675447367057102 0.06184044006754265
1380 0.009675379640010126 0.06183874117199439
1381 0.009675309550635034 0.06183750717643557
1382 0.009675240343565681 0.0618358177973569
1383 0.009675171407230794 0.06183455964238142
1384 0.009675101965008353 0.06183293671336756
1385 0.009675031851693335 0.0618316871333331
1386 0.009674962598789211 0.06183001368971441
1387 0.00967489453054356 0.0618287725501433
1388 0.009674825326335314 0.0618271735707048
1389 0.009674755868287008 0.06182594928430362
1390 0.009674686871819667 0.06182431136021187
1391 0.009674619160111805 0.06182309775540647
1392 0.009674550239559638 0.06182152652565937
1393 0.009674482065142076 0.06182031472898403
1394 0.009674412385980442 0.06181879768806225
1395 0.009674344450970705 0.06181752794549995
1396 0.009674275912914667 0.06181597168825839
1397 0.009674209524290354 0.06181479003544014
1398 0.009674140083474279 0.06181325989123929
1399 0.009674073163264393 0.06181209561714834
1400 0.009674003921623637 0.06181057487738666
1401 0.009673937259360169 0.06180941911576874
1402 0.00967386849211951 0.06180790913349361
1403 0.009673801978100213 0.06180676632263647
1404 0.009673733517089448 0.06180527199579829
1405 0.009673666205455908 0.06180415527970786
1406 0.009673598970753443 0.0618026473452806
1407 0.009673532729959231 0.06180155044703994
1408 0.009673465142134411 0.06180014950863524
1409 0.009673397347657172 0.06179901360290113
1410 0.009673329436440392 0.06179754880296404
1411 0.009673266004094384 0.06179650021827759
1412 0.009673195966845835 0.06179498063680795
1413 0.009673131639274683 0.06179393895884353
1414 0.009673066390674372 0.06179261892945996
1415 0.00967299585937084 0.06179150345195029
1416 0.009672932715838087 0.06179014767312384
1417 0.00967286297917625 0.06178905154350547
1418 0.009672801024727815 0.06178772687239521
1419 0.009672732696407142 0.06178669780422189
1420 0.009672666337616207 0.06178527183849627
1421 0.009672599477947576 0.06178426495539703
1422 0.009672535961984041 0.06178293950176762
1423 0.009672468248253829 0.06178196612504045
1424 0.009672403539097993 0.06178067040392552
1425 0.009672338386913566 0.06177971820269874
1426 0.009672270487921563 0.0617783059859312
1427 0.009672208433216579 0.06177739718104747
1428 0.009672139963571399 0.06177604501853584
1429 0.009672076063813408 0.06177513222305109
1430 0.009672010180064311 0.06177388348154913
1431 0.009671946946400396 0.0617729938252618
1432 0.009671879698815314 0.0617717073495482
1433 0.009671813216297464 0.0617707142797361
1434 0.009671751456969904 0.06176950515095105
1435 0.009671685510199056 0.0617686127264183
1436 0.009671620574068725 0.06176734506879551
1437 0.009671554248504887 0.06176644373150127
1438 0.009671490233489378 0.06176524347445074
1439 0.009671424548445695 0.06176438736606487
1440 0.009671362478583098 0.06176325060582382
1441 0.009671292948755635 0.06176231870668075
1442 0.009671233191093252 0.06176118318826524
1443 0.009671165827260374 0.06176031741079131
1444 0.009671099899188948 0.06175908478809226
1445 0.009671038268177022 0.06175828278783679
1446 0.009670973339832993 0.06175713756043431
1447 0.009670908025932174 0.06175632354035861
1448 0.009670843418149232 0.0617551488544933
1449 0.009670777957014895 0.06175432728069846
1450 0.009670715200872287 0.06175325303589228
1451 0.009670649197658376 0.06175244409954637
1452 0.009670583235952679 0.06175129337427224
1453 0.00967052176368941 0.06175057182607879
1454 0.009670455484913198 0.06174941530371133
1455 0.009670391587931737 0.06174866565185904
1456 0.009670324983145124 0.06174752102160077
1457 0.009670261849303122 0.06174680431096191
1458 0.009670199259632231 0.0617457826335314
1459 0.009670130744127994 0.06174498243751714
1460 0.009670069777152937 0.06174393768237758
1461 0.009670003389716079 0.06174319199226198
1462 0.009669939300106097 0.06174212570810236
1463 0.009669873386942127 0.06174139163086131
1464 0.009669809695316643 0.06174034424161728
1465 0.009669743995146883 0.06173961568042792
1466 0.009669680151076339 0.06173858769536478
1467 0.00966961489247669 0.06173789513813466
1468 0.009669550032871095 0.06173687099235012
1469 0.009669484905809423 0.06173617316065461
1470 0.009669419977324884 0.06173514270302461
1471 0.009669355126602048 0.06173445345372996
1472 0.009669289873882422 0.06173344492495778
1473 0.009669225119350342 0.06173278298311242
1474 0.009669157076973696 0.06173174079095025
1475 0.009669096366124641 0.06173112073960086
1476 0.009669029134730812 0.06173011551034092
1477 0.009668963824917578 0.06172945430549041
1478 0.009668898049189934 0.06172845273548787
1479 0.009668834322919772 0.06172781221906398
1480 0.009668766416229964 0.06172682167600287
1481 0.00966870197474801 0.06172618938051258
1482 0.009668636116420673 0.06172518895978453
1483 0.009668570854409402 0.06172456761857465
1484 0.009668504481173474 0.06172358971015498
1485 0.009668439118959213 0.06172299965985339
1486 0.009668372392315695 0.06172203783848817
1487 0.009668306172089488 0.06172140300978042
1488 0.009668239756240435 0.06172041626214255
1489 0.009668174614449063 0.06171980670142242
1490 0.009668108800424046 0.06171886650411616
1491 0.009668042174353065 0.0617182663546976
1492 0.009667975630749363 0.06171731581419301
1493 0.009667908949864813 0.06171670706074518
1494 0.009667842481633094 0.06171575831292343
1495 0.009667775821623235 0.06171516051685555
1496 0.009667709265154553 0.06171422193156238
1497 0.009667642370565888 0.06171362425083762
1498 0.009667575694382053 0.06171269257129017
1499 0.00966750864552572 0.06171210950759548
1500 0.009667441748130542 0.06171117553389616
1501 0.009667374400515592 0.06171058221944825
1502 0.009667307673998983 0.06170966293526036
1503 0.009667240302364256 0.06170908862004569
1504 0.009667172842239575 0.06170816641932336
1505 0.009667105333973067 0.06170757940198504
1506 0.009667037964998321 0.06170666009693634
1507 0.009666970317837706 0.06170608833676307
1508 0.009666902690643527 0.0617051639676585
1509 0.009666834899474726 0.06170458865112319
1510 0.009666767306981176 0.06170368186325872
1511 0.009666699149141509 0.06170310906090261
1512 0.009666631453890981 0.06170220157228461
1513 0.009666563233607629 0.06170164204388854
1514 0.009666495262647127 0.06170073347521025
1515 0.009666427065388217 0.06170016248779036
1516 0.009666358748057022 0.06169924727150689
1517 0.009666290737510484 0.06169869491832967
1518 0.009666222365233148 0.06169779426215841
1519 0.009666153575553206 0.06169723906850665
1520 0.009666085604290208 0.06169633800816139
1521 0.00966601667361677 0.06169576921220252
1522 0.00966594856544337 0.06169487842781806
1523 0.009665879781515384 0.06169433251080618
1524 0.00966581108894383 0.06169342999376225
1525 0.009665742257238699 0.06169287482212638
1526 0.009665673828879716 0.06169198921084683
1527 0.009665604884916563 0.06169144216375602
1528 0.009665535879650236 0.06169055649690528
1529 0.009665467237377002 0.06169001421782118
1530 0.009665398368939404 0.06168911647366233
1531 0.009665329116575928 0.06168856205406006
1532 0.009665260692237339 0.06168768623701711
1533 0.009665191609184888 0.06168716102305614
1534 0.009665122616595944 0.06168628159085066
1535 0.009665053487159422 0.06168573772344611
1536 0.009664984271188715 0.06168484755069661
1537 0.009664915644278085 0.06168432404097236
1538 0.009664846354714967 0.06168345459946172
1539 0.0096647775469906 0.0616829254045223
1540 0.009664708142780519 0.06168204149312271
1541 0.009664639420256452 0.06168152304202705
1542 0.009664570058061882 0.06168065971477318
1543 0.009664501371432247 0.06168013402397631
1544 0.009664431818364249 0.06167925612625136
1545 0.00966436351133053 0.06167874912504363
1546 0.009664294126480845 0.06167789794454068
1547 0.00966422539626189 0.06167738348539613
1548 0.009664155942972954 0.06167651459663103
1549 0.009664087480405356 0.06167601414792526
1550 0.009664017931207811 0.06167516726958928
1551 0.009663949870698844 0.06167465975296989
1552 0.00966388039841188 0.06167379795980981
1553 0.00966381230510604 0.06167331053298519
1554 0.009663743069316043 0.06167247638344321
1555 0.009663674593288917 0.06167197769311612
1556 0.009663605366217671 0.06167112891363682
1557 0.009663537471490739 0.06167065118560189
1558 0.009663468187866321 0.06166982774524398
1559 0.009663400403199553 0.0616693419040197
1560 0.009663331307026178 0.06166850250243892
1561 0.0096632635874355 0.06166803571674911
1562 0.00966319467274851 0.06166722415715421
1563 0.009663126881261561 0.06166674863253485
1564 0.009663058088140013 0.06166592350179315
1565 0.009662990689348991 0.06166547097855114
1566 0.009662921981233669 0.06166467306365628
1567 0.009662854595072391 0.06166421046488472
1568 0.009662786076020705 0.06166339851643009
1569 0.009662719002832597 0.06166295921767824
1570 0.009662650603489191 0.06166217581474319
1571 0.009662583516962257 0.06166172727808346
1572 0.009662515339889557 0.06166093065389849
1573 0.009662448620459308 0.06166050608704365
1574 0.009662380571085932 0.06165973802608543
1575 0.009662313844102306 0.06165930437829619
1576 0.009662246043121117 0.06165852381579171
1577 0.009662179694826207 0.06165811474369826
1578 0.009662112039296676 0.06165736297083813
1579 0.009662045678647601 0.06165694514025392
1580 0.009661978285031767 0.06165618163157334
1581 0.00966191232733429 0.06165578892789456
1582 0.009661845091011803 0.06165505423501601
1583 0.00966177912180357 0.06165465299234654
1584 0.009661712155522676 0.06165390725106136
1585 0.009661646602968277 0.06165353152008779
1586 0.009661579802637715 0.06165281458448198
1587 0.009661514241251759 0.06165243059865885
1588 0.009661447715836831 0.06165170328653352
1589 0.009661382580862101 0.06165134524920154
1590 0.009661316226539851 0.06165064665620081
1591 0.00966125107865049 0.06165028039545678
1592 0.009661185001144483 0.0616495718882043
1593 0.009661120286337446 0.06164923186046759
1594 0.009661054381309191 0.06164855191460622
1595 0.009660989644495473 0.06164820374417163
1596 0.009660924009552749 0.06164751432755776
1597 0.009660859708888619 0.06164719255600901
1598 0.009660794248872661 0.06164653144928849
1599 0.009660729924495166 0.06164620151735219
1600 0.009660664733364953 0.06164553130330007
1601 0.00966060084484993 0.06164522785652533
1602 0.009660535823276695 0.06164458559291295
1603 0.009660471898398693 0.06164427387823378
1604 0.009660407134506098 0.06164362274024914
1605 0.009660343644916823 0.06164333741184189
1606 0.009660279053016956 0.06164271374062365
1607 0.009660215490655809 0.06164242014394675
1608 0.009660151138105344 0.06164178785643078
1609 0.009660088022713002 0.0616415202327418
1610 0.009660023863842489 0.06164091459509146
1611 0.00965996061366595 0.06164063877986276
1612 0.009659896654232839 0.0616400249479258
1613 0.009659833870896589 0.06163977447438149
1614 0.009659770147372675 0.06163918606752981
1615 0.009659707157672183 0.06163892744819412
1616 0.009659643570169319 0.06163833151359756
1617 0.00965958106928648 0.06163809750077598
1618 0.0096595177715203 0.06163752532112127
1619 0.009659454991913848 0.06163728313640193
1620 0.009659391749266664 0.06163670440155066
1621 0.009659329473392441 0.06163648599560634
1622 0.009659266577138481 0.06163592885074051
1623 0.009659203970615328 0.06163570211828262
1624 0.009659141048576014 0.06163513966224839
1625 0.009659078938015049 0.06163493571165223
1626 0.009659016404327149 0.06163439219151863
1627 0.009658953941435035 0.06163417975798888
1628 0.009658891310301539 0.0616336325907853
1629 0.009658829296511337 0.06163344178653399
1630 0.009658767069214378 0.06163291041769724
1631 0.00965870472696091 0.06163271094743946
1632 0.009658642358525675 0.06163217800793964
1633 0.009658580374192417 0.06163199883298544
1634 0.00965851838443009 0.06163147804919224
1635 0.009658456141106745 0.06163129000372744
1636 0.009658394004867746 0.06163077010464699
1637 0.009658331998215818 0.06163060083308461
1638 0.009658270158596917 0.06163008896043876
1639 0.009658207988375649 0.06162991072431152
1640 0.009658146042205282 0.06162940253327117
1641 0.00965808399933922 0.06162924132949147
1642 0.009658022198278302 0.06162873659093279
1643 0.009657960078978246 0.06162856672442882
1644 0.009657898248030202 0.06162806852879785
1645 0.009657836193196002 0.06162791349451744
1646 0.009657774320619939 0.06162741413727173
1647 0.009657712233771905 0.06162725134847543
1648 0.009657650412332529 0.06162676091111261
1649 0.00965758837164309 0.06162661017090832
1650 0.009657526357797005 0.0616261146344806
1651 0.009657464280619959 0.06162595761187621
1652 0.009657402362136016 0.06162547233713654
1653 0.009657340323552864 0.06162532414170684
1654 0.009657278143069582 0.06162483106657907
1655 0.009657216044763243 0.06162467834679682
1656 0.009657153951664476 0.06162419559817241
1657 0.009657091865267926 0.0616240482998195
1658 0.009657029508064933 0.06162355633924771
1659 0.009656967350354647 0.06162340628235272
1660 0.00965690504061293 0.06162292361366205
1661 0.009656842843557521 0.06162277561975099
1662 0.009656780300033101 0.06162228337453334
1663 0.009656718036217206 0.06162213420880434
1664 0.009656655491214377 0.06162164947578831
1665 0.009656593123746574 0.06162149928189135
1666 0.009656530529088254 0.06162100373080582
1667 0.009656467599037058 0.06162085713213238
1668 0.009656405388283686 0.06162036515459112
1669 0.009656342281061468 0.06162021468150943
1670 0.009656279943325954 0.06161971412211948
1671 0.009656216738517048 0.06161956442188646
1672 0.00965615430533967 0.06161906687007236
1673 0.00965609088108524 0.06161891164908367
1674 0.009656028294668174 0.06161840680213791
1675 0.009655964829017783 0.06161825254905414
1676 0.009655902152006705 0.06161774839997782
1677 0.009655838486978591 0.06161758731190164
1678 0.00965577567478162 0.06161707680461238
1679 0.0096557119535234 0.06161691620596799
1680 0.009655649018320136 0.06161640425221711
1681 0.009655585097661429 0.06161623618016764
1682 0.009655522036319088 0.0616157187332201
1683 0.009655458044784973 0.0616155503958012
1684 0.009655394847013965 0.0616150297466715
1685 0.009655330674806912 0.0616148538768282
1686 0.009655267363522178 0.06161432840515482
1687 0.009655203107070392 0.06161415133220047
1688 0.009655139650768871 0.06161362127568132
1689 0.00965507523317488 0.06161343692489234
1690 0.009655011672930426 0.06161290246467635
1691 0.009654947161963544 0.06161271592034561
1692 0.009654883457490134 0.06161217595094938
1693 0.009654818807459272 0.06161198256648159
1694 0.00965475500755749 0.06161143842782369
1695 0.009654690261092651 0.06161124192793936
1696 0.009654626325402055 0.06161069178981865
1697 0.009654561460997852 0.06161048894029922
1698 0.009654497438481249 0.06160993469931136
1699 0.009654432480060725 0.06160972799467609
1700 0.009654368337617627 0.06160916761365553
1701 0.009654303280908296 0.0616089550903254
1702 0.009654239062950147 0.06160839058975034
1703 0.009654173919155193 0.06160817372529381
1704 0.009654109602659928 0.06160760321032128
1705 0.009654044380499761 0.0616073810266352
1706 0.00965398000196999 0.06160680637156053
1707 0.009653914706021855 0.06160657960517944
1708 0.009653850251403376 0.06160599926221055
1709 0.009653784896950965 0.0616057676367635
1710 0.00965372039654447 0.06160518320986988
1711 0.00965365498580085 0.06160494699590294
1712 0.009653590434446977 0.06160435737183885
1713 0.00965352498749739 0.06160411674939894
1714 0.009653460408696782 0.06160352319607027
1715 0.009653394927413227 0.06160327819607742
1716 0.009653330323602296 0.06160268001823558
1717 0.009653264729144198 0.0616024325528772
1718 0.009653200124294192 0.0616018300195169
1719 0.009653134609783141 0.06160157649667984
1720 0.009653070087050488 0.0616009706754138
1721 0.009653004567156025 0.06160071429893921
1722 0.009652940028139753 0.0616001054048907
1723 0.009652874496445982 0.06159984563541932
1724 0.00965280998168464 0.06159923346439553
1725 0.009652744487875771 0.0615989708347505
1726 0.009652680021183094 0.06159835593335746
1727 0.009652614572494566 0.0615980904563686
1728 0.009652550162314278 0.06159747296443834
1729 0.009652484774445119 0.06159720522523741
1730 0.009652420432773239 0.06159658565482098
1731 0.009652355115353782 0.06159631579881362
1732 0.00965229085681216 0.06159569444880315
1733 0.009652225625955139 0.06159542303408509
1734 0.009652161463328779 0.06159480033399187
1735 0.009652096329817676 0.06159452757117039
1736 0.00965203227746538 0.0615939038946003
1737 0.009651967256289194 0.06159363030183192
1738 0.009651903326321239 0.06159300606092535
1739 0.009651838429178061 0.0615927319217522
1740 0.009651774635348141 0.06159210754420495
1741 0.009651709875025383 0.06159183337027908
1742 0.009651646228448586 0.06159120929859468
1743 0.009651581618071 0.06159093542879081
1744 0.009651518133681041 0.06159031207958948
1745 0.009651453685572919 0.06159003895593424
1746 0.009651390373498063 0.06158941671577375
1747 0.009651326097919698 0.0615891447073926
1748 0.00965126296982109 0.06158852402435925
1749 0.009651198878095847 0.06158825357914788
1750 0.009651135944620935 0.06158763486168439
1751 0.009651072047333023 0.06158736637372434
1752 0.009651009319321677 0.06158675006440782
1753 0.009650945626687177 0.06158648395592162
1754 0.009650883174293745 0.06158587038555381
1755 0.009650820712710107 0.06158561982673955
1756 0.009650757352778193 0.06158500418232363
1757 0.009650694634532208 0.06158474626520936
1758 0.009650631547835287 0.06158413017149912
1759 0.009650569451729339 0.06158387742585966
1760 0.009650506798293077 0.06158326870971476
1761 0.009650444944466059 0.06158302229941159
1762 0.009650382450394191 0.06158241898975333
1763 0.009650320814583809 0.06158217718508294
1764 0.009650258567730101 0.06158157771742571
1765 0.009650197236916966 0.06158134074708569
1766 0.009650135210651502 0.061580745502815
1767 0.009650074097092558 0.0615805135114557
1768 0.009650012328261194 0.06157992320519603
1769 0.009649951552841665 0.06157969717779348
1770 0.009649890050115904 0.06157911258121036
1771 0.009649829462959102 0.06157889211542123
1772 0.009649768204235961 0.06157831292820571
1773 0.009649707961298389 0.0615780988930326
1774 0.009649646998980275 0.06157752596469551
1775 0.009649586932419197 0.06157731802038519
1776 0.009649526215040664 0.06157675085318571
1777 0.009649466492784706 0.06157654984416561
1778 0.009649406078188283 0.06157598939859358
1779 0.009649346531678135 0.06157579490572829
1780 0.009649286355459122 0.06157524063785886
1781 0.009649227153164285 0.06157505339605527
1782 0.009649167273666184 0.06157450624375271
1783 0.009649108244309835 0.06157432579410794
1784 0.009649049724655403 0.06157377127561912
1785 0.009648988951304577 0.06157359252164513
1786 0.009648931582507214 0.06157306196952114
1787 0.009648872167905314 0.06157292077496763
1788 0.009648812779275429 0.06157240211449153
1789 0.009648754265827231 0.06157224468850987
1790 0.009648695370963863 0.06157171561124698
1791 0.009648637645371086 0.06157155765902451
1792 0.009648579209224325 0.06157104117372064
1793 0.009648521476167538 0.06157089731471413
1794 0.009648464227680583 0.06157038043183437
1795 0.009648404526357656 0.06157023740678897
1796 0.009648348371179175 0.06156974591865742
1797 0.009648290045601473 0.06156964068208648
1798 0.009648231834144741 0.06156915752973824
1799 0.00964817440552982 0.06156903636146707
1800 0.009648116674658541 0.06156854265630187
1801 0.00964805998412583 0.06156842062507573
1802 0.009648002643012433 0.061567939103969
1803 0.00964794590404458 0.06156783081455026
1804 0.009647889689510025 0.06156734933187431
1805 0.009647830965050111 0.06156723966339011
1806 0.009647775745333207 0.06156678359998213
1807 0.009647718356941717 0.06156671172592678
1808 0.009647661065513459 0.06156626189107799
1809 0.009647604460698346 0.06156617396592153
1810 0.009647548795304065 0.06156570096235772
1811 0.009647490661597445 0.06156559999812063
1812 0.009647436226813529 0.06156515803917042
1813 0.009647379260030396 0.06156510268657761
1814 0.009647322412598889 0.06156467170585786
1815 0.009647266100989352 0.06156460283591732
1816 0.009647210788888397 0.06156414780850115
1817 0.009647152894491043 0.06156406332523463
1818 0.009647098778974695 0.06156363733592255
1819 0.009647042092808882 0.06156359674356873
1820 0.009646985515155375 0.06156318034851103
1821 0.009646929440179705 0.06156312527468771
1822 0.009646874364841965 0.061562683891084
1823 0.009646816665838191 0.06156261248339213
1824 0.009646762707763564 0.061562198969365
1825 0.009646706194222358 0.06156217018495147
1826 0.009646649736230481 0.06156176536433717
1827 0.009646593794073966 0.06156172109048121
1828 0.009646538813977399 0.06156129014544974
1829 0.009646481155789683 0.06156122804569248
1830 0.009646427222506946 0.06156082330908717
1831 0.009646370751342864 0.06156080247280717
1832 0.009646314266019558 0.06156040563743233
1833 0.009646258281752548 0.06156036768617305
1834 0.009646203252983872 0.06155994288876036
1835 0.009646146780725088 0.06155990550065378
1836 0.009646090085337462 0.0615595034026855
1837 0.009646034373571481 0.0615594702803627
1838 0.00964597935169512 0.06155905495721269
1839 0.009645922612369798 0.06155902402437308
1840 0.009645865888879102 0.06155862638673113
1841 0.009645809876074708 0.0615585932966408
1842 0.009645754649914306 0.06155817664915294
1843 0.009645697915648392 0.06155814478932431
1844 0.009645640822726615 0.06155774569224094
1845 0.009645586210236184 0.06155772296138215
1846 0.00964552716411783 0.06155730171639302
1847 0.009645471881833635 0.06155725837147404
1848 0.009645416448361104 0.06155683941843287
1849 0.009645358033609108 0.06155678726043344
1850 0.009645303617798758 0.06155639527796065
1851 0.009645245741574856 0.06155636745982707
1852 0.009645188641317443 0.0615559769739845
1853 0.009645131524897403 0.06155592137727354
1854 0.009645076019002 0.06155549382356368
1855 0.009645017960408873 0.06155543890803788
1856 0.009644960724136604 0.06155503571052184
1857 0.009644904743710015 0.06155498884725156
1858 0.009644846847366589 0.06155454863208662
1859 0.009644788983532831 0.06155449315284239
1860 0.009644731440749876 0.06155408754541458
1861 0.009644674060919704 0.0615540237694137
1862 0.009644617797662052 0.06155358935907199
1863 0.0096445582339035 0.06155351142371995
1864 0.009644502505159467 0.06155308629000884
1865 0.009644443819518563 0.06155303251095243
1866 0.009644385609910724 0.06155261718844103
1867 0.009644327360629661 0.06155253404016098
1868 0.009644270597732809 0.06155207744879811
1869 0.00964421048114265 0.06155198185284944
1870 0.009644154327997282 0.06155153903882449
1871 0.009644095129266306 0.06155147092150499
1872 0.009644036407456784 0.06155104196122774
1873 0.009643977605704958 0.06155094323225063
1874 0.009643920332209996 0.06155047082922865
1875 0.00964385965556391 0.0615503599826068
1876 0.00964380300393078 0.06154989914245716
1877 0.009643743282652406 0.06154981436679448
1878 0.009643684042299726 0.06154936824625461
1879 0.009643624751635842 0.06154925196769617
1880 0.009643566970983551 0.06154876120675937
1881 0.009643506931746168 0.06154864631134088
1882 0.009643448537841671 0.06154816084741104
1883 0.009643386949665546 0.0615480381459271
1884 0.009643329690135 0.06154755576691019
1885 0.009643269410452911 0.06154744610155831
1886 0.009643209575724251 0.06154697309745184
1887 0.009643149855739596 0.06154683001015505
1888 0.009643091473557779 0.0615463135007623
1889 0.00964302973455684 0.06154616363210548
1890 0.009642972037684196 0.06154565900567863
1891 0.009642911266294543 0.0615455340604163
1892 0.009642850970123604 0.06154504671476839
1893 0.009642790772130705 0.06154488869175962
1894 0.009642732018212587 0.06154435515695657
1895 0.009642671090241644 0.06154420019279472
1896 0.009642611798569298 0.06154367273283094
1897 0.009642549338609484 0.06154351109423964
1898 0.00964249132297045 0.06154298642464697
1899 0.009642430234219792 0.0615428376781189
1900 0.009642371025040692 0.06154230509472094
1901 0.009642309304192699 0.06154214005844764
1902 0.009642249979758686 0.06154159314103299
1903 0.009642188401723257 0.06154142161162838
1904 0.009642129222601298 0.06154087230244414
1905 0.0096420676536961 0.06154069941254031
1906 0.009642008439364762 0.06154014800387651
1907 0.009641946817648501 0.06153997175022489
1908 0.009641887555043104 0.0615394160407412
1909 0.009641825925118227 0.06153923564984395
1910 0.009641766656208643 0.06153867572987856
1911 0.009641705042603432 0.06153849175208678
1912 0.009641645793613585 0.06153792846696277
1913 0.009641584202272851 0.06153774149690957
1914 0.009641524988885986 0.06153717540277746
1915 0.009641463428810781 0.06153698585338038
1916 0.009641404266590728 0.0615364173115299
1917 0.009641342752884552 0.06153622556898471
1918 0.009641283657302836 0.06153565495594072
1919 0.009641222206941698 0.06153546144919284
1920 0.009641163194043529 0.06153488921153777
1921 0.009641101821929326 0.0615346943803721
1922 0.009641042908354779 0.06153412099886803
1923 0.009640981627877679 0.06153392527488487
1924 0.009640922829851942 0.06153335124509674
1925 0.009640861655915021 0.0615331550809016
1926 0.00964080298772603 0.06153258089522493
1927 0.009640741936751549 0.06153238475059924
1928 0.009640683411049433 0.06153181091828618
1929 0.009640622499175366 0.06153161524248749
1930 0.009640564130654913 0.06153104226786957
1931 0.009640503371674892 0.06153084757059165
1932 0.009640445173966887 0.06153027594102849
1933 0.009640384580078066 0.06153008268516903
1934 0.009640326569114914 0.06152951289369226
1935 0.009640266152346809 0.06152932156810863
1936 0.009640208342152524 0.06152875411093087
1937 0.009640148114523951 0.06152856519492159
1938 0.009640090517225497 0.06152800056530035
1939 0.009640030491184986 0.06152781452562629
1940 0.009639973117820012 0.06152725321158392
1941 0.009639913305360875 0.06152707050210564
1942 0.009639856166286868 0.0615265129852314
1943 0.009639796577604375 0.06152633405815983
1944 0.00963973968336806 0.06152578081227709
1945 0.009639680328092128 0.06152560612411953
1946 0.0096396236883748 0.06152505759464229
1947 0.009639564574434458 0.06152488753155403
1948 0.009639508198270133 0.06152434414451741
1949 0.009639449333910219 0.06152417916554734
1950 0.009639393228768743 0.0615236413623363
1951 0.009639334620213024 0.06152348184988685
1952 0.009639278792516907 0.06152295001001356
1953 0.00963922044598526 0.06152279633991294
1954 0.009639164901553442 0.06152227084710694
1955 0.009639106821902365 0.06152212337808618
1956 0.009639051565207491 0.06152160458853803
1957 0.009638993756464273 0.0615214636547886
1958 0.009638938791251278 0.06152095190107996
1959 0.0096388812564582 0.06152081781176286
1960 0.009638826585194419 0.06152031339611546
1961 0.00963876932619054 0.06152018643037651
1962 0.009638714950079549 0.06151968962223041
1963 0.009638657970222054 0.06151957013848491
1964 0.009638603891376368 0.06151908129578074
1965 0.009638547183593572 0.06151896934630012
1966 0.009638493396344924 0.0615184883982239
1967 0.009638436962775289 0.06151838414826248
1968 0.009638383468520998 0.06151791144841682
1969 0.009638327308096365 0.0615178152217967
1970 0.009638274103909559 0.06151735096780688
1971 0.009638218212652878 0.06151726288662718
1972 0.009638165293070471 0.06151680716888736
1973 0.009638109666435279 0.06151672731460192
1974 0.009638057026144366 0.0615162802054851
1975 0.009638001659058794 0.06151620864809385
1976 0.009637949291816574 0.06151577019733741
1977 0.009637894178037265 0.06151570696917604
1978 0.009637842076213954 0.06151527716211865
1979 0.009637787208477685 0.06151522223671346
1980 0.009637735364611032 0.06151480110028561
1981 0.009637680735832916 0.06151475455484359
1982 0.009637629139561191 0.06151434205153086
1983 0.009637574739602349 0.06151430373825383
1984 0.009637523380411524 0.06151389971017723
1985 0.009637469200374385 0.06151386953904962
1986 0.009637418067266226 0.06151347388693319
1987 0.009637364096398281 0.06151345173251713
1988 0.009637313177090774 0.06151306428953305
1989 0.009637259404159606 0.06151304998521034
1990 0.009637208685567547 0.06151267056199444
1991 0.009637155098420119 0.06151266391401387
1992 0.009637104566791056 0.0615122922832148
1993 0.009637051152825796 0.06151229307209025
1994 0.009637000793865298 0.06151192898840606
1995 0.009636947539558682 0.0615119369551113
1996 0.009636897338071533 0.06151158011871632
1997 0.009636844229670519 0.06151159496810581
1998 0.00963679417027345 0.0615112450624842
1999 0.009636741193502737 0.06151126648849915
2000 0.009636691260111935 0.06151092318000082
2001 0.009636638399987588 0.06151095083258894
2002 0.00963658857597605 0.06151061372966952
2003 0.009636535817636674 0.06151064724482333
2004 0.009636486086108885 0.06151031595647286
2005 0.009636433413539876 0.06151035489848768
2006 0.009636383757221206 0.06151002897004808
2007 0.009636331155342329 0.06151007295829364
2008 0.009636281557433292 0.06150975199420855
2009 0.009636229009808747 0.06150980059993253
2010 0.009636179451812953 0.06150948412094
2011 0.009636126942358799 0.06150953687677906
2012 0.00963607740711361 0.06150922439583572
2013 0.009636024920196629 0.06150928082625298
2014 0.009635975390583546 0.0615089718413781
2015 0.009635924002348462 0.06150903066942234
2016 0.009635872189771079 0.06150872939156603
2017 0.009635821988587596 0.0615087845200619
2018 0.009635770132044556 0.06150848711811766
2019 0.009635719928448166 0.06150854524564998
2020 0.009635668070069192 0.06150825033265898
2021 0.009635617774584443 0.06150830992540016
2022 0.009635565868451119 0.06150801639890807
2023 0.009635515470834742 0.0615080768909847
2024 0.009635463605291321 0.06150778299515793
2025 0.009635413193505504 0.06150784431500659
2026 0.00963536108691819 0.06150755257980092
2027 0.009635310506887255 0.06150761386170712
2028 0.009635258300199734 0.06150732132849659
2029 0.009635207657784391 0.06150738187776315
2030 0.009635155361835552 0.06150708841066286
2031 0.009635104618237035 0.0615071480544559
2032 0.009635052190159837 0.06150685316122759
2033 0.009635001315064801 0.06150691138123086
2034 0.009634948738450992 0.06150661449455146
2035 0.009634897724865973 0.06150667076977033
2036 0.009634844987164663 0.06150637141844508
2037 0.009634793830297517 0.06150642516009963
2038 0.009634740830233654 0.06150612347059141
2039 0.009634689058501886 0.06150617091711456
2040 0.00963463661463858 0.06150586678921859
2041 0.0096345847643754 0.06150591342006846
2042 0.009634531883548736 0.06150560523891723
2043 0.009634479878342272 0.06150564743005826
2044 0.009634426648882786 0.06150533343376625
2045 0.009634374486974068 0.06150537022565106
2046 0.009634320985121647 0.06150505031321452
2047 0.00963426864699731 0.06150508200388904
2048 0.009634214912105192 0.06150475642902949
2049 0.00963416372477398 0.06150478947610028
2050 0.009634107720235216 0.06150444803818609
2051 0.009634056684669098 0.06150447549090014
2052 0.009634000542778411 0.06150412893094322
2053 0.009633949463089876 0.06150415113483442
2054 0.009633893152825116 0.06150379830428307
2055 0.009633841947552268 0.06150381408728812
2056 0.009633785361191518 0.06150345404473977
2057 0.009633733865320102 0.06150346267923821
2058 0.00963367706434921 0.06150309479939704
2059 0.009633625423733024 0.06150309647237869
2060 0.009633568363797175 0.06150272069973083
2061 0.009633516428697211 0.06150271490516447
2062 0.00963345916607059 0.06150233088686374
2063 0.009633407096802916 0.06150231776570494
2064 0.009633349580549242 0.0615019255268871
2065 0.00963329723035102 0.0615019045697807
2066 0.009633239516883319 0.06150150382009426
2067 0.009633187036301812 0.06150147511061727
2068 0.009633129076444513 0.06150106568056565
2069 0.009633076320325054 0.06150102873138814
2070 0.00963301818141289 0.06150061045231194
2071 0.009632965305655168 0.06150056575876239
2072 0.009632906941898048 0.06150013881876662
2073 0.009632853805186485 0.06150008592052717
2074 0.009632796930100596 0.06149965844187703
2075 0.009632740699812606 0.06149959337988711
2076 0.009632683429652344 0.06149914568821271
2077 0.009632628902343086 0.06149907939273859
2078 0.009632573268066963 0.06149862586852632
2079 0.009632515908780812 0.06149854427102962
2080 0.009632460265525673 0.06149808671637709
2081 0.009632402848702239 0.06149799958443043
2082 0.009632345558834295 0.06149752916357934
2083 0.009632290381992996 0.06149744073851023
2084 0.009632234504479194 0.06149696378659918
2085 0.009632176763938809 0.06149685945900664
2086 0.009632120751127814 0.06149637751616377
2087 0.009632063031336272 0.06149626795853966
2088 0.009632005356540492 0.06149577251952228
2089 0.009631949956900629 0.06149566333744742
2090 0.009631893725848568 0.06149516376681532
2091 0.00963183572053837 0.06149503816163383
2092 0.009631779480002755 0.06149453505893032
2093 0.009631721548363257 0.06149440492173808
2094 0.009631663684784767 0.06149388934260096
2095 0.00963160809742512 0.0614937608248621
2096 0.009631551720953533 0.06149324214989958
2097 0.009631493668854792 0.0614930982129316
2098 0.009631437314121798 0.06149257691852512
2099 0.009631379382725803 0.06149243003738884
2100 0.009631323227351697 0.0614919028523724
2101 0.009631265274141007 0.06149175079727705
2102 0.009631209167912665 0.06149121842260134
2103 0.009631151252912681 0.06149106217696163
2104 0.009631095221103458 0.06149052581584346
2105 0.009631037375450638 0.06149036585334345
2106 0.009630981418501283 0.06148982609163179
2107 0.009630923652292036 0.06148966282798941
2108 0.009630867778314192 0.06148912011372137
2109 0.009630810108534789 0.06148895399285163
2110 0.009630754341568891 0.06148840893878562
2111 0.009630696788722923 0.06148824062029202
2112 0.009630641148089838 0.06148769370771386
2113 0.009630583725043336 0.06148752371615308
2114 0.009630528236519588 0.06148697559016818
2115 0.009630470960681054 0.0614868046165508
2116 0.009630415641171832 0.06148625582757059
2117 0.009630358526616997 0.06148608439053755
2118 0.009630301355397794 0.06148553490332276
2119 0.009630247753447676 0.06148536432040825
2120 0.009630191267445931 0.06148482114168224
2121 0.009630135783576705 0.0614846408171795
2122 0.009630079381523366 0.06148410219399841
2123 0.009630024413876176 0.0614839260703965
2124 0.009629968335653931 0.06148338854329926
2125 0.009629913619673223 0.06148321380901756
2126 0.009629857784207751 0.0614826780576195
2127 0.009629803327346659 0.06148250586029387
2128 0.009629747778954619 0.06148197332147956
2129 0.009629693588279642 0.0614818044466399
2130 0.009629638330792452 0.06148127581645446
2131 0.009629584406170696 0.06148111069587679
2132 0.009629529446056438 0.06148058621302756
2133 0.009629475790798821 0.06148042509173132
2134 0.009629421141265443 0.06147990529156536
2135 0.009629367777825023 0.06147974900726869
2136 0.009629313451730803 0.06147923449948108
2137 0.009629260387712207 0.06147908354040361
2138 0.0096292063852416 0.06147857482426065
2139 0.0096291536365229 0.06147842976063164
2140 0.009629099963739176 0.06147792738786739
2141 0.009629047539272188 0.06147778853931188
2142 0.00962899420196275 0.06147729301072829
2143 0.009628942106781791 0.06147716086727321
2144 0.009628889109155664 0.06147667264188254
2145 0.009628837349938218 0.06147654763967171
2146 0.009628784703283232 0.06147606708528156
2147 0.009628733276387426 0.06147594958614327
2148 0.009628680981703781 0.06147547709084147
2149 0.009628629891736245 0.06147536758689848
2150 0.009628577955586897 0.06147490345408849
2151 0.009628527200261193 0.06147480216226541
2152 0.009628475620943811 0.06147434670523596
2153 0.009628425202435354 0.06147425403887022
2154 0.009628373977130509 0.06147380756639535
2155 0.009628323895713071 0.06147372369445619
2156 0.00962827302277249 0.06147328643964788
2157 0.009628223273526207 0.06147321157456125
2158 0.009628171131689067 0.06147277613477779
2159 0.009628123986536782 0.06147272092407492
2160 0.009628073539929137 0.06147230195019458
2161 0.009628024371880742 0.0614722444909035
2162 0.00962797427405577 0.0614718359515432
2163 0.009627925520736005 0.06147178925567866
2164 0.009627875945978278 0.06147139005799775
2165 0.009627827473768922 0.06147135262939765
2166 0.009627778249185018 0.06147096315586389
2167 0.009627730076182376 0.06147093556222197
2168 0.009627681179535849 0.06147055607538209
2169 0.009627633302064847 0.0614705380979116
2170 0.009627584706793493 0.06147016837031589
2171 0.00962753710976539 0.0614701598088797
2172 0.009627488794866896 0.06146979974217147
2173 0.009627441464965152 0.06146980047355689
2174 0.009627393417290141 0.06146944984817353
2175 0.009627346342616465 0.06146945969694213
2176 0.009627298551588717 0.06146911840665509
2177 0.009627250380902185 0.06146912679322966
2178 0.009627204850693001 0.06146880792647838
2179 0.009627157883177475 0.06146883689929112
2180 0.009627110436770076 0.06146851214296665
2181 0.009627063833707998 0.06146854646501028
2182 0.00962701677020103 0.06146823076713828
2183 0.009626970510454797 0.06146827454305501
2184 0.00962692203722249 0.06146796234988391
2185 0.009626878043983088 0.06146802094976641
2186 0.009626831072096862 0.06146772155984279
2187 0.009626785129904891 0.06146778045725413
2188 0.009626738273238577 0.06146748894976566
2189 0.009626692519343233 0.06146755528224822
2190 0.009626645974306612 0.06146726995237402
2191 0.009626600304098513 0.06146734271523943
2192 0.009626552336839315 0.06146705888618856
2193 0.009626508918482232 0.061467143923991
2194 0.009626462403175365 0.06146687071035213
2195 0.00962641684982408 0.06146695485370398
2196 0.009626370390945016 0.06146668774712882
2197 0.009626324932726749 0.06146677713921712
2198 0.009626278697219779 0.06146651407930434
2199 0.009626231969577488 0.06146660003271637
2200 0.009626187581593419 0.06146635064680555
2201 0.009626141970493576 0.06146644962906585
2202 0.009626095663028435 0.06146619349249567
2203 0.009626050111301581 0.06146629313827526
2204 0.009626003934227738 0.061466040085743
2205 0.009625958491617775 0.06146614339603295
2206 0.009625912223729601 0.06146589296315954
2207 0.009625866710707304 0.06146599846669003
2208 0.009625820372913856 0.06146574970935051
2209 0.009625774814326402 0.06146585650162262
2210 0.009625728404346478 0.06146560870057475
2211 0.009625682767441444 0.06146571611138443
2212 0.009625636244999573 0.06146546839016623
2213 0.00962559050037713 0.06146557568578608
2214 0.00962554384904646 0.06146532742196392
2215 0.009625497978031174 0.06146543407685622
2216 0.009625451175899255 0.06146518461880638
2217 0.009625405159750352 0.06146528986299948
2218 0.009625358192239079 0.06146503854342808
2219 0.009625312020345127 0.06146514162557521
2220 0.009625264869894177 0.06146488785098312
2221 0.009625218520385984 0.06146498821970638
2222 0.009625171165523579 0.06146473123104554
2223 0.009625124624806254 0.06146482816952645
2224 0.00962507705800785 0.06146456731146659
2225 0.009625030311828453 0.06146466030770116
2226 0.009624982515175958 0.0614643948881138
2227 0.009624935547030847 0.06146448327925737
2228 0.009624887512066815 0.06146421263971464
2229 0.009624840313542925 0.06146429581207834
2230 0.009624792024234491 0.06146401943880217
2231 0.009624744584749862 0.06146409684364922
2232 0.009624696027489577 0.06146381409278884
2233 0.00962464833873514 0.0614638850721462
2234 0.009624599511201421 0.06146359543943713
2235 0.009624551567606287 0.06146365957304813
2236 0.009624502455116616 0.06146336246323308
2237 0.009624454242669013 0.06146341913574127
2238 0.009624404843089258 0.06146311401989245
2239 0.009624356358112597 0.06146316286022271
2240 0.009624306662256431 0.06146284935306025
2241 0.009624257895556541 0.06146288985905962
2242 0.009624207905256423 0.06146256749286128
2243 0.009624158860463925 0.06146259929567032
2244 0.009624108571278213 0.06146226769829431
2245 0.009624059245496251 0.06146229042106635
2246 0.009624008652603178 0.0614619491248036
2247 0.009623959046895208 0.0614619624300614
2248 0.009623908157983037 0.06146161127020588
2249 0.009623858272674533 0.06146161492181818
2250 0.009623807084076832 0.06146125350841722
2251 0.009623756920294525 0.0614612472720034
2252 0.009623705441571961 0.06146087544943455
2253 0.00962365500408599 0.06146085900907133
2254 0.009623603238990155 0.06146047653934818
2255 0.009623552535003289 0.06146044993986975
2256 0.009623500487121326 0.06146005680622814
2257 0.00962344952040727 0.06146001966248685
2258 0.009623397204194332 0.06145961552974609
2259 0.00962334598753262 0.06145956809580812
2260 0.009623293408536831 0.06145915332885585
2261 0.009623241943802626 0.06145909529318395
2262 0.009623189116173218 0.06145866930672179
2263 0.009623137423688902 0.06145860094391972
2264 0.009623084362170985 0.06145816465017812
2265 0.009623032444802899 0.06145808579387066
2266 0.009622979154115259 0.06145763819406333
2267 0.009622927036562966 0.06145754922559011
2268 0.009622873546912217 0.0614570918986702
2269 0.009622821229833392 0.06145699267520955
2270 0.009622767540128162 0.06145652396661548
2271 0.009622715055358957 0.06145641514477022
2272 0.009622661205370503 0.06145593780232998
2273 0.00962260855004324 0.06145581910406406
2274 0.009622554530131444 0.06145533011008187
2275 0.009622501747734468 0.06145520236453419
2276 0.009622447610512412 0.06145470652877025
2277 0.009622394683419955 0.06145456942819891
2278 0.009622340398861198 0.0614540607054759
2279 0.009622287406284858 0.06145391547755256
2280 0.009622233067954797 0.0614534034861292
2281 0.009622179954220367 0.06145325007670847
2282 0.009622125441686797 0.06145272179153628
2283 0.009622072373272393 0.06145256124116158
2284 0.009622017907629387 0.06145203645268325
2285 0.009621964703034518 0.06145186924102637
2286 0.009621909774059271 0.06145131759353071
2287 0.009621857115885694 0.0614511476828073
2288 0.009621802431719626 0.06145061598945292
2289 0.009621749350017125 0.06145043163580877
2290 0.009621694533265572 0.06144986832222139
2291 0.00962164187504597 0.06144968334070217
2292 0.009621587167080694 0.06144914045085766
2293 0.009621534325525597 0.06144894710721371
2294 0.009621479469025179 0.06144837191399612
2295 0.009621426787929937 0.06144818102759644
2296 0.009621372231566736 0.06144763102457225
2297 0.00962131946267542 0.06144742873373164
2298 0.009621264926156083 0.06144684785345254
2299 0.009621212527603354 0.06144665160080765
2300 0.009621158182980951 0.06144609575834582
2301 0.009621105771870142 0.06144588920582941
2302 0.009621051469233919 0.06144530129584242
2303 0.009620999371619067 0.06144509981728444
2304 0.00962094546058625 0.06144454155668526
2305 0.00962089327851332 0.06144433263215606
2306 0.009620839411776039 0.06144374671376115
2307 0.009620787700886457 0.06144354654213231
2308 0.009620732209375042 0.06144299300523559
2309 0.009620683040063648 0.06144278860794626
2310 0.009620627619584128 0.06144219807794611
2311 0.009620578898874587 0.06144199568855735
2312 0.009620523677879441 0.06144143831007391
2313 0.009620473333062957 0.06144121883042702
2314 0.009620420447236827 0.06144065511396549
2315 0.009620370064224549 0.06144045211088594
2316 0.009620317557632612 0.06143992146831422
2317 0.009620267050491293 0.06143971301146618
2318 0.009620214825310607 0.06143915359175981
2319 0.009620164636952245 0.06143895245935032
2320 0.009620112985340079 0.06143842635214507
2321 0.009620062878216777 0.06143822405919724
2322 0.009620011493897886 0.06143767753110927
2323 0.00961996197764731 0.06143748997482928
2324 0.009619910958530511 0.06143697668248792
2325 0.00961986169441869 0.06143678828013664
2326 0.009619810996450793 0.06143625252347619
2327 0.009619762172379044 0.06143607634755213
2328 0.009619712028719359 0.06143557787363563
2329 0.009619663325517036 0.06143540352784064
2330 0.009619613438416568 0.06143488587488758
2331 0.009619565384590405 0.06143472745838417
2332 0.009619515933949229 0.06143424574585635
2333 0.009619468161150006 0.06143408892723192
2334 0.009619419025824199 0.06143358707530535
2335 0.009619371753015235 0.06143344467649564
2336 0.009619323183261844 0.06143298264202616
2337 0.009619276097976689 0.06143284433412188
2338 0.009619227786696823 0.06143236414802572
2339 0.009619181317359636 0.06143224263617904
2340 0.009619133526230249 0.0614318013451165
2341 0.009619087299443116 0.06143168390125443
2342 0.009619039806302916 0.06143122373597995
2343 0.009618994108881911 0.06143112238368596
2344 0.009618947197308369 0.06143070349978116
2345 0.009618901689857103 0.06143060794639418
2346 0.009618855014122183 0.06143017126812862
2347 0.00961881009859823 0.06143009279623503
2348 0.009618763981382339 0.06142969715597208
2349 0.009618719258795823 0.06142962424913545
2350 0.009618673369505712 0.06142921058847983
2351 0.009618629198835923 0.06142915469119931
2352 0.009618583877662063 0.06142878303583121
2353 0.009618539868359905 0.06142873337820635
2354 0.009618494734710438 0.06142834380632287
2355 0.009618451270740893 0.0614283113519209
2356 0.00961840669390209 0.06142796378155195
2357 0.009618363362822601 0.06142793737106103
2358 0.009618318940010594 0.06142757151890851
2359 0.009618276134672407 0.0614275623215418
2360 0.009618232247798666 0.06142723856968228
2361 0.009618189541216595 0.0614272351434243
2362 0.009618145757055902 0.0614268925743896
2363 0.009618103568193053 0.06142690633309444
2364 0.009618060293315979 0.06142660579273925
2365 0.009618018154760974 0.06142662445152931
2366 0.009617974918224564 0.06142630412455992
2367 0.009617933302465796 0.0614263401598479
2368 0.009617890552684437 0.06142606187051908
2369 0.009617848917188632 0.06142610134205863
2370 0.009617806111232016 0.06142580159070764
2371 0.009617765042577546 0.06142585932175094
2372 0.009617722705817112 0.06142560207183739
2373 0.009617681509524497 0.06142566056228452
2374 0.009617639017869606 0.06142537942131006
2375 0.009617598440595499 0.06142545737461134
2376 0.009617556399206055 0.06142521939265513
2377 0.009617515573752018 0.06142529494571543
2378 0.00961747341488488 0.06142503161457983
2379 0.009617433060309608 0.06142512616716937
2380 0.009617391252409135 0.06142490466848297
2381 0.009617350686446065 0.06142499566398233
2382 0.009617308760545826 0.06142474771329055
2383 0.009617268567665429 0.06142485655531998
2384 0.009617226911092651 0.06142464923156801
2385 0.00961718648623352 0.06142475324195963
2386 0.009617144679060679 0.06142451820187856
2387 0.00961710455657604 0.06142463875177495
2388 0.009617062950824352 0.06142444279557274
2389 0.009617022564129251 0.06142455698674904
2390 0.009616980768397934 0.0614243318388716
2391 0.009616940623219992 0.0614244614156871
2392 0.009616898959491393 0.06142427384561326
2393 0.009616858514204898 0.06142439516673559
2394 0.009616816624470387 0.06142417686087731
2395 0.009616776359969346 0.06142431240540278
2396 0.009616734530871822 0.06142413010291619
2397 0.009616693930244164 0.06142425542045828
2398 0.009616651846541606 0.06142404075015097
2399 0.009616611364900985 0.06142417907733623
2400 0.009616569266441256 0.0614239987504322
2401 0.009616528419049055 0.06142412506856556
2402 0.009616486041148958 0.06142391092818156
2403 0.009616445254181599 0.06142404904562154
2404 0.009616402793665556 0.06142386747274314
2405 0.009616361611802349 0.06142399148914326
2406 0.009616318850985232 0.06142377446334555
2407 0.009616277676346881 0.06142390890127284
2408 0.009616234770231647 0.06142372256053476
2409 0.00961619316925936 0.06142384099198546
2410 0.009616149950469825 0.06142361780948832
2411 0.009616108293590086 0.06142374532700957
2412 0.009616064862288682 0.0614235508806338
2413 0.009616022274786954 0.06142368374844231
2414 0.009615979237555338 0.06142341082189806
2415 0.009615936395602081 0.06142356324024961
2416 0.009615893064164908 0.06142332098764604
2417 0.009615849764674342 0.06142345528025509
2418 0.009615806051601597 0.06142317488088868
2419 0.009615762579984526 0.06142331655880479
2420 0.009615718525829335 0.06142306013371923
2421 0.009615674612498407 0.06142317989313768
2422 0.009615630255442799 0.06142288345319281
2423 0.009615586139838839 0.06142300898116539
2424 0.009615541408195181 0.06142273514663824
2425 0.009615496824964031 0.06142283773807693
2426 0.009615451785216294 0.06142252341941593
2427 0.009615406966776111 0.06142263063130547
2428 0.009615361519566811 0.06142233742637555
2429 0.009615316229021379 0.06142242047433117
2430 0.009615270476764781 0.06142208603597595
2431 0.009615224936275207 0.06142217262127929
2432 0.009615178755144518 0.06142185785173522
2433 0.009615132740331477 0.06142191935845043
2434 0.009615086270123771 0.06142156261754717
2435 0.009615039988473403 0.06142162692444215
2436 0.009614993076872634 0.06142128852357977
2437 0.009614946325807281 0.06142132712405191
2438 0.00961489914767032 0.0614209462294053
2439 0.009614852126305168 0.06142098698309927
2440 0.009614804492671065 0.06142062344364695
2441 0.009614757017221249 0.06142063787301585
2442 0.00961470913891899 0.06142023182027865
2443 0.00961466140748851 0.06142024781571273
2444 0.009614613068819904 0.06141985827074267
2445 0.009614564898518932 0.06141984744909437
2446 0.009614516343757545 0.06141941562451661
2447 0.009614467939596668 0.06141940622893615
2448 0.009614418942707816 0.06141899015364737
2449 0.009614370101159449 0.06141895365128477
2450 0.009614320928733015 0.06141849575640029
2451 0.009614271880222363 0.0614184609446355
2452 0.009614222282877019 0.06141801814918407
2453 0.009614172815748747 0.06141795600260455
2454 0.009614123085153249 0.06141747215886461
2455 0.009614073457610872 0.06141741224221082
2456 0.009614023322021735 0.06141694318828078
2457 0.009613973286956111 0.06141685562774414
2458 0.009613923085386892 0.06141634686739156
2459 0.009613872934494302 0.061416262473754
2460 0.009613822337730183 0.06141576795419657
2461 0.009613771797003933 0.06141565570976212
2462 0.009613721205110306 0.06141512329421927
2463 0.009613670626593811 0.06141501576640176
2464 0.009613619660597761 0.0614144971073435
2465 0.009613568683201623 0.06141436120319874
2466 0.00961351781908776 0.06141380711931985
2467 0.00961346687307473 0.06141367787779861
2468 0.009613415637922626 0.06141313675228069
2469 0.009613364349378154 0.0614129796735965
2470 0.009613313228926626 0.06141240456748564
2471 0.009613262069532521 0.06141225566109296
2472 0.009613210653283815 0.06141169477735102
2473 0.009613159186543232 0.06141151893894643
2474 0.009613107950735958 0.06141092587508411
2475 0.009613056603410506 0.06141075860256001
2476 0.009613005105461599 0.06141018029611007
2477 0.009612953580096941 0.06140998810520887
2478 0.009612902296700971 0.06140937915208177
2479 0.009612850956101579 0.06140919715488007
2480 0.00961279948797884 0.06140860498781615
2481 0.00961274798653574 0.06140839929158425
2482 0.009612696821333259 0.06140777852736173
2483 0.00961264552212022 0.06140758382634538
2484 0.009612594204279441 0.06140698038672947
2485 0.009612542855616789 0.0614067641289158
2486 0.009612491859690719 0.06140613374470594
2487 0.009612440811930615 0.0614059304321455
2488 0.009612389754006603 0.06140531962073806
2489 0.009612338644233158 0.06140509585083852
2490 0.009612287998690639 0.06140446063843347
2491 0.009612237196171028 0.06140425094731237
2492 0.009612186512894888 0.06140363580907604
2493 0.009612135777257738 0.06140340813996738
2494 0.009612085507122871 0.0614027701560383
2495 0.009612035192946082 0.06140255893572406
2496 0.00961198498200035 0.06140194391665928
2497 0.009611934697438882 0.06140171567417144
2498 0.00961188501107758 0.06140108053952323
2499 0.0096118351183112 0.06140086954965208
2500 0.009611785491898967 0.06140025741539423
2501 0.00961173578538399 0.06140003246055031
2502 0.009611686651180678 0.06139940148994161
2503 0.0096116374829279 0.06139919653106061
2504 0.009611588521071912 0.06139859203463385
2505 0.00961153944246714 0.06139837351438208
2506 0.009611491106088325 0.06139775336159612
2507 0.009611442489982669 0.06139755520965211
2508 0.009611394300379961 0.06139696049080579
2509 0.00961134597271758 0.06139675233409
2510 0.009611298306222222 0.06139614246785963
2511 0.009611250645723671 0.06139595814838582
2512 0.009611204492246722 0.06139537704338912
2513 0.009611155931522352 0.0613951428564767
2514 0.009611108821446307 0.06139460382444618
2515 0.009611062126055381 0.06139440392927986
2516 0.009611016528683255 0.06139387849970787
2517 0.009610968645258407 0.06139365586918185
2518 0.009610923966628404 0.06139312043233429
2519 0.009610876495466507 0.0613929267664076
2520 0.009610832466915173 0.06139243022292541
2521 0.009610784928174746 0.06139222801976105
2522 0.009610740449127539 0.06139172179955834
2523 0.009610695391199192 0.06139155128755301
2524 0.009610652048289058 0.06139106589162332
2525 0.009610605913428504 0.06139088081477648
2526 0.009610563196782825 0.06139039289223207
2527 0.009610517541145766 0.06139024219472122
2528 0.009610475439562749 0.06138979593643337
2529 0.009610429738922137 0.06138963877240988
2530 0.00961038726453105 0.06138918293969277
2531 0.009610344001061302 0.0613890609638672
2532 0.009610302601811449 0.06138862749259572
2533 0.00961025837736962 0.06138849120304939
2534 0.009610217546927083 0.06138805653310436
2535 0.009610173830964 0.0613879556873819
2536 0.009610132424000169 0.06138756320059231
2537 0.009610090374554852 0.06138746967295958
2538 0.009610049371698026 0.06138706201790683
2539 0.009610008206540467 0.0613869893516639
2540 0.009609967290497382 0.06138661043955504
2541 0.009609926526156731 0.06138654217793722
2542 0.00960988567162663 0.061386156647896
2543 0.009609845851191822 0.06138611883031227
2544 0.009609805571376948 0.06138577526232292
2545 0.009609765562149706 0.06138573474722898
2546 0.009609725944663902 0.06138538617090065
2547 0.009609686399658883 0.06138537275246559
2548 0.009609647072273776 0.06138505278912663
2549 0.009609607865000159 0.06138504202571836
2550 0.009609568751248201 0.06138471531449214
2551 0.009609530358985619 0.0613847309904748
2552 0.009609491736976191 0.06138444377040003
2553 0.009609453164028614 0.06138445775813652
2554 0.009609415071616204 0.06138416593390055
2555 0.009609376972175041 0.06138420886401927
2556 0.009609339073127943 0.06138394499276514
2557 0.009609301123608867 0.06138398830086168
2558 0.009609263240388057 0.061383713815098
2559 0.009609226181166778 0.06138378231101672
2560 0.009609188830853804 0.06138354840354351
2561 0.009609151362260289 0.0613836133571428
2562 0.009609114436942836 0.0613833729976376
2563 0.009609077245583119 0.06138346444004801
2564 0.00960904047961574 0.06138324664213501
2565 0.009609003371217815 0.06138333869980037
2566 0.009608966524698163 0.06138311261838215
2567 0.00960893012767244 0.06138322315249817
2568 0.009608893602843475 0.06138303378393629
2569 0.009608856802396024 0.06138313951080864
2570 0.009608820704743115 0.06138294303199416
2571 0.009608784090155751 0.0613830765987881
2572 0.009608747940945163 0.06138289477997676
2573 0.009608711229537485 0.06138302184242801
2574 0.009608675139243003 0.06138284089739519
2575 0.00960863865117889 0.06138298419288372
2576 0.009608602475993192 0.06138282218832505
2577 0.009608566135175056 0.06138296330154261
2578 0.009608529640581681 0.06138278520819466
2579 0.009608493786365897 0.06138294344355909
2580 0.00960845759332994 0.06138279954065545
2581 0.009608420883292949 0.06138294833285107
2582 0.009608384787999073 0.06138279053231101
2583 0.009608348127436227 0.06138296088241375
2584 0.009608311876473952 0.06138280989093019
2585 0.009608275055668119 0.06138296693820428
2586 0.009608238788719361 0.06138281946413011
2587 0.00960820181602689 0.06138299049256946
2588 0.009608165464566807 0.06138283995109008
2589 0.009608127965461944 0.06138299068662437
2590 0.009608091976733884 0.06138285168264798
2591 0.009608054676575467 0.06138303146886259
2592 0.009608017621005136 0.06138287969507038
2593 0.009607980116904035 0.06138303817818937
2594 0.009607943062483816 0.06138289654154213
2595 0.009607905449375438 0.06138305960617209
2596 0.009607867966878118 0.06138290351596698
2597 0.009607830060189877 0.06138306121460356
2598 0.0096077922705682 0.06138291338190994
2599 0.009607754136467007 0.06138306436042913
2600 0.009607715618940174 0.06138289354421064
2601 0.009607677934170814 0.06138305306187372
2602 0.009607639445490285 0.06138289962610222
2603 0.009607600609038928 0.06138304172566327
2604 0.009607561674341271 0.06138286230214411
2605 0.009607522544692017 0.06138300004704129
2606 0.009607483188487366 0.06138282896048906
2607 0.009607443948294754 0.06138295415792429
2608 0.009607403920606905 0.06138275211400813
2609 0.009607364764780288 0.06138287992383607
2610 0.009607324735741954 0.06138269637745639
2611 0.009607284364251378 0.06138280545443025
2612 0.009607243831385955 0.06138259219072196
2613 0.009607203237974406 0.06138269945534387
2614 0.009607162385828023 0.061382482804839
2615 0.009607121167152293 0.06138256774401876
2616 0.00960707996397238 0.06138233531635401
2617 0.009607038463554868 0.0613824235893565
2618 0.009606996794530536 0.06138217945412442
2619 0.009606954701073759 0.06138224168520463
2620 0.009606912674981748 0.06138199192908083
2621 0.009606870209159873 0.06138205002990191
2622 0.009606827551733985 0.06138177975589727
2623 0.009606784218467154 0.06138180729702836
2624 0.00960674179183774 0.06138152997223534
2625 0.009606698387420209 0.06138156907996314
2626 0.009606654760315818 0.06138126637471252
2627 0.009606610958675805 0.06138127473711039
2628 0.009606566799825222 0.06138097142163798
2629 0.009606522500993059 0.06138095926540659
2630 0.009606478500927596 0.06138063078016353
2631 0.00960643592505802 0.061380640833575
2632 0.009606387990495126 0.06138027972097837
2633 0.00960634286812863 0.06138023617297041
2634 0.009606299863777756 0.06137988066400181
2635 0.009606252073642341 0.0613798242811817
2636 0.009606207538112159 0.06137944564060772
2637 0.009606162998401594 0.06137941909188747
2638 0.009606114919791398 0.06137900920548855
2639 0.009606069855741377 0.06137893937606991
2640 0.009606021293456319 0.06137852027025528
2641 0.009605976183977929 0.06137843300793272
2642 0.009605928198554013 0.06137798863768797
2643 0.009605882424330851 0.06137791183431007
2644 0.009605833772921523 0.0613774479531685
2645 0.009605785594818591 0.06137732750245411
2646 0.009605741071320797 0.06137688790252584
2647 0.009605690431837158 0.06137674005601854
2648 0.009605644047515557 0.06137625905452763
2649 0.009605597485935008 0.06137613866708806
2650 0.009605547340955726 0.06137562777433585
2651 0.009605497835596293 0.06137545681108867
2652 0.009605452402769396 0.06137496763149569
2653 0.00960540094336269 0.06137477541268396
2654 0.00960535395370647 0.06137425276867633
2655 0.009605306270764823 0.06137409381182894
2656 0.009605255858754351 0.06137353373904408
2657 0.009605205680440798 0.0613733270511569
2658 0.009605158182790409 0.06137279551123331
2659 0.0096051080109502 0.06137257393993076
2660 0.009605060750460276 0.06137201193689965
2661 0.009605009777933379 0.06137179686255104
2662 0.009604960889463972 0.06137122942605269
2663 0.009604911536517519 0.0613709834136286
2664 0.009604862051513329 0.06137041424781877
2665 0.009604812801425196 0.06137014944171738
2666 0.009604763742660317 0.06136955811263489
2667 0.009604714035109643 0.06136930573224785
2668 0.009604664553323806 0.06136870418824452
2669 0.009604615297608414 0.06136843168490348
2670 0.009604565503182703 0.06136783945195332
2671 0.009604516181170761 0.06136755295783389
2672 0.009604467076822566 0.06136693986281604
2673 0.009604417442916176 0.06136666429368505
2674 0.009604368149189083 0.06136604107748105
2675 0.009604319130702737 0.06136574776919238
2676 0.009604269625002547 0.06136513614897026
2677 0.009604220613115893 0.06136483251915578
2678 0.009604171892309929 0.06136420397858174
2679 0.009604122620532965 0.06136391441485716
2680 0.009604073805378742 0.06136327892336014
2681 0.009604025265885201 0.06136297502508831
2682 0.009603977579737169 0.06136234658529113
2683 0.009603927487843108 0.06136203681048096
2684 0.009603879754882839 0.06136141058704237
2685 0.009603832302547539 0.06136113002420594
2686 0.009603782265457942 0.06136048473120466
2687 0.009603735022646007 0.06136017207117364
2688 0.009603688338331497 0.06135954026858107
2689 0.009603639327946036 0.0613592283299337
2690 0.009603592708510281 0.06135860934456005
2691 0.00960354625026081 0.06135833780283047
2692 0.009603498584191753 0.06135769517652158
2693 0.009603450278572867 0.0613573879774079
2694 0.009603406788689392 0.06135678931791524
2695 0.009603356294908558 0.0613564753772658
2696 0.009603313821142091 0.06135587332879121
2697 0.009603266668440389 0.06135561702159407
2698 0.009603217495665811 0.06135498102135722
2699 0.00960317398692033 0.06135470888304347
2700 0.009603130287761007 0.0613541207676751
2701 0.009603083486744565 0.06135383089964413
2702 0.009603038700796275 0.06135322935359306
2703 0.009602995401099851 0.0613530065274045
2704 0.009602950733524841 0.06135240857721357
2705 0.009602904656611235 0.06135214552582648
2706 0.009602862474990894 0.06135159454027209
2707 0.009602817057590807 0.06135134116572587
2708 0.009602774320699408 0.06135077387215253
2709 0.009602732641515749 0.06135058111352719
2710 0.009602688196737718 0.06135000251816429
2711 0.009602646003779594 0.06134978708182472
2712 0.009602605361818808 0.06134927359787978
2713 0.009602562666689839 0.06134907084017443
2714 0.009602519424668545 0.06134852385935026
2715 0.009602479346023022 0.06134836480774834
2716 0.009602438296841785 0.06134784309489074
2717 0.009602395760554109 0.06134765576915967
2718 0.009602357087151302 0.06134718659921549
2719 0.009602316038218855 0.06134702719934006
2720 0.009602275025024762 0.06134652939215283
2721 0.009602236537340826 0.06134641413742362
2722 0.009602197353758321 0.06134594070294721
2723 0.009602156446932681 0.06134580017458294
2724 0.009602119467989155 0.06134537856001641
2725 0.009602078821457433 0.06134525209498284
2726 0.009602042715524674 0.06134483147874757
2727 0.009602003738947462 0.0613447551720468
2728 0.00960196461391968 0.06134431756783647
2729 0.009601927331297734 0.06134423901923177
2730 0.009601892125490648 0.06134386997039892
2731 0.009601854089181013 0.06134380242469862
2732 0.009601816491158625 0.06134341248965467
2733 0.009601779791575612 0.06134338168759366
2734 0.009601745298130475 0.06134302248664678
2735 0.009601707574925041 0.06134299090038709
2736 0.009601673531711701 0.06134266794049637
2737 0.009601635733078968 0.06134264027952059
2738 0.009601601388213744 0.06134231525344361
2739 0.009601567059918258 0.06134234792192237
2740 0.009601531097139335 0.06134201824426478
2741 0.009601496451271795 0.06134204143539526
2742 0.009601463789400246 0.06134177043112109
2743 0.009601427390234552 0.06134179567006166
2744 0.009601394026095207 0.06134152165757877
2745 0.009601360773759391 0.06134160123665259
2746 0.00960132607224237 0.06134132291980529
2747 0.009601292483609114 0.06134139349392288
2748 0.009601260934538003 0.0613411687513841
2749 0.009601225630058391 0.06134124260831648
2750 0.009601193265521045 0.06134101500757987
2751 0.009601160938666295 0.06134113830756796
2752 0.009601127259875832 0.06134090715594986
2753 0.009601094467990482 0.06134102112903099
2754 0.009601063745511198 0.06134083790625292
2755 0.009601029267007205 0.06134095524230343
2756 0.00960099759671482 0.06134076868413341
2757 0.009600965936010853 0.06134092988463567
2758 0.00960093294781999 0.0613407395556719
2759 0.009600900679588952 0.06134089059680255
2760 0.009600869190506558 0.06134073898921524
2761 0.009600837930061423 0.06134090191449924
2762 0.009600805376866438 0.06134074431612865
2763 0.009600773949764871 0.0613409336061091
2764 0.009600741097836402 0.06134077601242901
2765 0.009600709198387073 0.06134095759718058
2766 0.009600677921607518 0.06134083424352643
2767 0.009600645885001185 0.06134101949985551
2768 0.009600614735347035 0.06134089282280929
2769 0.009600582477201103 0.06134110252412572
2770 0.009600550799594073 0.06134097288785997
2771 0.009600518617839379 0.06134117648102447
2772 0.009600487056678323 0.06134107004803489
2773 0.009600454550054274 0.06134127050749436
2774 0.00960042307081785 0.06134115804316288
2775 0.009600390539246733 0.06134138034210082
2776 0.009600358558945737 0.0613412640091336
2777 0.009600326007201867 0.06134147820201901
2778 0.009600293984660538 0.06134138068068929
2779 0.009600260998493999 0.06134158805378793
2780 0.009600228939855748 0.06134148116925774
2781 0.009600195833455219 0.06134170679421654
2782 0.009600163179970355 0.06134159284911211
2783 0.009600129917130433 0.06134180679875012
2784 0.009600097110472085 0.06134170595975565
2785 0.009600063363087372 0.06134191074878931
2786 0.009600030387856047 0.06134179788392962
2787 0.00959999641653745 0.06134201615509312
2788 0.009599962719477176 0.06134189101705332
2789 0.009599928612290832 0.06134209524330231
2790 0.00959989473422899 0.06134198328358453
2791 0.009599859983516765 0.06134217618718851
2792 0.009599825755632419 0.06134204717105651
2793 0.009599790659608394 0.06134224221515366
2794 0.009599755883812641 0.06134210320492297
2795 0.009599720343866238 0.06134228237771559
2796 0.009599685242578659 0.06134214270212961
2797 0.009599649273578507 0.06134231740239356
2798 0.009599613597924007 0.06134216240662827
2799 0.009599577147744117 0.06134232453148467
2800 0.00959954076476386 0.06134215081645987
2801 0.009599504222478045 0.06134231065474458
2802 0.009599467511081882 0.06134214149677127
2803 0.009599430070573576 0.06134228057580692
2804 0.009599392665553931 0.06134209298295823
2805 0.009599355831014173 0.06134220968729823
2806 0.009599316839185381 0.06134199709337662
2807 0.009599279442241421 0.06134213048634068
2808 0.009599239538552046 0.06134189673181428
2809 0.009599201106764925 0.06134199484121149
2810 0.00959916240141844 0.06134176940126941
2811 0.009599123166821964 0.06134185443062801
2812 0.009599085066989555 0.06134161032493383
2813 0.009599044287936372 0.06134166619736443
2814 0.009599002804817016 0.06134139025357034
2815 0.009598963507996768 0.06134145911917744
2816 0.009598921418385651 0.06134115825399966
2817 0.009598880964385683 0.06134119474327782
2818 0.009598840067698591 0.06134090145823066
2819 0.009598798764597074 0.06134091928700808
2820 0.009598758380297225 0.0613406043436233
2821 0.009598715508468922 0.06134058999248107
2822 0.009598671778530002 0.06134023975984718
2823 0.009598627497085304 0.06134022689057188
2824 0.00959858550571234 0.06133987071674487
2825 0.009598543526360298 0.0613398324818036
2826 0.009598500671926444 0.06133946649512398
2827 0.009598457094373295 0.06133940223632237
2828 0.009598413107528991 0.06133900364628832
2829 0.009598368062126482 0.06133895229689707
2830 0.009598324774786858 0.06133848904217681
2831 0.00959827949291819 0.06133844112668042
2832 0.009598234952255119 0.06133795296982581
2833 0.009598189872938132 0.06133788384108142
2834 0.009598145118355874 0.06133739582032541
2835 0.009598099125141639 0.0613373046213577
2836 0.009598053617740174 0.06133679321423071
2837 0.009598007281912612 0.0613366694756998
2838 0.009597962175566062 0.06133613735374224
2839 0.009597915416397651 0.06133602240133843
2840 0.009597869144410978 0.0613354619308373
2841 0.009597822526276301 0.06133532211573214
2842 0.009597776233724245 0.06133476060162077
2843 0.009597728790863042 0.06133459810527756
2844 0.009597681939941979 0.06133401480419149
2845 0.009597634293298525 0.06133382203229207
2846 0.009597587966172641 0.06133322192013445
2847 0.009597539978212265 0.06133303922724726
2848 0.00959749259756836 0.06133241253609175
2849 0.009597444964331467 0.06133220850651287
2850 0.009597397707410187 0.061331584355609
2851 0.00959734932076314 0.0613313597034981
2852 0.009597301655401503 0.06133071557372292
2853 0.009597253222293749 0.06133046390005614
2854 0.009597206234975493 0.06132980694692958
2855 0.009597157564526344 0.06132956839506633
2856 0.00959710970262896 0.06132888811500715
2857 0.009597061579204164 0.06132863246769479
2858 0.009597013974052247 0.0613279588512341
2859 0.009596965237286328 0.06132768569367068
2860 0.009596917372375433 0.06132699601039611
2861 0.009596868773069655 0.06132669979868684
2862 0.009596821735238945 0.06132600248466168
2863 0.009596773025691565 0.06132572262702597
2864 0.009596725302022732 0.06132500619648509
2865 0.009596677336020395 0.06132471434093171
2866 0.009596630012342885 0.06132400925769448
2867 0.009596581560985414 0.06132370419499947
2868 0.009596534150174691 0.06132298736947851
2869 0.009596486007120882 0.06132266397810144
2870 0.009596439593231835 0.06132194534046145
2871 0.009596391466212908 0.06132164274224029
2872 0.009596344535413501 0.06132090982576959
2873 0.009596297357865722 0.06132060085236476
2874 0.009596250964976296 0.06131988437711666
2875 0.009596203433029638 0.06131956668030119
2876 0.009596157098901624 0.06131884333588736
2877 0.009596110044287958 0.06131851226759766
2878 0.009596064864771789 0.06131779342649191
2879 0.009596017954420005 0.06131748799315784
2880 0.009595973542223734 0.06131675454168158
2881 0.009595926192395535 0.06131644788557909
2882 0.00959588166850359 0.06131574794319248
2883 0.009595835333205046 0.06131544184134331
2884 0.009595793423357967 0.06131474307612058
2885 0.00959574449505766 0.06131440576446544
2886 0.009595702571403825 0.06131370081779856
2887 0.009595657462572597 0.061313457728511
2888 0.009595613759111835 0.06131271587960845
2889 0.009595568205367274 0.06131242400328175
2890 0.009595528339573289 0.06131176320958247
2891 0.009595481178347449 0.06131147075608108
2892 0.009595441882301272 0.06131081399680728
2893 0.009595395252772546 0.06131051719129959
2894 0.009595357351361156 0.06130987160089831
2895 0.009595311121717092 0.06130961039280045
2896 0.00959527316812684 0.06130896299442029
2897 0.009595228067515095 0.06130870989249556
2898 0.009595190957879127 0.06130809427345443
2899 0.009595146021397554 0.06130784809871936
2900 0.009595109314078604 0.0613072413015081
2901 0.009595065049214443 0.06130699333687389
2902 0.009595029664939954 0.06130640459111042
2903 0.009594986120342099 0.06130620037598473
2904 0.009594950651281775 0.06130561463348049
2905 0.009594908154572554 0.06130542126271309
2906 0.009594873547949544 0.06130486919830781
2907 0.009594831341894873 0.06130468724219129
2908 0.009594797166833161 0.06130414697753855
2909 0.009594755639993539 0.06130396679946024
2910 0.009594722775435438 0.06130344657700998
2911 0.009594682052016652 0.06130331434052848
2912 0.009594649149878433 0.06130280184292773
2913 0.009594609325994905 0.06130268093707983
2914 0.009594577201813137 0.06130220077791948
2915 0.009594537860298602 0.06130209559787466
2916 0.009594506178595251 0.06130163188140698
2917 0.009594467481506842 0.06130153137727235
2918 0.00959443580924078 0.06130107914690257
2919 0.009594401346912883 0.06130106415858438
2920 0.009594366235892831 0.06130059391615349
2921 0.009594331892494028 0.06130056212831426
2922 0.009594300528208687 0.06130015399947376
2923 0.009594266244478539 0.06130014083544716
2924 0.009594235288015706 0.06129975396859515
2925 0.009594200687390839 0.06129974741327522
2926 0.009594170111823687 0.06129937973164106
2927 0.0095941370814805 0.06129942722772846
2928 0.009594106292914123 0.06129906475109264
2929 0.00959407427280717 0.06129911639643307
2930 0.009594044107790422 0.06129878185024932
2931 0.009594012486831024 0.06129885391455715
2932 0.0095939825431153 0.06129854091143505
2933 0.009593951291343857 0.06129861975260999
2934 0.009593922306537503 0.0612983257716666
2935 0.009593891659255347 0.06129845441985632
2936 0.009593862376301453 0.06129816598085849
2937 0.009593832571787139 0.06129830317944285
2938 0.009593804016819576 0.06129805011788775
2939 0.009593774137530929 0.06129820198912017
2940 0.009593745796195988 0.06129795979850555
2941 0.009593716228712508 0.06129811713835771
2942 0.009593688656601573 0.06129789416297345
2943 0.009593659585686178 0.06129809247882827
2944 0.009593631909940769 0.06129787958434703
2945 0.009593602785916555 0.06129806224104342
2946 0.009593575858826619 0.06129791107869248
2947 0.00959354692298311 0.06129808396969831
2948 0.009593520696302123 0.06129796331776467
2949 0.009593491229280502 0.0612981449299504
2950 0.009593465039774858 0.06129803347000237
2951 0.009593435570485967 0.06129821444266659
2952 0.009593410178872497 0.06129811648451259
2953 0.009593381103867283 0.06129833507625777
2954 0.009593355257394203 0.06129824540714403
2955 0.009593326048202781 0.06129846785301869
2956 0.009593300011922786 0.06129837461756518
2957 0.00959327144276211 0.06129860622814872
2958 0.009593245797499091 0.06129854602071812
2959 0.009593216674476846 0.06129878346761408
2960 0.009593190712221759 0.06129872426778741
2961 0.009593161466903989 0.06129895805311131
2962 0.009593135826753326 0.06129890440266714
2963 0.009593106679675299 0.06129916267726337
2964 0.009593080572741703 0.06129911201131281
2965 0.009593051134498392 0.06129937145365807
2966 0.009593024607426464 0.0612993128813215
2967 0.009592995507542437 0.06129957397756154
2968 0.00959296915952036 0.06129953947943615
2969 0.009592939332346636 0.06129979987053074
2970 0.009592912459986842 0.06129975994772857
2971 0.009592882339047995 0.06130001165590394
2972 0.009592855485592841 0.06129997074007909
2973 0.009592825215328411 0.06130023444053862
2974 0.009592797783944541 0.06130019065365236
2975 0.009592767082432977 0.06130044902422938
2976 0.009592739293022044 0.0613003991151818
2977 0.009592708234687318 0.06130065747939788
2978 0.009592680004195001 0.06130059853142936
2979 0.009592648833846508 0.06130085064160846
2980 0.009592620101789091 0.06130079304378636
2981 0.00959258799571024 0.06130103769888349
2982 0.009592558782256167 0.06130096848490727
2983 0.009592526504197989 0.06130120030074263
2984 0.009592496895821253 0.06130112605662311
2985 0.009592464128440266 0.06130135381078679
2986 0.009592433851994297 0.06130126784846662
2987 0.009592400430593858 0.0613014874467864
2988 0.009592369433653467 0.06130138235860787
2989 0.009592335620697549 0.06130158137768184
2990 0.00959230631508552 0.06130148461086057
2991 0.009592270934573956 0.06130166184657723
2992 0.009592236882083017 0.06130154323763736
2993 0.009592201470911339 0.06130172914986322
2994 0.009592169414756114 0.06130159302792727
2995 0.009592134116661188 0.06130175157026065
2996 0.009592101102167919 0.06130159180794433
2997 0.009592064804185224 0.06130173812597469
2998 0.009592030735723893 0.06130155903403812
2999 0.009591993865419363 0.06130168827958985
3000 0.009591959289862452 0.0613015043805816
3001 0.009591921551169894 0.06130161433438423
3002 0.009591886163884917 0.06130140890840723
3003 0.009591847614252538 0.06130148808474347
3004 0.009591812077956957 0.06130126151092345
3005 0.009591773230328926 0.06130134064782097
3006 0.009591736485869602 0.06130109060903047
3007 0.009591696800298442 0.06130114244506476
3008 0.009591659398051925 0.06130086549241193
3009 0.009591619168192775 0.06130090222214669
3010 0.009591580793595601 0.06130059726019742
3011 0.00959154056455392 0.06130060917749638
3012 0.009591501993049607 0.06130030381825782
3013 0.009591460359270675 0.06130029223181481
3014 0.00959142088403752 0.06129995465765142
3015 0.009591378684169561 0.06129991489307363
3016 0.009591338592026077 0.0612995612303034
3017 0.00959129569614442 0.06129949000568712
3018 0.00959125575473109 0.06129910915039635
3019 0.009591212471808745 0.06129903990464347
3020 0.009591171188467022 0.06129863521366479
3021 0.009591127116320033 0.06129853533341906
3022 0.009591085327398649 0.06129809942836659
3023 0.009591040816830931 0.0612979825874238
3024 0.009590998267593659 0.06129751698939149
3025 0.009590953910233863 0.06129737451100264
3026 0.009590911227544532 0.06129690923091965
3027 0.009590865611171884 0.06129674324495116
3028 0.009590822167743158 0.0612962469048831
3029 0.009590776093952784 0.06129605055727637
3030 0.009590732263958655 0.06129553601091899
3031 0.009590685583829158 0.06129531007083779
3032 0.009590641988444197 0.06129477299305965
3033 0.009590595114393724 0.06129454963225486
3034 0.009590550379180621 0.06129398676395054
3035 0.00959050297431544 0.0612937350698803
3036 0.009590457946031807 0.06129314302270721
3037 0.009590410509320673 0.06129287313650889
3038 0.009590365329507234 0.06129227292924943
3039 0.00959031740875551 0.06129198402782871
3040 0.009590271898119689 0.06129136020171261
3041 0.009590223785432036 0.06129105297249249
3042 0.009590178104426474 0.06129041513327837
3043 0.009590129345711778 0.06129007687953541
3044 0.009590084162683707 0.06128943410948962
3045 0.009590035651569939 0.06128910251463384
3046 0.009589989557706676 0.06128843248273511
3047 0.009589940874883823 0.06128807531827198
3048 0.009589894843779109 0.06128738755081604
3049 0.009589846163727923 0.06128702364830594
3050 0.009589799990538564 0.06128631645386401
3051 0.009589751668090743 0.0612859371344594
3052 0.009589705673309745 0.061285243276909
3053 0.009589656879149148 0.061284845734744
3054 0.009589611189638745 0.06128413314750489
3055 0.009589562628152708 0.06128373767828606
3056 0.009589516749938966 0.06128301237152486
3057 0.009589468328756959 0.06128260585329499
3058 0.009589422656502306 0.06128186698947635
3059 0.00958937459965792 0.06128145454774801
3060 0.009589329211156976 0.061280725182848
3061 0.009589281164207911 0.06128029898600774
3062 0.009589236248418188 0.06127956295964711
3063 0.009589188591971116 0.06127914899934807
3064 0.009589143701403404 0.06127840540918755
3065 0.00958909621598953 0.06127798579292534
3066 0.009589051622704186 0.06127723002954989
3067 0.009589005210252407 0.06127681141074668
3068 0.00958896122940108 0.06127608058922911
3069 0.0095889145960238 0.06127565952307031
3070 0.009588870720262233 0.06127492460840704
3071 0.009588824542352008 0.06127449049468971
3072 0.009588782076560895 0.06127376548458039
3073 0.009588736520254982 0.06127336221823694
3074 0.009588693835754648 0.06127263412826366
3075 0.009588648596366678 0.06127222979054474
3076 0.009588608848933053 0.06127150399091046
3077 0.009588561553911889 0.06127109449966003
3078 0.009588522984636529 0.06127040500634622
3079 0.009588475733649007 0.06127000707648279
3080 0.009588437989519 0.06126932545056444
3081 0.009588393543306505 0.06126894796658882
3082 0.009588351700933284 0.06126824074594466
3083 0.009588311766112275 0.06126791020578657
3084 0.009588271047069963 0.06126720219676195
3085 0.009588230668922771 0.0612668765390772
3086 0.009588191876236175 0.06126619233351085
3087 0.009588149237411471 0.06126585081181899
3088 0.009588113284304334 0.06126523015267718
3089 0.009588069847090246 0.06126489198198912
3090 0.009588035873323955 0.06126428876370409
3091 0.00958799503694034 0.0612639856378219
3092 0.009587959374349548 0.06126338119903828
3093 0.009587918374245878 0.06126308663662968
3094 0.009587883145448143 0.06126248052367882
3095 0.009587846404141953 0.0612622454294801
3096 0.009587811663790987 0.06126164967960959
3097 0.009587772673828706 0.06126139801601051
3098 0.009587739243351677 0.06126085648888031
3099 0.009587703303130688 0.06126065321250437
3100 0.009587670474694049 0.06126012573448079
3101 0.009587631244512883 0.06125987942678552
3102 0.009587601630176246 0.0612593975043218
3103 0.009587565268737741 0.06125922833868202
3104 0.009587535576487968 0.0612587606918286
3105 0.009587499320555271 0.0612586002846424
3106 0.009587471295741489 0.06125814944016128
3107 0.009587434409779402 0.06125799746384245
3108 0.00958740614800566 0.0612575796300824
3109 0.009587371708785901 0.06125746258883802
3110 0.009587345410094875 0.06125708044934702
3111 0.009587309844930766 0.06125696049770379
3112 0.009587283357639309 0.06125659132282765
3113 0.009587250462648437 0.06125653297166257
3114 0.009587224404032951 0.06125618678421228
3115 0.009587192082399021 0.061256146354724
3116 0.009587165559066713 0.06125580757158276
3117 0.009587135386258952 0.06125580376953035
3118 0.009587109339540876 0.0612555061288453
3119 0.009587079647934076 0.06125551669313935
3120 0.009587053896006909 0.06125523525498044
3121 0.009587024823787635 0.06125525897157545
3122 0.009587000015864466 0.06125500594425556
3123 0.009586971683576058 0.06125507663862377
3124 0.009586947004264934 0.06125484345319594
3125 0.009586919117782845 0.06125493122752571
3126 0.009586894872010539 0.06125470970103589
3127 0.009586867900630716 0.0612548203204598
3128 0.009586844439424279 0.06125464148912826
3129 0.009586817542890031 0.06125477108681404
3130 0.009586794363223485 0.06125460891028721
3131 0.009586767860948543 0.06125475061525946
3132 0.009586745370457945 0.06125460965483021
3133 0.009586719387664151 0.06125478739989133
3134 0.009586697011989715 0.06125466452346696
3135 0.009586671286450426 0.06125485829112867
3136 0.009586649212903571 0.06125474838562803
3137 0.009586623914758459 0.06125496097768287
3138 0.009586602229721266 0.06125487779021455
3139 0.009586577034810875 0.06125510796974219
3140 0.009586555468244785 0.06125503645010081
3141 0.009586530530932086 0.0612552820857027
3142 0.009586509202596025 0.06125523303431694
3143 0.009586484320690604 0.06125548818656508
3144 0.009586462769622085 0.06125544060117571
3145 0.009586438576079759 0.0612557236605529
3146 0.009586417428648436 0.06125570883900936
3147 0.009586392636755555 0.06125599400786595
3148 0.00958637131686638 0.06125597836957715
3149 0.009586346624944748 0.06125627150622549
3150 0.009586325429569519 0.06125626944012284
3151 0.009586300703714887 0.06125657285901442
3152 0.009586279376457705 0.06125658310372765
3153 0.009586254334386849 0.06125688703207362
3154 0.009586233127416299 0.0612569030038807
3155 0.009586208185475689 0.06125723355174414
3156 0.009586186386135965 0.06125724983867907
3157 0.009586161032779719 0.06125758063815325
3158 0.009586138807009967 0.06125758719802304
3159 0.009586113813007186 0.0612579138401434
3160 0.009586091704553533 0.06125794670045311
3161 0.009586065820638038 0.06125827657558155
3162 0.009586043073342224 0.06125830192531814
3163 0.009586016882148165 0.06125862619164922
3164 0.009585993874142157 0.06125865128300218
3165 0.00958596734645629 0.06125897296666063
3166 0.009585943802755048 0.06125900143331686
3167 0.009585916601581318 0.06125930812560198
3168 0.009585893156170292 0.06125932589236525
3169 0.009585865813610222 0.06125965171992887
3170 0.009585841169333508 0.06125966270321392
3171 0.009585813050225881 0.06125997029257265
3172 0.00958578791774769 0.06125996763450663
3173 0.009585759418715966 0.06126026871110362
3174 0.009585733722215359 0.06126025602036389
3175 0.00958570455907487 0.06126055297033876
3176 0.009585677887239279 0.06126051955238352
3177 0.009585648706858489 0.061260798382098
3178 0.009585621819560686 0.06126077377247671
3179 0.009585591298121927 0.06126103944225513
3180 0.009585563405410353 0.06126099094653653
3181 0.00958553226651407 0.06126123678715991
3182 0.009585503817426415 0.0612611735896738
3183 0.009585472036178337 0.06126140326012162
3184 0.009585442780294058 0.06126132704015386
3185 0.009585411502161707 0.06126153879226848
3186 0.009585380222391131 0.06126143769396951
3187 0.009585348276874255 0.06126163692283616
3188 0.009585315907673553 0.06126150578011929
3189 0.009585281409979969 0.06126168223273266
3190 0.009585250725630975 0.06126153856489156
3191 0.009585217412858489 0.06126170566522659
3192 0.009585183563743372 0.06126153546174246
3193 0.009585148617188349 0.06126168293910587
3194 0.00958511310857596 0.06126148363690265
3195 0.009585079142064707 0.06126159829481276
3196 0.009585044069412735 0.06126137958580661
3197 0.00958500647865666 0.0612614698385819
3198 0.009584974216096047 0.06126123752586674
3199 0.009584933617182835 0.06126130135605966
3200 0.009584897788865615 0.06126104097757305
3201 0.009584861007425109 0.06126107594705069
3202 0.009584822861149816 0.06126078446383084
3203 0.009584784737345387 0.06126078603968329
3204 0.009584746487271079 0.06126047427119974
3205 0.009584706237056132 0.06126046537625278
3206 0.009584668253254259 0.06126012063623713
3207 0.009584627581559733 0.06126007917201203
3208 0.009584589021715925 0.06125970734708959
3209 0.009584547359587208 0.06125964338840686
3210 0.009584507655583559 0.06125923866800403
3211 0.009584465198393361 0.06125914630083621
3212 0.009584424737692474 0.06125871228714524
3213 0.009584381641756167 0.06125859234012779
3214 0.009584340609854891 0.06125813491587393
3215 0.009584296662199274 0.06125798838984669
3216 0.00958425465819856 0.06125749072119262
3217 0.009584210657499204 0.06125731732407278
3218 0.009584168465515698 0.06125681454111633
3219 0.009584123244853795 0.06125661043635526
3220 0.009584080276059188 0.06125607071388003
3221 0.00958403457404616 0.0612558360605982
3222 0.009583991106750905 0.06125527611888171
3223 0.009583944704046395 0.06125500486563808
3224 0.009583901429558282 0.06125441958189511
3225 0.009583854801638359 0.06125414932713949
3226 0.009583810918205555 0.06125351825318649
3227 0.009583763069877179 0.06125322860804937
3228 0.009583719114504391 0.06125257617566567
3229 0.00958367062780127 0.06125227206914851
3230 0.009583625583427329 0.06125160442115036
3231 0.009583578065919071 0.06125125786057633
3232 0.00958353358412622 0.06125056234420927
3233 0.009583485564150365 0.06125020304821661
3234 0.009583438536370576 0.06124948996879001
3235 0.009583391840629934 0.06124911876201404
3236 0.009583346019187002 0.06124839546511397
3237 0.009583297155799888 0.06124798763718046
3238 0.009583251509346127 0.06124724501498256
3239 0.009583202865894654 0.06124683470284373
3240 0.00958315705550632 0.06124607337637977
3241 0.009583108322081533 0.06124564695725441
3242 0.009583062285170987 0.06124485723766473
3243 0.009583014004339202 0.06124441678488672
3244 0.009582968452215195 0.06124364003319513
3245 0.00958291973399132 0.06124318512470039
3246 0.00958287404437185 0.06124238923337852
3247 0.009582824131241917 0.06124190293187479
3248 0.009582780862360791 0.06124110202269936
3249 0.009582732498016881 0.06124064117491422
3250 0.009582687232830454 0.06123983035875548
3251 0.009582638872579258 0.06123935492765176
3252 0.009582592377742465 0.06123853001204045
3253 0.009582546687604089 0.06123804443179799
3254 0.00958250205513511 0.06123722113011872
3255 0.009582454794847584 0.06123672988478525
3256 0.009582409149316927 0.06123591921434589
3257 0.009582362774634709 0.06123540901528075
3258 0.009582319627476826 0.0612345993080676
3259 0.009582273546336862 0.0612341124233613
3260 0.009582230233284346 0.06123329981544675
3261 0.009582184310698733 0.06123281175916861
3262 0.00958214134617983 0.06123198858706633
3263 0.009582096597430031 0.06123150924842594
3264 0.009582054576692858 0.06123071694660435
3265 0.009582009843533301 0.06123023834702946
3266 0.009581968212280429 0.06122944671541768
3267 0.009581924170996837 0.06122896138676798
3268 0.009581884048461229 0.06122818652226945
3269 0.009581840780036098 0.06122773697319679
3270 0.009581800731425824 0.06122696512103245
3271 0.009581758045806233 0.06122652106807245
3272 0.009581720888408942 0.06122575916256302
3273 0.009581677253922533 0.0612253235717299
3274 0.00958163918692638 0.06122458470212463
3275 0.009581597026818515 0.06122416906783803
3276 0.009581562397768039 0.06122346609579352
3277 0.009581520926017327 0.06122306549423088
3278 0.009581483478460761 0.06122233375999804
3279 0.009581443560523843 0.06122195778967539
3280 0.009581410938854387 0.06122129302380843
3281 0.009581371487056588 0.0612209559936616
3282 0.009581334254816377 0.06122024186358535
3283 0.009581297939563789 0.06121991269184852
3284 0.009581266838523398 0.0612193027048679
3285 0.009581227749647951 0.06121897525069318
3286 0.009581197240485111 0.06121837923186924
3287 0.009581160299157544 0.06121808851487207
3288 0.009581127643028549 0.06121747071874897
3289 0.009581092265031349 0.06121721268405453
3290 0.009581063025896277 0.06121665932945955
3291 0.009581028111952453 0.061216426633331
3292 0.009581000364376108 0.06121589509187835
3293 0.009580964663941602 0.06121566661264367
3294 0.009580938171730989 0.06121517998542941
3295 0.009580903197910651 0.06121497735922186
3296 0.009580877860586768 0.06121452381434489
3297 0.009580843549512242 0.06121433124503288
3298 0.00958081755765677 0.06121388191224127
3299 0.009580787453564122 0.06121376687343415
3300 0.009580761682642379 0.06121334663525581
3301 0.00958073226390127 0.06121325484245257
3302 0.009580706624956394 0.06121284845891158
3303 0.009580678426732631 0.06121278617779908
3304 0.009580653852069548 0.06121243188473235
3305 0.009580625996748445 0.06121239247347347
3306 0.009580602119878273 0.06121206110174022
3307 0.009580575060034516 0.06121203680864799
3308 0.009580552534161036 0.06121173918769561
3309 0.009580526426093545 0.06121177001492406
3310 0.009580504194731538 0.06121149613941484
3311 0.009580478694393626 0.06121154840164794
3312 0.009580457109327995 0.06121129154278545
3313 0.009580432694360609 0.06121137376056343
3314 0.00958041209263533 0.06121116765692729
3315 0.009580387945190389 0.06121127433005551
3316 0.009580367822581785 0.0612110911734607
3317 0.009580344231343199 0.0612112135304807
3318 0.009580325059175063 0.06121105854344018
3319 0.009580302227651211 0.06121122895537462
3320 0.009580283274524334 0.06121109734439571
3321 0.009580260856893473 0.06121128789671552
3322 0.009580242370356392 0.06121117268591227
3323 0.009580220632610862 0.06121138758706515
3324 0.009580202808197592 0.06121131286334558
3325 0.009580181265614008 0.06121154998096339
3326 0.009580163711839656 0.06121149609242887
3327 0.009580142512157835 0.0612117488165351
3328 0.009580124836679317 0.06121172110381007
3329 0.009580105005235604 0.06121199357047791
3330 0.00958008831149007 0.06121199067952537
3331 0.009580067166562836 0.061212284962887
3332 0.009580050720459889 0.0612123005279832
3333 0.009580029498604613 0.06121263107245146
3334 0.009580014065405406 0.0612126542117031
3335 0.009579992782649156 0.06121296774808284
3336 0.009579976413879822 0.06121300147847859
3337 0.009579956560434857 0.06121337004585532
3338 0.009579940854067305 0.06121344718369839
3339 0.009579920227694723 0.06121380147982876
3340 0.0095799033002374 0.0612138785743669
3341 0.009579883525065455 0.06121424312464532
3342 0.009579867482857081 0.06121433522277275
3343 0.009579846528786634 0.06121471479681088
3344 0.009579830252899057 0.06121481806207076
3345 0.009579808985909759 0.06121519785539437
3346 0.009579792908957198 0.0612153057706742
3347 0.009579771617922441 0.06121571131419819
3348 0.009579754981228997 0.06121581915997742
3349 0.009579733229658919 0.06121622736040965
3350 0.009579715713113526 0.0612163240515156
3351 0.009579694491628642 0.06121673834903442
3352 0.009579677351176097 0.06121685967956195
3353 0.009579655047594534 0.06121725952357338
3354 0.009579637084533563 0.0612173718076887
3355 0.009579614122501776 0.06121777208075139
3356 0.009579595834732359 0.06121788630090386
3357 0.009579572371292144 0.06121828406404201
3358 0.009579553076623138 0.06121839720747946
3359 0.00957952941869842 0.06121878646268927
3360 0.009579509973753635 0.06121888168696011
3361 0.009579486195375164 0.06121928191540383
3362 0.0095794654057731 0.06121936678786462
3363 0.009579440736881741 0.06121974807881236
3364 0.009579419194166154 0.06121981823707929
3365 0.009579393974151777 0.06122019218574146
3366 0.00957937167706782 0.06122024927592092
3367 0.009579345719915523 0.06122061595005044
3368 0.009579322319135353 0.06122064956737696
3369 0.009579296100360127 0.06122099342913196
3370 0.009579272318710868 0.06122103182917151
3371 0.009579244735785718 0.06122135958049959
3372 0.009579219794036605 0.06122137071735299
3373 0.009579191413123142 0.06122167497359004
3374 0.009579165736093041 0.0612216677261597
3375 0.009579136543178129 0.06122195122759901
3376 0.009579109851733098 0.0612219289675572
3377 0.009579081055198247 0.06122217677871229
3378 0.009579052647908306 0.06122212218042649
3379 0.009579021017642336 0.06122237462679601
3380 0.009578992883992844 0.06122229631505499
3381 0.009578960602431377 0.06122251959913842
3382 0.009578931815133364 0.06122240989528362
3383 0.009578898457982661 0.06122260839832978
3384 0.009578868114507666 0.06122247579242002
3385 0.009578834133962348 0.06122264902234078
3386 0.009578802553002183 0.06122247344238502
3387 0.009578768356851104 0.06122260865852394
3388 0.009578736193061403 0.06122242523767928
3389 0.009578700374749831 0.06122253474672375
3390 0.009578666889124133 0.06122231465397081
3391 0.00957863015252434 0.06122239084900782
3392 0.009578595827094562 0.06122214263367411
3393 0.009578558173530252 0.0612221841243528
3394 0.009578522997584136 0.06122190293186269
3395 0.009578484465410084 0.06122192024758484
3396 0.00957844804942333 0.06122160431204007
3397 0.009578408459083957 0.06122158219555517
3398 0.009578371034396523 0.06122123554737345
3399 0.009578330391542447 0.06122117141463393
3400 0.009578292607676757 0.0612207868438678
3401 0.009578251359003313 0.06122071300604421
3402 0.009578212507658284 0.06122027799327701
3403 0.009578169871933202 0.0612201770678181
3404 0.009578130318033281 0.06121970929442063
3405 0.009578086637447622 0.06121958467069975
3406 0.009578045617686189 0.06121909048273497
3407 0.009578002639714778 0.06121890982659008
3408 0.009577959094412581 0.06121840550452367
3409 0.009577916514566876 0.06121818695788415
3410 0.00957787279018678 0.06121762191597634
3411 0.009577829461237345 0.06121736988193502
3412 0.009577786382789607 0.06121679187497629
3413 0.00957774011486201 0.0612165056852892
3414 0.00957769518464798 0.06121589540891804
3415 0.00957765047403455 0.06121560535321571
3416 0.009577604797035937 0.06121495752189378
3417 0.00957755940930119 0.06121462853842335
3418 0.009577514899905519 0.06121391979760221
3419 0.009577465668451624 0.06121356632654051
3420 0.009577420948667054 0.06121289118418241
3421 0.009577374931512219 0.06121250877517771
3422 0.00957732689644448 0.06121178780361465
3423 0.009577280287269329 0.06121135622791034
3424 0.009577233252165541 0.06121059167550937
3425 0.009577186000782219 0.06121014581202282
3426 0.0095771399435887 0.06120936939048627
3427 0.009577091306539947 0.06120892559385829
3428 0.009577045864401204 0.06120812740967051
3429 0.009576994480215694 0.06120764938882297
3430 0.009576950352227371 0.06120683522923635
3431 0.009576899041897492 0.06120633594154475
3432 0.009576855072818347 0.06120550506372186
3433 0.009576805491670698 0.06120498545056685
3434 0.009576757122063444 0.06120414496752622
3435 0.009576709568618362 0.06120360881905115
3436 0.009576663140667227 0.06120272826498448
3437 0.009576615833967739 0.06120220927350405
3438 0.009576569171011429 0.06120131035262619
3439 0.00957651806579757 0.06120074724287403
3440 0.009576475065162246 0.06119987682110795
3441 0.009576424049747175 0.06119931115178741
3442 0.009576380632765991 0.06119844827611529
3443 0.009576331740717843 0.0611978646809363
3444 0.009576286184191986 0.06119693036908787
3445 0.009576240114624645 0.06119639149030155
3446 0.009576195089991744 0.06119548559835538
3447 0.00957614729379846 0.06119492224196561
3448 0.009576101840915128 0.06119401234309239
3449 0.009576056446834192 0.06119343969544389
3450 0.00957601281108675 0.06119253672579959
3451 0.009575966633821814 0.06119196593018242
3452 0.009575923672335753 0.0611910693002628
3453 0.009575876904546159 0.06119048916031514
3454 0.00957583644056609 0.06118960352723025
3455 0.009575791195975023 0.06118906622003382
3456 0.009575749764207891 0.06118818251385084
3457 0.009575705314159928 0.06118764431568117
3458 0.009575663453514956 0.06118675896657993
3459 0.00957562183569137 0.06118622802524053
3460 0.009575581877316044 0.06118536868937808
3461 0.009575539495648714 0.06118484480590088
3462 0.009575500660245363 0.06118400135708759
3463 0.00957545896686085 0.0611835019988422
3464 0.009575421025479617 0.06118268030553031
3465 0.009575380271083584 0.06118219240771292
3466 0.009575344582749562 0.06118140750785316
3467 0.009575303281185266 0.06118092119081901
3468 0.009575267404786954 0.06118013107077339
3469 0.009575229161568517 0.06117969231392818
3470 0.009575195973818599 0.06117894975417699
3471 0.009575156491231473 0.06117851207217359
3472 0.009575124009394616 0.06117777914685021
3473 0.009575086071437276 0.06117738231081294
3474 0.009575055130678217 0.06117669676570683
3475 0.009575017877521748 0.0611763174800387
3476 0.009574988054609943 0.06117564954784352
3477 0.009574952817329454 0.06117530659544945
3478 0.009574921711610458 0.06117462901100189
3479 0.00957488970980498 0.06117435731012734
3480 0.009574860731001649 0.0611737284669182
3481 0.009574827274575129 0.06117343787485758
3482 0.009574799810625688 0.06117285914208563
3483 0.009574768845886306 0.0611726255582772
3484 0.009574743307320048 0.06117209334959644
3485 0.009574711399221818 0.06117185473189314
3486 0.009574685990169137 0.06117132870857415
3487 0.00957465775793582 0.06117118184007151
3488 0.00957463194409011 0.06117066638229416
3489 0.009574604279939438 0.06117052332765448
3490 0.009574580965412395 0.06117008231683032
3491 0.009574553998692429 0.06116997826082957
3492 0.009574532481452035 0.06116957799380831
3493 0.009574504787306402 0.06116947669763089
3494 0.009574483672243395 0.06116909183560738
3495 0.009574458820735546 0.0611690672663627
3496 0.009574439503757592 0.06116873045206301
3497 0.009574414136266191 0.061168720562712
3498 0.009574394898537739 0.06116841313661567
3499 0.009574371704274437 0.0611684464349524
3500 0.009574353539374544 0.06116817969154464
3501 0.009574331209645851 0.06116823738587038
3502 0.009574313820467204 0.06116799883559299
3503 0.009574292518481292 0.06116812033749344
3504 0.009574275553745376 0.06116790727045034
3505 0.009574255081456491 0.06116804452314965
3506 0.009574239278476202 0.06116788472483178
3507 0.009574219362817969 0.06116805748591014
3508 0.009574204157427497 0.06116792717350428
3509 0.00957418480362404 0.06116811436578911
3510 0.009574170590527347 0.06116801562643413
3511 0.009574152225681155 0.06116826560055159
3512 0.009574136782979534 0.06116817888175904
3513 0.009574120960986345 0.06116847663701389
3514 0.009574106269985927 0.06116842136164963
3515 0.009574090296903892 0.06116871203792548
3516 0.009574076461053264 0.06116870137712255
3517 0.009574060360100474 0.06116901946495856
3518 0.009574048019541103 0.06116906463646438
3519 0.009574031726358904 0.06116940144664103
3520 0.009574018645113565 0.06116945515875013
3521 0.009574003185068651 0.06116983041513788
3522 0.009573991049647042 0.06116991135801531
3523 0.009573976367401697 0.06117031475614583
3524 0.0095739635246581 0.06117040703655123
3525 0.009573948497236315 0.06117079435326487
3526 0.009573937572753774 0.06117093816427659
3527 0.009573921523521958 0.06117139017212676
3528 0.00957390978633536 0.06117152721868054
3529 0.009573894341847819 0.06117194112564026
3530 0.009573882589455403 0.06117210317694258
3531 0.009573868188557056 0.06117261019081818
3532 0.009573855701800645 0.06117276701551156
3533 0.009573840651717269 0.06117326611356759
3534 0.009573828496909194 0.06117342087564513
3535 0.009573813725860946 0.06117391324278292
3536 0.009573801378692556 0.06117410700355532
3537 0.009573785725272401 0.06117461588017704
3538 0.009573772972575421 0.06117481701688129
3539 0.009573757112762846 0.06117529723312961
3540 0.009573743754883643 0.06117551718090834
3541 0.009573728189037201 0.06117604436852206
3542 0.009573714282791893 0.06117627130852182
3543 0.009573698308449136 0.06117676646703777
3544 0.009573684435770686 0.06117697248626384
3545 0.009573666958623502 0.06117750033021671
3546 0.009573652772112003 0.06117770960104402
3547 0.009573634051085394 0.06117822209899407
3548 0.009573619362366576 0.06117841905436536
3549 0.009573600190812206 0.06117891827640665
3550 0.009573585179844135 0.06117911001097621
3551 0.009573565589786866 0.06117962174688766
3552 0.009573549519986756 0.06117980396898139
3553 0.009573529021922909 0.06118030248005141
3554 0.009573511997462328 0.06118046430151659
3555 0.009573490807155081 0.06118094830281266
3556 0.009573473106675485 0.06118110865393882
3557 0.009573450927276081 0.06118157522316558
3558 0.009573432210430929 0.06118171921899858
3559 0.009573408447183568 0.06118214374137693
3560 0.009573389510764604 0.06118227566305906
3561 0.009573365602138324 0.06118271145354205
3562 0.009573345144720666 0.06118282453988664
3563 0.009573319816284266 0.06118323062698509
3564 0.009573297671149865 0.06118330965302002
3565 0.009573272003709313 0.06118369114605988
3566 0.009573249559014492 0.06118375222516826
3567 0.009573222366796382 0.06118410075550268
3568 0.009573198584319405 0.06118413346584013
3569 0.009573170069562013 0.06118445777189367
3570 0.009573145308466913 0.06118446443155733
3571 0.009573115820416487 0.06118476846414592
3572 0.009573089796222251 0.06118474409740678
3573 0.009573059014417207 0.06118500645177322
3574 0.009573032084614116 0.06118494360710142
3575 0.009573000519865175 0.06118519914340058
3576 0.009572971457669579 0.06118510103161233
3577 0.009572939299086708 0.06118530727263972
3578 0.009572909791534138 0.06118517671748121
3579 0.009572876048906389 0.06118534945640373
3580 0.009572845158345928 0.06118518034679998
3581 0.009572810438218358 0.06118532313336261
3582 0.009572778015705457 0.06118512990230969
3583 0.00957274111541591 0.06118521824207189
3584 0.009572708275081712 0.06118496346567069
3585 0.009572671480202605 0.0611850396114304
3586 0.00957263475974819 0.0611847769466841
3587 0.009572597874102529 0.06118479505634065
3588 0.009572561917561203 0.06118444860374879
3589 0.009572523394606059 0.06118442261521981
3590 0.009572484624741077 0.06118408596043706
3591 0.0095724458708948 0.06118402185366302
3592 0.009572405879057992 0.06118363218785412
3593 0.009572365664702027 0.06118351228105506
3594 0.009572325562121287 0.06118306997329746
3595 0.00957228461573886 0.06118294103024485
3596 0.009572242966465751 0.0611824607631028
3597 0.009572200701944124 0.06118229116000633
3598 0.009572157832573444 0.06118175673653967
3599 0.009572114063759601 0.06118153551000977
3600 0.009572072168121603 0.06118098879022204
3601 0.009572027250368605 0.06118073081940976
3602 0.009571983929723096 0.06118014286293047
3603 0.009571939295705672 0.0611798421027609
3604 0.009571894237257831 0.06117920296050847
3605 0.009571847433334267 0.06117887892112491
3606 0.009571802915773614 0.06117820806998053
3607 0.009571755664651786 0.06117784630873246
3608 0.009571710251676845 0.06117712989909042
3609 0.009571662836053974 0.06117673269891967
3610 0.009571617008375033 0.06117600542246898
3611 0.009571568434629866 0.06117556791622692
3612 0.009571521989626562 0.06117479940476061
3613 0.009571472940736613 0.06117432517728554
3614 0.009571426366419052 0.06117352560292637
3615 0.009571376885929661 0.06117303873025981
3616 0.009571329500982431 0.06117219670842752
3617 0.009571280291440297 0.06117167824170861
3618 0.009571232872165738 0.0611708303627094
3619 0.009571182858481344 0.0611702795810403
3620 0.00957113494997003 0.06116939949603007
3621 0.009571084942035303 0.06116881400448096
3622 0.009571037564154273 0.06116791053652532
3623 0.00957098723466405 0.06116732614649879
3624 0.009570939221067099 0.06116639050754911
3625 0.009570889546449916 0.06116578208459905
3626 0.009570841810376807 0.06116484848638677
3627 0.009570791629436156 0.06116421550376964
3628 0.009570743837516112 0.06116325873295996
3629 0.009570693903058831 0.06116259869240542
3630 0.009570646998711652 0.06116163172164736
3631 0.009570598350615304 0.06116100258202151
3632 0.009570549550766661 0.06115999614944468
3633 0.009570500599435891 0.0611593258558386
3634 0.009570454172148529 0.06115834591508258
3635 0.009570405400663399 0.06115767145600147
3636 0.009570359374420091 0.06115668146670888
3637 0.009570310865402712 0.06115600704049005
3638 0.009570266978705387 0.06115499739321791
3639 0.009570216594217784 0.06115431545671522
3640 0.009570174423415437 0.06115333687099047
3641 0.009570124368983187 0.06115267146212348
3642 0.009570082693288354 0.06115168343436195
3643 0.009570033395419179 0.06115100758177568
3644 0.0095699921424731 0.06115002619011395
3645 0.009569944828097239 0.06114935190383122
3646 0.009569904644932415 0.06114838026843236
3647 0.00956985912771029 0.06114774259486792
3648 0.009569817548561463 0.06114676990011862
3649 0.009569773016584409 0.06114613465634821
3650 0.009569732381028441 0.06114516244906676
3651 0.009569689575351892 0.06114455930815835
3652 0.009569650325105586 0.06114362523165059
3653 0.009569608143642765 0.06114303028407133
3654 0.009569569840161536 0.06114210655390225
3655 0.009569528923478905 0.06114152651652337
3656 0.00956949164936585 0.06114060984848206
3657 0.009569452222166666 0.06114006710542937
3658 0.009569416457024022 0.06113920242586018
3659 0.009569377641833892 0.06113867948640186
3660 0.009569342933922424 0.06113783026192005
3661 0.009569305474567925 0.06113732719399897
3662 0.009569271911581363 0.06113648964037346
3663 0.009569236204630739 0.06113603210984388
3664 0.00956920426486234 0.06113525422236955
3665 0.009569169225592691 0.06113482052729722
3666 0.009569138410792141 0.06113406415962427
3667 0.009569104785941552 0.06113365505376241
3668 0.00956907520004747 0.06113291709883426
3669 0.009569043373311282 0.06113256021530854
3670 0.009569015447186698 0.06113188721451598
3671 0.009568984332620883 0.06113155903588539
3672 0.009568957612369056 0.0611309128884353
3673 0.009568927923261156 0.06113061378382355
3674 0.009568902475728393 0.06112999074163022
3675 0.00956887458785567 0.06112974870916699
3676 0.009568850802412958 0.0611291952875284
3677 0.009568823619267983 0.06112898531387811
3678 0.009568800972094662 0.06112846184883597
3679 0.009568775064084408 0.06112827994122651
3680 0.0095687535320296 0.0611277786332938
3681 0.009568729273262508 0.06112765510107451
3682 0.009568709255648398 0.06112722408753293
3683 0.009568684542953744 0.06112709290041586
3684 0.009568667654505562 0.06112673457589997
3685 0.009568643820805455 0.06112665382185706
3686 0.009568627685754259 0.06112631911768664
3687 0.009568605709293786 0.06112630908685249
3688 0.009568589779813947 0.06112602300670589
3689 0.009568569776387955 0.06112603724875231
3690 0.009568555439877113 0.06112579298010819
3691 0.0095685352477915 0.06112583064222452
3692 0.009568521970959419 0.06112561582334765
3693 0.009568503452347599 0.06112573300278471
3694 0.009568490669273545 0.06112557897066055
3695 0.009568473979314981 0.06112571549368376
3696 0.009568462600539791 0.0611256001918403
3697 0.009568445634116671 0.06112576221650601
3698 0.009568435197899268 0.06112567835594777
3699 0.0095684194650647 0.0611259050282343
3700 0.009568409516759016 0.0611258707545228
3701 0.009568395110397455 0.06112614679593706
3702 0.009568385524347092 0.0611261385076585
3703 0.009568372339527047 0.0611264342055166
3704 0.009568363208965803 0.0611264471106247
3705 0.009568351210143546 0.06112680360724313
3706 0.00956834264459667 0.06112687618630937
3707 0.009568330641556601 0.06112725612062902
3708 0.009568322478621109 0.06112735186973909
3709 0.009568311103665857 0.06112775347797923
3710 0.009568303549505049 0.06112787445536693
3711 0.009568293014937468 0.06112833045482342
3712 0.009568285838710659 0.06112849707466243
3713 0.009568275243510732 0.0611289705260727
3714 0.009568268297948613 0.06112915593328444
3715 0.009568258069324797 0.06112965200761868
3716 0.009568251249296866 0.06112985517539177
3717 0.009568241581720276 0.06113038784385097
3718 0.009568235113055983 0.06113063576474034
3719 0.009568225105431085 0.06113118454853796
3720 0.009568218502489227 0.06113144611710207
3721 0.009568208474263287 0.0611320015674143
3722 0.009568202090854978 0.06113227776733553
3723 0.009568192243497904 0.06113288285420405
3724 0.009568185370689727 0.06113316604783142
3725 0.009568175394718848 0.06113376394902845
3726 0.009568168631740735 0.06113408100693019
3727 0.009568158146049161 0.06113469374314622
3728 0.009568150838906997 0.06113502120036358
3729 0.00956813999881664 0.06113562781873339
3730 0.009568132626186285 0.06113595392471331
3731 0.009568121675110407 0.06113659775420901
3732 0.009568113349298014 0.06113692621241471
3733 0.009568101825218304 0.06113755865740315
3734 0.009568093231241241 0.06113790218419792
3735 0.009568080991981092 0.06113853413059024
3736 0.009568071597164995 0.06113887796598186
3737 0.009568059158191998 0.06113949387490215
3738 0.009568048860742383 0.06113982677276156
3739 0.00956803576585432 0.06114048666071217
3740 0.009568024133141813 0.06114078860272758
3741 0.009568009435256077 0.06114139487573841
3742 0.009567998915867947 0.06114171430794783
3743 0.009567983253632067 0.06114232144671738
3744 0.009567971135356944 0.06114263926521697
3745 0.009567954625928647 0.06114324374321617
3746 0.009567940201977949 0.06114352839872843
3747 0.009567923318218229 0.06114412794763741
3748 0.009567909216687704 0.06114437376786171
3749 0.009567890787853155 0.06114493756345116
3750 0.009567875516327375 0.06114517197909655
3751 0.009567855428377544 0.06114571124188658
3752 0.009567838643081868 0.06114595554500452
3753 0.009567817023409962 0.06114649651872936
3754 0.009567799393168047 0.06114667658457795
3755 0.009567777344322275 0.06114716909003119
3756 0.009567758296022669 0.06114732479535884
3757 0.009567735591339797 0.06114780222238685
3758 0.009567715245201166 0.06114794492897524
3759 0.009567690261467641 0.06114838673175298
3760 0.009567668390070606 0.06114849115654659
3761 0.009567642100804559 0.06114888075381434
3762 0.009567619376523038 0.06114894227124519
3763 0.009567592181022152 0.06114932712842887
3764 0.009567567676966138 0.06114935128654883
3765 0.009567538952796689 0.0611496879034326
3766 0.009567513515115688 0.06114968954194799
3767 0.009567483185550818 0.0611499733754354
3768 0.009567455809823461 0.06114993574943545
3769 0.009567424314406537 0.06115017428630207
3770 0.00956739460051996 0.06115007124293147
3771 0.009567362994305993 0.06115029865114761
3772 0.009567333569498182 0.06115018600736068
3773 0.00956729883790189 0.06115034581801906
3774 0.009567266688432699 0.06115016200474786
3775 0.009567230585529508 0.06115026212828743
3776 0.009567195588457028 0.06115003510842221
3777 0.009567160389026696 0.06115011374029012
3778 0.009567125002781975 0.06114984095628658
3779 0.00956708845970816 0.06114986117823166
3780 0.009567051515677607 0.06114955579951716
3781 0.009567011697033067 0.06114952112308138
3782 0.009566974210474566 0.06114914833443487
3783 0.009566933657341785 0.06114906955015383
3784 0.009566894602340326 0.06114864781669999
3785 0.009566853274324955 0.06114853708797333
3786 0.00956681318425419 0.06114808375282771
3787 0.009566769964720121 0.06114791710406939
3788 0.009566728414030497 0.06114740617821761
3789 0.009566684136773316 0.06114718045584631
3790 0.009566641549060848 0.06114661047014155
3791 0.00956659679458617 0.06114636183169136
3792 0.009566553332681927 0.06114576583842162
3793 0.009566506846120397 0.06114546182153408
3794 0.009566462170049797 0.06114481006047232
3795 0.009566414895353655 0.06114445116490617
3796 0.009566369280099589 0.06114374051457606
3797 0.009566321667242403 0.06114335841133811
3798 0.009566275512309581 0.06114262986287122
3799 0.009566226378704299 0.06114219687993294
3800 0.009566179193440697 0.06114141610246342
3801 0.009566129570042822 0.06114093370071256
3802 0.00956608166584874 0.06114009495446291
3803 0.009566031873665146 0.06113958994445627
3804 0.009565983751138435 0.06113874330163158
3805 0.009565931051621802 0.06113817314979249
3806 0.009565884687799543 0.06113730726575246
3807 0.009565832951485984 0.06113671431939284
3808 0.009565783063406056 0.06113576058415637
3809 0.009565731860352826 0.0611351483118987
3810 0.009565682620940321 0.06113420159634622
3811 0.009565630641470785 0.0611335554087631
3812 0.009565580972181678 0.06113256839343166
3813 0.009565528736415339 0.06113188438575465
3814 0.009565478863258991 0.06113085556668307
3815 0.009565427026710073 0.06113016317964672
3816 0.009565377403604546 0.06112913552573376
3817 0.009565325027197211 0.0611284117970301
3818 0.009565275398582646 0.06112735316049249
3819 0.009565223278602854 0.06112660125091721
3820 0.009565173763988409 0.06112551233790546
3821 0.009565122454077105 0.06112476581571299
3822 0.009565073406311676 0.06112368833937974
3823 0.009565020178486811 0.06112288372460823
3824 0.009564974127415089 0.06112182371879065
3825 0.009564922287275811 0.06112103425891546
3826 0.009564874631589922 0.06111988697166702
3827 0.009564823076279256 0.0611191245779306
3828 0.009564776057459892 0.06111803263511013
3829 0.009564725810612561 0.0611172423608546
3830 0.009564678940228104 0.06111612358757076
3831 0.009564629740894256 0.06111531756356411
3832 0.009564583852696248 0.06111420060221767
3833 0.009564535740144561 0.06111341846231677
3834 0.009564490526569165 0.06111231930138362
3835 0.009564442965679112 0.06111153762700065
3836 0.009564398599998672 0.06111043069378176
3837 0.009564352254534633 0.06110965503396525
3838 0.009564309223179674 0.06110858371511551
3839 0.009564263789706663 0.06110782646273823
3840 0.009564221644739931 0.06110675820568233
3841 0.009564177365046269 0.06110601051718815
3842 0.009564137680568999 0.06110494462040563
3843 0.009564092844709897 0.06110422989877137
3844 0.009564055446407224 0.06110321662025972
3845 0.009564011008779542 0.06110251497555767
3846 0.009563975098513536 0.06110151226097689
3847 0.009563932087909979 0.06110083591621462
3848 0.009563897847111107 0.06109986682773041
3849 0.009563857399371411 0.06109922702480389
3850 0.009563822564779311 0.06109827549036564
3851 0.009563784305790629 0.06109768312032891
3852 0.009563750532845437 0.06109674353234594
3853 0.009563712773232643 0.06109614115694724
3854 0.009563682751242857 0.06109529996114857
3855 0.009563647587947728 0.06109476560097339
3856 0.009563616692339698 0.06109391185008022
3857 0.009563583314183416 0.06109342630728686
3858 0.009563554149068445 0.06109260320347654
3859 0.009563522381234193 0.06109215291092657
3860 0.009563494875096621 0.06109137868930426
3861 0.009563464414979834 0.06109097092940774
3862 0.009563438990136274 0.06109025682969768
3863 0.009563410325506274 0.06108991150495475
3864 0.009563385982617762 0.06108922323760924
3865 0.009563358835858885 0.06108889864400979
3866 0.00956333639869896 0.06108826968181762
3867 0.009563310687432025 0.06108799916645764
3868 0.009563290165520967 0.06108742820632669
3869 0.009563266160634168 0.06108722511821326
3870 0.009563246854764361 0.06108669542068755
3871 0.009563223189752282 0.06108648084749634
3872 0.009563206575133324 0.06108603061159281
3873 0.009563184636487853 0.06108587123417185
3874 0.00956316983799398 0.06108547434325871
3875 0.009563148829042429 0.06108539323564408
3876 0.009563134342142983 0.06108502861511524
3877 0.009563115759588748 0.06108499810809626
3878 0.009563102348975486 0.06108469336588965
3879 0.009563085609069537 0.06108469751747109
3880 0.009563073512634307 0.06108442848437668
3881 0.009563058241624919 0.06108450610957446
3882 0.009563047527243332 0.06108427912629961
3883 0.009563032429972553 0.06108440972389595
3884 0.009563023768606118 0.06108424709446161
3885 0.009563009884514216 0.06108441719797095
3886 0.009563002461062715 0.0610842894960526
3887 0.009562989884759086 0.06108453263707377
3888 0.009562983287522505 0.0610844481703434
3889 0.009562971760032873 0.06108472468741261
3890 0.009562966488074863 0.06108471044315129
3891 0.009562955821532319 0.06108502616234483
3892 0.009562950720053115 0.06108504045105999
3893 0.00956294246201707 0.06108542954814753
3894 0.009562938527882269 0.06108548817015715
3895 0.009562929930903397 0.06108590416919638
3896 0.00956292687928725 0.0610860271411358
3897 0.009562918948078701 0.06108647426101298
3898 0.009562916954900256 0.06108662288472511
3899 0.009562909879590924 0.0610871385576145
3900 0.009562907510328711 0.06108732458342592
3901 0.009562901878437039 0.06108785571780233
3902 0.009562901009260506 0.06108810222091397
3903 0.009562894827962893 0.06108866965633228
3904 0.009562894037627379 0.06108893385980469
3905 0.009562888469588898 0.06108955747184694
3906 0.009562887918629769 0.06108984549981108
3907 0.009562882515533616 0.06109049045830032
3908 0.009562882873838087 0.06109082749062407
3909 0.009562877460501122 0.06109148860801869
3910 0.009562877623342346 0.06109184816987529
3911 0.009562872518692214 0.06109256167316892
3912 0.009562872265050332 0.06109292906520021
3913 0.009562867117528909 0.06109364203666992
3914 0.009562867203260217 0.06109405749832465
3915 0.009562861962418449 0.0610947851965741
3916 0.009562861978459725 0.06109520958586723
3917 0.009562856457853959 0.06109598032829137
3918 0.009562855656757688 0.06109640995104514
3919 0.009562849808441276 0.06109717819245904
3920 0.00956284900493525 0.06109764071317179
3921 0.009562842484531044 0.06109840819615689
3922 0.009562841302036185 0.06109886740441868
3923 0.009562834480645403 0.06109966631361269
3924 0.009562832280605151 0.061100122683201
3925 0.009562824872256907 0.06110091081318916
3926 0.009562822264965213 0.06110139034905789
3927 0.009562813859630558 0.06110216791011965
3928 0.009562810531291415 0.06110263376964459
3929 0.009562801546455753 0.06110343108071335
3930 0.009562796922351983 0.06110388395710702
3931 0.009562787101375612 0.06110466069758194
3932 0.009562781784326771 0.06110512592193515
3933 0.009562770691982003 0.06110588238587747
3934 0.009562764420325375 0.06110632302277542
3935 0.009562752474441626 0.06110708836846115
3936 0.00956274464157986 0.06110750591143647
3937 0.009562731644827877 0.06110824068291621
3938 0.009562722846905392 0.0611086600971129
3939 0.009562709051652792 0.0611093454864469
3940 0.009562698677676083 0.06110975173302993
3941 0.009562682850952818 0.06111048151450421
3942 0.009562670759064043 0.06111081436880202
3943 0.009562653970347956 0.06111148402123513
3944 0.009562642628575204 0.06111178645482749
3945 0.009562623337162979 0.0611124107253199
3946 0.009562607965819961 0.06111273498695078
3947 0.009562588194063654 0.06111337074417991
3948 0.009562573706318411 0.06111359460555951
3949 0.009562551916834972 0.06111416081544632
3950 0.00956253312715768 0.06111441989550807
3951 0.009562510256948967 0.06111493602021089
3952 0.009562492993333045 0.06111510465383469
3953 0.009562468209969546 0.06111561255581918
3954 0.009562447553273285 0.06111574934582435
3955 0.009562420640238283 0.06111620328456208
3956 0.009562396886586751 0.06111632923910566
3957 0.009562369643377441 0.06111671547506045
3958 0.009562345962984191 0.06111676454471401
3959 0.009562317594504526 0.06111712652501477
3960 0.009562291317493575 0.06111711998871619
3961 0.009562261492943052 0.06111741562221454
3962 0.009562232762292155 0.06111738317989377
3963 0.009562199949131937 0.06111762761943953
3964 0.009562172018331204 0.0611175135660218
3965 0.009562136943017377 0.06111773086414073
3966 0.009562103749947877 0.06111756397961551
3967 0.009562068996636443 0.06111770587183751
3968 0.009562035398183956 0.06111749920275564
3969 0.009561998223279919 0.06111758160777834
3970 0.009561963608414379 0.06111730686826165
3971 0.009561924980324193 0.06111735121044194
3972 0.009561888574400126 0.06111701586167915
3973 0.009561847337611225 0.06111699189058248
3974 0.009561809835228587 0.06111660588821052
3975 0.009561767155414753 0.0611165162611139
3976 0.009561728681098263 0.06111606811333766
3977 0.009561684519660654 0.06111595310350253
3978 0.009561643852780429 0.06111543479888239
3979 0.009561598607253858 0.06111524917732246
3980 0.009561556627413852 0.06111469651025742
3981 0.009561509692777994 0.06111444163962397
3982 0.009561466876602342 0.06111381870925465
3983 0.009561418654128191 0.06111353561601787
3984 0.009561374142435044 0.0611128458039574
3985 0.009561324999596199 0.06111249501379655
3986 0.009561279354618778 0.0611117761180518
3987 0.009561228945161621 0.06111136467067844
3988 0.009561180926292046 0.06111058104960971
3989 0.009561131319577244 0.06111013410888782
3990 0.009561081804738652 0.06110927335634837
3991 0.009561032229026083 0.06110878070974696
3992 0.009560983405968965 0.06110790574719962
3993 0.009560929548581216 0.06110734475068463
3994 0.009560880159957492 0.06110641024848416
3995 0.009560826014188886 0.06110582545011758
3996 0.009560774190672338 0.06110482533503866
3997 0.009560722439420407 0.06110420115215223
3998 0.00956067173463403 0.06110318932196757
3999 0.009560616157340772 0.06110249326836991
4000 0.009560565274004996 0.06110143308444963
4001 0.00956050953933274 0.06110072318240078
4002 0.009560458410045483 0.06109962192568502
4003 0.009560402724304485 0.06109886489887774
4004 0.009560351220989763 0.06109774773142122
4005 0.009560295226970817 0.06109695107568756
4006 0.009560243975634309 0.06109579184336062
4007 0.009560187818387685 0.06109498369761981
4008 0.009560136255236084 0.06109379057526658
4009 0.009560080442529125 0.06109294944131612
4010 0.009560029154678037 0.06109175487868439
4011 0.009559973205001578 0.06109088022178267
4012 0.009559920415859449 0.06108962628887667
4013 0.009559868050953319 0.06108879223516626
4014 0.009559816840369823 0.06108754129307221
4015 0.009559759640274848 0.06108659678471482
4016 0.009559712127946905 0.06108539672258961
4017 0.009559656667644023 0.06108448100129141
4018 0.009559606989321401 0.0610832108432053
4019 0.009559552970123284 0.06108229794732142
4020 0.009559504405955646 0.06108103562070018
4021 0.009559451327142601 0.06108011278838592
4022 0.009559403649025161 0.06107884998444171
4023 0.009559351409195159 0.06107793999335411
4024 0.00955930458842187 0.06107667744285156
4025 0.009559253042421187 0.0610757521533221
4026 0.009559207778363768 0.06107451519586687
4027 0.009559157312383961 0.06107361983647535
4028 0.009559112694733092 0.06107237210071061
4029 0.009559063566259504 0.06107147293395088
4030 0.009559020498979913 0.06107025535415538
4031 0.009558972626681794 0.06106938800786954
4032 0.009558930737275805 0.06106817942433018
4033 0.009558884094086185 0.06106731113974387
4034 0.009558844092781429 0.06106614421858079
4035 0.009558798977820153 0.06106532544272113
4036 0.009558759968931707 0.06106416570214594
4037 0.009558716535384827 0.0610633593299062
4038 0.009558679367304359 0.06106224368062679
4039 0.009558637496680619 0.06106148157774972
4040 0.009558603793841427 0.06106042993105718
4041 0.009558560232880169 0.06105963588601435
4042 0.009558528367028443 0.06105857448885704
4043 0.009558489780499379 0.06105794448557232
4044 0.009558458220564102 0.06105693177280243
4045 0.009558418678178665 0.06105622410151586
4046 0.009558390567629188 0.06105525445150183
4047 0.009558355839211318 0.06105471299859952
4048 0.009558327957189035 0.06105378936299276
4049 0.009558293259001951 0.06105320686211725
4050 0.009558267431616368 0.06105233088320861
4051 0.009558234581367477 0.06105178873288272
4052 0.009558211865013187 0.0610509595199454
4053 0.009558181905271468 0.06105051746376202
4054 0.009558161610909454 0.06104980382979305
4055 0.009558131093350129 0.06104938254470994
4056 0.009558112093184523 0.06104868725644716
4057 0.009558084271329559 0.06104829209150046
4058 0.009558068003678222 0.06104766971985955
4059 0.009558042471217248 0.06104736713066092
4060 0.009558027362714923 0.06104678701639272
4061 0.009558003691440256 0.06104653176676936
4062 0.009557990544413407 0.06104602455917914
4063 0.009557968767889948 0.06104584461548401
4064 0.009557955978848769 0.06104535880551063
4065 0.009557937643270689 0.06104523407168187
4066 0.009557926507547325 0.06104483290546764
4067 0.009557909804196078 0.06104479669246669
4068 0.009557899604382126 0.06104443277303308
4069 0.009557884497666405 0.06104443367582187
4070 0.009557876281974197 0.06104414034549571
4071 0.009557862879459891 0.06104421513124408
4072 0.009557856074449525 0.06104397162287743
4073 0.009557844184961677 0.06104408669903523
4074 0.009557838567276378 0.06104390793020673
4075 0.00955782954713756 0.06104412364170513
4076 0.009557825249281731 0.06104400395383523
4077 0.009557816495970371 0.06104424651253811
4078 0.009557813956868647 0.061044196131749
4079 0.009557806587084296 0.06104450943106485
4080 0.009557805378700591 0.06104450690007616
4081 0.009557799038498023 0.06104485100453788
4082 0.009557799805025113 0.06104492437079576
4083 0.00955779454624749 0.06104536315284195
4084 0.009557795597193969 0.06104546823042512
4085 0.00955779164754419 0.06104593545951845
4086 0.009557794093025479 0.06104610960505363
4087 0.009557791209746086 0.06104664273029697
4088 0.009557794566178586 0.06104686318051974
4089 0.009557792260802108 0.06104743356362394
4090 0.009557796428902721 0.06104770553719536
4091 0.009557795108085642 0.0610483424679333
4092 0.009557799103472519 0.06104865417544172
4093 0.009557799257132663 0.06104931557386423
4094 0.009557804286043968 0.06104969348245408
4095 0.009557804965303137 0.06105040976882921
4096 0.009557809971575251 0.0610508165189672
4097 0.009557810867936766 0.06105155199715773
4098 0.009557816352170272 0.06105200846079349
4099 0.009557817745411741 0.06105280201309216
4100 0.009557823536911635 0.0610532669930657
4101 0.009557824601846907 0.06105408879930643
4102 0.009557830733115681 0.06105461052400376
4103 0.009557831568298295 0.06105545224184187
4104 0.009557837961597978 0.06105598807135166
4105 0.00955783908263646 0.06105688827906462
4106 0.009557844431406339 0.0610574579668034
4107 0.009557845705026217 0.06105834461912764
4108 0.009557851491314119 0.06105894895687197
4109 0.009557852495317674 0.06105985446665989
4110 0.009557857573662485 0.06106045829643057
4111 0.009557858343367046 0.06106139320748984
4112 0.009557862501980333 0.06106202273681521
4113 0.009557862367551859 0.06106294384791772
4114 0.009557866865094404 0.06106358904344734
4115 0.009557865514608865 0.06106453763078896
4116 0.00955786879699095 0.06106516674203552
4117 0.009557866974553061 0.06106614154718697
4118 0.00955786937647134 0.0610667626760939
4119 0.009557866750482586 0.06106771408542314
4120 0.009557868621890479 0.0610683621106116
4121 0.009557864654748312 0.06106929967346079
4122 0.009557865462020454 0.06106991919750902
4123 0.009557860611496091 0.0610708774846617
4124 0.009557859851378157 0.06107148002392467
4125 0.009557853673592631 0.06107240319104661
4126 0.009557852008906286 0.06107301781252223
4127 0.009557844292209584 0.06107391534660701
4128 0.009557841289848022 0.0610744900144792
4129 0.009557832464104599 0.06107539561008396
4130 0.009557827629135042 0.0610759410163022
4131 0.009557817285479704 0.06107679994547031
4132 0.009557811217748607 0.06107734513171595
4133 0.00955779911530827 0.06107816668854522
4134 0.00955779148121926 0.06107865977218489
4135 0.00955777799070689 0.06107947805464219
4136 0.009557768282457272 0.06107993061619683
4137 0.009557753077794388 0.06108069138781314
4138 0.009557741841960624 0.06108113131305471
4139 0.009557724691649521 0.06108184359799906
4140 0.009557711730193189 0.06108222015849007
4141 0.009557693869153063 0.0610828973134119
4142 0.009557678138373401 0.06108324644748774
4143 0.009557657672644656 0.061083864047157
4144 0.00955763997004816 0.06108418933323146
4145 0.00955761779804799 0.06108474928329848
4146 0.009557598596948923 0.06108499435906652
4147 0.009557574129528673 0.06108556287440529
4148 0.009557553388521735 0.06108571926612185
4149 0.009557526706384992 0.06108618803710054
4150 0.009557504376527132 0.0610863236369629
4151 0.009557475969818012 0.06108673962177263
4152 0.009557451362492489 0.06108680063031626
4153 0.009557420751345781 0.06108718288487873
4154 0.009557393427335178 0.06108717173603997
4155 0.009557360876029139 0.06108746910799347
4156 0.009557331695820423 0.06108741599463943
4157 0.009557297045591379 0.06108764238458247
4158 0.009557266071889635 0.06108750465836888
4159 0.009557229536223275 0.06108769351229831
4160 0.009557196213365425 0.06108748200621527
4161 0.009557157763568027 0.06108758625843595
4162 0.009557122684561407 0.06108732986977639
4163 0.009557082072739876 0.06108736040204214
4164 0.009557043967243356 0.06108703329697705
4165 0.009557003092052031 0.06108701111134532
4166 0.009556963026547644 0.06108659918950939
4167 0.009556920555652651 0.06108649192951375
4168 0.009556878616855641 0.06108603611108927
4169 0.009556834043765358 0.06108585805525232
4170 0.009556790571817313 0.0610853176704132
4171 0.009556744361861332 0.06108509804860278
4172 0.00955669884927246 0.06108448395642053
4173 0.009556650012175021 0.06108418145251542
4174 0.009556604486386875 0.06108352001779561
4175 0.009556554329787343 0.06108314881915412
4176 0.00955650726435907 0.06108240561307064
4177 0.009556455573165703 0.06108198219043919
4178 0.009556406890688388 0.06108118412563086
4179 0.009556353728640513 0.06108068730665464
4180 0.009556303691707452 0.06107980986524145
4181 0.009556249735797816 0.06107926390525183
4182 0.009556198672820775 0.06107834887044549
4183 0.009556143199629745 0.06107773044958218
4184 0.009556091130564897 0.06107673579337004
4185 0.009556035079484193 0.06107607710508401
4186 0.009555982050647996 0.06107504713822386
4187 0.009555924749034751 0.06107431801682188
4188 0.009555870980028637 0.06107321317577563
4189 0.009555813363371086 0.06107244908297035
4190 0.009555758920741765 0.0610713176026584
4191 0.009555700365545086 0.0610704899511657
4192 0.009555645513312137 0.06106929039509442
4193 0.009555585279293387 0.0610684058400068
4194 0.00955553244509679 0.06106722406383509
4195 0.009555472514749792 0.06106630943644276
4196 0.009555415959080056 0.06106499323088531
4197 0.009555357982154199 0.06106408598953796
4198 0.009555303383088172 0.06106279558804378
4199 0.009555242655090347 0.06106178032475366
4200 0.009555186904604948 0.06106049272369643
4201 0.009555127457881989 0.06105948942026807
4202 0.009555071815899948 0.06105811481146906
4203 0.009555013068016387 0.06105706584600572
4204 0.009554958364225064 0.06105566994818125
4205 0.009554900187303938 0.06105463043369874
4206 0.009554845053892883 0.06105322029031189
4207 0.009554788037906532 0.06105218099778752
4208 0.009554732988969849 0.06105072567049956
4209 0.009554676205402344 0.06104966089623066
4210 0.00955462483173768 0.06104828539405076
4211 0.009554566865577561 0.06104719934142322
4212 0.009554514318464567 0.06104573562798676
4213 0.009554458491697891 0.06104465427979976
4214 0.009554407713900894 0.06104323030231013
4215 0.009554353025673678 0.06104215115026882
4216 0.009554303223574298 0.06104070916241914
4217 0.009554249792850925 0.06103964544379897
4218 0.009554201309905083 0.06103824190011473
4219 0.00955414900817581 0.06103718188148927
4220 0.00955410182018109 0.06103576535466756
4221 0.009554051221848854 0.06103473002456092
4222 0.009554007804883307 0.06103340609234638
4223 0.00955395601668114 0.06103234051898461
4224 0.009553911282869375 0.06103096848496509
4225 0.009553864587887638 0.06102997510747515
4226 0.009553822836469812 0.06102865561451101
4227 0.009553776994108911 0.06102769155220131
4228 0.00955373675699228 0.06102638800669877
4229 0.00955369271922302 0.06102546806175508
4230 0.009553654500541081 0.06102422594596447
4231 0.009553612049334883 0.06102333295756324
4232 0.009553575687747862 0.06102210050250116
4233 0.009553535581724143 0.06102125801771829
4234 0.009553501543879329 0.06102010008060309
4235 0.009553463180225093 0.06101929820907549
4236 0.009553431012601052 0.06101816176917942
4237 0.009553395070209787 0.06101741905315235
4238 0.009553365318815316 0.06101636424478019
4239 0.009553331217918223 0.06101566783014539
4240 0.009553303427588833 0.06101463931943181
4241 0.009553271831075856 0.06101400757820634
4242 0.009553246564192987 0.06101306662547512
4243 0.009553216853075313 0.06101248733887452
4244 0.009553193596339599 0.06101157869704549
4245 0.009553166408542561 0.06101107035480066
4246 0.009553145721312477 0.0610102556360097
4247 0.009553120418391993 0.06100980421468795
4248 0.009553101754877663 0.06100902603469505
4249 0.009553079000965518 0.06100865069630984
4250 0.009553062908538522 0.06100797198938086
4251 0.009553042011056664 0.06100765652921057
4252 0.009553027910006411 0.06100701762955558
4253 0.009553009330940295 0.06100675981743811
4254 0.009552998477779203 0.06100624954092618
4255 0.009552981291590434 0.06100606056499757
4256 0.009552971984495933 0.06100558552453143
4257 0.009552957015250043 0.06100547025163721
4258 0.009552949929351608 0.0610050909591995
4259 0.00955293662490035 0.06100503297170106
4260 0.00955293128391943 0.06100469290853017
4261 0.009552920447509983 0.06100472043863258
4262 0.009552916712310663 0.06100447111139027
4263 0.009552908633965348 0.06100457831499023
4264 0.00955290648909056 0.0610043865561641
4265 0.009552899594723717 0.06100455755617698
4266 0.009552899701855681 0.06100446540481279
4267 0.009552894252103882 0.06100469562404646
4268 0.009552895581090258 0.06100463819578183
4269 0.009552893092240696 0.0610049644694447
4270 0.00955289636209623 0.06100501850624544
4271 0.009552894327932597 0.06100540018469162
4272 0.009552898957002688 0.06100547982060682
4273 0.009552898556937811 0.06100593317647379
4274 0.009552904669067204 0.06100611400343128
4275 0.009552906176958169 0.0610066235813741
4276 0.009552913386202065 0.06100684309966203
4277 0.009552916356566105 0.0610074407620831
4278 0.009552924621274337 0.06100775245409687
4279 0.009552928350374341 0.06100839182736979
4280 0.009552937548036313 0.06100873226762162
4281 0.009552942892422396 0.06100945060739853
4282 0.009552953017305637 0.0610098813401868
4283 0.009552958706838104 0.06101062736237494
4284 0.009552969844003379 0.06101108543800108
4285 0.00955297671382887 0.06101192023335327
4286 0.009552988107289717 0.06101245602752128
4287 0.009552995318692331 0.06101331842737089
4288 0.009553007372667307 0.06101386897146367
4289 0.009553015385502106 0.06101479163038524
4290 0.009553028202123559 0.0610154021559328
4291 0.009553035723465877 0.06101635267539344
4292 0.009553048305625237 0.06101702112868832
4293 0.009553056576826676 0.06101799902594274
4294 0.009553069965380493 0.06101873240647037
4295 0.009553078192105938 0.06101973448515671
4296 0.009553091123343767 0.06102045600144639
4297 0.009553099517422163 0.061021553772635
4298 0.009553111487775046 0.0610223234592304
4299 0.009553119656370167 0.06102334754805692
4300 0.009553131765836262 0.06102411948051302
