"rf_coeffs"
"Iteration" "cd etc.."
("Iteration" "cd" "cl")
1 2.483956447918052 -1.609729024187739
2 0.5009809626381018 -0.5953894407292809
3 0.4658119689721519 -0.2491102524597042
4 0.04952314110788817 0.1730066187178793
5 0.1745444233027666 0.173479360967555
6 0.01695804313929097 0.1490286130520106
7 0.1088038816646384 0.1128746383411224
8 0.02673208165531706 0.02897835360246661
9 0.08506142130792892 0.04634953922643231
10 0.03489880677512974 0.02078881939597411
11 0.06925772571479073 0.02090458069406391
12 0.03816816709578082 0.02588496918478634
13 0.0554252425531585 0.01898853979599465
14 0.03801269141788392 0.04134390933072727
15 0.046074039509682 0.01150610278628577
16 0.03751840695401358 0.04149261409455155
17 0.03815590983312635 0.01524883873169209
18 0.03657637954532127 0.03705982588617199
19 0.03235017619949285 0.03445395396168723
20 0.03469388995045882 0.02439929627743381
21 0.02992312622288984 0.04466838857237906
22 0.03196606306983573 0.01651035810504614
23 0.02906416194954043 0.04204510409155639
24 0.02920184490785253 0.02150247237575601
25 0.02830271691210926 0.03510738993586505
26 0.02717894810628721 0.02816792600752227
27 0.02723156636557882 0.02755544968441169
28 0.02539966691347858 0.03714140538328212
29 0.02587448095499808 0.02564055603457024
30 0.02450053120883047 0.03784264343769868
31 0.02435000548813275 0.0304436791510479
32 0.0238528207675386 0.03540170079836135
33 0.02325038695475112 0.03358386870818399
34 0.02295705946929263 0.03382427055970048
35 0.02222758772948057 0.03760550630289095
36 0.02221126108034979 0.03458701307125595
37 0.02147792275948097 0.03846555926286693
38 0.0213057385967193 0.03645775529128632
39 0.02090110252354013 0.03894821114849432
40 0.02055345943558684 0.03841256055100395
41 0.0202565332838669 0.03923195634886129
42 0.01989792441997554 0.04061841896420917
43 0.01964169792607149 0.04023041577130301
44 0.01930243440625058 0.0421893361138858
45 0.0190486997636052 0.0417412910195123
46 0.01876188711355235 0.04329430808003973
47 0.01848919825065234 0.04363597235452878
48 0.01828061295198272 0.04425604484032995
49 0.01797730684364353 0.0455106022569233
50 0.01781772649869795 0.04558047147138675
51 0.01754183081214889 0.04702130109066998
52 0.01738330784385151 0.04710012098235229
53 0.01715745112406235 0.04835739012239877
54 0.0169801621104418 0.04891838236056188
55 0.01681233832159322 0.04966203631034415
56 0.0166321374856226 0.05058957256279405
57 0.01650138737791826 0.051141255555993
58 0.01632582559002253 0.05222195940817358
59 0.01621452530083227 0.05268129926769735
60 0.01606373859060886 0.05371016698690011
61 0.01595237351007801 0.05431745238737967
62 0.01583195156872177 0.05514262159819573
63 0.01571846311820327 0.05589113272708759
64 0.01562068237122438 0.05656512676413274
65 0.01550897193267202 0.0574109696709036
66 0.01542400860671733 0.05801296600391695
67 0.01532155452993229 0.05884094000687268
68 0.01524137190092678 0.0594562119384353
69 0.01515087461951001 0.0601512642403734
70 0.01507201645660797 0.06082214450491139
71 0.01499419133661442 0.06150683771314814
72 0.01491635634700588 0.06219934720531834
73 0.01484901489305307 0.06277814671768228
74 0.0147757141247203 0.06345318563920835
75 0.01471359287266992 0.06403594097763039
76 0.01464757747793263 0.06468956856171572
77 0.01459140692342481 0.0652527797609076
78 0.01453623684895803 0.06586514965202227
79 0.01448252814312651 0.06642201355193059
80 0.01443485890196347 0.0669942289733638
81 0.01438695030064394 0.06759934187397049
82 0.01434627921008878 0.06816422266926382
83 0.01430431017916788 0.06871372850639755
84 0.01427137721722824 0.06923156510320951
85 0.01423715344946603 0.06978481785588997
86 0.01420885448067526 0.07030803400396972
87 0.01418175238892492 0.07083939005532279
88 0.01415818920476078 0.07135918920665714
89 0.01413610404372373 0.07188060570149291
90 0.01411860196191819 0.07240850329199017
91 0.01410343235289953 0.0728627642529535
92 0.01409070733411901 0.07337197527533783
93 0.01408009945305313 0.07383396200073826
94 0.01407197103638808 0.07432187017869452
95 0.01406493719220255 0.07478015153178603
96 0.01406152971629008 0.07524143992651527
97 0.01405788089088796 0.07568776993592664
98 0.01405779806664635 0.07614000994953951
99 0.01405741753992254 0.07656199608640619
100 0.01406020004086402 0.07700040686384742
101 0.01406243502013852 0.07740926042823393
102 0.01406825216947697 0.07782644810118237
103 0.0140724588393651 0.078215783834511
104 0.01408048408263454 0.07861374493432867
105 0.01408679349317285 0.07899636989335238
106 0.01409589971719877 0.07937502389300083
107 0.01410413421000265 0.07974095313245441
108 0.01411406911993183 0.08010312055336746
109 0.01412399114861447 0.08045069391305941
110 0.01413481208761203 0.08079421104659401
111 0.0141458586450052 0.08112763573062635
112 0.01415757328014054 0.08145252262590584
113 0.01416920523846223 0.08176714843340389
114 0.01418134619582682 0.08207679260903911
115 0.01419373657422258 0.08237495397844592
116 0.01420562677158762 0.08266966373304264
117 0.01421825596122053 0.08295363479185354
118 0.01423050653417317 0.0832347383542741
119 0.01424314587816919 0.08350272869355334
120 0.01425572438358245 0.08376233529094075
121 0.01426835351482942 0.08401360412929056
122 0.01428060946665698 0.08425986539396181
123 0.01429310057732674 0.08449668192014588
124 0.0143050082566246 0.08472734295845255
125 0.01431720092900021 0.08494922544190864
126 0.01432883182069264 0.08516766398300978
127 0.01434060538111621 0.08537570638410626
128 0.01435199926310379 0.08557671219076428
129 0.01436332897002781 0.08576787763468911
130 0.01437423183369308 0.08595896923933602
131 0.01438501543331764 0.08613978709755629
132 0.01439562904679145 0.08631349662475292
133 0.01440575448067902 0.08647935110793445
134 0.01441562122349661 0.08664358587142018
135 0.01442530641770167 0.08679700708773458
136 0.0144347664771019 0.08694532608614486
137 0.01444391471061307 0.08708608475653036
138 0.01445267151303512 0.08722444925725198
139 0.01446128464073622 0.08735394451426613
140 0.01446934392492131 0.08747842304098942
141 0.01447738188798148 0.08759734657747043
142 0.01448498074917933 0.08770975411277836
143 0.01449235706573983 0.08781876898483844
144 0.01449937896267901 0.0879211390502574
145 0.01450609219156334 0.0880183820275673
146 0.01451251898518308 0.08811141796282562
147 0.01451872200262545 0.08819806337134392
148 0.01452469955181315 0.08827995017270947
149 0.01453049481169188 0.08835612239197797
150 0.01453584739144656 0.0884280771726999
151 0.01454087365388867 0.0884980638329193
152 0.01454574064944332 0.08856089667232234
153 0.01455036736929993 0.08861921051863784
154 0.01455476126248757 0.08867395560753981
155 0.0145589190017818 0.08872457868703822
156 0.01456283607319419 0.08877100329164503
157 0.0145665428684548 0.08881369782040856
158 0.01456976363174804 0.08885325883732142
159 0.01457350456149912 0.08888629485828466
160 0.01457620145094003 0.08891725867534728
161 0.01457918295172602 0.08894477805951893
162 0.01458171725837405 0.08896918569363134
163 0.01458427316449325 0.08899006836298716
164 0.01458615063255712 0.08900882060985806
165 0.01458882930043213 0.08902154132493298
166 0.01459004060304574 0.08903343252254149
167 0.01459257749860019 0.08904063895761836
168 0.01459338722485378 0.0890469452536706
169 0.01459567370340866 0.08904808231556069
170 0.01459607327437053 0.08904935523357964
171 0.01459809716447019 0.08904441376063189
172 0.01459814282640114 0.08904144777072028
173 0.01459991126338538 0.0890307088972174
174 0.01459977366021211 0.08902293911059748
175 0.01460121129605716 0.0890075745129503
176 0.0146008394737238 0.08899562319733607
177 0.01460172475752945 0.08897907376586038
178 0.01460185764076307 0.08895508062594978
179 0.01460190946954787 0.08893823641247846
180 0.01460181529238023 0.08891656744514276
181 0.01460205064856132 0.08888669719207141
182 0.01460151150378764 0.08886416213045867
183 0.01460138165592308 0.0888364614827742
184 0.01460116835214687 0.08880109572550242
185 0.01460046646467976 0.08877444487105837
186 0.01460001165420753 0.08874102024247416
187 0.01459952308579895 0.08870170454429112
188 0.01459851803391472 0.08867203354919721
189 0.0145977944788715 0.0886345738964707
190 0.01459720634208113 0.08859000160161891
191 0.01459604562492307 0.08855532251096955
192 0.01459503485898457 0.08851515184005561
193 0.01459390338060747 0.08847246772462025
194 0.01459294498932715 0.08842773574795007
195 0.01459195076300704 0.08837924645442222
196 0.01459044183965834 0.08833975360894063
197 0.01458920760053363 0.08829313635202589
198 0.01458792561703178 0.08824208695040126
199 0.01458637869915722 0.08819951122901254
200 0.01458503331662995 0.08814714116878294
201 0.01458337584032386 0.08810190159804597
202 0.01458191099044378 0.08805064137323708
203 0.01458039730982543 0.08799553436313394
204 0.01457876888248181 0.08794550316747207
205 0.01457696356683843 0.0878973788881152
206 0.01457534349409413 0.08784070170920856
207 0.01457349131446457 0.08779086912390843
208 0.01457174724263848 0.08773629337014359
209 0.01456999616999496 0.08767807113184291
210 0.01456807203912047 0.08762763969987543
211 0.01456625928994072 0.0875687541518004
212 0.01456424410293533 0.087517037107638
213 0.0145623037434349 0.08746073251795687
214 0.0145604020934823 0.08740010006584437
215 0.0145583915399189 0.08734696907071014
216 0.01455639318628578 0.08728718520477935
217 0.01455427484637736 0.08723323774498012
218 0.0145521885381866 0.08717552051914527
219 0.01455010624538255 0.08711643630551556
220 0.01454814980118181 0.08705365452807287
221 0.01454592640645366 0.08700008621747823
222 0.01454383826379866 0.08693781490711641
223 0.01454157248926018 0.08688351671050684
224 0.01453946653164491 0.08682037033683221
225 0.01453723661875457 0.08676454070233607
226 0.01453506670137175 0.08670171564430021
227 0.01453284401036832 0.08664298791463278
228 0.01453061238597329 0.08658370294483564
229 0.01452833248735743 0.08652669367656593
230 0.0145260385715948 0.08646611438554423
231 0.0145238887137628 0.08640125629040639
232 0.01452160633091677 0.08634492668206185
233 0.01451933533047314 0.08628145034324118
234 0.01451701857075373 0.0862253664591305
235 0.01451473082352829 0.08616097802922489
236 0.0145124674719244 0.0861017168901184
237 0.01451017713063486 0.08604098682990248
238 0.01450787082199803 0.08598238317188849
239 0.01450551464076712 0.08591950225007376
240 0.0145032364507466 0.08586133590742479
241 0.01450085396394506 0.0858004935823985
242 0.01449862888166806 0.0857356000213805
243 0.01449630886290065 0.08567842287538259
244 0.01449400738203669 0.08561439916737983
245 0.01449166935190413 0.08555707299546876
246 0.01448935597426731 0.08549352396068105
247 0.01448706583266595 0.08543352643339423
248 0.01448474203501642 0.08537277077097145
249 0.01448243153043529 0.08531385904815322
250 0.01448011817976114 0.08525017229715237
251 0.01447787606329919 0.08518976756335135
252 0.01447550925377063 0.08513161328817992
253 0.01447322972617116 0.08506767498094225
254 0.01447093980704187 0.08500999132664507
255 0.01446866602084958 0.08494519962067353
256 0.01446643999298528 0.08488523659729706
257 0.01446414028350904 0.08482513522805533
258 0.01446188384339492 0.08476441297445945
259 0.01445960172437315 0.08470391548096641
260 0.01445736077888268 0.08464321762984862
261 0.01445509636451418 0.08458262541418737
262 0.01445286839182865 0.0845220290917759
263 0.01445063408432169 0.08446166579874394
264 0.01444842526843562 0.08440069522684568
265 0.01444619378951149 0.08433988470446617
266 0.01444400218260181 0.08427933057592439
267 0.0144418006885732 0.08421899573406789
268 0.01443962351118197 0.08415844834556639
269 0.01443745031815668 0.08409785921967237
270 0.0144352636479184 0.08403767722047764
271 0.01443310667888926 0.08397724337810335
272 0.01443096075470818 0.08391690287460349
273 0.01442882633075796 0.08385655460179882
274 0.0144266920216947 0.08379622511960853
275 0.01442457055154391 0.08373628732177743
276 0.01442247772237684 0.08367554057575302
277 0.01442036600145564 0.08361582527318746
278 0.01441826793330662 0.08355603938941163
279 0.01441617130236868 0.08349614355179985
280 0.01441413487916528 0.08343597818917736
281 0.01441208556095031 0.08337577644017956
282 0.0144100539789756 0.0833158802732166
283 0.01440800238977502 0.08325627069710745
284 0.01440598083739307 0.0831965074535999
285 0.01440396197222293 0.08313689767598553
286 0.01440196291048022 0.08307720917065482
287 0.0143999593911584 0.08301783027052453
288 0.01439799131915809 0.08295827688595894
289 0.01439603298228549 0.08289892954652391
290 0.01439407617481151 0.08283955969193416
291 0.01439213045852015 0.08278029016413183
292 0.01439019828616727 0.08272104120014291
293 0.01438827571184253 0.08266198729417225
294 0.01438636532083843 0.08260322044240896
295 0.01438445910372556 0.08254422373279725
296 0.01438257412046883 0.08248525559718088
297 0.01438069819055736 0.08242641964707717
298 0.01437883922640057 0.08236757261779733
299 0.01437697920089636 0.08230901455232628
300 0.01437514773107736 0.08225048451689798
301 0.009690212114320982 0.08561359616028505
302 0.01031615973714451 0.0862240599878572
303 0.009514114798174119 0.08626403578889001
304 0.009918462202877291 0.08582060754123681
305 0.009813211031835817 0.08503355639816015
306 0.01006132582899173 0.08450305417270386
307 0.01005364731880084 0.08409836114337069
308 0.01017086228454848 0.08392053068665267
309 0.01016661787295088 0.08374265806756027
310 0.0102006252368873 0.08379449235946584
311 0.01018898309840929 0.08364449329170126
312 0.01018803366542789 0.08367516570000043
313 0.0101756747173099 0.0835086503102314
314 0.01016299593031369 0.08346882847821371
315 0.01015269969273549 0.08337551413058134
316 0.01014099591410947 0.08326910348707911
317 0.01013355274750554 0.0832647509700986
318 0.01012381553582775 0.08315626635545224
319 0.01011863090889647 0.08316730948996806
320 0.01011087247642211 0.08309776184745854
321 0.0101064585567498 0.08307059024793841
322 0.01009956150134453 0.08304877273192954
323 0.01009400305401034 0.08300117253104913
324 0.01008815708131284 0.08298993233563783
325 0.01008095515861191 0.08293655862204934
326 0.01007520408925225 0.08292092774995624
327 0.01006821963916854 0.08286215559348963
328 0.01006101901212163 0.08283905376771286
329 0.01005568592841897 0.08279854480328157
330 0.01004904818795759 0.08274271234519767
331 0.01004331882058336 0.08271898716990442
332 0.01003782989677298 0.0826568750145788
333 0.01003216972544609 0.08263034266851656
334 0.01002740059383255 0.08257732990833906
335 0.01002260994082549 0.08253635751746852
336 0.01001856954957266 0.08248968799563902
337 0.01001500104028711 0.08243595755150832
338 0.01001216738029214 0.08239364550642057
339 0.01000963584415676 0.08233491005124591
340 0.01000772027020877 0.08228371373322836
341 0.01000606319252925 0.08222345162437725
342 0.01000535367610332 0.08216062112524748
343 0.01000447193714854 0.08210387637734266
344 0.01000446650846958 0.08203451321534812
345 0.01000441030627508 0.08197073923213218
346 0.01000456318508683 0.08189643653790486
347 0.01000489270229319 0.08183064764278028
348 0.01000492744839287 0.08175841184632884
349 0.01000518954822575 0.08168642185845228
350 0.01000514263892686 0.0816076777070886
351 0.01000524464336991 0.08152733816126595
352 0.01000483629187935 0.08145225459679244
353 0.0100043029999825 0.08136976628386926
354 0.01000359168470845 0.08128938393573677
355 0.01000235379033865 0.08120983019297215
356 0.01000114453077059 0.08112791379233741
357 0.009999489686310436 0.08104662191543593
358 0.009997912605301766 0.08095694111343683
359 0.009995923901052976 0.08087532415798755
360 0.009993888087877038 0.0807860297887385
361 0.009991755504388607 0.08069992921161764
362 0.009989544429586838 0.08060910401613855
363 0.009987324956977512 0.08052541034550389
364 0.0099850314154659 0.08043311352029552
365 0.009982828910842054 0.08034443668130128
366 0.00998065673665245 0.08024793733556219
367 0.009978616000867326 0.08015518724897093
368 0.009976567398528674 0.08006290252567723
369 0.009974678319036454 0.07996737582197487
370 0.009972862572858237 0.07987131929532605
371 0.009971096191091867 0.07977392138493138
372 0.009969501684864534 0.07967512118503824
373 0.009968066994418571 0.07957573848672968
374 0.009966765320188725 0.07947434634805293
375 0.009965483965408339 0.07937402513155081
376 0.009964366651256469 0.07927147421456222
377 0.00996334556373907 0.0791694656159444
378 0.009962415199207509 0.07906598069329961
379 0.009961623146868676 0.07896124628407945
380 0.009960889727966719 0.07886027570370222
381 0.009960221809759447 0.07875374269116232
382 0.009959682661051785 0.07864865042647674
383 0.009959249593682145 0.07854562389294442
384 0.009958799289809486 0.07843731820883643
385 0.00995852284343586 0.07833491626906208
386 0.009958199864549806 0.07822889779207104
387 0.009958052820180568 0.07812310686070394
388 0.009957909475357461 0.07801709192711394
389 0.009957821981922615 0.07791088733489353
390 0.009957800532622423 0.07780712862692965
391 0.009957764459612899 0.07770167230022978
392 0.009957809228591054 0.07759544136544148
393 0.009957913877598026 0.07749089883745275
394 0.00995798404570436 0.07738620298235682
395 0.009958153495776464 0.07728316572661074
396 0.009958307250380997 0.07717688642899076
397 0.009958514595497032 0.07707738093589563
398 0.009958712038337257 0.07696677117777209
399 0.009959087831709811 0.07686555836173845
400 0.009959298513717595 0.07676064038698346
401 0.00995962747844743 0.07665949047297715
402 0.009959885180332865 0.07655782009113071
403 0.009960248223796542 0.07645413166415996
404 0.009960610495098573 0.07635245885299256
405 0.009960968072772485 0.07625126453556211
406 0.009961335006154199 0.07615034104756979
407 0.009961728481256177 0.07605119024027733
408 0.009962100893429252 0.07594895854811538
409 0.009962555646683486 0.07585067983771636
410 0.009962949904144178 0.07574887063066701
411 0.009963421977192429 0.07565328380226308
412 0.009963796533284918 0.07555061580192382
413 0.009964336513739087 0.0754565333322148
414 0.009964684903026273 0.07535507565923487
415 0.009965254178971206 0.07526189211115158
416 0.009965586517850082 0.07516172245573803
417 0.009966182063597697 0.07506924540908753
418 0.00996653677364847 0.0749703464088166
419 0.009967145506939388 0.07487859537894954
420 0.009967504059886228 0.07478091111619573
421 0.009968074061766993 0.07469022656528621
422 0.009968432025708348 0.07459405044443587
423 0.009969007597624955 0.07450411049296445
424 0.009969377868259389 0.07440938549486763
425 0.00996993260092631 0.07432046932016101
426 0.009970335209942447 0.0742256951953186
427 0.009970899003150967 0.07413655554802845
428 0.009971268712502743 0.07405114272182381
429 0.009971725371598378 0.07395755158847224
430 0.009972220264057337 0.07386969384445788
431 0.00997265816471235 0.07378587095735084
432 0.009973040349171309 0.07369387870073567
433 0.009973574765923882 0.07360821547196898
434 0.009973951512691653 0.07352531092986837
435 0.009974351897273043 0.07343716131470794
436 0.009974814044185872 0.07335274797691403
437 0.009975212348556981 0.07326965982945249
438 0.009975606412754735 0.07318660172372385
439 0.009975996132662058 0.07310520413778436
440 0.00997636178006338 0.07302201595937598
441 0.009976741278334672 0.07294124390492225
442 0.009977118205288531 0.07286101249977996
443 0.009977459631593726 0.07278140587855809
444 0.00997780712720304 0.07270250683198966
445 0.009978128076905806 0.07262420710640037
446 0.009978466169722 0.07254687312372184
447 0.009978761128214934 0.07246994274874513
448 0.009979059047590173 0.07239380622201577
449 0.009979338304270445 0.07231839666982735
450 0.009979611649237529 0.07224373194702077
451 0.009979869337674578 0.07216983739663185
452 0.009980105917498988 0.07209663543629159
453 0.009980337559398469 0.07202423180547506
454 0.009980545652427236 0.0719524008241558
455 0.009980756281516281 0.07188152710739233
456 0.009980926147565265 0.07181108524245811
457 0.009981134015429317 0.07174178674189162
458 0.009981276760939682 0.07167303409643332
459 0.00998143556271797 0.07160511581333318
460 0.00998155600049561 0.07153780503308162
461 0.009981681086788251 0.07147134203467845
462 0.009981776379260482 0.07140549886281511
463 0.009981873185346442 0.07133979178587201
464 0.009981954886967683 0.07127644508549145
465 0.009981984326227348 0.07121298220602486
466 0.009982043186791746 0.07114986841485249
467 0.00998207135325942 0.07108706254002876
468 0.009982106500578866 0.07102660406107511
469 0.009982073121814797 0.07096533156262524
470 0.009982093238877056 0.07090620394542785
471 0.009982022028922108 0.07084629497374056
472 0.009982009995580778 0.07078867001102165
473 0.009981923754379333 0.07073018039984931
474 0.009981898151684291 0.07067323595062473
475 0.009981782999521845 0.07061657165281518
476 0.00998171056093681 0.07056189308165062
477 0.009981555939058537 0.07050655061990123
478 0.009981464773003712 0.07045298188504764
479 0.009981284739412826 0.07039892150157359
480 0.009981169847321105 0.07034675073640945
481 0.00998096299805901 0.07029412967343109
482 0.009980819793129611 0.07024328363324459
483 0.009980587545022445 0.07019202433104722
484 0.009980421353261233 0.07014211488479025
485 0.009980171402816812 0.07009292244146836
486 0.009979956831486074 0.07004425331061717
487 0.009979696590601802 0.06999632861013802
488 0.00997945046852843 0.06994888921619709
489 0.00997917494600682 0.06990226019435175
490 0.009978928391355823 0.06985670575277748
491 0.009978575610309555 0.06981029555107915
492 0.009978309238571396 0.06976562167738071
493 0.009977989845527195 0.06972174642470769
494 0.009977695699183315 0.06967869739051268
495 0.009977302447243937 0.06963482149745763
496 0.009977017825756532 0.06959338240841365
497 0.009976600002554823 0.06955046906177931
498 0.009976307363700157 0.06951047172147419
499 0.009975855562400725 0.06946898903760124
500 0.009975524654809872 0.06942865428464508
501 0.009975124744396125 0.06938980411800094
502 0.009974749749099149 0.06935169141130597
503 0.009974274038783697 0.06931246912270574
504 0.009973897755098981 0.06927459088235055
505 0.009973462445131398 0.06923760543962001
506 0.009973071054147863 0.06920148485812808
507 0.009972557770213612 0.069164380128137
508 0.009972180787607926 0.06912897851131021
509 0.009971668074783962 0.06909284973229329
510 0.00997127402286133 0.0690588966416104
511 0.009970742924914917 0.06902373693222826
512 0.009970335816795572 0.06899090260659034
513 0.009969790612159692 0.0689565727538772
514 0.009969376280596487 0.0689240864787091
515 0.009968833968014451 0.0688915014144509
516 0.009968384766504588 0.06886044679761145
517 0.009967825108298491 0.06882809757943514
518 0.009967386249867007 0.06879642657947797
519 0.009966850680094643 0.06876602835041046
520 0.009966364375557773 0.0687356865249301
521 0.009965823903104782 0.06870591098039647
522 0.009965328359251747 0.06867611817108359
523 0.009964794207358199 0.06864694519438919
524 0.009964289214274932 0.0686186419775951
525 0.009963733292415686 0.06858924423317489
526 0.009963250469656366 0.06856129160852042
527 0.009962691835030697 0.06853337696545518
528 0.009962187132906303 0.06850668733059842
529 0.009961612701708719 0.06847884196254919
530 0.009961122521276141 0.06845164703834662
531 0.009960572320002626 0.0684258184472582
532 0.009960033873963233 0.06839881091803869
533 0.00995951450877597 0.06837296829662182
534 0.009958974265644885 0.06834749165915531
535 0.009958434756784621 0.06832180594619038
536 0.009957907612729397 0.06829692939068667
537 0.009957359217059173 0.06827151646632686
538 0.009956846873885055 0.068247351243426
539 0.009956293519776815 0.06822257374042792
540 0.009955773432633274 0.06819892093206159
541 0.009955226952391994 0.06817435517155113
542 0.009954697542143578 0.06814987273238128
543 0.009954198534424105 0.06812673806404673
544 0.009953669319025379 0.06810338095268462
545 0.009953142224908494 0.0680801631701335
546 0.009952612045211381 0.06805778790888048
547 0.009952084911343063 0.06803390387246205
548 0.009951585015276024 0.06801168837061228
549 0.009951065059892763 0.06798895613897339
550 0.009950554241265345 0.06796720644564599
551 0.009950037722486052 0.06794414852521567
552 0.009949547323940242 0.06792265422729168
553 0.009949034140058953 0.06790006046681764
554 0.009948549777326923 0.06787878955859372
555 0.009948042390365119 0.06785659784826309
556 0.009947563270462064 0.06783544593965049
557 0.009947067273822099 0.06781363463287912
558 0.009946589529567151 0.06779207159586983
559 0.009946119811441917 0.06777118042085206
560 0.00994562824080444 0.06774993870940424
561 0.009945174487384887 0.06772894491806207
562 0.009944690614776526 0.06770808215161973
563 0.009944245630876015 0.06768688641111976
564 0.009943777006367649 0.06766642764132241
565 0.009943333966002494 0.0676452147329021
566 0.009942882904485684 0.06762541891308041
567 0.009942432737468421 0.06760396070183985
568 0.009942003300469746 0.06758342490353024
569 0.009941580025894382 0.06756289280280284
570 0.009941140039009748 0.067542583820765
571 0.00994073119938069 0.06752197624813581
572 0.009940302397085049 0.06750237761357934
573 0.009939889245202092 0.06748179354740452
574 0.009939482834127811 0.0674605654862139
575 0.009939093409772276 0.06744142118840996
576 0.0099386880851775 0.0674206178941371
577 0.009938296192781049 0.06740109717194015
578 0.009937915557194161 0.06738030998522665
579 0.009937529616533351 0.06736072465059564
580 0.009937165290428924 0.06733994699557258
581 0.009936789984403831 0.06732050112023091
582 0.0099364319160737 0.06730054322239606
583 0.009936062913431128 0.06727963065000257
584 0.009935727566600043 0.06726064190961208
585 0.009935361030879377 0.06724074370911513
586 0.009935023769768151 0.06721986263057868
587 0.009934693896227682 0.06720063264174576
588 0.009934360929132193 0.06717996065648889
589 0.009934038303730082 0.06716064178765972
590 0.00993371724357793 0.06714028783841092
591 0.009933397174942939 0.06712146415581474
592 0.009933083329951867 0.06710015836990309
593 0.009932791854987535 0.06708140686128927
594 0.009932481645772047 0.06706032176758382
595 0.00993220195994356 0.06704122733122762
596 0.009931902291242529 0.06702175183303312
597 0.009931610485151562 0.06700135234354665
598 0.00993135219054524 0.06698065359814333
599 0.009931079870549952 0.06696183796773937
600 0.009930804022857485 0.06694164962907648
601 0.009930537174568529 0.0669221421203576
602 0.009930286604631597 0.06690179491902935
603 0.00993003031384402 0.06688247608347281
604 0.009929785120669462 0.06686233792082452
605 0.00992953360503975 0.06684347048302829
606 0.009929295526565251 0.0668223888830216
607 0.0099290713081644 0.06680363084951972
608 0.009928833840039133 0.06678262735115055
609 0.009928623272314422 0.06676405001548812
610 0.009928388882032164 0.06674343392055788
611 0.00992818312506097 0.06672497517849849
612 0.009927954967110138 0.06670395542472435
613 0.009927770543990327 0.06668506520647724
614 0.009927553586927641 0.06666500197339349
615 0.009927358924420638 0.06664585850832529
616 0.00992716387703528 0.06662568213820366
617 0.009926974971603931 0.06660651915138305
618 0.009926791956702695 0.06658631887797689
619 0.009926609179520597 0.06656738603470679
620 0.009926431400800313 0.06654741097113651
621 0.009926252125314566 0.06652903116205662
622 0.00992607492968684 0.0665082310638891
623 0.009925922675369153 0.06648992532487706
624 0.009925744754157393 0.06646933294856711
625 0.009925602511051882 0.06645115182958315
626 0.00992542551249616 0.06643075283098474
627 0.00992529081202073 0.06641221710463413
628 0.00992512818225544 0.06639267838348004
629 0.009924980457406533 0.06637405400429033
630 0.009924837556242695 0.0663542373721429
631 0.009924694905995863 0.06633577318090875
632 0.009924558562407352 0.06631611620582328
633 0.009924420450643285 0.06629765887109158
634 0.009924290809209032 0.06627825554456634
635 0.009924154515187284 0.06625989657049988
636 0.00992403134266086 0.06624034154716837
637 0.00992390606199145 0.0662222499156974
638 0.009923780194139786 0.06620327337697041
639 0.009923652865926709 0.06618511876910602
640 0.009923539457094673 0.06616594174676854
641 0.009923418945728051 0.06614781390122075
642 0.009923310256213782 0.06612914492701134
643 0.009923187118436181 0.06611117831052932
644 0.009923085270173104 0.06609246899599902
645 0.009922964740773968 0.06607472793292087
646 0.009922867263774754 0.06605603131030656
647 0.009922752649387313 0.06603860315262132
648 0.009922653953448065 0.06601999130189055
649 0.00992254672407749 0.06600262537496954
650 0.009922446450377053 0.06598447993687818
651 0.009922341750149383 0.06596714258604716
652 0.009922245091891834 0.06594929436025117
653 0.009922139507973396 0.06593195349498475
654 0.009922051418990174 0.06591433921609097
655 0.009921942587666986 0.06589737984119484
656 0.009921857471015689 0.06587957580624164
657 0.009921754857827274 0.06586305312617163
658 0.009921666758875571 0.06584539808456943
659 0.009921566829079362 0.06582911974653395
660 0.009921476460453504 0.06581168254908253
661 0.009921383343574352 0.06579480089595414
662 0.009921301019939844 0.06577867997718713
663 0.009921190932141151 0.06576248350362961
664 0.009921107434899249 0.06574583611556277
665 0.009921004049081745 0.06572977031932203
666 0.009920928649464238 0.06571287704990619
667 0.00992083288616033 0.06569746752767516
668 0.009920742884323177 0.06568116453789062
669 0.00992064506445625 0.06566583958132585
670 0.009920559134089702 0.0656495242049375
671 0.009920466095412644 0.06563417623252663
672 0.0099203828045255 0.06561861070057447
673 0.009920277764845184 0.06560346255260793
674 0.009920199467383302 0.06558818718003534
675 0.009920089487992974 0.06557349717958809
676 0.009920009317273789 0.06555779018593827
677 0.009919914283380611 0.06554350827884052
678 0.009919820944070915 0.06552848300795772
679 0.009919721516023095 0.06551434694396271
680 0.009919630427469262 0.06549931600520972
681 0.009919535249304622 0.06548522988764366
682 0.009919444646329396 0.06547092119346148
683 0.009919337902202268 0.0654570482244935
684 0.00991925061947907 0.06544305537352225
685 0.009919138496068357 0.06542963458880055
686 0.009919048388160965 0.06541529062249152
687 0.009918949064996041 0.06540227843675264
688 0.009918846203751318 0.06538844612879714
689 0.009918745619738822 0.06537578156516975
690 0.009918637196765048 0.06536218959293033
691 0.009918537401753334 0.06534936555738158
692 0.009918436012396557 0.06533637936686817
693 0.009918323091237469 0.06532385741274359
694 0.009918223823013909 0.06531106027655524
695 0.009918109208349825 0.06529900823538103
696 0.009918001458758768 0.06528635329239291
697 0.009917889962419695 0.06527461170064386
698 0.009917777321978096 0.06526203961625829
699 0.009917669527779678 0.06525067385634108
700 0.009917551141098206 0.06523892013412187
701 0.009917431089565696 0.06522696060913907
702 0.009917322100140402 0.06521522977370983
703 0.00991720445306327 0.06520429823499677
704 0.009917087148767295 0.06519334957953681
705 0.009916952168433571 0.06518203352672645
706 0.009916841351250238 0.06517065593357731
707 0.009916720872780675 0.06516026864427227
708 0.009916597580809761 0.06514987034987725
709 0.009916457512982518 0.0651394695984655
710 0.00991633482209598 0.06512879154923018
711 0.009916206934638827 0.06511833283098484
712 0.009916085106728097 0.06510835681758953
713 0.009915944353646972 0.0650985964331476
714 0.009915812121038712 0.06508857302017419
715 0.009915677966188721 0.06507871416635197
716 0.009915549060747009 0.06506925968067261
717 0.009915403444286602 0.06505976250900461
718 0.009915272870027988 0.06505053701921712
719 0.009915123693959575 0.0650412739594237
720 0.009914991800881625 0.06503229463182414
721 0.009914838988044617 0.0650233312680847
722 0.009914704102028557 0.06501460209288404
723 0.009914548646523524 0.06500588352205848
724 0.009914411448971793 0.06499737333928074
725 0.009914253834321027 0.06498886905826377
726 0.009914114505637561 0.0649806132133923
727 0.009913953716161912 0.06497237079711264
728 0.009913811657177815 0.06496436342635714
729 0.009913647997189431 0.06495640474526219
730 0.00991350228182771 0.06494864249170676
731 0.009913336103209911 0.06494094649300065
732 0.009913187313789162 0.06493339903745853
733 0.009913019746208382 0.06492590311818096
734 0.00991286854479354 0.06491856377461587
735 0.00991269928908692 0.06491129205220517
736 0.009912545099042191 0.06490419539694846
737 0.009912373358539072 0.06489716509298371
738 0.009912216221939054 0.06489030049344886
739 0.009912043270658592 0.0648836496224767
740 0.009911877711600786 0.06487683659731211
741 0.009911707726746153 0.06487022036504812
742 0.00991154399589134 0.06486378824149718
743 0.009911368451867537 0.06485757048134519
744 0.009911197012222829 0.064851146869067
745 0.009911025427937653 0.06484507852821617
746 0.009910851344195419 0.06483890549572063
747 0.009910677681614265 0.06483305526020416
748 0.009910500593190492 0.06482711213000013
749 0.009910324692225634 0.064821467766206
750 0.00991014548202902 0.06481570793834258
751 0.009909968205197276 0.06481022756258084
752 0.009909787625063437 0.06480462848779457
753 0.009909609137477824 0.0647993269621211
754 0.009909426752794286 0.06479391787217262
755 0.009909247855327576 0.06478892790736164
756 0.009909057848821418 0.06478349998465732
757 0.009908884341671339 0.06477874487699865
758 0.009908689233725719 0.06477349969938238
759 0.00990851475642841 0.06476878998065262
760 0.009908322325451665 0.06476388014615957
761 0.009908142950544747 0.06475939983903557
762 0.009907946040876038 0.0647544585574425
763 0.009907770477386937 0.06475015231816113
764 0.009907571125335617 0.06474537306983498
765 0.009907395262550243 0.06474122281944168
766 0.009907193919616078 0.06473661612363592
767 0.009907017037401622 0.06473262406553788
768 0.009906814272063361 0.06472813437644227
769 0.00990663730668628 0.06472425764793963
770 0.009906434241869749 0.06471991071951762
771 0.009906255107601498 0.06471612332265032
772 0.009906047732522407 0.0647117126939131
773 0.009905878293131127 0.06470833828422215
774 0.009905667859778073 0.06470416387632559
775 0.009905486089681765 0.06470061356566439
776 0.009905295355010647 0.06469694165917567
777 0.009905103620132825 0.06469332241413249
778 0.009904898774032556 0.06468927540711493
779 0.009904722738871328 0.06468615384686031
780 0.009904521676083891 0.06468245450507042
781 0.009904328509215972 0.06467900034757348
782 0.009904138529232345 0.06467561049809722
783 0.009903761209719069 0.0646716122228463
784 0.00990368713070711 0.06466887046891982
785 0.009903357567348918 0.06466502150510403
786 0.00990329358107875 0.06466221274981659
787 0.009902969687218224 0.06465871999708936
788 0.009902899956548899 0.06465607982114706
789 0.00990257467173981 0.06465246616139886
790 0.009902322435597863 0.06464890299041033
791 0.009902112887474583 0.06464624451029853
792 0.00990191107559975 0.06464316761400579
793 0.009901712105399122 0.06464034727772688
794 0.009901517163253911 0.0646374542346127
795 0.00990130706783884 0.06463454410444863
796 0.009901114176639761 0.0646316469349342
797 0.009900901548658454 0.06462879128374838
798 0.009900711898725502 0.06462599098978886
799 0.009900499260139986 0.06462316136408397
800 0.009900311917804903 0.06462050991465319
801 0.009900100807090292 0.06461771848624936
802 0.009899913414640851 0.06461506323538231
803 0.009899705410295355 0.06461236603765902
804 0.0098995177513266 0.06460972962016033
805 0.009899311016726203 0.06460706959451976
806 0.00989912396596223 0.06460446354751619
807 0.009898923123806896 0.06460195808235647
808 0.009898729096295151 0.06459918759600353
809 0.00989853296618569 0.06459673880878147
810 0.009898340959573653 0.0645940300723256
811 0.009898147229802808 0.06459162590126251
812 0.009897955980360687 0.06458894620822135
813 0.00989776394003374 0.06458656809595156
814 0.009897575974464891 0.06458396871062692
815 0.009897380550018748 0.06458150611313024
816 0.009897198156560925 0.06457894010273757
817 0.009896999726493402 0.06457640212802072
818 0.009896824649985951 0.06457393991093098
819 0.009896631933559805 0.06457158262042523
820 0.009896452518963213 0.06456905757338616
821 0.009896258232891636 0.06456651588301567
822 0.009896085374902079 0.06456404471537039
823 0.009895899019489637 0.06456170828330887
824 0.009895720221804148 0.06455915798199055
825 0.009895532877313628 0.06455674030113674
826 0.009895359780402511 0.06455419963933468
827 0.009895175197506248 0.06455179885307376
828 0.00989500264811183 0.06454919445034753
829 0.009894824635135267 0.06454689618424005
830 0.00989465297702714 0.06454435678420475
831 0.009894472651243363 0.06454195207716687
832 0.009894305736670526 0.06453940107772474
833 0.009894127471178602 0.0645369898596769
834 0.009893963045232801 0.0645344260777507
835 0.009893787256271915 0.06453201171029131
836 0.009893624885316621 0.06452944304654651
837 0.009893451518287315 0.06452702150927885
838 0.009893291416599035 0.06452444629899347
839 0.009893120233192833 0.06452201240232533
840 0.00989296233143796 0.06451942180729754
841 0.009892793712952635 0.06451696994701642
842 0.009892638221522932 0.06451435779502687
843 0.009892471996999851 0.06451188882816339
844 0.009892319063748826 0.06450925969576629
845 0.009892155264466917 0.06450677647888158
846 0.009892002978749054 0.06450406196341758
847 0.009891846105509923 0.06450165989593089
848 0.009891694952487021 0.06449899970868161
849 0.009891536526140542 0.06449647084626944
850 0.009891390381912968 0.06449377683106004
851 0.009891234469153317 0.06449122598957845
852 0.009891091173860878 0.06448851089894594
853 0.009890937763101151 0.06448594736771794
854 0.009890795180035631 0.06448314877718672
855 0.009890648459581486 0.06448066615540245
856 0.009890505252353077 0.06447785486274761
857 0.009890361397614265 0.06447534234392908
858 0.00989022162356285 0.06447255773570688
859 0.009890076566283398 0.06446990807283201
860 0.009889941100281631 0.06446702741644457
861 0.009889802187653394 0.06446446125646238
862 0.0098896666032688 0.06446157616286755
863 0.009889530313739554 0.06445899542670468
864 0.009889396315461913 0.06445607508845641
865 0.009889263095281665 0.06445347159941306
866 0.009889131291238406 0.064450520736512
867 0.009889000722188778 0.06444788916912862
868 0.009888871394692777 0.06444491195201567
869 0.009888743281886662 0.06444225593747464
870 0.009888616435578848 0.06443926220507219
871 0.009888489673109652 0.06443651282637042
872 0.009888368021467631 0.06443358928819172
873 0.009888241732360871 0.06443085484700227
874 0.009888122050803571 0.06442789674894253
875 0.0098879985199235 0.06442519054476331
876 0.009887878988609641 0.06442210417410009
877 0.009887760078403833 0.06441935269044387
878 0.009887643055698605 0.06441626720555994
879 0.009887526538463283 0.06441351225564741
880 0.009887411258521417 0.06441042573251241
881 0.009887295995425842 0.06440758148203841
882 0.009887185686060352 0.06440457446531059
883 0.009887070241195351 0.06440174399472799
884 0.009886962150882646 0.064398698752304
885 0.009886849413047665 0.06439589927164251
886 0.009886741294829563 0.06439273076345062
887 0.009886633108131553 0.06438989426686767
888 0.009886527233765227 0.06438673870708371
889 0.009886420198243697 0.06438382711512883
890 0.009886318667910191 0.06438077053082149
891 0.009886211306446699 0.06437788774621304
892 0.009886111435164777 0.06437480426521726
893 0.009886006451847933 0.06437195777374267
894 0.009885906498213396 0.06436874774239316
895 0.009885805365937776 0.06436578207459033
896 0.00988571027063412 0.06436269087320179
897 0.009885608294805545 0.06435976497017643
898 0.009885514681123461 0.06435666568048556
899 0.009885414152325493 0.06435372483684706
900 0.009885322682614064 0.0643506172893413
901 0.009885223654404937 0.0643476631926687
902 0.009885134326292717 0.06434454511528191
903 0.009885036874874712 0.06434158046407153
904 0.009884949396492955 0.0643384654914521
905 0.009884853511920186 0.06433550552377224
906 0.009884767530398252 0.06433240136530544
907 0.00988467289926739 0.06432944911550656
908 0.009884588506930574 0.06432635218636622
909 0.009884495263341373 0.06432340377816774
910 0.009884412287360986 0.06432030445268967
911 0.009884320468044643 0.06431734979323873
912 0.009884239196941272 0.06431425861583639
913 0.009884149326677128 0.06431139761534448
914 0.009884066424156956 0.06430821670941733
915 0.009883979909270861 0.06430526506983497
916 0.009883900665578232 0.06430222151871426
917 0.00988381290250624 0.0642993314079488
918 0.009883734253295879 0.0642962893408172
919 0.009883647359303194 0.06429337895777104
920 0.009883570789238983 0.06429033953204648
921 0.00988348492522262 0.06428743921046008
922 0.009883409613126127 0.06428442147679704
923 0.009883324682680645 0.0642815480549655
924 0.0098832501554384 0.06427855843562073
925 0.009883165820773634 0.06427570929983487
926 0.009883092346574621 0.06427273847654026
927 0.009883008801114167 0.06426990295524569
928 0.009882936290034382 0.06426694763270593
929 0.00988285360345114 0.06426413035239051
930 0.009882782021534616 0.06426120598317406
931 0.009882699817443413 0.06425841918881832
932 0.009882628957954517 0.06425552625786345
933 0.009882547429026162 0.06425277716709703
934 0.009882476922664132 0.06424991506713226
935 0.009882395826207402 0.06424718864993734
936 0.009882326140847978 0.06424434799156686
937 0.009882245624032985 0.06424164529499786
938 0.009882176516668754 0.06423883876570738
939 0.009882183696811739 0.06423645957374624
940 0.00988206940510985 0.06423334485475223
941 0.009881966492449844 0.06423067346847612
942 0.009881886064856901 0.06422798417377357
943 0.009881806483326294 0.06422543685478238
944 0.009881738376279363 0.06422274859778546
945 0.009881745753626599 0.06422044995908274
946 0.009881635327504837 0.06421745345778011
947 0.009881535247024361 0.06421497240469934
948 0.009881452041737021 0.06421230058352521
949 0.00988137559390917 0.06420984891958975
950 0.009881307514884214 0.0642073022416724
951 0.00988131384542725 0.06420514274801999
952 0.009881203528352138 0.06420230212008475
953 0.009881104731570585 0.06419996398814101
954 0.009881021017944618 0.06419742302629582
955 0.009880945852554975 0.06419517145271361
956 0.009880874601740528 0.06419267109619126
957 0.009880801531980525 0.06419045292173572
958 0.009880730084559298 0.06418800392592323
959 0.009880655511542276 0.06418584059358053
960 0.009880582975252763 0.06418344465759582
961 0.009880507673778674 0.06418133143205428
962 0.009880434600528216 0.06417897899669163
963 0.009880359276909289 0.06417691424154434
964 0.009880285915574853 0.06417461562525234
965 0.009880210484531544 0.06417260699680936
966 0.009880136704725255 0.06417036837322437
967 0.009880060920585411 0.06416841722292421
968 0.00987998668659501 0.06416623800318998
969 0.009879910323886061 0.06416434275938337
970 0.0098798357251244 0.06416221529001469
971 0.009879758723036371 0.06416037076462984
972 0.009879683903676996 0.06415829806825493
973 0.009879606236869318 0.06415651133691523
974 0.009879531014038075 0.0641545013060946
975 0.009879452604627295 0.06415277615930867
976 0.009879376818791922 0.06415082929435222
977 0.009879297675632523 0.06414916644073085
978 0.009879221214009888 0.06414727813049421
979 0.009879141367524548 0.06414567469688605
980 0.009879064158820568 0.06414384437207614
981 0.00987898376231262 0.0641423015180245
982 0.009878905784217452 0.06414053482941558
983 0.009878824751243413 0.0641390551193525
984 0.009878745970610951 0.06413735411133763
985 0.009878664166267405 0.06413593887425481
986 0.009878584604594662 0.06413430117323579
987 0.009878503193253965 0.06413300160994743
988 0.009878419066861155 0.06413134278627226
989 0.009878340304426974 0.06413011586295993
990 0.009878254269085691 0.06412852128940476
991 0.009878175313360781 0.06412736021305462
992 0.009878087788846497 0.06412584106305524
993 0.009878008328665448 0.06412474892446522
994 0.009877919507273625 0.06412330062363371
995 0.009877839162049947 0.06412227108325938
996 0.00987775114507753 0.06412092184488781
997 0.009877665450696922 0.0641198872055397
998 0.00987757975375898 0.06411860870365708
999 0.009877491786635649 0.06411762934302175
1000 0.009877408507084452 0.06411647050192174
1001 0.009877317233533741 0.06411556788309079
1002 0.009877227108613284 0.06411433136845821
1003 0.009877143952136505 0.06411361063819492
1004 0.009877054603943452 0.06411252971677178
1005 0.009876961913203886 0.06411176518435914
1006 0.009876871715357786 0.06411072266769777
1007 0.009876782914725478 0.0641100468358641
1008 0.009876687216917415 0.06410898701598382
1009 0.009876602378947377 0.06410846580330161
1010 0.009876506219222612 0.06410752239836628
1011 0.009876415618441539 0.06410701143217885
1012 0.009876319797980853 0.06410611122573949
1013 0.00987622940026593 0.06410568658451535
1014 0.009876131805409742 0.06410485382361505
1015 0.009876040235868975 0.06410446862256071
1016 0.009875944010671782 0.06410373200553618
1017 0.009875848696129294 0.06410338286485594
1018 0.009875749516042667 0.06410270449479968
1019 0.009875655797155651 0.06410239922687284
1020 0.009875555129988046 0.06410176721827246
1021 0.009875461372837735 0.0641015485390225
1022 0.009875361456840002 0.0641010098906919
1023 0.009875261884437438 0.06410081853436139
1024 0.009875160387270966 0.06410032608646522
1025 0.009875064893850784 0.06410022438141777
1026 0.009874960652338623 0.0640997950407972
1027 0.009874863127987427 0.06409973125325157
1028 0.009874757889895719 0.06409934547257511
1029 0.009874660045036444 0.06409935464977699
1030 0.009874556297452959 0.06409904122946099
1031 0.009874452561297795 0.06409908437677647
1032 0.009874349462636805 0.06409881938317873
1033 0.009874245130223062 0.06409893129140255
1034 0.009874139408103746 0.06409875063594125
1035 0.009874037963391608 0.06409889505204573
1036 0.009873929292334318 0.06409873530565054
1037 0.009873826625083487 0.06409894966369122
1038 0.009873719823150922 0.06409885230846517
1039 0.00987361155276799 0.06409911459097198
1040 0.009873504932084571 0.06409906894485744
1041 0.009873393964411245 0.06409937813408659
1042 0.009873292413949878 0.06409940175197902
1043 0.00987318098485972 0.06409975279862411
1044 0.00987306971796892 0.06409982077897379
1045 0.009872963073845784 0.06410021784701662
1046 0.009872850939031931 0.06410033011798574
1047 0.009872738726848579 0.06410078007913106
1048 0.009872632591936091 0.06410094304144091
1049 0.009872519647796899 0.06410141514104717
1050 0.009872412689172907 0.06410160368545277
1051 0.009872294581571997 0.06410214280573912
1052 0.009872187531028691 0.06410239366567072
1053 0.009872072031400832 0.06410298583622547
1054 0.009871956693401589 0.06410329769456438
1055 0.009871845900850679 0.06410389330124346
1056 0.009871729920350096 0.06410422685744198
1057 0.009871613910077608 0.06410489193126637
1058 0.009871504181920546 0.06410526412736793
1059 0.009871385832734916 0.06410594822795694
1060 0.00987127502887096 0.06410635591765701
1061 0.009871156600929569 0.06410705731096621
1062 0.009871045726495621 0.06410748941555057
1063 0.009870921836317227 0.06410828904112778
1064 0.009870809584689333 0.06410880753191793
1065 0.009870694141458219 0.0641095590646413
1066 0.009870574497373091 0.06411008384445926
1067 0.009870454656749182 0.06411091447926402
1068 0.009870341529888547 0.06411147271923508
1069 0.009870220349619282 0.06411231999140581
1070 0.009870106560960131 0.06411289792104644
1071 0.009869984049310589 0.06411377957435607
1072 0.009869869839320016 0.06411438488044469
1073 0.009869746748189585 0.06411529649404049
1074 0.009869632120615712 0.06411593191171878
1075 0.00986950861645214 0.0641168670896092
1076 0.009869393484820091 0.06411753030675325
1077 0.009869269661942518 0.06411848739221902
1078 0.009869154145660034 0.06411917519892298
1079 0.009869030064126838 0.0641201526213305
1080 0.009868914118598377 0.06412086520571279
1081 0.00986878976378759 0.064121861920988
1082 0.009868673556891028 0.06412259534694946
1083 0.009868548926418494 0.06412360990242751
1084 0.009868432426997859 0.06412436445773909
1085 0.009868306344166654 0.06412541791441953
1086 0.009868191362744949 0.06412616347392747
1087 0.009868065190645861 0.06412722550894931
1088 0.009867949603457762 0.06412799100947811
1089 0.009867823182487344 0.06412907128185698
1090 0.009867707325005621 0.06412985399699943
1091 0.009867580832163103 0.06413094755427921
1092 0.0098674648044742 0.06413174300142081
1093 0.00986733828906413 0.06413284707757555
1094 0.0098672221425689 0.06413365342808043
1095 0.009867095645045945 0.06413476677533898
1096 0.009866979429236956 0.06413558281168436
1097 0.009866852979038538 0.06413670421370142
1098 0.009866736732811883 0.0641375285057831
1099 0.009866610349431893 0.0641386564275862
1100 0.009866494117230959 0.06413948739057103
1101 0.009866367827604304 0.06414062030367362
1102 0.009866251654974066 0.0641414563668644
1103 0.009866125489139154 0.06414259286773262
1104 0.009866009417839054 0.06414343245587377
1105 0.009865883412219507 0.06414457121138119
1106 0.009865767496444177 0.06414541300521022
1107 0.009865641738554859 0.06414655328804465
1108 0.009865526009963491 0.0641473956430466
1109 0.009865400512971084 0.06414853555341866
1110 0.00986528498121376 0.06414937887249313
1111 0.009865159835164051 0.06415051623293745
1112 0.009865044397512551 0.06415135485964474
1113 0.009864919582813405 0.06415248936506565
1114 0.009864804416085829 0.0641533252862687
1115 0.009864679981209871 0.06415445561351858
1116 0.0098645651033722 0.06415528679869158
1117 0.009864441064223135 0.06415641133979549
1118 0.009864326506594096 0.06415723632757014
1119 0.009864202893137091 0.0641583539209927
1120 0.009864088690182656 0.06415917142289997
1121 0.009863965537160109 0.06416028097657107
1122 0.009863854400469597 0.06416104064771048
1123 0.009863732866929143 0.064162143595396
1124 0.009863611800746273 0.0641630151028047
1125 0.009863491072283941 0.06416412808593429
1126 0.009863381802270813 0.06416484621771815
1127 0.009863262806015819 0.06416591070161064
1128 0.009863142790749912 0.06416674262838384
1129 0.009863024663158399 0.06416780883638408
1130 0.009862914856646577 0.06416852352849121
1131 0.009862791546785021 0.06416964135561085
1132 0.009862683056906104 0.06417031978289657
1133 0.00986256078792138 0.06417141893876743
1134 0.009862452391948315 0.06417208729631016
1135 0.009862331179682986 0.06417316850691487
1136 0.009862222865297719 0.06417382914842683
1137 0.009862106876284358 0.06417483194870256
1138 0.009861992374999488 0.06417554455152487
1139 0.00986187363369424 0.06417660618303811
1140 0.009861767110755133 0.06417722707155019
1141 0.009861649592867389 0.06417823804281866
1142 0.009861542886918997 0.06417883905301046
1143 0.009861429163422837 0.06417978551426708
1144 0.009861316777786717 0.06418043710621923
1145 0.009861200174649139 0.06418144338366515
1146 0.009861095788400186 0.06418200770756395
1147 0.009860980108498618 0.06418296689971102
1148 0.009860875821673077 0.06418350421985181
1149 0.009860764440114841 0.06418438926119868
1150 0.009860654398178171 0.06418497646046588
1151 0.009860540295566855 0.06418591593750027
1152 0.00986043826045924 0.06418641546374987
1153 0.009860326345402012 0.06418729349837674
1154 0.009860222587473879 0.06418778793771046
1155 0.009860113385663592 0.06418860798551075
1156 0.009860006511244357 0.06418912177881361
1157 0.009859895306468585 0.06418998518697096
1158 0.009859793585120701 0.06419041536200797
1159 0.009859690393120089 0.06419118329760504
1160 0.009859583869535967 0.06419164442751434
1161 0.009859475794894291 0.06419244839038761
1162 0.009859374764979664 0.06419285675537705
1163 0.009859270000069068 0.06419357943585612
1164 0.009859166699689382 0.06419398190223674
1165 0.00985906279318486 0.06419469619964328
1166 0.009858960689324202 0.06419508251959929
1167 0.009858858275977744 0.06419577109184872
1168 0.009858757179099719 0.064196124836169
1169 0.009858655731291525 0.06419678433100084
1170 0.009858555455391564 0.06419710965782484
1171 0.009858454914454487 0.06419774478385794
1172 0.00985835554261426 0.06419804460899692
1173 0.009858255945251982 0.06419865531909683
1174 0.009858157512897255 0.06419892883348849
1175 0.009858058853325854 0.06419951406607427
1176 0.009857961364379924 0.06419976077742741
1177 0.009857863639995709 0.06420032025608212
1178 0.009857767105966189 0.06420054007014576
1179 0.009857670315208841 0.06420107397895337
1180 0.009857574745385308 0.0642012667336493
1181 0.009857478886695815 0.06420177524994027
1182 0.009857384278560668 0.06420194089161965
1183 0.009857289357833438 0.06420242404615296
1184 0.009857195705084367 0.06420256273168701
1185 0.009857101727004675 0.06420302045831636
1186 0.009857009026351645 0.064203132417332
1187 0.009856915990820024 0.06420356467055668
1188 0.009856824240762122 0.06420365015270654
1189 0.009856732143118465 0.064204056993606
1190 0.009856641344218542 0.06420411619338205
1191 0.009856550176004061 0.0642044978390286
1192 0.00985646033027926 0.0642045309063108
1193 0.009856370081466679 0.06420488765210119
1194 0.009856281187540781 0.06420489476643602
1195 0.00985619184995886 0.06420522687114766
1196 0.009856103899418522 0.06420520829424592
1197 0.00985601546750765 0.0642055159887461
1198 0.00985592729056658 0.06420546177146257
1199 0.009855842307137376 0.06420574827042749
1200 0.009855755366509332 0.06420568635303683
1201 0.009855668450223174 0.06420595297307979
1202 0.009855581450078012 0.06420584734088201
1203 0.009855498347989902 0.06420608556632545
1204 0.009855413320446274 0.0642059724460787
1205 0.009855328425189082 0.06420619099660908
1206 0.009855243331386895 0.06420603582990179
1207 0.009855161776543293 0.0642062301359522
1208 0.009855078549836216 0.06420607101805584
1209 0.009854995320516443 0.06420624478397992
1210 0.009854912106855589 0.06420604298258435
1211 0.009854832069878309 0.06420619415815958
1212 0.009854750648031841 0.06420599095398911
1213 0.009854669018966467 0.06420612111556663
1214 0.009854587616945049 0.06420587489652273
1215 0.009854509069021673 0.06420598474012795
1216 0.009854429391776586 0.06420573979433507
1217 0.00985434930651252 0.06420582831800381
1218 0.00985426963532832 0.06420554014532903
1219 0.009854192531935342 0.06420561070165592
1220 0.009854114527404432 0.06420532651234688
1221 0.009854035917513802 0.06420537563432065
1222 0.00985395790632152 0.06420504797188277
1223 0.0098538821788355 0.06420508169222383
1224 0.009853805781264567 0.06420476074300022
1225 0.009853728569358287 0.06420477302956067
1226 0.0098536521427313 0.06420440842049102
1227 0.009853577719059578 0.06420440792520007
1228 0.009853502850652623 0.06420405293260491
1229 0.009853426960262528 0.0642040309567027
1230 0.009853352029649541 0.06420363229901875
1231 0.009853278840708265 0.06420360009335278
1232 0.009853205416740731 0.06420321401728708
1233 0.009853130767718106 0.06420316031674202
1234 0.009853057244109726 0.06420273059353489
1235 0.009852985213103514 0.0642026693403894
1236 0.009852912553587986 0.06420223556169051
1237 0.009852840423259417 0.06420216692674771
1238 0.009852768004299213 0.06420171995926757
1239 0.009852696438244286 0.06420163597251785
1240 0.009852624792538619 0.0642011737931497
1241 0.009852553805688479 0.06420107625504512
1242 0.009852482810681766 0.06420060198367719
1243 0.009852412269173874 0.06420049343379923
1244 0.00985234186133432 0.06420000840675957
1245 0.009852271735730533 0.0641998896809456
1246 0.009852201906121485 0.06419939441933194
1247 0.009852132187764942 0.0641992660335996
1248 0.009852062913630329 0.06419876120011926
1249 0.009851993586323327 0.06419862378868754
1250 0.00985192483610272 0.06419811016005528
1251 0.00985185588224056 0.06419796460055045
1252 0.009851787622758684 0.06419744301325789
1253 0.009851719024507157 0.06419729014274712
1254 0.009851651223317414 0.06419676137543097
1255 0.009851582961296183 0.06419660196575712
1256 0.009851515588193801 0.06419606673485413
1257 0.009851447641702612 0.06419590163112485
1258 0.009851380670150888 0.06419536086537364
1259 0.009851313016437749 0.0641951909584204
1260 0.009851246416943937 0.06419464538330502
1261 0.00985117903273823 0.06419447140676238
1262 0.009851112777817186 0.06419392174485504
1263 0.009851045641524246 0.06419374450620363
1264 0.009850979702263639 0.06419319153339936
1265 0.009850912791732922 0.0641930118464456
1266 0.009850847138386135 0.06419245635592896
1267 0.009850780433515338 0.0641922750802736
1268 0.009850715036562095 0.06419171788469678
1269 0.009850648513796967 0.06419153566157365
1270 0.009850583343529945 0.06419097745620503
1271 0.009850516983407888 0.06419079516721717
1272 0.009850452012519093 0.06419023679922141
1273 0.009850385792900989 0.0641900552107791
1274 0.00985032099257002 0.06418949738198161
1275 0.009850254891552486 0.06418931725597815
1276 0.009850190233856471 0.06418876069875219
1277 0.009850124132124754 0.06418859047846855
1278 0.009850059966143366 0.06418803744003319
1279 0.009849993701976052 0.06418785090452511
1280 0.009849929228381619 0.06418729414182972
1281 0.009849862688806141 0.06418711961423877
1282 0.009849799691249191 0.06418658323958311
1283 0.009849733167894224 0.06418642396152439
1284 0.009849669114014073 0.06418588241815736
1285 0.009849602799833181 0.06418571510127981
1286 0.009849538823033049 0.06418517269188152
1287 0.00984947264374021 0.06418501283960044
1288 0.009849408634736802 0.0641844799484516
1289 0.009849342444265101 0.06418432932695572
1290 0.009849278333972509 0.06418380397939868
1291 0.009849212092700432 0.06418366046366696
1292 0.009849147894194464 0.06418314140123564
1293 0.009849081583837925 0.06418300516340983
1294 0.0098490173108201 0.06418249328780913
1295 0.00984895089911152 0.06418236523258135
1296 0.009848886532471195 0.06418186165037783
1297 0.009848819989317401 0.06418174240008265
1298 0.009848755502129047 0.0641812478459618
1299 0.009848688805544901 0.06418113787825398
1300 0.009848624173354047 0.064180652977814
1301 0.009848556827502849 0.0641805454005682
1302 0.00984849279999191 0.06418007231524901
1303 0.009848426954241945 0.06417999994998681
1304 0.009848359179312444 0.0641795191316539
1305 0.009848294331541843 0.06417945476363962
1306 0.00984822668167675 0.06417898343992347
1307 0.009848161845547253 0.06417893145636122
1308 0.009848093831268062 0.06417847331953383
1309 0.009848028642052128 0.06417843393768159
1310 0.009847960393015415 0.06417798897539345
1311 0.009847894941771393 0.06417796165521304
1312 0.009847826462696633 0.06417752962267051
1313 0.009847760739495476 0.06417751474867926
1314 0.009847691973058376 0.06417709557003734
1315 0.009847625972295482 0.06417709394504136
1316 0.009847556884860534 0.06417668804038353
1317 0.009847490602488389 0.06417670006499043
1318 0.00984742116661645 0.06417630800070685
1319 0.009847354597262456 0.0641763338645604
1320 0.009847284231111315 0.0641759537356536
1321 0.00984721887267285 0.06417599864203621
1322 0.009847147118925821 0.06417563125973498
1323 0.009847081353192191 0.06417568959794735
1324 0.009847009244545494 0.06417533733477812
1325 0.00984694317935856 0.06417541034335873
1326 0.009846870730245516 0.06417507360485315
1327 0.009846804327472885 0.06417516164960985
1328 0.009846731473920707 0.06417484047138929
1329 0.009846664712757207 0.06417494381345444
1330 0.009846591414475768 0.06417463839217627
1331 0.009846524298282954 0.06417475723620114
1332 0.009846450533321676 0.06417446790470233
1333 0.009846383065599628 0.06417460238876047
1334 0.009846308817607521 0.06417432941381691
1335 0.009846240993926468 0.06417447965379103
1336 0.0098461662517427 0.06417422324082489
1337 0.009846098062526058 0.0641743893849836
1338 0.009846022818310256 0.0641741496897807
1339 0.00984595425303897 0.06417433186611639
1340 0.009845878500551042 0.06417410903382616
1341 0.009845809549768127 0.06417430732033781
1342 0.009845733282533704 0.06417410148015248
1343 0.009845663938702906 0.06417431592444456
1344 0.00984558872925209 0.06417411817646444
1345 0.009845516809838849 0.06417435678108963
1346 0.009845440945024798 0.06417418065381482
1347 0.009845368922898506 0.06417443530612582
1348 0.009845292904324914 0.06417427514733076
1349 0.009845220709722768 0.06417454404825024
1350 0.0098451455077334 0.06417442714095931
1351 0.009845069996060912 0.06417468904509011
1352 0.009844994754257012 0.06417458102402297
1353 0.009844919625079405 0.06417485493145648
1354 0.009844844317677667 0.06417476422568791
1355 0.009844768685997821 0.06417506044378138
1356 0.009844692582019463 0.06417499004510484
1357 0.009844616342101214 0.06417530555623652
1358 0.009844539660332966 0.06417525170124419
1359 0.009844463032477385 0.064175582601329
1360 0.009844385874491917 0.06417554439288302
1361 0.009844308831905188 0.06417589069084577
1362 0.009844231175480542 0.06417586884076251
1363 0.00984415366174804 0.06417623114514893
1364 0.009844075506659229 0.0641762257832502
1365 0.009843997507935492 0.06417660410053939
1366 0.009843918864659951 0.06417661489090373
1367 0.009843840384725352 0.06417700899019624
1368 0.009843761255475368 0.06417703563425851
1369 0.009843682302080532 0.06417744526824258
1370 0.009843602684146248 0.06417748759526806
1371 0.009843523266433205 0.06417791248834775
1372 0.009843443157864194 0.06417797034647084
1373 0.0098433632817436 0.06417841019984187
1374 0.009843282684387875 0.06417848338878168
1375 0.009843202354601448 0.06417893791301384
1376 0.009843121276545684 0.06417902617882089
1377 0.009843040494449491 0.06417949509760901
1378 0.009842958941604786 0.06417959810851009
1379 0.009842877686596937 0.06418008111544003
1380 0.009842795640008036 0.06418019846845516
1381 0.009842713922785193 0.06418069534488191
1382 0.009842631429356879 0.06418082691922031
1383 0.009842549285466915 0.06418133744576042
1384 0.009842466356888162 0.06418148288675567
1385 0.0098423837904191 0.06418200661923984
1386 0.00984230042636962 0.06418216551432457
1387 0.009842217441139167 0.06418270203110416
1388 0.009842133646603846 0.06418287404643749
1389 0.009842050251898561 0.06418342297900573
1390 0.00984196603703914 0.06418360776676835
1391 0.009841882241024955 0.06418416870517417
1392 0.00984179761627511 0.06418436585240592
1393 0.009841713427815379 0.06418493838301888
1394 0.009841628409436105 0.06418514727778743
1395 0.009841543846307003 0.06418573093493317
1396 0.009841458925823847 0.06418595591308612
1397 0.009841373143165253 0.06418655577376657
1398 0.009841288043385391 0.06418677762350533
1399 0.009841202010907867 0.06418738012461246
1400 0.009841116579443414 0.06418762634137898
1401 0.009841030303407773 0.0641882379907197
1402 0.009840944394163057 0.06418849356790055
1403 0.009840857805027838 0.06418911466344419
1404 0.009840771540975377 0.06418937964605509
1405 0.00984068466316472 0.06419000970640135
1406 0.009840598065611574 0.0641902837080072
1407 0.009840510884025972 0.06419092210647218
1408 0.009840423962575088 0.06419120467683521
1409 0.009840336489267645 0.06419185099398032
1410 0.009840249265657977 0.06419214175154933
1411 0.009840161513626282 0.06419279543504151
1412 0.009840074005113277 0.06419309383354076
1413 0.009839985988014506 0.064193754363261
1414 0.00983989820956753 0.06419405985214613
1415 0.00983980994058949 0.06419472666154345
1416 0.00983972190622975 0.06419503870011052
1417 0.009839633401576569 0.06419571131699243
1418 0.009839545125442207 0.06419602938125926
1419 0.009839456401009535 0.06419670729611895
1420 0.009839367896654416 0.06419703082308822
1421 0.009839278969861514 0.06419771347810102
1422 0.009839190251706365 0.06419804192266119
1423 0.009839101141471341 0.06419872884570239
1424 0.009839012226336532 0.06419906175949612
1425 0.009838922946883325 0.06419975225038226
1426 0.009838833847865391 0.06420008887686156
1427 0.009838744416790971 0.06420078234383418
1428 0.009838655153370615 0.06420112226754726
1429 0.009838565586813702 0.06420181825376693
1430 0.009838476175666147 0.06420216093348856
1431 0.009838386488660809 0.06420285890028893
1432 0.009838296946212076 0.06420320370830097
1433 0.00983820715633232 0.06420390303169195
1434 0.009838117500428473 0.06420424936411337
1435 0.009838027625808302 0.06420494952160249
1436 0.009837937873747859 0.06420529690876338
1437 0.009837847931051458 0.06420599734532965
1438 0.009837758095926382 0.06420634505760742
1439 0.009837668103432545 0.06420704514259118
1440 0.009837578205234334 0.06420739273533381
1441 0.009837488180794895 0.06420809199858307
1442 0.009837398235427145 0.06420843889447027
1443 0.009837308195240922 0.0642091367333444
1444 0.009837218219250127 0.06420948227998421
1445 0.009837128179860821 0.06421017810250826
1446 0.00983703819463372 0.06421052185836716
1447 0.009836948175928083 0.06421121532620216
1448 0.009836858196466527 0.06421155673677917
1449 0.009836768212856771 0.06421224712334311
1450 0.009836678256491389 0.06421258551735051
1451 0.009836588327627432 0.06421327232508743
1452 0.009836498410460097 0.06421360720250316
1453 0.009836408551297084 0.06421428980733586
1454 0.009836318690950528 0.06421462056711542
1455 0.009836228977818049 0.0642152955006761
1456 0.009836139200134503 0.06421562718738368
1457 0.009836049415470977 0.06421629515614487
1458 0.009835959860806723 0.06421662123533319
1459 0.009835870154871727 0.06421728307200983
1460 0.009835780727885719 0.0642176035153601
1461 0.009835691160996991 0.06421825922130354
1462 0.009835601873045503 0.06421857363260117
1463 0.00983551245826072 0.06421922260088078
1464 0.00983542331307345 0.06421953035089724
1465 0.009835334061504712 0.06422017203886088
1466 0.009835245075171351 0.06422047263668887
1467 0.009835156009032196 0.06422110663255841
1468 0.009835067199719076 0.06422139955869699
1469 0.009834978339401551 0.06422202538244154
1470 0.009834889721216005 0.06422231009637452
1471 0.009834801083224246 0.0642229272775396
1472 0.009834712668947192 0.06422320331002146
1473 0.009834624269753019 0.06422381142890454
1474 0.009834536127171877 0.06422407725331659
1475 0.00983444744953694 0.06422468876320644
1476 0.009834359976125001 0.0642249302811492
1477 0.009834271824300149 0.06422553014110467
1478 0.009834184588290697 0.06422576352162962
1479 0.009834096596041585 0.06422635482285705
1480 0.009834009557591566 0.06422657868024904
1481 0.009833921820817765 0.06422715965165279
1482 0.009833835063398038 0.06422737246552057
1483 0.009833747651918504 0.06422794225963711
1484 0.009833661197344872 0.06422814345399089
1485 0.009833574134461672 0.06422870180258328
1486 0.009833487995559713 0.06422889120723359
1487 0.009833401279953627 0.0642294377861229
1488 0.00983331546218282 0.0642296150634037
1489 0.009833229094292135 0.0642301494932359
1490 0.00983314361383055 0.0642303143045901
1491 0.009833057601535236 0.06423083614794414
1492 0.009832972476140059 0.06423098803476883
1493 0.009832886829491728 0.06423149696304586
1494 0.009832802074824322 0.06423163555009519
1495 0.009832716805170543 0.0642321313769213
1496 0.009832632432835688 0.0642322562817657
1497 0.009832547551974742 0.06423273870054265
1498 0.009832463570492448 0.06423284957538436
1499 0.009832379092573921 0.06423331835851369
1500 0.009832295509602048 0.06423341494263658
1501 0.009832211447532992 0.06423386976136558
1502 0.009832128272105672 0.0642339517844213
1503 0.0098320446337432 0.0642343923466086
1504 0.009831961869611633 0.06423445956833111
1505 0.009831878663349735 0.06423488552922854
1506 0.009831796329540289 0.0642349376251989
1507 0.009831713566498288 0.06423534879898424
1508 0.009831631675433803 0.06423538560604226
1509 0.009831549360801781 0.06423578188111372
1510 0.009831467922774973 0.06423580315395942
1511 0.009831386064175628 0.06423618434362267
1512 0.009831305087359157 0.06423618984026973
1513 0.009831223692497476 0.06423655575074662
1514 0.009831143182442371 0.06423654527023863
1515 0.009831062259447357 0.06423689573196986
1516 0.00983098222331308 0.06423686912714999
1517 0.00983090178033114 0.06423720398311843
1518 0.009830822225286273 0.06423716107702256
1519 0.00983074226824047 0.06423748015059538
1520 0.009830663202627833 0.06423742088497335
1521 0.009830583736693835 0.06423772410618686
1522 0.009830505166920278 0.06423764831210821
1523 0.009830426196264284 0.06423793551988799
1524 0.009830348128873439 0.06423784306118444
1525 0.009830269656314687 0.064238114145853
1526 0.009830192094564923 0.06423800491533521
1527 0.009830114124668374 0.06423825979867086
1528 0.009830037075192323 0.06423813368832525
1529 0.009829959612323859 0.06423837229107562
1530 0.009829883080667751 0.06423822925069811
1531 0.009829806128715512 0.06423845152764511
1532 0.009829730118229551 0.06423829153609188
1533 0.009829653679300264 0.0642384974509585
1534 0.009829578192922862 0.06423832049231956
1535 0.009829502268809303 0.06423851000887588
1536 0.009829427309760295 0.06423831608030145
1537 0.009829351901775632 0.06423848918675591
1538 0.009829277472946788 0.06423827829906453
1539 0.009829202581877309 0.06423843498027826
1540 0.009829128685556618 0.0642382071447728
1541 0.009829054311750044 0.06423834743239584
1542 0.00982898094895834 0.06423810270382756
1543 0.00982890709156666 0.06423822659634353
1544 0.00982883426199424 0.06423796502008873
1545 0.009828760920140425 0.06423807257071415
1546 0.009828688624845006 0.06423779420985866
1547 0.0098286157988118 0.06423788544721112
1548 0.009828544039070462 0.0642375904017079
1549 0.009828471727845799 0.06423766541032687
1550 0.009828400502583984 0.06423735378835556
1551 0.009828328703487228 0.06423741263134355
1552 0.009828258011727363 0.06423708457071231
1553 0.009828186722611846 0.06423712738335906
1554 0.009828116562698441 0.06423678302685362
1555 0.00982804578009357 0.06423680986547498
1556 0.009827976150291778 0.06423644935226064
1557 0.009827905871592185 0.06423646040434453
1558 0.009827839031093679 0.06423607442554045
1559 0.009827766730905064 0.06423607437672874
1560 0.009827697471111847 0.06423568849776119
1561 0.009827628497840364 0.06423567353186832
1562 0.009827562894837088 0.06423525597380454
1563 0.009827491893829169 0.06423522069629312
1564 0.009827423807041859 0.06423480042995174
1565 0.009827355952517049 0.06423475407561069
1566 0.009827291338431739 0.06423430695917685
1567 0.00982722118862527 0.06423424118592851
1568 0.009827154149065369 0.06423379091319016
1569 0.009827087219476633 0.06423371546468237
1570 0.009827023651359387 0.06423324011472857
1571 0.00982695434341491 0.06423314353749791
1572 0.009826888409393832 0.06423266396543159
1573 0.009826822371544922 0.06423255940974038
1574 0.00982675983885707 0.06423205701648199
1575 0.009826691349409698 0.06423193008939081
1576 0.009826626495891428 0.06423142230040899
1577 0.009826561318136648 0.06423129006992401
1578 0.009826499785387416 0.06423076191670249
1579 0.009826432080230606 0.06423060510211061
1580 0.009826368278297836 0.06423006988809812
1581 0.00982630394718067 0.06422991191299665
1582 0.009826243365124792 0.06422935979841189
1583 0.00982617632829254 0.06422917039391964
1584 0.00982611367173406 0.06422861110965035
1585 0.009826050169394682 0.06422843043286347
1586 0.009825990382451711 0.0642278568670286
1587 0.009825924113533946 0.06422763475510583
1588 0.009825864969067406 0.06422704921234124
1589 0.009825799072069241 0.06422684019020035
1590 0.009825740141382322 0.06422625127592785
1591 0.009825674780879581 0.06422601178400944
1592 0.009825616602812786 0.06422539649177426
1593 0.009825551774737436 0.0642251603063906
1594 0.009825493894782109 0.06422455149696274
1595 0.009825429387027202 0.06422429226861141
1596 0.009825371871924674 0.06422365087703129
1597 0.009825307683150509 0.06422338994870638
1598 0.009825250731841062 0.0642227619485277
1599 0.009825186752642842 0.06422248128113901
1600 0.009825130118236759 0.06422182134385011
1601 0.009825066484123467 0.06422153949423764
1602 0.009825010368091247 0.06422089211964196
1603 0.009824946981078922 0.06422059060307661
1604 0.009824891164927485 0.06421991143767004
1605 0.009824828052657017 0.06421960880372861
1606 0.009824772782547111 0.06421894370690855
1607 0.009824709835473731 0.06421862226148735
1608 0.00982465483226945 0.06421792754339557
1609 0.009824592218182658 0.06421760745338548
1610 0.009824537656855935 0.06421692559108159
1611 0.00982447523254327 0.06421658666938763
1612 0.009824420922431526 0.0642158751994933
1613 0.009824358750287103 0.06421553767760345
1614 0.00982430491968223 0.0642148406991053
1615 0.009824242857955025 0.06421448511223396
1616 0.009824187685119544 0.06421374773744756
1617 0.009824128568207221 0.06421341464047971
1618 0.009824074485525251 0.06421270118295096
1619 0.009824012908482256 0.06421232998436416
1620 0.009823959422851197 0.06421159010918621
1621 0.0098238984118602 0.06421122657999444
1622 0.009823845564174708 0.06421050188130439
1623 0.009823784433765019 0.06421012041884179
1624 0.009823731755158108 0.06420936928042173
1625 0.009823670850366837 0.06420899389267411
1626 0.009823618613580032 0.06420825872872331
1627 0.009823557697743773 0.06420786532111958
1628 0.009823504105357563 0.06420709149016054
1629 0.009823446045451758 0.06420672479785305
1630 0.009823393397669631 0.06420597901300762
1631 0.009823332843125008 0.06420557493411269
1632 0.009823280686478638 0.0642048042281695
1633 0.009823220727399386 0.0642044119688258
1634 0.009823169185607048 0.0642036599416001
1635 0.009823108894386203 0.06420325029292491
1636 0.00982305588744027 0.06420245810841069
1637 0.009822998330498697 0.06420207620031119
1638 0.009822946439844873 0.06420131670361386
1639 0.009822886301624487 0.06420089924652078
1640 0.009822834815253919 0.0642001151088023
1641 0.009822775240894931 0.06419971209461288
1642 0.009822724326291986 0.06419894932822037
1643 0.009822664325906047 0.06419852902001982
1644 0.00982261186458654 0.0641977256447132
1645 0.009822554656492233 0.06419733600195862
1646 0.009822503185454681 0.06419656836344406
1647 0.009822443326033922 0.06419614325724642
1648 0.009822392272038025 0.06419535281602631
1649 0.009822332880005891 0.06419494379016404
1650 0.009822280876904311 0.06419416092647483
1651 0.009822223478148774 0.06419375376618182
1652 0.009822172060626468 0.06419296119923056
1653 0.009822112485505206 0.06419254957401584
1654 0.009822061895381422 0.06419177998082172
1655 0.009822002169686091 0.06419135467541602
1656 0.009821950205719408 0.06419055019392977
1657 0.009821893063140723 0.06419015955992462
1658 0.009821841899734691 0.06418938873759127
1659 0.009821782027552661 0.0641889630738775
1660 0.00982173133338736 0.06418817413210681
1661 0.009821671823481497 0.06418776791338725
1662 0.009821620063516747 0.06418698681511838
1663 0.009821562525951415 0.06418658460563512
1664 0.00982151126396133 0.06418579665316841
1665 0.009821451460627703 0.06418539189895681
1666 0.009821400970161752 0.06418462753351933
1667 0.009821340989670878 0.06418421343757419
1668 0.009821289023664869 0.0641834179029129
1669 0.009821231502601438 0.06418303592731961
1670 0.009821180328152863 0.06418227321386678
1671 0.009821120056851946 0.06418186488779749
1672 0.00982106777610136 0.06418107653334272
1673 0.009821010257981704 0.06418069999756422
1674 0.009820957380142738 0.06417992729173742
1675 0.009820899637426599 0.06417954819124559
1676 0.009820846215251072 0.06417876445359459
1677 0.009820788421628909 0.06417839181237632
1678 0.009820735079947024 0.06417762255199672
1679 0.009820677157350936 0.06417725147573573
1680 0.009820623559346528 0.06417647746958229
1681 0.009820565547891425 0.06417611279871767
1682 0.009820511962420521 0.06417535000717658
1683 0.009820453770449166 0.06417498891259085
1684 0.009820399682144574 0.06417423330695518
1685 0.009820342161938302 0.06417388227462879
1686 0.00982028753687576 0.06417312727488098
1687 0.009820229165642576 0.06417275224613531
1688 0.009820175034433483 0.06417200731227041
1689 0.009820117279272173 0.06417167107215441
1690 0.009820062152812082 0.06417093025632371
1691 0.009820003549205399 0.06417056966770375
1692 0.009819949010325534 0.06416983735080814
1693 0.009819890889140389 0.0641695119209391
1694 0.009819835504229588 0.06416878120397022
1695 0.009819777123572048 0.06416845007728079
1696 0.009819721351039565 0.06416771785118197
1697 0.009819662362452455 0.0641673740644243
1698 0.009819607468882682 0.06416666248564923
1699 0.009819548831529792 0.06416635849964425
1700 0.009819492769950968 0.06416564672318158
1701 0.009819433875442185 0.06416533551001058
1702 0.009819377435122593 0.06416462167493472
1703 0.009819318584967617 0.06416431583323648
1704 0.009819261993009675 0.06416361077606418
1705 0.009819203026082537 0.06416331494204805
1706 0.009819146161997387 0.06416261870140888
1707 0.009819086983321222 0.06416233065314335
1708 0.009819029856376371 0.06416164081037591
1709 0.009818970459071838 0.06416135962133994
1710 0.009818913113251606 0.06416067612249753
1711 0.00981885348963199 0.06416040217312513
1712 0.009818795929112559 0.0641597255862672
1713 0.009818736072471756 0.06415945903849302
1714 0.009818678284529562 0.06415878976368686
1715 0.009818618192319759 0.06415853072845282
1716 0.009818560168420861 0.06415786886206194
1717 0.009818501096289187 0.06415763376054348
1718 0.009818439939939258 0.06415697787982393
1719 0.009818381976465106 0.06415672954203688
1720 0.009818321308254035 0.06415605688694764
1721 0.009818263077040125 0.06415583516112751
1722 0.009818201982021858 0.06415517996327175
1723 0.009818143177688733 0.06415497348738999
1724 0.009818081797213605 0.06415432809135306
1725 0.009818022549252889 0.06415412596840003
1726 0.009817961128642508 0.06415348503014377
1727 0.009817901785209816 0.06415328870839078
1728 0.009817840131032931 0.06415265503830292
1729 0.009817780456451307 0.06415246603781677
1730 0.00981771858973695 0.06415184076010831
1731 0.009817658682723279 0.0641516602145709
1732 0.009817596517373635 0.06415104367681512
1733 0.009817536454080686 0.06415086747139967
1734 0.009817473386330759 0.06415027538203072
1735 0.009817413573460564 0.06415009312071812
1736 0.009817350450478074 0.06414950502507133
1737 0.009817290335928782 0.06414933062205769
1738 0.009817226933248125 0.06414875228386814
1739 0.00981716655076467 0.06414858722515779
1740 0.009817102817805061 0.06414801822118878
1741 0.0098170420808266 0.06414786058410403
1742 0.009816979815204904 0.06414730626303725
1743 0.009816916219067348 0.06414714552252508
1744 0.009816854192900664 0.06414660060093243
1745 0.009816790579558698 0.06414644874594469
1746 0.009816728578956328 0.06414591165345371
1747 0.009816664678749785 0.06414576788551821
1748 0.009816600740358805 0.06414523234824239
1749 0.009816539105123192 0.06414510538791429
1750 0.009816476201037913 0.06414458226122906
1751 0.009816411578337745 0.06414445304889362
1752 0.009816348654090937 0.0641439394472236
1753 0.00981628399081675 0.06414381836146799
1754 0.009816221006871129 0.06414331122986949
1755 0.009816156057499435 0.06414319718445613
1756 0.009816092841045817 0.06414269741199413
1757 0.009816027650639065 0.06414259100736226
1758 0.009815964216502174 0.06414209874194811
1759 0.009815898800048758 0.06414199973159211
1760 0.009815835133543187 0.0641415145355461
1761 0.009815769486607144 0.0641414226502518
1762 0.009815705585585182 0.06414094434041694
1763 0.009815639712682189 0.06414085940845497
1764 0.009815575582123282 0.06414038792620146
1765 0.009815509488681651 0.06414030980145582
1766 0.009815445132631216 0.06413984506786068
1767 0.009815378823002758 0.06413977361142555
1768 0.00981531424481099 0.06413931548534574
1769 0.00981524772362031 0.06413925056699378
1770 0.009815182929324774 0.06413879880272702
1771 0.009815116205327712 0.0641387400782253
1772 0.009815051203621855 0.06413829429993749
1773 0.009814984279175515 0.06413824169177683
1774 0.009814919071665205 0.06413780194096334
1775 0.009814851950590547 0.06413775543809418
1776 0.009814786540193436 0.06413732159311243
1777 0.009814719227829541 0.06413728097379888
1778 0.009814653619909006 0.06413685286699876
1779 0.009814586124651421 0.0641368179976556
1780 0.009814520325710582 0.06413639547898382
1781 0.009814452654355297 0.0641363661719097
1782 0.009814386670775865 0.06413594903915963
1783 0.009814318830154297 0.0641359250783869
1784 0.009814252668206245 0.0641355131010939
1785 0.009814184665267204 0.06413549426871876
1786 0.009814118332062249 0.06413508727696424
1787 0.009814050174794864 0.06413507341445521
1788 0.00981398367634346 0.06413467119395326
1789 0.009813915371792502 0.0641346620607359
1790 0.009813848714896548 0.06413426438735711
1791 0.009813780271078444 0.06413425976892209
1792 0.009813713455870583 0.06413386643979005
1793 0.009813644860434281 0.06413386612166223
1794 0.009813577878618101 0.06413347691972671
1795 0.00981350915332601 0.06413348075755662
1796 0.009813442043279202 0.06413309560849928
1797 0.00981337321611625 0.06413310344789862
1798 0.009813305988810346 0.06413272213468507
1799 0.009813237062629062 0.06413273370704146
1800 0.00981316971919723 0.06413235594782694
1801 0.009813100697829411 0.06413237099567901
1802 0.00981303324356198 0.06413199655347927
1803 0.009812964134753497 0.06413201483923911
1804 0.009812896577664007 0.06413164348387865
1805 0.009812827390519771 0.064131664778156
1806 0.009812759739209703 0.06413129628891348
1807 0.009812690483466698 0.06413132038395142
1808 0.009812622746363501 0.06413095455522548
1809 0.009812553429911634 0.06413098115036708
1810 0.009812485614413941 0.0641306176497802
1811 0.009812416249371474 0.06413064659195665
1812 0.009812348366193277 0.06413028534043426
1813 0.00981227895709863 0.06413031626906189
1814 0.009812211009701489 0.06412995682422255
1815 0.009812141566011163 0.06412998946089436
1816 0.009812073566822182 0.06412963164711939
1817 0.009812004100188581 0.06412966588685651
1818 0.009811936065423337 0.06412930963302915
1819 0.009811866596071039 0.06412934533508423
1820 0.009811798534150307 0.06412899033766702
1821 0.009811729062802249 0.0641290271619097
1822 0.009811660976998916 0.06412867320086962
1823 0.009811591509577619 0.06412871086899011
1824 0.009811523404005101 0.06412835752929814
1825 0.009811453948561033 0.06412839566235676
1826 0.009811385834265602 0.06412804273154317
1827 0.00981131640215204 0.06412808120682745
1828 0.009811248289336707 0.06412772852885237
1829 0.009811178889407466 0.06412776713157056
1830 0.009811110787026333 0.0641274144573207
1831 0.009811041428542886 0.06412745291762255
1832 0.009810973346039087 0.0641270999744759
1833 0.00981090403891182 0.06412713803696979
1834 0.009810835985580357 0.0641267845548604
1835 0.009810766738464713 0.06412682192778497
1836 0.009810698724751193 0.06412646769721901
1837 0.00981062954856797 0.06412650425798976
1838 0.009810561583031447 0.06412614907430052
1839 0.00981049248565858 0.06412618449225056
1840 0.00981042457658861 0.06412582799470157
1841 0.009810355567773058 0.06412586200457041
1842 0.009810287725838756 0.06412550405240344
1843 0.009810218814818026 0.0641255364955453
1844 0.009810151047503754 0.06412517681814768
1845 0.009810082243340453 0.06412520742562847
1846 0.009810014561298741 0.06412484584378975
1847 0.00980994587337534 0.06412487441265231
1848 0.00980987828332793 0.06412451056232003
1849 0.009809809720184824 0.06412453679086498
1850 0.00980974223454288 0.06412417064547649
1851 0.009809673805541994 0.06412419444644116
1852 0.009809606426630316 0.0641238254320248
1853 0.009809538138218802 0.06412384628784754
1854 0.009809470884835159 0.0641234747140402
1855 0.009809402749536433 0.06412349294142376
1856 0.009809335612053391 0.06412311762822723
1857 0.00980926763162987 0.06412313216263762
1858 0.009809200654000745 0.06412275485409201
1859 0.009809132848716087 0.06412276723789662
1860 0.009809065963212018 0.06412238353367675
1861 0.009808998318254446 0.06412239013639248
1862 0.009808931685029866 0.06412200793897975
1863 0.009808864206227298 0.06412201671541055
1864 0.009808797404333535 0.0641216164309189
1865 0.009808730361774518 0.06412161458763026
1866 0.009808664229332529 0.06412123089057271
1867 0.00980859696565033 0.06412123589755846
1868 0.009808530858346721 0.06412083211290674
1869 0.009808463607411312 0.06412080682976892
1870 0.00980839808249075 0.06412040909239627
1871 0.009808331303487742 0.06412041123090678
1872 0.009808265603327515 0.06412000062045943
1873 0.009808198587596607 0.0641199655169373
1874 0.009808133657934939 0.06411956192447817
1875 0.009808067268664329 0.06411955547302234
1876 0.009808001945425728 0.06411913138447914
1877 0.009807935415681502 0.06411908604080151
1878 0.009807870904827305 0.06411867341298044
1879 0.009807803352411935 0.0641186355776136
1880 0.009807740436221526 0.06411821778464839
1881 0.00980767490868927 0.06411817209351835
1882 0.009807610369015105 0.06411774957782837
1883 0.009807543116600773 0.06411769691494872
1884 0.009807480234169958 0.06411726279416986
1885 0.009807415400621548 0.06411720699826663
1886 0.009807351292044608 0.06411677301469651
1887 0.009807286216571218 0.06411672783249986
1888 0.009807221879901181 0.06411626385762517
1889 0.009807157153622934 0.06411618791004929
1890 0.009807093891059498 0.06411574100476188
1891 0.009807029648502698 0.0641156852451172
1892 0.009806966066323591 0.06411521298659668
1893 0.009806901952754863 0.06411512929217239
1894 0.009806839009853244 0.06411466855981562
1895 0.00980677528454257 0.06411459846014624
1896 0.009806712255753565 0.06411411377519501
1897 0.009806648593056218 0.06411401480456537
1898 0.009806586337227391 0.06411354185796114
1899 0.009806523206525133 0.0641134598242414
1900 0.009806460725163446 0.06411296316278479
1901 0.009806397782685215 0.06411285423963434
1902 0.009806335789776811 0.06411236252538402
1903 0.00980627327609135 0.06411226464074449
1904 0.009806211334401365 0.06411175242930997
1905 0.009806148895625401 0.06411162802761894
1906 0.009806087817131619 0.06411112900787394
1907 0.009806025905692553 0.06411101972772258
1908 0.009805964467194781 0.06411049341451969
1909 0.009805902919352799 0.06411036345238151
1910 0.009805841856240071 0.06410983463042116
1911 0.009805780538142088 0.06410971245009965
1912 0.009805719861798781 0.06410916822983326
1913 0.009805658818277408 0.06410902111255354
1914 0.009805598758803229 0.06410848863891161
1915 0.009805538122199732 0.06410835258597326
1916 0.009805477844044029 0.06410779943911424
1917 0.009805417473470664 0.06410764056364525
1918 0.009805357535053445 0.06410707632922664
1919 0.009805297809707526 0.06410692534301585
1920 0.00980523824545743 0.06410636263774988
1921 0.00980517856805653 0.06410619811545946
1922 0.009805119238720891 0.06410561471140663
1923 0.009805057925097758 0.06410539935629589
1924 0.00980500195405695 0.06410486170028451
1925 0.00980494302481052 0.06410470069742906
1926 0.009804883975123137 0.06410411026309309
1927 0.009804824812818429 0.0641039191278911
1928 0.009804766334133009 0.06410330941767899
1929 0.00980470595381905 0.06410306540299243
1930 0.009804650988827846 0.06410250337535624
1931 0.009804593054108959 0.06410232151958475
1932 0.009804534971555633 0.06410170993890293
1933 0.009804476743128083 0.06410149825212318
1934 0.009804419208636252 0.06410086583017517
1935 0.009804359765920376 0.0641005982653404
1936 0.009804305804215542 0.06410001527672214
1937 0.009804248761834103 0.06409981153901141
1938 0.009804191632298094 0.06409917680207872
1939 0.009804134332156121 0.06409894295381056
1940 0.009804077720016914 0.06409828543906469
1941 0.009804019328376696 0.06409799707522316
1942 0.009803966303012236 0.06409739382131149
1943 0.009803908782125776 0.0640971493395123
1944 0.009803854618821675 0.06409651395446135
1945 0.009803798029834809 0.06409626048843424
1946 0.009803742027961224 0.06409557735764279
1947 0.009803684491311433 0.06409526480809664
1948 0.009803632419667476 0.06409464066472421
1949 0.009803577082275153 0.06409439257448867
1950 0.009803521876251305 0.06409371183384147
1951 0.009803466477576359 0.06409343314380764
1952 0.009803411638993842 0.06409273092215448
1953 0.009803355132981872 0.06409239923333057
1954 0.009803303976402679 0.06409175480313276
1955 0.009803248085704283 0.06409146421255624
1956 0.009803195930544205 0.06409078801804954
1957 0.009803141049794802 0.06409049149615514
1958 0.009803086968436034 0.06408976691554294
1959 0.009803031238153402 0.06408941271833581
1960 0.0098029809284239 0.06408874417447577
1961 0.009802926079140217 0.06408843284877021
1962 0.009802874703993257 0.064087735773731
1963 0.009802820734274032 0.0640874196889837
1964 0.009802767544630902 0.0640866751051561
1965 0.009802712664368224 0.06408629909907537
1966 0.0098026633236658 0.06408561350742775
1967 0.009802610419434234 0.0640853041676373
1968 0.009802557986541284 0.06408456152260414
1969 0.009802503837171629 0.06408419775628024
1970 0.009802453849266297 0.06408346516725695
1971 0.009802401157784213 0.06408311644696832
1972 0.009802349760261663 0.06408236944247842
1973 0.009802297808193054 0.0640820267742795
1974 0.009802246393388741 0.06408126390127976
1975 0.009802193524871206 0.06408088621517954
1976 0.009802144391598508 0.06408014278885998
1977 0.009802090629993499 0.0640797342684739
1978 0.009802042753239166 0.06407901308208071
1979 0.009801991055318425 0.06407866613846358
1980 0.009801940380382488 0.06407788643928913
1981 0.009801887741731059 0.06407748541114945
1982 0.009801839280604973 0.06407671425411428
1983 0.009801788252636253 0.0640763368793011
1984 0.00980173804492678 0.06407555567486038
1985 0.009801685796154523 0.06407512076002829
1986 0.009801639101526269 0.06407437490199405
1987 0.009801587142229362 0.06407398314796341
1988 0.009801539306835916 0.06407321046823392
1989 0.009801486701668201 0.06407278079500776
1990 0.009801439488290696 0.06407199421311427
1991 0.009801389313253349 0.06407160243025949
1992 0.009801340146396042 0.06407080324864285
1993 0.009801288839447768 0.0640703503239887
1994 0.009801242579365434 0.06406957426259423
1995 0.009801191319082671 0.06406915832970683
1996 0.009801144535813067 0.06406836867483422
1997 0.009801094319776354 0.06406796015999409
1998 0.009801045410324078 0.06406711927927862
1999 0.009800995286413927 0.06406667310381275
2000 0.009800948953486179 0.06406588796336199
2001 0.009800898272049675 0.06406542472967036
2002 0.009800852590221535 0.0640646337045339
2003 0.009800803094370427 0.06406422609540507
2004 0.009800755132788611 0.06406338810432201
2005 0.0098007050309131 0.06406292999018041
2006 0.009800659224623361 0.06406211911278328
2007 0.009800609080243885 0.06406165941735602
2008 0.009800563152718411 0.06406083401752004
2009 0.009800513632705123 0.06406038789589388
2010 0.009800468041144062 0.06405958011954511
2011 0.009800417946726864 0.06405911565942927
2012 0.009800372401333144 0.06405829331829163
2013 0.009800322694255806 0.06405781961292198
2014 0.009800277169182216 0.06405698206879841
2015 0.009800227993262188 0.06405652468466042
2016 0.009800182862506075 0.0640557075162948
2017 0.009800133207402025 0.06405523352502018
2018 0.00980008819460745 0.06405440563006196
2019 0.009800038696917202 0.06405392475846533
2020 0.009799993542815393 0.06405307852883844
2021 0.009799944757180238 0.06405261150421414
2022 0.009799900105931774 0.06405178973206556
2023 0.009799850689696604 0.06405130883917594
2024 0.009799806013246405 0.06405047205200314
2025 0.009799756774254563 0.06404998139197761
2026 0.009799712110112709 0.06404913343044617
2027 0.009799663556218622 0.06404866350587733
2028 0.00979961912207997 0.06404783427409158
2029 0.009799570038522618 0.06404734559984654
2030 0.009799525748285021 0.06404650480218861
2031 0.009799476547889548 0.06404600551179711
2032 0.009799432533901661 0.06404516280105499
2033 0.009799383793265245 0.06404468353530518
2034 0.009799339822625411 0.06404384695744353
2035 0.009799290702684163 0.06404335601935757
2036 0.009799246800460494 0.06404250826641764
2037 0.009799197252185985 0.06404198972228173
2038 0.009799154363763966 0.06404116346695919
2039 0.009799105211168323 0.06404068275412218
2040 0.00979906056318432 0.06403982278316452
2041 0.009799013468997897 0.06403935135916597
2042 0.009798968106203943 0.06403849732338612
2043 0.009798921038063891 0.06403802038487343
2044 0.009798876496877029 0.0640371642852063
2045 0.009798827209753485 0.06403665031934032
2046 0.009798784249066191 0.06403582043629749
2047 0.009798735325873411 0.06403533763360589
2048 0.009798690541437808 0.06403447178165211
2049 0.009798643473957215 0.06403399032339735
2050 0.009798599579631424 0.0640331514883051
2051 0.009798550397448541 0.06403266284857399
2052 0.009798506908073545 0.06403181053359812
2053 0.009798457878954465 0.06403131044097671
2054 0.009798414834063386 0.0640304774676437
2055 0.009798365701111863 0.064029994002954
2056 0.009798322385928163 0.06402915238250179
2057 0.009798272787008821 0.06402863626689198
2058 0.009798229799521057 0.06402780362984893
2059 0.009798180806495067 0.06402732186162001
2060 0.009798137586176831 0.06402647925083398
2061 0.00979808837613854 0.06402598607069988
2062 0.009798043830678109 0.06402513767432791
2063 0.009797996781473263 0.06402467841919721
2064 0.00979795265765154 0.06402383498500069
2065 0.00979790307163556 0.06402333330593685
2066 0.009797859872480157 0.06402250540397125
2067 0.009797810607255049 0.06402202934294231
2068 0.009797767244311991 0.0640211893409588
2069 0.009797717516737157 0.06402069257762123
2070 0.00979767457913399 0.06401987379172902
2071 0.009797624951541687 0.06401940240414827
2072 0.009797580231340189 0.06401854804542559
2073 0.009797532556252354 0.06401807733706376
2074 0.009797488722848611 0.06401726178213184
2075 0.009797438985314124 0.06401679147213794
2076 0.009797395233501221 0.0640159597464941
2077 0.009797345414971822 0.06401547115788865
2078 0.009797302119309943 0.06401465974553502
2079 0.009797252262952666 0.06401419673491593
2080 0.009797208590121075 0.06401336983438179
2081 0.009797158403657557 0.06401288654624744
2082 0.009797115030301571 0.06401208048909367
2083 0.009797064905564406 0.0640116234128148
2084 0.009797021213256884 0.06401080371101814
2085 0.009796970752854649 0.0640103257866132
2086 0.00979692729651474 0.06400952601587626
2087 0.009796876889783222 0.06400907450723213
2088 0.00979683182536753 0.06400824641184885
2089 0.00979678332693884 0.06400779409042548
2090 0.009796738960831169 0.06400699997702328
2091 0.009796688220749571 0.06400655227058201
2092 0.009796644177289291 0.06400574923119932
2093 0.009796593251886658 0.06400528007131139
2094 0.009796549474784116 0.06400449173618716
2095 0.00979649859374823 0.06400405484738157
2096 0.009796454500174799 0.06400325875606565
2097 0.009796403136947102 0.06400279600301031
2098 0.009796359192698546 0.06400201426198063
2099 0.009796308063415238 0.06400158615347025
2100 0.009796263764275955 0.06400079829149359
2101 0.009796212121206805 0.06400034280454153
2102 0.009796168015894616 0.06399956969493446
2103 0.009796116603017557 0.06399914918674346
2104 0.009796072077948637 0.06399836950027664
2105 0.009796020137058735 0.06399792099638543
2106 0.009795975828011382 0.06399715601693771
2107 0.009795924139640307 0.06399674371337795
2108 0.009795879368091218 0.06399597231091052
2109 0.009795827139604607 0.06399553190861154
2110 0.009795782587818238 0.0639947749669571
2111 0.009795730630544008 0.06399437159987796
2112 0.009795685582241287 0.0639936084523688
2113 0.009795633076428863 0.06399317668605146
2114 0.009795588254503955 0.06399242792043847
2115 0.009795536034386668 0.06399203376111731
2116 0.009795490689372665 0.06399127916507504
2117 0.00979543792395155 0.06399085662864021
2118 0.00979539279068003 0.06399011594285929
2119 0.009795340314123111 0.06398973111105347
2120 0.009795294658600852 0.06398898533723051
2121 0.009795241656331579 0.06398857295447033
2122 0.009795196165096819 0.0639878398060879
2123 0.009795143443170558 0.06398746451641467
2124 0.009795097463433546 0.06398672769328193
2125 0.009795044258503005 0.06398632659159857
2126 0.00979499835089895 0.06398560025814215
2127 0.009794945407187379 0.06398523469107156
2128 0.00979489907655883 0.06398450696569076
2129 0.00979484570245753 0.06398411794758953
2130 0.009794799339138167 0.06398339812477967
2131 0.009794746195902084 0.06398304235177853
2132 0.009794699486984663 0.06398232360732137
2133 0.009794645914065644 0.06398194608641025
2134 0.009794599160259617 0.06398123434683831
2135 0.009794545794761496 0.06398088866635866
2136 0.009794498710559971 0.06398017862372175
2137 0.009794444869050194 0.06397981125977797
2138 0.009794397820320466 0.06397910936139024
2139 0.009794344183749538 0.06397877403241246
2140 0.009794296765612701 0.06397807306540636
2141 0.009794242641598458 0.06397771553536143
2142 0.009794195280027602 0.06397702284526464
2143 0.009794141370600709 0.06397669758392188
2144 0.009794093631962196 0.06397600585342211
2145 0.009794039233107944 0.0639756583143075
2146 0.009793991556650436 0.06397497489909286
2147 0.009793937375842552 0.06397465969224388
2148 0.009793889319573108 0.06397397722501842
2149 0.009793834650981846 0.0639736396639654
2150 0.009793786662447722 0.063972965516941
2151 0.00979373221552898 0.06397266032264096
2152 0.009793683846833563 0.06397198706314226
2153 0.009793628915228274 0.06397165943137265
2154 0.009793580618354489 0.06397099446932761
2155 0.009793525909987706 0.06397069921004896
2156 0.009793477232259635 0.06397003506549241
2157 0.009793422044132518 0.06396971727601078
2158 0.009793373446150276 0.06396906142868118
2159 0.009793318642292314 0.06396877307349257
2160 0.009793268775423383 0.06396813162871655
2161 0.009793214442346895 0.06396780929434895
2162 0.009793164750821424 0.06396717171998545
2163 0.00979311054244977 0.06396688372284789
2164 0.009793060229040062 0.06396624980161449
2165 0.009793005611048381 0.06396593939680631
2166 0.009792955445448927 0.06396531266841494
2167 0.009792900975003625 0.06396503513513185
2168 0.009792850385782205 0.06396441045801139
2169 0.009792795551318864 0.06396410915418141
2170 0.009792745165234814 0.06396349125139797
2171 0.009792690466788205 0.06396322275921318
2172 0.009792639646765225 0.06396260663541446
2173 0.0097925845792943 0.06396231440434634
2174 0.009792533956066359 0.06396170499030268
2175 0.009792478887840754 0.06396144907672405
2176 0.009792428334632326 0.06396083232383583
2177 0.00979237258461229 0.06396055624712824
2178 0.009792322124961523 0.06395994872172978
2179 0.009792266488445514 0.06395970620236902
2180 0.009792215638989788 0.06395909965177252
2181 0.009792159681553574 0.06395883209254075
2182 0.009792108288963043 0.06395824127489662
2183 0.009792053682550044 0.06395800271166825
2184 0.009792001437045506 0.06395740482660828
2185 0.009791946760140025 0.0639571375921673
2186 0.009791894613090516 0.06395654854840363
2187 0.00979184012922173 0.06395631759249254
2188 0.009791787438043263 0.06395572958139498
2189 0.009791733491519192 0.06395549143900611
2190 0.009791679524877079 0.06395489819490303
2191 0.009791626274547761 0.06395469045215663
2192 0.009791572471559772 0.06395407842766256
2193 0.009791518002842803 0.06395384378948929
2194 0.009791465000783962 0.06395325752989497
2195 0.009791410567760908 0.06395307018295049
2196 0.009791356907068316 0.06395247391495103
2197 0.009791302142010605 0.06395225162418509
2198 0.009791249108376645 0.06395167011605203
2199 0.009791194585110246 0.06395148528584704
2200 0.009791140925585069 0.06395089149008643
2201 0.009791086083428616 0.06395067489241017
2202 0.009791032927253857 0.06395009976427656
2203 0.009790978261548738 0.06394992248499938
2204 0.009790924452337786 0.06394933515670442
2205 0.009790869540065378 0.06394912677972477
2206 0.009790816225346739 0.0639485583330246
2207 0.009790761492064081 0.06394838644274439
2208 0.009790707519579932 0.06394780357384544
2209 0.009790652637079574 0.0639476032443763
2210 0.009790599167622252 0.06394704134804942
2211 0.009790544384661936 0.06394687388976933
2212 0.009790490222585999 0.06394629486624105
2213 0.009790435375671116 0.06394610252478118
2214 0.009790381818115255 0.06394554754517931
2215 0.009790327026274885 0.06394538456806954
2216 0.009790272806208897 0.06394481115378144
2217 0.00979021791373463 0.06394462392432385
2218 0.009790164290123334 0.06394407343914488
2219 0.009790109510098543 0.06394391509146065
2220 0.009790055255544675 0.06394334658052417
2221 0.009790000417578836 0.06394316599075059
2222 0.009789946667461915 0.06394261924589695
2223 0.009789891916523302 0.0639424644797312
2224 0.009789837665513954 0.06394190150370885
2225 0.009789782790911257 0.06394172431635331
2226 0.009789729080527174 0.06394118195543537
2227 0.009789674364154262 0.06394103174698731
2228 0.009789620118943704 0.06394047379602473
2229 0.009789565341906033 0.0639403026013059
2230 0.009789511500618608 0.06393976112054331
2231 0.009789456868543578 0.06393961322437167
2232 0.009789402645728621 0.06393905844709251
2233 0.009789347896812068 0.06393889023336201
2234 0.009789294213970052 0.06393835468303563
2235 0.009789239640953497 0.06393821097061643
2236 0.009789185455733786 0.06393766185553246
2237 0.009789130848304663 0.06393749834954113
2238 0.009789076997718481 0.0639369593647148
2239 0.009789022547196885 0.06393681732490748
2240 0.009788968378294327 0.06393626561160254
2241 0.009788914092790936 0.06393610965231557
2242 0.009788860325906684 0.06393558001618659
2243 0.009788806006973762 0.06393543651903881
2244 0.009788751836453771 0.06393489815368263
2245 0.00978869771745729 0.06393474306301496
2246 0.009788645092481304 0.06393419500773942
2247 0.009788589237375155 0.06393404628628264
2248 0.009788535291110494 0.06393352111318699
2249 0.009788481419770699 0.06393337658323164
2250 0.00978842797296833 0.06393283929881979
2251 0.009788374096770271 0.06393269285798842
2252 0.009788321732613408 0.06393215111015302
2253 0.009788265888766242 0.06393200172817429
2254 0.009788213786574388 0.06393148317344517
2255 0.009788158032316323 0.06393132960167257
2256 0.009788106243025101 0.06393080392884136
2257 0.009788050562756846 0.06393064368029455
2258 0.009787998626209309 0.06393010216935407
2259 0.009787943848149957 0.06392996273694231
2260 0.009787892317895498 0.06392944704537519
2261 0.009787836777310214 0.06392929562368529
2262 0.009787785107404462 0.06392876862104119
2263 0.009787729836490256 0.06392860552648594
2264 0.009787678230430015 0.06392806555526109
2265 0.009787623740511195 0.06392792762459876
2266 0.009787570775646197 0.06392740243354014
2267 0.009787517834191004 0.06392726202966573
2268 0.009787465031066799 0.06392672530963975
2269 0.009787412084697139 0.06392657534483176
2270 0.009787360755878365 0.06392603845596923
2271 0.009787305725706963 0.06392589127349721
2272 0.009787254420475035 0.06392536841938579
2273 0.009787199650933377 0.06392521636968534
2274 0.009787147132394708 0.0639246761805634
2275 0.009787094861754426 0.06392453325889552
2276 0.009787044309874227 0.06392399837571243
2277 0.009786990790771739 0.06392384525587404
2278 0.009786936831280284 0.06392330258670258
2279 0.009786884614947975 0.06392316466574458
2280 0.009786832718601772 0.06392262773877107
2281 0.00978678083150256 0.06392248141728331
2282 0.00978672874881362 0.06392193757642746
2283 0.009786676695538387 0.06392179015704783
2284 0.0097866246120331 0.06392124503989494
2285 0.009786572659911334 0.06392110168558625
2286 0.009786522193636404 0.06392055681888745
2287 0.009786468332506688 0.06392039500922049
2288 0.009786418177929974 0.06391987378591285
2289 0.009786364441503395 0.06391970277067233
2290 0.009786313493564205 0.06391916132218825
2291 0.00978626234707613 0.06391901575160247
2292 0.009786211142180364 0.06391846907764956
2293 0.009786159930530733 0.06391831494713042
2294 0.00978610861149502 0.06391776384703382
2295 0.009786057481032189 0.06391760882589087
2296 0.009786006314980111 0.06391705756447696
2297 0.009785955361390318 0.06391690212629733
2298 0.009785904372619971 0.06391634982836367
2299 0.009785853602200854 0.06391619285869915
2300 0.009785802782269107 0.06391563881365865
2301 0.009785752196026872 0.06391547995788374
2302 0.009785701545305801 0.06391492400771276
2303 0.009785651140391189 0.06391476339328668
2304 0.009785600658484493 0.06391420553234763
2305 0.009785550434629873 0.06391404317332301
2306 0.009785500121274696 0.06391348338027175
2307 0.00978545008219776 0.06391331918582956
2308 0.009785399939005887 0.0639127574095369
2309 0.009785350087580453 0.06391259126661659
2310 0.009785300117506382 0.06391202741742093
2311 0.009785250455227738 0.06391185929812786
2312 0.00978520066195581 0.06391129331177606
2313 0.009785151189646981 0.06391112322139975
2314 0.00978510157525442 0.0639105550061521
2315 0.00978505229395972 0.06391038290448509
2316 0.009785002860024729 0.06390981239185371
2317 0.009784952136546564 0.06390960543353938
2318 0.009784905319456805 0.06390906571817462
2319 0.009784854730674445 0.06390886845954094
2320 0.009784807676838547 0.06390832505320473
2321 0.009784756988989054 0.06390812211919029
2322 0.009784709947468363 0.06390757071066026
2323 0.009784659539073757 0.06390736300280511
2324 0.009784612691603588 0.06390680757047132
2325 0.009784562572439311 0.06390659804422702
2326 0.009784515882854037 0.06390604081837371
2327 0.009784465995323795 0.06390582966903592
2328 0.009784418417507179 0.06390527159680143
2329 0.009784370177371569 0.06390506433877972
2330 0.009784322548990188 0.06390449715312857
2331 0.009784274606911791 0.06390428282048247
2332 0.009784227033160229 0.0639037125474311
2333 0.009784179214394954 0.06390349782698763
2334 0.009784131773587126 0.06390292679347184
2335 0.009784084095544708 0.06390271078056159
2336 0.009784036860164391 0.06390213733338329
2337 0.009783989382313091 0.06390191825590655
2338 0.009783942362494066 0.06390134198671224
2339 0.009783895092307862 0.06390111981269866
2340 0.009783848268641218 0.0639005409547581
2341 0.009783801194524135 0.06390031610261512
2342 0.009783754561104181 0.06389973469897658
2343 0.00978370767643175 0.06389950730613916
2344 0.009783661236766184 0.06389892326221361
2345 0.009783614540025921 0.06389869328274435
2346 0.009783568296604038 0.06389810653797832
2347 0.009783521785187614 0.06389787404535555
2348 0.009783475730752205 0.06389728487416022
2349 0.009783429405201381 0.06389704993189782
2350 0.009783383541618436 0.06389645818097885
2351 0.009783337407784948 0.06389622057149985
2352 0.009783291735260003 0.06389562612872771
2353 0.009783245794085176 0.06389538579126507
2354 0.009783200311777415 0.06389478868041454
2355 0.009783154559882233 0.06389454563209689
2356 0.009783109266739261 0.06389394588936373
2357 0.009783063700291887 0.06389370014999714
2358 0.009783018595737918 0.06389309778759579
2359 0.009782973211921708 0.06389284938128237
2360 0.00978292829492532 0.06389224439524879
2361 0.009782883091923359 0.06389199335175745
2362 0.009782838360349854 0.06389138573549392
2363 0.009782793335777983 0.06389113207589478
2364 0.009782748786998852 0.06389052184181684
2365 0.00978270394048871 0.06389026558610211
2366 0.00978265957314141 0.06388965275831671
2367 0.009782614903073234 0.0638893938961141
2368 0.009782570714907559 0.06388877850620604
2369 0.009782526219339673 0.06388851704258491
2370 0.009782482208696985 0.06388789912520558
2371 0.009782437885178482 0.06388763507907116
2372 0.00978239405030311 0.06388701465631588
2373 0.009782349896053479 0.06388674805742812
2374 0.009782306235155701 0.06388612514697481
2375 0.009782262247565534 0.06388585603000779
2376 0.00978221875856995 0.06388523065182795
2377 0.009782174934891454 0.06388495904904987
2378 0.009782131615022387 0.06388433123313773
2379 0.009782087952615223 0.06388405717416541
2380 0.00978204479904587 0.06388342695661828
2381 0.009782001295352998 0.06388315047049599
2382 0.009781958305196747 0.06388251789021201
2383 0.009781914957445062 0.06388223900710971
2384 0.009781872127908127 0.06388160410422082
2385 0.009781828933025835 0.06388132285893874
2386 0.009781786261263505 0.06388068567417807
2387 0.009781743215907267 0.06388040210460148
2388 0.009781700699050083 0.06387976267859748
2389 0.009781657799944055 0.06387947682649475
2390 0.00978161543514615 0.06387883520356766
2391 0.009781572678935459 0.06387854711435303
2392 0.00978153046297936 0.06387790333777549
2393 0.009781487846293157 0.06387761305697741
2394 0.009781445775921863 0.0638769671744101
2395 0.009781403295425265 0.06387667474932848
2396 0.009781361367239111 0.06387602681090754
2397 0.009781319019518866 0.06387573228855699
2398 0.009781277230285818 0.06387508235015167
2399 0.00978123501179747 0.06387478578208043
2400 0.009781193357888854 0.06387413389589942
2401 0.009781151264820548 0.06387383533230882
2402 0.009781109742673251 0.06387318155350263
2403 0.009781067771296861 0.06387288104976255
2404 0.00978102637741223 0.06387222543668959
2405 0.009780984523840641 0.06387192305010983
2406 0.009780943254436045 0.0638712656576978
2407 0.009780901514838269 0.06387096144519938
2408 0.009780860366251802 0.06387030233455797
2409 0.009780818736709806 0.06386999635587755
2410 0.009780777705109624 0.06386933558838305
2411 0.009780736181684454 0.06386902790358209
2412 0.009780695263216614 0.06386836554213043
2413 0.009780653841927207 0.06386805621263543
2414 0.00978061303268468 0.06386739232160317
2415 0.00978057170948041 0.06386708141040144
2416 0.009780531005517124 0.0638664160553219
2417 0.00978048977628323 0.06386610362678392
2418 0.009780449173620332 0.06386543687425218
2419 0.009780408034264788 0.06386512299544252
2420 0.009780367529017217 0.06386445491507729
2421 0.009780326475430035 0.06386413965468234
2422 0.009780286063440847 0.06386347031385002
2423 0.009780245091239349 0.06386315373704179
2424 0.009780204768305035 0.06386248320334556
2425 0.009780163873241311 0.06386216537808811
2426 0.00978012363529987 0.06386149372286949
2427 0.009780082813233747 0.06386117472084837
2428 0.009780042656218726 0.06386050201750516
2429 0.009780001902883539 0.06386018190861277
2430 0.009779961822421367 0.06385950821663236
2431 0.009779921133420298 0.06385918705613923
2432 0.009779881125488818 0.06385851245646187
2433 0.009779840496691616 0.06385819033503776
2434 0.009779800557130342 0.06385751490476417
2435 0.009779759984290964 0.06385719190287233
2436 0.009779720109039096 0.06385651572761451
2437 0.009779679587877121 0.06385619192118737
2438 0.009779639772756064 0.06385551507137195
2439 0.009779599299215817 0.06385519053786383
2440 0.009779559540237773 0.06385451308944634
2441 0.009779519109857736 0.06385418789599104
2442 0.009779479402853014 0.06385350992432941
2443 0.009779439011482491 0.06385318415132903
2444 0.009779399352125503 0.06385250572612612
2445 0.009779359311322197 0.06385217134999646
2446 0.009779318653760324 0.06385151511942039
2447 0.009779279249770895 0.06385116837713226
2448 0.009779238916797144 0.06385050594763987
2449 0.009779199606336008 0.06385015885678638
2450 0.00977915921640163 0.06384949750305803
2451 0.009779119848998657 0.06384915133491198
2452 0.009779079422903439 0.06384849076777291
2453 0.00977904004670198 0.06384814467511546
2454 0.009778999649015699 0.06384748417484906
2455 0.009778960293396952 0.06384713779633093
2456 0.00977891993716342 0.06384647718136464
2457 0.009778880597103206 0.06384613064345325
2458 0.009778840266732281 0.06384547003359042
2459 0.009778800932997923 0.06384512356142141
2460 0.009778760614726916 0.06384446307791157
2461 0.009778721284188233 0.06384411680968244
2462 0.009778680972360407 0.0638434565413015
2463 0.009778641642941214 0.06384311052470033
2464 0.009778601335126888 0.06384245055074944
2465 0.009778562003053066 0.06384210480134946
2466 0.009778521696978775 0.06384144523998771
2467 0.009778482357612736 0.06384109979291014
2468 0.009778443005846361 0.06384042227102779
2469 0.009778402355024533 0.06384010214391883
2470 0.009778363114167712 0.06383942523170297
2471 0.009778322446055249 0.06383910272677058
2472 0.009778283331927647 0.06383842424915472
2473 0.009778242735162732 0.06383810081402855
2474 0.009778203637397649 0.06383742237791061
2475 0.009778163044054504 0.06383709963293725
2476 0.009778123897692748 0.06383642212476713
2477 0.009778083279348889 0.06383610041748569
2478 0.009778044086730827 0.06383542389402583
2479 0.009778003442359394 0.06383510312755912
2480 0.009777964219496751 0.06383442752320738
2481 0.009777923546919587 0.0638341076076243
2482 0.009777884298799045 0.06383343298687602
2483 0.009777843592193148 0.06383311395930331
2484 0.00977780431604924 0.06383244043040343
2485 0.009777763569767839 0.06383212240075745
2486 0.009777724262032413 0.06383145004802675
2487 0.009777683472104432 0.06383113316590543
2488 0.00977764412940425 0.06383046222068776
2489 0.009777603292428877 0.06383014664516298
2490 0.009777563857121885 0.06382947355995523
2491 0.009777523528370675 0.06382917018229349
2492 0.009777484040609264 0.06382848909858525
2493 0.00977744225166597 0.06382817498967144
2494 0.009777403799597446 0.0638275041100059
2495 0.009777361556978692 0.06382719465206038
2496 0.009777322671104229 0.06382653739726488
2497 0.009777281383829498 0.0638262304532555
2498 0.009777241999498174 0.06382556458455713
2499 0.009777200877757897 0.06382525417380594
2500 0.009777161355569918 0.06382458545245573
2501 0.009777120733911855 0.06382428585130225
2502 0.009777081042813027 0.0638236132140575
2503 0.009777038898039851 0.06382330817891288
2504 0.00977700017182139 0.06382264645101961
2505 0.009776957592648473 0.06382234521372894
2506 0.009776918429254357 0.06382169604682936
2507 0.009776876797234499 0.06382139806599932
2508 0.00977683708278782 0.0638207358940244
2509 0.009776796305407407 0.06382044281142842
2510 0.009776755494404623 0.06381978035155583
2511 0.009776714526318684 0.06381948210603992
2512 0.009776674200677279 0.0638188257575137
2513 0.009776632900434795 0.06381852856184111
2514 0.009776592771525688 0.06381787927425694
2515 0.009776551222720555 0.06381758797502297
2516 0.009776510870522172 0.06381693403391535
2517 0.009776469167969338 0.06381663587250606
2518 0.009776429260555526 0.06381600411127229
2519 0.009776387443364235 0.06381571726162781
2520 0.009776347677597995 0.06381506726207632
2521 0.009776305480839978 0.06381478777482372
2522 0.009776265080230679 0.06381412564456834
2523 0.009776222078002588 0.06381384388508918
2524 0.009776182892364683 0.06381319854630015
2525 0.009776139756123767 0.0638129203323147
2526 0.009776100720909597 0.06381228941854164
2527 0.009776057092813812 0.06381200813781804
2528 0.009776017936137976 0.06381137545151197
2529 0.009775974205837135 0.06381109073113686
2530 0.009775934762245739 0.06381044247598694
2531 0.009775891507234716 0.0638101776774994
2532 0.009775852243619439 0.06380955630662713
2533 0.009775808201814012 0.06380928208959971
2534 0.009775768798588927 0.06380865412075057
2535 0.009775724694720338 0.06380837083408615
2536 0.009775685202960582 0.06380773347496833
2537 0.009775641704570738 0.06380747886702896
2538 0.00977560213485482 0.06380686516411659
2539 0.009775557836102428 0.06380659714900451
2540 0.00977551816457955 0.06380597532567416
2541 0.009775473893719987 0.06380570177584867
2542 0.00977543403453145 0.06380506955496164
2543 0.009775390305169052 0.06380482137335744
2544 0.009775350485952915 0.06380421536125516
2545 0.009775305964659628 0.06380395618006401
2546 0.00977526598787515 0.06380334313025145
2547 0.009775221530640444 0.06380307848446055
2548 0.009775181353126959 0.06380245255962903
2549 0.009775137373895997 0.06380221064289195
2550 0.009775097295385405 0.06380161255084352
2551 0.00977505254924713 0.06380136190007728
2552 0.009775012295762862 0.06380075737456339
2553 0.009774967611363958 0.06380050202637574
2554 0.009774927137077206 0.06379988343022865
2555 0.009774882907316247 0.06379964828867998
2556 0.009774842577710571 0.06379905826615748
2557 0.009774797602835453 0.06379881582151135
2558 0.00977475708446192 0.06379821966759958
2559 0.009774712156035792 0.06379797291143852
2560 0.009774671403345569 0.0637973624794153
2561 0.009774626955259312 0.06379713574501673
2562 0.009774586357220344 0.0637965536900959
2563 0.009774541154879451 0.06379631948464752
2564 0.009774500372317163 0.06379573134101797
2565 0.009774455215545787 0.0637954929803389
2566 0.009774414196024451 0.06379489081923152
2567 0.0097743695284346 0.06379467245305889
2568 0.009774328670432497 0.06379409869407793
2569 0.009774283247059895 0.06379387284849376
2570 0.009774242206810982 0.0637932930036209
2571 0.009774196830907982 0.06379306309004761
2572 0.009774155555038518 0.06379246921965662
2573 0.009774110677369217 0.06379225928837597
2574 0.009774069571085842 0.06379169379188425
2575 0.009774023937854284 0.06379147640090824
2576 0.009773982650775826 0.06379090489436055
2577 0.009773937069637783 0.06379068341497802
2578 0.009773895548964823 0.06379009787770494
2579 0.009773850476387626 0.06378989641329733
2580 0.009773809133681241 0.06378933923200114
2581 0.009773763304370117 0.06378913029782446
2582 0.009773721782534925 0.06378856721505104
2583 0.009773676011359408 0.06378835405493326
2584 0.009773634261009752 0.06378777682176427
2585 0.009773589009166724 0.06378758379071341
2586 0.009773547446292529 0.06378703489186037
2587 0.009773501434788168 0.06378683440068968
2588 0.009773459693173153 0.06378627973670434
2589 0.009773413749375501 0.06378607478467152
2590 0.009773371786216558 0.0637855057580449
2591 0.009773326374054042 0.063785321105855
2592 0.009773284608061494 0.06378478040245154
2593 0.00977323843292671 0.06378458830204503
2594 0.009773196487839671 0.06378404202167258
2595 0.009773150391915123 0.06378384512156926
2596 0.009773108234390385 0.06378328417811267
2597 0.009773063748776897 0.06378312902590408
2598 0.009773020186506724 0.06378257744515538
2599 0.009772974031307082 0.06378238408126148
2600 0.009772931974085495 0.06378184502417261
2601 0.009772887176332947 0.06378167991898057
2602 0.009772843167715692 0.06378110996229293
2603 0.009772798938891195 0.06378095825239531
2604 0.009772755059609995 0.0637804139560456
2605 0.009772710297597173 0.06378025401398379
2606 0.009772666278330277 0.06377970464190839
2607 0.009772621683972598 0.06377953845106198
2608 0.009772577506860862 0.06377897649622241
2609 0.009772533510218381 0.06377883718736783
2610 0.009772489502489701 0.06377830347430744
2611 0.009772444668155873 0.06377815339584703
2612 0.009772400499566077 0.06377761083753841
2613 0.009772355694702924 0.06377745073602487
2614 0.00977231154363639 0.0637768992826919
2615 0.009772267351489365 0.06377676813321616
2616 0.009772223255244294 0.06377624004337853
2617 0.009772178318838537 0.06377609680528677
2618 0.009772134138689832 0.06377555945795726
2619 0.009772089279276613 0.06377541138006816
2620 0.009772046429112256 0.06377487334510024
2621 0.009771999996181323 0.06377473574552606
2622 0.009771955914523293 0.06377421606005965
2623 0.009771912374444769 0.06377409525130247
2624 0.009771866717503375 0.06377355030839221
2625 0.009771823100630947 0.06377341678499106
2626 0.009771777562347926 0.06377287324701147
2627 0.00977173427835752 0.06377276819096078
2628 0.00977168997022714 0.06377223218736965
2629 0.009771643428638378 0.06377209539603619
2630 0.009771599516474286 0.06377158459611471
2631 0.009771556179127254 0.06377147279558502
2632 0.009771512024357984 0.06377095054831701
2633 0.009771466209473835 0.06377080976130937
2634 0.009771420721865961 0.0637702805750234
2635 0.009771377616274919 0.06377018269763683
2636 0.009771332240989142 0.06376965584644122
2637 0.00977128875969728 0.06376955586807373
2638 0.009771244368207324 0.06376902198882201
2639 0.009771199352087085 0.06376890833893964
2640 0.009771153605598075 0.06376839397123839
2641 0.009771110284170149 0.06376829025379657
2642 0.009771064936309666 0.06376777384212357
2643 0.009771021456852035 0.06376766317327488
2644 0.009770976045134536 0.06376714813523908
2645 0.009770932625302155 0.06376704719793677
2646 0.009770886999975061 0.06376653655090569
2647 0.0097708432187064 0.06376642331829338
2648 0.009770798120020944 0.06376591422580785
2649 0.009770754774554781 0.06376582660755045
2650 0.009770709151020449 0.06376531405633046
2651 0.009770665679544169 0.06376522069998448
2652 0.009770620068147865 0.06376470236801685
2653 0.009770576744064572 0.06376461508192753
2654 0.00977053250930581 0.06376409883363568
2655 0.009770487781206141 0.06376400201639383
2656 0.009770442297685934 0.06376350477061861
2657 0.009770399039682203 0.06376341784854679
2658 0.00977035383679796 0.06376291258447879
2659 0.009770310635409927 0.06376282064831544
2660 0.009770265392102302 0.0637623177713468
2661 0.009770222148467263 0.0637622300092892
2662 0.009770176839641355 0.06376172940013293
2663 0.009770133628321213 0.06376164156563643
2664 0.009770088446948547 0.06376114497326443
2665 0.009770045227093734 0.0637610588808315
2666 0.009770000051658428 0.06376056447575068
2667 0.009769956854108733 0.06376047481421959
2668 0.009769913295070987 0.06375999732850465
2669 0.009769867888670014 0.06375988703233895
2670 0.009769823319612025 0.06375939887314841
2671 0.009769780567111098 0.06375932981639801
2672 0.009769735640401258 0.06375883724682019
2673 0.009769692710782187 0.06375875677604055
2674 0.009769647761371909 0.0637582621014308
2675 0.009769604875342798 0.06375818475849611
2676 0.009769559947596578 0.0637576922524118
2677 0.009769517137027747 0.06375761559741497
2678 0.009769472336202406 0.06375712652836828
2679 0.009769429553032123 0.06375705278311132
2680 0.009769384751122118 0.06375656372142481
2681 0.009769342057643635 0.06375648923811636
2682 0.009769297402051139 0.06375600226507941
2683 0.009769254754831392 0.06375593045513957
2684 0.009769210113141207 0.06375544327551369
2685 0.009769167561607719 0.06375537091041276
2686 0.009769123061642342 0.06375488594290656
2687 0.009769080560535175 0.06375481625152671
2688 0.009769036072740867 0.06375433115054147
2689 0.009768993672377648 0.0637542607425108
2690 0.009768949331223974 0.06375377777083541
2691 0.009768906985518008 0.06375370990236208
2692 0.009768862663854079 0.06375322663064772
2693 0.009768820424418699 0.06375315796890789
2694 0.009768776254838058 0.06375267668546447
2695 0.009768734074918455 0.06375261052823808
2696 0.009768689929549115 0.06375212882930098
2697 0.0097686478609696 0.06375206179790083
2698 0.009768603871483018 0.06375158199703569
2699 0.009768561866289056 0.06375151737378597
2700 0.009768517905411904 0.06375103707065176
2701 0.009768476016569853 0.06375097145768406
2702 0.009768432215240649 0.06375049297134362
2703 0.00976839039395261 0.0637504296874211
2704 0.009768346625149991 0.06374995058724248
2705 0.009768304924845454 0.0637498862213121
2706 0.009768261319344072 0.06374940883625568
2707 0.009768219689946019 0.06374934673825228
2708 0.009768176120996144 0.06374886863711166
2709 0.009768134616643951 0.06374880537643628
2710 0.009768091214269085 0.0637483289037582
2711 0.009768049783923871 0.06374826783468918
2712 0.009768006421689752 0.06374779053535504
2713 0.009767965120693686 0.06374772820658946
2714 0.009767921927858737 0.06374725244954443
2715 0.009767880703730162 0.0637471922426036
2716 0.009767837554220617 0.06374671557167802
2717 0.009767796463285039 0.06374665403041781
2718 0.009767753485551034 0.06374617882387071
2719 0.009767712473702747 0.06374611932882054
2720 0.009767669542314981 0.06374564308946973
2721 0.009767628667035289 0.06374558214910289
2722 0.009767585909971409 0.0637451072811373
2723 0.009767545115713917 0.06374504832695163
2724 0.009767502407972611 0.06374457234604974
2725 0.009767461753393516 0.06374451188076202
2726 0.009767419221682304 0.06374403721159455
2727 0.009767378649623059 0.06374397867498949
2728 0.009767335361166477 0.06374351523132181
2729 0.009767295257476152 0.06374341794034719
2730 0.009767254800129627 0.06374298756352889
2731 0.00976721263289405 0.06374288875033216
2732 0.009767171876830873 0.06374245580892141
2733 0.009767129767251855 0.06374235532410903
2734 0.009767089420741962 0.06374192029709688
2735 0.009767047492224014 0.06374181928937635
2736 0.009767007332900953 0.06374138588207083
2737 0.009766965586554785 0.06374128523206664
2738 0.009766925538740296 0.06374085060834858
2739 0.00976688386623179 0.0637407496161501
2740 0.009766843905743986 0.06374031636920033
2741 0.009766802382672629 0.06374021529750906
2742 0.009766762535303281 0.06373978044063673
2743 0.009766721117533395 0.06373967921177343
2744 0.009766681376435814 0.0637392454107672
2745 0.009766640104570104 0.06373914420729544
2746 0.009766600488774421 0.06373870864008069
2747 0.009766559323491929 0.06373860728050361
2748 0.009766519817447613 0.06373817282910509
2749 0.009766478799436606 0.063738071306552
2750 0.009766439414961227 0.06373763523283198
2751 0.009766398502313747 0.06373753326716948
2752 0.009766359222180752 0.06373709837085893
2753 0.009766318454977468 0.06373699607752049
2754 0.009766279300506301 0.06373655950771426
2755 0.009766238634276095 0.06373645675658245
2756 0.009766199587271837 0.0637360212025901
2757 0.009766159064383799 0.06373591821550072
2758 0.009766120145527564 0.06373548080545659
2759 0.009766079723015533 0.06373537741808341
2760 0.009766040908247176 0.06373494089777629
2761 0.009766000630914623 0.06373483723954058
2762 0.009765961941889046 0.06373439883168518
2763 0.009765921765822068 0.0637342946603623
2764 0.009765883177612289 0.06373385717207727
2765 0.00976584314693091 0.06373375261640676
2766 0.009765804685244709 0.06373331326373027
2767 0.009765764753419061 0.06373320810532589
2768 0.009765726391628949 0.06373276964017612
2769 0.009765686603110859 0.06373266405679605
2770 0.009765648368987325 0.06373222365542675
2771 0.009765608676860065 0.06373211745749434
2772 0.009765570540794195 0.06373167785435149
2773 0.009765530990448558 0.06373157123191854
2774 0.009765492981228826 0.063731129625461
2775 0.009765453524956405 0.0637310223660565
2776 0.009765415610919781 0.06373058151722207
2777 0.009765376295749278 0.06373047379210364
2778 0.009765338507735548 0.06373003091991042
2779 0.009765299284718794 0.06372992249749238
2780 0.009765261589354103 0.06372948035898837
2781 0.009765222507111053 0.0637293714151423
2782 0.009765184937667922 0.06372892723394488
2783 0.009765145944490293 0.06372881755524384
2784 0.009765108463660396 0.06372837408836543
2785 0.009765069607509048 0.06372826388672713
2786 0.009765032251074853 0.06372781835405783
2787 0.009764993479660733 0.06372770740582383
2788 0.00976495620845844 0.06372726254557734
2789 0.009764917572232202 0.06372715106140982
2790 0.009764880424239642 0.06372670410478082
2791 0.009764841869507693 0.06372659184724405
2792 0.009764804803106346 0.06372614553819622
2793 0.009764766381593288 0.06372603271994917
2794 0.009764729436819657 0.06372558430299745
2795 0.009764691093292784 0.06372547068427141
2796 0.009764654226204574 0.06372502289964287
2797 0.009764616013118529 0.06372490870420848
2798 0.009764579265788224 0.06372445880602003
2799 0.00976454112638212 0.06372434379424417
2800 0.009764504452643293 0.06372389450912112
2801 0.00976446644063496 0.06372377891387428
2802 0.00976442988461804 0.06372332750526485
2803 0.009764391941936009 0.06372321108432988
2804 0.009764355455137864 0.06372276027135408
2805 0.009764317636711203 0.06372264326325094
2806 0.009764281265206032 0.06372219032399563
2807 0.009764243511590564 0.06372207248098026
2808 0.009764207204692404 0.06372162012758084
2809 0.0097641695720488 0.06372150169360449
2810 0.00976413337785044 0.06372104721842693
2811 0.009764095805320935 0.06372092794213331
2812 0.009764059671012532 0.06372047404649817
2813 0.009764022215908859 0.06372035418143057
2814 0.009763986191532653 0.06371989817221044
2815 0.009763948791586773 0.06371977746361802
2816 0.00976391282235251 0.06371932202902886
2817 0.009763875536259629 0.06371920073708391
2818 0.009763839674062651 0.0637187431973342
2819 0.009763802438057715 0.06371862106414099
2820 0.009763766626064006 0.06371816409840175
2821 0.009763729500251795 0.06371804139324933
2822 0.009763693792209097 0.06371758233854853
2823 0.009763656711237467 0.0637174587974946
2824 0.009763621048303866 0.06371700032102923
2825 0.009763584073765345 0.06371687622189155
2826 0.009763548511548431 0.06371641567143747
2827 0.009763511576877479 0.06371629074133874
2828 0.009763476054760354 0.06371583077151557
2829 0.009763439222861608 0.06371570530034996
2830 0.009763403797895883 0.06371524328336123
2831 0.009763366999760284 0.06371511699810865
2832 0.009763331609302017 0.06371465557991096
2833 0.009763294909307408 0.06371452877757287
2834 0.009763259612226356 0.06371406533895795
2835 0.009763222940550174 0.06371393773583632
2836 0.009763187673012789 0.06371347490485296
2837 0.009763151095682571 0.06371334680406793
2838 0.009763115917830009 0.06371288197972425
2839 0.009763079362886239 0.06371275309552782
2840 0.009763044208838252 0.0637122888930499
2841 0.009763007743639472 0.06371215952999192
2842 0.009762972675334903 0.06371169335866506
2843 0.009762936227245736 0.06371156322882454
2844 0.009762901177843635 0.06371109769777056
2845 0.009762864815493781 0.06371096712041784
2846 0.00976282984794587 0.06371049965647803
2847 0.009762793497076365 0.06371036833323512
2848 0.009762758542994231 0.0637099015253626
2849 0.009762722273536114 0.06370976978112179
2850 0.009762687397300062 0.06370930107988633
2851 0.009762651133799866 0.06370916862444355
2852 0.009762616265921249 0.06370870061596422
2853 0.009762580079300937 0.06370856777999004
2854 0.009762545284846276 0.06370809791884502
2855 0.009762509098309799 0.06370796439921328
2856 0.009762474306957179 0.06370749525590315
2857 0.009762438192743328 0.06370736137854399
2858 0.009762403470588772 0.06370689040726135
2859 0.009762367350878511 0.06370675587636572
2860 0.009762332626724613 0.06370628566706951
2861 0.00976229657490876 0.06370615084363045
2862 0.009762261915616001 0.06370567887991732
2863 0.009762225852516015 0.06370554344728387
2864 0.009762191185826769 0.06370507227261314
2865 0.009762155186078052 0.06370493657777215
2866 0.009762120579874229 0.06370446368891441
2867 0.009762084563445317 0.063704327421734
2868 0.009762049944893325 0.06370385536046233
2869 0.00976201398755663 0.0637037188757834
2870 0.009761979425169928 0.0637032451505832
2871 0.009761943445771887 0.06370310813590391
2872 0.009761908866073402 0.06370263527998325
2873 0.009761872941313436 0.063702498094671
2874 0.009761838413332051 0.0637020236266324
2875 0.00976180246118637 0.06370188595381629
2876 0.009761767911219943 0.06370141239651358
2877 0.009761732009610944 0.06370127459944532
2878 0.009761697507269745 0.06370079947947514
2879 0.009761661573274715 0.06370066123526984
2880 0.009761627044386977 0.06370018706696663
2881 0.009761591156887281 0.06370004874138775
2882 0.009761556671508582 0.06369957305840854
2883 0.009761520746770438 0.06369943432966998
2884 0.00976148623059969 0.06369895964452693
2885 0.009761450348281858 0.06369882088698581
2886 0.009761415871316825 0.06369834474796526
2887 0.009761379946826867 0.06369820563993783
2888 0.009761345434766705 0.06369773054842268
2889 0.009761309548645309 0.0636975914592994
2890 0.009761275071530455 0.06369711496394924
2891 0.009761239138509223 0.06369697556818475
2892 0.009761204622200821 0.06369650016687134
2893 0.009761168723600137 0.06369636083887674
2894 0.009761134238221463 0.06369588409229072
2895 0.009761098288222645 0.06369574450774944
2896 0.009761063759705636 0.06369526891536946
2897 0.009761027840177201 0.06369512946426949
2898 0.009760993338596688 0.06369465258439587
2899 0.009760957363644671 0.06369451292043773
2900 0.009760922815931553 0.06369403723129591
2901 0.009760886869053662 0.06369389773185652
2902 0.009760852344993477 0.06369342080052828
2903 0.009760816338967252 0.06369328114030338
2904 0.009760781765398871 0.06369280545776085
2905 0.009760745784319791 0.06369266602151051
2906 0.009760711230766248 0.06369218915333774
2907 0.00976067518689272 0.0636920496053139
2908 0.009760640580882642 0.06369157403478708
2909 0.009760604559197559 0.06369143476206682
2910 0.009760569969589515 0.06369095805722245
2911 0.009760533881478328 0.06369081872454171
2912 0.009760499236319544 0.06369034336984461
2913 0.009760463167374091 0.06369020436031383
2914 0.00976042853486399 0.06368972791275636
2915 0.00976039239616738 0.06368958888592158
2916 0.00976035770561374 0.0636891138453544
2917 0.009760321583589108 0.06368897520725156
2918 0.009760286902742332 0.06368849914376951
2919 0.009760250708293618 0.06368836054985035
2920 0.009760215966779739 0.06368788593907282
2921 0.009760179786087168 0.06368774777340568
2922 0.009760145051163297 0.06368727219406828
2923 0.009760108795181379 0.06368713413270939
2924 0.009760073997425088 0.06368666006792174
2925 0.009760037752706176 0.06368652248911753
2926 0.009760002958591939 0.06368604751014782
2927 0.009759966635954187 0.06368591008683684
2928 0.009759931777044484 0.06368543667992958
2929 0.009759895463334771 0.06368529979639266
2930 0.009759860605146135 0.06368482553385819
2931 0.009759824211025643 0.06368468886094858
2932 0.009759789286469018 0.06368421622752871
2933 0.009759752899491261 0.06368408014713092
2934 0.009759717973198693 0.06368360671226765
2935 0.00975968150370761 0.06368347089550049
2936 0.009759646509754503 0.06368299914674656
2937 0.009759610045740068 0.06368286397644296
2938 0.009759575047677311 0.06368239148024465
2939 0.00975953849927942 0.06368225662633144
2940 0.009759503432434501 0.06368178587433922
2941 0.009759466887996462 0.06368165172303625
2942 0.009759431814895391 0.06368118027964047
2943 0.009759396301646467 0.06368106016645296
2944 0.009759358380396601 0.06368056469822456
2945 0.009759324514523224 0.06368045007996599
2946 0.009759286842804337 0.06367996112801987
2947 0.009759252901776793 0.06367985028091511
2948 0.009759215002262518 0.06367936197415755
2949 0.00975918100150378 0.06367924994300704
2950 0.009759143006328418 0.06367876204571161
2951 0.009759108922406726 0.06367865133042702
2952 0.009759070906039122 0.0636781629581465
2953 0.009759036840080632 0.06367805156314162
2954 0.009758998797392057 0.06367756493496217
2955 0.009758964632297855 0.06367745578649836
2956 0.009758926530229623 0.06367696901652128
2957 0.009758892367658764 0.06367685911182978
2958 0.00975885424612221 0.06367637418884257
2959 0.00975881998741952 0.06367626632889005
2960 0.009758781806072231 0.06367578129220311
2961 0.009758747550825054 0.06367567257138891
2962 0.009758710549995437 0.0636751985705513
2963 0.009758673461024787 0.06367506948383098
2964 0.009758637923364646 0.06367460728901166
2965 0.009758602102388662 0.06367449554320398
2966 0.009758563766693653 0.06367400985487208
2967 0.009758529451467282 0.06367390270965678
2968 0.009758491307925169 0.06367342245906914
2969 0.00975845688317673 0.06367331881901568
2970 0.009758418540253761 0.06367283967549743
2971 0.009758384049439576 0.06367273519432388
2972 0.009758345603097152 0.06367225671677954
2973 0.009758311028162847 0.06367215365165226
2974 0.009758272564709396 0.0636716752014722
2975 0.009758238008122299 0.06367157162811392
2976 0.009758200730321824 0.06367110399879106
2977 0.009758163321279887 0.0636709810832486
2978 0.009758127499707597 0.06367052522278673
2979 0.009758091382237868 0.06367041935045525
2980 0.00975805275133463 0.06366994073737718
2981 0.009758018132992893 0.06366983948314009
2982 0.009757979709948262 0.06366936630016411
2983 0.009757944985386508 0.06366926855206802
2984 0.009757906365696175 0.06366879668840934
2985 0.009757871575578963 0.06366869819598117
2986 0.009757834076061775 0.06366823576040939
2987 0.009757796441119751 0.06366811760543431
2988 0.009757760431070702 0.06366766684044535
2989 0.009757724117871725 0.06366756529962798
2990 0.009757685294914302 0.06366709250120046
2991 0.009757650479241927 0.0636669958064668
2992 0.0097576118708315 0.0636665284124017
2993 0.009757576949226016 0.06366643542394811
2994 0.009757538146986305 0.06366596930166042
2995 0.00975750315912465 0.06366587576604618
2996 0.009757465492298644 0.06366541884955991
2997 0.009757428809779282 0.06366531695533315
2998 0.009757389777716527 0.06366485048549701
2999 0.009757354897777617 0.06366475999766745
3000 0.009757316241277139 0.06366429758059823
3001 0.009757281249766056 0.06366420736123735
3002 0.009757243543615329 0.06366375497087272
3003 0.009757206737932603 0.06366365686833669
3004 0.009757167587950024 0.06366319450239856
3005 0.009757132590754657 0.06366310733718265
3006 0.00975709383623286 0.06366264835174125
3007 0.009757058743991891 0.06366256132186274
3008 0.009757020964512673 0.06366211241532761
3009 0.009756984061581441 0.06366201769511937
3010 0.009756944827387299 0.06366155928832429
3011 0.009756909736504542 0.06366147537213564
3012 0.009756870903602865 0.06366102039328289
3013 0.009756835724550959 0.0636609365802172
3014 0.009756797872148929 0.06366049151449582
3015 0.009756760886010485 0.06366040022610486
3016 0.009756721574953562 0.06365994582388482
3017 0.009756686402201018 0.06365986533881032
3018 0.009756648785309116 0.06365942134961164
3019 0.00975661185284454 0.06365933394063013
3020 0.009756572494988442 0.06365888204104293
3021 0.009756537318333374 0.06365880308216111
3022 0.00975649963303764 0.0636583636853653
3023 0.009756462672637588 0.06365827759153089
3024 0.009756423311473103 0.06365782908706849
3025 0.009756388043224564 0.06365775348610545
3026 0.009756350343788057 0.06365731491443613
3027 0.009756311972708369 0.06365725975562284
3028 0.009756275464084564 0.0636567513141473
3029 0.009756237819014187 0.06365672960710807
3030 0.009756201117054492 0.06365623948666829
3031 0.009756163108506048 0.06365622208031241
3032 0.009756126128002415 0.06365573034724545
3033 0.009756088224954624 0.06365571009470224
3034 0.009756051318428152 0.06365521792613102
3035 0.009756013424297875 0.06365519927113877
3036 0.009755976503290392 0.06365470687354419
3037 0.009755938685574367 0.06365468856801079
3038 0.009755901772361965 0.0636541984820715
3039 0.009755863862096027 0.06365418324470612
3040 0.009755826894939224 0.06365369391556158
3041 0.009755789042574082 0.06365367847610115
3042 0.009755752111010178 0.06365319159777708
3043 0.009755714179911812 0.06365317844939983
3044 0.009755677220430574 0.06365269230783994
3045 0.009755639352297518 0.06365267871424471
3046 0.009755602438354438 0.06365219495257232
3047 0.009755564493249548 0.06365218391766053
3048 0.009755527549262845 0.06365170064949487
3049 0.00975548967026762 0.06365168956476576
3050 0.009755452771087806 0.06365120836462339
3051 0.009755414821583061 0.06365120010552705
3052 0.009755377893199909 0.06365071923157242
3053 0.009755340016073404 0.06365071093015512
3054 0.009755304557892371 0.06365023742083789
3055 0.009755264802346064 0.0636502249384327
3056 0.009755227694056776 0.06364974635466922
3057 0.009755189969216718 0.06364974232286721
3058 0.009755153404036184 0.06364926613255327
3059 0.009755115672809747 0.06364926163738675
3060 0.009755078859395571 0.06364878767235756
3061 0.009755040935105411 0.0636487856080158
3062 0.009755004031500102 0.06364831184057222
3063 0.009754966188769514 0.0636483093572477
3064 0.009754929368163093 0.0636478375927539
3065 0.009754891479079755 0.06364783779896568
3066 0.009754854648817505 0.06364736651420574
3067 0.009754816841201722 0.06364736661061821
3068 0.00975478149965134 0.06364690258084632
3069 0.009754741828713026 0.06364689876408954
3070 0.009754704837315366 0.06364642976829449
3071 0.009754667199989105 0.06364643425549507
3072 0.009754630773718681 0.0636459674452889
3073 0.00975459314463754 0.06364597149867841
3074 0.009754557906777518 0.06364551171790231
3075 0.009754518289501881 0.06364551173996397
3076 0.009754481342561532 0.06364504688473188
3077 0.009754443761263042 0.06364505486344668
3078 0.009754407404703789 0.06364459193288373
3079 0.009754369848737888 0.06364459945173012
3080 0.009754334702205813 0.06364414351450844
3081 0.009754295165866374 0.06364414716808335
3082 0.009754258313652096 0.06364368620840835
3083 0.009754220811527848 0.06364369774336386
3084 0.009754184555764456 0.06364323861304771
3085 0.009754147086031404 0.06364324967563981
3086 0.009754112044095802 0.06364279743180905
3087 0.009754072603821858 0.06364280468817952
3088 0.009754035858292402 0.06364234748070681
3089 0.009753998452473524 0.06364236248965664
3090 0.009753962312482056 0.06364190711952029
3091 0.009753924944864401 0.06364192160598817
3092 0.009753890023023456 0.0636414730313689
3093 0.009753850693794882 0.06364148376273082
3094 0.009753814071292182 0.06364103022356823
3095 0.009753776775865124 0.06364104860660702
3096 0.009753740766817872 0.06364059686269785
3097 0.009753703515818396 0.06364061470741765
3098 0.009753668728311512 0.0636401696627813
3099 0.009753629524995146 0.06364018381136809
3100 0.009753593040135016 0.06363973379658365
3101 0.009753555868994027 0.0636397554803959
3102 0.009753520004579753 0.06363930723941202
3103 0.009753482884138744 0.06363932835167621
3104 0.009753448243551717 0.06363888673232614
3105 0.009753409180553596 0.06363890419000606
3106 0.009753372846192423 0.06363845758785738
3107 0.009753335813411918 0.06363848248859828
3108 0.009753300104204169 0.06363803768150446
3109 0.009753263126161321 0.06363806202156044
3110 0.009753228644540765 0.06363762380485355
3111 0.009753189736473288 0.06363764457591825
3112 0.009753153568883736 0.0636372013924576
3113 0.009753116690009818 0.06363722950429432
3114 0.009753081157455604 0.06363678807764046
3115 0.009753044341460532 0.06363681558797071
3116 0.009753010036204896 0.06363638065067782
3117 0.009752971298036602 0.06363640461687348
3118 0.009752935308968098 0.06363596467031372
3119 0.009752898594059039 0.06363599584942385
3120 0.009752863244230709 0.0636355576320768
3121 0.009752826597346815 0.06363558818300213
3122 0.00975279247506765 0.06363515638687586
3123 0.009752753916158974 0.06363518341723304
3124 0.009752718115609006 0.06363474655947153
3125 0.00975268157408184 0.06363478067699843
3126 0.00975264641117835 0.06363434548521013
3127 0.009752609933606366 0.06363437889256149
3128 0.009752575991227839 0.0636339500103979
3129 0.009752537608482248 0.06363397988615746
3130 0.009752501993009506 0.06363354586270736
3131 0.009752465625011085 0.06363358270990711
3132 0.009752430659077122 0.06363315037342791
3133 0.009752394369338701 0.06363318653165718
3134 0.00975236062920974 0.06363276046063912
3135 0.0097523224467556 0.06363279310446127
3136 0.009752287039701463 0.06363236183181291
3137 0.009752250864094775 0.06363240132665991
3138 0.009752216107612946 0.06363197171501289
3139 0.009752180013135124 0.06363201049382684
3140 0.009752146479435441 0.06363158709076035
3141 0.00975210850175518 0.06363162236633726
3142 0.009752073307192037 0.06363119367942242
3143 0.009752037329489189 0.06363123566977345
3144 0.009752004218104501 0.0636308124522079
3145 0.009751966527948328 0.06363085054808208
3146 0.009751931488732921 0.06363042291769572
3147 0.009751895728751505 0.06363046535702982
3148 0.009751862733290328 0.06363004567807057
3149 0.009751824179436264 0.06363007439799834
3150 0.009751792054669016 0.06362966552530819
3151 0.009751754739891583 0.06362970930412055
3152 0.00975172002362931 0.06362928221836422
3153 0.009751684409291026 0.06362932504216147
3154 0.00975165155046233 0.06362890609262505
3155 0.009751613227904809 0.0636289369598443
3156 0.00975158132977944 0.06362853051572269
3157 0.009751544218206598 0.06362857670076473
3158 0.00975150973001873 0.06362815208351781
3159 0.009751474334039173 0.06362819703430184
3160 0.009751441692689955 0.06362778026302299
3161 0.00975140360163405 0.0636278131336224
3162 0.009751371918141349 0.06362740876306824
3163 0.009751335029081444 0.06362745699286687
3164 0.009751300769705639 0.06362703435063095
3165 0.009751265588799343 0.06362708131343782
3166 0.009751231812967526 0.06362666193319701
3167 0.009751196627072453 0.06362671224393392
3168 0.009751164131067845 0.06362629803550415
3169 0.009751127183668044 0.0636263448592895
3170 0.0097510929807701 0.06362592550102633
3171 0.009751058079955141 0.06362597592285342
3172 0.009751025974419566 0.06362556415108324
3173 0.009750988352932068 0.06362560100098254
3174 0.009750957098452834 0.06362519988012394
3175 0.009750920672879365 0.0636252516337114
3176 0.009750886874283708 0.06362483224729135
3177 0.009750852122181819 0.06362488259168797
3178 0.009750820150041513 0.06362447104249129
3179 0.009750782685992465 0.06362451533972076
3180 0.009750751692940179 0.06362410529862339
3181 0.009750714378174111 0.06362415611511245
3182 0.009750683620116668 0.06362374762556788
3183 0.009750646405717829 0.06362379777276185
3184 0.009750615695932672 0.06362338710096384
3185 0.009750579470952186 0.06362344902271666
3186 0.009750546109320852 0.06362302095489346
3187 0.00975051157874811 0.06362308301402901
3188 0.009750480045481987 0.06362266426601246
3189 0.009750442906020115 0.06362271436350152
3190 0.009750412349608469 0.06362230838396549
3191 0.00975037642625395 0.06362237433977314
3192 0.009750343328631153 0.063621948782792
3193 0.00975030904221217 0.0636220120978699
3194 0.009750277705933412 0.06362159395209945
3195 0.00975024080468859 0.06362164495524135
3196 0.009750210446854403 0.06362123987720461
3197 0.009750174729265107 0.0636213069972351
3198 0.009750141834674111 0.06362088249109363
3199 0.009750106830868728 0.06362093604386529
3200 0.009750076929336373 0.06362053156090122
3201 0.00975004131510016 0.06362059894624403
3202 0.009750008329225545 0.06362017510085048
3203 0.009749973338931881 0.06362022922778761
3204 0.009749943519850753 0.0636198250682329
3205 0.009749908030223521 0.06361989281308793
3206 0.00974987520878165 0.06361946939413976
3207 0.009749840365298204 0.06361952405938992
3208 0.00974981068553879 0.06361912035194039
3209 0.009749775326784034 0.06361918864847971
3210 0.009749742642845338 0.0636187656478736
3211 0.009749707931170056 0.06361882079378967
3212 0.009749678372318599 0.06361841739284142
3213 0.009749643145139219 0.06361848612820557
3214 0.009749610590274979 0.06361806346495778
3215 0.009749576009602173 0.06361811894097327
3216 0.009749546569706122 0.06361771584369769
3217 0.009749511469228268 0.0636177849008345
3218 0.009749479043747955 0.0636173625290837
3219 0.009749444587364063 0.06361741828097728
3220 0.009749415264299052 0.06361701538339927
3221 0.009749380286092457 0.06361708472673698
3222 0.009749347985273731 0.06361666253890594
3223 0.009749313650322011 0.06361671852733597
3224 0.009749284439103022 0.06361631573625989
3225 0.009749249578969194 0.0636163853065126
3226 0.009749217398788855 0.06361596323036434
3227 0.009749183180588534 0.0636160193831692
3228 0.00974915407734895 0.06361561664025034
3229 0.009749119330752166 0.06361568635455565
3230 0.009749087266572648 0.0636152643387204
3231 0.009749053160929649 0.0636153205799289
3232 0.009749024160931775 0.06361491782661191
3233 0.009748989523415491 0.0636149876139947
3234 0.009748957570487207 0.06361456559338316
3235 0.009748923572471369 0.06361462186493778
3236 0.009748894671579324 0.06361421902751078
3237 0.009748860137897273 0.06361428882994337
3238 0.009748828291684166 0.06361386673263698
3239 0.009748794396288226 0.06361392298121904
3240 0.009748765589792006 0.06361351999135176
3241 0.009748731155130757 0.06361358974965051
3242 0.009748699410341663 0.06361316751551314
3243 0.009748665612932726 0.06361322368058885
3244 0.009748636895758708 0.06361282048047015
3245 0.009748602555213018 0.06361289012852198
3246 0.009748570906618957 0.06361246770291348
3247 0.009748537202070395 0.06361252372466199
3248 0.009748508569369357 0.06361212025687335
3249 0.009748474317644851 0.06361218973540761
3250 0.009748442760028661 0.06361176706054061
3251 0.009748409143073759 0.06361182288805134
3252 0.009748380589840254 0.06361141909403185
3253 0.009748346421709403 0.06361148835156473
3254 0.00974831494965123 0.06361106537239017
3255 0.009748281415069122 0.06361112095611504
3256 0.009748252935995048 0.06361071677901967
3257 0.009748218845963037 0.06361078575791655
3258 0.009748187453764283 0.06361036242026703
3259 0.00974815399607994 0.06361041770780851
3260 0.009748125585931149 0.06361001309846399
3261 0.00974809156862002 0.06361008174822988
3262 0.0097480602506937 0.06360965800659854
3263 0.009748026864497324 0.0636097129523453
3264 0.009747998517955728 0.06360930786163831
3265 0.009747964567936656 0.06360937612992205
3266 0.009747933318392011 0.06360895193605318
3267 0.009747900864793017 0.06360901724186135
3268 0.009747871380443637 0.06360859907058559
3269 0.009747836524853353 0.06360865170523028
3270 0.009747808028311118 0.06360824612777745
3271 0.009747774214608592 0.06360831403091419
3272 0.009747743268446374 0.06360788907339801
3273 0.009747710999629703 0.06360795366433035
3274 0.009747681652236519 0.06360753491846623
3275 0.009747646873464464 0.06360758704946122
3276 0.009747618427444342 0.06360718062614169
3277 0.009747584688338083 0.06360724780338968
3278 0.009747553809983397 0.06360682187173784
3279 0.009747521615280256 0.06360688564965353
3280 0.009747492336736446 0.06360646595534217
3281 0.009747457633723663 0.06360651730398025
3282 0.00974742925439535 0.06360610997448671
3283 0.009747395580177344 0.06360617629526528
3284 0.009747364770335526 0.06360574946770349
3285 0.009747332635994511 0.06360581240386252
3286 0.009747303413319744 0.06360539169512336
3287 0.009747268773766722 0.0636054422291689
3288 0.009747240446621926 0.06360503386260183
3289 0.009747206826285109 0.06360509928811123
3290 0.009747176071238345 0.06360467144387963
3291 0.009747143985737049 0.06360473348114372
3292 0.009747114808893413 0.0636043116785299
3293 0.009747080219012296 0.06360436131977212
3294 0.009747051933036023 0.06360395187446985
3295 0.009747018354297867 0.06360401633210894
3296 0.00974698763991444 0.06360358745792132
3297 0.009746955591359508 0.06360364853584957
3298 0.009746926446391517 0.06360322563426751
3299 0.009746891892985854 0.06360327433856174
3300 0.00974686363582394 0.06360286379223415
3301 0.009746830085620606 0.06360292724845108
3302 0.009746799400003515 0.0636024973052116
3303 0.009746767375648977 0.0636025574003851
3304 0.009746738251620316 0.06360213335129426
3305 0.009746703722146019 0.0636021810938109
3306 0.009746675482688431 0.06360176941037242
3307 0.009746641950230898 0.06360183183560576
3308 0.009746611281962539 0.0636014007925295
3309 0.00974657927155587 0.06360145987138068
3310 0.009746550157787274 0.06360103466252059
3311 0.009746515641225745 0.063601081405081
3312 0.009746487409637818 0.06360066857363152
3313 0.009746453884577174 0.0636007299301955
3314 0.009746423223720149 0.06360029777348285
3315 0.009746391217540132 0.06360035580341737
3316 0.009746362105363632 0.06359992941385792
3317 0.009746327591856891 0.06359997512787216
3318 0.009746299359833885 0.06359956112642108
3319 0.009746265833256053 0.06359962139161411
3320 0.009746235170637222 0.06359918810669034
3321 0.009746203160031958 0.06359924507284248
3322 0.009746174040802301 0.06359881749814804
3323 0.009746139520916623 0.06359886217506988
3324 0.009746111279745272 0.06359844700729392
3325 0.009746077742880107 0.06359850617668661
3326 0.009746047069209302 0.06359807177322123
3327 0.009746015045635362 0.06359812767914132
3328 0.009745985910756774 0.06359769893439265
3329 0.009745951375521783 0.06359774258129319
3330 0.009745923116855697 0.06359732625789984
3331 0.00974588956118125 0.06359738432900042
3332 0.009745858867634977 0.06359694880763576
3333 0.009745826822570613 0.06359700365840923
3334 0.009745797663630391 0.06359657375911333
3335 0.009745763103722696 0.06359661639494284
3336 0.009745734819309515 0.06359619895011578
3337 0.009745701236600176 0.06359625597078933
3338 0.009745670515189188 0.06359581938941657
3339 0.009745638441017531 0.06359587322319463
3340 0.009745609251375959 0.06359544220682481
3341 0.009745574659956065 0.06359548384342963
3342 0.009745546344046851 0.06359506530317229
3343 0.00974551272787867 0.06359512127858521
3344 0.009745481972363423 0.06359468365574467
3345 0.009745449862792237 0.0635947364911911
3346 0.009745420636872304 0.06359430440194741
3347 0.009745386006939418 0.063594345074587
3348 0.009745357653843783 0.06359392548986677
3349 0.009745323998285498 0.06359398046015977
3350 0.009745293203181677 0.06359354184662534
3351 0.009745261052828311 0.06359359372473768
3352 0.009745231786036004 0.06359316061803974
3353 0.009745197386271234 0.06359320697346989
3354 0.009745168270616486 0.06359278009438329
3355 0.00974513520539924 0.06359284065823032
3356 0.009745104958399789 0.06359239475773494
3357 0.009745072015389976 0.06359244951927984
3358 0.009745041721369764 0.06359200532895325
3359 0.009745008955229973 0.06359206351866464
3360 0.00974497862231404 0.06359162129183141
3361 0.009744945852703839 0.06359167999576766
3362 0.009744915469340155 0.06359123748164261
3363 0.009744882684031998 0.06359129538446268
3364 0.009744852287789431 0.06359085231250718
3365 0.009744819490210476 0.0635909096986801
3366 0.009744789086541274 0.06359046622368023
3367 0.009744756268586313 0.06359052347310744
3368 0.009744725850503847 0.06359007966787963
3369 0.009744693010425404 0.0635901368090758
3370 0.009744662572804626 0.06358969276801704
3371 0.009744629713818776 0.06358974966000112
3372 0.009744599256448322 0.06358930545370214
3373 0.009744566379549419 0.06358936203090201
3374 0.00974453590465817 0.06358891766591332
3375 0.009744503008679574 0.06358897396762662
3376 0.009744472517113125 0.06358852941667341
3377 0.009744439601782369 0.06358858550506385
3378 0.009744409092543364 0.0635881407425842
3379 0.009744376158359548 0.06358819665831733
3380 0.009744345631062128 0.0635877516807286
3381 0.009744312677899542 0.06358780743144322
3382 0.009744282133176399 0.06358736223358598
3383 0.009744249160387523 0.06358741783639663
3384 0.00974421859915032 0.06358697245689067
3385 0.009744185607718748 0.06358702789301961
3386 0.009744155029378447 0.06358658236167927
3387 0.009744122019463194 0.06358663762309733
3388 0.00974409142369583 0.0635861919552331
3389 0.009744058395912103 0.0635862470498966
3390 0.00974402778296175 0.063585801259782
3391 0.009743994737460978 0.06358585621039989
3392 0.009743964107741374 0.06358541030192526
3393 0.009743931044401209 0.06358546513050858
3394 0.009743900398485467 0.06358501910341725
3395 0.009743867317343951 0.06358507383024975
3396 0.009743836655635801 0.06358462769104851
3397 0.009743803557023955 0.0635846823308306
3398 0.009743772879637513 0.06358423609515423
3399 0.009743739764081121 0.06358429065528336
3400 0.009743709071075033 0.06358384434418438
3401 0.009743675939079295 0.06358389882947862
3402 0.009743645230701321 0.06358345246334381
3403 0.009743612082625353 0.06358350688217108
3404 0.00974358135935964 0.06358306047612733
3405 0.009743548195474844 0.06358311484263583
3406 0.009743517457873252 0.06358266840617484
3407 0.009743484278446634 0.06358272273385354
3408 0.009743453526991812 0.0635822762734396
3409 0.009743420332504516 0.063582330581765
3410 0.009743389567799026 0.06358188411601794
3411 0.009743356358806946 0.06358193842479888
3412 0.009743325581272656 0.0635814919692245
3413 0.009743292358278727 0.06358154628864182
3414 0.009743261568426424 0.0635810998572644
3415 0.009743228332018364 0.0635811541974679
3416 0.009743197530457742 0.06358070780609457
3417 0.00974316428121462 0.06358076217955565
3418 0.009743133468572633 0.0635803158440323
3419 0.009743100207073301 0.06358037026503791
3420 0.009743069384017341 0.06357992399851002
3421 0.009743036110820206 0.06357997847882554
3422 0.009743005277790269 0.06357953229424997
3423 0.009742971993324944 0.06357958684945048
3424 0.009742941151097799 0.06357914075971223
3425 0.009742907856240303 0.06357919540385965
3426 0.009742877005695568 0.06357874942332724
3427 0.009742843701179119 0.06357880417345683
3428 0.009742812842811881 0.06357835832699067
3429 0.009742779529125058 0.06357841320172407
3430 0.009742748663662737 0.06357796749622843
3431 0.009742715341742262 0.06357802249811438
3432 0.009742684470157741 0.06357757694484888
3433 0.009742651140871292 0.06357763209084259
3434 0.009742620263958852 0.06357718670928958
3435 0.009742586928023839 0.06357724201757464
3436 0.009742556046549569 0.06357679682419164
3437 0.009742522704735785 0.06357685230956291
3438 0.009742491819619935 0.06357640731836982
3439 0.009742458472904581 0.06357646299536136
3440 0.009742427585002203 0.06357601821979157
3441 0.009742394234093862 0.06357607410240444
3442 0.009742363344231203 0.06357562955841928
3443 0.009742329990086422 0.06357568566309414
3444 0.00974229909920357 0.06357524136675421
3445 0.009742265742739269 0.06357529770751212
3446 0.009742234851669921 0.06357485367197029
3447 0.009742201493694902 0.06357491026102939
3448 0.009742170603322319 0.0635744665000415
3449 0.009742137244748398 0.06357452335206379
3450 0.00974210635604251 0.06357407988170216
3451 0.009742072997886221 0.06357413701349347
3452 0.009742042111947066 0.06357369384962325
3453 0.009742008755240604 0.06357375127531181
3454 0.009741977872912092 0.06357330843137468
3455 0.009741944518427872 0.06357336616377772
3456 0.009741913640525615 0.06357292365053155
3457 0.00974188028923885 0.06357298170047183
3458 0.009741849416779762 0.06357253953113995
3459 0.009741816069739773 0.06357259791346828
3460 0.009741785203769235 0.0635721561034286
3461 0.009741751861988326 0.06357221483463057
3462 0.00974172100356068 0.0635717733988226
3463 0.009741687668238899 0.06357183248988117
3464 0.009741656818414832 0.06357139144026927
3465 0.009741623490491355 0.06357145090571269
3466 0.009741592650176403 0.0635710102561055
3467 0.009741559330590023 0.06357107010914945
3468 0.009741528500805462 0.06357062987356474
3469 0.009741495190557408 0.06357069012804022
3470 0.009741464372322175 0.06357025031994895
3471 0.009741431072451436 0.06357031098916033
3472 0.009741400266777896 0.06356987162176396
3473 0.009741366978310566 0.06356993271899448
3474 0.009741336186207771 0.06356949380554376
3475 0.009741302910166871 0.06356955534394514
3476 0.009741272132644536 0.06356911689735377
3477 0.009741238870066636 0.06356917888975032
3478 0.009741208108146332 0.06356874092262293
3479 0.00974117486007909 0.06356880338159142
3480 0.009741144114786377 0.06356836590611767
3481 0.009741110882289867 0.06356842884377033
3482 0.009741080154645834 0.06356799187040031
3483 0.00974104693876192 0.06356805529450274
3484 0.009741016229764277 0.06356761883153786
3485 0.009740983031614251 0.06356768275576201
3486 0.009740952342385084 0.06356724682065573
3487 0.009740919163016828 0.06356731126175226
3488 0.009740888494495241 0.06356687586726203
3489 0.009740855334873004 0.06356694083583207
3490 0.009740824688038751 0.06356650599249569
3491 0.00974079154921831 0.06356657150067625
3492 0.00974076092506803 0.06356613721913559
3493 0.009740727808043607 0.06356620327569217
3494 0.009740697207573035 0.06356576956466484
3495 0.009740664113440975 0.06356583617995386
3496 0.009740633537729542 0.06356540305004167
3497 0.009740600467528945 0.06356547023576863
3498 0.009740569917471058 0.06356503769885473
3499 0.009740536872089881 0.06356510546770601
3500 0.009740506348501815 0.06356467353545169
3501 0.009740473328855536 0.06356474189971806
3502 0.009740442832485543 0.06356431058298961
3503 0.009740409839489764 0.06356437955444701
3504 0.009740379371255103 0.06356394886481416
3505 0.009740346405700534 0.06356401845454848
3506 0.00974031596649355 0.06356358840155596
3507 0.009740283029299156 0.06356365861690634
3508 0.009740252620057113 0.06356322920945436
3509 0.00974021971215816 0.06356330006397191
3510 0.009740189333698374 0.06356287131531772
3511 0.009740156455878579 0.06356294281959193
3512 0.009740126108913985 0.06356251473907103
3513 0.009740093261860063 0.06356258690317751
3514 0.009740062947118294 0.0635621595010305
3515 0.009740030131611351 0.06356223233605382
3516 0.00973999984996129 0.06356180562494021
3517 0.009739967066732646 0.06356187914301739
3518 0.009739936818796759 0.06356145312953011
3519 0.009739904068640349 0.06356152733456573
3520 0.009739873855202271 0.06356110202372163
3521 0.009739841138917151 0.06356117692228316
3522 0.00973981096094653 0.06356075232173118
3523 0.009739778279564607 0.0635608279216781
3524 0.009739748137980871 0.06356040403745972
3525 0.009739715492468919 0.06356048034468342
3526 0.009739685388068582 0.06356005718204791
3527 0.009739652779221805 0.06356013420313614
3528 0.009739622712712106 0.06355971176813199
3529 0.009739590141374554 0.06355978950957628
3530 0.009739560113596221 0.06355936780736894
3531 0.009739527580701334 0.06355944627361464
3532 0.009739497592464253 0.06355902530617018
3533 0.009739465098884873 0.06355910449962969
3534 0.009739435150963479 0.06355868426995756
3535 0.009739402697535409 0.06355876419524445
3536 0.009739372790692754 0.06355834470774673
3537 0.009739340378243573 0.06355842536994408
3538 0.009739310513221262 0.06355800662791379
3539 0.009739278142567864 0.06355808802962144
3540 0.009739248320109684 0.06355767003449825
3541 0.009739215992068033 0.06355775217776483
3542 0.009739186212878828 0.06355733493123579
3543 0.009739153928177369 0.06355741781862718
3544 0.009739124192911086 0.06355700132276007
3545 0.009739091952244813 0.0635570849571972
3546 0.009739062261516005 0.06355666921102424
3547 0.009739030065441603 0.06355675359012417
3548 0.009739000419807225 0.06355633859937829
3549 0.009738968268984275 0.06355642373617569
3550 0.00973893866895916 0.06355600950713587
3551 0.009738906563990193 0.06355609540062777
3552 0.00973887701009434 0.06355568192942777
3553 0.009738844951570604 0.06355576857852517
3554 0.009738815444345055 0.06355535586722665
3555 0.009738783432519752 0.06355544327448556
3556 0.009738753972057711 0.06355503132710578
3557 0.009738722007208298 0.06355511949852773
3558 0.009738692593917122 0.06355470831878204
3559 0.00973866067648929 0.06355479725570057
3560 0.009738631310753688 0.06355438684358854
3561 0.009738599441073768 0.06355447654588496
3562 0.009738570123019135 0.06355406689221089
3563 0.009738538301215212 0.06355415734688123
3564 0.009738509031196541 0.06355374845742988
3565 0.009738477257697371 0.06355383968747998
3566 0.009738448035876909 0.06355343157702033
3567 0.009738416310819044 0.06355352358386115
3568 0.009738387137266605 0.06355311624461966
3569 0.009738355460956834 0.06355320902022457
3570 0.009738326297848664 0.06355282070084797
3571 0.009738294903202063 0.06355286506169557
3572 0.009738265495886401 0.06355250621893271
3573 0.009738234175524604 0.0635525593428202
3574 0.009738205050990064 0.06355220136193379
3575 0.00973817361865831 0.06355225282006531
3576 0.009738144548683526 0.06355189332307183
3577 0.009738113113565657 0.06355194413336901
3578 0.009738084125091339 0.06355158489612515
3579 0.009738052743997893 0.06355163638206976
3580 0.0097380238222479 0.06355127828373063
3581 0.009737992489740145 0.06355133067294501
3582 0.00973796361907469 0.06355097364758851
3583 0.009737932333905523 0.06355102678424912
3584 0.009737903510184102 0.06355067054540552
3585 0.009737872276030395 0.06355072441982172
3586 0.009737843499405416 0.06355036878671833
3587 0.009737812317360253 0.06355042351353372
3588 0.009737783589318507 0.0635500684417996
3589 0.009737752457720066 0.06355012406000765
3590 0.009737723779420643 0.06354976961411657
3591 0.009737692697075062 0.06354982603205353
3592 0.009737664068811307 0.06354947232498449
3593 0.009737633035615152 0.06354952941592883
3594 0.009737604457028808 0.0635491765329638
3595 0.009737573474240334 0.06354923423839
3596 0.009737544946253875 0.06354888221484643
3597 0.00973751401439276 0.0635489405580338
3598 0.009737485535263796 0.06354858932640012
3599 0.009737454652804079 0.06354864836931873
3600 0.009737426222806454 0.06354829783686912
3601 0.009737395388333828 0.06354835764208601
3602 0.009737367007940693 0.06354800775014463
3603 0.009737336220713804 0.0635480683325869
3604 0.009737307889417577 0.06354771908344288
3605 0.009737277149804812 0.06354778040654546
3606 0.00973724886635963 0.06354743183922504
3607 0.009737218174957905 0.06354749384903156
3608 0.009737189938277473 0.06354714599939233
3609 0.009737159295144659 0.06354720865763969
3610 0.009737131105034356 0.0635468615317403
3611 0.009737100509544206 0.0635469248311933
3612 0.009737072366092695 0.06354657840970859
3613 0.009737041817758394 0.06354664237441071
3614 0.00973701372123389 0.06354629664080469
3615 0.009736983218212441 0.06354636128841917
3616 0.009736955168274896 0.06354601621335185
3617 0.009736924711216149 0.0635460815502575
3618 0.009736896707827281 0.06354573711708804
3619 0.009736866296403916 0.06354580312522128
3620 0.009736838338414034 0.06354545933062156
3621 0.009736807972176032 0.06354552598746692
3622 0.009736780058715488 0.06354518283573217
3623 0.009736749737219453 0.06354525012094073
3624 0.009736721867749562 0.06354490761191506
3625 0.009736691590430608 0.0635449755120116
3626 0.009736663764617699 0.06354463363494382
3627 0.009736633530906766 0.0635447021424338
3628 0.009736605748480613 0.06354436087907019
3629 0.009736575557793484 0.06354442998819808
3630 0.009736547818379382 0.06354408931843471
3631 0.009736517670169094 0.06354415902408513
3632 0.009736489973263273 0.06354381893557755
3633 0.009736459866997088 0.06354388922840985
3634 0.009736432211990298 0.06354354971003312
3635 0.00973640214715854 0.0635436205748703
3636 0.009736374533394565 0.06354328161798369
3637 0.009736344509439717 0.0635433530390988
3638 0.009736316936247449 0.06354301463441235
3639 0.009736286952548414 0.06354308659708127
3640 0.009736259419298931 0.06354274873341814
3641 0.009736229475196244 0.06354282122615632
3642 0.009736201981270128 0.0635424838903796
3643 0.009736172065795103 0.06354255700400879
3644 0.009736144636489044 0.06354222002352279
3645 0.009736114747626009 0.06354229371182345
3646 0.009736087349138155 0.063541957233453
3647 0.009736057495722567 0.06354203138644349
3648 0.009736030136020528 0.0635416953909157
3649 0.009736000321878798 0.06354177003989477
3650 0.009735973000139972 0.0635414345365934
3651 0.009735943222799465 0.06354150966778953
3652 0.009735915936733753 0.06354117462716091
3653 0.009735886194176088 0.06354125021716157
3654 0.009735858942932241 0.06354091561990273
3655 0.009735829234556971 0.06354099165617273
3656 0.009735802017716563 0.0635406574930415
3657 0.009735772343129771 0.06354073396383964
3658 0.009735745159757772 0.06354040022653008
3659 0.009735715518272811 0.06354047711843258
3660 0.009735688367409366 0.06354014379347879
3661 0.009735658758175655 0.06354022109322122
3662 0.00973563163905803 0.06353988816493228
3663 0.009735602061174017 0.06353996586005212
3664 0.009735574973056146 0.06353963331208193
3665 0.009735545425481761 0.06353971139307731
3666 0.009735518367474995 0.06353937921347899
3667 0.009735488849435009 0.06353945766569723
3668 0.009735461820768166 0.06353912583985671
3669 0.009735432331554385 0.06353920464764774
3670 0.009735405331342824 0.06353887316323917
3671 0.009735375870111897 0.06353895231243974
3672 0.009735348897494132 0.06353862115654693
3673 0.009735319463333031 0.0635387006338642
3674 0.009735292517502729 0.06353836979233463
3675 0.009735263109491188 0.063538449585002
3676 0.009735236189616503 0.06353811904330849
3677 0.009735206806869909 0.06353819913832617
3678 0.009735179912078474 0.0635378688823062
3679 0.009735150553735784 0.06353794926619163
3680 0.009735123683131869 0.06353761928217236
3681 0.009735094348320827 0.06353769994124547
3682 0.009735067501030051 0.06353737021562926
3683 0.009735038188861121 0.06353745113608472
3684 0.00973501136401504 0.06353712165321333
3685 0.009734982073535547 0.06353720281581397
3686 0.009734955270306014 0.06353687355999559
3687 0.009734926000705583 0.06353695495852384
3688 0.009734899218267472 0.06353662592488858
3689 0.009734869968626988 0.06353670754751745
3690 0.00973484320601611 0.0635363787185089
3691 0.009734813975447079 0.06353646054733622
3692 0.009734787231766096 0.06353613190594687
3693 0.009734758019542844 0.06353621392733502
3694 0.009734731294010332 0.06353588546050953
3695 0.009734702099080318 0.06353596766164517
3696 0.009734675390879811 0.06353563935734899
3697 0.009734646212428717 0.06353572172545742
3698 0.009734619520675955 0.06353539356956812
3699 0.009734590357842684 0.06353547609058696
3700 0.009734563681698042 0.06353514806941153
3701 0.009734534533623515 0.06353523072992839
3702 0.009734507872258135 0.06353490283020198
3703 0.009734478738089641 0.06353498561702685
3704 0.009734452090674648 0.06353465782539683
3705 0.009734422969535745 0.06353474072559327
3706 0.009734396335223777 0.06353441302953405
3707 0.009734367226217348 0.06353449602962312
3708 0.009734340604213279 0.06353416841435973
3709 0.009734311506563354 0.06353425150038379
3710 0.009734284896050599 0.0635339239528673
3711 0.009734255808875974 0.06353400711251436
3712 0.009734229208707172 0.06353367961954348
3713 0.009734200130538349 0.06353376283799055
3714 0.009734173539722262 0.06353343538828075
3715 0.009734144470341962 0.0635335186557606
3716 0.009734117888677828 0.06353319123489007
3717 0.009734088827308137 0.06353327453540229
3718 0.009734062253829161 0.0635329471287429
3719 0.009734033199644748 0.06353303044938273
3720 0.009734006633679024 0.06353270304487434
3721 0.009733977586029344 0.06353278637341914
3722 0.009733951026903238 0.06353245895845624
3723 0.009733921985036184 0.06353254228287705
3724 0.009733895432016739 0.06353221484589358
3725 0.009733866395170673 0.06353229815566935
3726 0.009733839847477955 0.06353197068576574
3727 0.009733810814828783 0.06353205396995024
3728 0.009733784271820091 0.06353172645762516
3729 0.009733755242884744 0.06353180970830476
3730 0.009733728703912802 0.06353148214376025
3731 0.009733699677729154 0.06353156534787642
3732 0.00973367314183088 0.06353123771861109
3733 0.009733644117562076 0.06353132086536918
3734 0.009733617584233386 0.06353099316352311
3735 0.009733588561278659 0.0635310762431428
3736 0.009733562029750347 0.06353074845626934
3737 0.009733533007340672 0.06353083145550388
3738 0.009733506476895033 0.06353050357138469
3739 0.009733477454409604 0.06353058648002628
3740 0.009733450924467381 0.06353025849043852
3741 0.009733421901296677 0.06353034130064128
3742 0.00973339537123407 0.06353001319750086
3743 0.009733366346754969 0.06353009590026641
3744 0.009733339815955238 0.06352976767421663
3745 0.00973331078956328 0.06352985025993385
3746 0.009733284257416484 0.06352952190185876
3747 0.009733255228468391 0.06352960436211409
3748 0.009733228694399278 0.06352927586327375
3749 0.009733199661864792 0.0635293581793385
3750 0.009733173125771578 0.06352902954860414
3751 0.009733144090202603 0.06352911171648853
3752 0.009733117550985375 0.06352878292257899
3753 0.009733088510944251 0.06352886494289582
3754 0.00973306196788762 0.063528535984316
3755 0.00973303292319558 0.06352861784537725
3756 0.009733006376214036 0.06352828871385524
3757 0.009732977326407266 0.06352837040945525
3758 0.009732950775060758 0.06352804109911711
3759 0.009732921719591529 0.06352812262053763
3760 0.009732895163512901 0.0635277931231826
3761 0.009732866102000816 0.06352787446178637
3762 0.009732839540876106 0.06352754476946128
3763 0.009732810473020419 0.06352762591799227
3764 0.009732783906539869 0.06352729602349494
3765 0.009732754832023975 0.06352737697492741
3766 0.009732728259800282 0.06352704687038561
3767 0.009732699178309157 0.06352712761705942
3768 0.009732672600103217 0.06352679729549021
3769 0.009732643511363579 0.06352687783067763
3770 0.009732616926972823 0.06352654728667903
3771 0.009732587830717537 0.0635266276038461
3772 0.009732561239941206 0.06352629683085953
3773 0.00973253213598504 0.06352637692251537
3774 0.009732505538662835 0.06352604591345777
3775 0.009732476426801752 0.06352612577359679
3776 0.009732449822688546 0.06352579452397955
3777 0.009732420702636748 0.06352587414856038
3778 0.00973239409149064 0.0635255426547852
3779 0.00973236496294079 0.06352562204050738
3780 0.009732338344482054 0.06352529029031397
3781 0.009732309207042291 0.06352536941849243
3782 0.00973228258140937 0.06352503741591246
3783 0.00973225343524531 0.06352511630233997
3784 0.009732226802179552 0.06352478405253871
3785 0.009732197647003041 0.06352486269208715
3786 0.009732171006216454 0.06352453018587098
3787 0.009732141841889906 0.06352460857142349
3788 0.009732115193257881 0.06352427580419666
3789 0.009732086019767336 0.0635243539329939
3790 0.009732059363266342 0.06352402090228493
3791 0.009732030180640902 0.06352409877200831
3792 0.009732003516295525 0.0635237654751465
3793 0.009731974324594671 0.06352384308291757
3794 0.009731947652437935 0.06352350951699987
3795 0.009731918451737487 0.06352358686012867
3796 0.009731891771822885 0.06352325302264332
3797 0.009731862562199855 0.06352333009892577
3798 0.00973183587461098 0.06352299598839527
3799 0.009731806656121729 0.06352307279557086
3800 0.009731779960976563 0.06352273840989588
3801 0.009731750733734324 0.06352281494554611
3802 0.009731724031160287 0.06352248028437897
3803 0.009731694795217308 0.06352255654871425
3804 0.009731668085364966 0.06352222161329807
3805 0.009731638840819731 0.06352229760482091
3806 0.009731612123798552 0.06352196239362723
3807 0.00973158287083061 0.06352203811124546
3808 0.009731556146858984 0.06352170262324254
3809 0.009731526885691675 0.06352177806581677
3810 0.009731500155032791 0.06352144230118466
3811 0.009731470885805818 0.06352151746950795
3812 0.009731444148601406 0.06352118143004126
3813 0.009731414871424347 0.06352125632609072
3814 0.00973138812780339 0.06352092001427795
3815 0.00973135884283307 0.06352099464033281
3816 0.009731332092979203 0.06352065805813228
3817 0.009731302800445357 0.06352073241616471
3818 0.009731276044568206 0.06352039556441469
3819 0.009731246744660188 0.06352046965452321
3820 0.009731219982937866 0.06352013253581484
3821 0.009731190675934512 0.06352020636494272
3822 0.009731163908685843 0.06351986898943686
3823 0.009731134594924926 0.06351994256579228
3824 0.009731107822335506 0.06351960493107675
3825 0.009731078502100692 0.06351967824661015
3826 0.009731051724629297 0.06351934035007743
3827 0.009731022398449377 0.06351941340805881
3828 0.009730995616575431 0.06351907525520246
3829 0.009730966284760504 0.06351914806038014
3830 0.009730939498385894 0.06351880965747031
3831 0.009730910160915526 0.06351888221836063
3832 0.009730883370730137 0.06351854356807164
3833 0.009730854028425282 0.06351861588031305
3834 0.009730827235189712 0.0635182769835959
3835 0.009730797888512275 0.06351834905127857
3836 0.009730771092633353 0.0635180099134682
3837 0.009730741741921128 0.06351808174188769
3838 0.009730714943916847 0.06351774236975902
3839 0.009730685589532318 0.06351781396467533
3840 0.009730658789920067 0.06351747436247109
3841 0.009730629432376653 0.06351754572756266
3842 0.009730602631512311 0.06351720589868022
3843 0.009730573271285983 0.063517277038382
3844 0.009730546469660723 0.06351693698776652
3845 0.009730517107360353 0.06351700790790304
3846 0.009730490305505466 0.06351666764198644
3847 0.009730460941684067 0.06351673834925546
3848 0.009730434140100679 0.06351639787433386
3849 0.009730404775306734 0.06351646837479952
3850 0.00973037797450651 0.06351612769671461
3851 0.009730348609297114 0.0635161979961725
3852 0.009730321872372178 0.06351582923949071
3853 0.009730292484506827 0.06351599242655431
3854 0.009730265422233953 0.06351556313404574
3855 0.009730236434598376 0.06351570482481209
3856 0.009730208842112627 0.06351527488985671
3857 0.009730180295608182 0.06351542353596289
3858 0.009730152689423231 0.06351499971521164
3859 0.009730124282550457 0.06351515254163854
3860 0.009730096602541444 0.06351472995366846
3861 0.009730068173813045 0.06351488279402677
3862 0.009730040456294558 0.0635144590200431
3863 0.009730012015354218 0.0635146110231994
3864 0.009729984305296358 0.06351418628217971
3865 0.009729955866732682 0.06351433793226231
3866 0.009729928178113238 0.06351391301604703
3867 0.00972989974099342 0.06351406450029642
3868 0.009729872069699178 0.06351363981997506
3869 0.00972984363279066 0.06351379096342279
3870 0.00972981597099795 0.0635133665287851
3871 0.009729787537799654 0.06351351726314641
3872 0.00972975988179965 0.06351309287885737
3873 0.009729731455550811 0.06351324338748153
3874 0.009729703805737738 0.06351281882649666
3875 0.009729675387531021 0.06351296934886973
3876 0.009729647745581278 0.06351254447939217
3877 0.009729619335157164 0.06351269512354604
3878 0.009729591702776782 0.06351226995883669
3879 0.009729563300001841 0.06351242066786628
3880 0.009729535678030568 0.06351199533770611
3881 0.00972950728444405 0.06351214596693806
3882 0.009729479672363851 0.06351172062743077
3883 0.009729451290393057 0.06351187106298088
3884 0.009729423687871342 0.06351144579554564
3885 0.009729395318668356 0.06351159602924439
3886 0.009729367727161743 0.06351117080773042
3887 0.009729339370161542 0.06351132091978245
3888 0.009729311792093196 0.063510895664369
3889 0.009729283446509494 0.0635110457518753
3890 0.009729255883591111 0.0635106204012266
3891 0.009729227549770809 0.06351077051912571
3892 0.009729199990569939 0.0635103450552887
3893 0.009729171694117859 0.06351049519831842
3894 0.009729144145807443 0.06351006972026503
3895 0.009729115854383869 0.06351021983828933
3896 0.009729088320740938 0.063509794353255
3897 0.009729060044831747 0.06350994442856492
3898 0.009729032528845214 0.06350951897635988
3899 0.009729004268506305 0.06350966900846763
3900 0.009728976768391051 0.06350924360772968
3901 0.009728948523946832 0.06350939360773067
3902 0.009728921041599354 0.0635089682324923
3903 0.009728892814137736 0.0635091182347238
3904 0.009728865350439111 0.06350869287412128
3905 0.009728837140421715 0.06350884291347079
3906 0.009728809695853028 0.06350841756680073
3907 0.009728781504101234 0.06350856766312077
3908 0.00972875407903977 0.06350814234744727
3909 0.009728725906288217 0.06350829250239501
3910 0.009728698500899191 0.06350786723760141
3911 0.009728670347849072 0.06350801744417822
3912 0.009728642962732948 0.06350759225141903
3913 0.009728614830345711 0.0635077425076096
3914 0.009728587466553281 0.06350731740533126
3915 0.009728559355342246 0.06350746772572101
3916 0.00972853201357346 0.06350704272198089
3917 0.009728503924130031 0.06350719312246156
3918 0.009728476605250672 0.0635067682190508
3919 0.009728448538226207 0.06350691871727032
3920 0.009728421242944587 0.06350649391837514
3921 0.009728393199265698 0.06350664454751545
3922 0.009728365927925154 0.0635062198253714
3923 0.009728337907820359 0.0635063705897341
3924 0.009728310660937076 0.06350594600240908
3925 0.009728282665916483 0.06350609690242073
3926 0.009728255444419574 0.06350567245826534
3927 0.009728227474360864 0.06350582349282025
3928 0.00972820027863883 0.06350539920143131
3929 0.009728172334182555 0.06350555037907968
3930 0.009728145164851838 0.06350512625257858
3931 0.009728117246660554 0.06350527758713119
3932 0.009728090104273545 0.06350485363545802
3933 0.009728062212978353 0.06350500514112191
3934 0.009728035098124846 0.06350458137214632
3935 0.009728007234265611 0.06350473306108252
3936 0.009727980147511374 0.06350430948385311
3937 0.009727952311582999 0.06350446136644361
3938 0.00972792525347684 0.06350403799169252
3939 0.009727897446033537 0.06350419007704439
3940 0.009727870417090296 0.06350376691584725
3941 0.009727842638710776 0.06350391921315723
3942 0.009727815639378459 0.06350349627676501
3943 0.009727787890627605 0.06350364879595086
3944 0.009727760921404297 0.06350322609459132
3945 0.009727733202781478 0.06350337884558178
3946 0.009727706264206371 0.06350295638892599
3947 0.009727678576189757 0.06350310938234713
3948 0.009727651668719682 0.0635026871794661
3949 0.00972762401178834 0.06350284042573534
3950 0.009727597135891108 0.06350241848582285
3951 0.00972756951052654 0.06350257199501336
3952 0.009727542666631684 0.06350215032769474
3953 0.009727515073309375 0.06350230410978308
3954 0.009727488261825618 0.06350188272463018
3955 0.009727460701000303 0.06350203678905066
3956 0.009727433922422903 0.06350161570020503
3957 0.009727406394627778 0.06350177006792658
3958 0.009727379649105817 0.06350134929196216
3959 0.009727352154482607 0.06350150395941032
3960 0.009727325442481843 0.06350108348450426
3961 0.009727297981493115 0.06350123845334138
3962 0.009727271303346184 0.06350081829375541
3963 0.009727243876351691 0.06350097358148125
3964 0.009727217232391724 0.06350055375082095
3965 0.009727189839719328 0.06350070936844945
3966 0.009727163230235033 0.06350028987509428
3967 0.009727135872205792 0.06350044583066249
3968 0.009727109297498137 0.06350002668219799
3969 0.009727081974435376 0.06350018298373077
3970 0.009727055434808386 0.06349976418832222
3971 0.009727028147008614 0.06349992084459152
3972 0.009727001642684403 0.06349950241142056
3973 0.009726974390458451 0.06349965943118663
3974 0.009726947921708372 0.06349924136763214
3975 0.009726920705302081 0.06349939875863871
3976 0.009726894272312244 0.06349898107272277
3977 0.009726867091937114 0.06349913884346627
3978 0.00972684069492996 0.06349872154294518
3979 0.009726813550792834 0.063498879701217
3980 0.009726787189964975 0.06349846279360745
3981 0.009726760082265185 0.06349862134708761
3982 0.00972673375772682 0.06349820483602817
3983 0.009726706686644519 0.0634983637884808
3984 0.009726680398615236 0.06349794768474415
3985 0.009726653364341978 0.06349810704981575
3986 0.009726627112896903 0.06349769136138943
3987 0.009726600115548359 0.06349785114458953
3988 0.009726573900814002 0.0634974358774317
3989 0.009726546940531438 0.06349759608506522
3990 0.009726520762604593 0.0634971812447853
3991 0.009726493839500874 0.06349734188261572
3992 0.009726467698459737 0.06349692747480322
3993 0.009726440812629607 0.06349708854906595
3994 0.009726414708544675 0.06349667457979288
3995 0.009726387860044232 0.06349683609759903
3996 0.00972636179298576 0.06349642257288499
3997 0.009726334981977882 0.06349658453796567
3998 0.009726308951973064 0.06349617146188126
3999 0.009726282178408477 0.06349633388081906
4000 0.009726256185424288 0.06349592125899663
4001 0.009726229449293007 0.06349608413687872
4002 0.009726203493319636 0.06349567197384214
4003 0.00972617679467095 0.06349583531550204
4004 0.009726150875668912 0.0634954236153623
4005 0.009726124214472292 0.06349558742538604
4006 0.0097260983323737 0.0634951761923207
4007 0.009726071708570304 0.06349534047527174
4008 0.009726045863285753 0.06349492971333913
4009 0.009726019276797537 0.06349509447365989
4010 0.009725993468189968 0.06349468418648159
4011 0.009725966918974519 0.06349484942883671
4012 0.009725941146904038 0.06349443961966976
4013 0.00972591463482993 0.06349460534753486
4014 0.009725888899116348 0.06349419601968316
4015 0.009725862424009172 0.06349436223625199
4016 0.009725836724483407 0.06349395339284787
4017 0.009725810286173709 0.06349412010151322
4018 0.009725784622670198 0.06349371174538998
4019 0.009725758220975855 0.06349387894917284
4020 0.009725732593295136 0.06349347108273802
4021 0.009725706228003748 0.06349363878420175
4022 0.009725680635917435 0.0634932314095666
4023 0.009725654306799714 0.06349339961099482
4024 0.009725628750070445 0.06349299273001838
4025 0.009725602456893457 0.06349316143351592
4026 0.009725575669393539 0.06349277208714776
4027 0.009725551586836982 0.06349290792651956
4028 0.009725524441053526 0.06349252940546242
4029 0.009725500008556768 0.0634926716651375
4030 0.009725472751265557 0.06349229561612614
4031 0.009725448220949678 0.06349243864601471
4032 0.009725421044760613 0.06349206249955495
4033 0.009725396562967763 0.06349220519698787
4034 0.009725369493526915 0.06349182902080597
4035 0.009725345067894221 0.06349197173862552
4036 0.009725318050342612 0.06349159609705848
4037 0.009725293659130045 0.06349173926000509
4038 0.009725266662426561 0.0634913643123745
4039 0.009725242300462879 0.06349150807783525
4040 0.009725215326233272 0.06349113364591882
4041 0.009725190996517565 0.06349127803953222
4042 0.009725164054229246 0.06349090396080409
4043 0.009725139758243231 0.06349104898248423
4044 0.009725112851056535 0.06349067526575131
4045 0.009725088588377834 0.0634908208559375
4046 0.009725061713606457 0.06349044761039906
4047 0.009725037484131642 0.06349059367075895
4048 0.009725010638962556 0.06349022099533108
4049 0.009724986442372907 0.06349036746238616
4050 0.009724959626665563 0.06348999537792598
4051 0.009724935461636264 0.06349014226004251
4052 0.009724908676686862 0.0634897707180815
4053 0.009724884541667023 0.06348991807330044
4054 0.009724857788156044 0.06348954700426979
4055 0.009724833682340325 0.06348969488968087
4056 0.009724806959596098 0.06348932424935505
4057 0.009724782883060612 0.0634894726828818
4058 0.009724756189611728 0.0634891024705595
4059 0.009724732142706714 0.06348925142816284
4060 0.009724705477244473 0.06348888167314044
4061 0.00972468145985114 0.06348903111580888
4062 0.009724654821804433 0.0634886618486661
4063 0.009724630833389841 0.06348881174627634
4064 0.009724604222677676 0.06348844297642733
4065 0.009724580262407943 0.06348859332108249
4066 0.009724553678854555 0.06348822503699579
4067 0.009724529745938211 0.06348837583837699
4068 0.009724503189170225 0.06348800801707942
4069 0.009724479282975883 0.06348815928936261
4070 0.009724452752484151 0.06348779190928633
4071 0.009724428872476973 0.0634879436593208
4072 0.009724402367698991 0.06348757670919056
4073 0.009724378513503447 0.06348772893383287
4074 0.009724352033891902 0.06348736241663683
4075 0.009724328205202672 0.06348751510072555
4076 0.009724301749962555 0.06348714901826796
4077 0.009724277946209562 0.06348730214439469
4078 0.009724251514579155 0.06348693649810176
4079 0.009724227735168301 0.06348709005270199
4080 0.009724201326660986 0.063486724835338
4081 0.00972417757098046 0.06348687881379961
4082 0.009724151185262203 0.06348651401551945
4083 0.009724127452663583 0.06348666841920186
4084 0.009724101089296678 0.06348630402866094
4085 0.009724077379169672 0.06348645885667357
4086 0.009724051020929476 0.06348611876169255
4087 0.009724027276756572 0.06348618963495833
4088 0.009724001261850886 0.06348591119051836
4089 0.009723977131520014 0.06348599712375801
4090 0.009723951692422541 0.0634857178259587
4091 0.00972392715940395 0.06348579756213316
4092 0.009723901783958176 0.06348551342641828
4093 0.009723877142770789 0.06348559005437819
4094 0.009723851852467994 0.06348530542670479
4095 0.009723827241462608 0.06348538232536646
4096 0.009723802004921778 0.06348509909297208
4097 0.009723777422736222 0.06348517686680663
4098 0.009723752205301837 0.06348489466357626
4099 0.009723727644168186 0.06348497292178651
4100 0.009723702432052027 0.06348469102736376
4101 0.009723677892851525 0.06348476967629442
4102 0.00972365268718244 0.06348448776895549
4103 0.009723628169878535 0.06348456698345689
4104 0.009723602977399137 0.06348428507477134
4105 0.009723578478280726 0.06348436489411152
4106 0.009723553303226374 0.06348408315741565
4107 0.009723528819017105 0.06348416339309151
4108 0.009723503661526229 0.06348388203440328
4109 0.009723479191175905 0.06348396245886942
4110 0.009723454049574302 0.06348368160634531
4111 0.009723429593476047 0.06348376211894359
4112 0.00972340446588957 0.06348348176781851
4113 0.009723380024327009 0.06348356242177455
4114 0.009723354909998457 0.06348328245112039
4115 0.009723330481749526 0.06348336338024459
4116 0.009723305381342412 0.06348308363215358
4117 0.009723280964171847 0.06348316494669705
4118 0.009723255878193096 0.06348288534102185
4119 0.009723231471112188 0.06348296705822916
4120 0.009723206398238211 0.06348268761528075
4121 0.00972318200196356 0.06348276965691742
4122 0.009723156939962724 0.06348249045121114
4123 0.009723132555421376 0.06348257271946375
4124 0.009723107502822379 0.0634822938133605
4125 0.009723083129706109 0.06348237625106957
4126 0.009723058086305039 0.06348209765409953
4127 0.009723033723258558 0.06348218025957132
4128 0.009723008689513193 0.06348190193238812
4129 0.009722984335018616 0.06348198473800361
4130 0.009722959311180061 0.06348170662405132
4131 0.009722934964273098 0.06348178966259456
4132 0.009722909949929295 0.06348151172041387
4133 0.009722885610302922 0.06348159499996785
4134 0.009722860604531871 0.0634813172174097
4135 0.009722836272202164 0.06348140071772515
4136 0.009722811273991666 0.06348112310491991
4137 0.009722786948881195 0.06348120679128905
4138 0.009722761957464653 0.06348092936264584
4139 0.009722737639189282 0.06348101320496363
4140 0.009722712654113379 0.06348073596372965
4141 0.009722688342011237 0.06348081994699861
4142 0.009722663363008465 0.06348054288058826
4143 0.009722639056311573 0.06348062700350054
4144 0.009722614083109106 0.06348035008961388
4145 0.009722589781114611 0.06348043435570305
4146 0.009722564813343689 0.06348015757228928
4147 0.009722540515576174 0.06348024198065479
4148 0.009722515692586371 0.06347996666899121
4149 0.009722491102403103 0.06348004840795191
4150 0.009722466411356743 0.06347977392598314
4151 0.009722441870772296 0.06347985656366736
4152 0.009722417176026128 0.06347958245899149
4153 0.009722392644243851 0.06347966521323119
4154 0.009722367937970763 0.06347939102925083
4155 0.00972234340888165 0.06347947376285969
4156 0.009722318700979707 0.06347919958198497
4157 0.009722294175805049 0.06347928238985114
4158 0.009722269470229399 0.0634790083027431
4159 0.009722244946896308 0.06347909120497562
4160 0.009722220243553181 0.06347881719990726
4161 0.009722195720671026 0.06347890017156647
4162 0.009722171019173243 0.06347862622344254
4163 0.009722146496513448 0.06347870924712062
4164 0.009722121796370588 0.06347843534210842
4165 0.009722097273789296 0.06347851840665825
4166 0.00972207257447521 0.06347824453997507
4167 0.009722048051741808 0.06347832763625583
4168 0.009722023352769647 0.06347805380341424
4169 0.009721998829588919 0.06347813692067453
4170 0.009721974130593461 0.06347786311147978
4171 0.009721949606665113 0.06347794624054856
4172 0.009721924907274455 0.06347767243853511
4173 0.009721900382194105 0.06347775556707363
4174 0.009721875682174011 0.06347748176299528
4175 0.009721851155695157 0.06347756489263727
4176 0.009721826454785898 0.06347729108092874
4177 0.009721801926564319 0.06347737420208602
4178 0.009721777224461074 0.06347710037129493
4179 0.009721752694229048 0.06347718347033611
4180 0.009721727990652228 0.06347690961150669
4181 0.009721703458175046 0.06347699267738152
4182 0.009721678752823837 0.063476718783398
4183 0.009721654217839888 0.06347680180776553
4184 0.009721629510421626 0.06347652787101953
4185 0.009721604972649286 0.06347661084653915
4186 0.009721580262899687 0.06347633685831468
4187 0.009721555722064837 0.06347641977786027
4188 0.009721531009750022 0.06347614572940311
4189 0.009721506465601061 0.06347622858564701
4190 0.009721481750499836 0.0634759544686999
4191 0.009721457202827443 0.0634760372539878
4192 0.009721432484728263 0.06347576306094721
4193 0.009721407933343746 0.06347584576754041
4194 0.009721383212047258 0.06347557149128083
4195 0.009721358656771867 0.06347565411154073
4196 0.009721333932054555 0.06347537974547535
4197 0.009721309372674109 0.06347546227222618
4198 0.009721284644317027 0.06347518780951346
4199 0.009721260080667525 0.06347527023595156
4200 0.009721235348556016 0.06347499567036161
4201 0.009721210780479727 0.06347507799060603
4202 0.009721186044471872 0.06347480331585974
4203 0.00972116147182474 0.06347488552341725
4204 0.00972113673180462 0.06347461073210674
4205 0.009721112154523237 0.06347469282021767
4206 0.009721087410405869 0.06347441790586596
4207 0.009721062828448597 0.06347449986795936
4208 0.009721038080218519 0.06347422482345201
4209 0.009721013493589791 0.06347430665223021
4210 0.009720988741242404 0.06347403147068056
4211 0.009720964149945822 0.0634741131591708
4212 0.009720939393504626 0.06347383783394626
4213 0.009720914797582216 0.06347391937509234
4214 0.009720890037073517 0.06347364389941988
4215 0.009720865436563961 0.06347372528751349
4216 0.009720840671923251 0.06347344965634802
4217 0.009720816066805141 0.06347353088745075
4218 0.009720791298067199 0.06347325509594984
4219 0.009720766688289528 0.06347333616371814
4220 0.009720741915430656 0.06347306020626475
4221 0.009720717300997935 0.06347314110703689
4222 0.009720692523997513 0.06347286498112928
4223 0.009720667904889402 0.06347294571249491
4224 0.009720643123718632 0.0634726694148787
4225 0.009720618499941203 0.06347274997247219
4226 0.009720593714622054 0.0634724734984866
4227 0.009720569086231394 0.06347255387799307
4228 0.009720544296802603 0.06347227722373712
4229 0.009720519663856295 0.06347235742171206
4230 0.009720494870389628 0.06347208058401918
4231 0.009720470232959993 0.06347216059707222
4232 0.009720445435553374 0.06347188357222457
4233 0.009720420793780686 0.06347196339672462
4234 0.009720395992568312 0.0634716861810465
4235 0.009720371346611998 0.06347176581338163
4236 0.009720346541753282 0.06347148840335065
4237 0.00972032189178873 0.06347156784014944
4238 0.009720297083457927 0.06347129023261532
4239 0.009720272429651712 0.06347136947105367
4240 0.009720247617988726 0.06347109166377202
4241 0.009720222960467888 0.06347117070206347
4242 0.009720198145612473 0.0634708926933962
4243 0.009720173484563095 0.06347097152943984
4244 0.009720148666740275 0.06347069331692755
4245 0.00972012400244001 0.06347077194860035
4246 0.009720099182030055 0.06347049353120134
4247 0.009720074490423017 0.06347062983193635
4248 0.009720049427165683 0.06347025855114641
4249 0.009720025061719191 0.06347040910993056
4250 0.009719999544551794 0.06347004960485578
4251 0.009719975805456877 0.06347020734864245
4252 0.009719950106531646 0.06346985083781372
4253 0.009719926448798636 0.06347000942290067
4254 0.009719900606006004 0.06346965178889567
4255 0.009719876935089291 0.06346980925652743
4256 0.00971985106496363 0.06346945012242737
4257 0.00971982740114275 0.06346960699386262
4258 0.009719801544902653 0.06346924722620292
4259 0.009719777887671366 0.06346940408074503
4260 0.009719752044675407 0.06346904422413219
4261 0.009719728382328466 0.06346920096700265
4262 0.009719702546321115 0.06346884116791789
4263 0.009719678875018877 0.06346899747190765
4264 0.009719653043409261 0.06346863774992467
4265 0.009719629368348011 0.06346879351306814
4266 0.009719603538363911 0.0634684337772576
4267 0.009719579864759966 0.06346858916170153
4268 0.009719554035284416 0.06346822922679277
4269 0.009719530365036316 0.06346838446763196
4270 0.0097195045360949 0.06346802416346031
4271 0.00971948086858599 0.06346817939142992
4272 0.009719455041502767 0.06346781866587896
4273 0.009719431375733015 0.06346797385930551
4274 0.009719405551794546 0.06346761279444336
4275 0.009719381888234395 0.06346776782563456
4276 0.009719356067161919 0.06346740656843153
4277 0.009719332407799271 0.06346756130311747
4278 0.009719306588674866 0.0634671999586191
4279 0.009719282934898415 0.06346735434740969
4280 0.009719257118206648 0.06346699291673728
4281 0.009719233469534865 0.06346714700835732
4282 0.009719207657189156 0.06346678541662244
4283 0.009719184012395092 0.06346693930061985
4284 0.00971915820615689 0.06346657746996517
4285 0.0097191345649662 0.06346673121066969
4286 0.009719108765166755 0.06346636910925083
4287 0.009719085128684269 0.06346652271660773
4288 0.009719059334757007 0.06346616036574604
4289 0.009719035704454326 0.06346631380977683
4290 0.009719009916038376 0.06346595126116024
4291 0.009718986292970693 0.06346610449955466
4292 0.009718960510056654 0.0634657417906417
4293 0.009718936894411907 0.06346589479868464
4294 0.009718911117676849 0.0634655319413425
4295 0.009718887509381271 0.06346568472484605
4296 0.009718861739892063 0.06346532170858134
4297 0.009718838138972716 0.06346547429511315
4298 0.009718812377553808 0.06346511110121235
4299 0.009718788784290583 0.06346526351816864
4300 0.009718763031407682 0.06346490013363361
