"rf_coeffs"
"Iteration" "cd etc.."
("Iteration" "cd" "cl")
1 6.566054726905906 15.17424546074628
2 4.770495622133199 11.83566114386723
3 3.088086665675094 8.1287630090979
4 2.092151099882858 5.493112095507517
5 1.421437432026772 3.662965984990516
6 0.9255428767215151 2.292074959711069
7 0.5918992010995537 1.381549896954385
8 0.3694202723457159 0.7914970366654308
9 0.2208031476460661 0.418184883587377
10 0.1400349371999298 0.2423088521609894
11 0.09051076365025432 0.1565225147319423
12 0.0667450598632303 0.1368026972775314
13 0.0582906507482963 0.1544565457918385
14 0.05892498757571302 0.1935610177381039
15 0.0646587528761457 0.2402290549610579
16 0.07300507549829363 0.2898224588235475
17 0.08112147057515122 0.3331914566223884
18 0.08833285210589574 0.3701489619060022
19 0.09456631950735835 0.4024001929668747
20 0.09933350588008259 0.4284123110361623
21 0.1028884139750107 0.4498630744184681
22 0.1055797867515472 0.4684737514929396
23 0.1075148239514106 0.4847342714787734
24 0.1087517788096968 0.4988335537485644
25 0.1095594594055847 0.5115780978921197
26 0.1099208569870323 0.5227863980861657
27 0.1101192104299786 0.5337424514741651
28 0.1101429456690898 0.543999870417626
29 0.1100718934261585 0.5536375945694727
30 0.1100025224867264 0.5630662634811314
31 0.1098873542707111 0.5719945281122923
32 0.1098192101312647 0.5807635981132121
33 0.1098055527180472 0.5894772399878478
34 0.1098381098005128 0.5979591294646788
35 0.1099175399207534 0.6063667978206672
36 0.1100183990238475 0.6144811274463077
37 0.1101457194621758 0.622358550591625
38 0.1102605565092064 0.6298855774961165
39 0.1104339960039808 0.6373508587619247
40 0.1106164356843984 0.6445706808273309
41 0.1107938567964534 0.651570818621096
42 0.1109637860008091 0.6583095774702791
43 0.1112129042652981 0.6652862070997348
44 0.1113453171210671 0.671407434404359
45 0.111615195113167 0.6781993015692092
46 0.1117588025329563 0.6840723814923958
47 0.1120067124991145 0.6904992869517316
48 0.1122033392675497 0.6963673085155052
49 0.1124361704578554 0.7024382400005257
50 0.1126403856767316 0.7081572491823332
51 0.1128865244110435 0.7140662342477938
52 0.1130795681560003 0.7195522974908133
53 0.1132829004951891 0.7250913861316893
54 0.1134742759527684 0.7304640966119105
55 0.1137064476136374 0.7360298665313034
56 0.1138941420683112 0.7411766531333374
57 0.1140939985926748 0.7464506171210052
58 0.1142665566994247 0.7514040691875326
59 0.1144551102883601 0.7565336921489231
60 0.1145986865065131 0.7612292209505862
61 0.1147371667806248 0.7660299986683443
62 0.1149006545234705 0.7707310376976975
63 0.1150286437196335 0.7754369724241907
64 0.1151812633423705 0.7801410440287805
65 0.1152496064391082 0.7843862641827039
66 0.1153770400038172 0.7888393448678825
67 0.1154380101173132 0.7930114062355068
68 0.1155105558516289 0.7971592959417857
69 0.1155803065769752 0.8013368213714763
70 0.1156389175249109 0.8053986527873408
71 0.1156929036152544 0.8094521273448079
72 0.1157245392325661 0.8133722325199257
73 0.1157499683633548 0.8171725143703594
74 0.1157582324270376 0.8208799117750589
75 0.1157698610568179 0.8246465518637919
76 0.1157983246993951 0.8284575125449797
77 0.1157930572887275 0.8320917088294399
78 0.1157643096620088 0.8355961128171039
79 0.115730637807658 0.8390875653481412
80 0.1156802404914443 0.8425002745994581
81 0.1156289186249628 0.845916633031415
82 0.1155483838773309 0.8491764410426732
83 0.1154955581383002 0.8525560584772806
84 0.1154108511785431 0.8557671777734238
85 0.1153196549105973 0.8589562957686692
86 0.115249752616279 0.862294631554233
87 0.1151218687217911 0.8651990250456143
88 0.1149872153298464 0.8682837479975317
89 0.1148579291350746 0.8712325805038154
90 0.1146914992279781 0.874179335678588
91 0.1145297230417727 0.8771009412095693
92 0.1143614054821083 0.879859249197819
93 0.1142033956646911 0.882776312042774
94 0.1140760135915074 0.8857233744212593
95 0.1139014327862946 0.8885922798920395
96 0.1137105365511163 0.8914098782724278
97 0.113510225623632 0.8941481655235266
98 0.1132977172846221 0.8968776671034885
99 0.1130834115086329 0.8995586445912455
100 0.1128418667869183 0.9021387892343373
101 0.1126117379920957 0.9046859604217642
102 0.1123605502563625 0.9072493090552339
103 0.1121122128709702 0.9099039633171397
104 0.1118687634009367 0.9124493812906179
105 0.1115905135334936 0.9148120370995552
106 0.1113453753908797 0.9174156692892097
107 0.1110569311468181 0.9198545680753334
108 0.1107680368074009 0.9222709881958264
109 0.1104888985583353 0.9246879633255637
110 0.1101970413237436 0.9270311330565564
111 0.1098556400965531 0.9292107439356964
112 0.1095659504472008 0.9316308766339448
113 0.1092422736980139 0.9338478706457642
114 0.1089430080080393 0.9362227633151612
115 0.1086055779265066 0.9383618444949292
116 0.1082973973385219 0.9406782060567088
117 0.1079633800606253 0.9427865799099082
118 0.1076497571463245 0.9450915617549889
119 0.1072922981234045 0.9470841953619229
120 0.1069768867805008 0.949302420359594
121 0.1066496784053588 0.9514689468632959
122 0.1063147537445731 0.9535857195831778
123 0.1059561160032173 0.9555090168222925
124 0.1056452811022215 0.957682776324307
125 0.1052921272669041 0.9595992722495049
126 0.1049832265171762 0.9617504775407382
127 0.1046343999660148 0.9636356580083791
128 0.1043267110275114 0.9657789135721443
129 0.103976249360175 0.9676766728600619
130 0.1036734762777827 0.9697381360155124
131 0.1033553015139477 0.971595957701343
132 0.1030446637356874 0.9736449690406328
133 0.1027004754139974 0.9755347294632334
134 0.1024102322479525 0.9775601616744803
135 0.1020654573224981 0.9793458031008244
136 0.1017807512918411 0.9813091529265728
137 0.1014637682858114 0.9831763264424831
138 0.1011881158093171 0.9851456784273073
139 0.1008751540288474 0.9870208219797427
140 0.1006031323069407 0.9890045342344759
141 0.10030931338678 0.9908636553262655
142 0.1000228078794692 0.9927399708803584
143 0.09975444573011499 0.9946305736355648
144 0.09946403087432863 0.9964520715858939
145 0.09919237584782173 0.9983386636999008
146 0.09893054326183935 1.000295526378996
147 0.09865840313878202 1.002091881889896
148 0.09841673933056964 1.004054308670104
149 0.09813853041543932 1.005827963532855
150 0.0978798722089263 1.007722933945747
151 0.09761098207787337 1.009505703093191
152 0.09737484897201017 1.011400004067991
153 0.09711647079081327 1.013259730376088
154 0.09687898386464103 1.015091767224212
155 0.09661449917531532 1.016929288646393
156 0.09638085702416045 1.018804701752519
157 0.09612817985258174 1.020561030056645
158 0.09590418757407171 1.02244923330734
159 0.09565555384924057 1.024198706432383
160 0.09543271066708973 1.026072718268334
161 0.09519283002205343 1.027821385252843
162 0.09497571345552151 1.029729371678202
163 0.09474846174813516 1.031536155404178
164 0.09450830165281662 1.0332271512767
165 0.09430089629652459 1.035134136064586
166 0.09408300586461023 1.036930557317464
167 0.09385422090219366 1.038703236054656
168 0.09365230999876566 1.040514127419503
169 0.09343123943061445 1.042240377761757
170 0.09323408893529234 1.044121343826063
171 0.09301075318903902 1.045876227903141
172 0.09281521235930131 1.04764081179032
173 0.09261520703738411 1.049436436334599
174 0.09239462379176425 1.051174035629724
175 0.09220925278182433 1.053001422847316
176 0.09200139999674044 1.054700906506609
177 0.09180805725892589 1.056496246694803
178 0.09162608283490117 1.058233035231466
179 0.09144745338199162 1.060065944581899
180 0.09124307149930536 1.061767539942054
181 0.09106228894626749 1.063462913799754
182 0.09089694088090673 1.065347544306115
183 0.09070082202319626 1.067025703738522
184 0.09053467258320054 1.068806972405769
185 0.09034075431472156 1.070454958670067
186 0.09018747288911028 1.072253997943769
187 0.08999901839940237 1.073879192015244
188 0.08984218184889035 1.075689376267649
189 0.08965788684018762 1.077321265724727
190 0.08950431417957602 1.079116575566977
191 0.0893231825249752 1.080759599922755
192 0.08916361853510829 1.082441821160021
193 0.08901583500671505 1.084176065872462
194 0.08884142570220475 1.085807874303845
195 0.08868954923973056 1.087432117178238
196 0.08854143765177375 1.089195017990553
197 0.08837634742635933 1.090767683883218
198 0.08822905858019334 1.092487885656112
199 0.08806815079386542 1.094046814573822
200 0.08792328568882296 1.095731852729792
201 0.08776128537116913 1.097279129442262
202 0.08762401847450769 1.098948723308989
203 0.0874756024096731 1.100559234699015
204 0.08731355340670351 1.102108823251993
205 0.08717612641394056 1.103757878004923
206 0.08702399599209984 1.105270845817332
207 0.08688694911258439 1.106886736302871
208 0.08673477171610378 1.108381298606333
209 0.08659019154975664 1.109889498571219
210 0.08645637767941533 1.111519332892907
211 0.08631297235526239 1.112991290068642
212 0.08617559736648653 1.114567084953836
213 0.08602934057006803 1.115989275641365
214 0.0858945292164999 1.117542122313954
215 0.08574691812148669 1.11894543542074
216 0.08560910211080189 1.120467865106729
217 0.08546315235336287 1.121851714764949
218 0.08533121415908375 1.123340448354991
219 0.0851842536462086 1.124720468917154
220 0.08505410766352964 1.126190890300798
221 0.08490828228615759 1.127558884333341
222 0.08477448995462297 1.129008924746233
223 0.08463289723301128 1.130330397340227
224 0.08449469978426952 1.13169340730594
225 0.08436534367089916 1.133097247994528
226 0.08422042660241291 1.134375841479767
227 0.08408175470138733 1.135705310665914
228 0.08395038323619049 1.137075288453316
229 0.08380721549326299 1.138307996335387
230 0.08367575624666847 1.139643906289961
231 0.08352693324679508 1.140855284721406
232 0.08339793805362841 1.142164457958363
233 0.08325368912054772 1.143365841354578
234 0.08312541096551782 1.144649139268308
235 0.08298075304609071 1.145829760351463
236 0.08285340071906515 1.147081457446961
237 0.08271058313135828 1.148252485154835
238 0.08257874504951725 1.149406072961606
239 0.08244679889831837 1.150643443817842
240 0.08230353218796474 1.151765337539648
241 0.08217640186118876 1.152938410893121
242 0.08203351578342261 1.154030128847079
243 0.0819016654167669 1.155114138542635
244 0.08177006622080581 1.156287840693557
245 0.08162913787745753 1.15733641756216
246 0.08150195890017957 1.158453752049964
247 0.08136119239791105 1.159470723733169
248 0.081235812360669 1.160552369912964
249 0.08109900206928838 1.161545812847386
250 0.08096891912182191 1.162623067836178
251 0.08083587874489916 1.163629350311638
252 0.08070609041327037 1.164663974663327
253 0.08056978344017007 1.165631418874291
254 0.08044780485122913 1.166636345774884
255 0.08031146075596086 1.167578053716709
256 0.08018263569969486 1.1685196969272
257 0.08006267087184227 1.169510053587591
258 0.07993041314783847 1.170382714184319
259 0.07980581046768451 1.171363601433939
260 0.07967197597369804 1.172234654982886
261 0.07955358517886496 1.173176276871866
262 0.07942586817596045 1.173999241969173
263 0.0793045630918108 1.174929590299756
264 0.07917696316064826 1.175757035562197
265 0.07905733116129698 1.176635819398514
266 0.07893538754498428 1.177484872989856
267 0.07880522007118368 1.17828785479403
268 0.07869121202871002 1.179154322310668
269 0.0785641049926529 1.179950840562129
270 0.07845920473790405 1.180781688443472
271 0.07833226016813635 1.181550103198598
272 0.078224646809736 1.182356898279348
273 0.07809884169709047 1.183101284056867
274 0.0779927313365122 1.183892198317209
275 0.07787005667582994 1.184614765884006
276 0.07776453094697061 1.185387799155682
277 0.07764519138537512 1.186088573676609
278 0.07754164676396938 1.186844582126386
279 0.07743243130586873 1.187562602568971
280 0.07731998983681254 1.188230721135356
281 0.07721438997974044 1.188968284728479
282 0.07710823100349101 1.189658957746837
283 0.07700683503257645 1.190324348132001
284 0.07689841546537857 1.191012581484314
285 0.07678727951092369 1.191665334459669
286 0.07669379539650298 1.19232676483494
287 0.07658475633693652 1.192951116275927
288 0.07649559623098239 1.193613985576824
289 0.07638970430007878 1.194224529009478
290 0.07630013576262809 1.194866494000701
291 0.07619471592957359 1.19544842520515
292 0.0761066193545766 1.196075446934553
293 0.0760070606785173 1.196653126231424
294 0.07592115352794038 1.19726703841624
295 0.07582454811675349 1.19782825403903
296 0.07574052998012883 1.198427879588243
297 0.07565180913980783 1.198996558581206
298 0.0755638606964326 1.199554664019751
299 0.07547990773800319 1.200112655810295
300 0.07538965087454606 1.200626325586433
301 0.07530605025818221 1.20119175999645
302 0.07521908065599135 1.201726031824751
303 0.07513995823758048 1.202227948372303
304 0.07506426801486359 1.202763244644077
305 0.07498108213253819 1.203257238090616
306 0.07490676249468654 1.203783998665305
307 0.07482782367200624 1.20426160048723
308 0.07475693528390186 1.204771744437354
309 0.07468211880755278 1.205261653125947
310 0.07460519433995746 1.205714116992052
311 0.0745367207569983 1.206209843524123
312 0.0744632871925284 1.206649453330691
313 0.07439703426126106 1.207134321499443
314 0.07432627242329623 1.207563109948438
315 0.07426177448014017 1.20803611082079
316 0.07419379707195212 1.208452740582402
317 0.07413228992999761 1.208910726738589
318 0.07406946418506573 1.209341010568908
319 0.07400784522109734 1.209759952317832
320 0.07394424585529893 1.210187382663841
321 0.07388124317249144 1.210580987501199
322 0.07382554408152643 1.211009028086465
323 0.07376337565568797 1.211407707775329
324 0.07371279374983793 1.211809597936131
325 0.07365409859284573 1.21219121080026
326 0.07360369613343684 1.212590144582466
327 0.07354732276077862 1.212962847778669
328 0.0734981023325626 1.213357439272897
329 0.07344476679244069 1.21371352340754
330 0.07339788429223185 1.214096153620845
331 0.07334596690163654 1.214446295192152
332 0.07330163792968894 1.214817040888559
333 0.07325425938842836 1.215169855648094
334 0.07320694021778995 1.215524446136079
335 0.07315972935715299 1.215860860824846
336 0.07311895391868489 1.21621251387772
337 0.07307368666092749 1.21654421757731
338 0.07303351369384203 1.216873053787958
339 0.072994127640399 1.217199816659538
340 0.0729544211579905 1.217543420702979
341 0.07291345446411578 1.2178539809544
342 0.07287861122257396 1.218179105576058
343 0.0728392320504523 1.218482784818925
344 0.07280484065400013 1.218799163138006
345 0.07276776013677307 1.219097437584566
346 0.07273597769559824 1.219406304237565
347 0.07270030735907072 1.219695111014655
348 0.07266749274222035 1.219994064667809
349 0.07263500670313756 1.220282084818976
350 0.0726050927264085 1.220576015535036
351 0.07257378529902352 1.220862411226145
352 0.0725463622569672 1.221147235130133
353 0.07251667073895526 1.221422993845356
354 0.07249069002904593 1.221700711217164
355 0.07246201428122057 1.221969142734573
356 0.07243616915129589 1.222233748858619
357 0.07241064603975048 1.222499580806439
358 0.0723869416922685 1.222772921202645
359 0.07236168831643514 1.223022785328133
360 0.07233939500412616 1.223287206200769
361 0.07231524985780464 1.223533041861
362 0.0722944385816895 1.223792826775534
363 0.07227162179188228 1.224032187235138
364 0.07225201551166063 1.224287673613683
365 0.07223071488642131 1.224521907335045
366 0.07221225545869697 1.224769016194564
367 0.07219209899805502 1.225001249908167
368 0.07217516653464107 1.225242741864138
369 0.07215619708077246 1.225474062081177
370 0.0721404377395535 1.225710334715186
371 0.07212229121107273 1.225933963888502
372 0.07210661163289817 1.226157410192686
373 0.07209064223057551 1.226384957211772
374 0.07207567910389534 1.226607170766006
375 0.07206114492436716 1.22682652467432
376 0.07204795212836071 1.22704850978706
377 0.07203304918157749 1.227257814352655
378 0.07201976090460389 1.227470867866217
379 0.07200700127466168 1.227682399235039
380 0.07199467553712979 1.227891863718993
381 0.07198274939551394 1.228099416953887
382 0.07197121163592982 1.228305026000547
383 0.07196004885823078 1.228508694245896
384 0.07194924735242582 1.228710448215076
385 0.07193879449898322 1.22891032182007
386 0.07192865584539614 1.229108247137166
387 0.07191886655025102 1.229304493836169
388 0.07190925165499164 1.229495011426604
389 0.07190093565506452 1.229694457273786
390 0.07189108425230416 1.229880304957405
391 0.07188325933295353 1.230076754674488
392 0.07187394538099443 1.230256839914004
393 0.07186687751266847 1.230450694316352
394 0.07185813369279545 1.23062850802406
395 0.0718507302569221 1.230815355289286
396 0.0718434349424777 1.230993193748161
397 0.07183740272325401 1.23118155954163
398 0.07182928717424772 1.231350594723542
399 0.07182378820843137 1.231537770458066
400 0.07181584421868423 1.231703592569775
401 0.07181072666036117 1.231887842030072
402 0.0718031996228868 1.232051247128633
403 0.07179785903348118 1.232229066858807
404 0.07179077649483262 1.23239184131382
405 0.07178634915367323 1.232570437165427
406 0.07177971925265371 1.232731377369766
407 0.07177417584343979 1.232898134286007
408 0.07177000917475385 1.233070612593786
409 0.0717635707493879 1.233228053258393
410 0.07175824822326862 1.233390643857222
411 0.0717543364117469 1.233559762655433
412 0.07174796825566519 1.233712430290529
413 0.07174443377252565 1.233880772044337
414 0.07173802854617223 1.234030318026604
415 0.07173285275015877 1.234186697256142
416 0.07172897989737712 1.234348673586125
417 0.07172261653407247 1.234495331545451
418 0.07171860855158381 1.234653691315272
419 0.07171251180873298 1.234801245816673
420 0.07170859412552343 1.234957168929887
421 0.07170269873287474 1.23510400570537
422 0.07169757234772889 1.235248950487685
423 0.07169401114967532 1.235408981945876
424 0.07168806832102717 1.235550163361167
425 0.07168230190091321 1.235688914543591
426 0.0716785561988625 1.235845203920207
427 0.07167257369220298 1.235983107668714
428 0.07166705999117558 1.236120820750478
429 0.07166305241204218 1.236273521563872
430 0.07165641366890491 1.23640704900524
431 0.07165173304641315 1.236551974604992
432 0.07164497246237363 1.236682860113453
433 0.07164036902759903 1.236826995843836
434 0.07163362946071666 1.236956877537242
435 0.07162884009890824 1.23709898123046
436 0.07162188616667273 1.237226996549357
437 0.07161689148742947 1.237367148878649
438 0.07160974210163662 1.237493408062024
439 0.07160449285092746 1.237631389027314
440 0.07159703157396977 1.237755579550161
441 0.07159014248541462 1.237881034389305
442 0.0715852478313513 1.238023746183062
443 0.07157748780678853 1.238144681692348
444 0.07157165507202339 1.23827538588586
445 0.07156295988591491 1.238391397459332
446 0.07155672821993396 1.238523694003595
447 0.07154799380285864 1.238642710408223
448 0.07154032446042993 1.238761829830294
449 0.07153299046769974 1.238884966373656
450 0.07152563453496821 1.239012382782536
451 0.07151737162041719 1.239129880907896
452 0.07150921644455947 1.23924525507886
453 0.07150205315594239 1.239373421093468
454 0.07149228329601043 1.239483321157623
455 0.0714845874705721 1.239602951463983
456 0.07147421955296025 1.239710423747686
457 0.07146604715886302 1.239829040589841
458 0.07145540596793948 1.239934982666563
459 0.07144723874590958 1.240054349424421
460 0.07143655033325352 1.240156155150398
461 0.07142757801907927 1.240274218161953
462 0.07141636357748031 1.240375677160898
463 0.07140749872928102 1.240489639601076
464 0.07139583600641122 1.240589456532451
465 0.07138624551895616 1.240700841257605
466 0.07137422914042083 1.240798714638317
467 0.07136426902458742 1.24090807611429
468 0.07135191188164053 1.241004101433664
469 0.07134170450121101 1.24111198966587
470 0.07132897735527027 1.241206089847194
471 0.07131833254537408 1.241311680207925
472 0.07130520486062902 1.241403702891397
473 0.07129404059360755 1.241505114968376
474 0.07128052828150142 1.241597063952837
475 0.07126897268514233 1.241697500456512
476 0.07125525856545216 1.241786777449598
477 0.07124313171523104 1.241884980702807
478 0.07122908181567908 1.241972075917184
479 0.07121555084321339 1.242060750526488
480 0.07120302498883911 1.242156963627288
481 0.07118835130212738 1.242240034193264
482 0.07117410951463705 1.242325160184262
483 0.07116101726791266 1.242419078286412
484 0.07114575133894263 1.242498006165693
485 0.07113193666893067 1.242586257103786
486 0.07111614953791784 1.242663658900774
487 0.0711019623802186 1.242748720530208
488 0.07108575116863548 1.242826237976711
489 0.07107047373262346 1.242906621951278
490 0.07105581317991864 1.242989639473401
491 0.07103926991508963 1.243062041331059
492 0.07102313986964812 1.243136178198819
493 0.07100688714454315 1.243210216667118
494 0.07099075522053896 1.243285763697448
495 0.07097512005155202 1.243363638736472
496 0.07095763530031188 1.243429411019986
497 0.07094048738212014 1.243497596473524
498 0.07092420259076306 1.243573058448714
499 0.07090627233043049 1.243634975527221
500 0.07088872526502088 1.243701360062205
501 0.07087177401988573 1.243770346188405
502 0.07085318100556956 1.24382996673664
503 0.07083576671702491 1.24389735156796
504 0.07081694491036952 1.24395425385582
505 0.07079856227141271 1.244013161142081
506 0.07078013523939077 1.244072935530376
507 0.07076129748980503 1.244132922259004
508 0.07074268983595389 1.244189536968531
509 0.07072381022957171 1.244244585702816
510 0.07070490884704363 1.244296219586819
511 0.07068579727807126 1.244353957266081
512 0.0706656894197667 1.244402448498428
513 0.07064597687128772 1.244451627825811
514 0.07062617319010803 1.244500279998264
515 0.07060652128601415 1.244546664412959
516 0.07058600364296576 1.244594384689012
517 0.07056612175065687 1.244638501847033
518 0.07054536573132399 1.244683655053807
519 0.07052482732796221 1.244726129155291
520 0.07050429320058313 1.244767259856678
521 0.07048355272241612 1.244807094010512
522 0.0704625945312245 1.244845426415673
523 0.07044156646108758 1.244882602395542
524 0.07042039319205917 1.244918595421671
525 0.07039903885835813 1.24495307591138
526 0.07037756951778681 1.244986321900978
527 0.07035598883449094 1.245018283202025
528 0.0703342776715314 1.245048899041933
529 0.07031246413235812 1.245078207248344
530 0.0702905321485372 1.245106118807432
531 0.07026859131146367 1.24513317410807
532 0.0702464378554461 1.245158370268632
533 0.0702241422646557 1.245182253507404
534 0.0702017772651593 1.245204943772112
535 0.07017927892318727 1.24522620471378
536 0.07015668422699067 1.245246623325571
537 0.07013403397687744 1.245264817084488
538 0.07011130198288988 1.245283386653948
539 0.07008830371517755 1.245297648189464
540 0.0700653723082707 1.245311937445137
541 0.0700423902638361 1.245325351938096
542 0.07001929648910106 1.245337343259803
543 0.06999611358075404 1.245347883025807
544 0.06997309893843094 1.245358420885859
545 0.06994958086302713 1.245365004585524
546 0.06992619163052238 1.245371346898548
547 0.06990272739265009 1.245376491001267
548 0.06987919242447596 1.245380310715905
549 0.06985559531194932 1.24538278126736
550 0.06983156571521316 1.245383994851066
551 0.06980826038784849 1.245383693021862
552 0.06978417065920944 1.245381476790748
553 0.06976073104345103 1.245379381174847
554 0.06973690516820266 1.245375017546523
555 0.0697127693492008 1.245368233007266
556 0.06968895122549376 1.245361876585812
557 0.06966499919816645 1.245353755779367
558 0.06964079425309684 1.245344446640628
559 0.06961677078643984 1.24533315340502
560 0.06959227901528073 1.245320077956966
561 0.06956866110751884 1.245306839330673
562 0.06954454872158204 1.245291814924539
563 0.06952028118605721 1.245275749610072
564 0.06949606976033795 1.245257732198998
565 0.06947164636217838 1.245238946851024
566 0.0694473977964457 1.245218361105645
567 0.06942320873193394 1.245196676306137
568 0.06939895554429888 1.245173604033403
569 0.06937476628819661 1.24514947186308
570 0.06935092449419314 1.245124666403773
571 0.06932608161035536 1.245096949214201
572 0.06930165483748101 1.24506847435024
573 0.06927742131532384 1.24503868880374
574 0.06925295651232169 1.245007472490274
575 0.06922863978704966 1.24497508517211
576 0.06920467330981883 1.244942079121045
577 0.06918046488100833 1.244907558554572
578 0.06915617572932814 1.244871516564747
579 0.06913189612749873 1.244834132088049
580 0.06910764285403924 1.244795461036588
581 0.06908341737371441 1.24475549276589
582 0.06905949157666505 1.244714823719361
583 0.06903439865416551 1.244670780304452
584 0.06901039378327363 1.244626720915244
585 0.06898683400684136 1.244582624735754
586 0.06896332539239353 1.244537873872104
587 0.06893886129732096 1.244490013533741
588 0.06891458784123505 1.244440122712954
589 0.06889067596317486 1.244390090829462
590 0.06886676666959871 1.244338855272686
591 0.06884315840135001 1.24428709794938
592 0.06881934067505864 1.244233686322986
593 0.06879521965287726 1.244178580978396
594 0.06877156167366291 1.244121920689047
595 0.06874814793333785 1.244065169883628
596 0.0687247746040658 1.244007901628421
597 0.06870126505369709 1.243948721879812
598 0.06867671749934795 1.243884525525911
599 0.06865282068405404 1.243820901757584
600 0.06863063265162432 1.243761253753217
601 0.06860727817398628 1.243697149384691
602 0.0685838601139914 1.243631248599413
603 0.06856062793737676 1.243564562523593
604 0.06853662102535678 1.243493444377282
605 0.06851390277049825 1.243425414829055
606 0.06849118051014633 1.243356265333758
607 0.06846753258153708 1.24328259034049
608 0.06844522089204996 1.243211782816256
609 0.06842287325788772 1.243139987619705
610 0.06840004087697146 1.243064975996211
611 0.06837671120846857 1.242986229483406
612 0.06835400598437189 1.242908921786886
613 0.06833225297031825 1.242833326891898
614 0.06831007834410148 1.242755245950355
615 0.06828710099638667 1.242672270071856
616 0.06826465276219054 1.242590164614185
617 0.06824319358652664 1.242510303720824
618 0.06822096337355005 1.24242605601918
619 0.06819929842760793 1.242342931314399
620 0.06817776755812072 1.242259026377432
621 0.06815607657776057 1.242172958104221
622 0.06813355637405544 1.242081558856213
623 0.06811191249636721 1.241992517357163
624 0.06809056070163831 1.241903417333088
625 0.06806955251646099 1.241814557912683
626 0.06804800323651108 1.241721870608358
627 0.06802712209582146 1.241630678979844
628 0.06800585504969853 1.241536139565844
629 0.06798515536337801 1.241442954298411
630 0.06796407984365525 1.24134640148221
631 0.0679435820269777 1.241251259889093
632 0.06792316449512052 1.24115502925515
633 0.06790212390120463 1.241054277924228
634 0.06788193745580007 1.240956217087864
635 0.0678619400673596 1.240857728752638
636 0.06784183185463399 1.240757192093151
637 0.06782158033049848 1.240654419017009
638 0.06780151352771112 1.240551166554329
639 0.06778164891283936 1.240447261345108
640 0.06776167316943076 1.240341709546881
641 0.06774193581101257 1.240235709018114
642 0.06772260991103482 1.240130443732648
643 0.06770319069811973 1.240023053445452
644 0.06768411298779899 1.239916109085653
645 0.0676642826475746 1.239803839182773
646 0.06764560909906102 1.23969580434003
647 0.06762707380562437 1.239587335925335
648 0.06760851580067989 1.239477255399541
649 0.06758974541565746 1.239364700808377
650 0.06757124510503638 1.239252153087754
651 0.06755270481538439 1.239137951486522
652 0.06753409994630753 1.239021935452821
653 0.0675157109266333 1.23890581525383
654 0.06749795411052144 1.238791345178448
655 0.06748009389939535 1.238675016916464
656 0.06746227688866951 1.238557577379158
657 0.06744458042956415 1.238439312045452
658 0.06742702011984772 1.238320372888216
659 0.06740987136369882 1.238202576711043
660 0.0673922662406438 1.238080334427926
661 0.06737537237940186 1.237960908079554
662 0.06735818658905629 1.237838631564335
663 0.0673412319600299 1.2377158498181
664 0.06732416818774632 1.237590872669439
665 0.0673072210966941 1.237465625940315
666 0.06729076055168977 1.237341739087829
667 0.06727477184198036 1.237219439826646
668 0.06725865561005809 1.237094141132334
669 0.06724292750173098 1.236970509773397
670 0.06722709843053737 1.236844790099513
671 0.06721100446672612 1.236715936795796
672 0.06719531690075015 1.23658813472082
673 0.06717953342397152 1.23645852521945
674 0.06716410955783662 1.23632970014513
675 0.06714822211987025 1.236196835005107
676 0.06713336039148145 1.236068671794131
677 0.0671183401011352 1.235938234108939
678 0.06710322007265733 1.235805875323524
679 0.06708847550398861 1.23567436287713
680 0.0670734028430952 1.235539081657161
681 0.06705875278386751 1.235405762230211
682 0.06704436627982364 1.235272718009504
683 0.06703015667995216 1.235139286088487
684 0.06701608343900321 1.235005308556404
685 0.06700229591702615 1.234871768949866
686 0.06698830782491673 1.23473572924466
687 0.06697448729460029 1.234599687248339
688 0.06696091532113836 1.234463692280512
689 0.06694745364665142 1.234327062382633
690 0.06693408598242569 1.234189757082855
691 0.06692083819190305 1.234051971458048
692 0.06690771151503512 1.233913753005412
693 0.06689494640968162 1.233776535286115
694 0.06688202677210923 1.233638106004863
695 0.0668691515297003 1.233496650715473
696 0.06685645352478106 1.233356278083513
697 0.06684393282479292 1.233215967304277
698 0.06683158202275875 1.233075446385295
699 0.06681938039951076 1.232934614288698
700 0.06680731387890239 1.232793423953224
701 0.06679558099205429 1.232653127999181
702 0.0667835574689797 1.232509856817859
703 0.06677186312313117 1.232368253882371
704 0.06676012199994615 1.23222415416416
705 0.06674887682716062 1.232082357269188
706 0.06673761211725948 1.231939298706891
707 0.06672620817412032 1.231793823068083
708 0.06671530157595196 1.231651148316277
709 0.0667043944141765 1.231507170406148
710 0.06669357515141229 1.231362574303534
711 0.06668277854658106 1.231217603723289
712 0.06667229002419324 1.231072694952686
713 0.0666618642482302 1.230927437862044
714 0.06665153331761654 1.230781691135438
715 0.06664133560138913 1.230635859222634
716 0.06663125254399205 1.230489646707274
717 0.06662129786729266 1.23034333869259
718 0.06661146582126504 1.230196706953921
719 0.06660176228384486 1.23004997426007
720 0.06659217712296855 1.229902936613187
721 0.06658271591135574 1.22975578575596
722 0.0665733732409353 1.229608355963431
723 0.06656414974885812 1.229460803464458
724 0.06655503346157533 1.229312937890136
725 0.06654604419515583 1.229164990185235
726 0.06653718350968238 1.229016853034576
727 0.06652843084856798 1.228868540120106
728 0.0665195949665888 1.228717428505182
729 0.06651121674740805 1.228571531323759
730 0.06650265629929576 1.228420488052812
731 0.06649456121425452 1.228274499839496
732 0.06648656467190313 1.22812645555531
733 0.06647852460295833 1.227975556931394
734 0.06647052305125425 1.227826160161162
735 0.0664628792845138 1.227679741057686
736 0.06645504794286991 1.227527724281987
737 0.06644735687034889 1.227377697428891
738 0.06644003907728468 1.227230939103084
739 0.06643249424392267 1.227078125895507
740 0.06642534246912658 1.226930710749241
741 0.06641804705467569 1.226778112708276
742 0.06641112925796835 1.226630772955251
743 0.06640405005564037 1.226477952222511
744 0.066397136708524 1.226327577867262
745 0.06639053038337932 1.226179653412891
746 0.06638380382161958 1.226027064304785
747 0.06637743670521366 1.225879508135689
748 0.06637093718144207 1.225726763908715
749 0.06636458736185394 1.22557636815958
750 0.06635839823090721 1.225426421813446
751 0.06635234923879332 1.225276507486059
752 0.06634642218467858 1.225126563845049
753 0.06634057745348781 1.224976455634239
754 0.06633482149256724 1.224826246117029
755 0.0663291540531767 1.224675962666138
756 0.06632358647120271 1.224525665580434
757 0.06631810918978255 1.224375332530668
758 0.06631273186163635 1.22422500469383
759 0.06630744519360339 1.224074706652093
760 0.06630225329344777 1.223924393299554
761 0.06629715957895393 1.223774100523021
762 0.06629216624880824 1.223623861228873
763 0.06628727058830154 1.223473697606429
764 0.06628247077884146 1.22332358586969
765 0.06627776687250321 1.223173531257753
766 0.066273157054447 1.223023535171146
767 0.0662686470838056 1.222873608898106
768 0.06626422749691789 1.222723766547121
769 0.06625989186673924 1.222573962151339
770 0.06625565255144633 1.222424246769375
771 0.06625150392761313 1.222274609958468
772 0.06624744532897167 1.222125058734615
773 0.06624347617046368 1.221975596724126
774 0.06623959819688638 1.221826251224682
775 0.06623580228419521 1.22167697496371
776 0.06623209310290662 1.221527777003904
777 0.06622847412478564 1.221378707234238
778 0.066224943135575 1.221229757964451
779 0.06622149829847016 1.22108092649078
780 0.06621813829583627 1.220932213645553
781 0.06621486108220276 1.220783619270831
782 0.06621166857914813 1.220635154170634
783 0.0662085576719442 1.220486815361047
784 0.06620553056402836 1.220338617925646
785 0.06620258385210245 1.220190550356284
786 0.06619969629822235 1.220042717912701
787 0.06619688832185576 1.219894586269386
788 0.06619418401661897 1.219746974518393
789 0.06619156967782662 1.219599558460702
790 0.06618902715353944 1.219452266894291
791 0.06618656076611623 1.219305279767083
792 0.06618421437376658 1.219158498393536
793 0.06618191092034841 1.219011651752328
794 0.06617966774138505 1.218864950854879
795 0.06617749335092953 1.218718412528771
796 0.06617539338113532 1.21857205497534
797 0.06617336781043251 1.218425883072761
798 0.06617141666824507 1.218279901886302
799 0.06616953944241068 1.218134114415987
800 0.06616773296582819 1.217988516342857
801 0.0661659997935336 1.217843119697715
802 0.06616434020337429 1.217697926230114
803 0.06616275086991781 1.217552932422028
804 0.06616123092203817 1.217408140284631
805 0.06615978441506078 1.217263554079968
806 0.06615840198186008 1.217119178541181
807 0.06615708589891328 1.21697500815388
808 0.0661558088863191 1.216830902499171
809 0.06615462998625946 1.216687173450331
810 0.06615350019522294 1.216543608206919
811 0.06615245230149115 1.216400311138054
812 0.06615147956981715 1.216257278164798
813 0.06615055947446143 1.216114445247461
814 0.06614970415004336 1.215971836935399
815 0.06614884979367759 1.215827329464856
816 0.06614810910221189 1.215687547256435
817 0.06614751071166092 1.215546029207325
818 0.06614694115111154 1.215404276379326
819 0.06614639621494131 1.215262683467257
820 0.0661458951225307 1.215121339506628
821 0.06614544829333757 1.214980264140912
822 0.06614506256800191 1.214839456623602
823 0.06614473685027829 1.214698915084988
824 0.06614447086481394 1.21455863818539
825 0.0661442638905636 1.214418626001453
826 0.06614405445635446 1.214276755293218
827 0.06614392063637486 1.214139389791089
828 0.06614395958602716 1.214000619049507
829 0.06614403166608991 1.213861698118033
830 0.06614407570086989 1.21372084281899
831 0.06614419888836114 1.21358437320082
832 0.06614438207920097 1.213444639842676
833 0.06614456670642652 1.21330680060316
834 0.06614484641278254 1.21316951133689
835 0.06614521009160722 1.213032524822989
836 0.06614563284613062 1.212895754037002
837 0.06614600945276615 1.212758737706127
838 0.06614653288438391 1.212622448353042
839 0.06614711050778288 1.212486400868423
840 0.06614772977112159 1.212350610224856
841 0.06614839040120579 1.212215040691521
842 0.06614909081261568 1.212079739240261
843 0.06614983552113557 1.21194467800135
844 0.06615061941766727 1.211809888253111
845 0.06615145305179432 1.211675372980397
846 0.06615232858053748 1.211541157185801
847 0.06615325290226247 1.211407222106786
848 0.06615421737819796 1.211273578011299
849 0.0661552289089062 1.211140211516567
850 0.06615627977643113 1.211007142838093
851 0.06615737752961454 1.210874357503018
852 0.06615851430738985 1.210741878219766
853 0.06615969769815751 1.210609687579223
854 0.06616094704319195 1.21047790692968
855 0.06616221634770357 1.210346337776157
856 0.06616351665695719 1.210215034393255
857 0.0661648612556746 1.210084036632799
858 0.06616627377012803 1.209953444012521
859 0.06616766867778183 1.209822965571282
860 0.06616911435248578 1.209692811324971
861 0.06617062571678786 1.209563032714749
862 0.0661721760961929 1.209433599866436
863 0.06617376861246389 1.209304466134285
864 0.06617539772000051 1.2091756614534
865 0.06617706766855534 1.209047155824629
866 0.0661787768393218 1.208918968692954
867 0.06618051975521241 1.208791092385849
868 0.06618229689761969 1.208663540928337
869 0.066184112839899 1.208536290876161
870 0.06618594813940587 1.208409318019468
871 0.06618783634346005 1.208282698984025
872 0.06618975806618342 1.208156412700686
873 0.06619171707954462 1.208030437281612
874 0.0661937070410283 1.207904785997838
875 0.06619573345665036 1.207779446787845
876 0.06619778944490637 1.207654431571726
877 0.06619988080175052 1.207529729763979
878 0.06620211844009076 1.207405806727875
879 0.0662042569766312 1.207281731193336
880 0.06620641586929375 1.207157901093497
881 0.06620861117696522 1.20703439922589
882 0.06621083707490504 1.20691122958373
883 0.06621310163596944 1.206788407331609
884 0.06621539626974111 1.206665920584672
885 0.06621772769399133 1.206543779834448
886 0.066220084558567 1.206421948906757
887 0.0662224773961609 1.206300471795172
888 0.06622489996803456 1.206179333268909
889 0.06622735540600733 1.206058538176401
890 0.06622983589287798 1.205938064110363
891 0.06623234761305857 1.205817928778231
892 0.06623488313274661 1.20569811271245
893 0.06623744883580442 1.205578634293327
894 0.06624003779479454 1.205459475547338
895 0.06624266617014576 1.205340682297979
896 0.06624530930469409 1.205222193344798
897 0.0662479750120458 1.205103998522634
898 0.06625066365789631 1.204986154324534
899 0.06625337929867262 1.204868626529989
900 0.06625611978083956 1.204751455922328
901 0.06625888601300362 1.204634605348316
902 0.06626167783272353 1.204518104909366
903 0.06626449507868008 1.204401923359325
904 0.06626733528970673 1.204286093157209
905 0.06627020059419106 1.20417058054653
906 0.0662730884202712 1.204055418555685
907 0.06627600025634496 1.203940571956183
908 0.06627893294831201 1.203826069301027
909 0.06628188932840519 1.203711890421981
910 0.06628486678558383 1.203598062264545
911 0.06628785857345208 1.203484532839225
912 0.06629087660675446 1.203371360057184
913 0.06629392030910525 1.203258516704955
914 0.06629696350664378 1.203145953849888
915 0.0663000511050673 1.203033786836215
916 0.06630315896179632 1.202921969550459
917 0.06630628309148692 1.202810488956951
918 0.06630943418097396 1.202699340449987
919 0.06631260268773084 1.202588518399948
920 0.06631578543919044 1.202478020488198
921 0.0663189850832762 1.20236782781241
922 0.06632220367713511 1.202257993823412
923 0.06632572590141383 1.202149240707076
924 0.0663288771960631 1.202039941611472
925 0.06633207929776984 1.201930973863857
926 0.0663353191269604 1.201822360789099
927 0.06633859483864549 1.201714093151021
928 0.06634189465006822 1.201606183569072
929 0.06634522257831904 1.201498620692173
930 0.06634857004289199 1.201391415517026
931 0.06635194208149607 1.201284552892069
932 0.06635533066903621 1.201178042356103
933 0.06635874126562225 1.201071868603942
934 0.06636216637254687 1.200966042076516
935 0.06636561150745891 1.200860546806488
936 0.06636906952399499 1.200755393449564
937 0.06637254381263755 1.200650559633843
938 0.06637603078519953 1.200546069309264
939 0.06637953798016477 1.200441911940355
940 0.06638305679563071 1.200338093905752
941 0.0663865929121982 1.200234603658869
942 0.06639013970490196 1.200131448872182
943 0.06639370272061404 1.200028619431127
944 0.06639727632203167 1.199926125117507
945 0.0664008663213565 1.19982395864007
946 0.06640446632929636 1.199722125140779
947 0.06640811397696864 1.199620854360744
948 0.06641173727748989 1.199519655098451
949 0.06641537084104947 1.199418751480291
950 0.06641901301195463 1.199318179883099
951 0.06642267219700568 1.199217949804518
952 0.06642634299105775 1.199118066558914
953 0.06643002952169312 1.199018527260855
954 0.06643373117940268 1.198919367102701
955 0.06643745517553297 1.198820639961012
956 0.06644119976399306 1.198722311610437
957 0.06644494846433166 1.198624214791572
958 0.0664486958755125 1.198526287858581
959 0.06645243993308843 1.19842862534852
960 0.06645611171536919 1.198331034340292
961 0.066459902624985 1.198234101547492
962 0.06646370041933398 1.198137529310471
963 0.06646750335082732 1.198041296622199
964 0.06647131956661637 1.197945398119954
965 0.06647514159579861 1.197849827753323
966 0.06647897626540407 1.197754584375625
967 0.06648281627101747 1.197659664401498
968 0.06648666822296798 1.19756506691842
969 0.06649052514081863 1.19747079006178
970 0.06649439374300802 1.197376835315402
971 0.06649826672966787 1.197283196855315
972 0.06650215192445683 1.197189885924821
973 0.06650604258254213 1.197096897855503
974 0.06650994386389077 1.197004227944335
975 0.0665138499431875 1.196911879586302
976 0.06651776708458573 1.196819851238621
977 0.06652175844755377 1.196728361411881
978 0.06652566867994039 1.19663694629007
979 0.06652959012758138 1.196545825946268
980 0.06653352623165103 1.196455030455466
981 0.06653746863357775 1.196364566072276
982 0.06654142444282181 1.196274429070148
983 0.06654538874081291 1.196184639235715
984 0.06654936227551958 1.196095148827046
985 0.06655333566823825 1.196005960855968
986 0.06655732294655663 1.195917120257681
987 0.06656131314111294 1.195828580373301
988 0.06656531692604591 1.195740390830099
989 0.06656932131399057 1.195652489951078
990 0.0665733614628682 1.19556503105892
991 0.0665773761559785 1.195477757057113
992 0.06658133988481571 1.195390719774168
993 0.06658538273158873 1.195304063685516
994 0.06658942854381318 1.195217746829573
995 0.06659347205703343 1.195131721747435
996 0.06659752404293608 1.19504605142013
997 0.06660158284617895 1.194960734521518
998 0.06660566218974967 1.194875868486832
999 0.06660974475407451 1.194791279303335
1000 0.06661381923680132 1.194706890751522
1001 0.05895246827206889 1.175449628459857
1002 0.05383986324159858 1.162446622162562
1003 0.05050414665393335 1.154142747180023
1004 0.04825205083822419 1.149095529315408
1005 0.0468471419564592 1.146591526441674
1006 0.04586133071342614 1.145572052664237
1007 0.04525024562299422 1.145690839080207
1008 0.04485705176472766 1.146592370472196
1009 0.04465889928182257 1.148008993358464
1010 0.04457726678942327 1.149723201732721
1011 0.0445630453659403 1.151589941700498
1012 0.04456970550444234 1.153468479983625
1013 0.04457981418297675 1.155285138424518
1014 0.04457786786643318 1.157113134674758
1015 0.0445610805192217 1.158769462893471
1016 0.04451947321291803 1.160321137641449
1017 0.04445167747993079 1.161765605295097
1018 0.04435550533684416 1.163141327361048
1019 0.04424067435933646 1.164385575724816
1020 0.04410188331936448 1.165556374688432
1021 0.04394771968263159 1.166644544275883
1022 0.04377767951984445 1.167681422353262
1023 0.04359551564634533 1.168659450515833
1024 0.0434030417861949 1.169596900106351
1025 0.04319899704074562 1.170507790732597
1026 0.04299560555950273 1.171368829412661
1027 0.04278767557004527 1.172200847110134
1028 0.04257508804542895 1.173014627193737
1029 0.04236630678062081 1.173798102720308
1030 0.04215649699707708 1.174555535897166
1031 0.04194772540238192 1.175292296173065
1032 0.0417398874187928 1.17601143853753
1033 0.04153449970817517 1.176712854311767
1034 0.04133148230214026 1.17739741400548
1035 0.04113284903200508 1.178067447531943
1036 0.04093585589693648 1.178719022407438
1037 0.04074243551731721 1.179354448908485
1038 0.04055282723006762 1.17997436121386
1039 0.04036713699141108 1.18057940148638
1040 0.04018528824881943 1.181168759126855
1041 0.04000726947490281 1.181743458488014
1042 0.03983315728577921 1.182303112751342
1043 0.03966284697738304 1.18284873056182
1044 0.03949640125808417 1.18338004568408
1045 0.03933352201691907 1.183896784959439
1046 0.03917475289275951 1.184398765533858
1047 0.03901913108125969 1.184887884762696
1048 0.03886706025996396 1.18536344727535
1049 0.03871847360059104 1.185825442900241
1050 0.03857325392586135 1.186272494876054
1051 0.03843163646953718 1.186708932276682
1052 0.03829348423353797 1.18713317863712
1053 0.03815852820841357 1.187544958946264
1054 0.03802690345607177 1.187945249443394
1055 0.0378981943883633 1.188336046337995
1056 0.03777323259324188 1.18871485492613
1057 0.03765107214438204 1.189081023251812
1058 0.03753339107615423 1.189432986705762
1059 0.03741535936236658 1.189782346516719
1060 0.03730325276422806 1.190114121822742
1061 0.03719319768169737 1.190443523013673
1062 0.03708537949697931 1.190762366173162
1063 0.03698040276278194 1.191072369582325
1064 0.0368782187852952 1.191374202852166
1065 0.03677887797051928 1.191667102786847
1066 0.03668288855032308 1.191946522410392
1067 0.03658861113816873 1.192224771329846
1068 0.03649645113119401 1.192495551841088
1069 0.03640674190767038 1.192758520484142
1070 0.03631983311950973 1.193015358701342
1071 0.03623449224098135 1.193263406405686
1072 0.03615129901443995 1.193504605772747
1073 0.03606996206414419 1.193738648493001
1074 0.03599041677230801 1.193965950070128
1075 0.03591397629921533 1.19419130227638
1076 0.03583580767803185 1.194398942176961
1077 0.03576278732634686 1.19461246795232
1078 0.03568737314954819 1.194810911338265
1079 0.03561790560497065 1.195007974408771
1080 0.03554785363233686 1.195207675967717
1081 0.03547589141077114 1.195390433151553
1082 0.03540754305643152 1.195568717334221
1083 0.03534225189925762 1.195749339142694
1084 0.03527440399038669 1.195917307174553
1085 0.0352107091082127 1.196087221214738
1086 0.03514551612387531 1.196243072233525
1087 0.03508192211828555 1.196405500747942
1088 0.03501834137660725 1.196552918391314
1089 0.03495626222492881 1.196706759744665
1090 0.03489405506335762 1.196845470381689
1091 0.03483303270005327 1.196985096788822
1092 0.034772059470794 1.197120093742193
1093 0.03471197111876305 1.197253635512519
1094 0.03465252901832597 1.197383458537236
1095 0.03459352384244066 1.197509546080482
1096 0.03453503377364722 1.197632200380039
1097 0.03447757584773931 1.197753837813223
1098 0.03442005353646 1.197870389246275
1099 0.03436267002605753 1.197982703085132
1100 0.0343057531292937 1.19809224807553
1101 0.03424934957336011 1.198199282234411
1102 0.03419325324799535 1.198303500346562
1103 0.03413760510510291 1.198405382910321
1104 0.03408237535171051 1.198504833521335
1105 0.03402754829658931 1.198602020104915
1106 0.03397341985513613 1.198697183014394
1107 0.03391942203876914 1.198790566992603
1108 0.03386582620504087 1.198881757704286
1109 0.03381269992626511 1.198971255538314
1110 0.03375947502150545 1.199057330380812
1111 0.03370731262404598 1.199143835579515
1112 0.03365564353650281 1.19922910283689
1113 0.03360446959032303 1.199313210538551
1114 0.03355374247582743 1.199396028506319
1115 0.03350352667528411 1.199477831872138
1116 0.03345383247927983 1.199558729327193
1117 0.03340475067486351 1.199639947060372
1118 0.03335608602414951 1.199718840047855
1119 0.03330792761070166 1.199797010769436
1120 0.03326028765067877 1.199874316165946
1121 0.03321325141771633 1.199951467753655
1122 0.03316676994397368 1.200028204524801
1123 0.0331208373970557 1.200104539085055
1124 0.03307548509623207 1.200180737109683
1125 0.03303074859686651 1.200256966139259
1126 0.03298665172443239 1.20033311336989
1127 0.0329431724186997 1.200409285827487
1128 0.03290033503967126 1.20048547081724
1129 0.03285802299016895 1.200563104061597
1130 0.03281645458703807 1.200639461652639
1131 0.03277555985699065 1.200715841489109
1132 0.03273615772843905 1.200791354110286
1133 0.03269581439577428 1.200868072042787
1134 0.03265655867460927 1.200947334715851
1135 0.03261911141056638 1.201024073691148
1136 0.0325818408522956 1.201100302157558
1137 0.03254366390557125 1.201181790984847
1138 0.03250825943281082 1.201259464619371
1139 0.03247171127669524 1.201341324433852
1140 0.03243686900444798 1.201421458807337
1141 0.03240260441451719 1.20150319841119
1142 0.03236923959252166 1.201584225640643
1143 0.03233708722619565 1.201667524176078
1144 0.03230389667287013 1.201746167342896
1145 0.03227218867133561 1.201827985636641
1146 0.032241108940997 1.201911265713578
1147 0.0322105770224454 1.201995261565617
1148 0.03218058787805498 1.202079818054408
1149 0.03215104839582835 1.202164184619616
1150 0.03212220418155629 1.202249633182135
1151 0.03209394169227775 1.202335572087791
1152 0.03206627474824977 1.202422319592559
1153 0.03203906807994788 1.202508892774983
1154 0.03201238414098278 1.202595813577145
1155 0.03198622621668813 1.202683090482124
1156 0.03196055202451485 1.202770707792707
1157 0.03193534820655788 1.202858576074079
1158 0.03191112040298456 1.202944447755171
1159 0.03188680309683754 1.203031784586819
1160 0.03186178903403016 1.203123710696408
1161 0.0318387511701172 1.203210086674618
1162 0.03181549649269423 1.2032978458976
1163 0.03179181187172597 1.203389327146988
1164 0.0317699009376385 1.203475934208198
1165 0.03174783881210685 1.203563420784299
1166 0.03172520264559391 1.203654206468338
1167 0.03170418475267009 1.203740463578401
1168 0.03168306713452515 1.203826937956145
1169 0.03166124170450947 1.203916516627545
1170 0.0316414598322422 1.203998932318392
1171 0.03161951545352585 1.204089456746781
1172 0.03160010241947726 1.204170994869379
1173 0.03157988231693325 1.204254887141974
1174 0.03155832111675089 1.204343698273071
1175 0.03153935958162201 1.20442297001613
1176 0.0315195793177604 1.204504463517621
1177 0.03149961386159003 1.204585572239193
1178 0.0314796170804375 1.204665830734709
1179 0.03145961188819821 1.204744936627359
1180 0.03143962368844561 1.204822764543358
1181 0.03141954990789157 1.204898757838876
1182 0.03139954197144823 1.204973461979299
1183 0.03137950049081474 1.205046692689565
1184 0.03135942538710627 1.205118519171333
1185 0.03133922547851288 1.205188529388581
1186 0.03131890965102883 1.205256779430959
1187 0.03129843744190117 1.205323256933023
1188 0.03127700871823151 1.205385511760662
1189 0.03125634169932974 1.205448647112775
1190 0.03123549080851677 1.205510073880006
1191 0.03121438659905021 1.205569574839072
1192 0.03119301453384918 1.20562706000661
1193 0.03117122662739947 1.205682146925749
1194 0.03114929813246634 1.20573540631161
1195 0.03112709223197378 1.205786649828983
1196 0.03110460923015892 1.205835878998401
1197 0.03108183167133315 1.20588297154548
1198 0.03105881112453587 1.205928162012827
1199 0.03103546738142279 1.205971146162973
1200 0.03101183650247377 1.206012049854347
1201 0.03098793038405568 1.206050945264322
1202 0.03096376781054211 1.2060879016403
1203 0.03093934491598759 1.206122946944755
1204 0.03091451669202582 1.206155209798743
1205 0.03088878176788663 1.206187930489363
1206 0.03086389379101342 1.206216855406096
1207 0.03083836148631694 1.206244891954805
1208 0.03081293114546499 1.206270675085833
1209 0.03078707675667435 1.206295360243056
1210 0.03076120588344507 1.206318156522916
1211 0.03073507739695833 1.206339791584619
1212 0.03070889733500083 1.20635976637346
1213 0.03068239393999756 1.206377939134659
1214 0.03065638085562718 1.206396806513655
1215 0.03062987873416631 1.206413105008828
1216 0.03060328149809307 1.206427926998527
1217 0.03057661208194263 1.206441693628891
1218 0.03054995452116314 1.20645436073939
1219 0.03052328842857853 1.206466196712883
1220 0.03049662253322362 1.206476934798956
1221 0.03046995954431008 1.206486841075035
1222 0.03044332547388462 1.206495804809057
1223 0.03041673958009933 1.206504096790329
1224 0.03039021003101569 1.206511493932474
1225 0.03036371126991132 1.206518257095899
1226 0.03033723350349108 1.206524156485804
1227 0.03031125088968362 1.206531453770372
1228 0.03028485186072839 1.206535832582545
1229 0.03025802812215704 1.206537933334409
1230 0.03023159306702892 1.206540290653239
1231 0.03020546947653736 1.20654303360051
1232 0.03017936168588325 1.206545042014583
1233 0.03015337788506168 1.206546715219273
1234 0.0301274515612905 1.206547818063859
1235 0.03010159613452897 1.206548393386983
1236 0.03007575843830285 1.20654827120716
1237 0.03005001569713221 1.206547710723996
1238 0.03002423053483151 1.206546124605916
1239 0.02999894825950555 1.206544055919583
1240 0.02997346632700796 1.206542123398941
1241 0.02994729753933022 1.206540249192367
1242 0.02992234837842793 1.206536597299059
1243 0.02989647897929329 1.206533575866409
1244 0.02987169695823543 1.20652908261724
1245 0.02984579344867222 1.206524919064625
1246 0.0298212370508691 1.206519724347715
1247 0.02979640650900943 1.20651490499175
1248 0.02977081749302708 1.206510042476322
1249 0.02974649598021717 1.206503886931451
1250 0.02972188841138821 1.206497951693379
1251 0.0296965711000534 1.206492023658083
1252 0.02967250639610619 1.206484920656833
1253 0.02964822969130972 1.206478174493822
1254 0.02962388636270576 1.206471342392725
1255 0.02959970103590101 1.206464229088953
1256 0.02957561988561118 1.206456978846587
1257 0.02955170847917764 1.20644952776274
1258 0.02952794373926538 1.206442005921385
1259 0.02950435098630247 1.206434373601889
1260 0.02948093281730612 1.206426751204504
1261 0.02945769066199482 1.206419073640431
1262 0.02943463902814391 1.206411455609026
1263 0.0294114374835069 1.20640402533266
1264 0.02938873260432042 1.206396267883937
1265 0.02936630314501046 1.206388552316501
1266 0.0293441159766252 1.206381131479618
1267 0.02932209278469114 1.206373787911194
1268 0.02930029994963652 1.206366706755115
1269 0.02927867963747034 1.206359685679725
1270 0.02925730075694486 1.206352926369285
1271 0.02923615283318099 1.206346395192126
1272 0.02921519983056228 1.206339987201076
1273 0.02919441961057283 1.206333630977918
1274 0.02917385327266575 1.20632724187499
1275 0.02915349507600951 1.20632126213262
1276 0.02913338568939973 1.20631558885415
1277 0.02911347053668595 1.206310034503225
1278 0.02909379949390489 1.20630476176129
1279 0.02907431933481829 1.206299608041124
1280 0.02905524948034039 1.206294922657495
1281 0.02903592471665082 1.20629032622137
1282 0.02901706044487316 1.206285695639627
1283 0.02899874535472106 1.206281227144866
1284 0.02898003036574762 1.206277219406221
1285 0.02896178516979958 1.206273260367245
1286 0.02894408141392952 1.206269491274283
1287 0.02892593454563703 1.206266024474773
1288 0.02890851201826372 1.206262441326392
1289 0.02889076356535415 1.20625937729053
1290 0.028873715514291 1.206256157906099
1291 0.02885633930200138 1.206253441614312
1292 0.02883964357502117 1.206250561627268
1293 0.02882262075803689 1.206248175013324
1294 0.02880608133750391 1.20624598099049
1295 0.02878995473756529 1.206243648275691
1296 0.02877342185185069 1.206241680228344
1297 0.02875768370097297 1.20623955029614
1298 0.02874137946231121 1.206238012529948
1299 0.02872591889262573 1.206236118142441
1300 0.02870976075190098 1.206234725156344
1301 0.02869456326051928 1.206232824435968
1302 0.02867879660546065 1.206231661053475
1303 0.02866390541332885 1.206230178329907
1304 0.02864837098372511 1.206229276080193
1305 0.02863373164459321 1.20622797934341
1306 0.02861892867098098 1.206227125679859
1307 0.02860369083232932 1.206226492280074
1308 0.02858940639191424 1.206225389351428
1309 0.02857498172047589 1.206224730815987
1310 0.02856050379807431 1.206224135540936
1311 0.02854620747364073 1.2062235762178
1312 0.02853198276570643 1.206223083301764
1313 0.02851788648152411 1.206222578493098
1314 0.02850387740652981 1.206222148812864
1315 0.02848998254266421 1.206221710909293
1316 0.02847617657972023 1.206221353025521
1317 0.02846247386939817 1.206220981533054
1318 0.02844904330280056 1.206221230405871
1319 0.02843550087208536 1.206220912028285
1320 0.02842202447079298 1.206220563435499
1321 0.02840863930379808 1.206220179679677
1322 0.02839533609862154 1.20621986220529
1323 0.02838212238301923 1.206219521050084
1324 0.0283689836082464 1.206219247122906
1325 0.02835592127922376 1.206218934279775
1326 0.02834293117126563 1.206218669506993
1327 0.02833001399360405 1.206218358335944
1328 0.02831686280431947 1.206216910478276
1329 0.02830408239772791 1.206216589826364
1330 0.02829141245856479 1.206216477417472
1331 0.02827881002281116 1.206216334735775
1332 0.02826625760588376 1.206216174134705
1333 0.02825375860386799 1.206215936913199
1334 0.02824157090041621 1.206216747478175
1335 0.02822916668004235 1.206216397567348
1336 0.02821676402005583 1.20621586668272
1337 0.02820424159686738 1.206214668443753
1338 0.0281916741137736 1.20621404642863
1339 0.02817939076910661 1.206213260091848
1340 0.0281672622415041 1.206212716005861
1341 0.02815547293705116 1.206211844289218
1342 0.02814311509486644 1.206211515535264
1343 0.02813102053815418 1.206210764762194
1344 0.02811930309233467 1.206209710797211
1345 0.02810705129616915 1.206209151666866
1346 0.0280950920587206 1.206208271677728
1347 0.02808348896358491 1.206207136933522
1348 0.02807135296574323 1.206206460380949
1349 0.02805952271876541 1.206205465493921
1350 0.02804803788898767 1.206204248802212
1351 0.02803601756716937 1.206203455029141
1352 0.02802461427603799 1.206202220950339
1353 0.02801285710742718 1.206201284449993
1354 0.02800102014744883 1.206200199611245
1355 0.02798947994492511 1.206198862576676
1356 0.0279779078773663 1.206197624719569
1357 0.02796632153691564 1.206196367994159
1358 0.02795478233232414 1.206195027010294
1359 0.02794330539592501 1.206193817659839
1360 0.02793186122172942 1.206192456313768
1361 0.02792042868648823 1.206191071922618
1362 0.02790901649489965 1.206189615826792
1363 0.02789757947194547 1.206188599953385
1364 0.02788626756944296 1.206186425849787
1365 0.02787457448264914 1.206185439490283
1366 0.02786362979890444 1.206183167637014
1367 0.02785248039736993 1.206181793599044
1368 0.02784093148439499 1.206180339242056
1369 0.0278298406794691 1.206178646980842
1370 0.02781838145203538 1.206177595316202
1371 0.02780769306791987 1.206175768595587
1372 0.02779677925700877 1.206173982752823
1373 0.02778551379185818 1.206172805133305
1374 0.02777456339826099 1.206170732427623
1375 0.02776324722578942 1.206169387121969
1376 0.02775274587398693 1.206167503459472
1377 0.02774146948168494 1.206166194005182
1378 0.02773086337047063 1.206164354917318
1379 0.02771981893998102 1.206163219773858
1380 0.02770910341212098 1.206161234918355
1381 0.02769814600043718 1.20616010630669
1382 0.02768750004635107 1.206158153985073
1383 0.02767661026747422 1.206157043727992
1384 0.02766602817393312 1.206155237806912
1385 0.02765523177458782 1.206153691005121
1386 0.02764447067238845 1.206152213256106
1387 0.02763384935945047 1.206150692899224
1388 0.02762345061695873 1.206149227530903
1389 0.02761263012342447 1.206147909380598
1390 0.02760206987899656 1.206146398739163
1391 0.02759179825404968 1.206144929143839
1392 0.02758120392303041 1.206143726714245
1393 0.0275704396865841 1.206142080873331
1394 0.02756023266131063 1.206140269539887
1395 0.02754977077724796 1.206139126855808
1396 0.02753942099240051 1.206137959998952
1397 0.02752911254920803 1.206136813131564
1398 0.02751881630183137 1.206135678460636
1399 0.02750844629441929 1.206134894101271
1400 0.02749832018755349 1.20613354262578
1401 0.02748820681454035 1.206132181369083
1402 0.02747814569890405 1.206132000512299
1403 0.02746800372723744 1.206131075987618
1404 0.02745773643776435 1.206129965517093
1405 0.0274476939281702 1.206128761741575
1406 0.0274373357513795 1.206128029761084
1407 0.02742739395225303 1.206126320162533
1408 0.02741731266451211 1.206125437517523
1409 0.02740742283742301 1.206124508471041
1410 0.02739712854151404 1.20612396196555
1411 0.02738741214825477 1.206122507294906
1412 0.02737721007640046 1.206122130578219
1413 0.02736757823460074 1.206120804693569
1414 0.02735740735104733 1.206120541389452
1415 0.02734783912042982 1.206119295276657
1416 0.02733770135053005 1.206119112108157
1417 0.02732789388633687 1.206118267249027
1418 0.02731827047014239 1.206117629592009
1419 0.02730831213750419 1.206116953575552
1420 0.02729857528960455 1.206116274149892
1421 0.02728887808921775 1.206115482324384
1422 0.02727922705349345 1.206115206025797
1423 0.02726937596525591 1.206114442230722
1424 0.02726019967001568 1.206114095555874
1425 0.02725034196634054 1.206114014508501
1426 0.02724063171807232 1.206113247087475
1427 0.02723115796940567 1.20611317588673
1428 0.02722157594402111 1.20611251074055
1429 0.02721179878856729 1.206112254700086
1430 0.02720268260352926 1.206112200738241
1431 0.02719284808441712 1.206111651221638
1432 0.02718356421257966 1.206111318050983
1433 0.02717411056703799 1.206111269867957
1434 0.02716438949860256 1.206110978383741
1435 0.02715540182042901 1.206111084698363
1436 0.02714584069575652 1.206110717691846
1437 0.02713616732084398 1.206110480158273
1438 0.02712725147100821 1.206110671632896
1439 0.0271177441251177 1.206110367889106
1440 0.02710839502254035 1.20611046417717
1441 0.02709896940136528 1.20611004463434
1442 0.02708992808251921 1.206110546019985
1443 0.02708051022354148 1.206110455862687
1444 0.02707122396700001 1.206110149942198
1445 0.02706200535388806 1.206110390425314
1446 0.02705276275700957 1.206110150348129
1447 0.0270435819028041 1.206110432319207
1448 0.02703439068415891 1.206110284145592
1449 0.02702534968871508 1.206110696029157
1450 0.02701619113626481 1.206110823996062
1451 0.02700706459240933 1.206110973203262
1452 0.02699806634059629 1.20611120439139
1453 0.02698881645549964 1.206111321278128
1454 0.02697986377399438 1.20611154738047
1455 0.02697067484647878 1.206111737416574
1456 0.02696173604944578 1.206111962338323
1457 0.02695271032084444 1.206112211879523
1458 0.02694369054383318 1.206112458631859
1459 0.02693464078637083 1.2061121136185
1460 0.02692587448965923 1.206113243437377
1461 0.02691678756602642 1.206112897733288
1462 0.02690793261246312 1.206113902950179
1463 0.02689928635722804 1.206113754109755
1464 0.02689008499977939 1.206114808030412
1465 0.02688149242621963 1.206114602913428
1466 0.02687228404460809 1.206115623319323
1467 0.02686376645309571 1.206115421509059
1468 0.02685457116768479 1.206116417583769
1469 0.026846137533098 1.206116270835424
1470 0.02683656288198849 1.206115931004671
1471 0.02682830056607851 1.20611609966568
1472 0.02681913513784513 1.206117137747557
1473 0.02681094269536412 1.206117462312167
1474 0.026801914807817 1.206118476767732
1475 0.02679364847279682 1.206118918915039
1476 0.02678452061197147 1.206119934852721
1477 0.02677593283111202 1.206120383698475
1478 0.0267674153987253 1.206120857251453
1479 0.02675899735886633 1.206121657883309
1480 0.02675045013704469 1.206122404551699
1481 0.02674164674180101 1.206123122355468
1482 0.02673326466549048 1.206123624879247
1483 0.02672486081616859 1.206124335856402
1484 0.02671606748127819 1.206125070266687
1485 0.02670778357826204 1.206125641164012
1486 0.02669912144430645 1.20612639101923
1487 0.0266908789850856 1.206126934996987
1488 0.02668253802450234 1.206127766166031
1489 0.02667413265548363 1.206128626051967
1490 0.02666570546065831 1.206129435436307
1491 0.02665696435404621 1.206130193620977
1492 0.02664886350699159 1.206130766396646
1493 0.02664061418829099 1.206131616260923
1494 0.02663227636029701 1.206132532663151
1495 0.0266239599036171 1.206133374202663
1496 0.02661565976515618 1.20613417576259
1497 0.02660738345980497 1.206134996198565
1498 0.02659912371888347 1.206135802163561
1499 0.0265905885782286 1.206136635394787
1500 0.02658261887831992 1.206137266181146
1501 0.02657452961932748 1.20613819528555
1502 0.02656610596571332 1.206139247217747
1503 0.02655811867703973 1.206139600320397
1504 0.02655008209084138 1.206140582057921
1505 0.026541995138519 1.2061416423265
1506 0.02653390292267396 1.206142646164023
1507 0.02652583769065709 1.206143637505706
1508 0.02651777828870871 1.206144591492404
1509 0.02650975063199065 1.206145558326268
1510 0.02650173260754854 1.206146504334866
1511 0.02649374066975447 1.2061474500198
1512 0.02648576976223095 1.206148400349858
1513 0.02647783081393125 1.206149378149672
1514 0.0264699097043244 1.206150360939084
1515 0.02646200724545117 1.206151354965036
1516 0.02645411860656201 1.206152350647309
1517 0.02644624269760931 1.206153337341863
1518 0.02643838692283914 1.206154331779841
1519 0.02643054611929237 1.206155312753752
1520 0.02642272994395301 1.206156309131369
1521 0.0264149289942583 1.20615729101957
1522 0.02640715449209583 1.206158293650648
1523 0.02639939457810214 1.206159280676476
1524 0.02639166151323336 1.206160290238253
1525 0.02638394167244414 1.206161280994735
1526 0.02637624849817067 1.206162289809251
1527 0.02636856740981178 1.206163284718486
1528 0.02636090048399694 1.206164234217108
1529 0.02635294701937146 1.206165324935745
1530 0.02634562951757765 1.206166110661343
1531 0.02633815946304043 1.206167223970843
1532 0.02633029575181408 1.206168443860443
1533 0.02632319938827928 1.206169147693963
1534 0.02631553710795122 1.206170457348456
1535 0.02630768248405531 1.206171581051847
1536 0.02630038382428657 1.206172378032748
1537 0.02629290507100042 1.206173994964383
1538 0.0262855361451637 1.206174595412387
1539 0.02627799772698903 1.206175718416693
1540 0.0262706249352587 1.206176273493648
1541 0.02626332173130562 1.206177274712172
1542 0.02625598251810969 1.206178315698535
1543 0.02624861107192908 1.2061793348639
1544 0.02624125321579123 1.206180290990413
1545 0.02623357934992353 1.206181329373466
1546 0.02622650021445143 1.206181833707473
1547 0.02621899939127941 1.206182908411889
1548 0.0262119578429478 1.206183501475984
1549 0.0262047863921186 1.206184514573147
1550 0.02619719245115705 1.206185330988302
1551 0.02619047625212404 1.20618604546967
1552 0.02618283513983742 1.206187157607589
1553 0.02617567860756136 1.206187803813968
1554 0.026168890142858 1.206188519988272
1555 0.02616166264424768 1.206189580345089
1556 0.02615430383624712 1.206190485761894
1557 0.02614733831124564 1.206191084921876
1558 0.02614021474123287 1.206192026055001
1559 0.02613332064350578 1.206192751365028
1560 0.02612621669080289 1.206193731664575
1561 0.02611939813448529 1.206194476020249
1562 0.02611229077595189 1.206195426697375
1563 0.02610554064759072 1.206196136902945
1564 0.02609843376881217 1.206197033056353
1565 0.02609174809911929 1.206197708517363
1566 0.02608465307504127 1.20619856850986
1567 0.02607803279914528 1.206199225065022
1568 0.02607096528116307 1.206200057092669
1569 0.02606418040598288 1.206200739650732
1570 0.02605761611029897 1.206201441541828
1571 0.02605064828943715 1.206202281709122
1572 0.0260439139391312 1.206202880984123
1573 0.02603722716954135 1.206203536829199
1574 0.02603045698458987 1.206204158209156
1575 0.02602380139193861 1.206204757701351
1576 0.02601716991295195 1.20620538695788
1577 0.02601055971371125 1.206206025312996
1578 0.02600397145663344 1.206206661476125
1579 0.02599740494396857 1.20620728944501
1580 0.02599086023689609 1.206207906422333
1581 0.02598433746718953 1.206208510517066
1582 0.0259778890320177 1.206208848162183
1583 0.02597110297506469 1.206209454763164
1584 0.02596500118545982 1.206209967648334
1585 0.02595841680141476 1.206210773061065
1586 0.02595220161328031 1.206211232365163
1587 0.02594571274257194 1.206211986517768
1588 0.02593947303779447 1.206212402238551
1589 0.02593287706145296 1.206212994112481
1590 0.02592679198388605 1.206213304180634
1591 0.0259202586658036 1.206213871317147
1592 0.02591423102308959 1.20621414240722
1593 0.02590764963663474 1.206214648290673
1594 0.02590143367064961 1.206214873532892
1595 0.02589553978532757 1.206215217534409
1596 0.02588910305767821 1.206215804614516
1597 0.0258832590198963 1.206216102086669
1598 0.02587691152830865 1.206216650667793
1599 0.02587106829920434 1.20621692602364
1600 0.02586482125181832 1.206217422852305
1601 0.02585893654043953 1.206217664469125
1602 0.0258527122330327 1.206218063277225
1603 0.02584670428145466 1.206218238256598
1604 0.02584063654919178 1.206218386294595
1605 0.02583461759683569 1.206218498087489
1606 0.02582889314935414 1.206218634274882
1607 0.02582312857885813 1.206219075471213
1608 0.02581696170804337 1.206219322063469
1609 0.02581132574792061 1.20621948247255
1610 0.02580525448227017 1.206219693245496
1611 0.02579964326289068 1.206219729049497
1612 0.02579348979894509 1.206219758206919
1613 0.02578796773735518 1.20621985940556
1614 0.02578238350922235 1.206220015804261
1615 0.02577624920504872 1.206220015470354
1616 0.02577103530777701 1.206220110234503
1617 0.02576510398400914 1.206220322656685
1618 0.0257596918855921 1.206220312011048
1619 0.02575381745525787 1.206220302635412
1620 0.02574848914160549 1.206220323623244
1621 0.02574264331038933 1.206220274939675
1622 0.02573736908950223 1.206220257827965
1623 0.02573166196359424 1.206220214273766
1624 0.02572616077570337 1.206220050079413
1625 0.02572056527493076 1.206219811265425
1626 0.02571520749179023 1.206219688797791
1627 0.02570995539725797 1.206219692096324
1628 0.02570467723121175 1.206219755250153
1629 0.02569914984224609 1.206219687882805
1630 0.02569391750906091 1.206219649422827
1631 0.02568834285254988 1.206219141118874
1632 0.02568321905539556 1.206219026788718
1633 0.0256780760323146 1.206218971876133
1634 0.02567253226181928 1.206218398752414
1635 0.02566750459895788 1.206218323932583
1636 0.02566207226849064 1.206217745373769
1637 0.02565710903082041 1.206217685742766
1638 0.02565202811388145 1.206217532353941
1639 0.02564657328638993 1.206216806291276
1640 0.02564168748488265 1.206216626818098
1641 0.025636390088696 1.2062159864163
1642 0.02563136025430071 1.206215543716417
1643 0.02562669077252065 1.206215534625365
1644 0.02562152399002638 1.206215219295913
1645 0.02561634514677869 1.206214471412678
1646 0.02561155627640472 1.206214162725006
1647 0.02560668402691969 1.206213782538432
1648 0.02560146143003953 1.206213041218777
1649 0.02559688982855527 1.206212797805595
1650 0.0255921153210636 1.206212509187131
1651 0.02558731296320512 1.206212102307347
1652 0.02558215939357627 1.206211042792473
1653 0.02557779694646085 1.206210910571364
1654 0.02557263211049335 1.206209944513233
1655 0.02556830537409618 1.206209768037696
1656 0.02556351086374439 1.206209283629265
1657 0.02555844314045558 1.206208061932075
1658 0.025554138550404 1.206207590085232
1659 0.02554911066189792 1.20620648846288
1660 0.02554450943769535 1.206205724750208
1661 0.02553998198026969 1.206205137837064
1662 0.0255355738895603 1.206204742332881
1663 0.02553117018990564 1.206204372560989
1664 0.02552653835560072 1.206203753491681
1665 0.02552218500119043 1.20620323877526
1666 0.02551785713047697 1.206202787919929
1667 0.0255134961324662 1.206202305343285
1668 0.02550873483547005 1.206200762509728
1669 0.02550483011560006 1.206200832922652
1670 0.02550036641748991 1.206200311266728
1671 0.02549574373498563 1.206198964660962
1672 0.02549178778070044 1.206198913268933
1673 0.02548722754557113 1.206197581148111
1674 0.02548347972582503 1.206197608887061
1675 0.02547883457367247 1.206196360453596
1676 0.02547465309641534 1.206195564099937
1677 0.02547052984804353 1.20619483148415
1678 0.02546664534057032 1.206194801139412
1679 0.0254623369580491 1.206193480840436
1680 0.02545848553192031 1.206193392846227
1681 0.02545450752998668 1.206192766809441
1682 0.02545017472780866 1.206191360113797
1683 0.02544654874446281 1.206191228882649
1684 0.02544259768937688 1.206190806481731
1685 0.02543825619996532 1.206189272194201
1686 0.02543473405535609 1.206189072453689
1687 0.02543042544169039 1.206187720263473
1688 0.02542696990612083 1.206187547582174
1689 0.02542307543661185 1.206186971283367
1690 0.0254191347258765 1.20618658317664
1691 0.0254156100202754 1.206185803166551
1692 0.02541153717607393 1.206184806728943
1693 0.02540783561084039 1.206183878866835
1694 0.02540410941983549 1.206182896547367
1695 0.02540056196098516 1.206182277190886
1696 0.0253969200804401 1.206181662589653
1697 0.02539308765008852 1.206180706009755
1698 0.02538935890496191 1.206179782704164
1699 0.02538597810339028 1.206179019851894
1700 0.0253823780433856 1.206178369196184
1701 0.02537868503041059 1.206177540318913
1702 0.02537540953150409 1.206176873770629
1703 0.02537173918343429 1.206176164058002
1704 0.0253685070680409 1.206175515724555
1705 0.02536487113672904 1.206174791080682
1706 0.0253617018503588 1.206174175187019
1707 0.02535828148603078 1.206173590215379
1708 0.02535472820709758 1.206172737926411
1709 0.02535166575259438 1.206172161167601
1710 0.02534812869619923 1.206171422932565
1711 0.0253449147279638 1.206170723581962
1712 0.02534149332787004 1.206169713867581
1713 0.02533863720623393 1.206169415661685
1714 0.02533543617233507 1.206169071903639
1715 0.02533225011915712 1.206168517501133
1716 0.02532902185044427 1.206167809190601
1717 0.02532591668312606 1.206167135971073
1718 0.02532267909190434 1.206166434736368
1719 0.02531979330299418 1.206165868430241
1720 0.02531671412624734 1.206165384048487
1721 0.02531353748753714 1.206164706052915
1722 0.02531075227552713 1.20616424256995
1723 0.02530760393255494 1.206163693342624
1724 0.02530485701194369 1.206163231613536
1725 0.02530174179001347 1.206162673606129
1726 0.0252990515388127 1.206162250038923
1727 0.02529614012704363 1.206161843129401
1728 0.02529310477864443 1.206161206985636
1729 0.02529054648640818 1.20616102655559
1730 0.02528752346106985 1.206160455817349
1731 0.02528498042444131 1.206160166491178
1732 0.0252820109610755 1.206159620732158
1733 0.02527925719431471 1.206159037219754
1734 0.02527675124356363 1.206158827522793
1735 0.02527402021130105 1.206158582643485
1736 0.02527133739771754 1.206158109156007
1737 0.02526872925604609 1.206157785565027
1738 0.02526601655284675 1.206157445949116
1739 0.02526361402245444 1.206157248013532
1740 0.02526103125948502 1.206157048436029
1741 0.02525834708307461 1.20615667073526
1742 0.02525603482414483 1.206156566050486
1743 0.02525352395974567 1.20615642801301
1744 0.02525088413322749 1.20615604364873
1745 0.02524866337149707 1.206156039631697
1746 0.0252462125064636 1.206155951851078
1747 0.02524367785516212 1.206155629425899
1748 0.02524150195885636 1.206155652370837
1749 0.02523909047825041 1.206155713021599
1750 0.02523686497062399 1.206155681902416
1751 0.02523433897165097 1.206155455099465
1752 0.02523220642254632 1.206155417494849
1753 0.02522993476477793 1.206155506356123
1754 0.02522769781828151 1.206155566395302
1755 0.02522558715037361 1.206155759488363
1756 0.02522330528242726 1.206155774001201
1757 0.02522105806221214 1.206155819157072
1758 0.02521905118210502 1.206155972725663
1759 0.0252168973096136 1.206156172171253
1760 0.02521480229951831 1.206156374701103
1761 0.0252125887543569 1.206156454859567
1762 0.02521074471792924 1.20615685539942
1763 0.02520872113391498 1.206157275011768
1764 0.02520656752020805 1.206157459305857
1765 0.02520479307724254 1.206157958776767
1766 0.02520282497004007 1.206158447865253
1767 0.02520086789467241 1.206158969266898
1768 0.0251990762510162 1.206159501499315
1769 0.02519704555481282 1.206159915340744
1770 0.0251952988410916 1.206160419794177
1771 0.0251933542841789 1.206160984716058
1772 0.02519161911728395 1.206161517792404
1773 0.02518968029437767 1.206162053463852
1774 0.02518804664576766 1.206162767424911
1775 0.02518626376723511 1.206163478840873
1776 0.02518463853813867 1.206164410578357
1777 0.02518272739385612 1.206165022234829
1778 0.02518117211173448 1.206165797429067
1779 0.02517949038158913 1.206166660260219
1780 0.02517770961053644 1.206167414628071
1781 0.02517624848126473 1.206168391145554
1782 0.02517466358745588 1.206169522887657
1783 0.02517295070266653 1.206170412464698
1784 0.02517157086725984 1.206171563391553
1785 0.02516988868134595 1.206172576960863
1786 0.02516848175463023 1.206173512195807
1787 0.0251668343592413 1.206174540530064
1788 0.02516555193633073 1.206175975745832
1789 0.02516396047270526 1.206177141398066
1790 0.02516242062554563 1.206177978144094
1791 0.02516118481637186 1.206179424768944
1792 0.02515973990419206 1.206181104631066
1793 0.02515852483204015 1.206182690623879
1794 0.02515718265439636 1.206184271148523
1795 0.02515586966176114 1.206185828728529
1796 0.02515442599715453 1.206187108469947
1797 0.0251532968312831 1.206188821127131
1798 0.02515192151761819 1.206190610227504
1799 0.02515082084269191 1.206192209612958
1800 0.02514960060943537 1.206194064824987
1801 0.0251482454533054 1.206195704620946
1802 0.0251472612616151 1.206197723707908
1803 0.02514592874392903 1.206199440912121
1804 0.02514481588144878 1.206201310287316
1805 0.02514369426539616 1.206203289623695
1806 0.02514277735794619 1.206205523762881
1807 0.02514153025206706 1.206207469626223
1808 0.02514062807172732 1.206209708288714
1809 0.02513958599896409 1.206211972716408
1810 0.02513842407888408 1.206213982183795
1811 0.02513757888544138 1.206216403289403
1812 0.0251365975543067 1.206218819011785
1813 0.02513549082420586 1.206220969011941
1814 0.02513471509141282 1.206223535721205
1815 0.02513380046887241 1.206226133427762
1816 0.02513273831022431 1.206228436686186
1817 0.02513202667411898 1.206231147579783
1818 0.02513116631227116 1.206233913114373
1819 0.02513019027667468 1.206236399051278
1820 0.02512947553781393 1.206239126274416
1821 0.02512862670103443 1.206242107527499
1822 0.02512790868637587 1.206244860728295
1823 0.02512708885609764 1.206247925520612
1824 0.02512638418633133 1.206250759556057
1825 0.02512561124211781 1.206253918294765
1826 0.02512493046108923 1.206256854809208
1827 0.02512426128568109 1.206260004874138
1828 0.02512359594156668 1.206263273396976
1829 0.02512294107085118 1.206266590009998
1830 0.02512230039976347 1.206269939851055
1831 0.0251216756598883 1.206273327239872
1832 0.02512106769781439 1.206276759782079
1833 0.02512062944102294 1.206280777918203
1834 0.02512007773752919 1.206284389753884
1835 0.02511951229725704 1.206287956325601
1836 0.02511895486070788 1.206291549826273
1837 0.02511841233804334 1.206295193271985
1838 0.02511792330646443 1.206299141516103
1839 0.02511742877590675 1.206302951391822
1840 0.02511694414682203 1.206306780293079
1841 0.02511647589446316 1.206310666533603
1842 0.02511602736103589 1.206314625772374
1843 0.02511544193892881 1.206318455110925
1844 0.02511514192493479 1.206322544640824
1845 0.02511476243750554 1.206326779337648
1846 0.02511443162514556 1.206331125078953
1847 0.02511395920974009 1.20633539481343
1848 0.02511367044076908 1.20633953235506
1849 0.02511339734128341 1.206344056272302
1850 0.02511309033860183 1.206348733553143
1851 0.02511284751226842 1.206353428772665
1852 0.02511260177872422 1.206358197125062
1853 0.02511236049361621 1.206363012133087
1854 0.02511212841291246 1.206367863216721
1855 0.0251119075352845 1.206372753635375
1856 0.02511170102406025 1.206377695958613
1857 0.02511151070938827 1.206382699568076
1858 0.02511133760454116 1.206387770491371
1859 0.02511118177507613 1.206392911027801
1860 0.02511104367382591 1.206398124166324
1861 0.02511092267600962 1.206403404466271
1862 0.02511081995720326 1.206408765649704
1863 0.02511073410533367 1.206414202562424
1864 0.0251106639978002 1.20641971243331
1865 0.02511060865711883 1.206425293273969
1866 0.02511056721520737 1.206430943003805
1867 0.02511056490590636 1.206436772489523
1868 0.02511055390239142 1.206442574990032
1869 0.02511055071643134 1.206448417990958
1870 0.02511057842580794 1.206454350298086
1871 0.02511057236046192 1.206460209880924
1872 0.02511060402569084 1.206466239228991
1873 0.02511065853209945 1.206472373140357
1874 0.02511073160411004 1.206478593234216
1875 0.0251108216145998 1.206484893170839
1876 0.02511092771573428 1.206491270510394
1877 0.02511104946131445 1.206497724390514
1878 0.02511118643474555 1.206504254228009
1879 0.02511133831708059 1.206510859461053
1880 0.02511150479661151 1.206517538583094
1881 0.02511168583909728 1.206524294130068
1882 0.02511188109355112 1.206531125453981
1883 0.02511209021903507 1.206538032078755
1884 0.02511231412497004 1.206545018415619
1885 0.02511255071649159 1.206552076215857
1886 0.02511280037315012 1.206559208273689
1887 0.0251129118317106 1.206565848185124
1888 0.02511317734427487 1.206573094595785
1889 0.02511348433092378 1.206580517617516
1890 0.02511380534592529 1.206588006936306
1891 0.02511414407493261 1.20659560067634
1892 0.0251144959052491 1.206603273473103
1893 0.02511490983722864 1.206611330396069
1894 0.0251152893357241 1.206619164354958
1895 0.0251156671808752 1.206627004306393
1896 0.02511605267417836 1.206634904453141
1897 0.02511644738545169 1.206642867162568
1898 0.02511677189778061 1.206651068494826
1899 0.02511723904372265 1.206658884877648
1900 0.02511772045493892 1.206667232428081
1901 0.02511820905851656 1.206675658907373
1902 0.02511867914767432 1.206684126691475
1903 0.02511910710420067 1.206693015194531
1904 0.02511960554389465 1.206701116529806
1905 0.02512010194401397 1.206709635299927
1906 0.02512061105925145 1.206718370282864
1907 0.02512114948531384 1.206727271659184
1908 0.02512168020267167 1.206736176426259
1909 0.02512221811173558 1.206745132606894
1910 0.02512276790303191 1.206754159959307
1911 0.02512333123101449 1.206763267967771
1912 0.02512390503070433 1.206772442501072
1913 0.02512449719057751 1.206781725627987
1914 0.02512510450600036 1.206791103319357
1915 0.0251257257550059 1.206800571876685
1916 0.02512637631891065 1.206810241730163
1917 0.02512702001331321 1.206819882032651
1918 0.02512767503726907 1.20682959648617
1919 0.02512834223519286 1.206839398760649
1920 0.02512902134027344 1.206849291035357
1921 0.02512971181180522 1.206859272272728
1922 0.02513041324271744 1.206869340997411
1923 0.02513112514673685 1.206879495035606
1924 0.02513180542495376 1.206890097427489
1925 0.02513256200672231 1.206899975675314
1926 0.02513331689264441 1.206910295944148
1927 0.02513403968745945 1.206921072959314
1928 0.02513484753648461 1.206931481590611
1929 0.02513563030979101 1.206942095894579
1930 0.02513638106172056 1.206953095307462
1931 0.02513721600831071 1.206963794188332
1932 0.02513800433832314 1.206974962456891
1933 0.02513883307618855 1.206985650869639
1934 0.0251396655390411 1.206996674576502
1935 0.02514051263924845 1.207007928456765
1936 0.02514136922230496 1.207019287968863
1937 0.02514223235720638 1.20703071148439
1938 0.02514310210342345 1.207042195729348
1939 0.02514397961709204 1.207053748377023
1940 0.02514486589448415 1.207065377510547
1941 0.02514556695608356 1.207076364920014
1942 0.02514646051631076 1.207088097204523
1943 0.02514735511583685 1.207100328968552
1944 0.02514836820314275 1.207112245390307
1945 0.02514933043930077 1.207124276254339
1946 0.02515030426193097 1.207136521364624
1947 0.02515128919005878 1.20714889977086
1948 0.02515223534059472 1.207161604519278
1949 0.02515328095075439 1.207173933719891
1950 0.02515427352862085 1.207186380303453
1951 0.02515522604744368 1.207199229066345
1952 0.0251562463137936 1.207211341975642
1953 0.02515730581225497 1.207225001812866
1954 0.02515832469992982 1.207237241814983
1955 0.0251593930391483 1.207250513415772
1956 0.02516043587808417 1.207263679083452
1957 0.0251614788007739 1.207276880712065
1958 0.02516252811628267 1.20729014818071
1959 0.02516358564941641 1.207303489426812
1960 0.02516465215108952 1.207316910455209
1961 0.0251657280585121 1.207330416903607
1962 0.02516680932844773 1.207344001094406
1963 0.02516790551600789 1.207357694387752
1964 0.02516901003083423 1.207371471670421
1965 0.02517012632912757 1.207385361420915
1966 0.02517125258496799 1.207399351409277
1967 0.02517238770810849 1.207413437473633
1968 0.02517353251436418 1.207427624707935
1969 0.02517468561749201 1.207441905869216
1970 0.02517584615840298 1.207456276482107
1971 0.02517701409128567 1.20747073684065
1972 0.02517818916890108 1.207485286794433
1973 0.02517935476892268 1.207499836137307
1974 0.02518053299214279 1.20751453494146
1975 0.02518173167895492 1.207529365745002
1976 0.02518294154850672 1.207544303972617
1977 0.02518415993275002 1.207559339657942
1978 0.02518538592139773 1.207574467119316
1979 0.02518661905032793 1.207589683842515
1980 0.02518785928507827 1.207604989563515
1981 0.02518910713283513 1.207620386891321
1982 0.02519036145347849 1.207635874548501
1983 0.02519162301560408 1.207651458982264
1984 0.02519289268854836 1.207667145034224
1985 0.02519417076541475 1.207682933488712
1986 0.02519545689070816 1.207698821177759
1987 0.02519675087909897 1.207714805324673
1988 0.02519805216854857 1.207730883024776
1989 0.02519936052032873 1.207747053148188
1990 0.02520067553324949 1.207763314819011
1991 0.02520199706225071 1.207779667948291
1992 0.02520332521125703 1.207796113699656
1993 0.02520465990105243 1.207812652954139
1994 0.02520602479501807 1.207829388116163
1995 0.02520730377875056 1.207845370206812
1996 0.02520872621657464 1.207862824658592
1997 0.02521011169866858 1.207879963508135
1998 0.02521148160763973 1.207897038284044
1999 0.02521284926949189 1.207914144413871
2000 0.02521426144257905 1.207931020976139
2001 0.02521571315538808 1.207948987476838
2002 0.02521705171642919 1.207965732626558
2003 0.02521849611169908 1.207983920914602
2004 0.0252198366121394 1.208000820185535
2005 0.02522128109790307 1.20801919381715
2006 0.02522270043685466 1.208037047070474
2007 0.02522404969851096 1.208054110225913
2008 0.02522551952551446 1.208072624181877
2009 0.0252269590333545 1.208090772578247
2010 0.02522833194952722 1.208108138788941
2011 0.02522982928284798 1.20812699341959
2012 0.02523129615784635 1.20814545739226
2013 0.02523275525800837 1.208163890176503
2014 0.02523421532102022 1.208182391566211
2015 0.02523562053378387 1.208200225434475
2016 0.02523715577633657 1.208219567786674
2017 0.02523859509116303 1.208237741183001
2018 0.02524017102790107 1.208257608410156
2019 0.02524162317859938 1.20827600546843
2020 0.02524320177789821 1.208295965482043
2021 0.02524465819668058 1.208314500682742
2022 0.02524624309079774 1.208334654234018
2023 0.02524770718367735 1.208353365892165
2024 0.02524930261784883 1.208373697901931
2025 0.02525077573026369 1.208392584058506
2026 0.02525237809092409 1.208413089332814
2027 0.02525386067670702 1.20843216353914
2028 0.02525539573422179 1.208451918869659
2029 0.02525704669763677 1.2084730208707
2030 0.02525855074729349 1.208492421029427
2031 0.02526016768182864 1.208513326975777
2032 0.02526174856313565 1.208533747681949
2033 0.02526331650382085 1.208554107743357
2034 0.02526488599587041 1.208574533265681
2035 0.02526646190817121 1.208595059589078
2036 0.02526804558964427 1.208615695970165
2037 0.02526963680989993 1.208636442971362
2038 0.02527123500779652 1.208657299677281
2039 0.02527283920273338 1.20867826308769
2040 0.02527444929819399 1.208699334646739
2041 0.02527606572485709 1.208720518094631
2042 0.02527768815806618 1.208741814218537
2043 0.02527931636572051 1.20876322197024
2044 0.02528086782555936 1.208783810714934
2045 0.02528256030411742 1.208806074018935
2046 0.02528423386403349 1.208828063378018
2047 0.02528589559335763 1.208849997444452
2048 0.02528755075250197 1.208871950728693
2049 0.02528920358259965 1.208893956934657
2050 0.02529089005691593 1.208916258905886
2051 0.02529254972231721 1.20893833032559
2052 0.02529420181043258 1.208960569020696
2053 0.02529586233808272 1.208982917912198
2054 0.02529750145048711 1.209005180404034
2055 0.02529916922016803 1.209027715720998
2056 0.02530084736092229 1.209050387902234
2057 0.02530253612767385 1.20907316190508
2058 0.02530422596874507 1.20909606520912
2059 0.02530591719976082 1.209119052804015
2060 0.02530761043615037 1.2091421285869
2061 0.02530930630931126 1.209165297084348
2062 0.02531100638633101 1.209188563964687
2063 0.02531271087793214 1.209211931118038
2064 0.02531441957052742 1.209235397955401
2065 0.02531613215197018 1.209258963689065
2066 0.02531784834917864 1.209282626896534
2067 0.02531956839526849 1.209306388905169
2068 0.02532129234031419 1.209330250402588
2069 0.0253230201854487 1.20935421156242
2070 0.02532475240008224 1.209378273647133
2071 0.02532648785442489 1.209402433235103
2072 0.02532822657937171 1.209426690727955
2073 0.02532996892435721 1.209451047504919
2074 0.02533171165747032 1.209475503968625
2075 0.02533346077086967 1.209500054991622
2076 0.02533521414774709 1.209524708185964
2077 0.02533697155938211 1.209549463785939
2078 0.02533873301424898 1.209574321800109
2079 0.02534049835819146 1.209599280938198
2080 0.02534226743667002 1.209624341080415
2081 0.02534403821846908 1.209649492669413
2082 0.02534581388072265 1.209674734926596
2083 0.02534759171956997 1.209700089984123
2084 0.02534937320541317 1.209725546044636
2085 0.02535115807910169 1.209751100041085
2086 0.02535294595503105 1.20977675098119
2087 0.02535473676496311 1.209802498813207
2088 0.02535653068234131 1.209828344279926
2089 0.02535832756983293 1.209854286986073
2090 0.02536012726699925 1.209880326470552
2091 0.02536190282457369 1.209906350562224
2092 0.02536376761382635 1.209932881752466
2093 0.02536558212293431 1.209959228831884
2094 0.02536745018769092 1.209985863265879
2095 0.02536925852533915 1.210012383872793
2096 0.02537105891325342 1.210038955874484
2097 0.02537285998652257 1.210065613091397
2098 0.0253746636811353 1.210092364044878
2099 0.02537647283672161 1.210119233289519
2100 0.02537828584113834 1.210146199369873
2101 0.02538010317443997 1.210173269982279
2102 0.02538192273853074 1.210200434500903
2103 0.02538374889324241 1.210227715666057
2104 0.02538557953201906 1.210255102857049
2105 0.02538741410289131 1.210282594640539
2106 0.02538924990118916 1.210310180331631
2107 0.02539109068464737 1.210337870910281
2108 0.02539293507183076 1.210365663142404
2109 0.0253947841629191 1.210393565178283
2110 0.02539663363375396 1.210421555215925
2111 0.02539848494782205 1.210449639558582
2112 0.02540033791531115 1.210477819677011
2113 0.02540219227319377 1.210506096220559
2114 0.02540404830792104 1.210534469250605
2115 0.02540590658016582 1.210562940539171
2116 0.02540776672566831 1.210591509791673
2117 0.02540962815110226 1.21062018190111
2118 0.02541149118910005 1.210648943538026
2119 0.02541334993584056 1.21067777042288
2120 0.02541521724112272 1.21070672378269
2121 0.0254170880055141 1.210735784575493
2122 0.02541896069658323 1.210764947275974
2123 0.02542083509431693 1.210794206587223
2124 0.02542271124301729 1.210823560895424
2125 0.02542458874326276 1.210853006547932
2126 0.02542646645913447 1.210882545740387
2127 0.02542834603281573 1.21091218893084
2128 0.0254304042020049 1.210943243904948
2129 0.02543216373050012 1.210972090703624
2130 0.02543397174594933 1.211001523862647
2131 0.02543583602735401 1.211031418120388
2132 0.02543772610787086 1.211061566892899
2133 0.02543980724919128 1.211093164208723
2134 0.02544158036910221 1.211122543987265
2135 0.02544340337431625 1.211152510539528
2136 0.02544528273920832 1.211182932721857
2137 0.02544718663767425 1.211213602814598
2138 0.0254490990185982 1.211244410672687
2139 0.02545101232268751 1.211275303670911
2140 0.02545292464517956 1.211306271301112
2141 0.02545483582612203 1.211337318968542
2142 0.02545674579797826 1.211368453575864
2143 0.0254586554831503 1.211399675787745
2144 0.02546076240015908 1.211432395374219
2145 0.02546253197234369 1.211462722678686
2146 0.02546435828832075 1.211493682844238
2147 0.02546624491307558 1.211525134450853
2148 0.02546815843627817 1.211556842591714
2149 0.02547035057836292 1.211590787074527
2150 0.02547206172129773 1.211620784395843
2151 0.02547405446470183 1.211653380367103
2152 0.02547583157617826 1.211684492350928
2153 0.0254778494115527 1.211717469185057
2154 0.02547965576924881 1.21174898940881
2155 0.02548166768985296 1.211781989361895
2156 0.02548349905278502 1.211813901292778
2157 0.02548556492479456 1.21184757731389
2158 0.0254873478564121 1.211879065596294
2159 0.02548925664570431 1.211911823972121
2160 0.02549113571532106 1.211944191939789
2161 0.02549305608979448 1.211977073485859
2162 0.02549499440448934 1.212010188857144
2163 0.02549692524541503 1.212043377814803
2164 0.02549886621936958 1.212076695990537
2165 0.02550110875988027 1.212112411822885
2166 0.02550279871653925 1.2121437511279
2167 0.02550490165868737 1.212178729433176
2168 0.02550662287383966 1.212210752045457
2169 0.02550856048220971 1.212245046246069
2170 0.02551040465981868 1.212277704914972
2171 0.02551231474870399 1.212311409403654
2172 0.02551432201378835 1.212346176313747
2173 0.02551627736191426 1.212380380232177
2174 0.02551815829270393 1.212414033485592
2175 0.02552014236470917 1.212448879884638
2176 0.02552208769186608 1.212483285615987
2177 0.02552396402830498 1.212517193338518
2178 0.02552582490094803 1.212551465953309
2179 0.02552776302615812 1.212586183711581
2180 0.02552971618039951 1.212621057682335
2181 0.02553199634909694 1.212658200872198
2182 0.02553365850031331 1.212691137822912
2183 0.02553579450504356 1.212727607380334
2184 0.02553748576449544 1.212761213668132
2185 0.02553959101184923 1.212797499007241
2186 0.02554130668932691 1.212831471478102
2187 0.02554322054405447 1.212866866046461
2188 0.02554516146987685 1.212902389268881
2189 0.02554702295489712 1.212937272622481
2190 0.02554927182218695 1.212975056101939
2191 0.0255510479819458 1.213009580920919
2192 0.02555296425198273 1.213045937856869
2193 0.02555507610041789 1.213082582675035
2194 0.02555669930483814 1.213116685712737
2195 0.02555859736398119 1.213152786684115
2196 0.02556053089441205 1.213189059441699
2197 0.02556248332165756 1.213225545190259
2198 0.02556443882290886 1.213262114609549
2199 0.02556665214594869 1.213300388691901
2200 0.02556828796166031 1.213335089098535
2201 0.02557047005816104 1.213373448717696
2202 0.02557212560621112 1.213408516346437
2203 0.0255742963720831 1.213446929155757
2204 0.02557598021043104 1.21348249395414
2205 0.02557813275540645 1.213520827579371
2206 0.02557994700479413 1.213558171170513
2207 0.02558171495187441 1.213593543791674
2208 0.02558392906391969 1.213632556986455
2209 0.02558571922645513 1.2136700003193
2210 0.02558758744811901 1.213707005175007
2211 0.02558972605230193 1.213745157020226
2212 0.02559135280370695 1.213781062396915
2213 0.0255932467220306 1.213818882937918
2214 0.02559517170885476 1.213856801892687
2215 0.02559750631146591 1.213897709147011
2216 0.02559906891745132 1.213933108570155
2217 0.02560125655259583 1.213973041145291
2218 0.02560285837504046 1.214009253400585
2219 0.02560506816296154 1.214049559042279
2220 0.02560670639633335 1.214086290615164
2221 0.02560890718320698 1.214126617838341
2222 0.02561056164688048 1.21416367670981
2223 0.0256127431430302 1.214203938564723
2224 0.02561453493337273 1.214242899521731
2225 0.0256166216742855 1.214281739111752
2226 0.02561838891538603 1.214320767284548
2227 0.02562025275051513 1.214359307821868
2228 0.02562238466581443 1.214398837181708
2229 0.0256241114118799 1.214437944025518
2230 0.02562590465237485 1.214475871713298
2231 0.02562778425743927 1.214515035493613
2232 0.02562981937747572 1.214556169853499
2233 0.02563207240291227 1.214597498644955
2234 0.02563369607046236 1.214635711503322
2235 0.02563559012921627 1.214675430638297
2236 0.02563769921099693 1.214715727994188
2237 0.02563936904340282 1.214755059762292
2238 0.02564147376545868 1.214795659370331
2239 0.02564316625501424 1.214835398209679
2240 0.02564527011034456 1.214876085176223
2241 0.02564698649316912 1.214916214439991
2242 0.02564904601618352 1.214957205131579
2243 0.02565088220081335 1.214997782025768
2244 0.02565275313166555 1.215037574089295
2245 0.02565468661850811 1.215079080400786
2246 0.02565655360518607 1.215119505611793
2247 0.02565867785774727 1.215160795580428
2248 0.02566039398006959 1.215201887818648
2249 0.0256622920472496 1.21524293541899
2250 0.0256641865576936 1.215283402548859
2251 0.02566609172368757 1.215325347018349
2252 0.02566833202856063 1.215368663072234
2253 0.02566986029193556 1.215407900771184
2254 0.02567207230632888 1.215451370155974
2255 0.0256735938797735 1.215490778741313
2256 0.02567575862221129 1.215533867866448
2257 0.02567733317656529 1.215574218455438
2258 0.02567942862973544 1.215616559911472
2259 0.02568108243949116 1.215658156055387
2260 0.02568321430193241 1.215700915159569
2261 0.02568494732230248 1.215742328629034
2262 0.0256870625379444 1.215785749259464
2263 0.02568880845918032 1.215828753526807
2264 0.02569067169743811 1.215870293912423
2265 0.02569256601234907 1.215913518051716
2266 0.02569459934979083 1.215956483736849
2267 0.02569630691739516 1.21599857150958
2268 0.02569819283033712 1.216041395957569
2269 0.02570023171478387 1.216085425506165
2270 0.02570190670742807 1.216126752269761
2271 0.02570378739011976 1.216169286124953
2272 0.02570565069906593 1.216213229206402
2273 0.02570744464925648 1.216255322370094
2274 0.02570979317998928 1.216302236200969
2275 0.02571127988048319 1.216343529678677
2276 0.02571304122515447 1.216385622483547
2277 0.02571522644953767 1.216431117337656
2278 0.02571686838644523 1.216474827196921
2279 0.02571861699780508 1.21651705450038
2280 0.0257207837592728 1.216562514491724
2281 0.02572244931030461 1.216606760275527
2282 0.0257242808113631 1.216650573419956
2283 0.02572636443264419 1.216694876624057
2284 0.0257279349260651 1.216738414210545
2285 0.02572981219061904 1.216782311743578
2286 0.02573167904235534 1.216827559318383
2287 0.02573370183108837 1.216873288462773
2288 0.02573537518138794 1.216916341678464
2289 0.025737375996339 1.216961331495721
2290 0.02573905729013763 1.217005765626675
2291 0.02574085549862207 1.217050369514742
2292 0.02574270703397367 1.217094611623692
2293 0.02574451944977009 1.217140321526951
2294 0.02574674954156489 1.217187837482712
2295 0.02574815380661904 1.217230243180066
2296 0.02575035606893514 1.217277945100296
2297 0.02575176324998907 1.217320662151957
2298 0.02575391255288844 1.217367794218297
2299 0.0257554433007071 1.21741221634701
2300 0.02575745812714721 1.217457905424625
2301 0.02575903240137207 1.217503466360117
2302 0.02576084632539428 1.21754922989544
2303 0.0257627066190554 1.217595267212997
2304 0.02576444383594508 1.217640403342767
2305 0.0257663583645438 1.217687341513585
2306 0.02576810399059583 1.217732808783122
2307 0.02576992019148186 1.217779130739372
2308 0.02577174590166634 1.217825627710883
2309 0.02577355452656313 1.217872088085995
2310 0.02577536302567719 1.217918631449942
2311 0.0257771625998424 1.217965192574976
2312 0.02577906812193341 1.218012801044859
2313 0.02578087331001722 1.218059528839534
2314 0.02578265771035862 1.218106292179178
2315 0.02578443336743365 1.218153126618873
2316 0.02578620666507603 1.218200050126037
2317 0.02578797820112303 1.218247063198459
2318 0.02578974904646537 1.218294160942076
2319 0.02579151629137449 1.218341334378738
2320 0.02579328031588676 1.218388588154998
2321 0.02579504300066913 1.218435934580677
2322 0.02579680522582579 1.218483378526472
2323 0.02579856712194191 1.218530918824973
2324 0.02580031886492904 1.218578486766362
2325 0.02580207788668464 1.218626217709504
2326 0.02580384023216978 1.21867405581801
2327 0.02580560373276612 1.218721993522809
2328 0.02580736826035604 1.218770026895608
2329 0.0258091391978071 1.218818186287675
2330 0.02581082024054535 1.218865606617079
2331 0.02581257690646121 1.21891372661963
2332 0.02581450812194482 1.218963630472884
2333 0.025816332392789 1.21901241542458
2334 0.02581800372581602 1.219060130263295
2335 0.02581971269788137 1.219108490735007
2336 0.02582146536929663 1.21915749330861
2337 0.02582318093676318 1.219206111544023
2338 0.02582491116333079 1.219255085505026
2339 0.02582661607738705 1.219303845546624
2340 0.02582833145245128 1.219352878647243
2341 0.02583003407424923 1.219401847157729
2342 0.02583174560382624 1.219451025578475
2343 0.02583345018318378 1.219500214748854
2344 0.02583516147629333 1.219549565002221
2345 0.02583686614301994 1.219598939389612
2346 0.02583857443251751 1.21964843950857
2347 0.02584027569482917 1.219697972757229
2348 0.02584184107731247 1.219747025709349
2349 0.02584354349881149 1.219796696504628
2350 0.02584526586510279 1.219846601616097
2351 0.02584698262749752 1.21989657932153
2352 0.02584869728637148 1.219946650986653
2353 0.02585040121413449 1.219996761442593
2354 0.02585223666557653 1.220048039209976
2355 0.02585393172093388 1.220098188099214
2356 0.02585559366862172 1.22014828704839
2357 0.02585724664853804 1.220198475560791
2358 0.02585890049582452 1.220248802560199
2359 0.02586055818896445 1.220299271106541
2360 0.02586221874950547 1.220349860109777
2361 0.0258638853295164 1.220400565096576
2362 0.02586556403910087 1.22045146765417
2363 0.02586721859447972 1.22050229231433
2364 0.02586886778122231 1.220553187625236
2365 0.02587051350052805 1.220604162816827
2366 0.02587215670259933 1.220655223348361
2367 0.02587379796979995 1.220706372311562
2368 0.0258754376114924 1.220757611058677
2369 0.02587707579627809 1.220808939175849
2370 0.02587871285671143 1.220860354360776
2371 0.02588034664459188 1.220911855779448
2372 0.02588197834254105 1.220963440464143
2373 0.02588360762006865 1.221015106572992
2374 0.02588524604852649 1.221066901398853
2375 0.02588687072415225 1.22111873619262
2376 0.02588848988431463 1.221170637035863
2377 0.02589010544199466 1.221222612635898
2378 0.02589171794698539 1.221274666822278
2379 0.02589332743802381 1.22132679958201
2380 0.02589493405315967 1.221379012144046
2381 0.02589655067147601 1.221431348483389
2382 0.02589813598639828 1.221483686216931
2383 0.02589973083340694 1.221536119932068
2384 0.02590132461281792 1.221588639659284
2385 0.02590291722777787 1.221641251654307
2386 0.02590450725394365 1.221693945256099
2387 0.02590609434037663 1.221746718624636
2388 0.02590767844867729 1.221799573155892
2389 0.0259092598922712 1.221852508961869
2390 0.02591083776906675 1.221905522769899
2391 0.02591241237075934 1.221958614563787
2392 0.0259139836766984 1.222011783654134
2393 0.02591554983960959 1.222065025280064
2394 0.02591711442455607 1.222118346605192
2395 0.02591867640585337 1.222171748949357
2396 0.02592023548320287 1.222225229025184
2397 0.02592179153344828 1.222278787048694
2398 0.02592334387891336 1.222332420562253
2399 0.02592489258479345 1.222386129632073
2400 0.02592643773241301 1.222439914487693
2401 0.02592797943724463 1.222493776400185
2402 0.02592951758672338 1.222547714522374
2403 0.0259310519677837 1.222601726927667
2404 0.02593258261000624 1.222655813949442
2405 0.02593410911822662 1.222709973674829
2406 0.02593563304353081 1.222764212094155
2407 0.02593715226382129 1.222818522130749
2408 0.0259386672460295 1.222872903286951
2409 0.02594017854097423 1.222927359890311
2410 0.02594168881067482 1.222981892786452
2411 0.02594320084769227 1.223036796256333
2412 0.02594472046766654 1.223091483545704
2413 0.02594622076422361 1.223146203306649
2414 0.0259477106402145 1.223200987942902
2415 0.02594919557901539 1.223255851687912
2416 0.02595067619170104 1.223310793625808
2417 0.02595215613715353 1.223365825923086
2418 0.02595364965358715 1.223420985902223
2419 0.02595512774615987 1.22347620233775
2420 0.02595660315550878 1.223531497018598
2421 0.02595808325128145 1.223586905771073
2422 0.02595965633432982 1.223643859360134
2423 0.02596097473096438 1.223696910352256
2424 0.02596244923396366 1.223752727737851
2425 0.02596412179826315 1.223810844550134
2426 0.02596546857807745 1.223864636287331
2427 0.0259668671825687 1.223920128124596
2428 0.02596841564333041 1.223978001841224
2429 0.02596989669590903 1.224034064659935
2430 0.02597134564282656 1.224090072750728
2431 0.02597277842174326 1.224146123272962
2432 0.02597409454221527 1.224200759364648
2433 0.02597545664990293 1.22425723879626
2434 0.02597685986993879 1.224313636160834
2435 0.02597825539965773 1.224369966755886
2436 0.02597958720943951 1.224426020322125
2437 0.02598098900844721 1.224482469161454
2438 0.02598227478249011 1.224537301457972
2439 0.02598371734923621 1.224595432366506
2440 0.02598515644986344 1.224652500483501
2441 0.02598658728573921 1.22470948097229
2442 0.0259880113475478 1.224766494959553
2443 0.0259894263499225 1.224823604125539
2444 0.0259908049477576 1.224880591172832
2445 0.0259921706221784 1.224937612094889
2446 0.02599354049166879 1.224993951919089
2447 0.02599495280090246 1.225052600727454
2448 0.02599631966999366 1.225109877129042
2449 0.02599758865304911 1.22516573453062
2450 0.02599898324461042 1.225224619722341
2451 0.02600044453128051 1.225282833392696
2452 0.02600172083755056 1.225339844926252
2453 0.02600313220244881 1.225397912879196
2454 0.02600446921424737 1.225455634215319
2455 0.02600578232218275 1.225513288274286
2456 0.02600702452949694 1.225569797489662
2457 0.0260086670220524 1.225629681201726
2458 0.02600948452341148 1.225684790769267
2459 0.02601078181574707 1.225744104943896
2460 0.02601241477644594 1.225804223463081
2461 0.02601347843551051 1.2258595635907
2462 0.02601488959126731 1.225919661571392
2463 0.02601608603319254 1.225976298231935
2464 0.02601743783368172 1.226036147396931
2465 0.02601876470182272 1.226094720976376
2466 0.02601999889169037 1.22615188681881
2467 0.02602134385373345 1.2262121152876
2468 0.02602265543129577 1.226270932077162
2469 0.02602386752333234 1.226328227215454
2470 0.02602519276855804 1.226388632943
2471 0.02602648820233833 1.226447642437783
2472 0.02602777456902272 1.226506692479325
2473 0.02602902428499934 1.226565600252002
2474 0.02603027719375764 1.226624693394499
2475 0.02603152791632192 1.22668384696335
2476 0.02603283867112734 1.226743329697311
2477 0.02603407109158038 1.226802609421694
2478 0.02603529306052166 1.226861972141427
2479 0.02603651124457542 1.226921379618719
2480 0.02603772842249146 1.226980895177407
2481 0.02603894361962652 1.227040466212983
2482 0.02604015721150309 1.227100138174652
2483 0.02604136861602366 1.227159867636023
2484 0.02604257715083435 1.227219689166288
2485 0.02604378329618796 1.227279569348512
2486 0.02604498569213061 1.227339535018358
2487 0.02604618552895705 1.227399559878099
2488 0.02604738098289049 1.227459665530367
2489 0.0260485733455698 1.227519829114458
2490 0.02604976048707812 1.227580069528877
2491 0.02605094451688364 1.227640367996688
2492 0.02605212313082312 1.227700741934092
2493 0.02605329852555742 1.227761174317266
2494 0.02605446837588749 1.227821681476695
2495 0.02605563547557345 1.227882247767844
2496 0.02605679669910268 1.227942887366993
2497 0.02605795449662454 1.228003583886406
2498 0.02605910636507656 1.228064353300849
2499 0.02606023674942312 1.228125112384857
2500 0.02606139792343666 1.228186063050468
2501 0.02606254053840538 1.228247046676227
2502 0.02606367518336797 1.228308087416053
2503 0.02606480590426049 1.228369176264374
2504 0.02606593109084953 1.228430338092422
2505 0.02606705229144649 1.228491552311278
2506 0.02606816773659565 1.228552841211586
2507 0.02606927962231089 1.228614184170671
2508 0.0260703861220041 1.228675603420928
2509 0.0260714890225823 1.228737075946344
2510 0.02607258641208256 1.22879862437225
2511 0.02607368049867494 1.228860227602128
2512 0.02607476805510755 1.228921901158003
2513 0.02607585322700454 1.228983637809189
2514 0.02607693099909469 1.229045426370654
2515 0.02607800720431067 1.229107293432788
2516 0.02607907580656994 1.229169212835414
2517 0.02608014307913056 1.229231211803358
2518 0.02608120280055212 1.229293261099599
2519 0.02608226125820949 1.229355389479462
2520 0.02608331225782438 1.229417568421216
2521 0.02608440399221055 1.229480109074958
2522 0.02608543979264264 1.22954237800399
2523 0.02608647065885296 1.229604709314448
2524 0.02608749625084644 1.229667102932208
2525 0.02608851930332671 1.229729570616894
2526 0.02608942835719701 1.229791798038737
2527 0.02609046533064776 1.229854432577464
2528 0.02609150103385834 1.229917154382269
2529 0.0260925279260295 1.229979941513648
2530 0.02609354563121625 1.23004278325004
2531 0.02609455740827751 1.230105689618528
2532 0.0260955622182876 1.230168651722028
2533 0.02609656229426547 1.230231679894481
2534 0.0260975559485155 1.230294762578085
2535 0.02609854497853167 1.230357910114319
2536 0.0260995273493396 1.230421111053596
2537 0.02610050502777261 1.230484376028746
2538 0.02610147617013549 1.230547695082975
2539 0.02610244269823425 1.230611078132828
2540 0.02610340292889486 1.230674516086639
2541 0.02610435886243825 1.230738018611462
2542 0.02610530914708144 1.230801579809867
2543 0.0261062554075821 1.23086520604851
2544 0.02610719582459965 1.230928889138744
2545 0.02610810784687574 1.230992536156729
2546 0.02610904104497446 1.231056332292801
2547 0.02611051978569877 1.231123276281304
2548 0.02611087321005438 1.231183850356551
2549 0.02611224444590098 1.231250602633101
2550 0.02611275204576511 1.23131245391335
2551 0.02611408260542082 1.231378398369518
2552 0.02611437417819906 1.23143972791953
2553 0.02611536847476457 1.231504661451885
2554 0.02611630182295544 1.231569152252133
2555 0.02611720795710709 1.231633534245186
2556 0.02611809849825506 1.231697922007921
2557 0.0261190940464452 1.231763983485526
2558 0.02611977728566603 1.231826831812733
2559 0.02612061843564501 1.231889949969559
2560 0.02612144913276104 1.231954590259795
2561 0.02612240502784804 1.232020151882088
2562 0.02612317384777802 1.232084498813176
2563 0.02612413175298427 1.23215011392068
2564 0.02612490304173035 1.232214551909436
2565 0.02612585020110518 1.232280177976146
2566 0.02612660695160844 1.232344672386527
2567 0.02612800321939754 1.232412726041565
2568 0.02612818656727706 1.232474345492451
2569 0.02612910866393808 1.232540436093763
2570 0.02612995652765083 1.232605864893471
2571 0.02613077795244352 1.232671159658185
2572 0.02613201533429796 1.232738580468657
2573 0.02613235104625208 1.232801720620172
2574 0.02613352165380114 1.232869753351931
2575 0.02613380334086837 1.232932951150376
2576 0.02613464115933729 1.232997507437557
2577 0.02613541857612831 1.233063119332349
2578 0.02613619183846932 1.233128876679026
2579 0.02613696860566397 1.233194689893399
2580 0.02613774354581134 1.233260543676296
2581 0.02613851372699053 1.23332645589147
2582 0.02613928500856258 1.233392477549418
2583 0.02614004177391423 1.233458519804383
2584 0.02614079227592292 1.233524611955991
2585 0.02614131756829233 1.233589625412267
2586 0.02614212158780724 1.233656135467689
2587 0.0261428788120315 1.233723344758505
2588 0.02614360469106637 1.233788494176019
2589 0.02614439410164305 1.233856034054912
2590 0.02614510008598301 1.233921343517512
2591 0.02614585936156059 1.233988901021207
2592 0.02614653802353612 1.23405425773402
2593 0.02614727867583596 1.234121937706387
2594 0.02614794348793397 1.234187403998019
2595 0.02614866710925441 1.234255147283034
2596 0.02614938830198684 1.234322025889699
2597 0.02615000680339425 1.234387374434641
2598 0.02615069024167373 1.234455168031276
2599 0.02615138679254942 1.23452222365774
2600 0.02615198759460248 1.234587757937389
2601 0.02615267696780186 1.234655077914796
2602 0.02615330707029807 1.234722976228791
2603 0.02615398351599395 1.234790140602466
2604 0.0261546630852034 1.234856558079924
2605 0.02615523288589822 1.234924172007116
2606 0.02615586862284257 1.234991387413551
2607 0.02615652407727684 1.235057960570636
2608 0.02615706188938991 1.235125684998973
2609 0.02615771012520564 1.235192480023317
2610 0.02615826591629528 1.235260463375352
2611 0.02615891723374004 1.235327409473794
2612 0.02615946879687404 1.235395511264631
2613 0.02616011286415887 1.235462566588216
2614 0.02616065424270156 1.235530768252583
2615 0.02616128775793459 1.235597923856215
2616 0.02616181755610047 1.235666222237899
2617 0.02616243895623161 1.235733469329957
2618 0.02616295923079615 1.235801870675517
2619 0.02616357041787958 1.235869224415745
2620 0.02616407855914386 1.235937726210242
2621 0.02616467814531418 1.236005178312252
2622 0.02616517445221905 1.236073778907296
2623 0.02616576298249275 1.236141329484808
2624 0.02616624775256406 1.236210029537663
2625 0.02616682544125868 1.236277679712725
2626 0.02616729950400126 1.23634648362871
2627 0.02616786730525688 1.236414237542034
2628 0.02616833094996433 1.236483145996566
2629 0.02616888880801363 1.236551000607989
2630 0.02616934240370301 1.236620016550652
2631 0.02616988872557478 1.236687975171675
2632 0.02617033042070507 1.236757077737975
2633 0.02617086802976273 1.236825137767124
2634 0.02617129516093165 1.236894328112028
2635 0.02617182114054164 1.236962479103565
2636 0.02617224033320764 1.237031784160332
2637 0.02617275690017297 1.237100041021133
2638 0.02617316557922376 1.237169449537799
2639 0.02617367165594623 1.237237804953586
2640 0.02617406916308796 1.237307311642005
2641 0.02617456445371448 1.237375763423694
2642 0.02617495072886874 1.237445367745589
2643 0.026175435276169 1.237513915711435
2644 0.02617583516739814 1.237583801395191
2645 0.02617633509197153 1.237652517095734
2646 0.0261766777971006 1.237722232462264
2647 0.02617715229291795 1.237790994089732
2648 0.02617748176447214 1.237860801240553
2649 0.02617807425466385 1.2379299653694
2650 0.02617835701335258 1.237999816376615
2651 0.02617878950545572 1.23806876039434
2652 0.02617907228984896 1.23813871388801
2653 0.02617951236620211 1.238207783289727
2654 0.02617979633981611 1.238277856764761
2655 0.02618023311720083 1.238347036463421
2656 0.02618051186164251 1.238417219894246
2657 0.02618094255383123 1.23848650622747
2658 0.02618121388936079 1.238556795400653
2659 0.02618163695889101 1.238626184176776
2660 0.02618189958690978 1.238696574892095
2661 0.02618231398973801 1.238766062615676
2662 0.02618256694004154 1.238836551261625
2663 0.02618297259375989 1.238906136649032
2664 0.02618321531802108 1.2389767215806
2665 0.02618361005535991 1.239046398516647
2666 0.02618384174783885 1.239117076080982
2667 0.02618416881492013 1.239187406516887
2668 0.02618448920456158 1.239257650190253
2669 0.02618479102077812 1.239327917702431
2670 0.02618507928907764 1.239398233304494
2671 0.02618535890196514 1.239468606630981
2672 0.02618563225218705 1.239539038191517
2673 0.02618590068735309 1.239609526322328
2674 0.02618616479961378 1.239680069242874
2675 0.02618642398239263 1.239750664652786
2676 0.02618667852368683 1.239821310149244
2677 0.02618692821295531 1.23989200436356
2678 0.02618717289901839 1.239962746308284
2679 0.02618741243481172 1.240033534858442
2680 0.02618764665659984 1.24010436931651
2681 0.02618787543004192 1.240175248883703
2682 0.02618809868385938 1.240246173048838
2683 0.02618831648781284 1.240317141692885
2684 0.02618858418479834 1.240388299142008
2685 0.02618877410625374 1.240459340174349
2686 0.02618896435854373 1.240530415589826
2687 0.02618915188210251 1.240601534207898
2688 0.02618933532450658 1.240672698407982
2689 0.02618951425375392 1.240743908696984
2690 0.02618968855915369 1.240815165173407
2691 0.02618985801788449 1.240886466524565
2692 0.02619002265317205 1.240957813461636
2693 0.02619018248174671 1.241029206316122
2694 0.02619033738008926 1.241100644337113
2695 0.02619048727584412 1.241172127184286
2696 0.02619063429198224 1.2412436608268
2697 0.02619077471140071 1.241315235511927
2698 0.02619090897383203 1.241386850535823
2699 0.02619103755121138 1.241458507108809
2700 0.0261911607458039 1.241530206432713
2701 0.02619127840540195 1.241601947808995
2702 0.02619139063451117 1.241673731221358
2703 0.02619149732260658 1.241745556218865
2704 0.02619159828448616 1.241817422122765
2705 0.02619169344646134 1.241889329111583
2706 0.02619178257507251 1.241961276329389
2707 0.02619186599974103 1.242033264110374
2708 0.02619194387404343 1.242105293386601
2709 0.02619187678212509 1.242177053477306
2710 0.0261919832431631 1.242249222701784
2711 0.02619207686243291 1.242321430771187
2712 0.02619215410472086 1.242393665353236
2713 0.02619221932817759 1.242465931622868
2714 0.0261922750629603 1.242538232181118
2715 0.02619232258356142 1.242610567900619
2716 0.02619236657458191 1.242682958914227
2717 0.02619239918672837 1.242755364805045
2718 0.02619242445981097 1.242827804964496
2719 0.02619244302796544 1.242900281177211
2720 0.02619245527505741 1.242972794643089
2721 0.02619246128521524 1.243045345596944
2722 0.02619246116970447 1.243117934308024
2723 0.02619245506797574 1.243190561208864
2724 0.02619244308471989 1.243263226599459
2725 0.02619242540062833 1.243335931493306
2726 0.02619248534813438 1.243408819661656
2727 0.02619241414948578 1.243481599246844
2728 0.02619236900136316 1.243554389545884
2729 0.02619232221688282 1.243627225057857
2730 0.0261922731134266 1.24370012468948
2731 0.02619221584365821 1.243773043597987
2732 0.02619215410543071 1.243846000585883
2733 0.02619208796957464 1.243918999740647
2734 0.02619201720718422 1.243992041064558
2735 0.02619194170234695 1.244065122108485
2736 0.02619186125469143 1.244138245457992
2737 0.02619177541121366 1.244211407879656
2738 0.02619168413088843 1.244284608885161
2739 0.02619158743984684 1.244357847850138
2740 0.02619148524108037 1.244431124300634
2741 0.02619137746490791 1.244504437967932
2742 0.02619126352126041 1.244577787070557
2743 0.02619114494942304 1.244651176270148
2744 0.02619102045719912 1.244724601107984
2745 0.02619088997691579 1.244798061303686
2746 0.02619075365732075 1.244871557145334
2747 0.02619060171595924 1.244945055455443
2748 0.0261904537799237 1.245018622108337
2749 0.02619030089502541 1.245092227226556
2750 0.02619014425488515 1.2451658717851
2751 0.02618998010787722 1.24523954897337
2752 0.02618981014098776 1.245313261824944
2753 0.02618963410578675 1.245387009168534
2754 0.02618945202436022 1.245460790868431
2755 0.02618926415018675 1.245534607456765
2756 0.02618907024955383 1.245608459758854
2757 0.02618887049585547 1.245682344789477
2758 0.02618866499803961 1.245756262729045
2759 0.02618845394681405 1.245830213888835
2760 0.02618823773131841 1.245904205468811
2761 0.0261880157795665 1.245978230174697
2762 0.02618778825549979 1.246052287085685
2763 0.02618755520553514 1.24612638231036
2764 0.0261873161360043 1.246200508140098
2765 0.02618707143174475 1.246274669262874
2766 0.02618682107339651 1.246348864831433
2767 0.02618656487532012 1.246423093565843
2768 0.0261863036782985 1.2464973435051
2769 0.02618602695144161 1.246571540040497
2770 0.02618575187957177 1.246645891908246
2771 0.02618538552747315 1.246719981184912
2772 0.02618512168255983 1.246794412475615
2773 0.02618485113511475 1.246868906001106
2774 0.02618457087513117 1.246943432606798
2775 0.02618428203080411 1.24701798386358
2776 0.02618398597514518 1.247092569424409
2777 0.02618368993095542 1.247167218351201
2778 0.02618337897197593 1.247241848928038
2779 0.02618305811616106 1.247316489410056
2780 0.02618272945311837 1.247391151847144
2781 0.02618239380962514 1.247465839745843
2782 0.02618205103919993 1.247540552742304
2783 0.02618170239135257 1.247615297863157
2784 0.02618134794051328 1.247690074171022
2785 0.02618098759422642 1.247764881875917
2786 0.0261806214147656 1.247839721303213
2787 0.02618024990592528 1.247914594160005
2788 0.02617987326562602 1.247989501079614
2789 0.02617949015998084 1.248064436559587
2790 0.02617910202140508 1.248139406455842
2791 0.02617870784490107 1.248214405594464
2792 0.02617830785780369 1.248289435787892
2793 0.02617790266963679 1.24836449881592
2794 0.02617749136193288 1.248439590308176
2795 0.02617707561254196 1.248514740702665
2796 0.02617665346665602 1.2485898960214
2797 0.02617622480771599 1.248665073644489
2798 0.02617579004588068 1.248740279938186
2799 0.02617534908146682 1.248815515132513
2800 0.0261749021613912 1.248890779958417
2801 0.02617444943963149 1.248966074803346
2802 0.02617399400303838 1.249041408257768
2803 0.02617352967616891 1.249116762539395
2804 0.02617305950174548 1.249192146274746
2805 0.02617258369739877 1.249267559623284
2806 0.02617210228671697 1.249343002828832
2807 0.02617161516513113 1.249418475401373
2808 0.0261711223941511 1.249493977558435
2809 0.02617062601482348 1.249569525171833
2810 0.02617012139354729 1.249645086198292
2811 0.02616961104039531 1.2497206723007
2812 0.02616909515007535 1.249796287176349
2813 0.02616857369492449 1.24987193116999
2814 0.02616806466281085 1.249947685098111
2815 0.02616753208739214 1.250023393032303
2816 0.02616699072064309 1.250099110185613
2817 0.02616644295785206 1.250174851731678
2818 0.02616589014383203 1.250250623614146
2819 0.02616533195727611 1.250326425049675
2820 0.02616476869222864 1.250402256668131
2821 0.02616420039163175 1.250478118639732
2822 0.02616362690464818 1.25055401030651
2823 0.02616304814729313 1.250629931545997
2824 0.0261624640230856 1.250705879896401
2825 0.02616187446935597 1.250781857244424
2826 0.0261612792757262 1.250857861302162
2827 0.02616067837730261 1.250933891954473
2828 0.02616007179632032 1.251009949220008
2829 0.02615945946130518 1.251086032520951
2830 0.02615884140876931 1.251162142012117
2831 0.02615821769217743 1.25123827795049
2832 0.02615758959645917 1.251314438582513
2833 0.02615695395124598 1.251390626063939
2834 0.02615631256171293 1.251466839411814
2835 0.0261556994279842 1.251543166515857
2836 0.02615500179380267 1.251619252734762
2837 0.02615433337560393 1.251695499586192
2838 0.02615372303280035 1.251773108898151
2839 0.02615302122829797 1.251847828479176
2840 0.02615231150626786 1.251924091822853
2841 0.02615161904205054 1.252000614619274
2842 0.02615093622074511 1.252077170437381
2843 0.02615025276844365 1.252153714352234
2844 0.02614956303687788 1.252230244348669
2845 0.0261488650226996 1.252306769068149
2846 0.02614815909105203 1.252383302210417
2847 0.02614750005826456 1.252461151661231
2848 0.02614675298840285 1.252536174090958
2849 0.02614599075634262 1.252612633787189
2850 0.02614524170373211 1.252689325291086
2851 0.02614450078198232 1.252766048412448
2852 0.02614378927970117 1.252842905912853
2853 0.02614304119939517 1.252919620983741
2854 0.02614228065362044 1.252996306088708
2855 0.02614151168971056 1.253072998220503
2856 0.02614073755510981 1.25314971560234
2857 0.02613995837410416 1.253226461022693
2858 0.02613922383096672 1.253304526880967
2859 0.02613841352385551 1.25337976025135
2860 0.02613758435561649 1.253456462872806
2861 0.02613676919720305 1.253533404171684
2862 0.02613596367897736 1.253610380783638
2863 0.02613503125561889 1.253686897059262
2864 0.02613423762276272 1.253763909855934
2865 0.0261334435928006 1.253840945741989
2866 0.02613263931431223 1.253917985953003
2867 0.02613189413229536 1.253996401491084
2868 0.02613113391234012 1.254072706660095
2869 0.02613017512116108 1.254148769632219
2870 0.02612929913927909 1.254225874041563
2871 0.02612844354278918 1.254303040989761
2872 0.02612765996327657 1.254381594703245
2873 0.02612686530830972 1.254458003847585
2874 0.02612587588353129 1.254534195034726
2875 0.02612496984036737 1.254611418463244
2876 0.02612415223456281 1.254690063671375
2877 0.0261233322976925 1.254766579272689
2878 0.02612231842435688 1.25484285284915
2879 0.02612138980852865 1.254920171845148
2880 0.02612055033642044 1.254998914031419
2881 0.02611970970520532 1.255075526792401
2882 0.02611867372198256 1.25515188094978
2883 0.02611772321723214 1.255229288086266
2884 0.02611686148947288 1.255308119455841
2885 0.02611599876481449 1.255384817869345
2886 0.02611493913234577 1.255461244881928
2887 0.0261139649686401 1.255538729966062
2888 0.0261130798343624 1.255617642193964
2889 0.02611234094507693 1.255694917991217
2890 0.02611123456846937 1.255771396836642
2891 0.02611020301022601 1.255848853631933
2892 0.02610920091943211 1.255926367095951
2893 0.02610820815888257 1.256003904217635
2894 0.02610721581547874 1.256081453009117
2895 0.02610626291643326 1.25616030087621
2896 0.02610534225368446 1.256237138446957
2897 0.02610422394673216 1.256313769728516
2898 0.02610317355621319 1.256391394201452
2899 0.02610214599072513 1.256469074730808
2900 0.02610112447507442 1.256546774721033
2901 0.02610014585878052 1.256625768785949
2902 0.02609919650799402 1.256702740068308
2903 0.02609805150329392 1.256779515230432
2904 0.02609701366617539 1.256858565706515
2905 0.02609594599788467 1.256934814152405
2906 0.02609485431935551 1.257012489972778
2907 0.02609382455442841 1.257091718651909
2908 0.02609276438455309 1.257168190455253
2909 0.02609170628640474 1.257247219273191
2910 0.02609061332068288 1.257323683466461
2911 0.02608953376669292 1.257402743723647
2912 0.02608843142829842 1.257479272825807
2913 0.0260873397479922 1.257558368689372
2914 0.02608622116873927 1.257634915402311
2915 0.02608511905244106 1.257714066137047
2916 0.02608399550640273 1.257790671793571
2917 0.02608288286597328 1.2578698488346
2918 0.02608174458092274 1.257946478850492
2919 0.02608062198469337 1.258025707750692
2920 0.0260794776116954 1.258102379533635
2921 0.02607834822410759 1.258181656136558
2922 0.02607718918637143 1.258258354352964
2923 0.02607604352215856 1.258337646327459
2924 0.02607487779653454 1.258414379335484
2925 0.02607372026849829 1.258493688794497
2926 0.02607252961613494 1.258570399008802
2927 0.02607136205641432 1.258649753608104
2928 0.02607017476444037 1.258726549287694
2929 0.02606899732020179 1.258805929102325
2930 0.02606779473590209 1.258882748567525
2931 0.0260666066322088 1.258962173437165
2932 0.02606540389168658 1.259039068607707
2933 0.02606420183458623 1.259118507024233
2934 0.02606297491660452 1.259195372778011
2935 0.02606175930012458 1.259274838083726
2936 0.02606052376297303 1.25935172323052
2937 0.02605929595779675 1.259431199766325
2938 0.02605804653615635 1.259508115877014
2939 0.02605680829332018 1.25958763502527
2940 0.02605555141555971 1.259664573471276
2941 0.02605429498409216 1.259744068729432
2942 0.02605302374493225 1.259821037383869
2943 0.02605176655843408 1.259900630600266
2944 0.02605048862052182 1.259977623314913
2945 0.02604921946325081 1.260057221878246
2946 0.02604792791599001 1.260134247611132
2947 0.02604664838990638 1.260213889503718
2948 0.02604534840369157 1.260290929216219
2949 0.02604405670464875 1.260370577670528
2950 0.02604274207164535 1.260447646973797
2951 0.0260414382544967 1.2605273309006
2952 0.02604011458103701 1.260604416902257
2953 0.02603879693211427 1.2606840977777
2954 0.02603745821777968 1.260761207445524
2955 0.02603613004977182 1.260840929544011
2956 0.02603478345561348 1.260918057908298
2957 0.02603344180711518 1.260997780984389
2958 0.0260320813015474 1.261074922820088
2959 0.02603071919489147 1.261154632325464
2960 0.02602934728209119 1.261231772577433
2961 0.02602798778589045 1.261311566233831
2962 0.02602660505553646 1.261388755079313
2963 0.02602523669468288 1.261468596984559
2964 0.02602384568725442 1.261545794101083
2965 0.02602247179841697 1.261625668848804
2966 0.02602106931550847 1.26170291314952
2967 0.02601967832467271 1.261782790639724
2968 0.02601826416536561 1.261860022636155
2969 0.02601685900534579 1.261939897736776
2970 0.02601543242869445 1.262017164359111
2971 0.02601401638339403 1.26209706804749
2972 0.02601258049292585 1.262174334705992
2973 0.02601115288085809 1.262254250453749
2974 0.02600970445528161 1.262331553418737
2975 0.0260082658004532 1.262411494271771
2976 0.02600680741266109 1.262488798140937
2977 0.02600535726179777 1.262568749839557
2978 0.0260038869810554 1.26264608736956
2979 0.02600242600035908 1.262726065856335
2980 0.02600094603710284 1.262803402477342
2981 0.02599947385634525 1.26288339169102
2982 0.02599798188056522 1.262960763056761
2983 0.025996499216606 1.263040777606946
2984 0.02599503968054929 1.263119469894152
2985 0.02599351470135359 1.263196808285197
2986 0.02599199790510719 1.263276781058543
2987 0.02599052347577882 1.263355534255702
2988 0.02598902315792146 1.263434255439703
2989 0.02598749708721719 1.263512827358064
2990 0.02598595992165523 1.263591505008161
2991 0.02598438669576996 1.263670048622458
2992 0.02598283482444586 1.263748736678903
2993 0.02598128357389495 1.263827427279253
2994 0.02597973157471486 1.263906193723871
2995 0.02597817546284436 1.263984938432562
2996 0.02597661591944574 1.264063737113696
2997 0.02597505093835445 1.264142510513381
2998 0.025973481380665 1.264221328904038
2999 0.02597190601169729 1.264300121935161
3000 0.02597032558739091 1.264378954854757
3001 0.02596873932595477 1.264457763349407
3002 0.0259671480232586 1.264536609669297
3003 0.02596555085842656 1.264615432983628
3004 0.02596394791090702 1.264694288381719
3005 0.02596233910096502 1.264773121183981
3006 0.02596072458054698 1.26485198486668
3007 0.02595910443036294 1.264930827459261
3008 0.02595747858761447 1.265009699986212
3009 0.0259558473313807 1.265088552935129
3010 0.02595421050905151 1.265167435626118
3011 0.02595256829416301 1.265246298332898
3012 0.02595092050051082 1.265325190199996
3013 0.0259492673887339 1.265404062352654
3014 0.02594760877154067 1.265482963527232
3015 0.02594594492984108 1.265561845091717
3016 0.02594415277190964 1.265640061745232
3017 0.02594247612186233 1.265718971314077
3018 0.02594081717469101 1.26579800871512
3019 0.02593915374704064 1.265877027098717
3020 0.02593748302635098 1.265956060914422
3021 0.02593580310447344 1.266035054827777
3022 0.02593411540960732 1.266114061908709
3023 0.02593241897506745 1.266193030923013
3024 0.02593071503158077 1.266272015547086
3025 0.02592900372822481 1.266350971800051
3026 0.02592728503119092 1.266429940576853
3027 0.02592555897084641 1.266508880682601
3028 0.02592382644834186 1.266587841248048
3029 0.02592208738576524 1.266666777167563
3030 0.02592034271942151 1.26674572235024
3031 0.02591859246666186 1.266824668568048
3032 0.02591683681025595 1.266903636166853
3033 0.02591507579639389 1.266982584240017
3034 0.02591330923399473 1.26706155251686
3035 0.02591153728068652 1.267140502272893
3036 0.02590975990751575 1.267219473338149
3037 0.0259079772166859 1.267298426436559
3038 0.0259061891783363 1.267377401158083
3039 0.02590439834619088 1.267456359547834
3040 0.02590260146476017 1.267535343048754
3041 0.0259007969459728 1.267614306197775
3042 0.02589898499492178 1.267693279904932
3043 0.02589716775717772 1.267772238643982
3044 0.02589534448337269 1.267851212101962
3045 0.02589351660858751 1.267930172550487
3046 0.0258916830565673 1.268009148968289
3047 0.02588984509626007 1.268088113110782
3048 0.02588800159540218 1.268167093709919
3049 0.02588615371454819 1.268246062070638
3050 0.02588430044239678 1.268325047146252
3051 0.02588244276595412 1.26840402007851
3052 0.02588057962489961 1.268483009137505
3053 0.0258787613041173 1.26856245474299
3054 0.02587690251931926 1.268641425148634
3055 0.02587501880337923 1.268720329615027
3056 0.0258731261281081 1.268799248063107
3057 0.02587122885175975 1.268878161602715
3058 0.02586932760922468 1.268957100777258
3059 0.02586742384094259 1.269036035221345
3060 0.02586551463114441 1.26911499429945
3061 0.02586360141858385 1.269193945617543
3062 0.02586168398925779 1.269272917498545
3063 0.02585976235676523 1.269351879515352
3064 0.02585783614158864 1.269430859564939
3065 0.02585590543373805 1.269509827487706
3066 0.02585396950770668 1.269588810419108
3067 0.02585202863374924 1.26966777875709
3068 0.02585008245259728 1.269746760972679
3069 0.02584813126802856 1.269825727760918
3070 0.02584617427247085 1.269904706584293
3071 0.02584421167938683 1.269983667937557
3072 0.02584224336341602 1.2700626411168
3073 0.0258402697623185 1.270141597284718
3074 0.02583829070122932 1.270220565784311
3075 0.02583629121376169 1.270299472002846
3076 0.02583430110237305 1.270378432379445
3077 0.02583230768639271 1.270457381531736
3078 0.02583029222934454 1.270536365224745
3079 0.02582829598791207 1.270615296802246
3080 0.02582628802662357 1.270694232909902
3081 0.02582427832955142 1.270773170336914
3082 0.02582225773797352 1.270852113818503
3083 0.02582023706881622 1.270931055929892
3084 0.02581820622184313 1.271010001387865
3085 0.02581617558735398 1.271088942636977
3086 0.02581413476324779 1.27116788557817
3087 0.02581209417119708 1.271246822737811
3088 0.02581004233072213 1.271325757002056
3089 0.0258079914540629 1.271404687418584
3090 0.02580593026963119 1.271483618003907
3091 0.02580386924853166 1.271562541423903
3092 0.02580179801045431 1.271641465328556
3093 0.02579970965899375 1.271720252875314
3094 0.02579762201642921 1.271799155313263
3095 0.02579554655184344 1.271878092763071
3096 0.02579345770644953 1.271957024383016
3097 0.02579136923607958 1.272035944406916
3098 0.02578926987277075 1.272114860892505
3099 0.0257871696746992 1.272193764468428
3100 0.02578506086315348 1.272272679435796
3101 0.0257829517996066 1.272351565550868
3102 0.02578083245229017 1.272430463932067
3103 0.02577871196550931 1.272509332963313
3104 0.02577658206600344 1.272588218677521
3105 0.02577445128614438 1.27266707605715
3106 0.02577231129958459 1.272745951029291
3107 0.02577017059539815 1.272824798090247
3108 0.02576802079328739 1.272903663048135
3109 0.02576587035571925 1.272982500206192
3110 0.02576371077484066 1.273061374617557
3111 0.02576154889224559 1.273140193395258
3112 0.02575937752107938 1.273219016269952
3113 0.02575720814778084 1.273297837343517
3114 0.02575502840174865 1.273376659679097
3115 0.02575284981732055 1.273455475563844
3116 0.02575066036273656 1.273534289028081
3117 0.02574847188939043 1.273613094311951
3118 0.02574627244988152 1.273691895966304
3119 0.02574407398068019 1.273770688719048
3120 0.0257418645433944 1.273849477354875
3121 0.02573965613568474 1.273928256871859
3122 0.02573743679221118 1.274007032141241
3123 0.0257352184781894 1.274085797855415
3124 0.02573298922983463 1.274164559142497
3125 0.02573076103045628 1.274243310716593
3126 0.0257285225308726 1.274322059349843
3127 0.02572628430861137 1.274400795880581
3128 0.02572403507943892 1.274479527611471
3129 0.02572178691977815 1.27455824900255
3130 0.02571952778104421 1.274636965350745
3131 0.02571726972854519 1.274715671100844
3132 0.02571500075938943 1.27479437206729
3133 0.02571272940291233 1.274873049515613
3134 0.02571045085072168 1.274951735853682
3135 0.02570817380470165 1.275030412924748
3136 0.02570588580669669 1.275109083767751
3137 0.02570359896414143 1.275187744237859
3138 0.02570130111968858 1.275266398196335
3139 0.02569900446482732 1.275345041668886
3140 0.02569669680507107 1.275423678363884
3141 0.02569439029260801 1.275502304178235
3142 0.02569207276116824 1.275580922978552
3143 0.02568975650222325 1.275659531234717
3144 0.0256874292921387 1.275738132581129
3145 0.02568510286011541 1.275816721094081
3146 0.02568276549943691 1.275895302887772
3147 0.02568042968882592 1.275973874962888
3148 0.02567808244827744 1.27605243754441
3149 0.02567573698352953 1.276130991007415
3150 0.02567338030408757 1.276209535153247
3151 0.02567102496944207 1.27628806843081
3152 0.02566865872581494 1.276366593537017
3153 0.02566629382211594 1.276445107058193
3154 0.02566391834966807 1.276523613514268
3155 0.02566154481558822 1.27660210737491
3156 0.02565915959652916 1.276680562459625
3157 0.02565677807994185 1.276759060169419
3158 0.02565438356035709 1.27683752549452
3159 0.02565198963997078 1.276915990553024
3160 0.0256495842178699 1.276994426863366
3161 0.02564718070288478 1.277072868029424
3162 0.02564476628106416 1.277151283148751
3163 0.02564235375106249 1.277229703123571
3164 0.02563993008962122 1.277308096587553
3165 0.02563756571460295 1.277386678001005
3166 0.02563513067377307 1.277465049355424
3167 0.02563269217902597 1.277543404529882
3168 0.02563024238419084 1.277621732527226
3169 0.02562779434076533 1.277700061022443
3170 0.02562533545425796 1.27777836563977
3171 0.0256228790258368 1.27785667358456
3172 0.02562041186156584 1.277934962872422
3173 0.02561794149504792 1.278013231715679
3174 0.02561538668324486 1.278091130567376
3175 0.02561292166305689 1.278169418075395
3176 0.02561045551659465 1.278247741145511
3177 0.02560799066368616 1.278326060773913
3178 0.02560551317202758 1.278404356312833
3179 0.02560303613533013 1.278482635417471
3180 0.02560054655200849 1.278560893740124
3181 0.02559805657743594 1.27863913225268
3182 0.02559555438531317 1.27871734702661
3183 0.0255930526948255 1.278795548557676
3184 0.02559053933303925 1.278873729531005
3185 0.02558802695811026 1.278951895601923
3186 0.0255855026250799 1.27903004543343
3187 0.02558297950157387 1.279108179930562
3188 0.02558044518946275 1.279186296470944
3189 0.02557792785438685 1.279264462544298
3190 0.02557538436875908 1.279342533602601
3191 0.02557284073304715 1.279420614327417
3192 0.02557028679459055 1.279498672331341
3193 0.02556773347514193 1.279576727767393
3194 0.02556517002738997 1.279654756642131
3195 0.02556260732138049 1.27973278343161
3196 0.02556003469854529 1.279810783011682
3197 0.02555746298002752 1.279888780948215
3198 0.02555488174870956 1.279966753381985
3199 0.02555230187229018 1.280044725425517
3200 0.02554972122882419 1.280122702522549
3201 0.02554713338925953 1.280200650698579
3202 0.02554453513397545 1.280278571217184
3203 0.02554193776972543 1.280356487446659
3204 0.0255393311652775 1.280434380032916
3205 0.02553672568140539 1.280512269580087
3206 0.02553411094928282 1.280590135362745
3207 0.02553149727730694 1.280667998322271
3208 0.0255288742557963 1.280745837027178
3209 0.02552644245338687 1.280824355234116
3210 0.02552375108818666 1.280901967946755
3211 0.02552108963800097 1.280979682934422
3212 0.02551842459010768 1.281057383696161
3213 0.02551576558557218 1.281135083682359
3214 0.02551310002250213 1.281212775990238
3215 0.0255104391157394 1.281290468877323
3216 0.02550777073177823 1.281368152937569
3217 0.0255051062211035 1.281445834868948
3218 0.02550243349222959 1.281523505256899
3219 0.02549976390956805 1.281601170383364
3220 0.0254970854192887 1.281678821058125
3221 0.02549440890253963 1.281756462215927
3222 0.02549172361340366 1.281834088515221
3223 0.02548904051557365 1.281911704995687
3224 0.02548634764308368 1.281989303088862
3225 0.02548365660931958 1.282066889913549
3226 0.02548095555344862 1.282144457299875
3227 0.02547825616343078 1.282222012611724
3228 0.02547554667199461 1.282299547970685
3229 0.02547283873482903 1.282377070885697
3230 0.02547012057350391 1.282454573197355
3231 0.02546736609432791 1.282531840680033
3232 0.02546464347315079 1.282609330519946
3233 0.02546192573338307 1.282686827388259
3234 0.02545919620215419 1.282764293608161
3235 0.02545646744594192 1.282841747656756
3236 0.02545372692354113 1.282919168581831
3237 0.02545098765329399 1.282996577730882
3238 0.02544823701447398 1.283073954725541
3239 0.02544548805115428 1.283151321581311
3240 0.02544272810139463 1.283228657813064
3241 0.02543997008950455 1.28330598512421
3242 0.02543720129945088 1.283383282902776
3243 0.02543443462562691 1.283460572801009
3244 0.02543165730509011 1.283537833803964
3245 0.02542888220430778 1.283615087388322
3246 0.0254260964971502 1.283692312277075
3247 0.0254233130498649 1.28376952996343
3248 0.02542051906974077 1.28384671904279
3249 0.02541772713693163 1.283923900191662
3250 0.02541492448980034 1.28400105221131
3251 0.02541212402326364 1.284078196558478
3252 0.02540931300105755 1.284155312237934
3253 0.02540650425572089 1.284232420250736
3254 0.02540368489874414 1.284309498961914
3255 0.0254008677622673 1.284386569364786
3256 0.02539804004459251 1.284463610476618
3257 0.02539521456977831 1.284540643095913
3258 0.0253923785421855 1.284617646341745
3259 0.02538954478208634 1.284694640928453
3260 0.02538670047994622 1.284771605961676
3261 0.02538385683412441 1.2848485616837
3262 0.02538109102604676 1.284925858841106
3263 0.0253782352796596 1.285002770716062
3264 0.02537530541554532 1.285079464404936
3265 0.02537244211433201 1.285156275875641
3266 0.02536957784239765 1.285233117622955
3267 0.02536670642364909 1.285309917953568
3268 0.02536383290887852 1.28538672938378
3269 0.02536095316445076 1.285463496433165
3270 0.02535807177545107 1.285540274342046
3271 0.02535518409173762 1.285617005905872
3272 0.02535229510447809 1.285693749180991
3273 0.02534939932824446 1.285770443582341
3274 0.02534650187406691 1.285847147185889
3275 0.02534359782244655 1.285923801527644
3276 0.02534069241729742 1.286000465532761
3277 0.02533778055535784 1.286077080092988
3278 0.02533486710948583 1.286153703210227
3279 0.02533194726749432 1.286230276608024
3280 0.02532902592955023 1.286306858625835
3281 0.02532609823231051 1.286383390547527
3282 0.02532317168347091 1.286459927568478
3283 0.02532023649864694 1.286536422334952
3284 0.02531729754046346 1.286612929159179
3285 0.02531435440203732 1.286689375803226
3286 0.02531140952104925 1.286765830369465
3287 0.02530847048645251 1.286842273061204
3288 0.02530551757362236 1.286918686747708
3289 0.02530255696714775 1.286995041694909
3290 0.02529959478926554 1.287071404876201
3291 0.02529662604207462 1.287147713994091
3292 0.02529365578465527 1.287224032344862
3293 0.02529067916022952 1.287300296431612
3294 0.02528770091776303 1.287376569927592
3295 0.02528471645463207 1.287452788531091
3296 0.02528173029671449 1.287529017346814
3297 0.02527873808543272 1.287605190439554
3298 0.02527574405903913 1.28768137476253
3299 0.02527276142509477 1.287758531587849
3300 0.02526979386802405 1.28783373953398
3301 0.02526675812641598 1.287909600896292
3302 0.0252637290677564 1.287985715686084
3303 0.025260708545276 1.288061815311041
3304 0.0252576910846175 1.288137908213986
3305 0.02525467350678571 1.288213972901125
3306 0.02525165139589201 1.288289998689546
3307 0.02524863154274825 1.288366013189995
3308 0.02524560134823365 1.28844199408573
3309 0.0252425672477301 1.288517943308384
3310 0.02523952863860126 1.288593867316113
3311 0.02523648690576769 1.288669768588968
3312 0.0252334406798252 1.288745645370355
3313 0.02523039151435394 1.288821501825438
3314 0.02522733788389818 1.288897332742908
3315 0.02522428141352532 1.288973144536417
3316 0.02522122038315098 1.289048929146538
3317 0.02521811917117539 1.289124579962027
3318 0.02521505513635515 1.289200329412817
3319 0.02521199054912058 1.28927606460482
3320 0.02520894850482473 1.289351952546977
3321 0.0252058956539958 1.28942769141346
3322 0.02520280581840055 1.289503290118832
3323 0.02519971298761317 1.289578885893209
3324 0.02519661809309895 1.289654448252328
3325 0.02519352132655766 1.289730010523789
3326 0.02519040887236676 1.289805475600674
3327 0.02518730769493682 1.289881001580666
3328 0.02518420453311382 1.289956498956582
3329 0.02518109644896112 1.290031977394702
3330 0.02517798770845667 1.290107439117909
3331 0.02517500242794464 1.290183261039077
3332 0.02517185761354093 1.290258624263459
3333 0.02516870658768394 1.290333941852162
3334 0.02516555920512282 1.290409231072159
3335 0.025162412619191 1.290484513293203
3336 0.025159266420181 1.29055976926417
3337 0.02515611875900252 1.290635017097688
3338 0.0251529701703248 1.290710237123408
3339 0.02514981929208332 1.290785447475949
3340 0.02514666687925424 1.29086062843412
3341 0.02514358533082814 1.290936009260321
3342 0.02514041315645866 1.2910111387053
3343 0.02513723859106803 1.291086217093733
3344 0.02513406466838594 1.291161280293656
3345 0.02513088946367679 1.291236319517812
3346 0.02512771295504867 1.291311345457053
3347 0.02512453433132687 1.291386346387868
3348 0.02512135384355076 1.291461332474168
3349 0.02511817068236178 1.291536292028894
3350 0.02511498590612168 1.291611235166425
3351 0.02511179743102349 1.291686150206751
3352 0.02510860647292398 1.291761047189918
3353 0.02510541230796479 1.291835914296098
3354 0.02510221530724297 1.291910762217121
3355 0.02509901423328706 1.291985577586196
3356 0.02509581080362665 1.292060374834514
3357 0.02509260379455034 1.292135140669272
3358 0.02508939367577964 1.292209885868534
3359 0.02508617992882888 1.292284599537302
3360 0.02508296301178091 1.292359292112411
3361 0.02507974230116217 1.292433952052823
3362 0.02507651838201529 1.292508590616004
3363 0.02507329066446795 1.292583196534033
3364 0.02507005978003654 1.292657781111568
3365 0.02506682513959538 1.292732333048339
3366 0.02506358720142537 1.292806863094019
3367 0.02506034545425342 1.292881360172938
3368 0.0250571005984949 1.292955835703284
3369 0.02505385203241808 1.293030278378682
3370 0.02505060038651541 1.293104699457178
3371 0.02504734501276063 1.293179087345855
3372 0.02504408709741986 1.293253470200335
3373 0.02504082337334124 1.293327795832715
3374 0.025037557003651 1.293402098738051
3375 0.0250342889748058 1.293476372671353
3376 0.02503101690927287 1.293550625264434
3377 0.02502774119689108 1.293624847905617
3378 0.02502446257858092 1.293699046702073
3379 0.02502118032932825 1.293773214614806
3380 0.02501789519498656 1.293847358174802
3381 0.02501460630346723 1.293921470179991
3382 0.02501131433807393 1.293995556981001
3383 0.02500801857604565 1.294069611850581
3384 0.02500471976367992 1.294143641349817
3385 0.02500141717870428 1.294217638738792
3386 0.02499811160305161 1.294291610779147
3387 0.02499480228848548 1.294365550624608
3388 0.02499149001319172 1.294439464961176
3389 0.02498817405371765 1.294513347061693
3390 0.02498485519314815 1.294587203772212
3391 0.02498153270272583 1.294661028300198
3392 0.024978207844716 1.294734829734207
3393 0.02497490188656485 1.294808694870792
3394 0.02497157018153544 1.294882436459007
3395 0.02496823173278007 1.294956139374263
3396 0.02496488966502393 1.295029801197797
3397 0.02496154482297304 1.295103443866258
3398 0.02495819741982125 1.295177051276546
3399 0.02495484756776898 1.295250641322004
3400 0.02495149510943223 1.295324196058302
3401 0.0249481401042118 1.295397733387362
3402 0.02494478233619416 1.29547123487256
3403 0.02494142180586761 1.295544717739761
3404 0.02493804610498266 1.295618113064954
3405 0.02493467968333171 1.295691535321764
3406 0.02493131207280153 1.295764933114275
3407 0.02492794220110239 1.295838310711882
3408 0.02492456867078309 1.295911651843225
3409 0.02492119209493574 1.295984968515812
3410 0.02491777665339041 1.296058124246957
3411 0.02491439482892756 1.296131383727719
3412 0.02491101257507885 1.296204617633843
3413 0.02490763130087432 1.29627777758736
3414 0.02490424327607619 1.296350976749643
3415 0.0249008476757151 1.296424126673148
3416 0.02489745519833477 1.296497235327708
3417 0.0248940537872674 1.296570319364954
3418 0.02489065002898288 1.296643352229597
3419 0.02488724142692451 1.296716372609165
3420 0.0248838305033498 1.296789341114791
3421 0.02488041490965184 1.296862297155505
3422 0.0248769972190379 1.296935201791159
3423 0.02487357505512321 1.297008094401164
3424 0.02487015095651052 1.297080936157857
3425 0.02486672248477574 1.29715376593388
3426 0.02486329217435775 1.29722654509246
3427 0.02485985747854917 1.29729931212731
3428 0.02485642098751075 1.297372028525071
3429 0.02485298021674326 1.297444732761422
3430 0.02484953526364105 1.29751738220808
3431 0.02484608711810281 1.297590020537428
3432 0.02484263879458703 1.297662610159177
3433 0.02483918699031258 1.297735191525863
3434 0.02483573360942361 1.297807721719319
3435 0.02483227616419052 1.297880241941236
3436 0.02482881700839227 1.29795271036793
3437 0.02482535352723966 1.298025167514568
3438 0.02482188812939158 1.298097571874752
3439 0.02481841834912963 1.298169964415198
3440 0.02481494719629258 1.298242305962602
3441 0.02481147195046935 1.298314636678421
3442 0.02480799479259876 1.29838691398818
3443 0.02480451315955397 1.298459178544163
3444 0.02480103035486347 1.298531392594489
3445 0.02479754351260718 1.298603595802778
3446 0.0247940544221372 1.298675743683288
3447 0.02479056193694641 1.298747882273996
3448 0.02478706821195787 1.298819970842298
3449 0.0247835703466195 1.298892046633896
3450 0.0247800719814128 1.298964066438122
3451 0.02477656784575492 1.299036078749658
3452 0.02477306247795324 1.299108039487257
3453 0.02476955415493511 1.299179988976639
3454 0.02476604225257178 1.299251881810556
3455 0.02476252714870558 1.299323762168372
3456 0.02475901226376374 1.299395596235972
3457 0.02475549222546513 1.299467416107645
3458 0.02475197042878561 1.299539180800352
3459 0.02474844528091069 1.299610933799731
3460 0.02474491830002808 1.299682633185384
3461 0.02474137405070473 1.299754256942795
3462 0.02473784015663031 1.299825885257407
3463 0.02473430499876552 1.299897509889044
3464 0.0247307689607788 1.299969090145697
3465 0.02472722933331828 1.30004065376281
3466 0.02472368741143267 1.300112166366606
3467 0.02472014124371407 1.300183659304747
3468 0.02471659972904247 1.300255119870036
3469 0.02471305004054868 1.300326553787968
3470 0.02470949630412463 1.300397930145873
3471 0.0247059367754955 1.300469282535076
3472 0.02470237578325062 1.300540583559871
3473 0.02469881044290015 1.300611865867504
3474 0.02469524419396491 1.300683098531779
3475 0.02469167388153736 1.300754314005413
3476 0.02468810280131072 1.300825480407948
3477 0.02468452776703576 1.300896630234133
3478 0.02468095202439428 1.300967731194975
3479 0.02467737221439146 1.301038815392636
3480 0.02467379148539516 1.301109849844209
3481 0.02467020648636269 1.301180866329847
3482 0.02466662047803062 1.30125183283289
3483 0.02466303017666394 1.301322781145186
3484 0.02465940772326859 1.301393577421378
3485 0.02465582696963129 1.301464547139282
3486 0.02465223264554908 1.301535377227643
3487 0.02464863339180523 1.301606193961667
3488 0.02464503448959799 1.301676950855
3489 0.02464143088036462 1.301747701661595
3490 0.02463782685984908 1.301818391402028
3491 0.02463421798158622 1.301889074867788
3492 0.02463060840760341 1.301959695822631
3493 0.0246269936341845 1.30203030910427
3494 0.02462337809815855 1.302100859420551
3495 0.02461975784824807 1.302171403515819
3496 0.02461613686585772 1.302241883769401
3497 0.02461251061494333 1.302312356111821
3498 0.02460888452281562 1.302382766993334
3499 0.0246052540647911 1.302453172344809
3500 0.02460162271087541 1.302523513209232
3501 0.02459798684236483 1.302593847340407
3502 0.02459435032021621 1.302664117229247
3503 0.02459070937618743 1.302734380734666
3504 0.0245868866710258 1.302803913318141
3505 0.02458327647234902 1.302874151277577
3506 0.02457966550825339 1.302944404405095
3507 0.02457604417133225 1.303014653370655
3508 0.02457241595518039 1.303084811271679
3509 0.02456878028450875 1.303154950578486
3510 0.0245651387804066 1.303225000652869
3511 0.02456149064745741 1.303295034674988
3512 0.02455783814402107 1.303364986434693
3513 0.02455417994632307 1.30343492598096
3514 0.02455051800297886 1.303504784897014
3515 0.0245468510432233 1.303574636061118
3516 0.02454318147699452 1.303644412041619
3517 0.02453950816212921 1.30371418498453
3518 0.02453583275323953 1.303783882960465
3519 0.02453215261829402 1.303853576334246
3520 0.02452847121843435 1.3039231972432
3521 0.0245247858496257 1.303992819484439
3522 0.02452109989776486 1.304062368903274
3523 0.02451741016257286 1.304131916124409
3524 0.02451371869200933 1.304201394530577
3525 0.02451002468946713 1.304270868203002
3526 0.02450632930481372 1.304340275639461
3527 0.02450263051147374 1.30440968010621
3528 0.02449893045804872 1.304479011239404
3529 0.02449522695866115 1.304548342128811
3530 0.02449152144274629 1.304617601570183
3531 0.02448781419787304 1.304686855619187
3532 0.02448410460752325 1.304756044234242
3533 0.0244803923912791 1.304825226926246
3534 0.02447667937013699 1.304894344949886
3535 0.0244729633048553 1.30496345646791
3536 0.02446924523091282 1.305032502489041
3537 0.02446552450490347 1.305101537608122
3538 0.0244618026039634 1.305170510824279
3539 0.02445807805569268 1.3052394783567
3540 0.02445435225953634 1.305308375721201
3541 0.02445062198099722 1.305377266879067
3542 0.02444689171329226 1.305446089551822
3543 0.02444315765658027 1.305514905563663
3544 0.02443942254841771 1.305583658384869
3545 0.02443568431393714 1.305652395232997
3546 0.02443194421722443 1.305721072247836
3547 0.02442820129568256 1.305789735002931
3548 0.02442445737495099 1.305858335996434
3549 0.02442070993474548 1.305926925838713
3550 0.02441696169823855 1.30599545104349
3551 0.02441321028758137 1.306063964140371
3552 0.02440945733507019 1.306132415302174
3553 0.02440570158360857 1.306200851133396
3554 0.02440194425997557 1.306269224378534
3555 0.02439818345196081 1.30633758530009
3556 0.02439442234232587 1.306405881791241
3557 0.02439065751408629 1.306474167067416
3558 0.02438689147047807 1.306542388032985
3559 0.02438312236857914 1.306610594127759
3560 0.0243793519364485 1.306678738960034
3561 0.02437557836429734 1.306746869086827
3562 0.02437180424472327 1.306814937005093
3563 0.02436802664122188 1.306882991469509
3564 0.02436424805275108 1.306950981979063
3565 0.02436046613294461 1.307018957006649
3566 0.02435668301379551 1.307086869504471
3567 0.02435289672944179 1.307154766486753
3568 0.02434910940080013 1.30722260148248
3569 0.02434532188911885 1.307291362427531
3570 0.02434158155626458 1.307358312989115
3571 0.02433775216078981 1.307425736844862
3572 0.02433393436013385 1.307494373252071
3573 0.02433017726847866 1.307561218988012
3574 0.02432637525124409 1.307628809907527
3575 0.02432255783962672 1.307696457876442
3576 0.024318739351138 1.307763967939928
3577 0.02431492785369701 1.30783152775295
3578 0.02431111716066467 1.307898982551954
3579 0.02430725870615039 1.307966220094787
3580 0.02430344800637473 1.308033599886956
3581 0.02429964275665184 1.308101018109971
3582 0.02429583745583686 1.308168370035735
3583 0.02429202942133198 1.30823571778355
3584 0.02428822249260065 1.308302991642212
3585 0.02428441093051485 1.308370259586862
3586 0.02428059540732484 1.308437451081604
3587 0.02427677544554627 1.308504623012847
3588 0.02427295373087438 1.308571725459526
3589 0.02426916802892492 1.308638934770454
3590 0.02426534162007743 1.308705961917583
3591 0.02426150803733241 1.308772951369882
3592 0.02425767181923904 1.308839871768775
3593 0.02425383321691191 1.308906773187558
3594 0.02424999333462361 1.308973613108976
3595 0.02424615169077399 1.309040436541723
3596 0.02424230917019984 1.309107200534362
3597 0.02423846514576349 1.309173948810931
3598 0.02423462016275868 1.309240637337946
3599 0.02423077352128144 1.309307309298663
3600 0.02422692591276688 1.309373921620882
3601 0.02422307332741288 1.309440502140576
3602 0.02421921888435843 1.309507006963492
3603 0.02421536422584201 1.309573515603939
3604 0.02421151103768384 1.309639985100563
3605 0.02420766081918117 1.309707464874492
3606 0.02420385700891851 1.309773023704615
3607 0.0241999726478654 1.309839969580453
3608 0.02419613794169394 1.309905425984601
3609 0.02419222721354953 1.30997142349109
3610 0.02418834207452276 1.310038563535749
3611 0.02418451725679137 1.310103999068778
3612 0.02418060963281744 1.310169881656532
3613 0.02417672711917267 1.310236956064806
3614 0.0241729019194552 1.310302293106853
3615 0.02416899211932223 1.310368078244699
3616 0.02416510481360874 1.310434134692418
3617 0.0241612179733426 1.310500116551542
3618 0.02415734836024954 1.310566119714987
3619 0.0241534696736043 1.310632034983945
3620 0.02414959956065554 1.310697930133064
3621 0.02414571733220205 1.310763746932766
3622 0.02414184167416107 1.310829535417402
3623 0.0241379538839328 1.310895254496445
3624 0.02413407251416668 1.310960943802193
3625 0.02413019119324047 1.311026614679131
3626 0.0241263054609864 1.311092220618445
3627 0.0241224066248241 1.3111577515303
3628 0.02411851436159501 1.311223256345871
3629 0.02411461283206255 1.311288685292877
3630 0.02411071905485832 1.311354119990497
3631 0.02410681259727398 1.311419476811849
3632 0.02410291312825532 1.311484822268474
3633 0.02409900283897595 1.311550095357049
3634 0.02409510049052001 1.311615358825817
3635 0.02409118774612689 1.311680552398967
3636 0.0240872828657411 1.311745735564038
3637 0.0240833675535659 1.311810849370273
3638 0.02407946000082199 1.31187595211561
3639 0.02407534181600399 1.311940421501255
3640 0.02407147287774709 1.312005499609273
3641 0.02406759394239868 1.31207055065165
3642 0.02406371150337264 1.312135576742736
3643 0.02405981215563463 1.312200521231407
3644 0.0240559143251566 1.312265438827933
3645 0.02405200278708459 1.312330276788955
3646 0.02404809462205453 1.312395090207065
3647 0.02404417401672028 1.312459826249486
3648 0.02404025781180292 1.312524540277083
3649 0.02403633007841631 1.312589179492606
3650 0.02403240754956504 1.31265379925737
3651 0.02402847342426694 1.312718344181513
3652 0.02402454605066623 1.312782874469962
3653 0.02402060844019801 1.312847334068782
3654 0.02401667708451489 1.312911777849636
3655 0.02401275897617487 1.312976281808368
3656 0.02400882446708019 1.313040644286856
3657 0.02400487772843084 1.31310492102629
3658 0.02400093836441587 1.313169182635542
3659 0.02399698996182007 1.313233371772103
3660 0.02399304639279562 1.313297551536194
3661 0.02398909354967873 1.313361662005287
3662 0.0239851483792469 1.313425762897251
3663 0.02398119403496803 1.313489795698758
3664 0.02397724738645633 1.313553819120785
3665 0.02397329148244258 1.313617773732178
3666 0.02396934314989574 1.31368171823187
3667 0.02396538540235889 1.313745593062345
3668 0.02396143504967581 1.313809456922031
3669 0.02395747514320375 1.313873250245353
3670 0.0239535224951752 1.313937031889277
3671 0.0239495601732423 1.314000742294652
3672 0.02394560500787415 1.314064440506974
3673 0.02394164009817589 1.314128067058149
3674 0.02393768237832781 1.31419168155917
3675 0.0239337094699264 1.314255196178724
3676 0.02392974800239911 1.314318719552589
3677 0.02392577809841959 1.314382178748585
3678 0.0239218151446402 1.314445625913951
3679 0.02391784284214716 1.314509002246406
3680 0.02391387724228418 1.314572363971785
3681 0.02390987692585087 1.314635565220487
3682 0.02390596058198277 1.314698925352538
3683 0.02390197195502383 1.314762146536757
3684 0.02389799471137155 1.31482533631807
3685 0.02389401101144462 1.314888450307168
3686 0.02389003067646018 1.314951542005986
3687 0.02388604184815904 1.315014557590205
3688 0.02388206145881843 1.315077564047594
3689 0.02387807425349935 1.315140505158519
3690 0.02387409383580347 1.315203433700736
3691 0.02387010545140482 1.315266293440111
3692 0.023866123193937 1.315329138467828
3693 0.02386213259821554 1.315391913353422
3694 0.02385814786740115 1.315454672581118
3695 0.02385415467717986 1.315517361196263
3696 0.02385016731433271 1.315580033878505
3697 0.02384617150768461 1.315642635935402
3698 0.02384218154617694 1.315705222072004
3699 0.02383818315098396 1.315767737371828
3700 0.02383419062511588 1.315830236773983
3701 0.02383018971655178 1.315892665309239
3702 0.02382619475452792 1.315955078271998
3703 0.02382219144748626 1.316017420318125
3704 0.02381819406486555 1.316079746843165
3705 0.02381418830777545 1.31614200214645
3706 0.02381018852035143 1.316204242097665
3707 0.02380618046582656 1.316266410390024
3708 0.02380217810751398 1.31632856326226
3709 0.02379816766622394 1.316390646895673
3710 0.02379416283816462 1.316452712649269
3711 0.02379015007189204 1.316514709764687
3712 0.02378614300899616 1.316576689252325
3713 0.02378212805915134 1.316638600032253
3714 0.02377811882906294 1.316700493139257
3715 0.02377410173012256 1.316762317445166
3716 0.02377009034065107 1.316824123933602
3717 0.02376607108037654 1.316885861425735
3718 0.02376205751574192 1.316947580972354
3719 0.02375803611513044 1.317009231547025
3720 0.02375403442891877 1.317070891740682
3721 0.02375001034044633 1.31713245909049
3722 0.02374599032996753 1.317193998850684
3723 0.0237419636088126 1.317255475041119
3724 0.02373794140619873 1.317316924967555
3725 0.02373391296217831 1.317378313927455
3726 0.02372987136353827 1.317439630226379
3727 0.02372584221861629 1.317500933784276
3728 0.02372181972937869 1.317562218764506
3729 0.02371779145441966 1.317623445298279
3730 0.02371376708114924 1.317684645079689
3731 0.02370974577678631 1.317745819717411
3732 0.0237057082203511 1.317806882024738
3733 0.02370167234256484 1.317867918392943
3734 0.02369764335835141 1.317928942579591
3735 0.02369360683504968 1.317989899151841
3736 0.02368957608204985 1.318050837335597
3737 0.02368553785155962 1.318111707373143
3738 0.02368150517794668 1.318172557982958
3739 0.02367746515252122 1.31823334071362
3740 0.02367343075811022 1.318294103520595
3741 0.02366938895407385 1.318354798200277
3742 0.02366535269682744 1.318415472658919
3743 0.02366130885236801 1.318476078098037
3744 0.02365727082999129 1.318536664486911
3745 0.02365322519320254 1.318597181300136
3746 0.02364918523061714 1.318657678498169
3747 0.02364513791794401 1.318718107123863
3748 0.0236410962864804 1.318778515993804
3749 0.02363704711621147 1.318838855378131
3750 0.02363300383766033 1.318899176056198
3751 0.02362895309202032 1.318959427227038
3752 0.02362490803682534 1.31901965873952
3753 0.0236208557042919 1.319079821660449
3754 0.02361680913629429 1.319139965185331
3755 0.0236127550883154 1.319200038879007
3756 0.02360870697502964 1.319260094210103
3757 0.02360465145849401 1.319320079856807
3758 0.0236006016548558 1.319380046013205
3759 0.02359661242562009 1.319440247143836
3760 0.02359255525561533 1.319500103349938
3761 0.02358848322380286 1.319559854934022
3762 0.02358441858310427 1.31961958946537
3763 0.02358034813101159 1.31967926167099
3764 0.02357628568908837 1.319738922551286
3765 0.02357221737467708 1.319798522311361
3766 0.02356815678415612 1.319858109849081
3767 0.02356408961948708 1.319917632831647
3768 0.02356002984045211 1.319977142312548
3769 0.02355596315632915 1.320036585403127
3770 0.02355190320132873 1.320096011620721
3771 0.02354783611630434 1.320155370486096
3772 0.02354377558618365 1.32021471166529
3773 0.02353970747339662 1.320273982920852
3774 0.02353564742859824 1.320333240647967
3775 0.02353157787158709 1.320392427051775
3776 0.0235275142292084 1.320451587616172
3777 0.02352344352203444 1.320510681275281
3778 0.02351937902963059 1.320569753573846
3779 0.02351530708353549 1.320628757604542
3780 0.02351124136131802 1.320687740591616
3781 0.02350716823500069 1.320746655244799
3782 0.0235031009831566 1.320805547209377
3783 0.02349902649733814 1.320864371653652
3784 0.02349495800410279 1.320923173818371
3785 0.02349088205929236 1.32098190734058
3786 0.02348681230949683 1.321040619547422
3787 0.0234827352327912 1.321099263531669
3788 0.02347866413418843 1.321157885148898
3789 0.02347458564565194 1.321216438160225
3790 0.02347051335879851 1.321274969721046
3791 0.02346643377510536 1.321333432818576
3792 0.02346236017984284 1.321391873534226
3793 0.02345827927349893 1.321450245753828
3794 0.02345420461063738 1.321508596795307
3795 0.02345012265454666 1.321566879113272
3796 0.02344604666758596 1.321625139127833
3797 0.02344196355139074 1.32168333105037
3798 0.02343781636826556 1.321741308966051
3799 0.02343374581311692 1.3217994066705
3800 0.02342968102471252 1.321857521011664
3801 0.02342560651492709 1.321915569339734
3802 0.02342153566487383 1.321973589950513
3803 0.02341745620621011 1.32203153665952
3804 0.02341338103084746 1.322089455115618
3805 0.0234092976903371 1.322147300165208
3806 0.02340521909965633 1.322205118381265
3807 0.02340113277304409 1.322262864609651
3808 0.02339705158996254 1.322320585529897
3809 0.02339296300268624 1.322378235689009
3810 0.0233888798477946 1.322435861704174
3811 0.02338478953130567 1.322493417807336
3812 0.02338070483696473 1.322550950520111
3813 0.02337661311538865 1.322608413774602
3814 0.02337252717292939 1.322665854267246
3815 0.02336843432782754 1.322723225691323
3816 0.02336434728985083 1.322780574441274
3817 0.02336025341056584 1.322837854219357
3818 0.02335616533410263 1.322895111278285
3819 0.02335207052890847 1.322952299703117
3820 0.02334798165842051 1.323009465875984
3821 0.02334388332899399 1.323066557285519
3822 0.02333979406338698 1.323123632644003
3823 0.02333569824549002 1.323180640103635
3824 0.02333160833760454 1.32323762516608
3825 0.02332751167974957 1.323294541526684
3826 0.02332342096619361 1.323351435423647
3827 0.02331932354268604 1.323408260526459
3828 0.02331523207989875 1.323465063154939
3829 0.02331113392960098 1.323521796897252
3830 0.02330704175261782 1.323578508175558
3831 0.02330294291547742 1.323635150536835
3832 0.02329885007249563 1.323691770521875
3833 0.0232947505932408 1.323748321526947
3834 0.02329065711243115 1.323804850185819
3835 0.02328655701543914 1.323861309881997
3836 0.02328246292937262 1.323917747265117
3837 0.02327834634080805 1.323974090374562
3838 0.02327425605164465 1.324030435094884
3839 0.02327015838518373 1.324086717173287
3840 0.02326606577012791 1.324142977684412
3841 0.02326196566313816 1.324199166660708
3842 0.02325787120499448 1.324255332893901
3843 0.02325376963403476 1.324311427676235
3844 0.02324967392272026 1.324367499952132
3845 0.02324557124810934 1.324423500866106
3846 0.02324147463227959 1.324479479907249
3847 0.0232373711070323 1.32453538760308
3848 0.02323327365063029 1.324591273434141
3849 0.0232291694146737 1.324647088280209
3850 0.02322507130509798 1.324702881492541
3851 0.02322096647167808 1.324758603829584
3852 0.02321686779668819 1.324814304634334
3853 0.02321276244305642 1.324869934605006
3854 0.02320866326973875 1.324925543042492
3855 0.02320455743320448 1.324981080586298
3856 0.02320045777321815 1.325036596532671
3857 0.02319635145152097 1.325092041502425
3858 0.02319225131368477 1.325147464911669
3859 0.02318814453230397 1.325202817323011
3860 0.02318404393525609 1.325258148168715
3861 0.02317993642986981 1.325313408218217
3862 0.02317583494127762 1.325368647014737
3863 0.02317172673137696 1.325423814928806
3864 0.02316762460119082 1.325478961498904
3865 0.02316351578662125 1.325534037002908
3866 0.02315941309063834 1.32558909111181
3867 0.02315530376639549 1.325644074020078
3868 0.02315120060486514 1.325699035507079
3869 0.02314709023944125 1.325753923348111
3870 0.02314298664213124 1.325808790769647
3871 0.02313887618364353 1.325863585029596
3872 0.02313477262909208 1.325918362822571
3873 0.02313066217273086 1.325973066486771
3874 0.02312655850272458 1.326027752573738
3875 0.02312244787677372 1.326082363808837
3876 0.02311834400336299 1.326136957127192
3877 0.0231142330827099 1.326191475146382
3878 0.02311012899744645 1.326245975438233
3879 0.02310601796059518 1.326300400504496
3880 0.02310191363756195 1.326354807267194
3881 0.02309780226313918 1.326409138422077
3882 0.0230936975763688 1.32646345137354
3883 0.02308958602597366 1.326517689044902
3884 0.02308548130668826 1.326571908946768
3885 0.02308136981165287 1.326626053609651
3886 0.02307726608806122 1.326680180227256
3887 0.02307315408735633 1.326734232066022
3888 0.02306904917344978 1.326788266366711
3889 0.02306493755904599 1.326842225305239
3890 0.0230608328928301 1.326896167026165
3891 0.02305672146130032 1.326950033309866
3892 0.02305261692849052 1.327003882293706
3893 0.02304850562122022 1.327057655670596
3894 0.02304440131752162 1.327111412649729
3895 0.02304029035954255 1.327165095017403
3896 0.02303618629902744 1.327218760474169
3897 0.02303207547421381 1.327272350495877
3898 0.0230279714904734 1.327325923102187
3899 0.02302386075879163 1.327379420067774
3900 0.0230197568522672 1.327432899398696
3901 0.02301564618953902 1.327486303040976
3902 0.02301154233602704 1.32753968894515
3903 0.02300743173331195 1.327592999068486
3904 0.02300332793345027 1.327646291384373
3905 0.02299921739346474 1.327699507849262
3906 0.02299511364991751 1.327752706470813
3907 0.02299100317365124 1.327805829158383
3908 0.02298689948522369 1.327858933964839
3909 0.02298278907267902 1.32791196276738
3910 0.02297868544337033 1.327964973706786
3911 0.02297457508297795 1.32801790848725
3912 0.02297047149552548 1.328070825391043
3913 0.0229663611832905 1.328123666020141
3914 0.0229622576090408 1.328176488695615
3915 0.02295814729824292 1.328229234943999
3916 0.02295404374842371 1.328281963360522
3917 0.02294993349259954 1.32833461534138
3918 0.02294583001791502 1.328387249598156
3919 0.02294171985932403 1.328439807333407
3920 0.0229376164970222 1.328492347444644
3921 0.02293350648200361 1.32854481097459
3922 0.02292940329412031 1.328597257032636
3923 0.02292529349685528 1.328649626542442
3924 0.02292119055473837 1.328701978731842
3925 0.02291708104044389 1.328754254380885
3926 0.02291298301048419 1.328806531888172
3927 0.02290889379690014 1.328858769708426
3928 0.02290479065549953 1.32891093836591
3929 0.02290068024847782 1.32896302192211
3930 0.02289657526517885 1.329015087884809
3931 0.02289246463737444 1.329067072954954
3932 0.02288835973460732 1.329119042346188
3933 0.02288424944917896 1.329170932180562
3934 0.02288014521051298 1.329222807739513
3935 0.02287603577931548 1.329274604618642
3936 0.02287193240451905 1.329326387480196
3937 0.02286782393659695 1.329378092035528
3938 0.02286372159454985 1.329429782932283
3939 0.02285961419216796 1.329481395548041
3940 0.02285551286562612 1.329532994338502
3941 0.02285140641893159 1.32958451459001
3942 0.02284730596005476 1.329636020725644
3943 0.02284320031790775 1.32968744800901
3944 0.02283910058407083 1.329738860919341
3945 0.0228349956038756 1.329790194676028
3946 0.02283089646625257 1.329841513838953
3947 0.0228267920548757 1.329892753653949
3948 0.02282269344795666 1.329943978735045
3949 0.02281858957051126 1.32999512442501
3950 0.02281449150659566 1.330046255412023
3951 0.0228103882011603 1.330097307042182
3952 0.02280629070984048 1.330148343949609
3953 0.02280218799254739 1.330199301465981
3954 0.02279809110019317 1.330250244262525
3955 0.02279398900594905 1.330301107624321
3956 0.02278989271405876 1.330351956197665
3957 0.0227857912137913 1.330402725244001
3958 0.02278169528338978 1.330453478874752
3959 0.02277759445630868 1.330504153921456
3960 0.02277349943561263 1.330554814109415
3961 0.02276939922032062 1.330605394675048
3962 0.02276530477673533 1.330655960266978
3963 0.02276120516498624 1.330706446277496
3964 0.02275711135400391 1.330756917435628
3965 0.02275301241559605 1.330807309089635
3966 0.02274891929111856 1.330857685913434
3967 0.02274482106618778 1.33090798323667
3968 0.02274072866396715 1.330958265750254
3969 0.02273663129007518 1.331008469005375
3970 0.02273253963220223 1.331058657247275
3971 0.02272844298178158 1.331108766210495
3972 0.02272435223671382 1.331158860630966
3973 0.02272025654980256 1.331208875945076
3974 0.02271617828834531 1.331258922057353
3975 0.02271208353135359 1.331308847175341
3976 0.02270799252032866 1.331358744386035
3977 0.02270389686532808 1.331408565814739
3978 0.02269980689284492 1.331458368574643
3979 0.02269571266634068 1.331508097955905
3980 0.02269162415496423 1.331557808895459
3981 0.02268762429378026 1.331607771267552
3982 0.02268352696498497 1.331657360884249
3983 0.02267941984089231 1.331706856060357
3984 0.02267531851686791 1.331756329046175
3985 0.02267121613788873 1.331805739316239
3986 0.02266712627566063 1.331855165147803
3987 0.0226630288095773 1.331904495234827
3988 0.02265893661285375 1.331953803139696
3989 0.02265484261510599 1.332003044213724
3990 0.02265075399630586 1.33205226595147
3991 0.02264666330737665 1.332101420791603
3992 0.02264257768585699 1.332150555642017
3993 0.02263848969262172 1.332199622693757
3994 0.02263440644220124 1.33224866856399
3995 0.02263032054254474 1.332297645538065
3996 0.02262623911928682 1.332346600262452
3997 0.02262215481199365 1.332395485009418
3998 0.0226180747721535 1.332444346542753
3999 0.02261399175845221 1.332493137756086
4000 0.02260991289692904 1.332541905197413
4001 0.02260583094683631 1.332590601874465
4002 0.0226017530326143 1.332639274365201
4003 0.02259767201384416 1.332687876137987
4004 0.02259359514073934 1.332736454396638
4005 0.02258951530489722 1.332784962752765
4006 0.0225854395529699 1.332833447229714
4007 0.02258136074439801 1.332881861089368
4008 0.02257728603483389 1.332930251053504
4009 0.02257320821164254 1.332978570336989
4010 0.0225691350145559 1.33302686524024
4011 0.02256505811978429 1.333075089651711
4012 0.02256098540315977 1.333123289876758
4013 0.02255690974195829 1.333171419420498
4014 0.02255283819805409 1.33321952480113
4015 0.02254876377443269 1.333267559669325
4016 0.02254469336997815 1.333315570047157
4017 0.02254062004618726 1.333363509936892
4018 0.02253655082469874 1.333411425390596
4019 0.02253247868790426 1.333459270204702
4020 0.02252841068616833 1.333507090702363
4021 0.02252433979230137 1.333554840693336
4022 0.02252027302547784 1.3336025663453
4023 0.02251620337348808 1.333650221490629
4024 0.02251213784183408 1.333697852267316
4025 0.02250806943531953 1.333745412563999
4026 0.02250400514849316 1.333792948626562
4027 0.02249993798526647 1.333840414165083
4028 0.02249587491538498 1.333887855291805
4029 0.02249180881967785 1.333935225573199
4030 0.02248763190201886 1.333982192796255
4031 0.02248357606040461 1.334029484620033
4032 0.0224795353939503 1.334076790883575
4033 0.02247548906785556 1.334124028149415
4034 0.02247144601768562 1.33417123553706
4035 0.0224673963879769 1.334218366156412
4036 0.02246335013801432 1.334265465156973
4037 0.02245929757144886 1.334312487186311
4038 0.02245524874124762 1.33435947832883
4039 0.02245119404433494 1.334406393729119
4040 0.02244714357865616 1.334453279882252
4041 0.02244308774661099 1.334500091867481
4042 0.0224390366177277 1.334546876203619
4043 0.0224349805719888 1.334593587853869
4044 0.02243092962501088 1.334640273207332
4045 0.02242687411402465 1.334686887022198
4046 0.02242282398990172 1.334733475533439
4047 0.02241876955189896 1.334779993326121
4048 0.02241472068474002 1.334826486443645
4049 0.02241066766098673 1.334872909336482
4050 0.02240662031357384 1.334919307907811
4051 0.02240256889897699 1.334965636532673
4052 0.02239852495854071 1.335011944909838
4053 0.02239447548922802 1.335058180606431
4054 0.02239043136483114 1.335104392662462
4055 0.02238638265040358 1.335150530532981
4056 0.02238234004475231 1.335196647132576
4057 0.02237828693910992 1.335242670298607
4058 0.0223742461734343 1.335288692859139
4059 0.02237020192353997 1.335334664646057
4060 0.02236616372000256 1.335380581532793
4061 0.02236212207882829 1.335426450607887
4062 0.0223580858612681 1.335472277502491
4063 0.02235404581932416 1.335518053420829
4064 0.02235000998637308 1.335563750917548
4065 0.02234596872905139 1.335609436019027
4066 0.02234193527142233 1.335655078775404
4067 0.02233789843797634 1.335700669036155
4068 0.02233386688956045 1.335746215317959
4069 0.02232983141880007 1.335791708826138
4070 0.02232580116479175 1.335837158458878
4071 0.02232176705775178 1.33588255561672
4072 0.02231773820392558 1.335927909148482
4073 0.02231370557482164 1.335973210559219
4074 0.02230967826548775 1.336018468648053
4075 0.02230564726161127 1.336063674952116
4076 0.02230162165953945 1.336108838396421
4077 0.02229759245357054 1.336153950390529
4078 0.02229356869172043 1.336199019689512
4079 0.02228954136785854 1.336244037714969
4080 0.02228551950690198 1.336289013194356
4081 0.02228149409894769 1.336333937414156
4082 0.02227747408370236 1.336378818792681
4083 0.02227345060381373 1.336423649195003
4084 0.02226943257808618 1.336468437033296
4085 0.02226541098353323 1.336513173204238
4086 0.02226139483298088 1.336557866753165
4087 0.02225737575467374 1.336602510214457
4088 0.02225336165484135 1.336647110738746
4089 0.02224934389327067 1.336691658956661
4090 0.02224533137815969 1.336736164050374
4091 0.02224131540585906 1.336780617515918
4092 0.02223730660500476 1.336825037452922
4093 0.02223329312878632 1.336869394947118
4094 0.02222928456431997 1.336913714698195
4095 0.02222527194667826 1.336957974758847
4096 0.02222126490174644 1.337002199255883
4097 0.02221725407199315 1.337046364756215
4098 0.022213248929754 1.337090495038183
4099 0.02220924015751152 1.337134566758959
4100 0.02220523710485326 1.337178603417108
4101 0.02220122741570711 1.337222556160651
4102 0.02219722510591534 1.337266504494692
4103 0.02219322017773386 1.337310379603866
4104 0.02218922167370035 1.337354237943935
4105 0.02218521947350957 1.337398021360208
4106 0.02218122316123756 1.337441787018097
4107 0.02217722289174163 1.337485476868381
4108 0.02217322842237473 1.337529148333213
4109 0.02216922997606846 1.33757274372474
4110 0.02216523734375077 1.337616320428187
4111 0.02216124089727218 1.337659821005028
4112 0.02215724998284446 1.337703300750402
4113 0.02215325566619204 1.337746709879342
4114 0.02214926655538534 1.337790094456357
4115 0.02214527414533864 1.337833408579421
4116 0.02214128702218954 1.337876698354347
4117 0.02213729664730235 1.337919917917274
4118 0.02213331456402626 1.337963118814687
4119 0.0221293275347099 1.338006253910755
4120 0.02212534440966338 1.338049352851023
4121 0.02212135742463995 1.338092385149076
4122 0.02211737563299757 1.338135386049623
4123 0.02211339068453545 1.338178323294554
4124 0.02210941120045327 1.338221230251427
4125 0.0221054286427275 1.338264074046029
4126 0.0221014515221699 1.338306887630376
4127 0.02209747129810827 1.338349638079865
4128 0.02209349644464676 1.338392358189973
4129 0.02208951842894592 1.338435014892377
4130 0.02208554573877945 1.338477641126577
4131 0.02208156987691519 1.338520203863865
4132 0.02207759919595514 1.33856273572651
4133 0.02207362550106463 1.33860520445135
4134 0.02206965711958473 1.338647642674819
4135 0.02206568364450445 1.338690025252987
4136 0.0220617167375926 1.338732356153732
4137 0.02205774751982673 1.338774637560866
4138 0.02205378390465371 1.338816883819784
4139 0.02204981727686382 1.338859075728476
4140 0.02204585588304788 1.338901229468719
4141 0.02204189134095094 1.338943327732611
4142 0.02203793205698792 1.33898538725405
4143 0.02203396968591808 1.339027391134787
4144 0.02203001237473824 1.339069356371281
4145 0.02202605204314034 1.339111266182195
4146 0.02202213069935559 1.339153223967526
4147 0.02201816682730174 1.339195045328997
4148 0.02201420481172859 1.339236803852016
4149 0.02201024462333175 1.339278517646017
4150 0.02200628936239 1.339320184399196
4151 0.02200233441439254 1.339361807985154
4152 0.02199836214718126 1.339403285736845
4153 0.02199441153525604 1.339444818558666
4154 0.02199046706543883 1.339486319797305
4155 0.02198652248857265 1.339527779924049
4156 0.02198258074713011 1.33956919130401
4157 0.02197863806963511 1.339610556184905
4158 0.02197469790350176 1.339651870088024
4159 0.02197075683023089 1.339693137442324
4160 0.02196681829451123 1.339734353951857
4161 0.02196287871573895 1.339775523668398
4162 0.02195894200365911 1.339816644087454
4163 0.02195500460267854 1.339857718986437
4164 0.02195107000519667 1.339898744179748
4165 0.02194713482947244 1.339939724328448
4166 0.0219432236123332 1.339980753644459
4167 0.02193928995310507 1.340021640292805
4168 0.02193535700916871 1.340062463308975
4169 0.02193142294808136 1.340103238939166
4170 0.02192749237277972 1.340143966952602
4171 0.02192356155638494 1.34018465227663
4172 0.02191963441466504 1.340225291381266
4173 0.02191570710668573 1.340265888204965
4174 0.02191178341468493 1.340306438540928
4175 0.02190785933641443 1.340346945758078
4176 0.02190393899649289 1.340387406958061
4177 0.02190001810450329 1.340427824233347
4178 0.02189610059782776 1.340468194309896
4179 0.02189218261471038 1.340508520525513
4180 0.02188825930908092 1.340548762373062
4181 0.02188434356240427 1.340588992814314
4182 0.02188043262518462 1.340629183333029
4183 0.02187652145439507 1.340669331007997
4184 0.02187261345499233 1.340709431066724
4185 0.02186870482914265 1.340749486085273
4186 0.02186479921997968 1.34078949268529
4187 0.02186089285537583 1.340829453860515
4188 0.02185698964457812 1.340869367108977
4189 0.02185308592006963 1.340909236282849
4190 0.0218491852224919 1.340949056840426
4191 0.02184528396667984 1.340988833151195
4192 0.02184138576453221 1.341028560734461
4193 0.02183748721495099 1.341068245280907
4194 0.02183359171341794 1.341107880558976
4195 0.02182969594708976 1.341147473955385
4196 0.02182580340341748 1.341187018641256
4197 0.02182190842302252 1.341227105743082
4198 0.02181805101293501 1.34126602998867
4199 0.02181414288960161 1.341305854444109
4200 0.02181027108802461 1.341345232632006
4201 0.02180639131528644 1.341384475542333
4202 0.02180249437004298 1.341423597522204
4203 0.02179860569373229 1.341462742566761
4204 0.02179471754897446 1.341501855188781
4205 0.0217908309282719 1.341540935972678
4206 0.0217869467738338 1.341579986460299
4207 0.02178306558046372 1.341619005330134
4208 0.02177918712925512 1.341657988573334
4209 0.0217753113189431 1.341696934470618
4210 0.02177143793224962 1.341735840865821
4211 0.02176756665386735 1.341774705411564
4212 0.02176369733700128 1.34181352814526
4213 0.02175982994050028 1.341852306756881
4214 0.02175596419871497 1.341891040539612
4215 0.0217521000272627 1.341929729102067
4216 0.02174823728633742 1.341968371514728
4217 0.02174437588967081 1.342006968444644
4218 0.02174051594041171 1.342045518554045
4219 0.02173665728098571 1.342084021585886
4220 0.02173279990215602 1.342122477403082
4221 0.02172894368257981 1.342160885066614
4222 0.02172508865780509 1.342199245971228
4223 0.02172123500035658 1.34223755853349
4224 0.02171738233656105 1.342275821485684
4225 0.02171349978554089 1.342313740586095
4226 0.0217096707530973 1.342351499555955
4227 0.02170580103529039 1.342389755472398
4228 0.02170194143024894 1.342427856588725
4229 0.02169809785559207 1.342466048690201
4230 0.02169425808278549 1.342504082939258
4231 0.02169042354843439 1.34254212306292
4232 0.02168658706745806 1.342580039282934
4233 0.02168275283743969 1.342617936875341
4234 0.02167891593790252 1.342655736083171
4235 0.02167508087187349 1.342693505467697
4236 0.02167124371893896 1.342731194778765
4237 0.02166740881780951 1.342768849432783
4238 0.0216635726975823 1.342806437524927
4239 0.02165973913577983 1.342843987090732
4240 0.02165590495507212 1.342881478503184
4241 0.0216520734914427 1.342918928448354
4242 0.02164824195055983 1.342956327023419
4243 0.02164441336954338 1.342993682593815
4244 0.02164058481551295 1.343030990024709
4245 0.02163675900003593 1.343068252496535
4246 0.02163293362859283 1.343105469588354
4247 0.02162911127419839 1.343142641075255
4248 0.02162528907031232 1.34317976719371
4249 0.02162146988832863 1.343216847504582
4250 0.02161765100542293 1.343253883703931
4251 0.02161383524941674 1.343290874263698
4252 0.02161001983777232 1.343327821289957
4253 0.02160620733868474 1.343364721763568
4254 0.02160239498556894 1.343401577413977
4255 0.02159858568804234 1.343438387110576
4256 0.02159477650138968 1.343475152166611
4257 0.02159097046160548 1.343511871841051
4258 0.02158716454480865 1.34354854653247
4259 0.02158336170333511 1.343585175503339
4260 0.02157955905106545 1.343621760049981
4261 0.02157575939485046 1.343658298542569
4262 0.02157195989079015 1.343694791872057
4263 0.02156816330311707 1.343731238966812
4264 0.02156436696051722 1.343767641529292
4265 0.02156057387431955 1.343803999337022
4266 0.0215567810337495 1.343840312625352
4267 0.02155299108073399 1.343876579721122
4268 0.02154920127658314 1.343912801387524
4269 0.02154541457259967 1.343948977824278
4270 0.02154162805657561 1.343985109438514
4271 0.02153784472512936 1.344021196410168
4272 0.02153406157244528 1.344057238159989
4273 0.02153028161504987 1.344093235158716
4274 0.02152650188899415 1.344129187947759
4275 0.02152272528232915 1.34416509541202
4276 0.02151894894641291 1.344200959065674
4277 0.02151517573099207 1.344236776998323
4278 0.02151140289628703 1.344272552794181
4279 0.02150763320399246 1.344308281801534
4280 0.02150386099627444 1.34434451115453
4281 0.02150012235622413 1.34438017746395
4282 0.02149636852687242 1.344415679812393
4283 0.02149260353151804 1.344451121167855
4284 0.02148883422446861 1.344486525966533
4285 0.02148506504753687 1.344521903415436
4286 0.02148129831802697 1.344557256379415
4287 0.02147756855321461 1.344592360298754
4288 0.02147378775408275 1.344627648057647
4289 0.02147001632205423 1.34466295521469
4290 0.02146646708667073 1.344699938234059
4291 0.02146246339630087 1.344733371533322
4292 0.02145894968638175 1.344769979229764
4293 0.02145518527537223 1.344804952244582
4294 0.02145117984270799 1.344838083591485
4295 0.02144763141798666 1.344875016667495
4296 0.02144368246480335 1.344909006433055
4297 0.02144017979393534 1.344944708113913
4298 0.02143621680412268 1.344978624252156
4299 0.02143270318740833 1.345014269528643
4300 0.02142873762465849 1.345047121295771
4301 0.02142519249366168 1.345083838745765
4302 0.02142124305432039 1.345116561250837
4303 0.02141771683344456 1.345153311244422
4304 0.02141378185605233 1.34518578438184
4305 0.02141003303497995 1.345220828028875
4306 0.02140637177794356 1.345255341255486
4307 0.0214026252808414 1.345290220796961
4308 0.02139893760214741 1.34532483256202
4309 0.02139524636212407 1.345359322944358
4310 0.02139154680455179 1.345393724939548
4311 0.0213878415310044 1.345428054287664
4312 0.02138413276568124 1.345462321286809
4313 0.02138042592772375 1.34549603292901
4314 0.02137668392759068 1.345530043616541
4315 0.02137296005907886 1.34556430548274
4316 0.02136924758119179 1.345598415644121
4317 0.02136554511773008 1.34563255524643
4318 0.0213618431486046 1.345666561446783
4319 0.02135814436389669 1.345700555865725
4320 0.02135444382089095 1.345734446645384
4321 0.02135074551629535 1.345768313858282
4322 0.02134704549516542 1.345802096234042
4323 0.02134334776581885 1.345835848302302
4324 0.0213396491817222 1.345869530448383
4325 0.02133595352865437 1.345903180192887
4326 0.02133227277451236 1.345936832585665
4327 0.02132857998987857 1.345970386807116
4328 0.02132488439469102 1.346003875872963
4329 0.02132119223539149 1.346037323578365
4330 0.02131750004120569 1.346070722316256
4331 0.02131381202548678 1.346104080704194
4332 0.02131012448643737 1.346137395515961
4333 0.02130644140636016 1.346170669966898
4334 0.02130275860797096 1.346203901285167
4335 0.02129908008394144 1.346237090924164
4336 0.02129540179350732 1.34627023798448
4337 0.02129172757739563 1.346303341284507
4338 0.02128805342512575 1.346336402023489
4339 0.02128438322948524 1.346369418970403
4340 0.02128071236085606 1.346402390600128
4341 0.02127704610465656 1.346435321496301
4342 0.02127337996291505 1.346468208902707
4343 0.02126971756316609 1.346501050799252
4344 0.02126605486630636 1.346533847207896
4345 0.02126239592596969 1.346566600898374
4346 0.021258737260083 1.346599309127106
4347 0.02125508245873718 1.346631974771307
4348 0.02125142731627717 1.346664597083169
4349 0.02124777616862503 1.346697172615561
4350 0.02124412436085796 1.346729703997794
4351 0.021240476426837 1.346762192231135
4352 0.02123682918747815 1.346794634799975
4353 0.02123318499020832 1.346827036820163
4354 0.02122954054869935 1.346859389352018
4355 0.02122590020539887 1.346891699306576
4356 0.02122225947293842 1.346923966890553
4357 0.02121862349379357 1.346956190847364
4358 0.02121498675003307 1.346988369319556
4359 0.02121135382552711 1.347020505574734
4360 0.02120771338816619 1.347052556112801
4361 0.0212040838930981 1.347084602893402
4362 0.0212004563026619 1.347116610644756
4363 0.02119683327363342 1.347148579671883
4364 0.02119321008679428 1.347180503087467
4365 0.02118958885696467 1.347212379908845
4366 0.0211859686818652 1.347244206597824
4367 0.02118235104033211 1.347275996430455
4368 0.02117873522589208 1.347307739671792
4369 0.02117512154516879 1.347339439781764
4370 0.02117150803818341 1.347371092848905
4371 0.02116789860688039 1.347402701091121
4372 0.02116428925000214 1.347434269033842
4373 0.02116068357993881 1.347465792398635
4374 0.02115707856988604 1.347497271590991
4375 0.02115347573934099 1.347528706020366
4376 0.02114987454191084 1.347560096981747
4377 0.02114627685921164 1.347591448214529
4378 0.02114267901032109 1.347622751228443
4379 0.02113908493277686 1.347654013649134
4380 0.0211354908161079 1.34768522895496
4381 0.02113190112438424 1.34771640658661
4382 0.02112831078537141 1.347747533987562
4383 0.02112472431059398 1.347778621384019
4384 0.02112113824544321 1.347809663171231
4385 0.02111755597012821 1.347840664626464
4386 0.02111397378292869 1.347871619938537
4387 0.02111039442585042 1.347902531596908
4388 0.02110681564902388 1.34793339677023
4389 0.02110324043423055 1.34796422261061
4390 0.02109966591662949 1.347995002974715
4391 0.02109609482865753 1.348025741544315
4392 0.021092528968039 1.348056455463022
4393 0.02108896156385445 1.348087106816392
4394 0.02108539439462859 1.348117712062555
4395 0.0210818278489132 1.348148264852987
4396 0.02107826348072813 1.348178777520183
4397 0.02107470299240253 1.348209250407202
4398 0.0210711425910844 1.348239678334548
4399 0.02106758546360876 1.348270062681483
4400 0.02106402951344966 1.348300404952101
4401 0.02106047690928831 1.348330703951392
4402 0.0210569245617619 1.348360959541076
4403 0.02105337593372393 1.348391172775372
4404 0.02104982714294538 1.348421339868403
4405 0.02104627497313841 1.348451433370044
4406 0.02104273178434376 1.348481519899972
4407 0.02103919044966136 1.348511558364128
4408 0.02103565105723424 1.348541557693461
4409 0.02103213645230106 1.348571617855953
4410 0.02102860023363506 1.34860153293681
4411 0.02102506517926132 1.348631387866346
4412 0.02102152991643731 1.34866119797509
4413 0.02101799806197471 1.348690961793749
4414 0.02101446732944914 1.348720687565436
4415 0.02101094089523082 1.34875037223868
4416 0.02100741496017038 1.348780016933313
4417 0.02100389324503326 1.348809619321707
4418 0.02100037077601999 1.348839174755323
4419 0.02099685391634324 1.348868693917332
4420 0.02099333972384509 1.3488981837638
4421 0.02098982720058506 1.348927619982056
4422 0.02098631491581245 1.348957014543954
4423 0.02098280612174439 1.348986363244063
4424 0.02097929328879283 1.349015649736082
4425 0.02097578951618471 1.349044917190336
4426 0.02097228584431161 1.349074141480367
4427 0.02096878679652642 1.349103326116741
4428 0.02096528782550628 1.349132467604107
4429 0.02096179274612771 1.349161566790494
4430 0.02095829822729788 1.349190623981501
4431 0.02095480559787779 1.349219630576343
4432 0.02095131506100671 1.349248601328638
4433 0.02094782673141388 1.349277523633976
4434 0.02094433988931025 1.349306407685572
4435 0.02094085662355023 1.349335248230353
4436 0.02093737457956812 1.34936405068095
4437 0.02093389474065901 1.34939280421413
4438 0.02093041546512731 1.34942151291458
4439 0.02092694134540038 1.349450186955314
4440 0.02092346559736065 1.349478810337794
4441 0.02091999419260544 1.349507392411549
4442 0.02091652378623048 1.349535938043234
4443 0.02091305676689634 1.349564436480359
4444 0.02090959023215251 1.349592893180614
4445 0.020906127454382 1.349621307925301
4446 0.02090266517529703 1.349649681072466
4447 0.02089920683680343 1.349678011209624
4448 0.02089574887524268 1.349706299101706
4449 0.02089229446054888 1.349734544592758
4450 0.02088884039032922 1.349762747036156
4451 0.02088539044801603 1.349790908306947
4452 0.02088194105400557 1.349819027531943
4453 0.02087849518157146 1.349847102131862
4454 0.02087504905756074 1.349875133734347
4455 0.02087160693099969 1.349903124043364
4456 0.02086816562957595 1.349931073214102
4457 0.02086472817560398 1.349958981910349
4458 0.02086129099153592 1.349986846539407
4459 0.02085785727173185 1.350014667662726
4460 0.02085442436299304 1.350042447965735
4461 0.02085099545363593 1.35007018632807
4462 0.02084756707777841 1.35009788520636
4463 0.02084414313957128 1.350125539287904
4464 0.02084071843145387 1.350153151378654
4465 0.02083729760169862 1.350180720906483
4466 0.02083387604171344 1.350208244863037
4467 0.02083045944481503 1.350235729811414
4468 0.02082704266825739 1.350263172232002
4469 0.02082363066256518 1.350290575648218
4470 0.02082021335426553 1.35031790697973
4471 0.02081680582253651 1.35034522925717
4472 0.02081339905561262 1.350372506036593
4473 0.02080999593951742 1.350399746295073
4474 0.02080659362641258 1.350426938972915
4475 0.02080319443734467 1.350454096788127
4476 0.02079979532462666 1.350481199120068
4477 0.02079640064969928 1.350508273277523
4478 0.02079300595721405 1.350535295482293
4479 0.02078961493646097 1.350562281582549
4480 0.02078622432567068 1.350589220725121
4481 0.02078283713498726 1.350616120284611
4482 0.02077945177817339 1.350642979590841
4483 0.02077606876604805 1.350669795323866
4484 0.02077268651164783 1.350696567049513
4485 0.02076930899142071 1.350723308309666
4486 0.02076593026516427 1.350749992596553
4487 0.02076255562561664 1.350776637499624
4488 0.02075918275337777 1.350803247133597
4489 0.02075581296452316 1.350829815635709
4490 0.02075244349565161 1.350856337727873
4491 0.02074907827059747 1.350882825832066
4492 0.02074571268076404 1.350909260199042
4493 0.02074235163072354 1.350935662641675
4494 0.02073899142313834 1.350962021235173
4495 0.02073563536849293 1.350988345127975
4496 0.02073227944640169 1.3510146200399
4497 0.02072892736550246 1.351040858965864
4498 0.02072557541011378 1.351067047764833
4499 0.02072222767028961 1.351093203002119
4500 0.02071888038425269 1.3511193124598
4501 0.02071553722010861 1.351145387273646
4502 0.02071219446333998 1.351171414374991
4503 0.02070885541734314 1.351197404573748
4504 0.02070551662819533 1.351223346510534
4505 0.02070218208969087 1.351249254492357
4506 0.02069884829348402 1.351275117968856
4507 0.02069551812224187 1.351300945080549
4508 0.02069218774312346 1.351326720496501
4509 0.02068886146576094 1.351352460464009
4510 0.02068553539351515 1.35137815431421
4511 0.02068221380471431 1.351403814884687
4512 0.02067889311637093 1.351429431819828
4513 0.02067557943558051 1.351455024435489
4514 0.02067224458981749 1.351480967346825
4515 0.02066894069190728 1.351506273830962
4516 0.02066563819290493 1.351531649042206
4517 0.02066232892011274 1.351557030062418
4518 0.02065902310068167 1.351582356072303
4519 0.02065571686290172 1.351607673644193
4520 0.02065241321657061 1.351632934372168
4521 0.02064911083095456 1.351658168764894
4522 0.02064581238122928 1.351683360321191
4523 0.02064251425503532 1.351708514420321
4524 0.02063921961681801 1.351733625679649
4525 0.02063592611499166 1.351758693010259
4526 0.02063263434671115 1.351783710004583
4527 0.02062934455712739 1.35180868187313
4528 0.0206260559395121 1.351833613712759
4529 0.02062279324772973 1.351858326372949
4530 0.02061948630756789 1.351883555235467
4531 0.02061621778703103 1.351908458949305
4532 0.02061293896287723 1.351933102725039
4533 0.02060968745161647 1.351957612830559
4534 0.02060638924072722 1.351982728087405
4535 0.02060312035878358 1.352007301593481
4536 0.02059988008879428 1.352031699383991
4537 0.0205966009735195 1.352056308715204
4538 0.02059333265152359 1.352080885003272
4539 0.02059006818157655 1.352105463569993
4540 0.02058681350123067 1.352129973470244
4541 0.02058355855969972 1.35215445082608
4542 0.02058030957132057 1.352178868628246
4543 0.02057705903878805 1.352203246870546
4544 0.02057381357578246 1.352227573491073
4545 0.02057056660155365 1.352251858779714
4546 0.02056732464027652 1.352276097749553
4547 0.02056408140211094 1.352300294725987
4548 0.02056084329657403 1.352324449160569
4549 0.02055759393344097 1.352348925257191
4550 0.02055436736468363 1.352372844098556
4551 0.0205511613452492 1.35239661393979
4552 0.02054790495158535 1.352420906837014
4553 0.02054467392865104 1.352444703126228
4554 0.02054146997800056 1.352468359601112
4555 0.02053821865141209 1.352492555975495
4556 0.02053499504079079 1.352516250321036
4557 0.02053179929052318 1.352539799831131
4558 0.02052855619480288 1.352563891433631
4559 0.02052533617610127 1.352587457975631
4560 0.02052213786662995 1.352611238948339
4561 0.02051892408905839 1.352634713134934
4562 0.02051571152126885 1.352658287581562
4563 0.0205125076227593 1.352681853370185
4564 0.02050930481920862 1.352705365728734
4565 0.02050610655035144 1.352728850763695
4566 0.02050290846951985 1.352752282835582
4567 0.02049971455006241 1.352775686108696
4568 0.02049652078488429 1.352799037158237
4569 0.02049332847211571 1.352822350280285
4570 0.02049013923419481 1.352845623591492
4571 0.02048695407264316 1.35286886257504
4572 0.02048376952265264 1.352892054750024
4573 0.0204805881544368 1.35291520865618
4574 0.02047740741399681 1.352938308316916
4575 0.02047422801386635 1.352961359540706
4576 0.02047105018664957 1.35298436101283
4577 0.02046787362079769 1.353007330727753
4578 0.02046471120045019 1.353030433804595
4579 0.02046153639473249 1.353053195864559
4580 0.02045837555159187 1.353076196625404
4581 0.02045521379542338 1.353099048041932
4582 0.02045204369037599 1.353121699088257
4583 0.02044889139176909 1.353144582078364
4584 0.02044573633823322 1.35316731558021
4585 0.02044257339651806 1.353189849105823
4586 0.02043942531244741 1.353212608161259
4587 0.02043627730956826 1.353235222383113
4588 0.02043312152270594 1.353257638153547
4589 0.02042998291889949 1.35328028354944
4590 0.02042684183612324 1.353302779492713
4591 0.02042369325462561 1.353325078806492
4592 0.02042055925421101 1.353347600985748
4593 0.02041741708837807 1.353369836903397
4594 0.02041429062889568 1.353392308172105
4595 0.02041115452192778 1.353414463264576
4596 0.02040803088792211 1.353436839250103
4597 0.02040489911964228 1.353458917618314
4598 0.02040178244202183 1.353481224560369
4599 0.02039866371835718 1.353503364955059
4600 0.02039553695641856 1.353525310325086
4601 0.02039242460485279 1.353547473049444
4602 0.02038930369125889 1.353569360204926
4603 0.02038619832884724 1.353591479917673
4604 0.02038308371061125 1.353613286053706
4605 0.02037998149914473 1.353635307593447
4606 0.02037687117611462 1.353657037872219
4607 0.02037377580390415 1.353678993018693
4608 0.02037067063010831 1.353700644777055
4609 0.02036757766228892 1.353722511563729
4610 0.02036447694090508 1.353744086331438
4611 0.02036139101457762 1.353765883172044
4612 0.02035830773057597 1.353787534098597
4613 0.0203552116013449 1.353808977300054
4614 0.02035212954895067 1.353830630110573
4615 0.02034904713605122 1.353852153587806
4616 0.0203459580189065 1.353873486197022
4617 0.02034288581619788 1.353895037600214
4618 0.0203398064825021 1.353916323938032
4619 0.02033672920865446 1.35393767145659
4620 0.02033365840551384 1.353959013419676
4621 0.02033058954600573 1.353980298153739
4622 0.02032752520387271 1.354001556633798
4623 0.02032446139552361 1.354022761748349
4624 0.02032140179871787 1.354043937214855
4625 0.02031834240584152 1.354065062739776
4626 0.02031528732592492 1.3540861574944
4627 0.02031223242429057 1.354107204334094
4628 0.02030918193311704 1.354128220096326
4629 0.02030613165718947 1.354149189057771
4630 0.02030308584860157 1.354170127070124
4631 0.02030004030936717 1.354191018930001
4632 0.02029699926587553 1.35421187995583
4633 0.02029395854472232 1.354232695221139
4634 0.02029092232712701 1.354253479743359
4635 0.02028788647709223 1.354274218798251
4636 0.02028485515414722 1.35429492597464
4637 0.02028182417895839 1.354315588714988
4638 0.02027879459766651 1.354336206030583
4639 0.02027576900962673 1.354356795034434
4640 0.02027274855774289 1.354377353188893
4641 0.02026972777716893 1.354397868938447
4642 0.02026671969596333 1.354418376739797
4643 0.02026370327459756 1.354438816750784
4644 0.02026069061535877 1.354459219302761
4645 0.02025767839029444 1.354479579124894
4646 0.02025467058896501 1.354499905357558
4647 0.02025166346379565 1.354520190011381
4648 0.02024866072697327 1.354540441854134
4649 0.02024565885253661 1.35456065224187
4650 0.02024266120766115 1.354580830125388
4651 0.02023966465096452 1.354600965844735
4652 0.0202366719399893 1.354621068239856
4653 0.02023368049186319 1.35464112434124
4654 0.0202306917403982 1.354661140769343
4655 0.02022770434942961 1.354681102749134
4656 0.02022471833862326 1.354701026892808
4657 0.02022173579524662 1.354720916312379
4658 0.02021875488511441 1.354740784792225
4659 0.02021577939398943 1.354760628446704
4660 0.02021280447392488 1.354780437524941
4661 0.02020983537997692 1.354800212269942
4662 0.02020686684911868 1.354819949405072
4663 0.02020390341759878 1.35483964896758
4664 0.02020093994418234 1.35485930821718
4665 0.02019798123129877 1.354878929642258
4666 0.02019502231683575 1.354898510505355
4667 0.02019206809392607 1.354918054188979
4668 0.02018911368733103 1.354937557642711
4669 0.02018616396779378 1.354957024554788
4670 0.02018321418106995 1.354976451750998
4671 0.02018026241977531 1.354995809636849
4672 0.0201773177907083 1.355015162963836
4673 0.02017438163168328 1.35503449850219
4674 0.02017144287702959 1.355053780841908
4675 0.02016850870868919 1.355073032005919
4676 0.02016557452813559 1.355092238369513
4677 0.02016264460404608 1.355111412437836
4678 0.02015971486583947 1.355130542193474
4679 0.02015678949349238 1.35514964058659
4680 0.02015386453844852 1.355168695328402
4681 0.02015094399400773 1.355187719411982
4682 0.02014802403350464 1.355206700230917
4683 0.02014510844268475 1.355225650879392
4684 0.02014219356084136 1.355244558357672
4685 0.02013928293858322 1.355263436065931
4686 0.02013637322484706 1.355282270670169
4687 0.02013346759929151 1.35530107568465
4688 0.02013056310201906 1.355319837021548
4689 0.02012766231206931 1.35533856779479
4690 0.02012476284839141 1.355357252144657
4691 0.02012186617926405 1.355375901054961
4692 0.0201189710729286 1.355394499063879
4693 0.02011607768716318 1.355413060313342
4694 0.02011318742342123 1.355431583948055
4695 0.02011029888018201 1.3554500826513
4696 0.02010741526040686 1.355468555560722
4697 0.0201045331150083 1.355486998154623
4698 0.02010165936163429 1.35550542388301
4699 0.02009878346364653 1.355523798203219
4700 0.02009591154335435 1.355542136971576
4701 0.02009303981886368 1.355560431895918
4702 0.02009017253065741 1.355578693991098
4703 0.02008730553079366 1.355596912556938
4704 0.02008444300266509 1.355615099390655
4705 0.02008158084094851 1.35563324308784
4706 0.0200787231482945 1.355651355885922
4707 0.02007586589306974 1.355669425828611
4708 0.02007301309002778 1.355687465491312
4709 0.0200701608090394 1.355705462506852
4710 0.02006731295379267 1.35572342971673
4711 0.02006446570749671 1.355741354366563
4712 0.02006162035201289 1.355759242872096
4713 0.0200587781175351 1.355777095956439
4714 0.02005594077136295 1.355794919337481
4715 0.02005310423964078 1.355812703457264
4716 0.02005027199722477 1.355830456232102
4717 0.02004743903337173 1.355848164966007
4718 0.02004461170216683 1.355865845788928
4719 0.02004178556555073 1.355883486691009
4720 0.02003896307722489 1.355901094557868
4721 0.02003614180303762 1.355918658439365
4722 0.02003331138733273 1.355936169543357
4723 0.02003049897662637 1.355953650959929
4724 0.02002768671595312 1.355971097943484
4725 0.0200248766247398 1.355988511246728
4726 0.02002206791938065 1.356005898962461
4727 0.0200192637104368 1.356023259916055
4728 0.02001646085788336 1.35604058988599
4729 0.02001366281325504 1.356057888510682
4730 0.02001086554423836 1.356075149594339
4731 0.02000807283871156 1.356092376762927
4732 0.02000528052824843 1.356109564029198
4733 0.020002492619128 1.356126717128747
4734 0.01999970501361115 1.35614383004978
4735 0.01999692179668619 1.356160909459672
4736 0.01999413894309553 1.356177949047719
4737 0.01999136050488175 1.356194955863504
4738 0.01998858254790892 1.356211923299852
4739 0.01998580905753925 1.356228858687631
4740 0.01998303619249856 1.35624575509087
4741 0.01998026775103081 1.356262619897772
4742 0.01997750004137758 1.356279445913054
4743 0.01997473668724499 1.356296240707963
4744 0.01997198137242559 1.356313033100949
4745 0.01996922263307051 1.356329756553752
4746 0.01996646405625582 1.356346435629181
4747 0.01996370952244065 1.356363084108759
4748 0.01996095639264451 1.356379692647237
4749 0.01995820696192486 1.356396269124899
4750 0.01995545917191514 1.356412802064292
4751 0.01995271409172446 1.356429298603869
4752 0.01994997134684487 1.356445753585726
4753 0.01994723070840933 1.35646217919168
4754 0.01994449400782525 1.356478577078008
4755 0.01994175918418526 1.356494949203443
4756 0.01993902919208133 1.356511294046323
4757 0.0199363005567438 1.356527605660871
4758 0.01993357669879957 1.356543885859824
4759 0.01993085362988161 1.356560127990716
4760 0.01992813508618533 1.356576337332681
4761 0.01992541409417821 1.35659249205172
4762 0.01992270088878449 1.356608631762866
4763 0.01991998846379184 1.356624730490952
4764 0.01991728004830836 1.356640800284371
4765 0.01991457222913133 1.356656826964578
4766 0.01991186847841828 1.356672825355753
4767 0.01990916548700263 1.356688780860339
4768 0.01990646658767472 1.356704708903822
4769 0.01990376857635862 1.356720594065063
4770 0.01990107464862147 1.35673645251989
4771 0.01989838175283893 1.356752268212502
4772 0.01989569290267658 1.356768057958411
4773 0.01989300521939608 1.35678380484263
4774 0.01989032149005473 1.356799526339988
4775 0.01988763908545334 1.356815204769919
4776 0.01988496048232932 1.356830858200347
4777 0.0198822833961841 1.356846468017249
4778 0.01987960972391589 1.356862051984232
4779 0.01987693753131542 1.356877589756472
4780 0.019874268034017 1.356893097455846
4781 0.01987160038942233 1.356908556298615
4782 0.01986893467985813 1.356923982109775
4783 0.01986627191235924 1.356939369660537
4784 0.01986361096168417 1.356954732619813
4785 0.01986095436323346 1.356970070337586
4786 0.01985829260485413 1.356985357866811
4787 0.01985564274521017 1.357000639037463
4788 0.01985299496568606 1.357015887052957
4789 0.0198503515171767 1.357031104973331
4790 0.01984770905984382 1.357046283030333
4791 0.01984507057086488 1.357061430565549
4792 0.01984243291477716 1.357076536908995
4793 0.01983979911618545 1.357091613719801
4794 0.01983716619099947 1.35710664908701
4795 0.0198345371076368 1.357121656072576
4796 0.01983190900821263 1.357136621582305
4797 0.01982928476177459 1.357151559778867
4798 0.01982666163089612 1.357166456484955
4799 0.01982404235862732 1.357181326821063
4800 0.01982142433353316 1.357196155584642
4801 0.01981881014840762 1.357210958815767
4802 0.01981619733946667 1.357225720301837
4803 0.01981358829373384 1.357240456818939
4804 0.01981098072878683 1.357255151073139
4805 0.01980837684518083 1.357269821092976
4806 0.01980577461068143 1.357284448550118
4807 0.01980317590116738 1.357299052236867
4808 0.01980057901698756 1.357313612403791
4809 0.01979798532377555 1.357328147693728
4810 0.01979539360719388 1.357342636737972
4811 0.01979280437870273 1.35735709610154
4812 0.01979021739509932 1.357371508015907
4813 0.01978763231204356 1.357385890900112
4814 0.01978505063440674 1.357400240931132
4815 0.01978247090261031 1.357414568632076
4816 0.01977989559003896 1.357428870858634
4817 0.0197773220881133 1.357443143787274
4818 0.01977475301410097 1.35745738779704
4819 0.01977218530790663 1.357471595610558
4820 0.01976962177369741 1.357485773319339
4821 0.01976705933274465 1.357499912172307
4822 0.01976450081959543 1.357514021393077
4823 0.01976194333961575 1.357528090991825
4824 0.01975938971818594 1.357542132098678
4825 0.01975683719829972 1.35755613341632
4826 0.019754288527758 1.35757010736096
4827 0.01975174106901881 1.357584041457745
4828 0.01974919745370322 1.357597949140924
4829 0.01974665513908783 1.357611816678798
4830 0.01974411663838852 1.357625658507961
4831 0.01974157957356534 1.3576394601476
4832 0.01973904628524607 1.3576532368989
4833 0.01973651454748693 1.357666973250293
4834 0.01973398651242189 1.357680685375381
4835 0.01973146006504929 1.357694356499493
4836 0.01972893724894534 1.357708003875531
4837 0.01972641621465868 1.357721609486028
4838 0.01972389851212513 1.357735191088821
4839 0.01972138275246111 1.35774872965877
4840 0.01971886991841706 1.357762242203971
4841 0.01971635917406742 1.357775708546555
4842 0.01971385062661072 1.35778914415896
4843 0.0197113446917968 1.357802537046406
4844 0.01970885230994927 1.357815668423079
4845 0.01970632725351018 1.357829266898465
4846 0.01970383760820654 1.357842596952104
4847 0.01970134612271958 1.357855902458739
4848 0.01969885867770768 1.357869144695554
4849 0.01969636931716579 1.35788237268801
4850 0.01969388463379212 1.35789555585956
4851 0.0196913998464745 1.357908713792952
4852 0.01968891954248024 1.357921834995688
4853 0.01968643987684251 1.357934924288226
4854 0.01968396440091242 1.357947982123314
4855 0.01968148993366449 1.357961004632904
4856 0.01967901946223424 1.357973998648557
4857 0.01967655024335085 1.3579869556839
4858 0.01967408494800075 1.357999886193175
4859 0.01967162106217563 1.358012779380479
4860 0.01966916279220542 1.358025652143434
4861 0.01966670358120006 1.35803848028344
4862 0.01966424820398092 1.358051281788649
4863 0.01966179470358652 1.358064046879336
4864 0.01965934508518071 1.358076787430452
4865 0.01965689690646805 1.358089489241469
4866 0.01965445248515266 1.358102166695558
4867 0.01965201000579552 1.358114805702965
4868 0.01964957106558662 1.358127420521817
4869 0.01964713387597102 1.358139995515037
4870 0.01964469997907127 1.358152544886508
4871 0.01964228036078177 1.358164835972836
4872 0.01963983932536484 1.3581773271925
4873 0.01963740631748345 1.358189813577949
4874 0.01963498090957059 1.358202269487076
4875 0.01963256081598864 1.358214691064161
4876 0.01963014429707847 1.358227076485825
4877 0.01962771805985582 1.358239651648469
4878 0.01962533481543589 1.358251668221768
4879 0.01962290384533181 1.358264159691935
4880 0.01962050321852491 1.358276429204061
4881 0.01961810406774288 1.358288601252354
4882 0.0196157038766578 1.358300759863762
4883 0.01961330402595882 1.358312873336591
4884 0.01961090651146032 1.358324970597083
4885 0.01960851046680416 1.358337031433265
4886 0.019606118275699 1.358349072091819
4887 0.01960372787064538 1.358361075919822
4888 0.01960134135986575 1.358373057515139
4889 0.01959895650643931 1.358385003686197
4890 0.01959657572461803 1.358396926973877
4891 0.01959419656946559 1.358408813190406
4892 0.01959182117458258 1.358420676567074
4893 0.01958944773421354 1.358432504025699
4894 0.0195870780821116 1.358444306620516
4895 0.01958471000998126 1.358456074519255
4896 0.01958234561373038 1.358467816859098
4897 0.01957998297285794 1.358479523737473
4898 0.01957762866514553 1.358491216550062
4899 0.01957527205538307 1.358502866805946
4900 0.01957291735805501 1.358514482741477
4901 0.01957056453762735 1.358526060212584
4902 0.01956822838674439 1.358537409521334
4903 0.01956586977666382 1.35854893774161
4904 0.01956351882847448 1.358560459484616
4905 0.01956117530563891 1.358571953324841
4906 0.01955883710211241 1.358583414559323
4907 0.01955650275459587 1.358594842373288
4908 0.01955415736001734 1.358606439459562
4909 0.01955185855280231 1.358617519648581
4910 0.01954950871459366 1.358629036711205
4911 0.01954718820587733 1.358640342221903
4912 0.01954487288549267 1.358651564073747
4913 0.01954255378321994 1.358662767756959
4914 0.0195402380588194 1.358673933237604
4915 0.01953792217176979 1.358685077117728
4916 0.01953561051126183 1.358696191317133
4917 0.01953330004433121 1.358707278761675
4918 0.01953099380550897 1.358718338907722
4919 0.01952868907543915 1.358729369755197
4920 0.01952638841814829 1.358740373680255
4921 0.01952408932462937 1.358751346822424
4922 0.01952179414021752 1.358762292889015
4923 0.0195195005609453 1.358773207336603
4924 0.01951721073841766 1.358784094506103
4925 0.01951492260058763 1.358794949274576
4926 0.01951263804472219 1.358805776728869
4927 0.01951035532066911 1.358816571238473
4928 0.01950807592946155 1.358827337803928
4929 0.01950579853720892 1.358838069914455
4930 0.01950353820011232 1.358848590394896
4931 0.01950125549505137 1.358859277938655
4932 0.01949898007670098 1.35886995432457
4933 0.019496711574079 1.358880599532546
4934 0.01949444797020828 1.358891210254538
4935 0.0194921879202849 1.358901787629548
4936 0.01948991640589354 1.358912521035857
4937 0.01948769212170311 1.358922772175036
4938 0.01948541658780598 1.358933436339857
4939 0.01948317035807255 1.358943898715402
4940 0.01948092914811957 1.358954282877956
4941 0.01947868451097605 1.358964649146387
4942 0.01947644329175551 1.358974978063001
4943 0.01947420210519932 1.358985285846239
4944 0.0194719651107721 1.358995564334971
4945 0.01946972943742409 1.35900581745625
4946 0.0194674980190635 1.359016043310318
4947 0.01946526822706132 1.359026241863924
4948 0.01946304254968399 1.359036413082818
4949 0.01946081851483734 1.359046555959848
4950 0.01945859844601079 1.359056670910004
4951 0.01945638004086989 1.359066757064403
4952 0.01945416545860953 1.35907681498318
4953 0.01945195262829177 1.359086843756317
4954 0.01944974324887332 1.359096843387588
4955 0.01944760394543241 1.359107091322931
4956 0.01944533231259041 1.35911657041276
4957 0.01944310343415236 1.359126607841167
4958 0.01944091073377246 1.359136511721722
4959 0.01943878799059182 1.359146667370119
4960 0.01943653109963349 1.359156035327899
4961 0.01943433060746792 1.359165779377906
4962 0.01943212434785455 1.359175772774449
4963 0.0194299682829883 1.359185361366162
4964 0.0194277849681328 1.359195101584525
4965 0.01942560330194353 1.359204817617028
4966 0.01942347024241991 1.359215020972206
4967 0.01942125073431764 1.359224188171649
4968 0.01941907875199842 1.35923365155164
4969 0.01941690592002071 1.359243208443605
4970 0.01941473667102962 1.359252773453676
4971 0.01941257248385515 1.359262312571351
4972 0.01941041244779157 1.35927181640436
4973 0.01940825557803576 1.359281283903354
4974 0.01940610128600778 1.359290716605236
4975 0.01940394931129317 1.359300116858722
4976 0.01940179959599954 1.359309486669468
4977 0.01939965220081736 1.359318827489078
4978 0.01939750722830338 1.359328140003449
4979 0.01939536477397495 1.35933742429409
4980 0.01939322491068553 1.359346680126484
4981 0.01939108767641424 1.359355907201835
4982 0.01938895308700475 1.359365105289257
4983 0.0193868213243679 1.359374274817686
4984 0.01938469200764603 1.359383414649176
4985 0.01938256532022919 1.359392525426564
4986 0.01938044129636086 1.359401607551433
4987 0.01937831994682005 1.359410661227587
4988 0.01937620128601063 1.359419686586975
4989 0.01937408532498373 1.35942868376615
4990 0.01937197206696509 1.359437652767123
4991 0.01936986151440085 1.359446593685269
4992 0.01936775366985726 1.359455506614703
4993 0.01936564854999623 1.359464391710447
4994 0.01936354616320158 1.35947324904892
4995 0.01936144293823118 1.359482069531958
4996 0.01935938658728157 1.359491351667183
4997 0.01935725279046301 1.359499664511547
4998 0.01935515710908225 1.359508305808936
4999 0.01935306469391606 1.359517026493852
5000 0.01935102623024286 1.359526130906401
5001 0.01934889924814811 1.359534340974994
5002 0.01934680927885355 1.359542940785956
5003 0.01934472897624886 1.359551588650554
5004 0.0193426552685349 1.359560207204987
5005 0.01934058574047453 1.359568786623924
5006 0.0193385656683546 1.35957772359696
5007 0.01933645491791173 1.359585798235958
5008 0.01933438437357755 1.359594220418572
5009 0.01933232121750716 1.359602694507145
5010 0.01933031803060851 1.359611465741015
5011 0.01932820304774796 1.359619534495562
5012 0.01932614884639351 1.359627832179965
5013 0.01932415446395649 1.359636500060191
5014 0.01932204623825882 1.359644506089215
5015 0.01932000080460159 1.359652723429824
5016 0.01931796001755691 1.359660994670833
5017 0.01931592303662056 1.359669242243664
5018 0.01931388890418592 1.359677457368273
5019 0.01931185709876766 1.359685641448645
5020 0.01930982746549399 1.359693796113337
5021 0.01930780005572879 1.359701922207866
5022 0.01930577493794847 1.359710019719403
5023 0.0193037521899957 1.359718088564284
5024 0.01930173187042845 1.359726128728747
5025 0.01929975656284689 1.359734530222903
5026 0.01929770236852242 1.359742076463451
5027 0.01929568001322918 1.35974998234232
5028 0.01929366615898625 1.359757930857291
5029 0.01929165836936419 1.359765851867882
5030 0.01928965465177184 1.359773737276322
5031 0.01928769573805817 1.359781958900277
5032 0.01928565596738686 1.359789375841842
5033 0.01928365239660039 1.359797118585172
5034 0.01928165606104165 1.359804906143135
5035 0.01927971585569544 1.359812967018955
5036 0.01927767220159132 1.359820372025797
5037 0.01927568480192982 1.35982800231954
5038 0.01927370286898315 1.359835677741409
5039 0.01927177545084252 1.359843621863085
5040 0.01926974329402321 1.359850924770369
5041 0.01926776637217262 1.359858453677548
5042 0.0192657951815394 1.359866023027696
5043 0.01926382800400041 1.359873566688032
5044 0.01926186359774833 1.359881079273606
5045 0.01925990150867729 1.359888562292903
5046 0.01925794166152477 1.359896017116232
5047 0.01925598411003423 1.359903444359255
5048 0.01925402893038659 1.359910844198812
5049 0.01925207618610174 1.359918216631297
5050 0.01925012592512207 1.359925561657483
5051 0.01924817818709922 1.359932879334073
5052 0.01924626318844878 1.359940575116582
5053 0.01924428946654415 1.359947446795892
5054 0.01924234736044004 1.359954591880505
5055 0.01924044525172151 1.359962140718735
5056 0.01923847370852189 1.35996894119216
5057 0.01923653328613864 1.359976071062547
5058 0.01923460140894678 1.359983235144732
5059 0.01923267565384642 1.359990370303497
5060 0.01923075388929591 1.359997470215872
5061 0.01922888116814131 1.360004815752288
5062 0.01922691315593968 1.360011546952933
5063 0.01922499523501252 1.360018505570318
5064 0.01922308305292944 1.36002549630436
5065 0.01922117475253328 1.360032460960113
5066 0.01921926920696954 1.360039395893488
5067 0.01921736602062142 1.360046302753771
5068 0.01921546515234426 1.360053182660196
5069 0.01921356664887718 1.360060035805374
5070 0.01921167059599578 1.36006686223808
5071 0.01920977706598783 1.360073662009001
5072 0.01920792023414632 1.360080768384996
5073 0.01920599864178891 1.360087140866003
5074 0.01920410537029127 1.360093814966614
5075 0.01920221913310306 1.360100527674511
5076 0.0192003387057821 1.360107215275105
5077 0.01919846219969203 1.360113870554804
5078 0.01919663239176995 1.360120758792356
5079 0.01919471198506112 1.360127075204489
5080 0.01919284003940962 1.360133592713746
5081 0.01919101668321829 1.360140405959767
5082 0.01918910424828053 1.360146663252065
5083 0.01918724176514704 1.360153108381436
5084 0.01918542689268149 1.36015984446476
5085 0.01918352371868368 1.360166031944205
5086 0.01918166989555813 1.360172405078971
5087 0.01917986308756581 1.360179064399247
5088 0.0191779689325196 1.360185181176037
5089 0.01917612356143364 1.360191480637872
5090 0.01917432448301289 1.360198062039118
5091 0.01917243915926278 1.360204107445449
5092 0.01917060217088375 1.360210333104881
5093 0.01916881073553208 1.360216837153114
5094 0.01916693410169216 1.360222811045823
5095 0.01916510531310392 1.36022896244949
5096 0.01916332140801246 1.360235389281109
5097 0.01916145340522325 1.360241291738177
5098 0.0191596738903108 1.360247610060592
5099 0.01915780973560401 1.360253476795992
5100 0.01915603648696764 1.360259742845803
5101 0.01915417737787522 1.360265568963114
5102 0.01915242083389469 1.360271724678577
5103 0.01915055928722998 1.360277533102444
5104 0.01914875365173853 1.360283497740675
5105 0.01914700405530038 1.360289659670463
5106 0.01914514961721968 1.360295405774643
5107 0.01914335574587096 1.360301275030391
5108 0.01914161427101877 1.360307345510888
5109 0.01913976884986048 1.360313014804871
5110 0.01913798375192834 1.360318800656761
5111 0.01913623883145964 1.360324841447724
5112 0.0191344080358327 1.360330428146997
5113 0.01913263621888381 1.360336104286328
5114 0.01913090021244719 1.360342034334734
5115 0.0191290746415175 1.360347570908634
5116 0.01912731045256657 1.360353172633338
5117 0.0191255801141321 1.360359044081442
5118 0.01912377040738215 1.360364460582375
5119 0.0191220440839559 1.360370252504266
5120 0.0191202401971411 1.360375620357276
5121 0.01911852990852734 1.360381316384054
5122 0.01911672295446897 1.360386671587158
5123 0.01911496847041165 1.360392175693163
5124 0.01911326665918805 1.360397863610717
5125 0.01911148697848178 1.360403049171401
5126 0.01910971947916915 1.360408568062863
5127 0.01910802584829062 1.360414193081071
5128 0.01910625636038412 1.360419309244546
5129 0.0191044984329576 1.360424750272512
5130 0.01910281349489053 1.360430288637819
5131 0.01910103298755053 1.360435436615245
5132 0.01909930879355785 1.360440680174919
5133 0.01909761942786968 1.360446171293121
5134 0.01909585357887739 1.360451225351186
5135 0.01909416778509903 1.360456603778539
5136 0.0190924164217815 1.360461573473805
5137 0.01909070414869843 1.36046668564188
5138 0.01908902272668108 1.360472067462664
5139 0.01908727340603667 1.360476984659437
5140 0.01908559916055073 1.360482269929152
5141 0.01908387317003667 1.360487053828399
5142 0.01908215104883335 1.360492165900589
5143 0.01908049468688835 1.360497405177685
5144 0.01907876808984001 1.360502161170958
5145 0.01907705309239443 1.360507219294039
5146 0.01907540765096314 1.360512372958138
5147 0.01907369082595217 1.360517058104657
5148 0.01907198449339351 1.360522040444855
5149 0.01907034739958065 1.360527110351008
5150 0.01906861930912045 1.360531823245864
5151 0.01906698120074239 1.360536807314868
5152 0.0190652620816804 1.360541474477475
5153 0.01906363389872711 1.360546379602511
5154 0.01906193684965812 1.360550924365954
5155 0.01906025671724667 1.360555698830342
5156 0.01905862365642718 1.3605606560264
5157 0.01905694677284309 1.360565081013052
5158 0.01905526780698788 1.360569821390435
5159 0.01905365207002477 1.360574674721574
5160 0.01905195553397251 1.360579149947293
5161 0.01905035791847013 1.360583852347883
5162 0.01904866685521392 1.360588266332606
5163 0.01904700255950834 1.360592901811922
5164 0.01904541459732318 1.36059757928872
5165 0.01904373698065323 1.360601941886375
5166 0.01904210333851671 1.36060640154181
5167 0.01904044843274442 1.36061099217888
5168 0.01903886894001869 1.360615573511623
5169 0.01903719985731018 1.36061982687002
5170 0.0190355590860108 1.360624265996228
5171 0.01903397762082121 1.360628798547441
5172 0.01903232690959884 1.360632960398992
5173 0.019030694434621 1.360637324956916
5174 0.01902910765024366 1.360641834261937
5175 0.01902748026895823 1.360645886153766
5176 0.01902587538875295 1.36065009630605
5177 0.0190242694956265 1.3606546544552
5178 0.01902265362472126 1.360658621754902
5179 0.01902103313740649 1.36066287539738
5180 0.01901947097115154 1.360667226444253
5181 0.01901785498658302 1.360671157772876
5182 0.01901625759160338 1.360675278314128
5183 0.01901469400548644 1.36067961041952
5184 0.01901306653608009 1.360683540533648
5185 0.01901148249315553 1.360687585683082
5186 0.0190099293951451 1.360691841548903
5187 0.01900830850045891 1.360695716677773
5188 0.01900673668604018 1.36069967981
5189 0.01900516334182744 1.360703675007377
5190 0.01900360609193081 1.360707878812761
5191 0.01900201201816263 1.36071161869845
5192 0.01900045272962747 1.360715477265981
5193 0.01899889021687133 1.360719372585664
5194 0.01899732664225223 1.360723265123827
5195 0.01899576621431891 1.360727131033566
5196 0.01899420907729425 1.360731244161522
5197 0.01899265140860832 1.360734789948981
5198 0.01899110192427277 1.360738532568295
5199 0.01898956420635904 1.360742529892188
5200 0.0189880009170838 1.360746055688417
5201 0.01898648706378596 1.360749937935668
5202 0.01898490189836545 1.360753456354433
5203 0.01898336777993575 1.360757095859803
5204 0.01898186098282231 1.360760954304617
5205 0.01898029135482566 1.360764444280203
5206 0.01897876828403937 1.360768018535364
5207 0.01897727058038767 1.360771801279297
5208 0.01897570600598397 1.360775240349031
5209 0.01897419317010626 1.360778741258971
5210 0.01897267710886661 1.360782276912704
5211 0.01897118607432764 1.360785975560412
5212 0.01896963679371609 1.360789315486144
5213 0.01896813369836637 1.36079272866846
5214 0.01896663851778775 1.360796395706059
5215 0.01896511628208563 1.360799615845979
5216 0.01896362691794199 1.360803198666825
5217 0.01896211092914051 1.360806374053236
5218 0.01896062498267451 1.360809923370481
5219 0.01895911508726974 1.360813058199759
5220 0.01895764681227698 1.360816528860463
5221 0.01895616195823788 1.360819804741923
5222 0.01895464643886467 1.360822893171153
5223 0.01895314180224542 1.360826202344585
5224 0.0189516679806268 1.360829440725543
5225 0.0189502155075994 1.360832839201724
5226 0.0189487038775381 1.360835903815056
5227 0.01894724314395575 1.360839016916932
5228 0.01894579870955049 1.360842330879161
5229 0.01894429672822567 1.360845328438652
5230 0.01894284945595777 1.360848588234603
5231 0.01894136978257885 1.360851498668059
5232 0.01893992363276184 1.360854729730487
5233 0.01893845246734863 1.360857591640107
5234 0.01893702002198445 1.360860760529309
5235 0.01893553997029245 1.360863621706283
5236 0.018934092299635 1.360866590050636
5237 0.01893266649405097 1.360869734871067
5238 0.01893122835098142 1.360872656236297
5239 0.0189297837010313 1.360875556776673
5240 0.01892828982298818 1.360878372188346
5241 0.01892686878903798 1.360881206967746
5242 0.01892546758444671 1.360884208461358
5243 0.01892400160009041 1.360886942960159
5244 0.01892260675988166 1.360889865148426
5245 0.01892117484380818 1.360892477376059
5246 0.0189197549711879 1.36089523347396
5247 0.01891830883285503 1.360898303190287
5248 0.01891691124334563 1.360900783253824
5249 0.01891546887674274 1.36090356521079
5250 0.01891407579836648 1.360906434862096
5251 0.01891268843450368 1.360909054998094
5252 0.01891125745649933 1.360911542519527
5253 0.01890985246238268 1.360914164415602
5254 0.0189084553183353 1.360917005736472
5255 0.01890704160989539 1.360919437930716
5256 0.0189056551367749 1.360922018123278
5257 0.01890425322183528 1.360924810253412
5258 0.01890282831746906 1.360927221071434
5259 0.0189014837797474 1.360929799350363
5260 0.01890008877203486 1.360932126670577
5261 0.01889871573460905 1.360934564685441
5262 0.01889732083125355 1.360937256895
5263 0.0188959427115373 1.360939504576884
5264 0.01889456476973324 1.360942100563741
5265 0.01889319201954673 1.360944313809875
5266 0.01889181934574404 1.36094686798647
5267 0.01889045238415419 1.3609490439108
5268 0.01888908467271277 1.360951557659829
5269 0.01888772470346688 1.360953860020841
5270 0.01888636408101447 1.360956137501085
5271 0.01888502060023948 1.360958379617315
5272 0.01888365137808098 1.360960484841828
5273 0.01888229915486456 1.360962729077257
5274 0.01888096756954034 1.360965131260192
5275 0.01887958909203613 1.36096722211494
5276 0.01887826116179349 1.36096954405073
5277 0.01887690174602589 1.360971572189818
5278 0.01887557359628855 1.360973692028106
5279 0.01887422837520494 1.360976018157884
5280 0.01887289000561905 1.360977965860666
5281 0.0188715705383795 1.360980179610638
5282 0.01887023215064242 1.360982106996328
5283 0.01886891739295041 1.360984284381892
5284 0.01886758521279338 1.360986175675841
5285 0.01886627429569623 1.360988318260064
5286 0.01886494865355898 1.36099017322908
5287 0.01886364149249849 1.360992279283187
5288 0.01886232120178092 1.360994095837835
5289 0.0188610181102057 1.360996162547305
5290 0.01885969820198538 1.360997970150849
5291 0.01885840691079729 1.360999965479025
5292 0.01885710750308385 1.361001696049843
5293 0.01885580091330406 1.361003712811055
5294 0.01885450810020481 1.361005395984222
5295 0.01885322094718962 1.361007357939621
5296 0.01885192624552085 1.361009030191093
5297 0.01885065359103223 1.361010941859423
5298 0.01884934195995655 1.361012602222012
5299 0.01884807818334903 1.361014464493195
5300 0.01884680520870461 1.361016185715868
5301 0.01884547539223473 1.361017817361418
5302 0.0188442269557768 1.361019600672592
5303 0.01884293804787301 1.361021164131401
5304 0.01884168177928017 1.361022800353455
5305 0.01884043153694962 1.361024569425232
5306 0.01883913943316106 1.361026098552554
5307 0.0188378863582666 1.36102768423689
5308 0.01883664159727901 1.36102939887557
5309 0.01883539452925916 1.361030819504477
5310 0.01883412059633373 1.361032404424471
5311 0.01883286356254445 1.361033960325646
5312 0.01883162661421242 1.361035598944992
5313 0.01883036461137199 1.361036980749157
5314 0.01882915832523584 1.361038529176897
5315 0.01882788264287993 1.36103990563405
5316 0.01882667644899667 1.361041295824822
5317 0.01882541187493593 1.361042782583448
5318 0.01882420147654699 1.361044293018604
5319 0.01882294023246618 1.361045587323586
5320 0.01882171815908274 1.361046938778617
5321 0.01882050829114171 1.361048396388273
5322 0.01881926206505794 1.361049636842793
5323 0.01881805720122983 1.361050928786832
5324 0.01881685581987912 1.36105233304388
5325 0.01881565003964757 1.361053486134051
5326 0.01881442096562824 1.361054776055613
5327 0.01881320710421621 1.361056036512934
5328 0.01881200792500272 1.361057369043557
5329 0.01881081960223177 1.361058438720453
5330 0.01880959440120953 1.361059658899768
5331 0.01880841520936152 1.361060924643609
5332 0.0188072196857341 1.361061959214401
5333 0.018805994978883 1.361063127341308
5334 0.01880482636353192 1.361064331989387
5335 0.0188036380133996 1.361065313102841
5336 0.01880242263930389 1.361066425116698
5337 0.01880124899788961 1.361067582384049
5338 0.01880007171865728 1.361068505803767
5339 0.01879888000544278 1.361069546060239
5340 0.01879773933437722 1.361070525363628
5341 0.01879653872529764 1.36107156453739
5342 0.01879536868668428 1.361072632815628
5343 0.01879421374714566 1.361073458611602
5344 0.01879303034608806 1.361074413037656
5345 0.01879187038597088 1.361075427657725
5346 0.01879072828044482 1.361076205050962
5347 0.0187895465965773 1.361077115461074
5348 0.01878839414590411 1.361078078558735
5349 0.01878726558236957 1.361078902861677
5350 0.01878610277956137 1.361079736428522
5351 0.01878495145723554 1.361080541440681
5352 0.01878379446062247 1.361081237951417
5353 0.01878263867661334 1.361082036959062
5354 0.01878151662905537 1.361082890762203
5355 0.01878038469504075 1.361083537269215
5356 0.01877926865146859 1.361084266111753
5357 0.01877810492063267 1.361085024595793
5358 0.01877697389880776 1.361085805012209
5359 0.01877586586231232 1.361086371435642
5360 0.01877472212700527 1.361087053165881
5361 0.01877360280825099 1.361087782536849
5362 0.01877250675620112 1.361088391796991
5363 0.01877138660227661 1.361088913384747
5364 0.01877027396291222 1.361089609546345
5365 0.01876914906863108 1.361090186979123
5366 0.01876802914688528 1.361090646243537
5367 0.01876690767005903 1.361091200155783
5368 0.01876581875482383 1.36109180230635
5369 0.01876472482469843 1.361092297598497
5370 0.01876360630362394 1.361092709968765
5371 0.01876252200821363 1.36109323931968
5372 0.01876141836640763 1.361093591729993
5373 0.01876033975334027 1.361094005365679
5374 0.01875921910486322 1.361094507055172
5375 0.01875812509271694 1.361094820671281
5376 0.01875703843591917 1.36109526680289
5377 0.01875599385145715 1.361095574530574
5378 0.01875491162617959 1.361095959321408
5379 0.01875380555443127 1.361096418514988
5380 0.01875274197263084 1.361096690295623
5381 0.01875168449602288 1.361097024357931
5382 0.01875062259075389 1.361097349867795
5383 0.01874958507944442 1.361097711655502
5384 0.01874849874494107 1.36109793162924
5385 0.0187474694626872 1.361098250896546
5386 0.01874640045978851 1.361098494280671
5387 0.01874533347515675 1.361098627351259
5388 0.01874427223185589 1.361098909057338
5389 0.01874320914679489 1.361099024548517
5390 0.01874218242456646 1.361099250640576
5391 0.01874113428358838 1.36109933094304
5392 0.01874010080766791 1.361099548866388
5393 0.01873906440463205 1.361099600501442
5394 0.01873802372171086 1.361099788843395
5395 0.0187370179313396 1.361099824840038
5396 0.01873598070369364 1.361099906863352
5397 0.01873492065199935 1.36110004441013
5398 0.01873393067063581 1.361100024577794
5399 0.01873289812861299 1.361100051587177
5400 0.01873184152487242 1.361100131197978
5401 0.0187308390189107 1.361100107519499
5402 0.01872985177356214 1.361100096469225
5403 0.0187288009552937 1.361100052660624
5404 0.01872778544692441 1.36109998473394
5405 0.01872676223946627 1.361099853910959
5406 0.01872577584731079 1.361099832074671
5407 0.01872476155408719 1.361099682935219
5408 0.01872377745377839 1.361099631379722
5409 0.01872280326088208 1.361099468303264
5410 0.01872180836353604 1.361099340249918
5411 0.01872078802473117 1.361099252549607
5412 0.0187198282031345 1.361099033167015
5413 0.01871880924292479 1.361098893271709
5414 0.0187178568550848 1.361098647766307
5415 0.01871683826573099 1.361098473407607
5416 0.01871588948073321 1.361098196756886
5417 0.01871487828402399 1.361097988767537
5418 0.01871393811986203 1.361097687144424
5419 0.01871292939622052 1.361097446327455
5420 0.01871199332253694 1.361097115308505
5421 0.01871099023782755 1.361096841321264
5422 0.01871006246810376 1.361096485992276
5423 0.01870906228065727 1.361096179366368
5424 0.01870813887282366 1.361095794970508
5425 0.01870714349271068 1.36109545475111
5426 0.01870622836092285 1.361095046649085
5427 0.01870523633052709 1.361094674139609
5428 0.01870432516111697 1.36109423649388
5429 0.01870335749863141 1.36109385132841
5430 0.01870243516387099 1.36109342262291
5431 0.01870147473458316 1.361092952186302
5432 0.01870051603529661 1.361092452903105
5433 0.01869959820031293 1.361091929147015
5434 0.01869864687099924 1.361091468059948
5435 0.01869770127513094 1.361090891667116
5436 0.0186967843925296 1.361090404178441
5437 0.01869588502622104 1.361089843484913
5438 0.01869494122596031 1.361089324994177
5439 0.01869404415779794 1.361088731175985
5440 0.01869309793496392 1.361088170203815
5441 0.01869220663034209 1.361087544862709
5442 0.01869126561815391 1.361086950458717
5443 0.01869038063243137 1.361086298599736
5444 0.01868944321553122 1.361085671059252
5445 0.0186885649036171 1.36108499380891
5446 0.01868763199495579 1.361084335718467
5447 0.0186867284280508 1.361083630005232
5448 0.01868585783787752 1.361082919323626
5449 0.01868494061167003 1.361082231326548
5450 0.01868407214426092 1.361081487718655
5451 0.01868315449229525 1.361080758559548
5452 0.01868229104013601 1.361079984599209
5453 0.01868137699765937 1.361079220158089
5454 0.01868051994250226 1.361078419826977
5455 0.01867960962364837 1.361077623979093
5456 0.01867875802874637 1.361076798073952
5457 0.01867787047624313 1.361075984097847
5458 0.01867701255259041 1.361075126087425
5459 0.01867610420607895 1.361074263327751
5460 0.01867526360360921 1.361073383398267
5461 0.01867436819982359 1.361072498585645
5462 0.01867353380558687 1.361071597108875
5463 0.01867264340186785 1.361070685395628
5464 0.01867181548855233 1.361069761069852
5465 0.01867092931946546 1.361068819615099
5466 0.01867010556943223 1.361067868373625
5467 0.01866924263073417 1.361066924698423
5468 0.01866841243011674 1.361065937190614
5469 0.01866752773917008 1.361064922027433
5470 0.01866671335172084 1.361063911922292
5471 0.01866585867589619 1.361062904405834
5472 0.01866503979907409 1.36106186510671
5473 0.0186641645105954 1.361060788774877
5474 0.01866335998264613 1.361059728157894
5475 0.01866251654512879 1.361058665642712
5476 0.01866168471085676 1.361057553474172
5477 0.01866084309820058 1.361056418093226
5478 0.01866004518347465 1.361055316347793
5479 0.01865920270542847 1.361054181088348
5480 0.01865840888032448 1.361053051113931
5481 0.01865758580162737 1.361051910911773
5482 0.01865676816441308 1.361050725831437
5483 0.01865597264898467 1.361049553022034
5484 0.01865514871624741 1.361048354119378
5485 0.01865434093753414 1.361047136431472
5486 0.01865352866446377 1.361045872914499
5487 0.01865275378980027 1.361044700907393
5488 0.0186519671667415 1.361043449398808
5489 0.01865115291834474 1.361042173555515
5490 0.01865035490663439 1.36104090438263
5491 0.01864958359286606 1.36103961580167
5492 0.0186487709329442 1.361038284944133
5493 0.01864797284512503 1.361036954673052
5494 0.01864718695120551 1.361035606962628
5495 0.01864640498376567 1.361034256600895
5496 0.01864562635328817 1.361032898202827
5497 0.01864485111699237 1.361031529794638
5498 0.01864407993794643 1.361030152763766
5499 0.01864331066173379 1.361028762104433
5500 0.0186425487927425 1.361027344451574
5501 0.01864180489137387 1.36102597601966
5502 0.0186410063881345 1.361024510481774
5503 0.0186402370372093 1.361023032372744
5504 0.01863947692126188 1.361021560761692
5505 0.01863872252534376 1.361020063937413
5506 0.01863799171743092 1.361018628761781
5507 0.01863721268325004 1.361017108131706
5508 0.01863645739168799 1.361015572856768
5509 0.01863571070160597 1.361014019354221
5510 0.0186349886866989 1.361012530726184
5511 0.01863422318782903 1.361010963256709
5512 0.01863348376392704 1.361009371376095
5513 0.01863276808863902 1.36100784331005
5514 0.01863200430560182 1.361006221841345
5515 0.01863127450981034 1.361004596867138
5516 0.01863053153827825 1.361002960808072
5517 0.01862980610101553 1.361001348586598
5518 0.01862910725969917 1.360999748674167
5519 0.01862836588628064 1.360998074036487
5520 0.01862763407614808 1.360996392762035
5521 0.01862689702123282 1.360994664654425
5522 0.01862620123435187 1.360993014817717
5523 0.01862548752197294 1.360991306312316
5524 0.01862478284706542 1.360989620307977
5525 0.01862407787002201 1.36098790469451
5526 0.01862337458053303 1.360986177547383
5527 0.0186226736395321 1.360984437596846
5528 0.01862197712068105 1.360982691801034
5529 0.01862126090721741 1.360980875848174
5530 0.0186205464236552 1.360979037299665
5531 0.01861986569993524 1.360977264771246
5532 0.01861916894629456 1.360975429675782
5533 0.01861847650188006 1.360973611166351
5534 0.01861778903380553 1.360971773791333
5535 0.01861710738748497 1.360969934760753
5536 0.01861642856723526 1.360968085670709
5537 0.01861575180623625 1.360966224065453
5538 0.0186150770703259 1.360964350101991
5539 0.01861440450998308 1.360962463829776
5540 0.01861373388250841 1.360960564486472
5541 0.01861306518568181 1.360958651976961
5542 0.01861239872338934 1.360956727306046
5543 0.01861173438496366 1.360954790187782
5544 0.01861107175882163 1.360952839004332
5545 0.01861041186899105 1.360950877601547
5546 0.0186097541494568 1.360948903798528
5547 0.01860909885722335 1.360946918837948
5548 0.01860844564394326 1.360944921220592
5549 0.01860779551872327 1.360942914436979
5550 0.01860714765681384 1.360940895867686
5551 0.0186065019719278 1.360938865031103
5552 0.0186058584734192 1.360936822124793
5553 0.01860521799373066 1.360934770189442
5554 0.01860457979453819 1.360932706467276
5555 0.0186039440879708 1.360930632018249
5556 0.01860331046727373 1.360928544983933
5557 0.01860267988127275 1.36092644911888
5558 0.01860205175054215 1.360924342309394
5559 0.0186014256060625 1.360922222926343
5560 0.01860080229779811 1.360920093882176
5561 0.01860018130772115 1.360917953540059
5562 0.01859956235852752 1.360915800765784
5563 0.01859894582635661 1.360913637076478
5564 0.01859833173826676 1.360911462600305
5565 0.01859772011843158 1.360909277464127
5566 0.01859711096525482 1.360907081691152
5567 0.01859650427344823 1.360904875290612
5568 0.01859590002883629 1.360902658234501
5569 0.01859529823585676 1.360900430553159
5570 0.01859469887428637 1.36089819219851
5571 0.01859410192708932 1.360895943149408
5572 0.01859350737554893 1.36089368336849
5573 0.01859291521624536 1.360891412870531
5574 0.01859232543482632 1.360889131565392
5575 0.01859173740487915 1.360886837476232
5576 0.01859115216750977 1.360884533899076
5577 0.01859056943670709 1.360882220017833
5578 0.01858998912461293 1.360879895535597
5579 0.01858941120403975 1.360877560416732
5580 0.01858883566539457 1.360875214673774
5581 0.01858826250150472 1.360872858327491
5582 0.01858769171703101 1.36087049144261
5583 0.01858712330688721 1.360868114039253
5584 0.01858655727827985 1.360865726183216
5585 0.01858599363197445 1.36086332791941
5586 0.0185854323707297 1.360860919299312
5587 0.01858487347247482 1.360858500269948
5588 0.01858431694074457 1.360856070874647
5589 0.01858376279920507 1.360853631242342
5590 0.01858321105396269 1.360851181435985
5591 0.01858266169389921 1.360848721447386
5592 0.01858211471878311 1.360846251281946
5593 0.0185815700980277 1.36084377084053
5594 0.01858102765974201 1.360841279671249
5595 0.01858048744867878 1.360838777951341
5596 0.0185799495293991 1.360836265916656
5597 0.01857941392562547 1.36083374366829
5598 0.01857888066011856 1.360831211313608
5599 0.01857834974058316 1.360828668897792
5600 0.01857782118140715 1.360826116497297
5601 0.01857729498765532 1.36082355415124
5602 0.0185767711684001 1.360820981918123
5603 0.01857624972089136 1.360818399811152
5604 0.01857573065027732 1.360815807872787
5605 0.01857521395342698 1.360813206111871
5606 0.01857469963463107 1.360810594577528
5607 0.01857418768970697 1.36080797328469
5608 0.01857367812010195 1.360805342276087
5609 0.01857317090633165 1.360802701521772
5610 0.01857266606161025 1.360800051100775
5611 0.01857216357550377 1.360797390998826
5612 0.01857166344178889 1.360794721209699
5613 0.0185711656764804 1.360792041824929
5614 0.01857067028462809 1.360789352889279
5615 0.0185701772564845 1.360786654391176
5616 0.01856968659464948 1.360783946376787
5617 0.01856919829486206 1.360781228866524
5618 0.01856871235972403 1.36077850191275
5619 0.01856822878075772 1.360775765511056
5620 0.01856774756078989 1.360773019674468
5621 0.01856726872680403 1.360770264601667
5622 0.01856679223429532 1.360767500136407
5623 0.01856631807459408 1.360764726270658
5624 0.01856584626341197 1.360761943092844
5625 0.01856537679673872 1.360759150620988
5626 0.01856490967299932 1.3607563489202
5627 0.01856444488459092 1.360753538009782
5628 0.01856398243481389 1.360750717933557
5629 0.01856352232521525 1.36074788872543
5630 0.018563064567476 1.360745050501254
5631 0.01856260915639737 1.360742203306543
5632 0.01856215609126951 1.360739347168421
5633 0.01856170535675906 1.360736482007058
5634 0.01856125694631429 1.360733607789154
5635 0.0185608108567646 1.360730724542879
5636 0.01856036698140728 1.360727831359145
5637 0.01855992539268955 1.360724929128908
5638 0.01855948625775878 1.360722018008813
5639 0.01855904931527198 1.360719098083838
5640 0.01855861471186435 1.360716169203437
5641 0.01855818244271838 1.360713231431463
5642 0.01855775251187499 1.360710284865828
5643 0.01855732491039724 1.360707329530914
5644 0.01855689963317488 1.36070436544615
5645 0.01855647666876875 1.360701392592766
5646 0.01855605602796502 1.360698411065838
5647 0.01855563771796616 1.360695420957164
5648 0.01855522171190399 1.360692422159416
5649 0.01855480799865172 1.360689414645916
5650 0.01855439659400981 1.360686398557815
5651 0.01855398749428264 1.360683373902838
5652 0.01855358069487308 1.360680340665808
5653 0.01855317619189482 1.360677298890454
5654 0.01855277225054749 1.360674239760446
5655 0.01855237209781447 1.360671180233863
5656 0.01855197467404941 1.360668114265746
5657 0.01855157963109041 1.360665040106646
5658 0.01855118688898962 1.360661957463085
5659 0.01855079642454591 1.360658866283176
5660 0.01855040823002862 1.360655766593172
5661 0.01855002229163969 1.360652658351768
5662 0.01854963860525834 1.360649541576262
5663 0.0185492571431113 1.360646416194951
5664 0.01854884423132416 1.360643114396759
5665 0.01854849560414235 1.360640123418223
5666 0.01854811702631329 1.360636954058753
5667 0.01854775691591424 1.360633855291772
5668 0.01854735696992428 1.360630530891112
5669 0.01854700560928674 1.360627448372729
5670 0.0185466566535884 1.360624348626654
5671 0.01854629801118163 1.360621173675691
5672 0.0185459046623766 1.360617801174968
5673 0.01854556053063822 1.360614680322596
5674 0.01854521926726185 1.360611543565051
5675 0.01854483599601447 1.360608161605122
5676 0.01854449933633423 1.360605019339737
5677 0.01854416512996785 1.360601858898363
5678 0.01854378875137431 1.360598450181996
5679 0.01854345833410185 1.360595282597256
5680 0.01854313050512823 1.360592097125254
5681 0.01854276076724532 1.36058866194836
5682 0.01854243662465725 1.360585469995898
5683 0.01854211527469945 1.360582260495359
5684 0.01854175234679827 1.360578800039401
5685 0.01854143464574256 1.360575584776092
5686 0.01854111991732484 1.360572352179706
5687 0.01854076393644605 1.360568867370855
5688 0.01854045276991107 1.360565629559242
5689 0.01854014472070659 1.360562374508451
5690 0.01853979573313303 1.360558865918631
5691 0.0185394911491602 1.360555606053424
5692 0.01853919159169821 1.360552337755966
5693 0.01853884840211369 1.360548799824287
5694 0.01853855102032272 1.360545520797353
5695 0.01853825666165582 1.360542222967881
5696 0.01853792030420696 1.360538661023498
5697 0.01853762957382127 1.360535360811906
5698 0.01853730379825785 1.360531830742829
5699 0.01853705473570873 1.360528702940413
5700 0.018536739868522 1.360525178546859
5701 0.01853641048542228 1.360521582612885
5702 0.01853616679201792 1.360518433146275
5703 0.01853585575970024 1.360514871583773
5704 0.01853553332664466 1.360511254611041
5705 0.018535297321367 1.360508091317524
5706 0.018534992670095 1.360504503380528
5707 0.01853467776295796 1.360500866643299
5708 0.01853444917830068 1.360497688159702
5709 0.01853415169217083 1.360494078331179
5710 0.01853384387847401 1.360490420810603
5711 0.01853362189281616 1.360487224248051
5712 0.01853333073982017 1.360483589889239
5713 0.01853302990661597 1.36047991170024
5714 0.01853279644414339 1.36047658321015
5715 0.01853253502417538 1.360473085713757
5716 0.01853223770438264 1.360469353039748
5717 0.01853201077008354 1.360466000044873
5718 0.01853175621039026 1.360462482039238
5719 0.0185314656871421 1.360458726242121
5720 0.0185312444559934 1.36045534858601
5721 0.01853098497366966 1.360451744534659
5722 0.01853075071179258 1.36044823673033
5723 0.01853048904618128 1.36044458938328
5724 0.0185302178419934 1.36044085731564
5725 0.0185300125260466 1.360437475030373
5726 0.01852977282964272 1.360433885245362
5727 0.01852950086861825 1.360430074766098
5728 0.01852929897421354 1.360426657343174
5729 0.01852906652205105 1.360423055367625
5730 0.01852880702927267 1.360419255144629
5731 0.01852859018417894 1.360415723311454
5732 0.01852833307472967 1.360411886118957
5733 0.01852813403967235 1.360408428710424
5734 0.01852788990978384 1.360404620902088
5735 0.01852769699300652 1.360401156229271
5736 0.01852745754875573 1.36039733237764
5737 0.01852726827751947 1.360393851306058
5738 0.01852703237424797 1.360390008714897
5739 0.01852684637960266 1.360386510921077
5740 0.01852661401141897 1.360382650552497
5741 0.01852643146072763 1.360379137166151
5742 0.01852620294169183 1.360375260533559
5743 0.01852602409632065 1.360371732927156
5744 0.01852581366259333 1.36036793041469
5745 0.01852562797473731 1.360364308479915
5746 0.01852544554893758 1.360360615973734
5747 0.01852522833667168 1.360356771012147
5748 0.01852500824427097 1.360352868506518
5749 0.01852484099638137 1.360349310140925
5750 0.01852464461042272 1.360345477069062
5751 0.0185244731400417 1.360341826429581
5752 0.01852430584295298 1.360338106311216
5753 0.01852410308853304 1.36033423032973
5754 0.01852389770745894 1.360330296746104
5755 0.01852374418745579 1.360326709558076
5756 0.01852356212904442 1.360322844488557
5757 0.01852339483995459 1.360319101606676
5758 0.01852324745846472 1.360315399891055
5759 0.0185230609208001 1.360311503243314
5760 0.01852289017839081 1.360307683622988
5761 0.01852272681026888 1.360303869959342
5762 0.0185225661846035 1.360300049954859
5763 0.01852240744808067 1.360296223512332
5764 0.01852225056445909 1.360292391147513
5765 0.01852209562814252 1.360288553107507
5766 0.01852194272261139 1.360284709492457
5767 0.01852179196374028 1.36028086052142
5768 0.01852164324502329 1.360277005843849
5769 0.01852149665074399 1.360273145652682
5770 0.0185213521574458 1.360269279635703
5771 0.01852120974843115 1.360265407644423
5772 0.0185210694556268 1.360261529978678
5773 0.0185209312988109 1.360257646807266
5774 0.01852079527925024 1.360253758197051
5775 0.01852066139772991 1.360249864189287
5776 0.01852054940960042 1.360246043389422
5777 0.01852040075173643 1.360242054757252
5778 0.0185202675983381 1.360238134994713
5779 0.01852016202120517 1.360234299563956
5780 0.01852002058416167 1.360230296828695
5781 0.01851989484574487 1.360226363726739
5782 0.01851979655490297 1.360222515103266
5783 0.018519662075947 1.360218498574371
5784 0.01851956370880527 1.360214634929515
5785 0.018519431790854 1.360210600114055
5786 0.01851931750651709 1.360206644798253
5787 0.01851923105234068 1.360202775276197
5788 0.01851910774454584 1.360198734500942
5789 0.01851902292961262 1.360194858182118
5790 0.01851890448676703 1.360190813182669
5791 0.01851881983041879 1.360186909489745
5792 0.01851870416912081 1.360182844547987
5793 0.0185186245267118 1.360178935073317
5794 0.01851851277777766 1.360174856616637
5795 0.01851841786622146 1.360170858629187
5796 0.01851835037437944 1.360166944356251
5797 0.01851824673013239 1.360162858837159
5798 0.0185181778424028 1.360158924745489
5799 0.01851807646194997 1.360154822329289
5800 0.01851801233838502 1.360150882471633
5801 0.01851791502621468 1.360146768487789
5802 0.01851785598454907 1.360142823584015
5803 0.01851776222874663 1.360138696732085
5804 0.01851770880400801 1.360134749436974
5805 0.01851761909442782 1.360130611016072
5806 0.01851757036702733 1.360126658019313
5807 0.01851748452383564 1.360122507691857
5808 0.0185174402932274 1.360118548038804
5809 0.01851735832081262 1.360114386265908
5810 0.01851731848195785 1.360110419379491
5811 0.01851724043070515 1.360106246771522
5812 0.0185172049298494 1.36010227231614
5813 0.01851713084909424 1.360098089379773
5814 0.01851709964031641 1.360094107166182
5815 0.01851702957775394 1.360089914415529
5816 0.01851700267931113 1.360085924695398
5817 0.01851693665925421 1.360081722405772
5818 0.01851691404595211 1.360077725054388
5819 0.01851685208063459 1.360073513402395
5820 0.01851683372968378 1.360069508329644
5821 0.01851677586750837 1.360065287611131
5822 0.01851676181695186 1.360061275013775
5823 0.01851670808423496 1.360057045453644
5824 0.01851669830072138 1.360053025407658
5825 0.01851664472162982 1.360048768803677
5826 0.0185166418786684 1.360044754506336
5827 0.01851659444332208 1.360040497216405
5828 0.01851659581538115 1.360036475555876
5829 0.01851655241908607 1.360032210182344
5830 0.01851655784761788 1.360028180467683
5831 0.01851651828300436 1.360023905619894
5832 0.01851652763236587 1.360019866516477
5833 0.01851649181858832 1.360015581164837
5834 0.01851650517521812 1.360011533109847
5835 0.01851647327866398 1.36000723846462
5836 0.01851649076542563 1.360003182671431
5837 0.01851646285106618 1.359998879371934
5838 0.01851648451839832 1.359994816473693
5839 0.01851646062087978 1.359990504930808
5840 0.01851648649406282 1.359986435376032
5841 0.01851646662345991 1.359982115806786
5842 0.01851649670560179 1.359978039798641
5843 0.0185164808528037 1.359973712266435
5844 0.01851651513004868 1.359969629881583
5845 0.01851650326865509 1.359965294333072
5846 0.01851654172640787 1.359961205596306
5847 0.01851653383642701 1.359956862011382
5848 0.01851657646046806 1.359952766952348
5849 0.01851657252475647 1.359948415356927
5850 0.01851661931016434 1.359944314072977
5851 0.01851661934157994 1.359939954672102
5852 0.0185166702953358 1.359935847333634
5853 0.01851667429453099 1.359931480212095
5854 0.0185167294129345 1.359927366890732
5855 0.0185167373523064 1.359922992003332
5856 0.01851679661493289 1.359918872767508
5857 0.01851680848846887 1.359914490202933
5858 0.01851687188618022 1.359910365103914
5859 0.0185168876967696 1.359905975010111
5860 0.01851695522808456 1.359901844148169
5861 0.01851697496457062 1.359897446523255
5862 0.01851704656701056 1.359893309532947
5863 0.01851707032930154 1.359888905195189
5864 0.01851714594063976 1.359884761722062
5865 0.01851717370945951 1.359880350804957
5866 0.01851725332358589 1.359876201011982
5867 0.01851728505428914 1.359871783450273
5868 0.01851736867298607 1.359867627518509
5869 0.0185174043351203 1.35986320322828
5870 0.01851749195370792 1.359859041240931
5871 0.01851753156473909 1.359854610578318
5872 0.01851762320519731 1.359850442839402
5873 0.01851766679142328 1.359846005960526
5874 0.01851776252229325 1.359841832857962
5875 0.01851781016892924 1.359837390077026
5876 0.01851790921253949 1.359833207644435
5877 0.01851795989062122 1.359828754666009
5878 0.01851806160456091 1.359824561081268
5879 0.01851811389461135 1.359820092539997
5880 0.01851821571894054 1.359815877201384
5881 0.01851826506796252 1.359811373938857
5882 0.01851835987636126 1.359807103244046
5883 0.01851844571503238 1.359802802725309
5884 0.0185184797298719 1.359798140166717
5885 0.01851858727358687 1.359793897275819
5886 0.01851869327228838 1.359789670927398
5887 0.01851879444035029 1.359785321408344
5888 0.01851890358270285 1.359781046900095
5889 0.01851901141921363 1.359776708310062
5890 0.01851911913830212 1.35977235727491
5891 0.0185192279142552 1.359768007355837
5892 0.0185193383946373 1.359763660231946
5893 0.01851944161008687 1.35975922165854
5894 0.01851955972541912 1.359754952312768
5895 0.01851966992303876 1.359750532234213
5896 0.0185197839296196 1.359746192061817
5897 0.01851990634221006 1.359741852370362
5898 0.01852002515302764 1.359737469445764
5899 0.01852010353075445 1.359732862536521
5900 0.01852025706261429 1.359728684544446
5901 0.01852039359143692 1.359724368159552
5902 0.0185204898664405 1.359719846692817
5903 0.01852064391809107 1.359715567434702
5904 0.01852074630050397 1.359711041058988
5905 0.01852090628156109 1.359706808408456
5906 0.01852105079189543 1.359702485022653
5907 0.01852114328569989 1.359697816285328
5908 0.0185213047180082 1.359693576932785
5909 0.01852145784560414 1.359689288409074
5910 0.01852156295604162 1.359684656867037
5911 0.01852172960276097 1.359680391060019
5912 0.01852185208770351 1.359675879642016
5913 0.01852202566219578 1.359671608906591
5914 0.01852215236223857 1.359667090422443
5915 0.01852233110067298 1.359662824610157
5916 0.01852246023402405 1.359658287595829
5917 0.01852264294202932 1.3596540228704
5918 0.01852277431299194 1.359649468441238
5919 0.01852296075621923 1.359645204290904
5920 0.01852309446911622 1.359640635445588
5921 0.01852328479283438 1.359636368775961
5922 0.01852342179491394 1.359631792106832
5923 0.01852361591053593 1.359627522962106
5924 0.01852375645774168 1.359622940267998
5925 0.01852395433498975 1.359618667730216
5926 0.01852409859246537 1.359614080343496
5927 0.01852430023474305 1.359609803959567
5928 0.01852444823245088 1.359605212188108
5929 0.0185246536273027 1.359600931650356
5930 0.01852480544378766 1.359596336412674
5931 0.01852501462353634 1.359592051981115
5932 0.01852517033128581 1.359587454100176
5933 0.01852538330568118 1.359583165939232
5934 0.01852554291075441 1.359578565690398
5935 0.01852575962234051 1.359574273340228
5936 0.0185259230791992 1.359569670508754
5937 0.01852614352175043 1.359565374084555
5938 0.01852631084302606 1.359560768993729
5939 0.01852653503526458 1.359556468816769
5940 0.01852674843970946 1.359552125417539
5941 0.0185269049429983 1.359547366318676
5942 0.01852713481399109 1.359543097071216
5943 0.01852730888567857 1.359538450508129
5944 0.01852754640421474 1.359534192168494
5945 0.01852772209375543 1.359529525569832
5946 0.01852796483232183 1.359525272777965
5947 0.01852814405557428 1.359520595737853
5948 0.01852839133261778 1.359516347413561
5949 0.01852857372950461 1.359511660193536
5950 0.01852882513569877 1.359507414394216
5951 0.01852905840066902 1.359503025805387
5952 0.01852923106153826 1.359498218149102
5953 0.01852948459670905 1.35949396859423
5954 0.01852967375565124 1.359489262490255
5955 0.01852990004885448 1.359484851291355
5956 0.01853017305611001 1.359480611487255
5957 0.01853041606562858 1.359476174866689
5958 0.01853064643232953 1.359471662055983
5959 0.0185308306229497 1.359466886903959
5960 0.01853109473149627 1.3594625936591
5961 0.01853134074824572 1.359458160044837
5962 0.01853157947809856 1.35945366161137
5963 0.01853177342347747 1.359448895121945
5964 0.0185320459729945 1.359444601277568
5965 0.01853230498539739 1.35944021067904
5966 0.01853255615733382 1.359435733710531
5967 0.01853280349723712 1.359431225878419
5968 0.01853299855518323 1.359426366745477
5969 0.018533280018724 1.359422115080155
5970 0.01853354847400841 1.359417717856364
5971 0.01853376020806055 1.359412914183671
5972 0.01853405226334222 1.359408670490569
5973 0.01853432780120002 1.359404273736051
5974 0.0185345515804143 1.359399536962272
5975 0.01853485054609222 1.359395277632414
5976 0.01853512759818977 1.359390826447178
5977 0.01853539439574754 1.359386306418676
5978 0.01853561537231659 1.359381519842947
5979 0.01853591689200638 1.359377233406867
5980 0.01853619983575224 1.359372793658017
5981 0.01853647486736894 1.359368286333643
5982 0.01853670488272855 1.359363510733605
5983 0.01853701394005803 1.359359214438899
5984 0.01853730818634786 1.359354814656725
5985 0.01853759553815815 1.359350335424619
5986 0.01853787956897688 1.359345828020659
5987 0.01853816276052546 1.359341311515841
5988 0.01853844680862814 1.359336794132496
5989 0.01853868210153228 1.359331939046508
5990 0.01853900374955333 1.359327692046351
5991 0.01853931268273171 1.359323299858492
5992 0.01853957190498304 1.359318574370363
5993 0.0185399073123196 1.359314338236124
5994 0.01854022055104358 1.359309898330562
5995 0.01854052312586631 1.359305388528199
5996 0.01854082264049383 1.35930086573089
5997 0.01854107998073557 1.359296091182758
5998 0.01854141888813812 1.359291829861842
5999 0.0185417386207763 1.359287392377144
6000 0.01854204970263499 1.359282886731322
6001 0.01854232130294861 1.359278187217471
6002 0.01854266342390614 1.359273814768363
6003 0.01854298754799238 1.359269384624547
6004 0.01854330599841904 1.359264896225509
6005 0.01854358806035451 1.359260224814604
6006 0.0185439346443422 1.359255817344714
6007 0.01854426547115193 1.359251392024189
6008 0.01854459336971356 1.359246927451046
6009 0.01854488043290877 1.359242202056187
6010 0.01854523979830783 1.359237910695355
6011 0.01854558494337893 1.359233513084239
6012 0.01854592082691932 1.359229020599802
6013 0.01854625203450569 1.359224497623668
6014 0.0185465822697306 1.359219969474002
6015 0.01854686350272348 1.359215098659083
6016 0.0185472307240296 1.359210854747649
6017 0.01854758545058983 1.359206461076105
6018 0.01854789063318892 1.359201724725787
6019 0.01854827052981281 1.359197486276596
6020 0.01854862929380678 1.359193041164085
6021 0.01854897760732709 1.359188527890434
6022 0.01854928039885769 1.359183743235185
6023 0.0185496616104492 1.359179469965906
6024 0.01855002419659773 1.35917502910612
6025 0.01855034309235047 1.3591703513855
6026 0.01855072692518831 1.359165971122956
6027 0.01855109192162923 1.359161535533773
6028 0.01855141175470658 1.359156810117201
6029 0.01855180144779769 1.359152501143235
6030 0.01855217617992674 1.359148098619938
6031 0.01855254484870245 1.359143620603718
6032 0.01855291056710649 1.359139117181036
6033 0.01855327541597409 1.359134605361005
6034 0.01855359118422561 1.359129742205556
6035 0.01855399003982228 1.359125499718665
6036 0.01855437671721091 1.35912110961378
6037 0.01855470909959564 1.359116303578078
6038 0.01855511927379589 1.359112078002959
6039 0.01855551260007198 1.359107687356295
6040 0.01855584990106493 1.359102877477734
6041 0.0185562312275729 1.359098489474483
6042 0.0185566575672603 1.359094226777478
6043 0.018557047138295 1.359089655410905
6044 0.01855739752370901 1.359085058072058
6045 0.01855781488802759 1.359080748671386
6046 0.0185582075740738 1.359076191278606
6047 0.01855860272459515 1.359071848882312
6048 0.01855895046401108 1.35906698752373
6049 0.01855937497111278 1.359062786825178
6050 0.01855978052331827 1.35905828059591
6051 0.01856013578883335 1.359053554146664
6052 0.01856057091088729 1.35904939476685
6053 0.01856098218812241 1.359044857391562
6054 0.01856139083849011 1.359040516021235
6055 0.01856179076724995 1.359035879633645
6056 0.01856219726314039 1.359031521544523
6057 0.01856259806219844 1.359026882019509
6058 0.01856296315572548 1.359022207964746
6059 0.01856340849263204 1.359018009468826
6060 0.01856382897369523 1.359013462534695
6061 0.01856424882008954 1.359009132279692
6062 0.01856466129950903 1.35900451047322
6063 0.01856503648710862 1.358999848043901
6064 0.01856549088497812 1.358995649073431
6065 0.01856592881622058 1.358991273717654
6066 0.01856634860702192 1.358986652047251
6067 0.01856677407490143 1.358982323158202
6068 0.01856720478032705 1.358977868816516
6069 0.01856763391578224 1.358973391375308
6070 0.01856801621080197 1.358968571865427
6071 0.01856846601163832 1.358964200348856
6072 0.01856890653002356 1.358959861266025
6073 0.01856934528274592 1.358955434081436
6074 0.01856978496466452 1.358951008930432
6075 0.01857018415386293 1.358946312709097
6076 0.0185706569465061 1.358942075066165
6077 0.01857110970203961 1.358937689109224
6078 0.01857155686670684 1.358933257312263
6079 0.018571967744759 1.358928640056498
6080 0.01857244512085592 1.358924329955229
6081 0.01857290131996142 1.358919946494678
6082 0.01857331834243225 1.358915342975112
6083 0.01857380578039246 1.358911157562382
6084 0.01857426709992831 1.358906646376867
6085 0.01857471762407353 1.358902196069833
6086 0.0185751347238128 1.358897574678666
6087 0.01857562659411343 1.358893392888885
6088 0.01857609425038241 1.358888900256807
6089 0.0185765522420984 1.358884465866106
6090 0.01857697698986055 1.358879856046495
6091 0.01857747561528869 1.358875676807421
6092 0.01857795060269615 1.358871200779119
6093 0.01857841629156233 1.358866781293054
6094 0.0185788485973855 1.358862182539774
6095 0.01857935174196309 1.358857883635576
6096 0.01857983390734484 1.358853565317624
6097 0.01858031181525544 1.358849168549195
6098 0.01858079776706027 1.358844921252628
6099 0.0185812772657758 1.358840370662239
6100 0.01858175074960958 1.358835940422638
6101 0.01858217766531954 1.358831239199405
6102 0.01858270328077038 1.358827205757094
6103 0.01858320217696227 1.358822755264666
6104 0.01858368568743253 1.35881833790425
6105 0.01858412554366924 1.358813727962177
6106 0.01858465233426209 1.35880949589501
6107 0.01858515181414872 1.358805169164772
6108 0.01858560261832416 1.358800590772079
6109 0.01858614196636318 1.358796500700053
6110 0.01858664918025492 1.358792045927065
6111 0.01858714231198536 1.358787652034771
6112 0.01858759334263022 1.358783058883635
6113 0.01858813680023291 1.358778973824371
6114 0.01858864964412045 1.358774535313456
6115 0.01858914929765291 1.35877015500221
6116 0.01858960702376265 1.358765572631039
6117 0.01859015676975026 1.358761494447196
6118 0.01859067607062532 1.358757068034139
6119 0.01859118215442066 1.358752697985833
6120 0.01859164625662692 1.358748125007396
6121 0.01859220202766941 1.358744053658338
6122 0.01859272752370907 1.358739637843358
6123 0.01859323978580262 1.358735277388222
6124 0.01859371008569996 1.35873071359967
6125 0.01859427169367124 1.358726648654687
6126 0.01859480327761167 1.358722243181884
6127 0.01859532167773832 1.358717892342397
6128 0.01859580166168194 1.35871340646692
6129 0.01859636535126047 1.358709167973264
6130 0.01859690361325258 1.358705014972143
6131 0.01859743299359823 1.358700539400629
6132 0.0185979628769737 1.358696342337383
6133 0.01859849257775339 1.358691863457194
6134 0.01859897538533353 1.358687356341615
6135 0.01859954530208144 1.358683137618129
6136 0.01860008799916 1.35867888242362
6137 0.01860062687065619 1.358674577771984
6138 0.01860111747220435 1.358669984857191
6139 0.01860170134282223 1.358666036453238
6140 0.01860225901846113 1.358661666266908
6141 0.01860280016615561 1.358657338925437
6142 0.01860334164447868 1.358653016120425
6143 0.01860384233478203 1.358648511994373
6144 0.0186044341984093 1.358644514554594
6145 0.01860499651172981 1.358640144792468
6146 0.0186055442041279 1.358635835552069
6147 0.01860604973191438 1.358631332644888
6148 0.01860664619839603 1.358627333472556
6149 0.01860721385139293 1.35862298790547
6150 0.0186077746949157 1.35861885066841
6151 0.01860833296209202 1.358614416096117
6152 0.01860884071763815 1.358609904052305
6153 0.01860944243759777 1.35860591298638
6154 0.01861001682130841 1.358601590973439
6155 0.01861058556557604 1.358597473451331
6156 0.01861115296630737 1.358593065719676
6157 0.01861172046389273 1.358588933269383
6158 0.0186122961404272 1.358584688811711
6159 0.01861286986468658 1.358580420782144
6160 0.01861343532756082 1.358575988987864
6161 0.01861399739166777 1.358571729380365
6162 0.01861452555716995 1.358567267794438
6163 0.01861514097258722 1.358563321105463
6164 0.01861573467881918 1.358559031888189
6165 0.01861631522404461 1.35855481403791
6166 0.0186168561414696 1.358550394978851
6167 0.01861748079664289 1.358546460577751
6168 0.01861808058191524 1.358542181492058
6169 0.01861866574146259 1.358537966112805
6170 0.01861921156111805 1.358533556708981
6171 0.01861984084653897 1.358529624970193
6172 0.01862044522370751 1.358525357687176
6173 0.0186210351479467 1.358521149439076
6174 0.01862158603800132 1.358516749556134
6175 0.01862222018238364 1.358512823095607
6176 0.01862282972364116 1.358508569213888
6177 0.01862342507531905 1.358504372502365
6178 0.01862398159670208 1.358499984477031
6179 0.01862462105965778 1.358496066468882
6180 0.01862523623772539 1.35849182762491
6181 0.01862583744156942 1.358487644791293
6182 0.01862639995333341 1.358483270757494
6183 0.01862704500174005 1.358479362787733
6184 0.01862766604962991 1.358475140830364
6185 0.01862827332980312 1.358470974042033
6186 0.01862884199229931 1.358466615152945
6187 0.01862948900018111 1.358462582839809
6188 0.01863011100905405 1.35845851271294
6189 0.01863072983813856 1.358454369404591
6190 0.01863134798854858 1.358450227696109
6191 0.01863192697069298 1.358445887870699
6192 0.01863258149676039 1.358441868121562
6193 0.01863321300199658 1.358437833513188
6194 0.01863384127598586 1.358433722012688
6195 0.01863446774961376 1.358429595574977
6196 0.01863509320789387 1.358425455937899
6197 0.0186357196240243 1.358421323412033
6198 0.01863630201436799 1.358416925227965
6199 0.01863696668139765 1.358413023792947
6200 0.0186376089006667 1.358408975785957
6201 0.01863824582117298 1.358404877939744
6202 0.01863888060654582 1.358400764768409
6203 0.01863951635986865 1.358396660628513
6204 0.01864011056979991 1.358392310832402
6205 0.01864078529531005 1.358388435942147
6206 0.01864143658341175 1.358384414699684
6207 0.01864208277682981 1.358380342811069
6208 0.01864268767728054 1.358376076922729
6209 0.01864336922430212 1.3583721437265
6210 0.01864402372807957 1.358368140485452
6211 0.01864467288034489 1.358364071210198
6212 0.01864528167328874 1.358359819609773
6213 0.01864596755388733 1.358355891901447
6214 0.0186466263826983 1.358351904597673
6215 0.0186472816297874 1.358347859531309
6216 0.01864793608539312 1.3583438101032
6217 0.01864854960613621 1.358339509913464
6218 0.01864923961880622 1.358335656369672
6219 0.01864990947344609 1.358331722425897
6220 0.01865057550196771 1.358327719839722
6221 0.01865123853100339 1.358323683277901
6222 0.01865190113455539 1.358319652692167
6223 0.01865251965966565 1.358315352051915
6224 0.01865321923432904 1.358311553749348
6225 0.01865389620190159 1.358307603876134
6226 0.01865456800734052 1.358303608523546
6227 0.01865523761582525 1.358299595588666
6228 0.01865590826960358 1.358295595470979
6229 0.01865653763994616 1.358291347129412
6230 0.01865724703325503 1.358287578274253
6231 0.01865793287936075 1.358283659673728
6232 0.01865861352286336 1.358279692251739
6233 0.01865925245423861 1.35827552673944
6234 0.01865996884881693 1.358271700910845
6235 0.01866065769876294 1.358267804917641
6236 0.01866134152495536 1.358263842404419
6237 0.01866202508959616 1.358259884351604
6238 0.01866270925996578 1.358255925460482
6239 0.01866335332560905 1.358251726863978
6240 0.01866407481399105 1.358247975469635
6241 0.01866477497004769 1.358244141516787
6242 0.01866547193677623 1.358240242272159
6243 0.01866616646862876 1.358236312206468
6244 0.01866686027023413 1.358232385920995
6245 0.01866750880185269 1.358228132915255
6246 0.01866823545086765 1.358224470604349
6247 0.01866894466507826 1.358220652138734
6248 0.01866964814037461 1.358216751416933
6249 0.01867035076606223 1.358212853027321
6250 0.01867100932347354 1.358208695352378
6251 0.01867174727182644 1.358205023914122
6252 0.01867246061498531 1.358201197155039
6253 0.01867312706199196 1.358197078746894
6254 0.01867386936609863 1.358193399224945
6255 0.01867458712602777 1.358189600749705
6256 0.01867529865997715 1.358185738806466
6257 0.01867600914446144 1.358181867829391
6258 0.01867671973991615 1.358178002971631
6259 0.01867743226471647 1.358174147779998
6260 0.01867814666364976 1.358170303056218
6261 0.01867881974166694 1.358166195188007
6262 0.01867957127077064 1.358162572755629
6263 0.01868030088052028 1.358158825421574
6264 0.01868102583240212 1.358155016305685
6265 0.01868174789019002 1.358151182515031
6266 0.0186824699229481 1.358147358185395
6267 0.01868319201395338 1.358143531157033
6268 0.01868391596396655 1.358139717214115
6269 0.01868464082263455 1.358135904517529
6270 0.01868536789839553 1.358132103650402
6271 0.01868609588009074 1.358128304119201
6272 0.01868682434792571 1.358124506450971
6273 0.01868755584118132 1.358120719992899
6274 0.01868828950755358 1.358116944499662
6275 0.01868898150970384 1.358112916284368
6276 0.01868975402312635 1.35810937904486
6277 0.01869050168231825 1.358105683715653
6278 0.01869120205168079 1.358101690309278
6279 0.01869197710355951 1.358098136336229
6280 0.01869272701742319 1.358094457989612
6281 0.01869347194205745 1.358090722611168
6282 0.01869417353074096 1.358086730793272
6283 0.01869495363070412 1.358083190998442
6284 0.01869570714014201 1.358079540078909
6285 0.0186964572544795 1.358075836482923
6286 0.01869716369473409 1.358071854449262
6287 0.01869794757743399 1.358068333935603
6288 0.01869870672496509 1.35806471248731
6289 0.01869946230632607 1.358061027846258
6290 0.01870016954732308 1.358056990173119
6291 0.01870095350822398 1.358053540675349
6292 0.0187017190770564 1.358049936406846
6293 0.0187024380742097 1.358046002609035
6294 0.01870323207931168 1.358042545205295
6295 0.01870400070839158 1.358038925983258
6296 0.01870472182115456 1.358035014897155
6297 0.01870551846171584 1.358031556782927
6298 0.01870628949067931 1.358027965884498
6299 0.01870701511737725 1.358024132334976
6300 0.01870781814610423 1.358020623866417
6301 0.01870859020024312 1.358017048717275
6302 0.01870935841261165 1.358013416115287
6303 0.01871012652980061 1.358009784104932
6304 0.01871085441980256 1.358005954945507
6305 0.01871166176174823 1.358002475456041
6306 0.01871244116410834 1.357998959354025
6307 0.01871321881530754 1.357995376168795
6308 0.01871399501495823 1.357991779257102
6309 0.0187147712989009 1.357988179090872
6310 0.01871550489506671 1.357984267289101
6311 0.01871631317419733 1.357980940145308
6312 0.01871710413228996 1.357977452297486
6313 0.01871789043574855 1.357973890867861
6314 0.01871867474077488 1.357970328475488
6315 0.01871941748070679 1.357966513578146
6316 0.01872023659689841 1.357963182964699
6317 0.0187210324313018 1.357959698609733
6318 0.0187217830856324 1.357955927203162
6319 0.01872260713237369 1.35795259703965
6320 0.01872340592992944 1.357949140195347
6321 0.01872416058293029 1.357945445165352
6322 0.01872499110686216 1.357942063552127
6323 0.0187257904031343 1.357938622185928
6324 0.01872658635105125 1.357935123565482
6325 0.01872738212669601 1.357931624877601
6326 0.01872813827807876 1.357927876038035
6327 0.01872896869736008 1.35792458961435
6328 0.01872977718376289 1.357921201703448
6329 0.01873058271905562 1.357917752810585
6330 0.01873138656329246 1.357914280378505
6331 0.01873218882077653 1.357910811071325
6332 0.01873295102086994 1.357907037087343
6333 0.01873378460301519 1.3579038331472
6334 0.01873460111195127 1.357900475014249
6335 0.01873541431720425 1.357897047034603
6336 0.01873618492120147 1.357893369596836
6337 0.01873702883816394 1.357890156920366
6338 0.01873784931429102 1.357886800022144
6339 0.01873862592824548 1.357883156615093
6340 0.0187394738937649 1.357879948945957
6341 0.01874029703163812 1.357876616169834
6342 0.01874107700739161 1.357873049944982
6343 0.01874193175029787 1.357869794085375
6344 0.01874275546908593 1.357866479034982
6345 0.01874357618085665 1.357863109485565
6346 0.01874439680424896 1.357859740247346
6347 0.01874517886153384 1.357856124502136
6348 0.01874602902344269 1.357852945507522
6349 0.01874686104601508 1.357849680623462
6350 0.01874769136906038 1.357846362127251
6351 0.01874848401973373 1.357842739518645
6352 0.01874933797127643 1.35783963552126
6353 0.01875017590746858 1.357836394448334
6354 0.01875097490863008 1.357832857697646
6355 0.01875183795454126 1.357829748236564
6356 0.01875264259405628 1.357826329204214
6357 0.01875348055391242 1.357822973937824
6358 0.01875434962473244 1.357819847794145
6359 0.01875518965355609 1.357816656577249
6360 0.0187559958147571 1.357813156614646
6361 0.01875686025412849 1.357810049008851
6362 0.01875770466927996 1.357806881530612
6363 0.01875851425909492 1.357803375056164
6364 0.01875938187466356 1.357800323411437
6365 0.01876019739591431 1.357796890386566
6366 0.01876106962071749 1.357793867729156
6367 0.01876188851664217 1.35779043642055
6368 0.01876276268639618 1.357787427974613
6369 0.01876358267402607 1.357784052602881
6370 0.01876442931914337 1.3577808576182
6371 0.01876531679812852 1.3577778042678
6372 0.01876613965309758 1.357774438200279
6373 0.01876701660958394 1.357771384264936
6374 0.01876787137136562 1.357768286623884
6375 0.01876872710477361 1.357765128306307
6376 0.01876954747957679 1.357761672595061
6377 0.01877042565310654 1.357758702908547
6378 0.0187712549541895 1.357755357650839
6379 0.01877213976190067 1.357752414065504
6380 0.01877297342321696 1.357749075730001
6381 0.01877386097183389 1.357746152817869
6382 0.01877469616428962 1.357742869628002
6383 0.01877555518366733 1.357739810498874
6384 0.0187764415929086 1.357736537292763
6385 0.01877728918712872 1.357733539818628
6386 0.01877818781237843 1.357730604600856
6387 0.01877903051373144 1.35772738994328
6388 0.0187799269971208 1.357724449403168
6389 0.01878076906087436 1.357721222025915
6390 0.01878166619110668 1.357718320584426
6391 0.01878251097804767 1.357715082522181
6392 0.01878337879280352 1.357712030789961
6393 0.01878426367029271 1.357708976494811
6394 0.01878512961534257 1.357705980618994
6395 0.0187860391057202 1.357703110000036
6396 0.01878689123111944 1.357699938255742
6397 0.01878777438455048 1.357696895856048
6398 0.01878864363775819 1.357693924591582
6399 0.01878955705462737 1.357691082924315
6400 0.01879041361416472 1.357687938102517
6401 0.01879130281653317 1.357684860087857
6402 0.01879217076915026 1.357681982863187
6403 0.01879305966134587 1.357679038924795
6404 0.01879398172737756 1.357676223037387
6405 0.0187948435662 1.357673121145025
6406 0.01879573608096368 1.357670139728929
6407 0.01879661417080426 1.357667229302777
6408 0.01879753624575733 1.357664447576425
6409 0.01879840224247928 1.357661367975198
6410 0.01879930084615534 1.357658353704556
6411 0.01880017761036334 1.357655537270041
6412 0.01880110473949494 1.357652793771287
6413 0.01880197750142976 1.357649745468932
6414 0.01880287087132473 1.357646852122656
6415 0.01880380064551592 1.357644112712481
6416 0.01880467190445296 1.357641086741773
6417 0.01880559600200445 1.357638372490555
6418 0.01880646973389885 1.357635333064598
6419 0.0188073658195597 1.357632477091676
6420 0.01880829957796424 1.357629792392705
6421 0.01880917735377292 1.357626792122572
6422 0.01881010628731232 1.357624127829948
6423 0.01881098591988446 1.357621117313563
6424 0.01881191565351648 1.35761847764477
6425 0.01881279778388269 1.357615470916943
6426 0.01881372916860163 1.357612856255023
6427 0.01881461237226038 1.357609899599634
6428 0.01881555123278709 1.357607272141959
6429 0.01881643382199789 1.357604365998084
6430 0.01881734708615609 1.357601562515335
6431 0.01881829462847333 1.357598908516648
6432 0.01881918004364723 1.357595989337743
6433 0.0188201168324474 1.357593362088135
6434 0.01882104359316358 1.357590724115021
6435 0.01882192374413452 1.357587780731011
6436 0.0188228734971462 1.357585211535855
6437 0.01882375961172823 1.357582265349278
6438 0.01882470665674386 1.357579747768476
6439 0.01882559548879614 1.357576831743374
6440 0.01882654589211199 1.357574343728136
6441 0.01882743719635384 1.357571469957202
6442 0.01882839426147788 1.357568967414098
6443 0.01882932441929238 1.357566317512338
6444 0.01883020908980101 1.35756344559562
6445 0.01883113327059297 1.357560749276728
6446 0.01883209414704555 1.357558329465113
6447 0.01883303592184577 1.357555641320849
6448 0.01883392246939146 1.357552765308882
6449 0.01883488024122549 1.357550264434295
6450 0.0188357746860553 1.357547514720935
6451 0.01883673911013959 1.357545034139842
6452 0.01883763827243799 1.357542285152087
6453 0.01883860539289612 1.357539841880765
6454 0.01883950832066611 1.357537086537254
6455 0.01884047694066753 1.357534678321868
6456 0.01884138252826051 1.357531921750781
6457 0.0188423522706895 1.357529538204076
6458 0.01884329610095281 1.357527007526151
6459 0.01884423490431176 1.357524446234949
6460 0.01884513235961603 1.357521687151831
6461 0.01884610138337566 1.357519380028029
6462 0.01884705906461089 1.357516788392402
6463 0.01884799608044295 1.357514238766047
6464 0.01884889480164784 1.357511516803666
6465 0.01884986809088236 1.357509241755544
6466 0.01885082925984334 1.357506701335673
6467 0.01885173008690613 1.357504072023282
6468 0.01885271301117896 1.357501765528593
6469 0.01885367463238898 1.357499240012632
6470 0.01885461858328966 1.357496762060988
6471 0.01885552553464711 1.357494113766096
6472 0.01885650549213177 1.357491881572582
6473 0.01885747254904626 1.357489419430577
6474 0.01885842346430935 1.357486994512043
6475 0.01885933802811102 1.357484380426326
6476 0.01886032775666868 1.357482093406786
6477 0.01886128525404548 1.357479758243544
6478 0.01886224501388358 1.357477367951058
6479 0.01886316742082181 1.357474747802439
6480 0.01886415541304716 1.357472549994008
6481 0.01886512147653736 1.357470221011885
6482 0.01886608385201812 1.357467854789469
6483 0.01886700704589963 1.357465306964071
6484 0.01886800385508223 1.357463100905344
6485 0.01886897090539576 1.357460797328445
6486 0.01886989790304171 1.357458284567433
6487 0.01887089197209448 1.357456182202517
6488 0.01887187431027058 1.357453819804659
6489 0.01887279947989916 1.357451326597644
6490 0.01887379286345191 1.357449234173662
6491 0.0188747762032783 1.357446899163137
6492 0.01887574033273915 1.357444596758351
6493 0.01887666841786796 1.357442131812877
6494 0.01887767195754868 1.357439982614584
6495 0.01887864355638764 1.357437785551964
6496 0.0188795841615284 1.357435343845279
6497 0.01888058750224166 1.357433257771988
6498 0.01888156523111105 1.357431079423621
6499 0.01888254148983294 1.357428860238473
6500 0.01888348346616555 1.357426407647184
6501 0.01888448624040471 1.357424372887512
6502 0.01888543321992141 1.357422038545847
6503 0.01888644733848077 1.357419983950142
6504 0.01888742935739452 1.357417832422843
6505 0.01888837318119568 1.357415473759381
6506 0.01888934967335039 1.357413322531019
6507 0.01889036803245289 1.35741133869207
6508 0.01889133271481404 1.357408953880586
6509 0.01889233851700335 1.357406930931071
6510 0.01889331848393929 1.357404871109912
6511 0.01889427118598689 1.357402563608845
6512 0.01889528450296334 1.357400599169337
6513 0.01889624258720849 1.357398329659713
6514 0.01889725779295771 1.35739639123606
6515 0.01889821871048071 1.357394129193871
6516 0.0188992346664713 1.357392213272028
6517 0.01890022902275438 1.357390161287125
6518 0.01890118358027671 1.357387912818332
6519 0.0189022059401986 1.35738598000989
6520 0.01890316485359508 1.357383792959474
6521 0.01890415801767284 1.357381729952633
6522 0.01890518714592388 1.357379815444375
6523 0.01890614947189753 1.357377677030494
6524 0.01890717305029734 1.357375773332514
6525 0.01890813740126342 1.357373646913434
6526 0.01890916340198877 1.357371776293159
6527 0.01891013148586763 1.357369647509409
6528 0.01891115740958869 1.357367808649796
6529 0.01891212860968365 1.357365679783162
6530 0.01891315491991325 1.357363870655637
6531 0.01891412860773518 1.357361748120658
6532 0.01891515527801025 1.35735996199094
6533 0.01891613118565474 1.357357852845735
6534 0.01891715935079289 1.357356085102448
6535 0.01891813339706884 1.357354030622814
6536 0.01891913478224799 1.357352127814377
6537 0.01892018224784708 1.357350307602157
6538 0.01892115470713758 1.357348304323456
6539 0.0189221830489835 1.357346493600446
6540 0.01892316417433393 1.357344530897116
6541 0.01892419502676026 1.357342758497047
6542 0.01892518108893607 1.357340790881723
6543 0.01892621205043974 1.357339055190939
6544 0.01892720168652662 1.357337084847637
6545 0.01892823252133719 1.357335380030403
6546 0.01892922491303818 1.357333414774389
6547 0.01893025614282116 1.357331735169057
6548 0.01893125070141066 1.357329781931859
6549 0.01893228296605133 1.357328121429954
6550 0.01893327566109581 1.357326221331741
6551 0.01893428827872457 1.357324448745919
6552 0.01893531602621823 1.357322623043795
6553 0.01893635494629763 1.357320958165956
6554 0.01893736792028349 1.357319261221349
6555 0.01893836371279081 1.357317369108663
6556 0.01893940158254935 1.357315745988003
6557 0.0189404008735817 1.357313892420251
6558 0.01894143152241844 1.357312370307952
6559 0.01894244904563229 1.357310452838648
6560 0.01894348749240652 1.357308871020119
6561 0.01894448890568687 1.357307036934193
6562 0.01894552860971176 1.357305488344353
6563 0.0189465302799573 1.357303708121168
6564 0.01894755151795972 1.357302048613701
6565 0.01894858841747934 1.357300342326227
6566 0.01894961340958461 1.357298694768701
6567 0.01895063922084816 1.357297063600465
6568 0.01895166673663449 1.357295442596508
6569 0.01895271020322683 1.357293996284129
6570 0.01895372914379977 1.357292248207163
6571 0.01895477847886091 1.357290734894584
6572 0.01895578615059267 1.357289020475081
6573 0.01895682810273915 1.357287631757315
6574 0.01895785503808939 1.357285857414406
6575 0.01895889264963007 1.357284464213629
6576 0.01895991845279028 1.357282693645714
6577 0.01896096375507152 1.357281257899154
6578 0.01896197343519748 1.357279610726079
6579 0.01896300316523263 1.357278079275489
6580 0.01896404052141501 1.357276571632553
6581 0.01896508407658348 1.35727503925195
6582 0.01896614560122174 1.357273613825806
6583 0.01896715940305001 1.35727203637717
6584 0.01896820711908599 1.357270705470012
6585 0.01896923888863228 1.357269071730931
6586 0.01897028658932522 1.357267759145167
6587 0.01897131955927077 1.357266126627972
6588 0.01897236598391099 1.357264841824744
6589 0.01897340096290952 1.357263216899552
6590 0.01897444658228739 1.35726196395219
6591 0.01897548472232052 1.357260349254917
6592 0.01897653087535095 1.357259120536805
6593 0.01897757118773642 1.357257521953945
6594 0.01897860303692089 1.357256152623613
6595 0.01897964871832888 1.357254782975771
6596 0.01898069732856197 1.357253426486259
6597 0.01898175543786235 1.357252011989842
6598 0.01898280031508922 1.35725065798813
6599 0.01898384609223282 1.357249321336428
6600 0.01898489396147337 1.3572479952029
6601 0.01898594342226076 1.357246677321572
6602 0.018986993907471 1.357245366834033
6603 0.01898804505319038 1.357244063520597
6604 0.01898909667500735 1.357242767485013
6605 0.01899014870210098 1.35724147897299
6606 0.01899120112211027 1.357240198281155
6607 0.01899225395554108 1.357238925708544
6608 0.0189933072357195 1.357237661541395
6609 0.01899436100772567 1.357236406089129
6610 0.01899541530749388 1.357235159594104
6611 0.01899647015419592 1.35723392219881
6612 0.01899752178524835 1.357232717984557
6613 0.01899859227676233 1.357231639851601
6614 0.01899964420663921 1.357230282128414
6615 0.01900069885413162 1.357229035348526
6616 0.01900174853185097 1.357227863146031
6617 0.01900281923419136 1.357226821091224
6618 0.01900387320605851 1.357225510756741
6619 0.01900492681083697 1.357224335713205
6620 0.01900599830619159 1.357223318931677
6621 0.01900705269881397 1.357222036830865
6622 0.01900811905597122 1.357221043640295
6623 0.01900917606360157 1.357219762151061
6624 0.01901023103588868 1.357218647520082
6625 0.01901129698200214 1.35721752774632
6626 0.0190123554862901 1.357216465340599
6627 0.01901343324723178 1.357215526374036
6628 0.01901449524084929 1.35721432332318
6629 0.01901555729983714 1.357213259165556
6630 0.01901663479959098 1.35721234096276
6631 0.01901769697966451 1.357211164854444
6632 0.01901876857826828 1.357210269050624
6633 0.01901983334406553 1.35720909339262
6634 0.01902090438824168 1.357208232177233
6635 0.01902197232549234 1.357207071338063
6636 0.01902304184394853 1.35720623539877
6637 0.01902411212631297 1.357205087086845
6638 0.01902518208336608 1.357204277685817
6639 0.01902625003443223 1.357203175099912
6640 0.01902731739619914 1.357202221591685
6641 0.01902839011800356 1.357201294387455
6642 0.01902946560420402 1.357200381655377
6643 0.01903057043021794 1.357199501235022
6644 0.01903162147345486 1.357198538152917
6645 0.01903270371289984 1.357197762705506
6646 0.01903377512312193 1.357196749463346
6647 0.01903485558106129 1.357196006151639
6648 0.01903593140539402 1.35719499293085
6649 0.01903701031280537 1.357194269949228
6650 0.01903808740065633 1.35719326643808
6651 0.01903916486799319 1.357192573189193
6652 0.01904024586951263 1.357191587581584
6653 0.01904132350130368 1.357190919719051
6654 0.01904240163535546 1.357189976432229
6655 0.01904347729730618 1.357189168711646
6656 0.01904455317806929 1.35718841836995
6657 0.01904564395497093 1.357187626966065
6658 0.01904674476932924 1.357186951544543
6659 0.01904782203900037 1.357186065280444
6660 0.01904890655325303 1.357185428672707
6661 0.01904998523403625 1.357184568412453
6662 0.01905107181088616 1.357183954757438
6663 0.01905214855357412 1.357183130559296
6664 0.01905324219035504 1.357182519762019
6665 0.01905432121654161 1.35718170188719
6666 0.01905541339408845 1.357181115438653
6667 0.01905649371865608 1.357180312942721
6668 0.01905758595289195 1.357179751530178
6669 0.019058668906557 1.357178971641768
6670 0.01905975105171438 1.357178316890858
6671 0.01906085115882972 1.357177791531886
6672 0.0190619357688433 1.35717705358125
6673 0.01906303085311641 1.357176523927292
6674 0.01906411939605239 1.35717583776851
6675 0.01906521336061801 1.357175310633482
6676 0.01906630129618685 1.357174638308392
6677 0.0190673863284569 1.357174053628827
6678 0.01906848907917512 1.357173547445456
6679 0.0190695764526887 1.35717292554905
6680 0.01907067642902145 1.357172433241691
6681 0.01907176349483032 1.357171828841447
6682 0.01907286355259406 1.35717135282912
6683 0.01907395134649568 1.357170770312307
6684 0.01907505237687169 1.357170312342692
6685 0.01907614140121944 1.357169752968038
6686 0.01907724326423736 1.357169313600715
6687 0.01907833244028322 1.357168773557778
6688 0.01907943531664088 1.357168354037267
6689 0.019080526184721 1.357167836959366
6690 0.01908162991458582 1.357167437436608
6691 0.01908272129399021 1.357166939297844
6692 0.01908382602424931 1.35716656008791
6693 0.01908491838047475 1.357166083427632
6694 0.01908602384606089 1.357165723286611
6695 0.01908711697875836 1.357165267542958
6696 0.01908822328118106 1.35716492779261
6697 0.01908931705538153 1.357164492030767
6698 0.01909042392294407 1.357164170257797
6699 0.01909151815877969 1.357163754142699
6700 0.01909262549904616 1.357163450752331
6701 0.01909372146476018 1.357163058488819
6702 0.01909483014889978 1.357162776812202
6703 0.01909592663506362 1.357162404144024
6704 0.01909703565650268 1.357162141845558
6705 0.01909813371377687 1.357161791458784
6706 0.01909923433684214 1.357161502911329
6707 0.01910035092641067 1.357161273332693
6708 0.01910144922352558 1.357160960513358
6709 0.01910256184341522 1.357160745703946
6710 0.01910366089267356 1.357160452740649
6711 0.01910476325265811 1.357160212274588
6712 0.01910588229734699 1.357160031767783
6713 0.01910698203515682 1.357159774059383
6714 0.01910809716642659 1.357159609179543
6715 0.01910919764820435 1.357159372859153
6716 0.01911031392935247 1.357159229990271
6717 0.01911141576402578 1.357159014739621
6718 0.01911252120219941 1.357158848220279
6719 0.01911364329804292 1.357158738415958
6720 0.0191147456519833 1.35715855614628
6721 0.01911585309394962 1.357158420481329
6722 0.01911696470032531 1.357158299305703
6723 0.01911807783150636 1.357158190803056
6724 0.01911919131304673 1.357158091512818
6725 0.01912030471395592 1.357158002696089
6726 0.01912141808763295 1.357157923300882
6727 0.01912253185870301 1.357157854381445
6728 0.01912364594897828 1.357157796555301
6729 0.01912476036462045 1.357157748912626
6730 0.01912587504694054 1.357157711150951
6731 0.01912698978679125 1.357157683186086
6732 0.0191281052991014 1.357157666881294
6733 0.01912922082665979 1.357157659283714
6734 0.01913033656677577 1.357157662199859
6735 0.01913145259526867 1.357157675114064
6736 0.01913256868298813 1.357157697370938
6737 0.01913368527808827 1.35715773091052
6738 0.01913480192761314 1.357157773021624
6739 0.01913591893543892 1.35715782596736
6740 0.01913703628160436 1.357157889408352
6741 0.0191381539922946 1.357157963309012
6742 0.01913927201275195 1.35715804756282
6743 0.01914039027718589 1.357158141622465
6744 0.01914150877679803 1.357158245888779
6745 0.01914262758525542 1.357158360588127
6746 0.01914374678956149 1.357158485974656
6747 0.01914486636759423 1.357158621985048
6748 0.0191459863295432 1.357158768685974
6749 0.01914710667401849 1.35715892608769
6750 0.01914822738552589 1.357159094120022
6751 0.01914934841686114 1.357159272426924
6752 0.01915046975852853 1.357159461073989
6753 0.01915159140967907 1.357159660146464
6754 0.01915271337199703 1.35715986971745
6755 0.01915383564592526 1.357160089828747
6756 0.01915495822914374 1.357160320508604
6757 0.01915608111901984 1.357160561766746
6758 0.01915720431360578 1.357160813616871
6759 0.01915832781287235 1.357161076069552
6760 0.01915945162183662 1.357161349184569
6761 0.01916057573628117 1.35716163295908
6762 0.0191617001535039 1.357161927389593
6763 0.01916282485561268 1.357162232411211
6764 0.0191639498272974 1.357162547985182
6765 0.01916507508281717 1.357162874155877
6766 0.0191662006289505 1.357163210962275
6767 0.01916732646642937 1.35716355841579
6768 0.01916845259451513 1.357163916527635
6769 0.01916957901001174 1.357164285294693
6770 0.01917070571244419 1.35716466473413
6771 0.01917183270244732 1.357165054858656
6772 0.01917295998097969 1.357165455692059
6773 0.01917408754362389 1.357165867233797
6774 0.01917521538891609 1.357166289491365
6775 0.01917634351573526 1.357166722468365
6776 0.01917747192128192 1.357167166171628
6777 0.01917860060386188 1.357167620605103
6778 0.01917972955514584 1.357168085705661
6779 0.01918085876889089 1.357168561433033
6780 0.01918198774217625 1.3571690428325
6781 0.01918311802678118 1.357169542047221
6782 0.0191842482708278 1.357170051505644
6783 0.01918537853563057 1.357170570796861
6784 0.01918650886044086 1.357171100045112
6785 0.01918763933798874 1.357171639593558
6786 0.0191887700169153 1.357172189650284
6787 0.01918990092308726 1.357172750335602
6788 0.0191910320802473 1.35717332185014
6789 0.01919216348398648 1.357173904160426
6790 0.01919329514528464 1.357174497339973
6791 0.01919442705622075 1.357175101337707
6792 0.0191955591752877 1.357175716021375
6793 0.01919669151541777 1.357176341428854
6794 0.01919782407956897 1.357176977587375
6795 0.01919895687801659 1.357177624623593
6796 0.01920008990075714 1.357178282470133
6797 0.01920122314536302 1.357178951090632
6798 0.01920235661036151 1.357179630471391
6799 0.01920349029617123 1.357180320613562
6800 0.01920462470675124 1.357181026797616
6801 0.01920575835982278 1.357181736210872
6802 0.01920689247789092 1.357182457054505
6803 0.01920802701423566 1.357183189606169
6804 0.01920916194085632 1.357183933849969
6805 0.01921029731737597 1.357184689998402
6806 0.01921143262016647 1.357185455909
6807 0.01921256809934475 1.357186232412818
6808 0.01921370374166854 1.357187019687003
6809 0.01921483959785026 1.357187817956419
6810 0.0192159756788803 1.357188627204786
6811 0.01921711194555368 1.357189447299451
6812 0.01921824838955929 1.35719027819776
6813 0.01921938482338686 1.357191119097799
6814 0.01922052162633918 1.357191971635434
6815 0.01922165850485459 1.357192834342485
6816 0.0192227955328311 1.357193707838063
6817 0.01922393278144625 1.357194592406544
6818 0.01922507028320758 1.357195488154568
6819 0.01922620803627191 1.357196395082501
6820 0.01922734603355038 1.357197313166526
6821 0.01922848426716364 1.357198242381517
6822 0.01922962275891178 1.357199182845672
6823 0.01923076184062949 1.357200135941124
6824 0.01923190106529054 1.357201099692659
6825 0.01923303161221132 1.357202075367724
6826 0.0192341811271373 1.357203071384069
6827 0.01923531580833225 1.357204056003015
6828 0.01923646129985676 1.357205056752619
6829 0.01923759951213192 1.357206070049147
6830 0.01923872916233817 1.35720709700367
6831 0.01923987875027559 1.357208145973359
6832 0.01924101400641171 1.357209187215294
6833 0.01924216012802894 1.357210244766153
6834 0.01924329057630617 1.35721131529816
6835 0.01924444095141774 1.357212408255511
6836 0.01924557656995377 1.357213494698996
6837 0.01924672111877805 1.357214608540796
6838 0.01924785023725848 1.35721571664305
6839 0.01924900889550623 1.357216842849622
6840 0.0192501392312051 1.357217976591912
6841 0.01925128722545482 1.35721913242962
6842 0.01925242604053011 1.357220288332441
6843 0.01925357321582966 1.357221460125743
6844 0.01925470443952312 1.357222639506772
6845 0.01925585491219096 1.357223839676879
6846 0.01925699345821317 1.357225040449777
6847 0.01925814200183808 1.357226257449608
6848 0.01925928332191287 1.357227482296544
6849 0.01926041573130679 1.3572287171988
6850 0.01926156719274947 1.357229971572124
6851 0.01926271157303712 1.357231252556024
6852 0.01926385651332552 1.357232524538563
6853 0.01926499942541659 1.357233802697933
6854 0.01926613634482082 1.35723508891012
6855 0.01926728445140928 1.357236386484655
6856 0.01926842578276957 1.357237694664519
6857 0.01926956518367717 1.357239013369713
6858 0.01927071143903846 1.357240348247987
6859 0.01927184981595616 1.35724169194881
6860 0.01927299504782388 1.357243046115861
6861 0.01927414059253775 1.357244416432018
6862 0.01927527943808741 1.35724579522869
6863 0.01927642673017791 1.357247184192835
6864 0.01927756140247546 1.357248589727879
6865 0.01927871722572294 1.357250007694085
6866 0.0192798538725413 1.357251436630458
6867 0.01928100465404553 1.357252878213006
6868 0.01928212933386463 1.357254312583027
6869 0.01928330222545501 1.357255794608123
6870 0.01928444357263837 1.357257267672911
6871 0.01928556972022401 1.357258737775133
6872 0.01928673766980633 1.357260255198288
6873 0.01928787938843125 1.357261763480106
6874 0.01928901109413258 1.357263275194722
6875 0.01929016933545916 1.357264811185993
6876 0.01929130024937304 1.357266337631604
6877 0.0192924556697596 1.357267911665417
6878 0.0192936015374585 1.357269483724946
6879 0.01929474873114246 1.357271065206954
6880 0.01929589634497082 1.357272656668372
6881 0.01929704449050382 1.357274261656413
6882 0.01929819227497694 1.357275877188098
6883 0.01929933996041953 1.357277504052244
6884 0.01930048729987822 1.357279140822727
6885 0.01930163473211871 1.357280788984417
6886 0.01930278211904144 1.35728244783706
6887 0.01930392952088912 1.357284117423682
6888 0.0193050764948372 1.357285795746246
6889 0.01930622341488693 1.357287484413295
6890 0.01930737061687921 1.35728918485468
6891 0.01930851782133762 1.357290895828321
6892 0.01930966481522686 1.357292616597217
6893 0.01931081149166171 1.357294346549982
6894 0.01931195801808906 1.357296086665169
6895 0.01931310448920525 1.357297837256007
6896 0.01931425096315417 1.357299598586073
6897 0.01931539747388061 1.357301370809456
6898 0.0193165440698653 1.3573031541823
6899 0.01931769094683557 1.357304949489272
6900 0.01931883789974029 1.357306755903382
6901 0.01931998448178601 1.357308571665585
6902 0.01932113099547187 1.357310398006752
6903 0.01932227720302405 1.357312234191216
6904 0.01932342343044608 1.357314081658745
6905 0.0193245694257012 1.357315938490564
6906 0.01932571549895472 1.35731780711149
6907 0.01932686160121137 1.35731968689346
6908 0.01932800777903819 1.357321578047659
6909 0.01932915404436518 1.357323480613476
6910 0.01933030025997997 1.357325394140725
6911 0.01933144649879861 1.357327318856982
6912 0.01933259247671025 1.357329253619568
6913 0.01933373837735086 1.357331199301571
6914 0.01933488437428249 1.357333157025881
6915 0.0193360304715208 1.357335126780807
6916 0.01933717724327625 1.357337111091324
6917 0.0193383235218005 1.357339104207723
6918 0.01933947008456936 1.357341110057742
6919 0.0193406164740444 1.357343126627891
6920 0.0193417627331722 1.357345154084008
6921 0.01934290898894704 1.357347192836811
6922 0.01934405515393431 1.357349242474206
6923 0.01934520111930558 1.357351302574067
6924 0.01934634742853629 1.357353375603958
6925 0.01934749375988305 1.357355460128723
6926 0.01934863997727167 1.357357555940954
6927 0.01934978613371576 1.357359662111781
6928 0.01935093233294688 1.357361780337534
6929 0.01935207854634188 1.357363910108845
6930 0.0193532247971828 1.357366051469626
6931 0.01935437134324756 1.357368205518148
6932 0.01935551752952167 1.35737036949864
6933 0.01935666363167568 1.357372544534214
6934 0.01935780938851875 1.357374729676159
6935 0.01935895518133108 1.357376926429307
6936 0.01936010118422027 1.357379135445121
6937 0.01936124725784041 1.357381356625964
6938 0.01936239314287326 1.357383589005529
6939 0.01936353895287257 1.357385832768801
6940 0.01936468479395256 1.357388088347686
6941 0.01936583064974301 1.357390355547167
6942 0.01936697662792904 1.357392634763934
6943 0.01936812251023078 1.357394925183463
6944 0.01936926830542081 1.35739722667237
6945 0.01937041377874685 1.35739953840052
6946 0.01937154597979532 1.357401840947265
6947 0.01937269522244325 1.357404158107779
6948 0.01937384395520962 1.357406532210748
6949 0.01937498932464401 1.357408873739574
6950 0.01937614116422955 1.357411278041424
6951 0.01937728241686657 1.357413656439115
6952 0.01937844172571075 1.35741606797918
6953 0.01937957255739121 1.357418444352713
6954 0.01938071847734736 1.357420832587361
6955 0.01938186521536919 1.357423284246068
6956 0.01938300764340164 1.357425724266142
6957 0.01938415385033788 1.357428174460039
6958 0.01938530252408325 1.357430613724347
6959 0.01938644886540417 1.357433112159994
6960 0.01938759057571768 1.357435598215327
6961 0.0193887361386737 1.35743809537869
6962 0.0193898840305264 1.35744058030804
6963 0.01939103022646356 1.357443126863217
6964 0.01939217143511108 1.357445658304453
6965 0.01939331916316403 1.357448178506837
6966 0.01939446344865961 1.357450756051638
6967 0.0193956203333304 1.357453351667112
6968 0.01939674932999141 1.357455899716582
6969 0.01939789305997891 1.357458456366646
6970 0.01939903883596583 1.357461083053044
6971 0.01940017977251803 1.357463665687794
6972 0.01940132997948802 1.357466326302771
6973 0.01940246984593724 1.357468957400699
6974 0.0194036272469456 1.35747162547025
6975 0.01940475613591087 1.357474250510907
6976 0.01940589889275032 1.35747688508298
6977 0.01940704402104323 1.357479592868684
6978 0.01940818410943424 1.357482282572708
6979 0.01940932705563858 1.357484980921152
6980 0.01941047127435357 1.357487663012603
6981 0.01941161510703748 1.357490414640497
6982 0.01941275380090333 1.357493147892505
6983 0.01941389567630816 1.357495891089642
6984 0.01941503882703281 1.357498617362023
6985 0.01941618191485077 1.357501414397886
6986 0.01941731984605644 1.357504192137773
6987 0.01941846055648198 1.357506978220657
6988 0.01941960277642582 1.357509748280346
6989 0.01942074523000888 1.357512590978343
6990 0.01942188219615545 1.357515412078246
6991 0.01942302195154684 1.357518242047869
6992 0.0194241630859576 1.357521055476766
6993 0.01942530472090714 1.357523942695721
6994 0.01942644124115589 1.357526809610115
6995 0.01942758102618537 1.357529687566994
6996 0.01942872202960429 1.357532548087257
6997 0.01942984549060532 1.357535440420021
6998 0.01943100201651943 1.357538367632033
6999 0.01943212809442373 1.357541291775476
7000 0.01943327861487682 1.357544227399134
