"rf_coeffs"
"Iteration" "cd etc.."
("Iteration" "cd" "cl")
1 12.06594341756526 24.84825344716959
2 8.828095904186092 18.77345494710866
3 5.821080015325162 12.83992053138863
4 4.038187403488284 8.883576434238282
5 2.714946945179856 5.876480745829244
6 1.802351967812494 3.863779559672101
7 1.118231146668333 2.358069734445169
8 0.668374352517032 1.379626083090554
9 0.3591821636200543 0.7487420241281876
10 0.1874946895682719 0.4255803906246451
11 0.08236283048885176 0.2541539630647923
12 0.03158235280909687 0.1940163286052003
13 0.01343627583968295 0.2017347633751836
14 0.01566064398897862 0.2448630361074607
15 0.02963682245356823 0.3054546548642839
16 0.04886399541795263 0.3698099161326335
17 0.06932545238878583 0.431209838187892
18 0.08805734800316276 0.4839280209777434
19 0.1048113220308655 0.5297858702166364
20 0.1197538217652896 0.570491231427564
21 0.1324064585316734 0.6060765093040446
22 0.1420948681352411 0.6339318577255517
23 0.150640399422123 0.6600556111576192
24 0.1572267981133839 0.6823489191068467
25 0.1630173673034963 0.7036337782347289
26 0.1667563632703717 0.7205570181822846
27 0.1699771124922615 0.7369399890264391
28 0.1730995183922385 0.7536111025386387
29 0.1752378291963827 0.7679889594180012
30 0.1775362262438797 0.7834105007422759
31 0.1793025670669243 0.7967777993691763
32 0.1809685904163957 0.8101304886224975
33 0.1826305273912119 0.8234087873956798
34 0.1840750253478919 0.8357172671023495
35 0.185549453715712 0.8480370319393177
36 0.1869940815200357 0.8599092349459873
37 0.1884221048779364 0.8715308584587768
38 0.1894687167082345 0.8814037099511288
39 0.1907195106749316 0.8919786233246135
40 0.1919909003251495 0.9022442061411948
41 0.1931262832042521 0.9118161064391253
42 0.194455722875429 0.9219178289403711
43 0.1956594225287405 0.9312714638028379
44 0.1968453868042657 0.9404025724906649
45 0.1980303230002681 0.9495283109501077
46 0.1991635436113702 0.9582687137188599
47 0.2003388406502328 0.9670445056041169
48 0.2015097454009283 0.975655731795954
49 0.2025888937780251 0.9839575446568573
50 0.203707204152822 0.9922368962975324
51 0.2049024982257435 1.000648805036917
52 0.2060736564221612 1.008874674448365
53 0.2071635929730328 1.016852047006078
54 0.2082207370334302 1.02469000255558
55 0.2093513766272383 1.032675849479866
56 0.2104635444646485 1.04055148880962
57 0.2115313545354195 1.048248953398086
58 0.212568630932889 1.055887049598377
59 0.213664466133755 1.063607857594266
60 0.2146449137989357 1.070822941334653
61 0.2156647916165416 1.078266263678687
62 0.2166920949150445 1.085625989282085
63 0.2175650394642185 1.09263723996446
64 0.2183585981208941 1.099266955264082
65 0.2193388849587533 1.106566066367268
66 0.2202912673171808 1.11346200306665
67 0.221113202888639 1.120357566575158
68 0.2217611885630256 1.126452264392884
69 0.2225458220281909 1.1331369961528
70 0.2232646439883284 1.139273686438176
71 0.224047390882294 1.14584782842731
72 0.2246650719100708 1.15183876484609
73 0.2253775769461045 1.158145184320206
74 0.2259091468104361 1.164006675729929
75 0.2265453144786445 1.169954106860237
76 0.2271206444923103 1.175889364816286
77 0.2276873190320696 1.18173866034993
78 0.2281140926164791 1.187142285962504
79 0.2284616658787745 1.192450690012309
80 0.2289949105930666 1.198181742277907
81 0.2293051214548395 1.203210635375586
82 0.2297183270233191 1.208689392681418
83 0.2300319370552787 1.213858694595369
84 0.2304962061678659 1.219325293192391
85 0.2307297982191352 1.224206830039404
86 0.2310444773635802 1.229339634348627
87 0.2313670622494774 1.234430077700415
88 0.2316126751345364 1.239370174129617
89 0.2317329287807588 1.24392788280313
90 0.2319814254170477 1.248932703014761
91 0.2321089804162954 1.253652845055666
92 0.2322189121785548 1.25824385667421
93 0.2323642029464496 1.263054063710567
94 0.2323969763694781 1.267310134699144
95 0.2323956794000464 1.271677660660678
96 0.2324179402715279 1.276097625224778
97 0.2324378468774458 1.280509143843906
98 0.2324048180988722 1.284760916025385
99 0.2324534187383248 1.289248149541701
100 0.2324466545137371 1.29355913145985
101 0.2323951416816238 1.297791726555096
102 0.2322883939978654 1.301898350111243
103 0.2322056332698277 1.305998770375923
104 0.2321440905447294 1.310233305412858
105 0.231969550905381 1.314097497673268
106 0.2318261171757167 1.318147656930598
107 0.2315999782582764 1.321902556655754
108 0.2315207306135299 1.326179384531858
109 0.2313043481877958 1.329892688479277
110 0.2311623884275067 1.333922070377543
111 0.230948162558795 1.337794679428934
112 0.2306716518376818 1.341331307359487
113 0.2304716046021845 1.345196650219885
114 0.2301692138336559 1.348824671193491
115 0.2298960775794334 1.352343088288293
116 0.2296828419815694 1.356134857126696
117 0.2294182838291252 1.359740327722466
118 0.2291225692995292 1.3633039233128
119 0.2287967005421493 1.366668136131742
120 0.2286043957544346 1.370394844304655
121 0.2283110059977452 1.373809200370071
122 0.2279708039813692 1.377133742334175
123 0.227579760457953 1.380385852490422
124 0.2273665357783404 1.383990463926512
125 0.2269747625262089 1.387147062293069
126 0.2267702104601133 1.390683813762898
127 0.2264435971124894 1.393945136902779
128 0.2261148252090142 1.397143395353416
129 0.2258004572082582 1.400376051342311
130 0.2254465836862304 1.403505370407539
131 0.2251627256799644 1.406776691083718
132 0.2248725785208517 1.410016979478104
133 0.224556807796349 1.413100954867451
134 0.2243010792386878 1.416469793585227
135 0.2240017563892985 1.419614042069922
136 0.2236569198982089 1.42263066777067
137 0.2233154029131055 1.4256428227033
138 0.2230062843461858 1.428734391647253
139 0.2226910484498449 1.431741985597168
140 0.2223195569315595 1.434586198936677
141 0.2219878115109587 1.437508465137925
142 0.2216710766688209 1.440492491411281
143 0.2213330501747284 1.443415964520761
144 0.2209899700150029 1.446280765877101
145 0.2206800355338915 1.449347908010086
146 0.2203406884153181 1.452156969704092
147 0.2199597353825229 1.454792012302386
148 0.2196054590833475 1.457565386566599
149 0.2192490734821241 1.460352779980087
150 0.2189003320762042 1.46310812511695
151 0.2185234714354821 1.465868364325119
152 0.21817936213215 1.468633163284196
153 0.2177894035131649 1.471237509213278
154 0.2173567151364156 1.473659158452204
155 0.2169272225632828 1.476175123263679
156 0.2164906028346797 1.478654613535815
157 0.2161037903534425 1.481243400460932
158 0.2156903562567785 1.48367111971992
159 0.2152905841836043 1.486174255234682
160 0.2148325397401097 1.48853389707605
161 0.2143988942082548 1.490933910226673
162 0.2139555505371251 1.493296383390761
163 0.2135070381514583 1.495630522821208
164 0.21302919575495 1.49786952550492
165 0.2125880025571733 1.500177677873253
166 0.2121353000822059 1.502458486242704
167 0.211654241949178 1.504650110584762
168 0.2111396687491492 1.506740375415647
169 0.2106368713854688 1.508829394338657
170 0.2101440524595138 1.510946532701946
171 0.2096531450437991 1.513043027215212
172 0.2091144956290773 1.5149804010805
173 0.2086239071425655 1.517062998227437
174 0.2080879565449655 1.518996178295296
175 0.2075632583060881 1.520941842147929
176 0.2070595061210925 1.522914033920687
177 0.2065152785676523 1.52476832891807
178 0.2059564659544182 1.526566199906975
179 0.2054097247009937 1.528370902861535
180 0.2048334297405023 1.53008422793409
181 0.2042631383980528 1.531798102004128
182 0.2036935713361571 1.533482111096737
183 0.2031222855713954 1.535137784764752
184 0.2025541615960439 1.536791533454701
185 0.2019539039921034 1.538358402370429
186 0.201358268472537 1.539873840322654
187 0.2007647293097525 1.541369252166526
188 0.2001605454393143 1.542836522275009
189 0.1995509503654492 1.544266261954798
190 0.1989456712248781 1.545692001767625
191 0.1983192434189611 1.547036158219947
192 0.1976929528745753 1.548345583079205
193 0.1970669227646364 1.549630527002571
194 0.1964417931145623 1.550902771922319
195 0.1958154150310092 1.552150578702253
196 0.1951901633629647 1.553370564555163
197 0.1945521746628479 1.554536435616984
198 0.1939182668414229 1.555690661425207
199 0.1932709839149917 1.556782572902232
200 0.1926382040464665 1.557896493349212
201 0.1919984811039113 1.558956565628247
202 0.1913582419688003 1.559997562319262
203 0.1907220396603554 1.561021995203387
204 0.1900956169338452 1.562001436100714
205 0.1894453868931359 1.562986430584336
206 0.1888216558272134 1.563917701729774
207 0.1881919272078535 1.564882408170172
208 0.1875511547525732 1.565782766320841
209 0.1869146775717722 1.56666855726962
210 0.1862858732599353 1.567535396141147
211 0.1856581811678062 1.568385849003147
212 0.1850428313180791 1.569227869668877
213 0.1843892406646485 1.569961187559091
214 0.1838127138702121 1.570858197580257
215 0.1831668012153614 1.571557661191953
216 0.1825671353562948 1.572351459296948
217 0.1819801400036156 1.573149890296157
218 0.1814103972563822 1.573957872006577
219 0.1808274150825837 1.5747153655069
220 0.1802724725990414 1.575520848855971
221 0.1797265266693221 1.576323821324189
222 0.1791641887585829 1.577065993751284
223 0.1786063496371974 1.577792140624984
224 0.1780544957149515 1.578503770409003
225 0.1775209118742428 1.57924200721121
226 0.1769853662088597 1.57994219304821
227 0.1764612848522112 1.580652593626266
228 0.1759506660325907 1.581382068026802
229 0.1754431931853404 1.582074591791189
230 0.174947329485288 1.582786280826813
231 0.1744624926866317 1.583500809728395
232 0.1739783281778275 1.584193378451898
233 0.1735088273591902 1.584891537804632
234 0.1730532143602151 1.585608558550182
235 0.1726023387074552 1.586311741762284
236 0.1721573933266512 1.587007549831032
237 0.1717219647848309 1.587712848984719
238 0.1712965067088326 1.588414542505627
239 0.1708782231492135 1.589111104331796
240 0.1704764679646047 1.589830929292119
241 0.1700654581550809 1.590543772251484
242 0.1696755111128826 1.591187982155013
243 0.1692896599932297 1.591905869669194
244 0.1689176555545274 1.59256677206703
245 0.1685526480689631 1.593297933819614
246 0.1681901126435276 1.593972215007111
247 0.1678341286147587 1.594636067490851
248 0.1674903427010069 1.595313519049198
249 0.1671462980140678 1.595967617613536
250 0.1668186562569308 1.596648523478964
251 0.1665060370080556 1.597332298303809
252 0.1661903331476919 1.597999251488158
253 0.1658817016549969 1.59865990873295
254 0.1655817144538718 1.599319347970852
255 0.1652835852232352 1.599960598402943
256 0.1649999923551225 1.600623629916822
257 0.1646965355790555 1.601217273186543
258 0.1644242081887433 1.601846521050083
259 0.1641626954453601 1.602500036721363
260 0.1639069816860955 1.603144928742839
261 0.1636573758347263 1.603783444800083
262 0.1634116469625225 1.604419369072334
263 0.1631810251006736 1.605034672030762
264 0.1629418125180382 1.605659431530161
265 0.1627239381498986 1.606273144357703
266 0.1625002118712945 1.606891636999859
267 0.1622882750718912 1.607496595289268
268 0.1620803613717698 1.608087269064718
269 0.1618795590289601 1.608678076997337
270 0.1616891758149911 1.609256032449657
271 0.1614902197821003 1.609838662659499
272 0.1613132118089169 1.610436746243813
273 0.1611295650602577 1.610976308098005
274 0.1609645710443042 1.611555216154879
275 0.1607973332310585 1.612107796931608
276 0.1606328923132393 1.612646103624492
277 0.1604755399096945 1.613181128475295
278 0.1603230150306954 1.613708798005949
279 0.1601750765716712 1.614229742658126
280 0.160034273147596 1.614748065072447
281 0.1598982876851499 1.615259839514313
282 0.1597579341273142 1.615741711984892
283 0.1596324749234048 1.616237983499
284 0.1595122664930828 1.616729718436924
285 0.1593999960272458 1.617222982337053
286 0.1592927603112195 1.617707303649046
287 0.1591898907768363 1.618188578566578
288 0.1590906646137006 1.618657268729477
289 0.1590029059259646 1.619134273480481
290 0.1589095697233572 1.619564927398537
291 0.1588161305212034 1.62001033247748
292 0.1587408262843135 1.620468935957481
293 0.1586629763376634 1.620897153497414
294 0.158593833018431 1.621319406298852
295 0.1585116526559701 1.621719400532359
296 0.1584481188452116 1.622117180937734
297 0.1583863057303492 1.622515912256972
298 0.1583279446922678 1.622909985585857
299 0.158281955297359 1.623313992488735
300 0.1582219082964848 1.623668613528797
301 0.1581879619739803 1.624066226475799
302 0.1581486884708208 1.624436685110267
303 0.1581061577104859 1.624786436164748
304 0.15806676624833 1.625098196899419
305 0.1580542365228827 1.625492995905615
306 0.1580219804557658 1.625820975741611
307 0.1579978672423858 1.626141649457988
308 0.1579607790652424 1.626419313700989
309 0.1579435383252532 1.626725405787188
310 0.1579335978428844 1.627028101969823
311 0.1579327733315843 1.62735895410629
312 0.1579317412565284 1.627653998180401
313 0.157926945374495 1.627941639668628
314 0.1579341771365985 1.628223783242733
315 0.1579400281011047 1.628505573176335
316 0.1579316663829006 1.628727783725374
317 0.1579359701265731 1.628978791736692
318 0.1579518771343486 1.629226718667208
319 0.1579682598982904 1.629475081940015
320 0.157988635754776 1.629708966208768
321 0.1580102712744673 1.629941891223862
322 0.1580362518935635 1.630161504047139
323 0.1580629374377622 1.630382716348377
324 0.1580931329829884 1.630584180614384
325 0.1581291083582645 1.630797284807445
326 0.1581599463720845 1.63098392008521
327 0.1582000781968048 1.631182421923982
328 0.1582345790856045 1.631347740662555
329 0.1582759821217706 1.631517018667104
330 0.1583155346231349 1.631679050841692
331 0.1583604275220249 1.631834214459011
332 0.1584089743169362 1.631989772252035
333 0.1584706731733759 1.632166431000504
334 0.1585221525201175 1.632306112965205
335 0.1585687029506664 1.632420615377053
336 0.1586256862082044 1.632549666642322
337 0.1586877958462045 1.63268246842914
338 0.1587476263048141 1.632795405882384
339 0.1587936391890832 1.632862291593979
340 0.1588599631413156 1.632968871763669
341 0.1589321633476593 1.633086520825623
342 0.158993272041305 1.633158882981346
343 0.1590594549000035 1.633235397813444
344 0.1591285912317644 1.633309361023753
345 0.1592006631929198 1.633381435120205
346 0.1592685844902295 1.633430231911565
347 0.1593578453636225 1.633530836946274
348 0.1594341087296693 1.633584564517703
349 0.1595085369057925 1.633624568677885
350 0.159571867650713 1.633628010287934
351 0.1596496365094448 1.633656803794793
352 0.159730432870232 1.633687143806159
353 0.159819170832406 1.633731602846776
354 0.1599030627717499 1.633752124834907
355 0.1599789592558423 1.633741571229893
356 0.1600628082550445 1.633747020286145
357 0.1601584361438186 1.633773932426994
358 0.1602463837553139 1.633765606631654
359 0.1603339236267323 1.633759521990414
360 0.1604200320343394 1.633739266724233
361 0.1604970052462774 1.63368923770832
362 0.1605847444105511 1.633657092478326
363 0.1606780808669926 1.633629566697532
364 0.1607666828671822 1.633586778514761
365 0.1608582191340833 1.633547118699398
366 0.1609495734770169 1.633497943250976
367 0.1610415916721175 1.633442725347739
368 0.1611352944159554 1.633384987195436
369 0.1612297843665992 1.633323574173581
370 0.1613360378056028 1.633283025335328
371 0.1614310980254666 1.633210199529658
372 0.1615229583482979 1.633124456430063
373 0.1616196677020766 1.633040668226527
374 0.1617135659119617 1.632954517992793
375 0.1618073414670689 1.632858416284765
376 0.1619009110185319 1.632753125285238
377 0.1619959189010263 1.632651389915328
378 0.162090255790648 1.632542960366306
379 0.1621840977089556 1.632430721562295
380 0.1622817130050724 1.632311377805447
381 0.1623753504292364 1.632190477273949
382 0.1624697485586453 1.632056785084717
383 0.1625597389161486 1.631911541701607
384 0.1626622597978465 1.631801241795624
385 0.1627592957949754 1.631661367977167
386 0.1628529093800598 1.631519918691665
387 0.1629476629639162 1.631363917032984
388 0.1630427868136295 1.631219140526056
389 0.1631388639301022 1.631057675828828
390 0.1632344309371316 1.630903905793277
391 0.1633296048641293 1.630743462128768
392 0.1634240803996176 1.630577434728547
393 0.1635183678024959 1.630402786109182
394 0.1636129829796102 1.630233691017483
395 0.1637054081654311 1.63005664112056
396 0.163798012151664 1.629867319166898
397 0.1638843751888388 1.629662287409952
398 0.1639771896428631 1.629481896362767
399 0.1640768310329598 1.629303833375768
400 0.1641714827453075 1.629109986131233
401 0.1642608711827257 1.628916598563465
402 0.1643501666911469 1.628696761455092
403 0.164443054030795 1.628499726078188
404 0.1645329746071358 1.628291215653876
405 0.1646219415612514 1.628073114432951
406 0.1647118806290892 1.627862955823981
407 0.1647999229562157 1.627643598080813
408 0.1648876467447278 1.627420056017887
409 0.1649741188121453 1.627186717623013
410 0.1650616478426473 1.626964005815809
411 0.1651471865491705 1.626731708551734
412 0.1652323705376375 1.626495481331736
413 0.1653156466861805 1.626252703547271
414 0.1653959006353624 1.625996316806654
415 0.1654841689690962 1.625767822974252
416 0.1655681155162145 1.625525511362221
417 0.1656474737046 1.625264119785707
418 0.1657340919586467 1.625029246156982
419 0.16581317435034 1.624763086072925
420 0.1658931941420727 1.62451033639774
421 0.1659758416510132 1.624263366292096
422 0.1660556812798654 1.623994015029259
423 0.1661343042191137 1.623735300863926
424 0.166214476960562 1.623478180384047
425 0.1662897353637719 1.623201398543646
426 0.1663684814170777 1.622939310519561
427 0.1664436610547571 1.622655865726931
428 0.1665180691455312 1.622384370656681
429 0.1665927251781415 1.622103958087517
430 0.1666664425218164 1.621825291094381
431 0.166741112260846 1.621546969110455
432 0.166812816245262 1.621263064901172
433 0.1668897981660382 1.620989623544648
434 0.1669512642513466 1.620680161012713
435 0.167020161510128 1.620391274846816
436 0.1670900288887787 1.620095444565909
437 0.1671588383123218 1.619803865754559
438 0.1672280874039486 1.619512028215585
439 0.1673014614213737 1.619234265829321
440 0.1673671130099822 1.618927106273623
441 0.1674325467532031 1.618630404844257
442 0.1674971223475667 1.618322696964668
443 0.1675610847948955 1.618022564376237
444 0.1676229911127046 1.617707922729462
445 0.1676855807080543 1.617405684257053
446 0.1677481117152233 1.617094067135007
447 0.1678039549884503 1.616774544641943
448 0.1678641817117537 1.616460810669704
449 0.1679259751563927 1.616147336244136
450 0.1679874442003869 1.615841887765465
451 0.1680481708307509 1.615532506946827
452 0.1681073034377288 1.615214950922679
453 0.1681715017904742 1.614921602544482
454 0.1682273174270224 1.614593628374344
455 0.1682808314132869 1.614270897778377
456 0.168333178880076 1.613936777953566
457 0.1683871889742519 1.613617053666357
458 0.1684357339211605 1.613275925736157
459 0.1684865105429778 1.612947027999974
460 0.1685363626531511 1.61261198891649
461 0.16858798173939 1.612285001382619
462 0.1686367285180523 1.611949076779872
463 0.1686868374961388 1.611618292997085
464 0.1687349238531851 1.611290548757706
465 0.1687906389755583 1.610967576910729
466 0.1688375548698562 1.610628543764246
467 0.1688745237544272 1.610275852698558
468 0.1689315548136726 1.60995752453118
469 0.1689634593293562 1.609590681189573
470 0.1690098435184594 1.609253415373075
471 0.169055050785487 1.608905416330007
472 0.1690993743354259 1.608572198427447
473 0.1691385877769267 1.608214756941427
474 0.1691799869362561 1.607869164766517
475 0.1692212155610551 1.607524181129204
476 0.1692618907671901 1.607173183917192
477 0.1693003359401857 1.606833288279773
478 0.1693354267171546 1.606469237085753
479 0.1693712363942152 1.606123635273792
480 0.1694197617524337 1.605789172251437
481 0.1694594225239995 1.605438544424806
482 0.1694988829635551 1.605090238328332
483 0.16953122929944 1.604723335695848
484 0.1695624024877261 1.604370505807765
485 0.1695829957257576 1.603965221401358
486 0.1696165623990054 1.603608449281768
487 0.1696524181081048 1.603267127422252
488 0.1696847648898573 1.602894329778784
489 0.1697176899177405 1.60253750170677
490 0.1697490125818315 1.602186848272262
491 0.1697797670956726 1.601809118968921
492 0.169806536697308 1.601448745160324
493 0.1698356400358365 1.601067836447995
494 0.1698642272371116 1.600714647522402
495 0.1698963247917532 1.600341414559347
496 0.1699266355690781 1.599980628462544
497 0.1699529171526841 1.599609655255333
498 0.1699797723644665 1.599239316749363
499 0.1700065548712976 1.598877883978794
500 0.1700285644777245 1.598482163618044
501 0.1700526920044556 1.598119836242232
502 0.1700728758087048 1.597721314915939
503 0.1700970660712559 1.597345717194353
504 0.1701223429172361 1.596985773663998
505 0.1701410517890342 1.596583307910566
506 0.1701698534825266 1.59623001697871
507 0.1701902100127973 1.595833205434601
508 0.1702115557163809 1.595463285313413
509 0.1702336288970634 1.595069277752439
510 0.1702476813685407 1.59468434091781
511 0.1702638997967922 1.594276945139596
512 0.1702844391778656 1.593906104967663
513 0.1703010753741145 1.593499503160716
514 0.1703192050051174 1.593121794987432
515 0.1703344927453312 1.592711870757067
516 0.1703485593820518 1.592323826075595
517 0.1703648338603601 1.591922346912052
518 0.1703807436967996 1.591526161181279
519 0.1703957570139312 1.591127374816598
520 0.170410667435568 1.5907285204782
521 0.1704251404651698 1.590328254167305
522 0.1704392457011756 1.589926793539327
523 0.1704528388364532 1.589523777928019
524 0.1704660430952099 1.589119518531074
525 0.1704786999839827 1.588713582007369
526 0.1704909834143052 1.588306225012584
527 0.1705055463515488 1.587912119806112
528 0.1705126832682051 1.587475048419473
529 0.1705274161154512 1.587086599428946
530 0.1705360215217402 1.586655324450717
531 0.1705488846084775 1.586260730159159
532 0.1705550590596671 1.585818516923359
533 0.170567606255232 1.585424387007408
534 0.1705777082408917 1.585001301287787
535 0.1705849002137484 1.584572429242552
536 0.1705973661881121 1.584173420395246
537 0.1705979016811531 1.583713739567984
538 0.1706032661251786 1.583299082376844
539 0.1706115117972113 1.58286661068315
540 0.1706201879947654 1.582439867890561
541 0.1706282562766967 1.582013570519232
542 0.1706358446134425 1.581585144790679
543 0.1706430480962436 1.581154625922705
544 0.1706498355068303 1.580721975795691
545 0.1706708860785398 1.580316855911154
546 0.1706732331555915 1.579880438366868
547 0.170677407143581 1.579427753561384
548 0.1706796418203205 1.578990517128251
549 0.1706841583182752 1.578538077882061
550 0.1706858109149096 1.578095566368968
551 0.1706894772777221 1.577636868911832
552 0.1706940811636575 1.57720463596926
553 0.1706921065028908 1.576744416641369
554 0.1706928321446523 1.576269738694524
555 0.1706997507258161 1.575834981209415
556 0.1707033379563086 1.575371399233233
557 0.170709380345466 1.574931234739631
558 0.1707142283787136 1.574467402451091
559 0.1707216946261557 1.574028396707658
560 0.1707209984189232 1.573549765344297
561 0.1707265537606744 1.573102347896765
562 0.1707247147697464 1.572630018211881
563 0.1707270334853054 1.572162449488583
564 0.1707286714263296 1.571683858284896
565 0.1707327579110293 1.571225187624935
566 0.1707358034415353 1.570756172190093
567 0.1707385796392966 1.570277363090771
568 0.1707421960402128 1.56981343556622
569 0.1707433961159894 1.569327374201808
570 0.1707452394379747 1.568848412250573
571 0.1707487896667539 1.568381039471844
572 0.170748574302524 1.567886058849464
573 0.1707488742664877 1.567404304486429
574 0.1707494029280326 1.566907336180014
575 0.1707630434849627 1.566457292832644
576 0.1707618411022058 1.565954466713762
577 0.1707615388409766 1.565458672851763
578 0.1707617220679088 1.564962947737772
579 0.1707521806541872 1.564440807082691
580 0.1707542321029644 1.563951840391387
581 0.1707560688565752 1.56344519544248
582 0.1707542182675844 1.562934333078986
583 0.170763845622138 1.562457410606701
584 0.1707590985934395 1.561929973404566
585 0.1707686291737218 1.56144917591482
586 0.1707638642205412 1.560917734679037
587 0.1707741950610722 1.560435443718537
588 0.1707683488228351 1.559898688865348
589 0.1707781561561822 1.559409531305019
590 0.170776898998571 1.558882629845302
591 0.1707729967696605 1.55834737252623
592 0.1707820132103385 1.557850813387607
593 0.1707762128927021 1.557303527817987
594 0.1707852173426174 1.556803145513091
595 0.170788934526199 1.55627753804371
596 0.170784850505121 1.555732256431203
597 0.1707922577840048 1.555223401448619
598 0.1707924140982162 1.554681481196228
599 0.1707930860374744 1.554142462344845
600 0.1707945742046573 1.553603289729518
601 0.1707967628905863 1.553067282888057
602 0.1707960214982608 1.552511030927515
603 0.1708007821191542 1.551982535054229
604 0.1708008209586241 1.551425719931454
605 0.1708029328550089 1.550877083794818
606 0.1708056747821432 1.550328083484738
607 0.1708099044629375 1.549783526381231
608 0.1708130369304734 1.549222580326824
609 0.1708176233912089 1.548680547384147
610 0.1708189638714134 1.548116150158964
611 0.1708169870055012 1.547535944342638
612 0.1708257082444412 1.546996690422461
613 0.1708291644741128 1.546431275531498
614 0.1708276484160051 1.545844652400925
615 0.1708368512786884 1.545299670008304
616 0.1708412637181108 1.544730054972404
617 0.1708399918085743 1.544136683252026
618 0.1708501135010088 1.54358742759859
619 0.1708509569268672 1.543002451138605
620 0.1708491165211495 1.542400305548504
621 0.1708616402933577 1.541848874218332
622 0.1708664104627178 1.541265408888738
623 0.1708651945149286 1.540657886423793
624 0.1708779568820516 1.540099986326055
625 0.1708827823425751 1.539509406435404
626 0.1708913895101976 1.538916519052413
627 0.1709014502672835 1.538349210614231
628 0.1709062212373935 1.537750119043874
629 0.1709057183189706 1.53714032661021
630 0.1709099034628151 1.536536660142602
631 0.1709152709032149 1.535933100930634
632 0.1709202883212786 1.535326266657621
633 0.1709267317313476 1.534720930332756
634 0.1709335403619313 1.534114514429777
635 0.1709407029858841 1.533506421885328
636 0.1709480990394908 1.532896704328065
637 0.1709557106391659 1.532284775308876
638 0.1709634791602657 1.531671123430156
639 0.1709714340182881 1.531055311817988
640 0.1709792240223345 1.530436555158778
641 0.1709793721773601 1.529784984923896
642 0.1709957886320585 1.529194676034804
643 0.1710091854521654 1.528584539673975
644 0.1710163969926078 1.52795071476521
645 0.1710192972182078 1.527297490878442
646 0.171031491439141 1.526691576857145
647 0.1710421775374134 1.526064440409991
648 0.1710520177862764 1.525425988216758
649 0.1710613155948097 1.524789588879476
650 0.1710671770071619 1.524147179155016
651 0.1710770250429745 1.523507419031454
652 0.1710875050127558 1.522865211389114
653 0.1710984767488971 1.522222857989211
654 0.171109702530887 1.521578420064841
655 0.1711211600834222 1.520933228323066
656 0.1711327188984322 1.520285181614323
657 0.1711445299388419 1.519636223203968
658 0.1711595307443749 1.518990703647028
659 0.1711710643543229 1.518337685721657
660 0.1711826752735649 1.517681154296632
661 0.1711945595515424 1.517023394202697
662 0.1712067204512836 1.516363293441617
663 0.1712192063060505 1.515702403513575
664 0.171231897600311 1.515039175759573
665 0.1712448104892172 1.514374885712476
666 0.1712540694442134 1.513700701393564
667 0.1712752772919876 1.513047278456615
668 0.17128879171758 1.512378190090905
669 0.1713024498773535 1.511707677864985
670 0.1713163252817728 1.511033992273022
671 0.1713248005817377 1.510348845436079
672 0.1713390203577247 1.509670741053459
673 0.1713540994144742 1.508994018863921
674 0.1713695514079726 1.508315475175746
675 0.1713838549864659 1.507632553715523
676 0.1713990849139285 1.506948091802835
677 0.1714152085642177 1.506265861363292
678 0.1714305585807244 1.505567669215117
679 0.171446490126948 1.504889958942344
680 0.1714583512388042 1.504189052786344
681 0.1714757313852507 1.503502371282831
682 0.1714951830298575 1.502821770742248
683 0.1715132158678056 1.502132595269083
684 0.1715309736820163 1.501438706234428
685 0.1715482848779292 1.50074323676845
686 0.171568503231738 1.500048754889555
687 0.1715903389162069 1.499360613436463
688 0.1716110395147786 1.498669117830388
689 0.1716263456226998 1.49795374421711
690 0.1716436328024504 1.497258967188227
691 0.1716595118620305 1.496540562571422
692 0.1716713992542739 1.495809506909617
693 0.1716895557253007 1.495123267339812
694 0.1717150365428951 1.494416335141819
695 0.1717241717269884 1.493693909470972
696 0.171739843816661 1.492967270698819
697 0.1717664256442015 1.492256915075202
698 0.1717938527668624 1.491586369884798
699 0.1718103684032909 1.49086153224198
700 0.1718262566577717 1.49012179644129
701 0.1718445319458842 1.489407402024442
702 0.1718616921667143 1.488672105651178
703 0.171879219357411 1.487954690830354
704 0.1719006224039731 1.487226787241543
705 0.171917897026764 1.486497584239594
706 0.1719391990283587 1.485775112698398
707 0.1719610819675762 1.485052537264909
708 0.1719829681299247 1.484328142587793
709 0.1720047983370827 1.48360185198985
710 0.1720265267794746 1.482873793444925
711 0.1720482229280115 1.482144103932408
712 0.1720699029679307 1.48141278733328
713 0.1720924395766413 1.480684283253575
714 0.1721140543367523 1.479949116925145
715 0.172135583789036 1.479212862015156
716 0.1721572236229805 1.47847553072908
717 0.172178959184948 1.477737077726428
718 0.1722008107001066 1.476997664161553
719 0.1722245119440629 1.476260579358965
720 0.1722461931017676 1.475518459537621
721 0.17226806726823 1.474775957509931
722 0.1722901359656549 1.474032276157447
723 0.1723123685899647 1.473287677906798
724 0.172335360472563 1.472543508929233
725 0.1723593612535123 1.471801442894973
726 0.1723817354101468 1.471053575107294
727 0.1724094174805534 1.470314661103969
728 0.1724321105124277 1.46956455120271
729 0.1724542212427231 1.46881469563943
730 0.1724762256691605 1.468061518851171
731 0.1724983751931281 1.467307577698704
732 0.1725106440818873 1.466529653010866
733 0.1725342430418575 1.465775704381819
734 0.1725586580755815 1.46502401856223
735 0.1725833655806564 1.464271861829288
736 0.172607380412167 1.463517963960797
737 0.1726328791100968 1.462766668376579
738 0.1726573497181064 1.462010551347985
739 0.1726817748590758 1.461253645135722
740 0.1727050526136036 1.46049466971871
741 0.1727306031424389 1.459738105925487
742 0.1727527582520711 1.458968318377204
743 0.1727768180704841 1.458208274522028
744 0.172806233106836 1.457459388834028
745 0.1728321678858356 1.456708141567763
746 0.1728539735163047 1.455934420802056
747 0.1728773224266576 1.455169164796825
748 0.1729008448992526 1.454403926150809
749 0.1729246189643855 1.453637871647711
750 0.172951426520233 1.45287987967372
751 0.1729751653769585 1.452112841636527
752 0.1729983807182375 1.45134291018581
753 0.1730217935145597 1.4505726849094
754 0.1730442814275731 1.449799573931407
755 0.1730682769640343 1.4490293861505
756 0.1730925252192758 1.448259736021896
757 0.1731205431092163 1.447499097853854
758 0.1731452112039836 1.446729334542582
759 0.1731702552681158 1.445959970801096
760 0.1731881451119509 1.44517430393225
761 0.1732123357074291 1.444400683498102
762 0.1732368114752942 1.443628169738181
763 0.1732617910697836 1.442856394131026
764 0.1732861900701369 1.442081556984207
765 0.1733112504021435 1.441309832209547
766 0.173336031995541 1.440537225745652
767 0.1733607978077821 1.439763913553759
768 0.1733844961393305 1.438988885461137
769 0.1734094756616743 1.438214355446154
770 0.1734339124005056 1.437439109532413
771 0.1734585829795494 1.436663787646205
772 0.1734832489111316 1.435888073904613
773 0.1735136213764347 1.435116369781403
774 0.1735375619420653 1.434348228245212
775 0.1735607304783733 1.433569680120516
776 0.1735843275070526 1.43279021350423
777 0.1736078619047325 1.432010336555511
778 0.1736313822728649 1.431230375647132
779 0.1736549698599876 1.430450403404811
780 0.1736786428455885 1.429670415647454
781 0.1737011083500675 1.428887436380424
782 0.1737250386687781 1.428107437410767
783 0.1737474271882311 1.427313937864296
784 0.1737725396744437 1.42654874402803
785 0.1737982674685549 1.425772289245019
786 0.1738221510570819 1.424992665546736
787 0.1738459167058037 1.424212393160334
788 0.1738691225621428 1.42343066366238
789 0.1738926330415114 1.422649420852677
790 0.1739161866735192 1.421868362266856
791 0.1739397206917196 1.421087281747383
792 0.1739633761793393 1.420306823982196
793 0.173986841596973 1.419525481659277
794 0.1740095522963767 1.418742189195926
795 0.174033376637954 1.417961875720606
796 0.1740549940300352 1.417166475090939
797 0.1740813449367691 1.416405441007901
798 0.174105427965774 1.415626880385066
799 0.1741292676547092 1.414845918099215
800 0.1741514689430647 1.414062655720124
801 0.1741728350578808 1.413276621760849
802 0.1741948073703098 1.412492197596266
803 0.1742148023683399 1.411693601483503
804 0.1742301342110062 1.410894922122863
805 0.1742631929168584 1.410151923114926
806 0.1742863554162599 1.409370221011248
807 0.1743080086965349 1.408586476036797
808 0.1743290446900058 1.407801622405771
809 0.1743504174755275 1.40701772504188
810 0.1743707147475353 1.406232177125526
811 0.174392454999727 1.405448633732403
812 0.1744119963373719 1.40465155238249
813 0.17443411183354 1.403880310802733
814 0.174456178924023 1.403100673225467
815 0.1744777726660318 1.402317424087511
816 0.1744946358627356 1.401527817031926
817 0.1745160443123818 1.400746162168443
818 0.1745389817270461 1.399969015586645
819 0.1745602767714213 1.399188541543518
820 0.1745810902745888 1.398407294696782
821 0.1746002923445293 1.397612412930886
822 0.1746217518602527 1.396843874535333
823 0.174642588730776 1.396064416005492
824 0.1746631000779275 1.395283923540116
825 0.1746831793042627 1.394502761665299
826 0.1747022724360381 1.393719954813023
827 0.1747218894182629 1.392938669716172
828 0.1747414400645559 1.392157763569194
829 0.1747608453704944 1.391376996275508
830 0.1747796002146965 1.390585827911928
831 0.1747980881055699 1.389810533542614
832 0.1748189573327028 1.389040694946849
833 0.1748368929030925 1.388247950708514
834 0.1748564930958442 1.387481091424218
835 0.1748754045455006 1.386702201208538
836 0.174893904552062 1.385922149266876
837 0.1749120519788346 1.385142036814374
838 0.1749312446476464 1.384354623076033
839 0.1749478209860836 1.383580001016365
840 0.1749672602840775 1.382811427757874
841 0.1749833069535612 1.382018960399818
842 0.1750002243260151 1.381245689656202
843 0.1750193856517259 1.38047714671739
844 0.1750350824510953 1.379684953346612
845 0.1750516053789968 1.378912687987957
846 0.1750744885881501 1.378154850867463
847 0.1750889921142441 1.377362293830756
848 0.175104207607224 1.376587943185142
849 0.1751204515534844 1.375807032352845
850 0.1751361475966741 1.375034900668232
851 0.1751547355217975 1.37427033502662
852 0.1751684627920162 1.373478540366678
853 0.1751756240319766 1.372680086661323
854 0.1752026349531638 1.371946944575834
855 0.1752182378693073 1.371172427484295
856 0.1752332818797939 1.370396574350997
857 0.1752455521959079 1.369605672613041
858 0.1752590352768635 1.368834985933318
859 0.1752736776871426 1.368056706904312
860 0.1752885364856745 1.367290299472836
861 0.1753031958643378 1.366513064625683
862 0.1753171980292026 1.365740790010537
863 0.1753299542743893 1.364963924845203
864 0.175344165906662 1.364194188579757
865 0.175358734796478 1.363426533119211
866 0.1753728019101154 1.362657898651658
867 0.1753870687178493 1.361896952360196
868 0.1754023234686974 1.361131497358451
869 0.1754150810976265 1.360360577129618
870 0.175426800642634 1.359588132869634
871 0.1754391214243867 1.358817201833791
872 0.1754514092615561 1.358047246523466
873 0.1754619566366968 1.357274336846903
874 0.1754741076854226 1.356506303437255
875 0.1754862868489964 1.355739590894762
876 0.1754983142906736 1.354973480252564
877 0.1755100820987995 1.35420765976755
878 0.175521620816996 1.353442134501042
879 0.1755329263892394 1.352676904868157
880 0.1755441572175096 1.351910835870056
881 0.1755547846537296 1.351146429600465
882 0.1755628041077636 1.350375425322861
883 0.1755732957214569 1.349611697586281
884 0.1755839327126529 1.348849440948131
885 0.1755943235213817 1.348087429185022
886 0.1756044699422382 1.347325752124526
887 0.1756143642124238 1.34656428227212
888 0.1756240020558039 1.345802981521117
889 0.1756334258682032 1.345042120738405
890 0.1756425408650847 1.344281280718781
891 0.1756514193922862 1.343520936882384
892 0.1756601984957381 1.342761167731532
893 0.1756682952063934 1.342000855166612
894 0.1756766459747701 1.341241884115068
895 0.1756814766407205 1.340475913452185
896 0.1756900110618615 1.339717292421298
897 0.1756987881259316 1.338962162451712
898 0.1757068723212384 1.338206431459884
899 0.1757147402373284 1.337451037686604
900 0.1757225275845357 1.336696462032682
901 0.1757299572994176 1.335941685079251
902 0.175737492723406 1.335188723921168
903 0.1757440496299097 1.33443381695503
904 0.1757497239206885 1.333677129804492
905 0.1757560202460482 1.332923302135394
906 0.1757616054038411 1.33216864899771
907 0.1757676608473128 1.331416301341364
908 0.1757735327946325 1.330664454782241
909 0.1757788361754976 1.329912390532043
910 0.1757842965204833 1.329161269565995
911 0.1757895472032366 1.32841082224924
912 0.1757987178620022 1.327669675235537
913 0.1758032486275898 1.326920072277765
914 0.175805604521464 1.326165641024412
915 0.1758105703171119 1.325418146227842
916 0.175814278116865 1.324669214459564
917 0.1758176443069719 1.323920115943151
918 0.1758208664666717 1.323172310476763
919 0.1758241526777881 1.322424744358833
920 0.1758272464462995 1.321678897823586
921 0.1758302972717851 1.320931102601522
922 0.1758352865255977 1.320191591310272
923 0.175837819006135 1.319446578004688
924 0.1758401675976819 1.31870189900677
925 0.1758415467103007 1.317955670434196
926 0.1758436843677 1.317212249552921
927 0.1758454994753235 1.31646912508453
928 0.1758475051516304 1.315727517214632
929 0.1758492480099712 1.314986419743938
930 0.1758507911779438 1.314245854080457
931 0.1758520586728107 1.313504248083753
932 0.1758528237199081 1.31276441728873
933 0.1758543256043252 1.312025196356944
934 0.1758550819525989 1.311287652267553
935 0.1758540319902358 1.310546285757809
936 0.175854726110285 1.309809745384049
937 0.1758553388289994 1.309074040578005
938 0.175855742052229 1.308338849356474
939 0.1758559223293414 1.307604130510697
940 0.1758562675634531 1.306870238535507
941 0.1758560247090709 1.306136713255464
942 0.175854838953683 1.305402412306246
943 0.1758540249571529 1.304669203629956
944 0.1758531068399251 1.303936839836751
945 0.175852017815418 1.303205025079665
946 0.1758491509261584 1.302473707662686
947 0.1758485639867212 1.301743197970046
948 0.1758474704424934 1.301013277591502
949 0.1758457840915763 1.300283600037649
950 0.1758439006905113 1.299554901938531
951 0.1758420524781416 1.298827664862975
952 0.175839284752591 1.298099283870294
953 0.1758356003976912 1.297369098615472
954 0.175828720404554 1.296632180767346
955 0.1758259426981174 1.29590644299456
956 0.1758232524501622 1.295182247183598
957 0.1758207490971059 1.294459582684021
958 0.1758175173620877 1.293736335847391
959 0.1758140388441796 1.293013496374386
960 0.1758103164136657 1.292291079875386
961 0.1758063485916742 1.291569094400482
962 0.1758021385894694 1.290847564524815
963 0.1757976915811433 1.290126492843505
964 0.1757930238548721 1.289405913966601
965 0.1757890669805073 1.288688202777025
966 0.1757838598412317 1.287968476004399
967 0.1757783888809746 1.287249065547212
968 0.175772707012512 1.286530179451053
969 0.1757668599740781 1.285811927684479
970 0.1757608617856981 1.2850943540243
971 0.1757547157860968 1.284377464573691
972 0.1757482903340041 1.283661009746797
973 0.1757418664385764 1.282945509269144
974 0.1757353027150402 1.282230741998138
975 0.1757285784589474 1.281516588869583
976 0.1757217075898685 1.280803135767795
977 0.1757137888561093 1.28008823186529
978 0.1757069283500672 1.279376490269533
979 0.1756997715400527 1.278665580411167
980 0.1756938700535931 1.277958254182907
981 0.1756862132582534 1.27724830909631
982 0.1756786916582116 1.27654085364117
983 0.1756705560623744 1.275831369221004
984 0.1756621292494538 1.275122385012869
985 0.1756535348450506 1.274414062577318
986 0.1756448054510565 1.27370647669818
987 0.1756359501560399 1.27299964337578
988 0.1756269728805804 1.27229357638339
989 0.1756178718154356 1.271588269698989
990 0.1756083313632388 1.270883305629442
991 0.1755990633819773 1.270179481587079
992 0.1755892316582749 1.269475228596534
993 0.1755796610446389 1.268772960366098
994 0.1755699910672629 1.268071514959093
995 0.1755601589720415 1.267370715529635
996 0.1755501684558651 1.266670483165031
997 0.1755397371247591 1.265969802513414
998 0.1755307233105535 1.26527552499263
999 0.1755200853738807 1.264576888385201
1000 0.1755090292175978 1.263871455653311
1001 0.163728907012972 1.237046464044433
1002 0.1548088079244308 1.217391249732335
1003 0.1488322058696086 1.204484567616292
1004 0.1449576010991031 1.196594486005833
1005 0.1423778089891241 1.191972591076164
1006 0.1404493834398385 1.189067376308228
1007 0.1394118665755293 1.188227802560175
1008 0.1388599058060782 1.188486207583047
1009 0.1386904391798203 1.189554318593276
1010 0.1387055060796419 1.191016295611855
1011 0.138975741227757 1.192879526076079
1012 0.1392649242064628 1.194795165969706
1013 0.1396078316709518 1.196716551009838
1014 0.1399977933211899 1.198666387175917
1015 0.1403803230417733 1.200581854652166
1016 0.1407434557027948 1.202349999391098
1017 0.1410260474372919 1.203902663685594
1018 0.1412526628296576 1.20538599844311
1019 0.1414369729156094 1.206720618315734
1020 0.1415774000332889 1.207908827101407
1021 0.141643228394016 1.208985661734822
1022 0.1417095334463518 1.210031306066806
1023 0.1417702482223749 1.211062978471998
1024 0.1417872419490769 1.212003817884948
1025 0.1417642522435602 1.212845729723121
1026 0.1417403183592299 1.21368044323113
1027 0.141706260399346 1.214482791063583
1028 0.1416610474894626 1.215286837298441
1029 0.1416176212045844 1.216022817016842
1030 0.1415589828089088 1.216732377182214
1031 0.1414972649865755 1.217409065056709
1032 0.1414218659674428 1.218079068774985
1033 0.1413552293965534 1.218686919825166
1034 0.1412829154036871 1.219280025736874
1035 0.1412101863622114 1.219864093362881
1036 0.1411391712109029 1.220422374251213
1037 0.1410695865032134 1.220961159402881
1038 0.1410076410247474 1.22149541180522
1039 0.1409440152072727 1.221986435837286
1040 0.1408835716695142 1.22246369560465
1041 0.1408294580189788 1.222923205186018
1042 0.1407806112002494 1.223363931911863
1043 0.140738190425742 1.223791831580817
1044 0.1407086374211481 1.224220262013511
1045 0.1406737596167286 1.224607737418881
1046 0.1406500204029121 1.224992192599779
1047 0.140632609238258 1.225362806859193
1048 0.1406212843086965 1.225719710156155
1049 0.1406150680585072 1.22605627028943
1050 0.1406259541567067 1.226395123812426
1051 0.1406281302256609 1.226711515462276
1052 0.1406332357172723 1.227024692619296
1053 0.1406632811417367 1.227321371761638
1054 0.1406887852545091 1.227607006436579
1055 0.140717907743292 1.227877292091913
1056 0.1407530108289785 1.228137236942753
1057 0.1407894400264441 1.228376455643196
1058 0.1408356251577873 1.228617633152002
1059 0.1408886936917507 1.228849935494563
1060 0.1409437911479893 1.229062712192341
1061 0.141006284858427 1.229276432609043
1062 0.1410726630394479 1.229481996117221
1063 0.1411434064674398 1.229677690113673
1064 0.1412178951009187 1.229863849172953
1065 0.1412963830383802 1.230041550375688
1066 0.1413770345809524 1.230208421812278
1067 0.1414623929299189 1.230368544946629
1068 0.1415503820361561 1.230519673156969
1069 0.1416421970600565 1.230663714028008
1070 0.1417352628123955 1.230796399392709
1071 0.1418409970666059 1.230945211986561
1072 0.141933897433512 1.231054402029187
1073 0.1420344056586353 1.231162080850777
1074 0.1421383483925065 1.231266788186669
1075 0.142244927293851 1.231365673147556
1076 0.142353671313362 1.231458485721725
1077 0.1424647018172403 1.231544875259962
1078 0.1425778776414037 1.231625191247689
1079 0.1426939186435769 1.231703905515714
1080 0.1428099676287499 1.231771595541852
1081 0.1429272138383176 1.231831968323794
1082 0.1430457057541237 1.231886423062018
1083 0.1431611290736101 1.231924082808446
1084 0.1432818903849981 1.231968280623835
1085 0.1434046793646124 1.232005966365345
1086 0.1435266717554753 1.2320376259711
1087 0.1436501705613439 1.232063801142711
1088 0.1437789780991151 1.232095107648433
1089 0.1439036892870583 1.232111974708716
1090 0.1440277044414371 1.232122241270115
1091 0.1441516591866906 1.232124722143431
1092 0.1442760970996317 1.232124239125084
1093 0.1444003972885366 1.232116106039114
1094 0.144525224883251 1.232106018959739
1095 0.144650801691259 1.232090650492065
1096 0.1447767899960805 1.232074209473896
1097 0.1449021156977983 1.232049672777914
1098 0.1450269682016202 1.23202057383952
1099 0.145143291036866 1.231973726031833
1100 0.1452707877344743 1.231934971031273
1101 0.1453936192846963 1.231897337383046
1102 0.1455219019427346 1.231854002777854
1103 0.1456434806594191 1.231807204624231
1104 0.1457703408840142 1.231754906568605
1105 0.1458910037958674 1.231700750507464
1106 0.1460164686247805 1.23164022235882
1107 0.1461351426748091 1.231576272871447
1108 0.146259100594623 1.231508206187631
1109 0.1463778398586429 1.231441945890256
1110 0.1464966294021257 1.231366644172507
1111 0.1466199810630062 1.231287703877249
1112 0.1467348424859911 1.231207501717893
1113 0.1468545664002396 1.231119959496653
1114 0.146968106835892 1.231035208160201
1115 0.1470862665631422 1.230941289554092
1116 0.1471977564277918 1.230850545053117
1117 0.1473136847955271 1.230749768857977
1118 0.1474229276349694 1.230653107593163
1119 0.1475360749365825 1.230544936677094
1120 0.1476542545257697 1.230466351589291
1121 0.1477617533485486 1.230356846091631
1122 0.1478661958431808 1.230238111506998
1123 0.1479685943742869 1.230114837817665
1124 0.1480710924716163 1.229980209623859
1125 0.1481701358325058 1.22986197515745
1126 0.1482688296975966 1.229722562400714
1127 0.1483653181660351 1.229598311737852
1128 0.1484605275992576 1.229452656947873
1129 0.1485529109885612 1.229322764829252
1130 0.148644477751277 1.229169832140917
1131 0.1487341384038444 1.229034151838922
1132 0.1488218809799414 1.228874467384313
1133 0.1489065889411935 1.228731451886474
1134 0.1489887863791612 1.228562833824713
1135 0.1490687983463537 1.228411769421384
1136 0.14914589593084 1.228245624275447
1137 0.1492202457536366 1.228072639654434
1138 0.1492916776116163 1.227895669317401
1139 0.1493599202415221 1.227701183154133
1140 0.1494281109846236 1.227532529767409
1141 0.1494854248022813 1.227332546847168
1142 0.1495384649590706 1.227124438371018
1143 0.149599604072724 1.226921412194187
1144 0.1496491567993657 1.226716225917671
1145 0.149698736540066 1.226508423844652
1146 0.1497510360714098 1.226295526209675
1147 0.1497884180689974 1.226068957512543
1148 0.1498140437473572 1.22581510495103
1149 0.1498485907527665 1.22556555479596
1150 0.1498790169471216 1.225333845931358
1151 0.1499162145264931 1.225093525565588
1152 0.1499438667980962 1.224853017538369
1153 0.14995840006498 1.224584165896137
1154 0.1499708530288417 1.22431827182318
1155 0.1499759592994597 1.224028939836507
1156 0.1499778529648114 1.223746099667301
1157 0.1499969348227099 1.223491288560982
1158 0.1499779668051217 1.223165557285572
1159 0.1499545204049991 1.222823555405539
1160 0.1499382393152377 1.222508006719537
1161 0.1499143810626936 1.222160955197564
1162 0.1498797646619388 1.221814580732655
1163 0.1498425506230769 1.221454495611305
1164 0.1498039390983411 1.221082838771316
1165 0.1497476237784421 1.220690482000157
1166 0.1496935104735788 1.220300988755985
1167 0.1496345371786957 1.219902001316391
1168 0.1495584988890926 1.219469387082325
1169 0.1494887498100562 1.219049310995602
1170 0.1494140399163112 1.2186224981351
1171 0.1493332166304547 1.21818508269444
1172 0.1492458666753199 1.217736490146077
1173 0.14916363253408 1.217298166438826
1174 0.1490631881207765 1.216826796945113
1175 0.148954637126549 1.216339199772921
1176 0.1488395533028079 1.215839031902395
1177 0.1487190594507582 1.21532897440881
1178 0.1485912877569726 1.214804615903319
1179 0.148456485926054 1.214266581287479
1180 0.1483164511615119 1.213717384845951
1181 0.1481682097132661 1.213155630935313
1182 0.1480137502406642 1.21258109704244
1183 0.1478530721915458 1.211993953426786
1184 0.1476931901884231 1.211416078887688
1185 0.1475167197277827 1.210797386353948
1186 0.1473398183798987 1.210180337616321
1187 0.1471477261674346 1.209528695112833
1188 0.1469579817111997 1.208887120238529
1189 0.1467430514105002 1.208197127438394
1190 0.1465363927467738 1.207516602328618
1191 0.1463260141455498 1.206830498997961
1192 0.1461036810824725 1.206118545576189
1193 0.1458884172110568 1.205429856461727
1194 0.1456570056972389 1.20470349496054
1195 0.1454279161522866 1.203986712297221
1196 0.1451846564901533 1.203237385576304
1197 0.144944673945938 1.202498698548132
1198 0.1446886680135965 1.201719687671956
1199 0.1444379051599167 1.200959157196543
1200 0.1441736627381938 1.200167054647912
1201 0.1439135774960375 1.199386823266408
1202 0.1436406588263993 1.198576144527264
1203 0.1433724759524054 1.197781122525373
1204 0.1430973488203003 1.196970577338275
1205 0.1428164708832039 1.196146750932624
1206 0.1425311254127496 1.195313071805931
1207 0.1422421851933424 1.194471780507178
1208 0.1419497824386886 1.193622693236352
1209 0.1416538300581039 1.192766825036141
1210 0.1413661855702285 1.191937525749044
1211 0.1410461113217149 1.191017960744997
1212 0.140743792316145 1.190148771794035
1213 0.1404381503083834 1.189272573660391
1214 0.1401361023797461 1.188408525971326
1215 0.1398157884880569 1.187493450717689
1216 0.1395043418070696 1.186606193852763
1217 0.139187772395613 1.185703014792608
1218 0.1388735540181125 1.184807252647589
1219 0.1385490375844684 1.18388381488272
1220 0.1382509897782565 1.183024570265031
1221 0.1379341132345087 1.182124749616496
1222 0.1376081114892163 1.181196156645643
1223 0.1372809290891681 1.180271886895072
1224 0.1369566560250665 1.179350979825596
1225 0.1366260053700896 1.178407241506863
1226 0.1362956343887189 1.177472917794419
1227 0.1359722308770641 1.176545448372205
1228 0.1356446921199976 1.175615521603302
1229 0.1353182242494009 1.174683852009716
1230 0.1349957770950335 1.173757938135493
1231 0.1346782438943792 1.172839424561321
1232 0.1343546399654962 1.171909628281662
1233 0.1340419549703347 1.171003005327976
1234 0.1337300421301438 1.170093502256067
1235 0.1334121249222923 1.169170071482741
1236 0.133120610807825 1.168308228539817
1237 0.1327995222605834 1.167366264513022
1238 0.1325059683972523 1.166501159124798
1239 0.1322047187425 1.16560702199859
1240 0.1318976824405499 1.164693333038124
1241 0.1316110346632237 1.163834970518429
1242 0.1313154839273723 1.162942185607461
1243 0.131023753789066 1.162063059676951
1244 0.1307415184913525 1.161203830817426
1245 0.1304646925560621 1.16035474337279
1246 0.1301904995137066 1.159511843253109
1247 0.1299219929540174 1.158676104288888
1248 0.1296587275588449 1.157850848044612
1249 0.129399921318901 1.157032762213668
1250 0.1291463907050127 1.156222623546407
1251 0.1288975998583973 1.155422489672121
1252 0.1286437626082164 1.154610743012173
1253 0.1284042691092249 1.153825048146468
1254 0.1281764736775904 1.15307466116521
1255 0.1279423355706547 1.152289918528342
1256 0.1277222624201236 1.15154205950014
1257 0.1275090395681404 1.150813748355355
1258 0.1273091199751409 1.150113886324116
1259 0.1271023486530707 1.149390338365514
1260 0.1268916008797537 1.148648382684215
1261 0.1266903319747098 1.14793083499997
1262 0.1264958726225419 1.14722877371909
1263 0.1263102702151772 1.146544365465761
1264 0.1261298336460423 1.145869261287761
1265 0.1259538725383089 1.145203509431244
1266 0.1257828819266954 1.14454811142388
1267 0.1256176507259545 1.143902185981552
1268 0.1254549776710035 1.143262078706555
1269 0.1253005913860271 1.14263618657557
1270 0.1251523875357255 1.142022367254587
1271 0.1250099174246534 1.141420038354029
1272 0.1248768796096109 1.140844258191469
1273 0.1247423783650201 1.140249129469737
1274 0.1246185655794161 1.139689328602501
1275 0.1244946093929827 1.139114505868839
1276 0.1243805686481223 1.138573910746763
1277 0.1242700341731176 1.138034436996799
1278 0.1241633399055807 1.137500986863856
1279 0.1240612930024726 1.136975622644374
1280 0.1239636305545072 1.136460014474149
1281 0.1238499769494958 1.135900617785986
1282 0.1237549545525722 1.135387447330131
1283 0.1236711200748181 1.1348999346737
1284 0.1235932925661813 1.134425646543338
1285 0.1235189968338931 1.133959423212596
1286 0.1234485716601333 1.133500713141123
1287 0.123383833871013 1.133047692931444
1288 0.1233373585146672 1.132658433810962
1289 0.1232758961395558 1.132218494377716
1290 0.1232142493507632 1.131774995050804
1291 0.1231542421746786 1.131334963279609
1292 0.1231063126534735 1.130922717920491
1293 0.1230519293251158 1.130495757031478
1294 0.1229966629943123 1.130066876297047
1295 0.1229428735601066 1.129640373607226
1296 0.1228901161354283 1.129217263851737
1297 0.1228392825689794 1.128797674830911
1298 0.1227901482649362 1.128382578459697
1299 0.1227428918908464 1.127971387123343
1300 0.1226973231559517 1.127564717950212
1301 0.122652506697776 1.127159989344947
1302 0.1226097539776831 1.126759907058987
1303 0.1225684603205677 1.126363206094643
1304 0.1225283461445667 1.125969897124147
1305 0.1224892940318255 1.125578856625796
1306 0.1224508038391298 1.125190255973476
1307 0.1224127819058633 1.124802683827404
1308 0.1223750592986725 1.124416961688864
1309 0.1223182547407487 1.123980118329997
1310 0.1222772002042533 1.123586539721595
1311 0.1222401467481369 1.123204947170221
1312 0.1222035991975718 1.122825952018803
1313 0.1221852978359485 1.122490035571329
1314 0.1221319411064808 1.122074374853408
1315 0.1221058612915802 1.121721787856308
1316 0.122044058084139 1.121288091935018
1317 0.1220149464742204 1.120930594647242
1318 0.1219561569648729 1.120504021316824
1319 0.1219249826903508 1.120145015243869
1320 0.1218635232435304 1.11971502584329
1321 0.1218286954848456 1.119350002092919
1322 0.1217645782225352 1.118916079075724
1323 0.121726475333678 1.118545398213055
1324 0.1216600490319382 1.118108584959908
1325 0.121618361233208 1.117731406741853
1326 0.1215492058337488 1.117290427536955
1327 0.1215029998508434 1.116905740914979
1328 0.1214395001425381 1.116488806640265
1329 0.1213743827135991 1.116054890025472
1330 0.1213092681622428 1.1156275346018
1331 0.1212533555790253 1.115225598426849
1332 0.121171085574191 1.114759246035808
1333 0.1211098355832794 1.114348861708491
1334 0.1210276164126451 1.113887373351156
1335 0.1209637411700055 1.113474136333397
1336 0.120880418756831 1.11301241068996
1337 0.1208140498592625 1.112595492786191
1338 0.1207255767849659 1.112123801115245
1339 0.1206578152552945 1.111707525877275
1340 0.1205681761212896 1.111236576633567
1341 0.1204928554957839 1.110801080813437
1342 0.1203983947566444 1.110320938064433
1343 0.1203184315784142 1.109877520803356
1344 0.1202219212645759 1.109395434662428
1345 0.1201383176225417 1.108946010508956
1346 0.1200389806024027 1.108459792155468
1347 0.1199516808794192 1.108004348286644
1348 0.1198603660875359 1.107545189933332
1349 0.1197629263296742 1.107060431875965
1350 0.1196660633878892 1.106590790603382
1351 0.1195642133377835 1.106098322025651
1352 0.1194652291633435 1.105625908293656
1353 0.1193636872250436 1.105142290703633
1354 0.1192622249347826 1.10465852507731
1355 0.1191596435443485 1.104173199913257
1356 0.119052469555306 1.103679006534947
1357 0.1189428287182306 1.103174085685433
1358 0.1188392300545684 1.10269864330357
1359 0.1187289720646568 1.102194770360958
1360 0.1186252860917305 1.101718308025654
1361 0.1185167625363149 1.101219961721914
1362 0.1184113628296391 1.100741347613761
1363 0.1183011498095489 1.100240783387168
1364 0.1181946362588797 1.099760260461269
1365 0.1180836711436153 1.099258859753554
1366 0.1179765882342008 1.098778591527435
1367 0.1178672669535107 1.098280940241956
1368 0.117756899771051 1.09779681348951
1369 0.1176464540356923 1.097305275747332
1370 0.1175371738606498 1.096816272073213
1371 0.1174286066621945 1.096330281611551
1372 0.1173191971187155 1.09584221692031
1373 0.1172093030897776 1.095353116272767
1374 0.1170987735664239 1.094864232389399
1375 0.1169883170260687 1.094375199479746
1376 0.1168778002038615 1.093887428812641
1377 0.116750872889937 1.093358315800796
1378 0.1166377836571963 1.092865599612181
1379 0.1165284092013445 1.092382128711597
1380 0.1164201598279343 1.091902113389805
1381 0.116312642239551 1.091423355553852
1382 0.1162054629096255 1.090946181804887
1383 0.1160984123012162 1.090469251271067
1384 0.1160089596031776 1.090039682418107
1385 0.1159043468583206 1.089561866931107
1386 0.1158114149581194 1.089122944804042
1387 0.1156989096823575 1.088629723681211
1388 0.1155954520589762 1.088170592782943
1389 0.1154668957959407 1.08762865751822
1390 0.1153727649538149 1.087204944731935
1391 0.115270067956416 1.086745512581484
1392 0.1151654695824898 1.086278360922315
1393 0.1150507033312939 1.085794852306324
1394 0.1149382937414152 1.085302932340924
1395 0.1148360254195427 1.084846820590158
1396 0.1147341309307186 1.084386979213839
1397 0.1146337235930579 1.083929044989886
1398 0.1145353917078585 1.083478564818692
1399 0.1144359702047231 1.0830248148932
1400 0.1143370203168316 1.082571992751888
1401 0.1142380571153535 1.082120356095388
1402 0.1141408858168104 1.081672846104867
1403 0.1140430654600941 1.08122328018741
1404 0.1139459339874068 1.080777338592721
1405 0.1138519176815235 1.080338792050652
1406 0.1137571079878268 1.079899501763161
1407 0.1136624258823725 1.07946038178012
1408 0.1135680428171471 1.079022221125564
1409 0.1134696233218608 1.078567666315395
1410 0.1133679181736325 1.078106680024547
1411 0.1132806727463744 1.077695660985119
1412 0.1131897173571109 1.077269798051206
1413 0.1130998942363156 1.076844627717699
1414 0.1130062432928099 1.076405849601682
1415 0.1129188941309612 1.075990908178643
1416 0.1128308146081838 1.075571933977475
1417 0.1127426407757404 1.075150803570921
1418 0.1126496004025839 1.074711651885162
1419 0.1125668727248152 1.074311738536815
1420 0.1124805368725299 1.073897592397801
1421 0.1123897107434246 1.07346334473858
1422 0.1123048112328245 1.073054517523425
1423 0.1122217519058123 1.072652982932426
1424 0.1121374258025389 1.072244406208834
1425 0.1120494730932556 1.071817975100398
1426 0.1119664631433989 1.071414328956721
1427 0.111885316292096 1.071012428325492
1428 0.1118085002309936 1.070630739831572
1429 0.1117197767593626 1.070202022526199
1430 0.1116235371716595 1.06977283843242
1431 0.1115398852874538 1.069367291157745
1432 0.111464620366398 1.068973371517877
1433 0.1113863014914137 1.068580257329348
1434 0.1113012191723862 1.068176358230938
1435 0.1112340632934403 1.067804691164933
1436 0.1111607426962443 1.067423119079575
1437 0.111082318037209 1.067032384625952
1438 0.1110018935989224 1.066639013387617
1439 0.1109201841719982 1.066238980045818
1440 0.110842879948703 1.06585200721873
1441 0.1107627693873504 1.065453727439188
1442 0.1106834660755721 1.065063348433627
1443 0.1106053432355853 1.064671314381482
1444 0.1105277589847688 1.064285799260595
1445 0.1104480508491877 1.063896540215789
1446 0.110369365246834 1.06350692065477
1447 0.1102896854882489 1.063109312470479
1448 0.1102132462567178 1.062724178631826
1449 0.1101379723208358 1.06234330661792
1450 0.1100637087104357 1.061964559531013
1451 0.1099921679880205 1.061588670497127
1452 0.109919639335758 1.061215787694718
1453 0.1098454448507011 1.060836039306002
1454 0.1097695372240351 1.060456665362828
1455 0.1096964640370422 1.060082746128082
1456 0.1096220602616141 1.059705502057575
1457 0.1095457790675547 1.059322010154019
1458 0.1094623628757345 1.05892073934417
1459 0.1093965587856748 1.058566227080213
1460 0.1093258490068528 1.058199947936112
1461 0.1092434476696372 1.057800668027562
1462 0.1091778260870952 1.057447908128837
1463 0.109098433704229 1.057058156327329
1464 0.1090331826390296 1.056706078668243
1465 0.1089633630136142 1.056342292858607
1466 0.1088819394994178 1.055947160071099
1467 0.108816481808405 1.055595197109291
1468 0.1087472167264821 1.055234405961364
1469 0.1086663792707378 1.054839788889711
1470 0.1086019793298539 1.054491922734931
1471 0.1085258489355985 1.054115611605768
1472 0.1084589028310112 1.05375827598489
1473 0.1083897443825705 1.0533969866964
1474 0.1083139849490372 1.053015502235878
1475 0.1082469899696721 1.052661758590671
1476 0.1081793459677536 1.052307302004732
1477 0.10810140927097 1.0519208121807
1478 0.1080341021718608 1.05156855488667
1479 0.1079653788093032 1.051210889055614
1480 0.107894914163593 1.050847356722195
1481 0.107823760560714 1.050482433210621
1482 0.1077425490860542 1.050085294387407
1483 0.1076779777685719 1.04974276904359
1484 0.1076062745315361 1.049373035086007
1485 0.107540671793419 1.049030015436491
1486 0.1074734171039378 1.048676192552861
1487 0.1074042028283213 1.048316244954975
1488 0.1073278679302128 1.047933518444651
1489 0.1072609237870928 1.047587113854374
1490 0.1071893532448156 1.047216829182389
1491 0.1071233996960982 1.046872638371155
1492 0.1070521907702203 1.046503617483237
1493 0.1069825426621852 1.046144693910545
1494 0.1069094024155485 1.045779285830095
1495 0.1068491819381404 1.045449001545485
1496 0.1067772152717246 1.045080102823718
1497 0.1067121111402834 1.044733874231715
1498 0.1066422626074799 1.044368741303618
1499 0.1065691231702251 1.044003875648342
1500 0.1065066963955242 1.043666653636272
1501 0.1064419970255505 1.043323238331936
1502 0.1063651899850991 1.04293946434535
1503 0.1062980549831881 1.042584799415882
1504 0.1062314776106657 1.042237008834353
1505 0.1061655488051696 1.041895535006423
1506 0.1060993841057076 1.041547023230354
1507 0.1060298810977302 1.041182109318491
1508 0.1059559715226208 1.040812600481239
1509 0.1058934801961535 1.040472528560327
1510 0.1058302198091632 1.040129370293458
1511 0.1057636273402383 1.039780723598735
1512 0.1056973283511702 1.039432093255526
1513 0.1056313418219172 1.039083943627634
1514 0.1055653638819549 1.038735844367066
1515 0.1054933850919505 1.038374543493969
1516 0.1054349917551876 1.038049575387606
1517 0.1053637522834398 1.037683064445564
1518 0.1053008233686994 1.03733811366967
1519 0.1052323526081684 1.036986152756487
1520 0.1051658913143818 1.036636212169427
1521 0.1051062467705273 1.036305700268527
1522 0.10504024238017 1.035953148189341
1523 0.1049693484473217 1.035592764398784
1524 0.1049063654360661 1.035251038629923
1525 0.1048469422727138 1.034926917143017
1526 0.1047841551510726 1.034588244992728
1527 0.1047082195844821 1.034202665720984
1528 0.1046479821428979 1.033870933115084
1529 0.1045847423444947 1.033530474910109
1530 0.1045153639118478 1.033174847424538
1531 0.1044556019834024 1.032842094017195
1532 0.1043932734045024 1.032503184886927
1533 0.1043296377435093 1.032161257943481
1534 0.104260254428242 1.0318036176586
1535 0.1042013453480813 1.031472288221148
1536 0.1041401527410611 1.031137239006128
1537 0.1040707701376023 1.030779088438672
1538 0.104011452439709 1.030447793006195
1539 0.1039434031565496 1.030093585089116
1540 0.1038860454365987 1.02976600928859
1541 0.1038186280065671 1.029412969345243
1542 0.103760857844992 1.029084455813889
1543 0.1036937058217231 1.028733128835589
1544 0.1036360324918059 1.028404151244869
1545 0.1035697622411514 1.02805469161414
1546 0.1035082431517037 1.027718357398491
1547 0.1034468721430147 1.027380378527817
1548 0.1033882112759754 1.027043351805977
1549 0.1033219366186428 1.026694445161467
1550 0.1032641905836696 1.02636447953813
1551 0.1032043927588054 1.026033330345494
1552 0.1031396110864898 1.025688461659495
1553 0.1030803952772373 1.025352348084176
1554 0.1030206054747523 1.025019898215972
1555 0.1029632866890492 1.024698415542176
1556 0.1028992610796614 1.02434718884831
1557 0.1028317572780564 1.023989404171237
1558 0.1027729562278072 1.023657850297775
1559 0.1027132563786989 1.023323982644832
1560 0.1026525362216482 1.022987701322052
1561 0.1025959673217218 1.022666192181007
1562 0.1025332891869407 1.022316937461497
1563 0.1024679753937923 1.02196589232744
1564 0.1024111326268107 1.021638878202781
1565 0.1023485390574446 1.021296446868021
1566 0.1022926744810448 1.020970772525632
1567 0.1022306426198913 1.02062927325642
1568 0.1021750687109927 1.020303869624412
1569 0.1021129899121593 1.019961963297251
1570 0.1020574931408895 1.019636732719965
1571 0.1019959274717488 1.019295807321809
1572 0.1019403384077584 1.018969381890828
1573 0.1018792725663049 1.018630205502579
1574 0.1018214215793437 1.018300712012693
1575 0.1017622629246951 1.01796083990333
1576 0.1017066497508551 1.017632932885056
1577 0.101646118094452 1.017294598260534
1578 0.10159080718534 1.016968625691498
1579 0.1015354070951107 1.016643701944626
1580 0.1014720311875191 1.016295685100172
1581 0.1014184969477742 1.015973749493338
1582 0.1013631538355023 1.015649005300398
1583 0.1012994908788006 1.015298298346935
1584 0.1012477719666251 1.014979965725604
1585 0.1011925585878489 1.01465367324715
1586 0.1011281249638621 1.014302253859223
1587 0.1010706712404926 1.013969437624184
1588 0.1010114073754468 1.013632460587178
1589 0.1009554313232883 1.013302128661861
1590 0.1009050057991037 1.012984428021885
1591 0.100844792147835 1.012643529438941
1592 0.100793233994981 1.012324051331949
1593 0.1007329572305365 1.011982466448728
1594 0.1006757030104557 1.011645993302761
1595 0.1006207091343479 1.01131722103335
1596 0.1005658248215555 1.01098921775576
1597 0.1005175856006521 1.010677946104057
1598 0.1004635387392722 1.010354591415074
1599 0.1004028082814133 1.010009172050386
1600 0.1003484406946101 1.009675945612066
1601 0.1002908717494084 1.009344088588456
1602 0.1002374244904936 1.009014277921064
1603 0.1001797229271538 1.008681577627519
1604 0.1001235047987486 1.008346966075097
1605 0.1000720928059238 1.008021846447777
1606 0.1000156311429977 1.007692642053063
1607 0.09996298157046987 1.007362861528205
1608 0.09990555859079527 1.007029935395163
1609 0.09985597357917135 1.00671290200765
1610 0.09980326885325488 1.006388327148977
1611 0.09974251548426781 1.006037736493312
1612 0.09969321363740133 1.005720980534943
1613 0.09963419128058065 1.005376076651076
1614 0.09958224378945309 1.005047958975919
1615 0.09952505031043314 1.004712819292305
1616 0.0994740951578071 1.00438749231774
1617 0.09941806590792138 1.004054641577766
1618 0.09936943382632066 1.003739781312964
1619 0.09931180056636166 1.003396963494239
1620 0.09926021990119527 1.003067789660562
1621 0.09920441002755326 1.002734079947376
1622 0.0991536268008593 1.002407244351852
1623 0.09909813372215455 1.002074140478881
1624 0.09904341207231182 1.001742023460177
1625 0.09899039477198605 1.001411051889051
1626 0.09894086502676214 1.001082648304245
1627 0.09888535286709875 1.000748789486296
1628 0.09883970641814746 1.000437745285954
1629 0.09878616678235966 1.000103320834495
1630 0.09873387919784164 0.9997745315762289
1631 0.09867935872624475 0.9994369139473974
1632 0.09862596892356834 0.9990995320986844
1633 0.09857306015885155 0.9987712514359391
1634 0.09852065714339174 0.9984374854215153
1635 0.09846802161955229 0.9981089962563129
1636 0.09841852882425536 0.997787072813295
1637 0.09836478860038146 0.9974490055275589
1638 0.09831603969500685 0.9971250736205736
1639 0.09826566166790465 0.9967984226036259
1640 0.09821385274877344 0.996467451828309
1641 0.09816158156667155 0.9961342367168831
1642 0.09810505625138835 0.995786260423464
1643 0.0980555381673221 0.9954631884676899
1644 0.09799610659420821 0.9951091030176067
1645 0.09794894889517068 0.9947912189388741
1646 0.09789393269289448 0.9944458371475106
1647 0.09784309256227211 0.9941162256208316
1648 0.09779311340992693 0.9937871696303893
1649 0.09774368022327755 0.9934583763881065
1650 0.09769291484339981 0.9931226900109477
1651 0.09764245218030497 0.992790888580752
1652 0.09759520798441416 0.9924692330708073
1653 0.0975378405974701 0.992110024010099
1654 0.09748951480146634 0.9917927201527666
1655 0.09744341937334447 0.991468123668787
1656 0.09739461604742065 0.9911419449287907
1657 0.09734339321901826 0.9908050034807626
1658 0.09729340462704812 0.9904745751801001
1659 0.09724287995638552 0.9901384290882008
1660 0.09719270646106599 0.9898066523713639
1661 0.09714156222949236 0.9894686107088296
1662 0.09709153222462273 0.9891347684121115
1663 0.09704190641501877 0.9888003259436298
1664 0.09699143039794383 0.9884650945799563
1665 0.09694129389712521 0.9881303255425957
1666 0.09689112092584143 0.9877956229480287
1667 0.096841315784679 0.9874602109429844
1668 0.09679172560097624 0.987124956627851
1669 0.09674214071275228 0.9867891691791766
1670 0.09669267810821515 0.9864536848957774
1671 0.0966432899362047 0.9861177815020007
1672 0.09659391294393671 0.9857821238225105
1673 0.09654500306229788 0.9854461572317887
1674 0.09649510723770763 0.9851088304804518
1675 0.09644611584987056 0.9847717751351959
1676 0.09639745819817773 0.9844360197397134
1677 0.09634852440667631 0.9841000922424028
1678 0.09630000997901375 0.983763906155624
1679 0.09625135096405306 0.9834271612367701
1680 0.09620272641078169 0.9830902469351913
1681 0.09615521631089154 0.9827533419182404
1682 0.09610569477286834 0.9824148644372898
1683 0.09605672377082122 0.9820765754545951
1684 0.09600885498261438 0.9817386954407058
1685 0.09595930865570992 0.9813981039888717
1686 0.09591186804037226 0.9810618975656035
1687 0.09586195395952268 0.9807181761512334
1688 0.09581370707016455 0.9803798304256544
1689 0.09576716195137311 0.9800432870321606
1690 0.09571756567373965 0.9797001588855633
1691 0.0956696002591787 0.9793607942495502
1692 0.09562309525268729 0.9790237520151936
1693 0.09557381865960538 0.9786803090729183
1694 0.09552628365598594 0.9783406738494234
1695 0.09547971988515305 0.9780018060835109
1696 0.0954309161545901 0.9776585140876725
1697 0.09538327634919332 0.97731761080418
1698 0.09533691006925181 0.9769777910957992
1699 0.09528812797300461 0.9766330325407027
1700 0.09524027996234173 0.9762905457805936
1701 0.09519415904460406 0.9759499282035842
1702 0.09514516536087322 0.9756046413657402
1703 0.0950979940137624 0.9752618601732289
1704 0.09505260060703161 0.9749213334110959
1705 0.09500388450880445 0.9745744479694427
1706 0.09495662048673086 0.9742315390378334
1707 0.09490834991124301 0.9738814343632722
1708 0.09486258737134923 0.9735421202946064
1709 0.09481770411429544 0.9732035502837768
1710 0.09477229904492492 0.9728613201020783
1711 0.09472541039374159 0.9725156465539105
1712 0.09467593086640473 0.9721580626021888
1713 0.09462987605471349 0.9718176177676456
1714 0.09458363528995024 0.9714726335677291
1715 0.09453825047011974 0.9711306137867481
1716 0.09449195378520667 0.9707846679648136
1717 0.09444583706995467 0.970438277261085
1718 0.09439713536341555 0.9700804185736258
1719 0.09434942689818961 0.9697328664914652
1720 0.09430280853403793 0.9693854203796367
1721 0.09425966901230856 0.9690429631269716
1722 0.09421326833049994 0.9686892749237234
1723 0.09416648613184364 0.9683408115435455
1724 0.0941203645468105 0.9679928937488358
1725 0.09407455424375082 0.9676439380275735
1726 0.09403075449530209 0.9672996184031719
1727 0.09398255791367599 0.9669438753946076
1728 0.09393642041074284 0.9665933686362806
1729 0.09389092627577104 0.9662430272574429
1730 0.09384567167180645 0.9658926604538209
1731 0.09380227654038582 0.9655464663456578
1732 0.09375113038340971 0.9651817198228633
1733 0.09370547976855757 0.9648290451414306
1734 0.09366475791263915 0.9644882282239376
1735 0.0936145906524592 0.9641237248018866
1736 0.09356951879116407 0.9637710530078667
1737 0.09352385460044196 0.9634168626217793
1738 0.09347928662710248 0.9630640919415376
1739 0.09343379833741282 0.9627013596605399
1740 0.0933895752163197 0.9623573383160922
1741 0.09334568111067428 0.962006076852199
1742 0.09330206088469539 0.9616506610073027
1743 0.09325712330388441 0.9612974105995923
1744 0.09321863775642229 0.9609567140867489
1745 0.09316872771486413 0.9605870425595294
1746 0.09312381408010294 0.9602296666364331
1747 0.09308008345028758 0.959875035366974
1748 0.09303588745118729 0.9595156102936446
1749 0.09299054785697176 0.959159426261577
1750 0.09294591904572519 0.9588013868268179
1751 0.09290653656454868 0.9584559876232726
1752 0.09285662132242606 0.9580821645724604
1753 0.09281158709196603 0.9577213550111705
1754 0.09276576073870269 0.9573510246581184
1755 0.09272256312327125 0.9570015640410422
1756 0.09267893882466778 0.9566434607122006
1757 0.09263795540089503 0.9562919488600984
1758 0.09259753941625772 0.9559351440214749
1759 0.09255052219238293 0.9555675548760373
1760 0.09250610105667352 0.9552049427824377
1761 0.09246367233168161 0.9548485586536587
1762 0.09241990331786032 0.9544826765850905
1763 0.09237334081956149 0.9541138928638716
1764 0.09232904459538575 0.9537499094922192
1765 0.09228657502738868 0.9533914660493863
1766 0.09224465401200002 0.9530329019984621
1767 0.09220127750355563 0.9526681106908607
1768 0.09215536410312129 0.9522961333947565
1769 0.09211034807628574 0.9519214185521283
1770 0.09206603103787359 0.9515559190943366
1771 0.09202156612503512 0.9511889180123334
1772 0.091978769075589 0.950824527116532
1773 0.09193630007063104 0.9504594905548535
1774 0.09189550728038813 0.9501005085212088
1775 0.09185435043593322 0.949738852413748
1776 0.09180843682636279 0.94935741320337
1777 0.09176427629743969 0.948988893334049
1778 0.09172035061542326 0.9486161917697304
1779 0.09167800183373273 0.9482486695838361
1780 0.09163585671269919 0.9478817094927722
1781 0.09159378811263355 0.947514021065288
1782 0.09155161774836588 0.9471459147337221
1783 0.09150985058346985 0.946777447805824
1784 0.09146785030795485 0.9464083002313273
1785 0.09142558544185141 0.9460373913858646
1786 0.09138661316960778 0.9456777956865072
1787 0.09134172516006875 0.9452988002049897
1788 0.091300555797289 0.9449288116613276
1789 0.09125626619139779 0.9445517149154773
1790 0.09121799238459882 0.9441899173270091
1791 0.09117458621202809 0.9438111026692729
1792 0.09113195020980538 0.9434400863200885
1793 0.09108980607585263 0.9430627827398195
1794 0.09104195792480432 0.9426689861194739
1795 0.09100548199119278 0.9423128348153621
1796 0.09095822542282272 0.9419180685734106
1797 0.0909216668662636 0.9415611794936446
1798 0.09087506649293983 0.9411679258665002
1799 0.09083269703273644 0.9407904090035517
1800 0.09079268890597733 0.9404206417646005
1801 0.09075449263880042 0.9400508750392177
1802 0.09071358219993123 0.9396757106317173
1803 0.0906729331442572 0.9393046000613418
1804 0.09063052608843593 0.9389194139655131
1805 0.09058990477908571 0.9385454260586288
1806 0.09054742842572758 0.9381591815068453
1807 0.09050687453718637 0.9377847342038105
1808 0.09046476672715932 0.9373981710170145
1809 0.0904203216502714 0.9370074504550781
1810 0.09037984016193913 0.9366334823571858
1811 0.09034015723659033 0.9362528958309219
1812 0.09029790049294309 0.9358659462173353
1813 0.09025595283672871 0.9354841799358847
1814 0.09021600479332799 0.9351048685120252
1815 0.09017796011269184 0.9347277327736229
1816 0.09013613083595547 0.9343415308457518
1817 0.09009406269150741 0.9339567690474763
1818 0.09005711916097121 0.9335827809644452
1819 0.09001928504191448 0.9332064001937993
1820 0.08997730670778918 0.932818875506827
1821 0.08993635927145487 0.9324325454961918
1822 0.08989000153021669 0.932027862613254
1823 0.08985439603645141 0.9316574916073201
1824 0.08981512354702206 0.9312747261514933
1825 0.08977477490344896 0.9308880248188213
1826 0.08972820785188276 0.9304800942516361
1827 0.08969321822739032 0.930108876123152
1828 0.08965306989370057 0.9297209041553417
1829 0.08961308160719356 0.9293332580692366
1830 0.08957295274868667 0.9289448673412676
1831 0.08952869732932389 0.9285434144402716
1832 0.08948883142435185 0.9281549824129927
1833 0.08945221052028283 0.9277719388461536
1834 0.0894155671008653 0.9273943269115239
1835 0.08937522691321469 0.9270011805893036
1836 0.08933153951849615 0.9265996010622196
1837 0.08929193448190334 0.9262096588028932
1838 0.08925673791863521 0.9258296292631228
1839 0.08921493098113049 0.9254316423532234
1840 0.08917887510584566 0.9250487412492387
1841 0.08914005191144728 0.924657553212707
1842 0.08909694946245021 0.9242560107271887
1843 0.0890611391520158 0.9238708292218404
1844 0.08902251665333513 0.923479356653526
1845 0.08898310631539039 0.923085370310589
1846 0.08894053223456293 0.9226821829637202
1847 0.08890473501251515 0.9222925502451982
1848 0.08886331438585263 0.921895892788959
1849 0.08882818235522344 0.9215104422054106
1850 0.0887894862627905 0.9211116245035543
1851 0.08874710257450952 0.9207090683130267
1852 0.08871292321200276 0.9203243063042361
1853 0.08867393982412997 0.9199307712255014
1854 0.08863709901382848 0.9195368811697101
1855 0.08859858386629363 0.9191391467775971
1856 0.08855972258817031 0.9187406480749125
1857 0.08852107238265274 0.9183418860106165
1858 0.08848264304549013 0.9179436975805345
1859 0.08844416503287469 0.917545171940546
1860 0.08840578301766525 0.9171460122893618
1861 0.08836688897364524 0.9167445189688159
1862 0.0883296524283418 0.9163515826959335
1863 0.08829214040712846 0.9159494115324615
1864 0.08824972176407272 0.9155361186204148
1865 0.08821120708014039 0.9151341169827268
1866 0.08817396186426046 0.9147347290711344
1867 0.08813588719170526 0.9143312188874237
1868 0.08809861480493689 0.9139324127918614
1869 0.08806390462296937 0.913541006794872
1870 0.08802511966425407 0.9131325722441703
1871 0.08798644955944022 0.9127317120884596
1872 0.08795034820289391 0.9123358600289233
1873 0.08791622520002321 0.9119415037673063
1874 0.08787744611338187 0.9115340941172866
1875 0.08784239440250646 0.9111372944499733
1876 0.08780190317934554 0.9107223755891555
1877 0.0877664218780642 0.9103246652971914
1878 0.08772660390280927 0.9099079770191741
1879 0.08769494721015653 0.9095283919612027
1880 0.08765548859374203 0.909115050716919
1881 0.08762126303755578 0.9087162351652471
1882 0.08757836050389255 0.9082940559400712
1883 0.08754620427277686 0.9079020553499441
1884 0.08750705342242714 0.9074872482382537
1885 0.08747539253344261 0.9070976094473235
1886 0.08743999666406913 0.9066952582893829
1887 0.08740227403450433 0.9062834383715014
1888 0.08736060771327422 0.9058586445665375
1889 0.08732430448220573 0.905455957974645
1890 0.08729192228873689 0.9050601126691827
1891 0.08725567497991059 0.9046504956110363
1892 0.08721639370438114 0.9042369687060742
1893 0.0871836830739688 0.9038386895620666
1894 0.08714821959348057 0.9034293210663945
1895 0.08710725248864913 0.9030114760433079
1896 0.08707155712943083 0.9026038790970851
1897 0.08703759396803763 0.9021959064919454
1898 0.08700676111032712 0.9018035319689117
1899 0.08697180531885745 0.9013938504527756
1900 0.08693209104235271 0.9009767442811568
1901 0.08689301553820782 0.9005558087276248
1902 0.08685817032427186 0.9001479343208408
1903 0.08682386358407222 0.8997410153033655
1904 0.08678945622149892 0.8993338784217149
1905 0.08675512815325136 0.8989261223036599
1906 0.08672080829783373 0.8985178970867721
1907 0.0866865152407043 0.8981091615961828
1908 0.08665171805061447 0.8976972736054876
1909 0.08661707172297274 0.8972876244323542
1910 0.08658254267930671 0.8968806442906903
1911 0.08654817564794956 0.8964708723002157
1912 0.08651364722758177 0.8960573164996096
1913 0.08647907694679571 0.8956468859416524
1914 0.08644500534699943 0.8952362191191308
1915 0.08641079358836004 0.8948252054202538
1916 0.08637659132210498 0.8944137645585
1917 0.08634230411006054 0.8940020029105582
1918 0.08630822782168747 0.8935903347638843
1919 0.08627414945906735 0.8931783238413225
1920 0.08624376943199859 0.8927757056075427
1921 0.08621339628313858 0.8923770734858497
1922 0.08617963235239916 0.8919605589729841
1923 0.08614141299625153 0.8915368970339533
1924 0.08610978337916816 0.8911326308362181
1925 0.08607598074809544 0.8907150890174859
1926 0.08603817801632621 0.8902905322679856
1927 0.08600458972420399 0.8898767805039919
1928 0.08596748114084951 0.8894501806714662
1929 0.08593521004737596 0.8890474261431867
1930 0.08590257959875088 0.8886352575462051
1931 0.08587416035487401 0.8882324926538734
1932 0.08584164235391761 0.8878162922916514
1933 0.08580476203789397 0.8873916325658114
1934 0.0857695273511332 0.8869768252472096
1935 0.08574131824110476 0.8865756000907387
1936 0.08570968246537082 0.8861646682268878
1937 0.08567677699500738 0.8857492067705188
1938 0.08564369444744126 0.8853335324282798
1939 0.08561074282343409 0.8849142671499121
1940 0.08557243473161318 0.8844848740577317
1941 0.08553958060210277 0.8840705152887702
1942 0.08551272960043281 0.8836707396474913
1943 0.08548160149496539 0.8832558911065922
1944 0.0854491729560147 0.8828455933996978
1945 0.08541692723526519 0.8824305312583394
1946 0.08538485594482091 0.8820148032074873
1947 0.08535296462982218 0.8815988553011879
1948 0.08531870002735181 0.8811756505124492
1949 0.08528655931187439 0.8807593416945982
1950 0.0852546222727044 0.8803401933571257
1951 0.08521984530340523 0.8799222572300525
1952 0.08519145201678753 0.8795162416655934
1953 0.08516343335376632 0.8791110549693871
1954 0.08513076502799709 0.8786859292989444
1955 0.08509584828283293 0.878264786558687
1956 0.08506779151381072 0.8778540495980104
1957 0.08503416914610872 0.8774371818230799
1958 0.08500843938536179 0.8770369184043577
1959 0.0849775164160145 0.8766162392966708
1960 0.08494772547415845 0.8762115831668326
1961 0.08491654003542495 0.8757883628113428
1962 0.08488623812380489 0.8753821871565457
1963 0.08485451710406408 0.8749569170448466
1964 0.08481972463391446 0.8745327173844399
1965 0.08479399049365473 0.8741327882606504
1966 0.08476389457252602 0.8737120298611722
1967 0.08472980638834665 0.8732908513569938
1968 0.08470404780857213 0.8728893827357631
1969 0.08467506391244546 0.8724777843765044
1970 0.08464510828734276 0.8720624978673039
1971 0.08461512854975355 0.8716462760139573
1972 0.08458482575725443 0.8712299714207635
1973 0.08455239332534017 0.8708012721729834
1974 0.08452020375382455 0.8703798923712298
1975 0.08449044655271508 0.8699662765964031
1976 0.08446146085398362 0.8695537813210144
1977 0.0844327436861227 0.8691471484375924
1978 0.08440760978237362 0.8687440070837424
1979 0.08437947004316289 0.86833165048465
1980 0.08435065614981346 0.8679171074861965
1981 0.08432155783319582 0.8675018974613459
1982 0.08429223296264622 0.8670867384260904
1983 0.08426318697905262 0.8666716690806497
1984 0.08423429274195883 0.8662567129616147
1985 0.08420335344178619 0.8658300721802923
1986 0.084174224544815 0.8654196562645975
1987 0.08414572549501437 0.8650021026914192
1988 0.08411580755470381 0.8645846651495029
1989 0.08408766132757534 0.8641782205325834
1990 0.08406426898781172 0.8637733111688169
1991 0.08403677832316041 0.8633673777395642
1992 0.08400786867744464 0.8629453338270289
1993 0.08398069613285931 0.8625379226184958
1994 0.08395266006191045 0.8621283357848256
1995 0.08392509367686543 0.8617150284806339
1996 0.08389749438449379 0.8613015174408456
1997 0.08386465006120816 0.8608699914945687
1998 0.08383939432325756 0.8604592727707141
1999 0.08381031380126718 0.8600493006633992
2000 0.08378742009720433 0.8596442997455114
2001 0.08375733133306953 0.8592304114270964
2002 0.08373404017038905 0.8588233305296993
2003 0.08370397762751453 0.8584097645492019
2004 0.08368231878757137 0.858013365838882
2005 0.08365675548158703 0.8576060391886682
2006 0.08362763139335601 0.8571819179988001
2007 0.08359633519570571 0.8567630270906162
2008 0.08357470924084548 0.856367422818094
2009 0.08354925753519982 0.8559610004863315
2010 0.08352306110394085 0.8555503177892346
2011 0.08349625408920713 0.8551386067152147
2012 0.08346754240818124 0.8547145986504372
2013 0.08343678372180258 0.8542964186345371
2014 0.08341415378599254 0.853897663352841
2015 0.08339158964819442 0.8534994544820541
2016 0.08336049660749732 0.8530732651787416
2017 0.0833400989710821 0.8526795116555519
2018 0.08331536131827498 0.8522747385996436
2019 0.08329018826121158 0.8518619394211449
2020 0.0832639418957361 0.8514569999360443
2021 0.08323683825131462 0.8510388994071102
2022 0.08320703069581334 0.8506230803474509
2023 0.0831869153988866 0.8502271126381034
2024 0.08316208073996581 0.8498214279389793
2025 0.08313082408633538 0.8493982477871092
2026 0.08311256636887503 0.8490088551561231
2027 0.08308757417459754 0.8486066827040373
2028 0.0830630259401271 0.8481998907277681
2029 0.08303852316881027 0.8477929495145103
2030 0.08301379482651075 0.8473863215447948
2031 0.08298899266576135 0.8469797671158523
2032 0.08296466559661936 0.8465738489663526
2033 0.08293937860852327 0.8461603893652295
2034 0.08291650977187108 0.8457670400455487
2035 0.08289156492197888 0.8453539175559444
2036 0.08286225241120267 0.8449372232454052
2037 0.08284403332632079 0.8445517221452608
2038 0.08282041315663712 0.844143523978893
2039 0.08279784872065572 0.8437502807121335
2040 0.08276858900019431 0.8433273268100121
2041 0.08274954705309336 0.8429324672900692
2042 0.08272801939983357 0.8425397748910722
2043 0.08269883292353802 0.8421232315168626
2044 0.0826810859750346 0.8417334433789767
2045 0.08265760670794803 0.841330736048773
2046 0.08263552255678359 0.8409392801003288
2047 0.08261166724947303 0.8405289366594079
2048 0.08258880805318806 0.8401291083031518
2049 0.08256094619344083 0.8397176484006381
2050 0.08254474380711573 0.8393361193665045
2051 0.08252259842291965 0.8389322837687925
2052 0.08249967131926565 0.8385332638588157
2053 0.08247704561515218 0.8381345518525627
2054 0.08244901493990348 0.8377229198162155
2055 0.08243182083561328 0.8373291111290501
2056 0.08240550685161185 0.8369290889879452
2057 0.08238837498262271 0.8365365523491642
2058 0.08236319605759744 0.8361389615782985
2059 0.0823452930874421 0.8357449327640216
2060 0.0823204906952773 0.8353486245403642
2061 0.08230287229942854 0.83495463850152
2062 0.08227814098873856 0.834559083933326
2063 0.08226050515251138 0.8341651396250086
2064 0.08223592614883055 0.8337702922387644
2065 0.08221822852606001 0.8333764100353767
2066 0.08219341291577792 0.8329817628990935
2067 0.08217666848437057 0.8325894280889761
2068 0.08215207702435037 0.8321957940059277
2069 0.08213534777359172 0.8318043108340792
2070 0.08211117439709795 0.8314122938194968
2071 0.08209613192960982 0.8310299703009656
2072 0.08207427396679673 0.830631148204505
2073 0.08204952769975915 0.8302363522457877
2074 0.08203355658200535 0.8298483224107508
2075 0.08200966440875795 0.829457182732755
2076 0.08199337935358357 0.8290675667797602
2077 0.08196928451068203 0.8286770535867438
2078 0.08195369356551001 0.828289318656972
2079 0.08192949321130318 0.8278984486669622
2080 0.08191502551579707 0.8275153417596891
2081 0.08189160780503861 0.8271265004550813
2082 0.0818763342390315 0.826741122740793
2083 0.08185354706118382 0.8263513355551293
2084 0.08183827127653504 0.8259693983253783
2085 0.08181504866196819 0.8255795780067549
2086 0.0817995591466822 0.8252005317097554
2087 0.08177695792258896 0.824808571694155
2088 0.08176399041107309 0.8244335222839865
2089 0.08173973138632984 0.8240403224190894
2090 0.08172532792052799 0.8236652657867159
2091 0.08170284598261669 0.8232752869293455
2092 0.08168988929374221 0.8229013973220987
2093 0.08166631929883209 0.8225110019882562
2094 0.0816535044106933 0.8221386945119001
2095 0.08163015286361892 0.8217486374052219
2096 0.08161765877115827 0.8213772438932081
2097 0.08159404381931558 0.8209875152535208
2098 0.08158194746064121 0.8206177274783307
2099 0.08155893500911812 0.8202325917924522
2100 0.08154704668693351 0.819865326279706
2101 0.08153070097376988 0.819490511432125
2102 0.08151039877404385 0.819100709860936
2103 0.08148800688744322 0.8187158893971903
2104 0.08147710129378488 0.8183503924304499
2105 0.081453892155498 0.8179633590460413
2106 0.08144331503041492 0.8175986801251982
2107 0.08142011420013978 0.8172137297849955
2108 0.08140778063742542 0.8168429105946839
2109 0.08138712541574769 0.8164665218073106
2110 0.08137496033526602 0.8160999599731437
2111 0.08135413039096397 0.8157164954886446
2112 0.08133754367301563 0.8153446319599409
2113 0.08132394104639241 0.8149790769693598
2114 0.08130866223919957 0.814605732474308
2115 0.08129081251844311 0.8142352451229863
2116 0.08127522862644188 0.8138665672902119
2117 0.08126180543799645 0.813498216571686
2118 0.08124397079671718 0.813123421030559
2119 0.0812280147193543 0.8127630338112752
2120 0.0812132478717635 0.8123968373098465
2121 0.08120338078979607 0.8120383647391483
2122 0.08118366009216854 0.8116643804683084
2123 0.08116811555299037 0.8112976532803898
2124 0.08115814152732549 0.8109406001698062
2125 0.08113815966599089 0.810569147008897
2126 0.08112768512837618 0.8102116471653531
2127 0.08110823727662747 0.8098432873557652
2128 0.08109822015389859 0.8094846294033679
2129 0.08108032756322169 0.8091161691884239
2130 0.08106348008850217 0.8087497300898707
2131 0.08105460720448047 0.8083981483197191
2132 0.08103580870298836 0.8080314196683632
2133 0.08102612468434628 0.8076769197957677
2134 0.08100699487557025 0.8073103319870791
2135 0.08099782860548403 0.8069580586629934
2136 0.08097912835556507 0.8065927306416528
2137 0.08097070851993625 0.8062423788848011
2138 0.08095217144694257 0.8058783884393544
2139 0.08094322714448253 0.8055286594510548
2140 0.08092985343895165 0.805175458377723
2141 0.08091066009836312 0.8048082716224726
2142 0.08090350461231102 0.8044658463811644
2143 0.08088859977082757 0.8041094552775989
2144 0.08087165896055001 0.8037468791225774
2145 0.08086428368603026 0.8034051176571365
2146 0.08084938608151179 0.8030538327409591
2147 0.08083918007855044 0.8027037099498632
2148 0.08082040290659873 0.8023387428009275
2149 0.08081404847888798 0.802006473177831
2150 0.08079994372465664 0.8016496829475179
2151 0.08078852124565854 0.8013046285925537
2152 0.08077183816201737 0.8009447395558856
2153 0.08076646490665677 0.8006152917953561
2154 0.08075583555555775 0.8002733921780386
2155 0.0807437042434262 0.7999268475596897
2156 0.08073116325283472 0.7995788815958951
2157 0.08071862424877828 0.7992316675557363
2158 0.08070639923362778 0.7988849363777232
2159 0.08069423601109932 0.7985398449283603
2160 0.08068232318153307 0.7981950490983549
2161 0.08067049199778664 0.7978513818146196
2162 0.08065851691949276 0.7975085794989302
2163 0.08064698842778888 0.7971672327602859
2164 0.08063573963382119 0.7968266515584236
2165 0.08062430248223751 0.7964850273171458
2166 0.08061349723265898 0.796146288020794
2167 0.08060284286243079 0.7958088621836041
2168 0.08059243445667255 0.7954720475068339
2169 0.08058220345733452 0.7951360174311494
2170 0.08057184540262681 0.7948006455069543
2171 0.08055566668013413 0.7944473559806171
2172 0.08055107719920605 0.7941286327976419
2173 0.08054216758112506 0.7937998993694612
2174 0.08053039145676166 0.7934584541290355
2175 0.08052272778301228 0.7931363780904283
2176 0.08051215901998129 0.7927998335637161
2177 0.08050514650195514 0.7924800483439118
2178 0.08049394027424459 0.7921427917259993
2179 0.08048416528743402 0.7918129959613434
2180 0.08047392576376218 0.7914818419790803
2181 0.08046128160907218 0.7911437497366027
2182 0.08045726415692311 0.7908263386511661
2183 0.08044426352394202 0.7904984505656849
2184 0.08044072403757568 0.7901872723386181
2185 0.08042728221632837 0.7898417259670486
2186 0.08042473770794115 0.7895348666382767
2187 0.08041541964614152 0.789214242183279
2188 0.0804067681526746 0.788890631703183
2189 0.08039819485405379 0.7885672358024064
2190 0.08039098449940808 0.7882457335967729
2191 0.08038112602898441 0.7879241445265721
2192 0.08037277941325408 0.7875990792397481
2193 0.08036352080929586 0.7872807941171289
2194 0.08035702597488381 0.786963834913206
2195 0.08034695761634707 0.7866390251843184
2196 0.08034125264525716 0.7863304924376459
2197 0.08033413863823534 0.7860167031885488
2198 0.08032719549558116 0.7857020422777385
2199 0.08031785856121795 0.7853799645850669
2200 0.08030586565576142 0.7850550636858575
2201 0.0803047478615927 0.7847589303862906
2202 0.08029267268223866 0.7844326142159888
2203 0.08029195389255789 0.7841379981224528
2204 0.08028009044743142 0.7838136194624302
2205 0.08027902313676021 0.7835188498235618
2206 0.08027301710258387 0.7832147222124707
2207 0.08026649504723904 0.7829058208545168
2208 0.08026107161462162 0.7825983979008344
2209 0.08025356427747665 0.7822910078383551
2210 0.08024716368948881 0.7819805201177398
2211 0.08023908258839359 0.7816741685017602
2212 0.08023427123384719 0.7813706851956548
2213 0.0802264714995424 0.7810597958180324
2214 0.08022234624969023 0.7807655516616075
2215 0.08021701381140031 0.7804654295253943
2216 0.08021157494395136 0.7801647440063715
2217 0.08020049428208982 0.7798490249946647
2218 0.08020039463227524 0.7795617262463892
2219 0.08019662259578697 0.7792689616987893
2220 0.08019161996530857 0.7789720565225549
2221 0.08018625740315448 0.7786748279171944
2222 0.08018128101606317 0.7783780416632957
2223 0.08017647481413118 0.7780817437792573
2224 0.08017165826088196 0.7777865353281125
2225 0.08016672979213625 0.7774923894661041
2226 0.08016204779703084 0.7771993663757587
2227 0.08015783309343709 0.7769074128792051
2228 0.08015349075500211 0.7766160763151972
2229 0.08014924388068795 0.7763255199240721
2230 0.08014511077105686 0.7760358130046323
2231 0.08014122339997631 0.7757487597594103
2232 0.08013750368857947 0.7754610820793498
2233 0.08013375053737842 0.7751740936175453
2234 0.08013034474726802 0.7748894217175636
2235 0.08012693456169796 0.7746042855291145
2236 0.08012338938446266 0.7743188373034037
2237 0.08012008822523368 0.774035373087998
2238 0.08011687857552559 0.7737528951432432
2239 0.08010851804553247 0.7734521140298998
2240 0.08011052076973833 0.7731871296584839
2241 0.08010884258988646 0.7729131059089787
2242 0.08010561451867373 0.7726354753908677
2243 0.08010397958309694 0.7723565197906698
2244 0.08010017471321206 0.772077132817608
2245 0.08009909405404443 0.7718014794313458
2246 0.08009681675493197 0.7715258862435981
2247 0.08009453952117121 0.7712503305967849
2248 0.0800922396257045 0.7709762300442066
2249 0.08008987092027139 0.7707029623927045
2250 0.08008795044829298 0.7704311777458775
2251 0.08008636708360929 0.770159924995478
2252 0.08008456260723998 0.7698888409241432
2253 0.08008306408430446 0.7696191438084532
2254 0.08008063904287824 0.7693465594277372
2255 0.08007942971826863 0.7690787582773854
2256 0.08007826871902535 0.7688122897538469
2257 0.08007715310551694 0.7685467771615451
2258 0.08007621655108105 0.7682822084608313
2259 0.08007559138301103 0.7680183380799358
2260 0.08007607991012845 0.7677600716088681
2261 0.08007538106467128 0.7674977887702109
2262 0.0800745807415149 0.767235409866835
2263 0.08007439825372516 0.7669745945123374
2264 0.08007384137011604 0.7667149524627422
2265 0.0800737379176793 0.7664560955219571
2266 0.0800736209506531 0.7661980914790977
2267 0.08007394494954351 0.7659405745578203
2268 0.08007398712848365 0.7656847550942958
2269 0.08007420152084128 0.7654301600713854
2270 0.08007358994111137 0.7651735471451548
2271 0.08007441621356906 0.7649211697170838
2272 0.08007705305913262 0.7646735160373889
2273 0.08007875427268107 0.764429717635839
2274 0.08007966903759296 0.764173272392575
2275 0.08008069296160633 0.7639283917203759
2276 0.08008142589651324 0.7636781513840629
2277 0.08008223701578401 0.7634277472247726
2278 0.08008272919372704 0.7631776358307474
2279 0.08008339579805272 0.7629290134174829
2280 0.08008409871754203 0.7626826956515149
2281 0.08008511708037892 0.7624379493691502
2282 0.0800862555695232 0.762194493502058
2283 0.08008742378792617 0.7619511445170479
2284 0.08008940823100781 0.7617104550424365
2285 0.08009141260851697 0.7614707951536366
2286 0.0800936335608881 0.761231704942316
2287 0.08009603569421771 0.7609936129047224
2288 0.08009755483082712 0.7607493009600561
2289 0.08009930167814373 0.7605128180180014
2290 0.0801025045961619 0.7602833552666346
2291 0.08010516252468328 0.7600429190124209
2292 0.08010752251629717 0.7598087249489754
2293 0.0801106417326217 0.7595767382889265
2294 0.08011350918015939 0.7593455083672184
2295 0.08011608580672681 0.7591123625279761
2296 0.08011874032607867 0.7588816732882717
2297 0.08012260764519992 0.7586586505738472
2298 0.08012599079078667 0.7584250053534565
2299 0.080129718152377 0.7581975198020527
2300 0.08013361599357562 0.7579767844694826
2301 0.08013705872894174 0.75774597033892
2302 0.0801404869382079 0.7575208282040554
2303 0.08014474157374533 0.7573024846761336
2304 0.08014848175522486 0.7570742573611895
2305 0.08015217251892322 0.7568517039830288
2306 0.08015658763270384 0.7566361657713041
2307 0.08016065094400752 0.7564108754226737
2308 0.0801644331321396 0.7561960100364719
2309 0.08016873858428759 0.7559723031855748
2310 0.08017346254209003 0.7557601829302129
2311 0.08017832123084032 0.7555387513255508
2312 0.08018317435313496 0.7553290048847308
2313 0.08018798465617878 0.7551098448457483
2314 0.08019327109564484 0.7549018195360379
2315 0.0801982952794263 0.7546842358592503
2316 0.08020365559720934 0.7544778392066274
2317 0.08021037329102843 0.7542712630414322
2318 0.08021552592612739 0.7540552237576319
2319 0.08022079810776889 0.7538515184068788
2320 0.08022596190504609 0.7536379189573224
2321 0.08023163382503858 0.7534361044975296
2322 0.08023767199170431 0.7532310092193393
2323 0.08024410135759473 0.7530258997528319
2324 0.08024978707313954 0.7528216855854957
2325 0.08025505100888056 0.7526125665128479
2326 0.08026089417888004 0.7524105753511848
2327 0.08026759938531325 0.7522150162336211
2328 0.08027458618812336 0.7520163801078839
2329 0.08028001825659654 0.7518097755973694
2330 0.08028684896580358 0.7516173033510379
2331 0.08029355892178724 0.751415445197975
2332 0.08030016436601553 0.751221505126223
2333 0.08030752583636493 0.7510279526510784
2334 0.08031528121073152 0.7508347353005351
2335 0.08032277685141911 0.7506422683094064
2336 0.08033028657737579 0.7504507458353159
2337 0.08033826477907695 0.7502612726129191
2338 0.08034615951552551 0.7500716555654782
2339 0.08035398775123748 0.7498827914472159
2340 0.0803618190234346 0.7496948452548566
2341 0.08036959412590226 0.7495079607995657
2342 0.08037750106184825 0.7493218882468593
2343 0.08038547435944779 0.7491368763088172
2344 0.08039369507750133 0.7489527544532293
2345 0.08040236783360244 0.7487700480070807
2346 0.08041167555029036 0.7485905216060539
2347 0.08042038269033309 0.7484095844670605
2348 0.08042888824223003 0.7482292587153908
2349 0.08043733978013382 0.7480499878309774
2350 0.08044625631600827 0.747871612828561
2351 0.0804551276582028 0.747694211844274
2352 0.08046409982944713 0.7475179015646366
2353 0.08047333972013705 0.7473427600582879
2354 0.08048268602433666 0.7471685394772339
2355 0.08049190405445869 0.7469953513011937
2356 0.08050151559167476 0.7468233243496846
2357 0.08051116102798521 0.7466524581759586
2358 0.08052090186707304 0.7464824954697208
2359 0.08053095457872372 0.7463134088521688
2360 0.08054081533065884 0.7461452585230565
2361 0.08055085876181324 0.7459784135289875
2362 0.08056119108895021 0.7458123986642612
2363 0.08057151423996027 0.745647381410156
2364 0.08058188906691541 0.7454834902749096
2365 0.08059226682461514 0.7453202573656295
2366 0.08060320249218073 0.7451588211894652
2367 0.08061394055213889 0.7449983653379975
2368 0.08062525989950751 0.7448386629731873
2369 0.08063617833703077 0.744679938426104
2370 0.0806474550746277 0.7445219084771297
2371 0.0806586550664946 0.7443648409667187
2372 0.08066998248006749 0.7442098692477674
2373 0.08068143152854897 0.7440553068203861
2374 0.08069292921415243 0.7439015199968567
2375 0.08070483351224136 0.7437486128248556
2376 0.08071664254701259 0.7435967306874939
2377 0.08072841124475882 0.7434458825404154
2378 0.08074028394939746 0.7432959239657474
2379 0.08075233897656743 0.7431470144977914
2380 0.08076462131007506 0.7429989734069791
2381 0.08077684438849157 0.7428521123486385
2382 0.08078931291233854 0.7427060326360866
2383 0.0808012101748416 0.7425600771184414
2384 0.08081376226617872 0.7424161318490208
2385 0.08082635673068449 0.7422735111322606
2386 0.08083932130223218 0.7421315883635544
2387 0.08085242648033704 0.7419907471399493
2388 0.08086548243658483 0.7418510903093376
2389 0.08087844347195833 0.7417123517766626
2390 0.0808918557946883 0.7415748346443419
2391 0.08090506957947945 0.7414383670006527
2392 0.08091903344412181 0.7413028591709439
2393 0.08093272391386339 0.7411684185899943
2394 0.08094645921251399 0.7410348541702765
2395 0.08096029737977127 0.7409021896929198
2396 0.08097381623068282 0.7407702333721109
2397 0.08098794213105928 0.740640054658857
2398 0.08100235936171139 0.7405107591544015
2399 0.08101668111506426 0.7403825162267623
2400 0.08103109871890948 0.7402552044125781
2401 0.08104544983129855 0.7401290013525746
2402 0.08106001615869603 0.7400037299071515
2403 0.08107479752317706 0.7398794872378807
2404 0.08108985488977798 0.7397566984303375
2405 0.08110484250774225 0.739634448083531
2406 0.08111984309453427 0.7395129248104559
2407 0.08113514974930354 0.7393928617438442
2408 0.08115029769430024 0.7392735199647267
2409 0.08116546440093123 0.7391551928976779
2410 0.08118109478637663 0.7390377025705984
2411 0.08119597813895284 0.7389198662987265
2412 0.08121152811420147 0.7388044825687966
2413 0.08122724863929116 0.7386905224761913
2414 0.08124324140175671 0.7385773011468644
2415 0.08125935337124905 0.7384656605827542
2416 0.08127572265843093 0.7383550749571528
2417 0.0812920664080849 0.7382456608838278
2418 0.0813085558518362 0.7381371608349511
2419 0.08132535166289495 0.7380297667705413
2420 0.08134228262010734 0.7379237800625035
2421 0.08135943834699461 0.7378192426280624
2422 0.08137668621650927 0.7377157738414732
2423 0.08139395280161089 0.7376127637914168
2424 0.08141126888653752 0.7375099333593912
2425 0.08142831561925291 0.7374146170945534
2426 0.08144644703872711 0.7373073070031977
2427 0.08146284604550295 0.7372123756376858
2428 0.08148062577044307 0.7371148369047152
2429 0.08149817477099966 0.7370082764718296
2430 0.08151478548494386 0.7369158380953084
2431 0.08153237352941169 0.7368132283252221
2432 0.08154915021852491 0.7367232237929942
2433 0.08156707638337354 0.7366234915538757
2434 0.08158431174746796 0.736535798841191
2435 0.08160282231003425 0.7364386379535708
2436 0.08162028102983843 0.7363530740432017
2437 0.08163947737899385 0.7362586618770941
2438 0.08165706956258977 0.736175931808342
2439 0.08167655446533294 0.7360834224437494
2440 0.0816948602289117 0.7359955168366424
2441 0.08171310179118471 0.73591236337064
2442 0.08173215740622129 0.7358311283327105
2443 0.08175181442850268 0.7357444519983026
2444 0.08177061951801148 0.7356611635515415
2445 0.08178938063843738 0.7355795342800403
2446 0.08180843532564785 0.7354989896414499
2447 0.0818281046727822 0.7354229067987197
2448 0.08184801068763854 0.735347220823466
2449 0.08186831471089551 0.7352669651982019
2450 0.0818874306792737 0.7351927211582395
2451 0.08190724255546737 0.7351186426298679
2452 0.08192765626295821 0.7350412939506717
2453 0.0819471573643365 0.7349698791892252
2454 0.08196763349840999 0.7348991478742145
2455 0.08198739401787339 0.7348261329693877
2456 0.0820078019319964 0.7347563352684212
2457 0.08202833496098318 0.734687215920644
2458 0.08204891894603977 0.7346194698237958
2459 0.08206946468287106 0.7345517619779903
2460 0.08209023573312103 0.734486202952445
2461 0.08211105308933635 0.7344208699244684
2462 0.08213185153914705 0.7343576335251637
2463 0.08215302416718005 0.7342949251256805
2464 0.08217440790584833 0.7342332303604517
2465 0.08219586324315727 0.7341726191101633
2466 0.08221717510793979 0.7341128586786789
2467 0.08223868250412313 0.7340543661033693
2468 0.08226039273606763 0.733996873543694
2469 0.08228191571223753 0.7339402764405578
2470 0.08230388365384707 0.7338847850224933
2471 0.08232566569640407 0.733830189955983
2472 0.08234769612475931 0.7337766228907324
2473 0.0823695934866914 0.7337236659935551
2474 0.08239178713499488 0.7336723270743244
2475 0.08241400710468705 0.7336219422700795
2476 0.08243652986196827 0.7335725840287133
2477 0.08245899662808404 0.7335241069352092
2478 0.082481505678368 0.7334767242724021
2479 0.08250423342083681 0.7334301899181306
2480 0.08252704773931079 0.7333846851740011
2481 0.08254988922595799 0.7333402470109431
2482 0.08257283946237948 0.7332970921321841
2483 0.0825957591166739 0.7332545961658838
2484 0.08261894359992318 0.7332129574804651
2485 0.08264222461197339 0.7331721112599773
2486 0.08266545976163382 0.7331324802196276
2487 0.08268839366384868 0.7330941208197824
2488 0.08271224089658274 0.7330563994184405
2489 0.08273662564814191 0.7330217045487608
2490 0.08276047016052693 0.7329861901219483
2491 0.08278398995796127 0.7329514913700741
2492 0.08280734691911602 0.7329201232557372
2493 0.08283213495920771 0.732885840832104
2494 0.08285603306340808 0.7328537876284741
2495 0.08287986106090812 0.7328230290285682
2496 0.08290333446552552 0.732795524989139
2497 0.0829286741263586 0.7327656027770859
2498 0.08295253367131637 0.7327385857490437
2499 0.08297696608761135 0.7327128851777452
2500 0.08300291992345347 0.7326860038872851
2501 0.08302684291790374 0.7326627717668719
2502 0.08305192460226758 0.7326397199301961
2503 0.0830777595208885 0.7326160539146632
2504 0.0831018257940659 0.7325960764539897
2505 0.08312696999362322 0.7325764713492859
2506 0.08315340043354268 0.7325562184933572
2507 0.08317863830750505 0.7325382940910897
2508 0.08320407420104904 0.7325213826459531
2509 0.08322958536022684 0.7325056313806633
2510 0.08325516920005677 0.7324908050242317
2511 0.08328076123314256 0.7324769148907918
2512 0.08330688099358213 0.7324639485501953
2513 0.08333303494584557 0.7324515297977707
2514 0.0833591498759091 0.732440205457119
2515 0.08338442392110135 0.7324310180838091
2516 0.08341141174211798 0.7324214967072918
2517 0.08343744888181173 0.7324125482931667
2518 0.08346312091431608 0.7324057340723957
2519 0.08349076832955447 0.7323996343904396
2520 0.08351741902486189 0.7323944361877576
2521 0.08354320759985284 0.7323907444120428
2522 0.08357097383433794 0.7323869745370218
2523 0.08359679019421701 0.7323847273408958
2524 0.08362500449159653 0.7323834670044413
2525 0.08365135842073393 0.7323837687285448
2526 0.08367856186121697 0.7323848641268828
2527 0.08370690188032183 0.7323863160755819
2528 0.08373292659595777 0.7323890245382724
2529 0.08376031573870114 0.7323927669206308
2530 0.08378939717832391 0.7323979265361085
2531 0.08381599585497705 0.7324042070094982
2532 0.08384376698113558 0.7324110546469322
2533 0.08387187170974247 0.7324196578177916
2534 0.08390023627799419 0.732428910863047
2535 0.08392843369208741 0.7324390910733642
2536 0.08395684616441003 0.732450238918145
2537 0.08398531276744189 0.7324625467135891
2538 0.08401364445988847 0.7324757071537299
2539 0.08404262879979782 0.7324906373207349
2540 0.08407100169367951 0.7325053817502979
2541 0.08409961485646518 0.7325215412084642
2542 0.08412874225672703 0.7325391370538732
2543 0.08415765948539466 0.7325575164768041
2544 0.08418702386649812 0.7325771410364808
2545 0.08421621186964999 0.7325978820036764
2546 0.08424567283645461 0.7326197022078941
2547 0.084275100755757 0.7326423673068151
2548 0.08430469210716865 0.7326660176443485
2549 0.08433457279171483 0.73269097503141
2550 0.08436421629275627 0.7327162203306262
2551 0.08439439462562154 0.7327431509642625
2552 0.08442380196228347 0.7327696493470275
2553 0.08445327853318201 0.7327977976688687
2554 0.08448311045905527 0.7328263777977548
2555 0.08451287272527298 0.7328558634026856
2556 0.08454313188291582 0.7328864129835734
2557 0.08457317321943593 0.7329180401372812
2558 0.08460318441496377 0.7329502952444983
2559 0.0846330949852649 0.7329837725919558
2560 0.08466303202253735 0.7330178476573586
2561 0.0846937281276627 0.7330539247720366
2562 0.08472445208645214 0.7330910364358051
2563 0.08475540179816064 0.7331288570285828
2564 0.08478623811685647 0.7331677696566835
2565 0.08481614813548359 0.7332058146940407
2566 0.08484741453227282 0.7332465660152779
2567 0.08487881631655567 0.7332887016258479
2568 0.08491032686770511 0.7333318777016016
2569 0.08494174046553883 0.7333758544735464
2570 0.08497314138159585 0.7334209352962885
2571 0.08500476803009885 0.7334673913065844
2572 0.08503674835186081 0.7335147763079883
2573 0.08506881261024953 0.7335630745477432
2574 0.0851008735973201 0.7336122806198585
2575 0.08513286022909775 0.7336619569138748
2576 0.08516486292784761 0.7337130788679127
2577 0.08519696003798445 0.7337649760835604
2578 0.085229435659596 0.733818046252018
2579 0.08526196131810827 0.7338720042957897
2580 0.08529468675147736 0.7339273242044981
2581 0.08532690316551711 0.733982494859777
2582 0.0853592683523003 0.734039368293903
2583 0.08539197742542885 0.734097256573898
2584 0.08542515960527262 0.7341560212721521
2585 0.08545816739982681 0.7342157684839086
2586 0.08549124229161691 0.7342768253980144
2587 0.08552424354673534 0.7343383157843103
2588 0.08555733373882823 0.7344008391696689
2589 0.08559080770212242 0.734464592135198
2590 0.0856241235112843 0.7345292838890928
2591 0.0856578476433292 0.7345949890818436
2592 0.08569207545336148 0.7346628558164396
2593 0.0857255793664736 0.734730487492478
2594 0.0857592462712868 0.7347988310968566
2595 0.08579294194088039 0.7348680983317197
2596 0.0858270293421123 0.7349382364923245
2597 0.08586101837932783 0.7350094660086424
2598 0.08589503956371593 0.7350817720864895
2599 0.08592920937886077 0.7351548955743705
2600 0.08596353334745001 0.7352290565775463
2601 0.08599718022930726 0.7353028050554681
2602 0.08603164768266694 0.7353790393961498
2603 0.0860666507262553 0.7354565739009674
2604 0.08610113106117454 0.7355344849865953
2605 0.08613624868043844 0.7356141120728822
2606 0.08617113657104604 0.7356946362319537
2607 0.08620622405165468 0.7357759979825698
2608 0.08624160478453753 0.7358582801718083
2609 0.08627673612925324 0.7359413436218527
2610 0.08631194086319338 0.7360252166115189
2611 0.08634720742586746 0.7361098978248701
2612 0.08638258970232475 0.7361955899462153
2613 0.08641824639151219 0.736282140376486
2614 0.08645376321872346 0.7363698298916705
2615 0.08648935438905447 0.7364584586161098
2616 0.08652516811284759 0.7365479663640667
2617 0.08656113102384068 0.7366383945209203
2618 0.08659721405649788 0.7367306804306725
2619 0.08663315501128145 0.7368234508910837
2620 0.08666937173518624 0.7369169173762842
2621 0.08670562784697633 0.7370111444740217
2622 0.08674205873506571 0.7371064316508631
2623 0.08677842054559945 0.7372028503602543
2624 0.08681479778261408 0.7373002391357693
2625 0.08685149380281838 0.737398581666961
2626 0.08688825900323416 0.737497744955309
2627 0.08692503658369988 0.7375979524916018
2628 0.08696197297356813 0.7376991198827665
2629 0.08700039177151227 0.7378061274239052
2630 0.08703528907710738 0.7379026797574441
2631 0.08707317662365671 0.738008490204777
2632 0.08711092158597317 0.7381145312856201
2633 0.08715016814524794 0.7382263854610941
2634 0.08718467778128289 0.7383246848036602
2635 0.08722251414932734 0.7384318337486229
2636 0.08726032956418245 0.7385428325533271
2637 0.08729613240580159 0.7386469516202361
2638 0.08733538328631729 0.7387605318765804
2639 0.08737198688127092 0.7388693137147201
2640 0.08741154819794052 0.7389856550782042
2641 0.08745126666148322 0.7391048294949039
2642 0.08748883579288197 0.7392174134307681
2643 0.08752619666704564 0.7393310761486437
2644 0.08756444523608856 0.7394470102686433
2645 0.0876028274853108 0.7395640672997489
2646 0.08763936882730647 0.7396769318044013
2647 0.08767896276005653 0.7397988573484937
2648 0.0877181219811492 0.7399204877007467
2649 0.08775526967621505 0.740036818933055
2650 0.08779560041028399 0.7401624184693796
2651 0.08783572489594227 0.7402893250389089
2652 0.08787245500824138 0.7404061657476471
2653 0.08791072330327518 0.7405279476028781
2654 0.08795186018779361 0.7406590228108083
2655 0.08799236961163519 0.7407906144120973
2656 0.08802972815338765 0.7409115512978293
2657 0.0880683852090182 0.74103645455541
2658 0.08810967582454986 0.741171265681461
2659 0.08814765920713084 0.7412973739595177
2660 0.08818670313794025 0.7414264740374226
2661 0.08822636921890835 0.7415587451723545
2662 0.08826920101196374 0.7416988500256132
2663 0.08830781332284113 0.7418289465299849
2664 0.08834906450886205 0.7419679982506024
2665 0.08838731454653516 0.7420984901228009
2666 0.0884286854771178 0.7422386610484718
2667 0.08846703502156043 0.7423707546706509
2668 0.0885088403631336 0.7425130239103657
2669 0.08854953138578053 0.7426530188349971
2670 0.08858957083006436 0.7427938758575332
2671 0.08862787279840469 0.7429262774117654
2672 0.08866973790701776 0.7430718904001409
2673 0.08871088145989632 0.7432176740498703
2674 0.08874957040632128 0.7433531312806303
2675 0.08878944551454385 0.7434949917765359
2676 0.08883228527839113 0.7436467911601397
2677 0.08887464854790605 0.74379810931928
2678 0.08891387226430525 0.7439389758563572
2679 0.08895437218634979 0.7440839420316409
2680 0.08899536008560452 0.744232577225985
2681 0.08903948939922329 0.7443908595518369
2682 0.08908166516270158 0.7445449945840125
2683 0.08912311374908487 0.7446955829739095
2684 0.08916399838707104 0.7448465636503475
2685 0.08920294433823955 0.7449923138363038
2686 0.08924602346258512 0.7451509244783783
2687 0.08928825779452854 0.745307543198332
2688 0.08933021520506429 0.7454635302709984
2689 0.08937211098491256 0.7456209607899371
2690 0.08941134940398189 0.7457696474976234
2691 0.08945479417173104 0.7459332132969846
2692 0.08949762524618197 0.7460951411387864
2693 0.08954190724006741 0.7462621470979339
2694 0.08958090031044588 0.7464118944949653
2695 0.08962402133198247 0.7465766832868999
2696 0.08966672957180147 0.7467411776159601
2697 0.08970965858164215 0.7469077982030485
2698 0.08974993185378034 0.7470632055652651
2699 0.08979418082917598 0.7472338988421922
2700 0.08983810164962008 0.7474049167276133
2701 0.08987843538237457 0.7475632310520587
2702 0.08992290496691209 0.7477369964266964
2703 0.0899667613615497 0.7479104603495459
2704 0.09000744601304431 0.7480714306468662
2705 0.09004977396782576 0.7482395402185475
2706 0.09009280329610085 0.7484106214491761
2707 0.09013918197451473 0.7485938972721428
2708 0.090183965674644 0.7487727736218238
2709 0.09022735037626788 0.7489465100003168
2710 0.09026811805582895 0.7491122759590104
2711 0.09031355558526871 0.7492944406127361
2712 0.09035554841426713 0.7494655150403476
2713 0.09040093065387095 0.749649592049527
2714 0.09044286596025168 0.7498222971246579
2715 0.09048867572475949 0.7500085780176178
2716 0.09053343389410549 0.7501911614806778
2717 0.09057506159475291 0.750363915118204
2718 0.09062079034060032 0.750550966007092
2719 0.09066592892115763 0.750737179319094
2720 0.09070772396482213 0.750913463302872
2721 0.09075369144406609 0.7511038589405462
2722 0.09079652891434674 0.7512836100168754
2723 0.09084315431545997 0.7514768841852869
2724 0.09088898394806148 0.7516690309416039
2725 0.09093088333227319 0.7518474650501474
2726 0.09097433114748975 0.7520324372612904
2727 0.09102172409717672 0.7522314216149688
2728 0.09106525736340824 0.7524168743488086
2729 0.09110934641612584 0.7526060681264702
2730 0.09115445002437472 0.7527990916746136
2731 0.09120296317633433 0.753003246793039
2732 0.0912487075717824 0.7531999526265929
2733 0.09129448054106783 0.7533960779307436
2734 0.09133946010536932 0.7535903979185653
2735 0.09138454869591359 0.7537861551220004
2736 0.0914296228763512 0.753982527692848
2737 0.09147482523856139 0.7541798697005625
2738 0.09152043889423193 0.7543783449365018
2739 0.09156728623469705 0.7545830424404889
2740 0.09160997093727978 0.754771997390836
2741 0.09165614339371433 0.7549761519553859
2742 0.09170309081080177 0.7551822524142473
2743 0.09175182718854713 0.7553945192413138
2744 0.09179457594790487 0.7555865724102522
2745 0.09184155400036019 0.7557956078262908
2746 0.0918909183194577 0.7560115968594903
2747 0.09193501897537362 0.7562103022754728
2748 0.09198066465634502 0.7564154408842759
2749 0.09202740100366875 0.756625018429407
2750 0.09207423418674344 0.756835558076407
2751 0.09211813462492303 0.7570366433945753
2752 0.09216620575198317 0.7572535318838356
2753 0.09221386688082692 0.7574683862231174
2754 0.09225820322889658 0.757672023654508
2755 0.09230703294172771 0.7578915035665503
2756 0.09235394363002238 0.7581070604768472
2757 0.0924006601109341 0.7583216623919228
2758 0.09244751468925139 0.7585363595797069
2759 0.09249422981112325 0.7587518587406967
2760 0.09254287764534082 0.7589745836263639
2761 0.09258893277874074 0.759187614231069
2762 0.09263791956989066 0.7594113976399611
2763 0.09268552795751553 0.7596321788681873
2764 0.09273267609594957 0.7598515687597002
2765 0.09277962462671892 0.760071359833835
2766 0.09282687450721723 0.7602919242499043
2767 0.09287405863803781 0.7605136589506546
2768 0.09292146334760586 0.7607368126349439
2769 0.09296888366396949 0.7609631717348594
2770 0.09301706530597499 0.7611875886965956
2771 0.09306427927806254 0.761410957720108
2772 0.09311213230127444 0.7616375404154998
2773 0.09316019162897653 0.7618655841512009
2774 0.09320823008688056 0.7620946473332277
2775 0.09325634625548354 0.7623242740131325
2776 0.09330487961292368 0.7625547643922977
2777 0.09335313335413303 0.7627875601605274
2778 0.09340190210916602 0.763018067008853
2779 0.09345031402456092 0.763249749797188
2780 0.09349754739259528 0.7634801169859362
2781 0.09354600887430176 0.7637140450937135
2782 0.0935932275429056 0.7639467192634712
2783 0.09364231639842599 0.7641832337169648
2784 0.09369155766567804 0.7644209401107976
2785 0.09374070483826763 0.7646594341731049
2786 0.09378964445408351 0.76489780418675
2787 0.09383885209829933 0.7651374866819917
2788 0.09388808023429232 0.7653775116867932
2789 0.09393731656606986 0.7656187721443025
2790 0.09398681776874852 0.7658604617176917
2791 0.09403607766844614 0.766102587222163
2792 0.09408496221175922 0.766344714047098
2793 0.09413424630604747 0.7665885468342918
2794 0.09418365798907281 0.7668329878809679
2795 0.09423319787559178 0.7670780891517567
2796 0.09428267975980602 0.7673241925195329
2797 0.09433209291242417 0.767570965808862
2798 0.09438178922471331 0.7678185689466329
2799 0.09443150570131238 0.7680669623609099
2800 0.09448137985643444 0.7683161121247585
2801 0.09453120413722584 0.7685661377216904
2802 0.09458117318387591 0.7688167798822219
2803 0.09463120751217044 0.769068035943849
2804 0.0946810644546823 0.7693202645614214
2805 0.09473024520058612 0.7695722568444499
2806 0.09478059499106116 0.7698257528830871
2807 0.09483109756778375 0.7700803101648354
2808 0.09488132524477477 0.7703355862600423
2809 0.09493172127687326 0.7705916706407268
2810 0.09498209620251086 0.7708485395903931
2811 0.0950324939191672 0.7711061242940271
2812 0.09508300162972029 0.7713646173267125
2813 0.09513354919934063 0.771623801547984
2814 0.09518615527663764 0.7718862592819867
2815 0.0952368184454718 0.7721468698308509
2816 0.09528744764748862 0.7724082706429756
2817 0.09534049871097564 0.7726811792018867
2818 0.09538819891800941 0.7729307653687085
2819 0.09543826523346977 0.773191975810149
2820 0.09548947641209052 0.773457196266109
2821 0.09554052323028736 0.7737229548066153
2822 0.09559150457893976 0.7739892002879722
2823 0.09564226738384349 0.7742559537539243
2824 0.09569337759008477 0.7745231342208275
2825 0.09574463414742068 0.7747910489632799
2826 0.09579598732417463 0.7750595245542721
2827 0.09584726961344581 0.7753286226205396
2828 0.09589832110404946 0.7755982541322282
2829 0.09594940164301169 0.7758690764753698
2830 0.09600380384403755 0.7761518833419137
2831 0.09605245604563781 0.7764114443299674
2832 0.09610360949215038 0.7766828999847971
2833 0.0961579308686599 0.7769687954010461
2834 0.09620731117463442 0.7772333344118271
2835 0.09626117734143051 0.7775184058625932
2836 0.09631050888529273 0.7777827494676968
2837 0.09636474840927817 0.778070164870316
2838 0.09641451940123805 0.7783372262183091
2839 0.0964690422290673 0.7786256300422957
2840 0.0965185377112186 0.7788941332936696
2841 0.09656971185491274 0.7791719571023635
2842 0.09662193247559589 0.779452614836893
2843 0.09667458962165539 0.7797343586288489
2844 0.09672674589149563 0.7800162947298848
2845 0.09677890436608473 0.7802989674581408
2846 0.09683136893289937 0.7805826979631934
2847 0.0968861771204283 0.780877958469153
2848 0.09693634340580802 0.7811506108070057
2849 0.09699113755989974 0.781445868804916
2850 0.09704145679829806 0.7817221263323706
2851 0.09709608766158077 0.782018483766488
2852 0.09714591909805888 0.7822942684958445
2853 0.09720062100807969 0.7825923158979414
2854 0.09725133172541432 0.7828708978257398
2855 0.09730632822815569 0.7831698894259181
2856 0.09735662406765742 0.7834492234414105
2857 0.09741236897504417 0.7837520453411617
2858 0.09746323971867969 0.7840342988843029
2859 0.09751801693436488 0.7843357100499349
2860 0.09756885472603942 0.7846181499908684
2861 0.09762369168684304 0.7849208577914472
2862 0.09767453633689839 0.7852051346812667
2863 0.09772937982402068 0.7855093002949949
2864 0.09778067187847393 0.7857950085502843
2865 0.09783551619307418 0.7861006651216115
2866 0.09788707646657016 0.786388188245983
2867 0.09794243442321782 0.7866957504370857
2868 0.09799378489759215 0.7869842107573921
2869 0.09804918370345697 0.7872927957337303
2870 0.09810059667107793 0.7875826896185852
2871 0.09815301120050046 0.7878807075505003
2872 0.09820667942391585 0.788182397680663
2873 0.09826063124196151 0.7884858054322922
2874 0.09831476027446355 0.7887896030498112
2875 0.09837148439485 0.789105024560764
2876 0.09842267317007782 0.7893971157935189
2877 0.09847610270184208 0.7897004965349194
2878 0.09853258328543685 0.790017930243171
2879 0.09858443566048584 0.7903135749141303
2880 0.09864047535109269 0.7906297854279328
2881 0.09869446455483566 0.7909366158633049
2882 0.09874812366399327 0.7912429460410046
2883 0.09880157685402159 0.7915491963358442
2884 0.09885540827067016 0.7918573275079203
2885 0.09890924748650148 0.7921663621559644
2886 0.09896339476855232 0.792476519553748
2887 0.09901745533535469 0.7927874419431645
2888 0.09907182055238763 0.793099220749179
2889 0.09912599186709811 0.7934118328728499
2890 0.09918028529029321 0.7937248608442485
2891 0.09923471512627183 0.7940385065375677
2892 0.09928940631158698 0.7943532351901071
2893 0.09934380984217586 0.7946684561542867
2894 0.09939825139893338 0.7949841809039563
2895 0.09945265266380623 0.795300663151447
2896 0.09950722108213655 0.7956175270745361
2897 0.09956202970480484 0.7959352955273351
2898 0.09961563855761771 0.7962515966219609
2899 0.09967023594215631 0.7965701353328646
2900 0.09972501337115587 0.7968898192101046
2901 0.09977995042624432 0.7972111329739744
2902 0.09983508338460469 0.7975323457898638
2903 0.09989014990334975 0.7978540583004835
2904 0.09994520032113821 0.7981763223217396
2905 0.1000001217759186 0.7984993346593465
2906 0.1000550679410228 0.7988229187988923
2907 0.1001099779865029 0.7991469690129022
2908 0.1001651938759755 0.7994716502525968
2909 0.1002203169022591 0.7997970948110574
2910 0.1002753823060389 0.8001230595635924
2911 0.1003303703537048 0.8004494066781781
2912 0.1003856838506022 0.800776970211019
2913 0.1004406974382635 0.8011052729141416
2914 0.1004964670991194 0.8014338167405141
2915 0.1005518979204638 0.8017629358516546
2916 0.1006072144611798 0.8020925487534788
2917 0.1006624541194358 0.8024229701700685
2918 0.10071766518306 0.8027536853190578
2919 0.1007729353730659 0.8030853668665427
2920 0.1008284335864661 0.8034177710630446
2921 0.1008864274695468 0.8037598957850893
2922 0.1009404568891441 0.8040867485393725
2923 0.1009970476657849 0.8044255240781932
2924 0.10105104861813 0.8047534260009549
2925 0.1011079110172013 0.8050940505701898
2926 0.1011624479087563 0.8054235330945366
2927 0.1012191917965651 0.805765136723261
2928 0.1012735751991609 0.8060958988675266
2929 0.1013310514321078 0.8064411305868386
2930 0.1013856184884827 0.8067734245160797
2931 0.1014422830964543 0.8071168157973182
2932 0.1014987155080519 0.8074583104688913
2933 0.1015528505425613 0.8077906715491866
2934 0.1016077405110827 0.8081272800901237
2935 0.1016657285875518 0.8084780288546962
2936 0.1017200413362343 0.8088135251435262
2937 0.1017750054365725 0.8091525579890008
2938 0.1018350429739614 0.8095093795233412
2939 0.1018905312236908 0.8098483553662854
2940 0.101947128066763 0.8101970946391658
2941 0.102003826630109 0.8105440389324591
2942 0.1020584586754407 0.8108819894617345
2943 0.1021133397002287 0.8112228092551943
2944 0.1021694331911502 0.8115700354975334
2945 0.1022277554264481 0.8119266424612456
2946 0.1022829347601591 0.8122686926994279
2947 0.1023391350840132 0.8126191574048143
2948 0.1023945927016656 0.8129623543932769
2949 0.1024521512175098 0.8133181587741828
2950 0.1025061735916558 0.8136595067397492
2951 0.1025641659276479 0.8140160104503477
2952 0.1026216157872761 0.8143703797225365
2953 0.1026788075061507 0.8147241434680716
2954 0.1027356235064659 0.8150770191991916
2955 0.1027919502407833 0.8154291554091454
2956 0.1028485532484513 0.8157823379763145
2957 0.1029050031196744 0.8161358475483756
2958 0.1029616732816176 0.8164897394863185
2959 0.1030183231655944 0.8168445128761638
2960 0.1030755093404014 0.8172016810928588
2961 0.1031327422319433 0.8175596805059658
2962 0.1031895019107155 0.817916626570527
2963 0.1032462595688837 0.8182736820705881
2964 0.1033030692597331 0.8186313539458625
2965 0.1033600696253513 0.8189902409116375
2966 0.103416672573792 0.8193492963614935
2967 0.1034732040143038 0.8197088000655542
2968 0.1035300394983355 0.8200689202617023
2969 0.1035870506622013 0.8204297461290395
2970 0.1036441085553672 0.820791156326796
2971 0.10370118660739 0.8211530923378391
2972 0.1037581788487407 0.8215158438793336
2973 0.1038154055308421 0.8218794716777175
2974 0.1038725536366871 0.8222433749997249
2975 0.103929973950414 0.8226078012912895
2976 0.1039871555732612 0.8229727995222229
2977 0.1040443922431991 0.823338393785815
2978 0.1041015308913276 0.8237046281733064
2979 0.1041588075708585 0.8240712810751456
2980 0.1042163324303755 0.8244385844631976
2981 0.1042738280772113 0.8248058552660946
2982 0.1043312435248896 0.8251743900754971
2983 0.1043885855344718 0.8255436265037271
2984 0.1044457522746428 0.8259128475485434
2985 0.1045032769154518 0.8262831205563999
2986 0.1045610863246855 0.8266540271837071
2987 0.1046189026606482 0.8270253843377957
2988 0.104676541019954 0.8273973675109629
2989 0.1047342303479651 0.8277705241737832
2990 0.104791767211359 0.8281433921166244
2991 0.104849472469794 0.8285166938244422
2992 0.104907351801857 0.8288906294985454
2993 0.1049652516913925 0.8292651265556151
2994 0.1050230167684294 0.8296400151271938
2995 0.1050805766324095 0.8300153485631041
2996 0.105138359638539 0.8303913752156696
2997 0.1051961227402155 0.8307681283184907
2998 0.1052541565761393 0.8311453496139115
2999 0.1053121254614033 0.8315230482883843
3000 0.1053700400256089 0.8319014612631436
3001 0.1054278747149857 0.8322803787406892
3002 0.1054859461329954 0.8326598215294809
3003 0.1055439488379063 0.8330397965216412
3004 0.1056021184494603 0.8334203702772341
3005 0.1056601905391781 0.8338015760439436
3006 0.105718308999682 0.8341831270114036
3007 0.1057764855320805 0.8345650093753622
3008 0.1058346145326097 0.8349475514009488
3009 0.1058927935786628 0.8353306892067081
3010 0.1059511243118154 0.8357141907338963
3011 0.106009247332828 0.8360982748599473
3012 0.1060678813052158 0.8364830893419207
3013 0.1061260664563413 0.8368685211627503
3014 0.1061842518257556 0.8372541583359369
3015 0.106242516448851 0.8376402205824215
3016 0.106301135007492 0.8380270235953173
3017 0.1063593160124372 0.838414158248551
3018 0.1064177166453741 0.838801810356353
3019 0.1064762679148697 0.83918996070902
3020 0.1065347076079113 0.8395786783817426
3021 0.1065928565639434 0.8399680346386008
3022 0.106651406974477 0.8403577900722714
3023 0.1067098513194124 0.840747952443979
3024 0.1067686079928119 0.8411391063938213
3025 0.1068272683859709 0.8415308268964442
3026 0.1068857429765993 0.8419225810288893
3027 0.1069441333912384 0.8423148400868344
3028 0.1070028485270027 0.8427075929781439
3029 0.1070615110746588 0.8431009023217733
3030 0.1071202600813641 0.8434945856259194
3031 0.10717897131904 0.8438887719273714
3032 0.1072376069894465 0.8442836669594036
3033 0.1072961944550509 0.8446792259848396
3034 0.1073552803418609 0.8450774499533266
3035 0.1074143085524985 0.8454735550619153
3036 0.1074721389389325 0.8458668360182945
3037 0.107530690824796 0.8462635224814476
3038 0.107589609134493 0.8466613573387962
3039 0.1076481585796338 0.8470591323616981
3040 0.1077072042369739 0.84745804497304
3041 0.1077675008271702 0.8478617506706918
3042 0.1078266771929043 0.8482618648693792
3043 0.1078844448404649 0.8486586369334251
3044 0.1079431545638488 0.8490589567650674
3045 0.1080038432597927 0.8494695428321677
3046 0.1080609015906187 0.8498601907526613
3047 0.1081219706795082 0.8502706375027864
3048 0.1081796388415839 0.8506663396858067
3049 0.1082383798636487 0.8510686742625949
3050 0.1082981875247258 0.8514746444073048
3051 0.1083570863413167 0.8518789502152468
3052 0.1084166308762088 0.8522835995263602
3053 0.1084753865631016 0.8526883985368503
3054 0.1085346706625009 0.8530937687275616
3055 0.1085937110856185 0.8534995032617757
3056 0.1086526083555121 0.8539057263257344
3057 0.1087114641286945 0.8543120615807824
3058 0.108770791752745 0.8547196186102005
3059 0.1088320345007037 0.8551365633375068
3060 0.1088895402855606 0.8555349431244065
3061 0.108950307960483 0.8559520246197803
3062 0.1090081652195884 0.8563540466029386
3063 0.1090671217246414 0.8567624896635772
3064 0.1091260794028021 0.8571712016592209
3065 0.1091855392773247 0.8575829147651638
3066 0.1092444781572623 0.85799453814291
3067 0.1093040357759553 0.8584063090502033
3068 0.1093638692657242 0.8588193931825689
3069 0.1094235777182101 0.8592328861072001
3070 0.1094834455888442 0.8596466016648592
3071 0.1095429793175851 0.8600603102020993
3072 0.1096027453803604 0.8604750611926766
3073 0.1096623484893682 0.8608898175565712
3074 0.1097220416291975 0.8613050591474382
3075 0.1097815345001629 0.8617207108105835
3076 0.1098411641318195 0.8621367311065592
3077 0.1099008126077358 0.8625535288891657
3078 0.1099607630515293 0.8629707361361969
3079 0.1100203309102871 0.8633882683947458
3080 0.1100805691118045 0.8638068221752189
3081 0.1101402363169171 0.8642261566398722
3082 0.1102003746150256 0.8646462066329885
3083 0.1102604300132874 0.8650671175511045
3084 0.1103202781814422 0.8654875967496666
3085 0.1103798482234047 0.8659071661254418
3086 0.1104391301274435 0.8663261865935912
3087 0.1104981911006989 0.8667453055177187
3088 0.1105572734543552 0.8671647123126743
3089 0.1106166311650521 0.86758499255229
3090 0.1106757292999472 0.8680053865116989
3091 0.110735327787566 0.8684265362414797
3092 0.1107946281749423 0.8688481999400149
3093 0.1108538011238344 0.8692702684239899
3094 0.1109134801508811 0.8696930732781566
3095 0.1109733252881269 0.8701174668420223
3096 0.1110329889169875 0.8705413315467443
3097 0.1110910877384535 0.8709642839529643
3098 0.1111510762627489 0.8713897065592011
3099 0.1112111641966625 0.8718160019145179
3100 0.1112717379501233 0.8722433066765382
3101 0.1113336731858488 0.8726799200371221
3102 0.1113916250225405 0.8730960491264644
3103 0.1114512835251199 0.8735228805774368
3104 0.1115114797252538 0.873952019571992
3105 0.1115709443582897 0.8743816904662007
3106 0.1116327011377911 0.8748199277543789
3107 0.1116910331993436 0.8752397214536503
3108 0.111750795632556 0.8756681114313195
3109 0.1118103717714246 0.8760984027593698
3110 0.1118702837421433 0.8765296723719507
3111 0.1119298918134072 0.8769603858435295
3112 0.1119909664548577 0.8773933643479058
3113 0.112051054283326 0.8778265139106367
3114 0.1121108080303381 0.8782577337880619
3115 0.1121703491761292 0.878689140873779
3116 0.1122298168814101 0.8791212068582149
3117 0.1122908302978655 0.8795626928999523
3118 0.1123485585343729 0.8799846316448288
3119 0.1124081841682058 0.8804171942753451
3120 0.1124674034174141 0.8808502417014222
3121 0.1125271447742206 0.8812856736457539
3122 0.1125869107551132 0.8817211029324235
3123 0.1126470483762169 0.8821574161461554
3124 0.112707136828406 0.8825939008187597
3125 0.1127675008077965 0.8830304573777005
3126 0.1128273256737039 0.8834669868023487
3127 0.1128872153202493 0.8839038535628285
3128 0.1129468471718224 0.8843411547936305
3129 0.1130074528331336 0.8847852021128056
3130 0.1130656467864397 0.885212993101494
3131 0.113127382417149 0.8856604790858177
3132 0.113185761192329 0.8860913501799002
3133 0.113245311185548 0.8865296539693142
3134 0.1133069831781305 0.8869796361093351
3135 0.113367033905218 0.887419075492108
3136 0.1134252759504555 0.8878504105356493
3137 0.1134867923525148 0.8882998521134002
3138 0.1135464525111494 0.8887399083867935
3139 0.1136044222110726 0.8891720029100765
3140 0.1136658094620014 0.8896229070561534
3141 0.1137257218215758 0.8900650221825099
3142 0.1137839696312285 0.8904985327668603
3143 0.1138456772280239 0.8909510834575389
3144 0.1139058465279447 0.8913946478496416
3145 0.1139658035219691 0.8918392013220197
3146 0.1140236200093486 0.8922726182268801
3147 0.1140850338281308 0.8927264797190944
3148 0.1141450303810662 0.8931714074022867
3149 0.1142030697116568 0.8936070917308102
3150 0.1142648276185249 0.8940621904311794
3151 0.1143249865240032 0.8945087554008549
3152 0.1143830564957736 0.8949458334610821
3153 0.114444239459515 0.8954021531360148
3154 0.1145044153902507 0.8958500123123518
3155 0.1145627089072404 0.8962879972647775
3156 0.1146242403472052 0.8967456529925787
3157 0.1146845176697998 0.8971944989116548
3158 0.1147447065983724 0.8976438048203716
3159 0.1148047458023999 0.898092628206743
3160 0.1148646522059633 0.8985416029863599
3161 0.1149225531061734 0.8989811899853304
3162 0.1149837218882081 0.8994400133882728
3163 0.1150438152953168 0.8998907967188423
3164 0.1151014689554323 0.9003311026541011
3165 0.1151628293045018 0.9007911923802739
3166 0.1152230288945253 0.9012436062697612
3167 0.1152833191897441 0.9016961697336139
3168 0.1153438317270143 0.9021493636614981
3169 0.1154037804513339 0.9026018587705144
3170 0.115463487878023 0.9030540459489643
3171 0.1155231227684049 0.9035069370353216
3172 0.1155825159543251 0.9039591214652
3173 0.1156422953400184 0.9044128056777415
3174 0.1157023544302338 0.9048667047820648
3175 0.1157628582492937 0.9053233910457297
3176 0.1158229173665173 0.9057781228689742
3177 0.115882503241903 0.9062331962898752
3178 0.1159421094596825 0.9066882104852473
3179 0.1160019681620788 0.9071436109698521
3180 0.116061701316006 0.9075994496895561
3181 0.1161214889219781 0.908055841840899
3182 0.1161810448441291 0.9085120924505432
3183 0.1162407938087637 0.9089693715166837
3184 0.1163006454083357 0.9094269148133961
3185 0.1163602752816917 0.9098838996908069
3186 0.1164200742914938 0.9103424500506646
3187 0.1164805873830614 0.9108025949489222
3188 0.1165403023815227 0.9112618943875465
3189 0.1166000846762098 0.9117214728413077
3190 0.1166599683135381 0.9121810967888343
3191 0.116719867361518 0.9126408543131007
3192 0.1167797327054828 0.9131010447472077
3193 0.1168397648074394 0.9135617650067352
3194 0.116899168806907 0.9140223410675348
3195 0.1169589098251416 0.9144835393503601
3196 0.1170187676501227 0.9149453019944339
3197 0.117078694448701 0.9154072928262336
3198 0.1171384878653551 0.9158697231396752
3199 0.1171982764752795 0.9163324381706661
3200 0.1172579399902545 0.9167955053573758
3201 0.1173176684966842 0.9172587744820659
3202 0.1173776284574568 0.9177222710417696
3203 0.1174370785334471 0.9181855503590779
3204 0.1174968958591024 0.9186498485157565
3205 0.117556424452835 0.9191143028135828
3206 0.117616250916435 0.9195792196288307
3207 0.1176759557617085 0.9200444712910537
3208 0.1177358275891999 0.9205101978148768
3209 0.1177956706960304 0.920976408100498
3210 0.1178555570433158 0.9214426738589282
3211 0.1179152954909266 0.9219091476671915
3212 0.1179749399426922 0.9223760914256061
3213 0.1180343770633366 0.9228431238465983
3214 0.1180942867171902 0.923310439107345
3215 0.1181541786812247 0.9237783139413721
3216 0.1182140525121205 0.924246417082043
3217 0.1182734872962763 0.9247149173930741
3218 0.1183332180248934 0.9251836131658153
3219 0.1183928535664532 0.9256525789788289
3220 0.1184537859513103 0.9261253929984751
3221 0.1185134199999644 0.9265948156802163
3222 0.118572867440851 0.9270640740134205
3223 0.1186323042882265 0.927533741478422
3224 0.1186916647828457 0.9280035285342757
3225 0.1187494939640336 0.9284685848853994
3226 0.1188090326132516 0.9289395632692214
3227 0.1188692739088225 0.92941222683911
3228 0.1189291312528237 0.929884570356901
3229 0.1189887429859713 0.9303570240643957
3230 0.1190484949839698 0.9308295335346098
3231 0.11910794603653 0.9313021703293567
3232 0.1191677428495551 0.9317752071548413
3233 0.1192272858764779 0.9322486940479353
3234 0.1192868746416859 0.9327221374804351
3235 0.1193464929905122 0.9331958829756095
3236 0.1194060292160527 0.9336700282316639
3237 0.1194655326704999 0.9341445859510111
3238 0.1195251609072265 0.9346192404667352
3239 0.1195845346222182 0.935094279666419
3240 0.1196439420186024 0.9355694608427614
3241 0.1197038289089677 0.9360452004458631
3242 0.1197630890059185 0.9365207992913543
3243 0.1198226526523844 0.9369970552545506
3244 0.1198822797123099 0.9374739145201362
3245 0.1199415386039892 0.9379503405039367
3246 0.1200009056678748 0.9384266171404504
3247 0.1200601916075419 0.93890308423784
3248 0.1201194987344495 0.9393806546929649
3249 0.12017875155946 0.9398585389565048
3250 0.1202379133927045 0.9403356457471548
3251 0.1202973862686094 0.9408136421567537
3252 0.1203581143538638 0.9412949408865463
3253 0.120417192183282 0.9417734691826611
3254 0.1204762632189689 0.9422527681855387
3255 0.120535339994749 0.9427312207328368
3256 0.1205951139840373 0.9432132117129578
3257 0.1206545068899214 0.943692434272452
3258 0.120713657826969 0.9441716967888472
3259 0.1207708648272593 0.944645842366743
3260 0.1208296380747857 0.9451259625413405
3261 0.1208893216881252 0.9456104630564749
3262 0.1209490915397255 0.9460917730410762
3263 0.1210081867306428 0.946572560838894
3264 0.1210673296967721 0.9470538236273226
3265 0.1211265273280277 0.9475362944624967
3266 0.1211857235372154 0.9480187616452419
3267 0.1212447641768147 0.9485011669297235
3268 0.1213039021230936 0.9489832395694905
3269 0.121363090125426 0.9494664051783921
3270 0.1214223526109618 0.9499497964010357
3271 0.1214812600787785 0.9504331904520332
3272 0.1215400655755736 0.950917440251515
3273 0.1215990952628232 0.9514009944375997
3274 0.1216581318011212 0.9518850726897818
3275 0.1217173253961111 0.9523693841558387
3276 0.1217761802371082 0.9528537378757789
3277 0.1218351246212972 0.9533387235132884
3278 0.1218927036096707 0.9538212846399182
3279 0.1219517037842745 0.9543067435800852
3280 0.1220108395474877 0.9547927234075972
3281 0.1220699876326713 0.9552792354147306
3282 0.122129043843783 0.9557657058412476
3283 0.1221877236196282 0.9562517377101039
3284 0.1222468710441135 0.9567396865826109
3285 0.1223058612205424 0.9572272256545806
3286 0.1223647681224029 0.9577147392978133
3287 0.1224236778938515 0.9582022853517754
3288 0.122482785284266 0.9586902905238173
3289 0.1225413001969873 0.9591785525724836
3290 0.1226005469341034 0.9596682694981279
3291 0.1226594014935201 0.9601567562599862
3292 0.122718057581789 0.9606451639655637
3293 0.1227767693159114 0.9611339051244678
3294 0.1228352289397272 0.9616227851870461
3295 0.1228935399184228 0.9621109462042701
3296 0.1229520402500312 0.9626004426410691
3297 0.1230106471007995 0.9630905208394653
3298 0.1230693427478875 0.9635807064838309
3299 0.1231280590163826 0.9640711948055072
3300 0.1231865997564881 0.9645618600240373
3301 0.1232447038436025 0.9650512771068592
3302 0.123303167082501 0.9655424409544178
3303 0.1233617085275851 0.9660347069861326
3304 0.1234205676119286 0.9665266584416582
3305 0.1234789627558569 0.9670187764379971
3306 0.1235376404061421 0.967511078131902
3307 0.1235963626040494 0.9680036166447846
3308 0.1236545993977857 0.9684959358443479
3309 0.1237129868313925 0.9689877173796057
3310 0.1237713935864199 0.9694806434008759
3311 0.1238298606895723 0.9699738026150849
3312 0.1238880839275659 0.970467253255869
3313 0.1239470519347955 0.9709629116930326
3314 0.1240053217205075 0.9714568198709156
3315 0.1240635273745973 0.9719504550162898
3316 0.1241210450563178 0.9724415778470578
3317 0.1241790687920092 0.9729358487085735
3318 0.1242373196862866 0.9734304551116819
3319 0.1242955755292632 0.973925350949558
3320 0.1243545988219566 0.9744241185307
3321 0.1244124309342674 0.9749179064486152
3322 0.1244703320717018 0.9754130373861412
3323 0.1245284486297081 0.9759078901850506
3324 0.1245872919956722 0.9764069270907721
3325 0.1246451684618591 0.9769026655074512
3326 0.1247027602406744 0.9773976196970555
3327 0.1247607150365944 0.9778934548773566
3328 0.1248175452107335 0.9783871921047846
3329 0.1248755646731599 0.9788839017228912
3330 0.1249337495110007 0.9793814361337687
3331 0.1249923464572891 0.9798802221988759
3332 0.1250489940235631 0.9803749183865007
3333 0.125107002340843 0.9808729247222518
3334 0.125165242483515 0.9813725171032144
3335 0.1252236632356605 0.9818713786894674
3336 0.1252816670950642 0.9823700270640698
3337 0.1253395164538499 0.9828688926987085
3338 0.1253976926866479 0.9833689068786269
3339 0.1254554188653927 0.9838680761387274
3340 0.1255131990321081 0.9843673448841885
3341 0.12557106536994 0.9848668746428247
3342 0.1256288758691045 0.9853665477417661
3343 0.125686769391665 0.9858666260007797
3344 0.1257443196883437 0.9863668521702923
3345 0.1258017791310408 0.9868672025406203
3346 0.1258595429108993 0.9873677053551371
3347 0.1259172319087561 0.9878685250704934
3348 0.1259749389018166 0.9883695638246798
3349 0.1260325596434692 0.9888708538581179
3350 0.1260901824099507 0.9893723345764597
3351 0.1261482731664225 0.9898754600433687
3352 0.126205939272075 0.9903771774782683
3353 0.1262631952876588 0.9908788487132717
3354 0.1263206416457619 0.991380713648262
3355 0.1263780454609846 0.9918827627532849
3356 0.1264353591946405 0.9923852211353789
3357 0.1264926572369929 0.9928879244488474
3358 0.1265494522510429 0.9933886590560411
3359 0.1266069044014523 0.9938917002363097
3360 0.1266641853350759 0.9943944328845234
3361 0.1267216877295903 0.9948984505666987
3362 0.1267791771970139 0.9954031535052426
3363 0.1268366410895348 0.9959073748697199
3364 0.1268940960476464 0.9964117836355707
3365 0.1269514689528707 0.9969163425712737
3366 0.127008767670439 0.9974209761448729
3367 0.1270659271495108 0.997925588801965
3368 0.1271229042242054 0.998430591997432
3369 0.1271799167727149 0.9989356666022896
3370 0.1272375117387854 0.9994411087359919
3371 0.127294447450018 0.9999452903360625
3372 0.1273513570298021 1.000450793771828
3373 0.1274102562876104 1.00096613300858
3374 0.1274659202527623 1.00146368291832
3375 0.1275223312380851 1.00196702545183
3376 0.1275823413444668 1.002485665988442
3377 0.1276380386315996 1.002984508960595
3378 0.1276939673173907 1.003487894558153
3379 0.1277521153485082 1.00400311509494
3380 0.12780770803186 1.00450248901174
3381 0.1278631135912207 1.00500557658865
3382 0.1279217174371063 1.00552227881765
3383 0.1279774351806315 1.006022035810412
3384 0.1280334471327285 1.006527059076759
3385 0.1280916443485915 1.007044647790514
3386 0.1281473610323118 1.007545065061131
3387 0.1282035243453411 1.008050715869696
3388 0.128260234503611 1.008559935771152
3389 0.1283167607116062 1.009068692482926
3390 0.1283734901432277 1.009578038178075
3391 0.1284315431534169 1.01009027860059
3392 0.1284882856396276 1.010599828428779
3393 0.1285444538446712 1.011108683437546
3394 0.1286008980962386 1.011617714711154
3395 0.1286572242156591 1.012126704055108
3396 0.1287134452160905 1.012636227876018
3397 0.1287697109961393 1.013146037539175
3398 0.1288263224159615 1.013656023518556
3399 0.1288824804744859 1.014166082644475
3400 0.1289390571088958 1.014676442295466
3401 0.1289953550267638 1.015186883370323
3402 0.1290516263359297 1.015697346630302
3403 0.1291079203294699 1.016207919991959
3404 0.1291639760769195 1.016718746579614
3405 0.1292200162918102 1.017229953730767
3406 0.1292762904458583 1.017741084642418
3407 0.1293325389663757 1.018252202375204
3408 0.1293885537584186 1.018763540008128
3409 0.1294446717255151 1.019275170699224
3410 0.129500613158805 1.019786914266268
3411 0.1295565549019516 1.020298907737603
3412 0.1296139143705245 1.020819413640405
3413 0.1296690266626383 1.021324202439289
3414 0.1297244929289689 1.021834033519488
3415 0.1297803038956637 1.022346552319007
3416 0.1298358048071953 1.022859331568807
3417 0.1298914176901542 1.023372728479981
3418 0.129947573097031 1.023885924134
3419 0.1300034225152592 1.024399144403863
3420 0.1300592230753355 1.024913530854132
3421 0.1301151258749972 1.025426979735505
3422 0.1301702190269812 1.025938663071969
3423 0.1302255474444322 1.026451852636897
3424 0.1302818172140004 1.026966394780562
3425 0.1303376758355947 1.027481322151276
3426 0.1303936213554967 1.02799595573811
3427 0.1304511634752157 1.028519740039861
3428 0.1305054112467235 1.029026535387022
3429 0.1305601453935836 1.029538838018572
3430 0.1306172887849349 1.030062816820007
3431 0.1306716645566401 1.030569804535739
3432 0.1307266050185716 1.031082255026367
3433 0.1307835543127637 1.031606944423619
3434 0.1308374473121979 1.0321145072727
3435 0.1308937656843857 1.032636353768026
3436 0.1309478818393341 1.033144068391422
3437 0.1310043102165895 1.033667174017902
3438 0.1310598036123319 1.034179059752632
3439 0.13111427965046 1.034692935773684
3440 0.1311684806592422 1.035208184115766
3441 0.1312247098836896 1.03573282686686
3442 0.1312793272328621 1.036242468206942
3443 0.1313350287330077 1.036762251333875
3444 0.1313904225965184 1.037279872558091
3445 0.1314451625771656 1.037796668911762
3446 0.1314998721580981 1.038312985050207
3447 0.1315545690749473 1.038829101661492
3448 0.1316092430254453 1.039345334925559
3449 0.1316636584442858 1.039861893970204
3450 0.1317183481201979 1.040378648011094
3451 0.1317720583307625 1.040893753721787
3452 0.1318270940830025 1.041412293278363
3453 0.1318819079567526 1.041930321128205
3454 0.1319368176791517 1.042448085193972
3455 0.1319915496624753 1.042965749415256
3456 0.1320464206960775 1.043483499900321
3457 0.1321000663056245 1.044000939748208
3458 0.1321550326851355 1.044520493599901
3459 0.1322097211536167 1.04503908737843
3460 0.132265192030266 1.045559411968708
3461 0.1323196024500057 1.046078586974062
3462 0.1323737420260734 1.046597067041423
3463 0.1324280125369622 1.0471154998602
3464 0.1324823684280101 1.047634543407196
3465 0.1325365561035221 1.048153741255492
3466 0.1325909872169684 1.048673025289
3467 0.1326447475679854 1.049190703120432
3468 0.1326998073586516 1.049712120088861
3469 0.1327540361082531 1.050231508606698
3470 0.132808002936507 1.050751250315979
3471 0.1328619063231948 1.051271063539053
3472 0.132914359760262 1.051786813123102
3473 0.132968502861526 1.052307494368003
3474 0.1330228823725317 1.052828302914501
3475 0.1330771502396843 1.053349025651501
3476 0.1331320220993613 1.053871995292139
3477 0.1331857677204991 1.054392818663557
3478 0.1332396969965003 1.054913467002952
3479 0.1332938323585866 1.055434736052835
3480 0.1333478305010055 1.055956335046885
3481 0.1334014400555277 1.056476888162755
3482 0.1334549144010435 1.056997405553414
3483 0.1335083402785835 1.057518070925537
3484 0.1335619838733775 1.058039348181066
3485 0.1336153732709899 1.058560459813536
3486 0.1336688073475679 1.059081518782424
3487 0.1337225597624366 1.059602800815097
3488 0.1337757723470819 1.060124271319726
3489 0.1338291367260981 1.060646177017743
3490 0.1338826219383101 1.061167785082657
3491 0.1339358676184811 1.061689028670855
3492 0.1339890883981521 1.062209542876367
3493 0.1340421140630839 1.062731092276148
3494 0.1340952701685161 1.063253193580815
3495 0.1341483069101692 1.063775691756491
3496 0.1342017397287472 1.064298445496275
3497 0.134255117022591 1.064821598927905
3498 0.1343084582626647 1.065344528753197
3499 0.134361617281286 1.065867455079984
3500 0.1344146530079847 1.06639062122913
3501 0.1344675493197609 1.06691384185669
3502 0.1345207783465443 1.067437000859472
3503 0.1345738700917062 1.06796010592249
3504 0.1346266635061049 1.068483234577192
3505 0.1346792908473468 1.069006302382117
3506 0.1347323229338467 1.06953029326861
3507 0.1347849952075161 1.07005414785375
3508 0.1348383150097923 1.070577830540747
3509 0.1348910560396166 1.071101623913068
3510 0.134943870415808 1.07162524255891
3511 0.1349963677363512 1.072148915111947
3512 0.1350486142630397 1.072672787683955
3513 0.1351012802012412 1.073196811603351
3514 0.1351539716400713 1.073720800631394
3515 0.1352065583775033 1.074244716003581
3516 0.1352588735233752 1.074768900293174
3517 0.1353108328182593 1.075292773594525
3518 0.1353633191598678 1.075817467190669
3519 0.1354157143807765 1.076342358511578
3520 0.1354685401655756 1.076867052935327
3521 0.1355207166202832 1.077391784729984
3522 0.135573394477134 1.077918300800351
3523 0.1356254328272667 1.078442827371104
3524 0.1356774092604019 1.07896520916109
3525 0.135729260434359 1.079490105399841
3526 0.1357812518406303 1.080015280047345
3527 0.1358333081288164 1.080540547452943
3528 0.1358853224776207 1.081066046614553
3529 0.1359372801729644 1.081591411391444
3530 0.1359891132396538 1.082116803903373
3531 0.1360409902670329 1.082642411743399
3532 0.1360928902650321 1.083167994111985
3533 0.1361449786323118 1.083694092230916
3534 0.1361966225865295 1.084219738012111
3535 0.1362483169772881 1.08474527065642
3536 0.1362999123703209 1.085271049499547
3537 0.1363513838036462 1.08579702752456
3538 0.1364030866256006 1.086322970047189
3539 0.136454725248526 1.086848962244317
3540 0.1365061887333934 1.087374871010753
3541 0.1365572881168166 1.087900387214135
3542 0.1366087891930896 1.088426686246722
3543 0.1366602546075094 1.088953183923914
3544 0.1367116000615263 1.089479792162823
3545 0.1367629538463093 1.090006551338108
3546 0.1368143320804908 1.090533177309896
3547 0.1368657222158342 1.091059768638669
3548 0.1369168485532787 1.09158646578169
3549 0.1369677710117307 1.092113482328138
3550 0.137019079190745 1.092640588791326
3551 0.1370702433305429 1.093167218300803
3552 0.1371214151365475 1.093694150215647
3553 0.1371723156894896 1.094221159525956
3554 0.1372231768520261 1.094748272373598
3555 0.1372740842332314 1.095275338772461
3556 0.1373249088702503 1.0958026596221
3557 0.1373756951417331 1.096330008624615
3558 0.1374263399913538 1.096856530696521
3559 0.137477248974192 1.097383860808813
3560 0.1375281240052086 1.09791135189936
3561 0.137578683206345 1.098439162797568
3562 0.1376292615343372 1.098966825904734
3563 0.1376799938833882 1.099494423469275
3564 0.1377306397686112 1.100022153390326
3565 0.1377811649258694 1.10055000921033
3566 0.1378315469029016 1.101077945345503
3567 0.137881710007318 1.101605993782973
3568 0.1379323174388493 1.102133991335567
3569 0.1379827518265248 1.102662224351737
3570 0.1380332460662776 1.103190350078568
3571 0.1380834639291623 1.103718369133437
3572 0.1381335217303027 1.104246498640536
3573 0.1381836241404807 1.1047752108943
3574 0.1382340485407643 1.105303291288168
3575 0.1382841719173667 1.105831238942073
3576 0.1383342079613718 1.106359404053889
3577 0.1383839666778209 1.106887978130884
3578 0.1384337783907043 1.107416799705828
3579 0.1384838735357176 1.107945498742479
3580 0.1385333070862984 1.108473001737247
3581 0.1385836250544623 1.109001922091081
3582 0.1386336173922168 1.109530956377445
3583 0.1386835600137294 1.110059878371265
3584 0.138733100921807 1.110588979974468
3585 0.1387825559201902 1.111117840541569
3586 0.1388325918939404 1.111647020177075
3587 0.1388823350355766 1.11217619646238
3588 0.1389319979505993 1.112705509795108
3589 0.1389814533392067 1.113234874149052
3590 0.1390326814567986 1.113767962687233
3591 0.1390819710769638 1.114297002617141
3592 0.1391312342956618 1.114825590069648
3593 0.1391801997092586 1.115354336677041
3594 0.1392293780606922 1.11588318038473
3595 0.1392783203183393 1.116411917878743
3596 0.1393273010194394 1.116940958404787
3597 0.1393764219068363 1.11747070587666
3598 0.1394263699927048 1.118001357955188
3599 0.1394753622999138 1.118530640079589
3600 0.1395241906460768 1.119059857204502
3601 0.1395728254601885 1.119589269850912
3602 0.1396214596846556 1.120118385807904
3603 0.1396705804967091 1.120648323656082
3604 0.1397194685632356 1.12117838810738
3605 0.1397687107651883 1.121708459099547
3606 0.1398164037731268 1.122235525564088
3607 0.1398651985902079 1.122765210523175
3608 0.1399138778802876 1.123295009471858
3609 0.139962439045181 1.123825820793376
3610 0.1400102384427092 1.124355135979302
3611 0.1400594537260104 1.124885893543163
3612 0.140108205400261 1.125416632976824
3613 0.1401572693388759 1.125947591383301
3614 0.1402059636494195 1.126478566738143
3615 0.140254655427041 1.127009348717888
3616 0.1403031874065387 1.127540151596911
3617 0.1403532249424733 1.128076399594766
3618 0.1404018702423879 1.128607451623038
3619 0.1404500104812225 1.12913697847005
3620 0.1404980563849502 1.129666800532057
3621 0.1405459656162531 1.130196609253825
3622 0.1405938264489465 1.130726537991466
3623 0.1406418313079704 1.131256525036688
3624 0.1406897229916881 1.13178677869077
3625 0.1407377157485817 1.132317238169453
3626 0.1407855447586921 1.132847808297639
3627 0.1408324425650456 1.133375637164195
3628 0.1408804416998376 1.133906607852974
3629 0.1409284106810251 1.134438054420717
3630 0.1409764155951238 1.134969590147516
3631 0.1410242470740604 1.13550084641862
3632 0.1410723182910395 1.136032495264495
3633 0.1411198242105681 1.136563936961025
3634 0.1411678209637396 1.137095632218565
3635 0.1412154886368643 1.137626951891018
3636 0.1412631345450811 1.138158092029484
3637 0.1413106238434254 1.138689141609337
3638 0.141356627139193 1.13921731425144
3639 0.141403972906869 1.139748981272184
3640 0.1414521373642937 1.140281816390831
3641 0.1414998207457999 1.140813607329761
3642 0.1415472222723317 1.141345075885072
3643 0.1415945920772258 1.141876359779184
3644 0.1416416409468059 1.142407730874355
3645 0.1416886178849191 1.142939270957408
3646 0.1417358875084064 1.143470627328812
3647 0.1417832075960496 1.14400191496552
3648 0.14183013534505 1.144533332539627
3649 0.1418783965384262 1.145072492142255
3650 0.1419237851952628 1.145594502013937
3651 0.1419715308446016 1.146132832293467
3652 0.1420175783693085 1.146658177561119
3653 0.1420640793740866 1.147188897154145
3654 0.1421107445108797 1.147720739511438
3655 0.1421575375644964 1.148252816358329
3656 0.1422042163330915 1.148785048094489
3657 0.1422506178722479 1.149317129245845
3658 0.1422974802794813 1.149849012655265
3659 0.1423441027217454 1.150380835580066
3660 0.1423920184022563 1.150914303221475
3661 0.142439274653246 1.151453704898175
3662 0.1424845662386694 1.151977406805931
3663 0.1425314103025818 1.152515448541652
3664 0.142577067457591 1.153040985674063
3665 0.1426228755990466 1.153571703777367
3666 0.1426688894549368 1.154103414086442
3667 0.1427148291095952 1.15463537051988
3668 0.1427606737223458 1.155167303274289
3669 0.14280767632419 1.155706584673178
3670 0.1428528419784276 1.156230329529417
3671 0.1428983714936396 1.156761320955219
3672 0.142944388831624 1.157293794026242
3673 0.1429900264349421 1.15782642116315
3674 0.1430359500911293 1.158358790964999
3675 0.1430817376223756 1.158890897008203
3676 0.143127416969968 1.159422811468219
3677 0.1431730119867242 1.159954620922267
3678 0.1432186771393989 1.160486627270962
3679 0.1432643022990619 1.161018365662163
3680 0.1433104445260071 1.161551840559498
3681 0.1433556270893646 1.162083773222149
3682 0.1434007663557335 1.162615644597205
3683 0.1434460211815458 1.163147558360603
3684 0.1434913146163723 1.163679261896306
3685 0.1435364588263319 1.164211754284913
3686 0.1435818698084691 1.164743993587516
3687 0.1436269511133708 1.165276012821313
3688 0.1436722242078678 1.165807938421202
3689 0.1437172886303144 1.166339945678995
3690 0.1437616452095113 1.166870388500995
3691 0.1438067278080776 1.167402430765853
3692 0.1438516227007135 1.167934431534509
3693 0.1438965422134746 1.168467278787731
3694 0.1439418761486566 1.168999890897617
3695 0.1439865451589913 1.16953198299614
3696 0.1440311912615884 1.170063921318771
3697 0.1440762334390468 1.170596813851342
3698 0.144120899198367 1.171129355503334
3699 0.144165665580801 1.171661643251367
3700 0.1442113657051407 1.172201275174466
3701 0.144254801723713 1.172724983779597
3702 0.1443001113920971 1.1732634645903
3703 0.1443438413683904 1.173789685402314
3704 0.1443878664963638 1.174320718229743
3705 0.1444320372500627 1.174852995151827
3706 0.1444763065452198 1.175385491953975
3707 0.1445208276163773 1.175923454997787
3708 0.1445642675686122 1.17644751176311
3709 0.1446080380578438 1.176979370473618
3710 0.1446521648021867 1.177512426464178
3711 0.1446975787824133 1.178052873838761
3712 0.1447407875983283 1.17857843226044
3713 0.1447855676170495 1.179117494359649
3714 0.1448287666837238 1.1796428142607
3715 0.1448735650934424 1.180181186122776
3716 0.1449163911071791 1.180705783183099
3717 0.144959670616668 1.181237268324248
3718 0.1450032769508253 1.181770484856668
3719 0.1450472962649318 1.182303335149343
3720 0.1450918814267704 1.182838191797327
3721 0.1451351645694833 1.183370537628428
3722 0.1451778624259409 1.183901002789982
3723 0.1452227121606194 1.18443965555566
3724 0.1452651813239478 1.184964158239126
3725 0.1453097821716751 1.185504453549746
3726 0.1453523062350655 1.186029853438898
3727 0.1453960869206894 1.186567928462111
3728 0.1454383155314761 1.18709276272624
3729 0.1454817960382222 1.1876313633361
3730 0.1455242328710836 1.188156322679288
3731 0.1455669910523215 1.188687780509409
3732 0.1456106361873616 1.189221429867273
3733 0.145653532133943 1.189754252615412
3734 0.1456962674611992 1.190286474643589
3735 0.1457388320774851 1.190818185563354
3736 0.1457821961457882 1.191356465733964
3737 0.1458245055438452 1.191880912726389
3738 0.145868036596726 1.192419873548896
3739 0.145910279836881 1.192945911072002
3740 0.1459523343381436 1.193476710557398
3741 0.1459958249212887 1.194016482274105
3742 0.1460375035847776 1.194540786825593
3743 0.1460808697816431 1.195079596535783
3744 0.1461225765386927 1.195605261043259
3745 0.1461654885102279 1.196143622978143
3746 0.1462068916329226 1.196668115688881
3747 0.1462493659973105 1.197204436257355
3748 0.1462906575426908 1.197728996264823
3749 0.1463337480217638 1.198268463992387
3750 0.1463752821121916 1.198793928645024
3751 0.1464184695806627 1.199334023091836
3752 0.146459872281661 1.199859481027869
3753 0.1465025709253628 1.200398293189769
3754 0.1465438710726915 1.200923175239261
3755 0.146586689392104 1.201461666528539
3756 0.1466277301936589 1.201986716189903
3757 0.1466699127052326 1.202525198257785
3758 0.1467106430543275 1.203050209152531
3759 0.1467530021624542 1.203588415212501
3760 0.1467932699948618 1.204112713318508
3761 0.1468360644556505 1.204651935698114
3762 0.1468773557079493 1.205178390787736
3763 0.1469198797969339 1.205716920502948
3764 0.146960610833413 1.206241342378294
3765 0.1470017721227453 1.206772881153025
3766 0.1470442672850587 1.207312905226339
3767 0.1470848770651469 1.207837741731766
3768 0.1471256734126101 1.208368363595482
3769 0.1471669053910551 1.208901055613735
3770 0.1472101273690254 1.209442179256117
3771 0.1472503614120016 1.209966339984512
3772 0.1472909078534956 1.210497130276509
3773 0.1473329183535233 1.211036780953607
3774 0.1473723578942752 1.211559295586454
3775 0.1474142075194873 1.212097653653523
3776 0.1474547792166064 1.212622878870238
3777 0.147496226617088 1.213160946265557
3778 0.1475357455837629 1.213682913632349
3779 0.147577145845519 1.214221489231003
3780 0.1476182277580621 1.214754250684283
3781 0.1476585705396256 1.215281798833223
3782 0.1476986993426098 1.215811011217683
3783 0.1477382787515899 1.216340445073128
3784 0.1477777216706528 1.216870868599305
3785 0.1478173920546378 1.217400585615211
3786 0.1478591012219186 1.217939825194421
3787 0.1478998443936435 1.218471557248902
3788 0.1479397079939004 1.218996968924894
3789 0.147980839881028 1.219536620506319
3790 0.1480201062969775 1.220060371417946
3791 0.1480613894353263 1.220598565364402
3792 0.1481012145818205 1.221124260928311
3793 0.1481426657940828 1.22166345668161
3794 0.1481822412382313 1.222188710043678
3795 0.1482235080379037 1.222728043536294
3796 0.1482629833471014 1.223253129476886
3797 0.1483039272790729 1.223791684323466
3798 0.1483429877788243 1.224316231875039
3799 0.1483835058519096 1.224852453645501
3800 0.1484235607487324 1.225383756717748
3801 0.1484630268447443 1.225914748658502
3802 0.1485023771196683 1.226445210597126
3803 0.1485415349775944 1.226974736007243
3804 0.1485808388399479 1.22750510678148
3805 0.1486200209150506 1.228034985559262
3806 0.1486590984430755 1.22856524174012
3807 0.1486978788855872 1.229094691156182
3808 0.1487371303451494 1.229625063434923
3809 0.1487763165030385 1.230155840511818
3810 0.1488155185364343 1.230686558184855
3811 0.1488554834717945 1.231222290195168
3812 0.1488948469285818 1.231752497641603
3813 0.1489327647306308 1.232276435390601
3814 0.1489728598378406 1.232814031850027
3815 0.1490117428403248 1.233343821351266
3816 0.1490494499507035 1.233867116924337
3817 0.1490889071499937 1.234404832850243
3818 0.1491277085367474 1.234934684046113
3819 0.1491651662762562 1.23545741428818
3820 0.1492042758228647 1.235992383233976
3821 0.1492427412076933 1.236522731765305
3822 0.1492799814563295 1.237045216499312
3823 0.1493191659733654 1.237583186851508
3824 0.1493561085242381 1.238105183664132
3825 0.1493954178882732 1.238643392690665
3826 0.1494331211053637 1.239166578157918
3827 0.1494710315298023 1.239696405438762
3828 0.1495108397765163 1.240235760893864
3829 0.1495491720107379 1.240766067879766
3830 0.1495859425495152 1.241287812933863
3831 0.1496249898433347 1.241825012467293
3832 0.1496621417134097 1.242347917788255
3833 0.149700945423114 1.242885208395333
3834 0.1497379276310141 1.243407986500859
3835 0.1497760932907866 1.243944452672116
3836 0.1498129670472314 1.244466588650479
3837 0.1498515920427432 1.245003498503639
3838 0.1498884479906272 1.245525862306624
3839 0.149926983677877 1.246062616512583
3840 0.149963478033555 1.246584713242892
3841 0.1500019631444264 1.247121390684838
3842 0.150038610059704 1.247643345982199
3843 0.150076774237854 1.248179806247628
3844 0.1501130682840559 1.248701755904643
3845 0.1501511705765917 1.249238345279235
3846 0.1501888994376963 1.249768900174936
3847 0.1502255533070008 1.250291839220578
3848 0.1502633216758345 1.250826720199736
3849 0.1502991854710574 1.251348588364836
3850 0.150336796202445 1.251883931876397
3851 0.1503728474662961 1.252406268061931
3852 0.1504105096036575 1.252941495569695
3853 0.1504474343067067 1.253470990328592
3854 0.1504833528435797 1.253992335329198
3855 0.1505208177503025 1.254527341692054
3856 0.1505565326858173 1.255049293775663
3857 0.150593761405484 1.255584411799607
3858 0.1506305058317411 1.256113830686963
3859 0.1506673338406644 1.256642156597726
3860 0.1507036198882433 1.257164161941734
3861 0.1507403570524888 1.257698144518747
3862 0.1507757324098232 1.258220219956915
3863 0.150812710235889 1.258755584416246
3864 0.1508491770288563 1.259284993850541
3865 0.1508854665170469 1.259813474307864
3866 0.150921544987054 1.260341160767233
3867 0.1509575951207294 1.260869032734635
3868 0.1509933669061574 1.261396734951989
3869 0.1510292862167413 1.261924698177299
3870 0.1510652276831415 1.262452451931732
3871 0.1510996355392123 1.262971873668685
3872 0.1511358516364852 1.263507285164519
3873 0.1511719511954168 1.264036742860204
3874 0.1512081721443846 1.264565469332045
3875 0.1512439691277278 1.265092977109384
3876 0.1512787564247819 1.265613606444869
3877 0.1513148256514265 1.266148499511972
3878 0.1513495426349129 1.266669500755594
3879 0.1513856324052882 1.267204749423202
3880 0.1514215814262529 1.267734061496415
3881 0.1514572738631553 1.268261996469202
3882 0.1514927377483482 1.268789336086602
3883 0.1515265655120636 1.269307715710966
3884 0.1515626084624061 1.269842552870735
3885 0.1515980488211377 1.270371273523154
3886 0.1516322585766644 1.270891616485095
3887 0.1516681983645033 1.271426731644094
3888 0.1517024889074089 1.271947069461711
3889 0.151738554209666 1.272482486838603
3890 0.1517726324041485 1.273003273066421
3891 0.151808464370133 1.273538080199369
3892 0.1518425771661267 1.274058216989588
3893 0.1518784462866571 1.27459373904931
3894 0.1519124690830409 1.275114220947809
3895 0.1519481169381443 1.275649033369951
3896 0.1519818325501591 1.276169040623904
3897 0.1520170221170657 1.27670231279924
3898 0.1520508882250147 1.277222407514224
3899 0.1520863905888798 1.277757231432547
3900 0.1521198068411602 1.278277182107107
3901 0.1521545284413619 1.278810101201467
3902 0.1521884663749853 1.27933136902519
3903 0.152222504705497 1.279857087690948
3904 0.1522566017271618 1.280384139629699
3905 0.1522902848278809 1.280912143713029
3906 0.152324528317366 1.281438521015951
3907 0.1523586110992647 1.2819647600082
3908 0.1523926011067897 1.282491215370518
3909 0.1524264647086854 1.283017712940844
3910 0.1524605358488104 1.283544128693996
3911 0.1524957106319932 1.284077818677867
3912 0.1525287996050098 1.28459676915771
3913 0.1525631104971545 1.285129467379733
3914 0.1525962146064161 1.285649477447269
3915 0.1526294068522513 1.286174379452468
3916 0.1526628165758885 1.286700632642556
3917 0.152696283803318 1.287227231073787
3918 0.1527297792165693 1.287753534544746
3919 0.1527646849572719 1.28828747938242
3920 0.152797212588946 1.288805854340727
3921 0.1528299860912534 1.28933073761866
3922 0.1528631091416334 1.289856645982047
3923 0.1528962066412353 1.290383155623644
3924 0.1529296864564969 1.29090965870707
3925 0.1529630702420438 1.291435983517705
3926 0.1529961318965331 1.291961406435429
3927 0.1530293140938326 1.292486201312779
3928 0.1530622195162856 1.293011751198315
3929 0.1530947419629281 1.293537294370383
3930 0.1531273543479754 1.294062430009043
3931 0.1531602299959881 1.294587723586924
3932 0.1531930192873031 1.295113109395511
3933 0.1532258095350759 1.2956385434197
3934 0.1532585748518717 1.29616392689675
3935 0.1532909276010544 1.296688884716396
3936 0.153323451208916 1.297213924040858
3937 0.1533560394046438 1.297739907353147
3938 0.1533886029349263 1.298264748277216
3939 0.153420941232429 1.298789509604212
3940 0.1534531044532039 1.299314129397658
3941 0.1534852451331577 1.299838670933027
3942 0.1535174254283602 1.300363166273973
3943 0.1535493708075759 1.300887732369573
3944 0.1535812813153954 1.301412086383836
3945 0.1536135418033282 1.301936885114732
3946 0.1536452858271929 1.302461268663845
3947 0.1536774863413551 1.302985517593055
3948 0.1537090329407745 1.3035095385618
3949 0.1537407908263766 1.30403358347516
3950 0.1537725951870001 1.30455766881072
3951 0.1538040969512069 1.305081712437695
3952 0.153835792267822 1.305605690627548
3953 0.1538674332692206 1.306129738133994
3954 0.1538990386745493 1.306653603642504
3955 0.1539305315866492 1.307177324570752
3956 0.1539619326527279 1.30770085564881
3957 0.1539931018162964 1.308224568975997
3958 0.1540243464645238 1.308748193837565
3959 0.1540555501195074 1.309271719738643
3960 0.154086781035345 1.309795215805369
3961 0.1541177278291408 1.310318737282985
3962 0.154148971583565 1.310842105157981
3963 0.1541797944668057 1.311365102693869
3964 0.1542109051767992 1.311888746708216
3965 0.154241549390642 1.312411502537901
3966 0.1542718672685782 1.312932554302695
3967 0.1543025162860177 1.313455075402612
3968 0.1543331199432634 1.313977712466082
3969 0.1543635545058288 1.314499969426289
3970 0.1543941792207558 1.315022421722706
3971 0.1544248484893661 1.315544689465993
3972 0.1544550766034256 1.31606640321278
3973 0.1544851148930214 1.316588796875864
3974 0.1545150449181458 1.317110902676693
3975 0.1545452854762798 1.317632428217413
3976 0.15457553464824 1.318154801286288
3977 0.1546057237098712 1.318677059242981
3978 0.1546358613303578 1.319199068375986
3979 0.1546658450955622 1.319720677557383
3980 0.1546956564141685 1.320242010731713
3981 0.1547257083612385 1.320764754014605
3982 0.1547560925381802 1.321287521661266
3983 0.1547857936217227 1.321808811564299
3984 0.1548145730047523 1.322328565031565
3985 0.1548439819858161 1.322849467899471
3986 0.154873549016848 1.323370483040578
3987 0.1549032864648947 1.323891653388215
3988 0.1549326779370983 1.324412902486662
3989 0.1549619653554951 1.324933030666173
3990 0.1549912638722464 1.325454126593218
3991 0.155020787639906 1.325976602929684
3992 0.1550501860556469 1.326497488917453
3993 0.1550794631782961 1.327018330017937
3994 0.1551086619564884 1.327538992227074
3995 0.1551375260435509 1.328059609036216
3996 0.155166550525852 1.328580020840416
3997 0.1551955401769987 1.329100563897743
3998 0.1552251793042606 1.329622398120946
3999 0.1552540290303644 1.330142540922985
4000 0.1552836730301713 1.330664869542107
4001 0.1553119675980879 1.331185087349343
4002 0.1553401912994941 1.331704726933898
4003 0.1553689229918297 1.332224246930769
4004 0.1553973507140649 1.332743858667957
4005 0.1554250167854656 1.333261413234383
4006 0.1554533565538694 1.333781191094201
4007 0.1554816996536651 1.334300775616836
4008 0.1555101179936671 1.334820590334696
4009 0.1555387750698508 1.335341221316388
4010 0.1555682754684621 1.335863975855908
4011 0.1555963252826776 1.336383041785692
4012 0.1556238648406041 1.336902063512871
4013 0.1556515461539752 1.337421030597824
4014 0.1556795301655101 1.337939469628064
4015 0.1557074258879143 1.338458714307226
4016 0.155735345021465 1.338977749279727
4017 0.1557629584143663 1.339496845938477
4018 0.155790669471978 1.340015538585619
4019 0.1558184769345335 1.340534023901507
4020 0.1558462674211088 1.341052971231871
4021 0.1558738100586081 1.34157183187388
4022 0.1559011284625232 1.342089910517342
4023 0.1559285178983304 1.34260886441164
4024 0.1559559866340933 1.343127499992083
4025 0.1559833076416839 1.343646164874614
4026 0.156011304108814 1.344165759446491
4027 0.1560385872306821 1.344684067444858
4028 0.1560658265841837 1.345202019772141
4029 0.1560927224662141 1.345720045362418
4030 0.1561197874909438 1.346237973292003
4031 0.1561467808846316 1.346755108842357
4032 0.156173618775438 1.347273184969401
4033 0.1562005505713136 1.347791327315462
4034 0.1562274536564385 1.348309423451614
4035 0.156254232698494 1.348827277931021
4036 0.1562811923587538 1.349344905374918
4037 0.1563079542588565 1.349862491463689
4038 0.1563344961697968 1.350379981865719
4039 0.1563610242282061 1.350897490654379
4040 0.1563871884205414 1.351413953507896
4041 0.1564138032067422 1.351931826436803
4042 0.1564404107428233 1.352449210184083
4043 0.1564668820559666 1.352966368528707
4044 0.1564919661406487 1.353480360302983
4045 0.1565182424485968 1.353997508868752
4046 0.1565445583731381 1.354514947715972
4047 0.1565709898667035 1.35503231280266
4048 0.1565973619475221 1.355549700780728
4049 0.1566233278599801 1.356066648760355
4050 0.1566495742362767 1.356583057339003
4051 0.1566753741436313 1.357099710789218
4052 0.156701539625979 1.357616790264847
4053 0.1567272135482203 1.358133152557042
4054 0.1567530066260922 1.358650119077632
4055 0.156779241586459 1.359166530346364
4056 0.1568048125973823 1.359682995637382
4057 0.1568303899202263 1.360199113704344
4058 0.1568558846918589 1.360715007899574
4059 0.1568814855442744 1.361231398265416
4060 0.1569068635839619 1.361747219398803
4061 0.1569325242362052 1.362263831296322
4062 0.1569577619685737 1.362779383559434
4063 0.1569829038167124 1.363294519216126
4064 0.157008036303162 1.363809690586779
4065 0.1570331138412743 1.364324885952158
4066 0.1570582528188407 1.364839944085444
4067 0.1570831815223493 1.365354931064431
4068 0.1571077544152747 1.365869857628087
4069 0.1571327000963341 1.366384838479205
4070 0.1571576444359905 1.366899762502669
4071 0.1571824592941762 1.367414171823664
4072 0.1572068333376011 1.367928191524374
4073 0.1572314621501774 1.368443136795961
4074 0.1572562624108475 1.368958119981291
4075 0.1572809314101155 1.369472870534664
4076 0.1573041378854296 1.369978404543431
4077 0.1573298142052596 1.370503960474072
4078 0.1573531068271876 1.37100862914738
4079 0.1573789768500463 1.371535020720159
4080 0.1574034560621199 1.37204748380373
4081 0.1574277653786368 1.372561157520674
4082 0.1574520173897155 1.373075153041097
4083 0.1574760402120142 1.373588909519432
4084 0.1575000818541002 1.374102657223092
4085 0.1575239991289256 1.374616101477501
4086 0.1575479315080296 1.375129407425018
4087 0.1575718577162306 1.375642557169758
4088 0.1575956199484335 1.376155784062504
4089 0.1576191966625516 1.376669190298131
4090 0.1576427711732092 1.377182377928224
4091 0.1576664581858398 1.377695371926138
4092 0.1576902182900457 1.378208417188258
4093 0.1577136852578667 1.37872140586899
4094 0.1577372136469397 1.379234240370037
4095 0.1577605915438927 1.379746962270248
4096 0.157783816482383 1.380259505816144
4097 0.1578070382513781 1.380772081397375
4098 0.1578305541386525 1.381284907955975
4099 0.1578537937839672 1.381797185455351
4100 0.1578766541705414 1.382308847520663
4101 0.1578994732305785 1.38282086666753
4102 0.1579223776838453 1.383332658500913
4103 0.1579455828961916 1.383845004861682
4104 0.157968431610134 1.384356910465981
4105 0.1579907354252556 1.384868175498196
4106 0.1580135677774157 1.385379783792307
4107 0.1580361903551745 1.385891263702712
4108 0.1580589103566428 1.38640281032545
4109 0.1580814907098174 1.386914335533374
4110 0.1581025829509333 1.38742067618503
4111 0.1581250360657069 1.387932187511035
4112 0.1581476148961248 1.388444236426628
4113 0.1581702202575216 1.388956163551068
4114 0.1581927463768561 1.389467879698083
4115 0.1582152459450161 1.389979281854465
4116 0.1582379161403468 1.390491453666722
4117 0.1582601041251001 1.391002626341892
4118 0.1582818751390225 1.391513265079567
4119 0.1583039208540599 1.392023648193069
4120 0.1583259305851304 1.392534054155826
4121 0.1583478075518626 1.393044364343978
4122 0.158369584282425 1.393554528087153
4123 0.1583912441673482 1.394064495271484
4124 0.1584128149648159 1.39457440111729
4125 0.1584342900676981 1.395084445685391
4126 0.1584559915026632 1.395594368711333
4127 0.158477553730408 1.396103983972213
4128 0.1584989548648049 1.39661372082032
4129 0.1585202309070677 1.397123308391374
4130 0.1585416697618329 1.397632771445872
4131 0.1585629702628381 1.39814207837819
4132 0.1585841681682978 1.398651370555094
4133 0.1586054948417289 1.399161289425342
4134 0.1586265030249423 1.399670581670396
4135 0.1586465195982802 1.400179190896097
4136 0.1586681458933236 1.400688526797609
4137 0.1586892674781002 1.401197287089483
4138 0.1587103691707812 1.401705624208779
4139 0.158731114840198 1.402213929844591
4140 0.1587517720551574 1.402722382284225
4141 0.1587723516074802 1.403230815320121
4142 0.1587932108128156 1.403739113009495
4143 0.1588138816432826 1.404247309018383
4144 0.1588344487404199 1.4047554880092
4145 0.158854807352871 1.405263715879596
4146 0.1588750709528692 1.40577166411061
4147 0.1588953734202407 1.406279450648175
4148 0.1589159492721367 1.406787773308484
4149 0.158936479962391 1.407296600825348
4150 0.1589568559914604 1.407804399572128
4151 0.1589782353501305 1.408316714962574
4152 0.1589969140840209 1.408814736804674
4153 0.1590162884148535 1.409320592719621
4154 0.1590360198251308 1.40982883554218
4155 0.1590560449452227 1.410337301819506
4156 0.1590758660643976 1.410845706839528
4157 0.1590958609093797 1.411353578046295
4158 0.1591158238101155 1.411861097685276
4159 0.1591357391560357 1.412373501860556
4160 0.1591555962701556 1.412879159061961
4161 0.1591741696909759 1.413378692982553
4162 0.1591941217028718 1.413891187461785
4163 0.15921399458898 1.414397897616936
4164 0.1592337260461549 1.414904772813092
4165 0.1592518417426731 1.415402561023622
4166 0.1592715125863328 1.415914885912787
4167 0.1592902537268286 1.416415090859307
4168 0.1593088043273224 1.416920453842024
4169 0.1593283112690826 1.417427696474515
4170 0.1593489588312833 1.417943050949632
4171 0.159367626737269 1.418441549113874
4172 0.159386096221052 1.418946181660045
4173 0.1594046538367616 1.419452511698944
4174 0.1594245820760156 1.419961089257971
4175 0.1594435175889675 1.420467531916739
4176 0.1594629441782927 1.42097425104059
4177 0.1594814953654765 1.421479689474446
4178 0.1595000796123402 1.421984608231346
4179 0.1595184048221353 1.422489136202775
4180 0.1595369015742313 1.422993763408452
4181 0.1595560929484433 1.423506014593235
4182 0.1595738892719367 1.424002338424931
4183 0.1595917743024279 1.424505127301744
4184 0.1596098752801796 1.425010431195419
4185 0.1596280777058083 1.425515784255146
4186 0.1596464323448281 1.426020730273898
4187 0.1596646770046896 1.426525233329331
4188 0.1596828033523351 1.427029633210597
4189 0.1597008041691226 1.427533874829754
4190 0.1597186399456735 1.428037746616652
4191 0.159736559637773 1.428541321007443
4192 0.1597545023030884 1.429045221745213
4193 0.1597724167961007 1.42954902875275
4194 0.1597901306298821 1.430052744634433
4195 0.1598079009487306 1.430556508556482
4196 0.1598253249549121 1.431060052624508
4197 0.1598440125385743 1.431571431246468
4198 0.159860926129162 1.432065741548834
4199 0.1598773574268702 1.432567097091651
4200 0.1598936967710748 1.433068511052908
4201 0.1599110135667984 1.43357214524224
4202 0.1599288945873091 1.434075993530318
4203 0.1599464787965022 1.434579580119129
4204 0.1599630991802873 1.435080991132344
4205 0.1599804880307774 1.435584079233327
4206 0.1599973977030962 1.436085097761594
4207 0.1600144029524581 1.43658682165118
4208 0.1600328576582175 1.437098708778421
4209 0.1600487794664892 1.437591787617424
4210 0.1600651851344621 1.438093136043743
4211 0.1600819175794116 1.438596052838802
4212 0.1600988138507232 1.439098962364111
4213 0.160115489448132 1.439601730368321
4214 0.1601322182960923 1.440103596538481
4215 0.1601495074336887 1.440606818245123
4216 0.1601660587447256 1.441109008187764
4217 0.1601826849228229 1.441610728118969
4218 0.160199796754759 1.442114891424216
4219 0.1602161267579999 1.44261586064636
4220 0.1602322778574913 1.443116301652098
4221 0.1602486847332787 1.44361806882784
4222 0.1602645924292567 1.444118327672373
4223 0.1602804410872819 1.444618196559091
4224 0.1602962884162357 1.445118023892067
4225 0.1603118811318262 1.445618075966972
4226 0.1603276680031201 1.44611801758276
4227 0.1603434546488182 1.446617914391914
4228 0.1603591333425211 1.447117921199331
4229 0.1603736396984761 1.447614761170325
4230 0.160389542513369 1.448114789273418
4231 0.1604053807721607 1.448615071393462
4232 0.1604210167839409 1.449115366848457
4233 0.1604363729974211 1.449615764033816
4234 0.1604521233745508 1.450116758399388
4235 0.1604679033265529 1.450616555511446
4236 0.1604831871421198 1.451116112683392
4237 0.1604987340542077 1.451615396147313
4238 0.1605139004475011 1.452114422186853
4239 0.1605288528821706 1.452613241116782
4240 0.1605436945151807 1.453111787988131
4241 0.1605587065600117 1.45361029268046
4242 0.1605734529867997 1.45410882925114
4243 0.1605883059743524 1.454607272849541
4244 0.1606032633775382 1.455105707993969
4245 0.1606177935501807 1.455603971137093
4246 0.1606325797784731 1.456102096741535
4247 0.160648371009331 1.456608400066873
4248 0.1606617315355962 1.457095291089311
4249 0.160676825516779 1.457600704836067
4250 0.160690962649927 1.458095990156162
4251 0.1607050337822327 1.458592121249105
4252 0.1607195042643331 1.459089052430887
4253 0.1607336075011972 1.459585946498819
4254 0.1607479769896729 1.460083550131812
4255 0.1607620216693827 1.460580612058014
4256 0.160776128521001 1.461077807033113
4257 0.1607902813303337 1.461574827926483
4258 0.1608043481212435 1.46207168837427
4259 0.1608184224090453 1.462568212345209
4260 0.1608321747342275 1.463064918533456
4261 0.1608459839785883 1.46356177710993
4262 0.160859784401703 1.464058429476654
4263 0.1608737290089583 1.46455489328458
4264 0.1608874328322209 1.465051327654208
4265 0.1609011447590072 1.465547637394319
4266 0.1609146740545433 1.466043898726058
4267 0.1609281563359738 1.46654004198066
4268 0.1609424348300783 1.467039953659797
4269 0.1609549531649332 1.467526677194978
4270 0.160967753171662 1.468021768035905
4271 0.1609810649876948 1.468518618462549
4272 0.1609943956788037 1.469015634211289
4273 0.1610076410275887 1.469512273730517
4274 0.1610209344256449 1.470008481292169
4275 0.161033977247983 1.470504596664364
4276 0.1610470099750905 1.470999563883443
4277 0.1610602708132068 1.47149532391677
4278 0.1610732174651841 1.471990861973033
4279 0.1610865073670248 1.472485840835849
4280 0.1610994487340776 1.472980765551033
4281 0.1611122704053965 1.473475594128629
4282 0.1611248126753085 1.473970101408874
4283 0.1611373015230035 1.474464538267493
4284 0.1611500793977217 1.474958832546195
4285 0.1611635159623655 1.475454685317202
4286 0.1611760262291509 1.475949003749504
4287 0.1611886064919867 1.476443916218826
4288 0.1612009007479334 1.47693755835524
4289 0.1612128354950628 1.477431080917998
4290 0.1612248226978898 1.477924284388139
4291 0.1612370435179969 1.4784174398843
4292 0.1612492056722407 1.478910620419274
4293 0.1612600423793283 1.479401008216481
4294 0.1612721205266582 1.479893965207872
4295 0.1612841798776264 1.480387364618856
4296 0.1612962046708121 1.480880989327822
4297 0.16130825015232 1.481374658807128
4298 0.1613204774241587 1.481868056253755
4299 0.1613325222754126 1.482361299773073
4300 0.1613442296503046 1.482854490245099
4301 0.1613556756183916 1.48334699353861
4302 0.1613677311948508 1.483840081505897
4303 0.161379325218828 1.484332928616697
4304 0.1613911574425279 1.484825493371649
4305 0.161402650239834 1.485317970399951
4306 0.1614140549449588 1.485810078832307
4307 0.1614254398586381 1.486301969842765
4308 0.1614368239710661 1.48679388538428
4309 0.1614479527530243 1.487285787568523
4310 0.1614591055985823 1.487777572898564
4311 0.1614702726326714 1.488269231104243
4312 0.161483169537514 1.488764485720797
4313 0.1614940859772387 1.489255818919824
4314 0.1615048551271192 1.489746634157525
4315 0.1615156319711763 1.490237304428745
4316 0.1615263488993159 1.490728047044681
4317 0.1615365076061027 1.491217360368976
4318 0.1615469155802473 1.49170787109334
4319 0.1615577339270753 1.492198444888795
4320 0.1615684013451916 1.492689128342444
4321 0.161579039241862 1.49317984173567
4322 0.1615895358112673 1.493670421866251
4323 0.1616000002527582 1.494160661387006
4324 0.1616104741536367 1.494650910447764
4325 0.1616208169850865 1.495141190169633
4326 0.1616311578290777 1.49563126943493
4327 0.1616414896056147 1.496121230372092
4328 0.1616515150378743 1.496611165544894
4329 0.1616618748883681 1.497101025862655
4330 0.1616719537491959 1.497590426002208
4331 0.1616821825429833 1.498079943914288
4332 0.1616920672662521 1.498569477649996
4333 0.1617018651562567 1.499058841333446
4334 0.1617118734771935 1.499548090743236
4335 0.1617220451696944 1.500037179067278
4336 0.1617318240759515 1.500526239647436
4337 0.1617416222164092 1.501015179494104
4338 0.1617512396397982 1.501503984506416
4339 0.1617605349437871 1.501991896626121
4340 0.161769978873733 1.50248028207965
4341 0.1617796431008665 1.502968983465248
4342 0.1617894197076357 1.503457630733239
4343 0.1617988541078011 1.503945922727353
4344 0.1618082679943325 1.504434290833714
4345 0.1618175268524206 1.504922442581792
4346 0.1618268901019788 1.505410125784771
4347 0.1618360050656047 1.5058978139612
4348 0.1618448935706534 1.506384686772091
4349 0.161853968997654 1.506872338657629
4350 0.1618632255067182 1.507360360437008
4351 0.161872665679537 1.507848949084194
4352 0.1618817442047998 1.508336413180315
4353 0.161890545430357 1.508823526038105
4354 0.1618991858030878 1.509310479313529
4355 0.161907708005748 1.509796992957517
4356 0.1619165793510736 1.510283860609725
4357 0.1619251137261002 1.510770735197728
4358 0.1619341280065909 1.511257244245243
4359 0.1619426854870428 1.51174347762256
4360 0.1619511303062216 1.51222958442737
4361 0.1619593607198495 1.512715867168286
4362 0.1619674305351451 1.51320198338409
4363 0.1619758898373966 1.513688018156542
4364 0.1619845194644035 1.514173995706072
4365 0.1619924658958197 1.514660734380145
4366 0.1620010059917121 1.515146719688814
4367 0.1620090577589863 1.515631847518393
4368 0.162017940295442 1.516118990526722
4369 0.1620258669013069 1.516604504991657
4370 0.1620338359474429 1.517089414496705
4371 0.1620415801397883 1.517573938248767
4372 0.1620491344428329 1.518058281510993
4373 0.1620568990148254 1.518543253341268
4374 0.1620645314207623 1.519027940280556
4375 0.1620723819581396 1.519512515356209
4376 0.1620799825186706 1.519997069167095
4377 0.1620874607634599 1.520481596384045
4378 0.1620949669515302 1.520966069962002
4379 0.1621024805616745 1.521450096547468
4380 0.1621100986938848 1.521934100397984
4381 0.1621174314631449 1.522418063347139
4382 0.1621245854061381 1.522901898982364
4383 0.1621317552456742 1.523385630988455
4384 0.1621369041982834 1.523864890763407
4385 0.1621444168841844 1.524348882631726
4386 0.1621518354749358 1.524832998422537
4387 0.1621592585051366 1.525316849253505
4388 0.1621664424658006 1.525800678951697
4389 0.1621730212747524 1.526283055182775
4390 0.16218004525253 1.526766408248056
4391 0.1621871380248448 1.527249839208153
4392 0.1621941998927383 1.527733266252948
4393 0.1622010134681246 1.528216555514755
4394 0.1622080925307334 1.528699735520441
4395 0.162214686783399 1.529182422833156
4396 0.1622215177743742 1.529665069303019
4397 0.162228067670642 1.530147570387271
4398 0.1622344550557286 1.530629771923477
4399 0.162240939734336 1.531111640972943
4400 0.1622472378037049 1.531593496594188
4401 0.162253650290434 1.53207514531299
4402 0.16225991885148 1.532556551803908
4403 0.1622660905291494 1.533037749645529
4404 0.162271916575531 1.533519149460121
4405 0.1622776596943481 1.534000585793639
4406 0.1622839699629841 1.534481725874794
4407 0.1622899253563801 1.534962652319625
4408 0.1622966198461017 1.535445319327366
4409 0.1623024573000902 1.535926151260105
4410 0.1623080863207759 1.536406481634313
4411 0.1623135183314721 1.536886425397602
4412 0.1623190056600038 1.537366519772186
4413 0.1623249110930974 1.537846831829065
4414 0.1623303478178284 1.538326818714621
4415 0.1623360673802373 1.538806851496779
4416 0.1623415822316799 1.539286840698171
4417 0.1623464007230264 1.539765328524737
4418 0.162351789052929 1.54024501722037
4419 0.1623570903463873 1.540724810814506
4420 0.1623626151835192 1.541204575568098
4421 0.1623678300087624 1.541684393302389
4422 0.1623731077746247 1.542163923251213
4423 0.1623781842381224 1.542643129151608
4424 0.1623833827743511 1.543122280355187
4425 0.1623883994998614 1.543601392316249
4426 0.1623933711878624 1.544080347512412
4427 0.162399218477457 1.544561859907831
4428 0.1624039125940527 1.545040612629558
4429 0.1624084772811203 1.545518794401762
4430 0.1624135096219612 1.545996894109714
4431 0.1624179761798849 1.546474490438604
4432 0.1624226621545442 1.546952627427368
4433 0.162426863453672 1.547430182272174
4434 0.1624324230716405 1.547910687750106
4435 0.1624372390268159 1.548388330298478
4436 0.1624413897124465 1.548865550248218
4437 0.1624454489704591 1.549342370960239
4438 0.1624496142218569 1.549819787831635
4439 0.1624539048195651 1.550296907408473
4440 0.1624578969431198 1.55077391535241
4441 0.16246208492947 1.551250890072107
4442 0.1624664243466115 1.55172780459769
4443 0.1624697724378601 1.552202423023008
4444 0.162473645200843 1.552679070137242
4445 0.1624776177657287 1.55315599569027
4446 0.1624816485081749 1.553632857250904
4447 0.1624856013969135 1.554109571468423
4448 0.1624894232831693 1.55458559245771
4449 0.1624933824360616 1.555062218073973
4450 0.1624970744597726 1.555538574050217
4451 0.1625008167609874 1.556014689712705
4452 0.1625045776738173 1.556490726267715
4453 0.1625082697074531 1.556966705652278
4454 0.1625116272556589 1.557441613302172
4455 0.1625148883295308 1.557917241176964
4456 0.1625184246596562 1.558392797449136
4457 0.1625219178717676 1.558868482669471
4458 0.1625254221336254 1.559343880211211
4459 0.1625288063354119 1.559819052742418
4460 0.1625319736348084 1.560294201077793
4461 0.1625350312030679 1.560769263623519
4462 0.1625383032631013 1.56124405541242
4463 0.1625417267399968 1.561719571430777
4464 0.1625446905852662 1.562193860755322
4465 0.1625477334398734 1.56266809955185
4466 0.1625506027403411 1.563142169378161
4467 0.1625531998187158 1.563616055105209
4468 0.1625559738443758 1.564090028056283
4469 0.1625595282977453 1.564566142695165
4470 0.1625622043600894 1.56503959985793
4471 0.1625648507846259 1.565512836767436
4472 0.1625672980158065 1.565986115938233
4473 0.1625690759329277 1.566457058230629
4474 0.1625713558577283 1.566929746070552
4475 0.1625739199959458 1.567403251593566
4476 0.1625766104806356 1.567876862059373
4477 0.1625789560005319 1.568350573450386
4478 0.1625813332610865 1.568823771512882
4479 0.1625845907067116 1.569297743768079
4480 0.1625869394587251 1.569770683229045
4481 0.1625889904937663 1.570243469717674
4482 0.1625920023444796 1.570717992601596
4483 0.1625937825322958 1.571190040977601
4484 0.1625956303878822 1.571661723042793
4485 0.1625975107676871 1.572133404923611
4486 0.1625994085505553 1.572604963644192
4487 0.1626012381991495 1.573076399347134
4488 0.1626025562003213 1.573547505930436
4489 0.1626040287554532 1.57402057910054
4490 0.1626061747623845 1.574491953677118
4491 0.1626080724768453 1.574963000958941
4492 0.1626098031711566 1.575433904436059
4493 0.1626111822128281 1.575904927442823
4494 0.1626126807751963 1.576375751697527
4495 0.1626140777610218 1.576846483276754
4496 0.1626155951696176 1.577317186033412
4497 0.1626170243673614 1.577787881750552
4498 0.1626184373923622 1.578258440597544
4499 0.1626197717611525 1.578728852487405
4500 0.1626209176627219 1.579199048756673
4501 0.1626220069392382 1.579669365642129
4502 0.1626227738780499 1.580138144009799
4503 0.1626241827092146 1.580608361415242
4504 0.1626248048006048 1.5810771610829
4505 0.1626258809245772 1.581547512435588
4506 0.1626269669962829 1.582017430430063
4507 0.1626282437621664 1.582487027644473
4508 0.1626292435958963 1.582956690307574
4509 0.1626299109963387 1.58342624847845
4510 0.1626304786412527 1.583895419306876
4511 0.1626313594822592 1.584364293265677
4512 0.1626321517609197 1.584833246392908
4513 0.1626333772682859 1.585308443797379
4514 0.1626333718403345 1.58576803151999
4515 0.1626333601642175 1.586235553962635
4516 0.1626335937074655 1.586704930067304
4517 0.1626340420333983 1.587174400746489
4518 0.1626345842168348 1.587643301577
4519 0.1626353329450986 1.588112002339863
4520 0.162635584168781 1.58858026329868
4521 0.1626360042866222 1.589048648938643
4522 0.1626363335549838 1.589516161294056
4523 0.1626362475931689 1.589983685634944
4524 0.1626368667956946 1.590451918720431
4525 0.1626368929818081 1.590919908737906
4526 0.1626368181991656 1.591386888044351
4527 0.1626366077569912 1.591854135751749
4528 0.1626363562471711 1.592321038850199
4529 0.1626361278724663 1.592787888870581
4530 0.1626360188957578 1.593254361691291
4531 0.1626357972401369 1.593720627420774
4532 0.1626354906071641 1.594187225151023
4533 0.1626349097455287 1.594653598686085
4534 0.1626343638212328 1.595119396338852
4535 0.1626338003362513 1.59558538756357
4536 0.1626335896673803 1.596051456770244
4537 0.1626328083947515 1.596517463158821
4538 0.1626322315529241 1.596983273393154
4539 0.1626315161256197 1.597448744278669
4540 0.1626307502243815 1.597914149078753
4541 0.1626298621231611 1.598379555960621
4542 0.1626292520007857 1.598844753653327
4543 0.1626287228871819 1.599310996179606
4544 0.1626276700327891 1.599775915251398
4545 0.1626266006266708 1.600240698439317
4546 0.162625603207194 1.600705228478204
4547 0.1626245689707086 1.601169597501668
4548 0.1626234358284003 1.601633966690114
4549 0.1626220449474846 1.602098386374395
4550 0.1626208607264743 1.602562414179947
4551 0.1626196054232908 1.603026384987817
4552 0.1626184088008903 1.603490289838004
4553 0.1626170127809083 1.603954222851958
4554 0.1626156142590147 1.604417966995832
4555 0.1626139650634671 1.604881483544098
4556 0.162612475673621 1.60534430864822
4557 0.1626109821090569 1.605807834905934
4558 0.1626094452951381 1.606271137698152
4559 0.1626073684658122 1.606733648213597
4560 0.162605718361973 1.607197178448383
4561 0.1626042069442684 1.607660337765859
4562 0.1626024788301998 1.608123292849171
4563 0.1626007871335451 1.608585972669216
4564 0.1625989789546061 1.609048451288735
4565 0.1625968960577224 1.609510619334473
4566 0.1625948788439772 1.609972800927437
4567 0.1625929277051555 1.610434756944387
4568 0.1625908860034698 1.610896996423782
4569 0.1625887524894655 1.611359011828863
4570 0.1625865668699444 1.611820782424326
4571 0.1625844118967197 1.612282199803724
4572 0.1625819666980223 1.612743151424097
4573 0.1625796363507838 1.613204457552583
4574 0.1625773253651257 1.613665999021051
4575 0.1625751650554837 1.614127095579047
4576 0.1625725762121837 1.614588155471637
4577 0.1625697579136439 1.615049001871324
4578 0.1625672691638554 1.615509531012206
4579 0.1625646240693103 1.61596974269209
4580 0.1625619707993364 1.616429963700603
4581 0.1625593969971646 1.616890298991947
4582 0.162556394708408 1.617350498875156
4583 0.1625535703726582 1.617810291373785
4584 0.1625505991694171 1.618270173857782
4585 0.1625476963588983 1.618729989858336
4586 0.1625447965948642 1.619189609231019
4587 0.162541760564488 1.619649070985133
4588 0.1625386807876134 1.620108403455889
4589 0.1625356784281374 1.620567626625639
4590 0.1625327256151248 1.621027926549293
4591 0.1625295023542053 1.621486673179585
4592 0.1625260945860325 1.621945352094458
4593 0.1625227442846028 1.62240403476335
4594 0.1625193813979377 1.622862436029789
4595 0.1625161605919767 1.623320682735356
4596 0.1625127024824423 1.623778867801753
4597 0.1625090774508407 1.624237080499597
4598 0.1625054612747889 1.624695194206967
4599 0.1625019682752379 1.625153098024387
4600 0.1624984418691852 1.625610844235899
4601 0.1624938916742681 1.626066787524024
4602 0.1624903931784698 1.626524263648826
4603 0.1624868374053328 1.626981929427882
4604 0.1624828654090409 1.627439717287836
4605 0.1624789625557434 1.627897171876127
4606 0.1624751729216123 1.628354450100277
4607 0.1624714759580292 1.628811470447575
4608 0.1624676257991168 1.629268411878025
4609 0.1624635548413502 1.629725314138268
4610 0.1624593041040562 1.630181984414633
4611 0.1624550969332519 1.630638386055497
4612 0.1624512171815988 1.631094908785103
4613 0.1624468517447315 1.63155087520888
4614 0.1624428721058703 1.632007616794122
4615 0.1624385469474269 1.632463615391651
4616 0.1624343294336079 1.632919378352411
4617 0.1624299397778451 1.633375025029061
4618 0.1624253517819113 1.633830349727941
4619 0.162421707481139 1.634288671541025
4620 0.1624168177392094 1.634742976306979
4621 0.1624116790211706 1.635196398356669
4622 0.1624070888815863 1.635650961096408
4623 0.1624023493065721 1.636105509652104
4624 0.1623973584001812 1.636560211195607
4625 0.1623927478547406 1.637015504600795
4626 0.1623882113771457 1.637470336872719
4627 0.1623831730312888 1.63792467193052
4628 0.1623785325010847 1.63837879055702
4629 0.1623735387621434 1.638832780012224
4630 0.1623683931790248 1.639286575927021
4631 0.1623632583632895 1.639740233485914
4632 0.1623579770139777 1.640193794090298
4633 0.1623527918245964 1.640647286771605
4634 0.1623477420108428 1.641100576570665
4635 0.16234267596938 1.641553589821638
4636 0.1623372290139452 1.642006653319221
4637 0.1623316702956689 1.642459712849992
4638 0.162326221302421 1.642912464558896
4639 0.1623209311567885 1.643365101462863
4640 0.1623155370280089 1.643817664705159
4641 0.162310396568954 1.644271103402031
4642 0.1623047138205453 1.644723371702235
4643 0.1622987777196467 1.645175395557469
4644 0.1622929581052184 1.645627349539269
4645 0.1622875954342856 1.646079307629949
4646 0.1622816163432109 1.646530543089022
4647 0.1622759611773282 1.646982268853729
4648 0.1622700429885768 1.647433797098479
4649 0.1622642435546743 1.647885189494682
4650 0.1622583353803685 1.648336277858347
4651 0.1622522183042343 1.648787031230116
4652 0.1622460755235276 1.649237897586844
4653 0.1622397819449009 1.6496883816194
4654 0.1622338577364738 1.650139347504999
4655 0.1622276499102988 1.650589980887001
4656 0.1622217578396531 1.651040356645294
4657 0.162214708243428 1.651489132721869
4658 0.1622084442883669 1.651939238739056
4659 0.1622022494671037 1.652389412168233
4660 0.162195814994858 1.652839454257451
4661 0.1621895404101517 1.653289436933895
4662 0.1621833407441453 1.653739118083341
4663 0.1621768161593042 1.654187229296715
4664 0.1621699580451051 1.654636688720964
4665 0.1621631253650709 1.655086264904613
4666 0.1621566455297013 1.655535542179932
4667 0.1621501169510318 1.655984602189306
4668 0.1621435158910212 1.656433514591192
4669 0.1621366854815089 1.656882397418019
4670 0.1621298927608833 1.657330950439336
4671 0.1621229404112328 1.657779267173621
4672 0.1621160749412264 1.658227542963872
4673 0.1621090108907904 1.658675740327698
4674 0.1621021627352374 1.659123665238686
4675 0.1620951228827515 1.65957141160416
4676 0.1620879662899813 1.660019023731197
4677 0.1620807240063989 1.660466654857247
4678 0.1620734903478278 1.660913993528294
4679 0.1620664553594484 1.661361233211748
4680 0.1620591076368764 1.661808455384959
4681 0.1620517413957152 1.662255558637127
4682 0.1620442986543641 1.662702293480923
4683 0.1620369559809204 1.663148741514368
4684 0.1620295937798962 1.663595192767807
4685 0.1620221576330187 1.664041312417499
4686 0.1620145268917335 1.664487361502477
4687 0.1620066914181196 1.664933261079454
4688 0.1619987289384479 1.665379289607584
4689 0.161991103928963 1.665825360878231
4690 0.161983518463177 1.666270696163414
4691 0.1619758125040217 1.666716645918129
4692 0.1619680749566124 1.667162186417612
4693 0.1619601288797431 1.667607540908647
4694 0.1619519472401947 1.668052270664827
4695 0.1619440920403508 1.668496931054119
4696 0.1619363497294086 1.668941951409959
4697 0.161928241961584 1.669386889970858
4698 0.1619203092681419 1.669831256701171
4699 0.1619121366005158 1.670275943813074
4700 0.1619040645678862 1.670720214313411
4701 0.1618956223602557 1.671164371970094
4702 0.1618875339407285 1.671608415589946
4703 0.1618792059576735 1.672052204621345
4704 0.1618707248920045 1.672495832222393
4705 0.1618622899799987 1.672939262850056
4706 0.1618538754759489 1.673382475105764
4707 0.1618456333279545 1.673825617620859
4708 0.1618368994170545 1.67426881116156
4709 0.1618282000828273 1.674711854035744
4710 0.1618194634943805 1.675154639983558
4711 0.1618115527828256 1.675598923742685
4712 0.161802676810382 1.676041073406028
4713 0.1617939001576445 1.676483210129874
4714 0.1617849225714073 1.676925196423632
4715 0.1617760031027144 1.677366940437702
4716 0.1617670452976887 1.677808751325796
4717 0.1617580683819091 1.678250530887835
4718 0.1617491721259318 1.678692098412491
4719 0.1617401663577453 1.67913347435609
4720 0.1617310138008247 1.679574731359439
4721 0.1617219027442146 1.68001594445945
4722 0.1617128061298826 1.680456923564866
4723 0.1617034915072347 1.680897809871418
4724 0.1616940485284174 1.681338238128516
4725 0.1616849698015124 1.681779344948733
4726 0.1616755713993942 1.682220138065573
4727 0.1616667070189252 1.682660475318326
4728 0.1616573094897565 1.683100638252336
4729 0.1616478624419329 1.683540619318308
4730 0.1616382067589245 1.683980433701089
4731 0.1616283871860742 1.684420142501195
4732 0.1616190332322752 1.684859723855475
4733 0.161609429434506 1.685299315221358
4734 0.1615999359399267 1.685738596173433
4735 0.1615902312736536 1.686177736145836
4736 0.1615804956453649 1.686616719217418
4737 0.161574673219406 1.687065293800373
4738 0.1615643306306902 1.687507047399904
4739 0.1615501173732576 1.687924801159283
4740 0.161543284654735 1.688381839017678
4741 0.1615298585087765 1.688807770392671
4742 0.161519390986211 1.689236773392744
4743 0.1615131528734729 1.689696704692119
4744 0.1614995744612801 1.690114118076645
4745 0.1614926091850253 1.690571736308622
4746 0.1614791906665443 1.690996259106199
4747 0.1614687118485662 1.691424847657235
4748 0.1614630154545645 1.691886372285
4749 0.1614481680958831 1.692300206301505
4750 0.1614421438508553 1.692760094782438
4751 0.161427241400563 1.693180442560604
4752 0.1614214747605365 1.693632812130259
4753 0.1614063217854576 1.694052784849136
4754 0.1614003979481944 1.694504497848108
4755 0.1613853841409271 1.694923664391171
4756 0.1613792387196757 1.695375148064898
4757 0.1613639954846288 1.695794584936915
4758 0.1613578557530417 1.696246169171905
4759 0.1613424334005736 1.696665234418502
4760 0.1613360114490691 1.697116346824632
4761 0.16132051881464 1.697535513249865
4762 0.1613145701537771 1.697986696218144
4763 0.1612989939394609 1.698405420565096
4764 0.1612925635452188 1.698856334439569
4765 0.161277060406608 1.69927506713193
4766 0.1612705445801535 1.699725415704395
4767 0.1612549455139634 1.700143468546332
4768 0.1612485297940236 1.700593770957452
4769 0.1612327357772942 1.701011952363073
4770 0.161226090682169 1.701462040543283
4771 0.1612104550268909 1.701879554096648
4772 0.1612036979725682 1.702329086596153
4773 0.1611878850890788 1.702746632386665
4774 0.1611809779005317 1.703195774564648
4775 0.161164902450548 1.703612705167108
4776 0.161158017151262 1.704061629375236
4777 0.1611420966512231 1.704478589232417
4778 0.1611297251603785 1.704901794781951
4779 0.161122082662694 1.705357450265518
4780 0.1611076053620016 1.705777289433792
4781 0.1610994829986147 1.706224062566219
4782 0.1610847268983438 1.706642078699479
4783 0.1610725456660473 1.707065671270767
4784 0.1610644192723346 1.707517228762194
4785 0.1610495276112835 1.707939663414406
4786 0.1610374190770484 1.708363509591543
4787 0.1610293602260718 1.708816922590802
4788 0.1610144571106034 1.709234492486411
4789 0.1610018608309985 1.70965686931993
4790 0.1609930425624405 1.710108662784841
4791 0.160978647997585 1.710527131823637
4792 0.1609693555803098 1.71096953813534
4793 0.1609544687528031 1.711386210510587
4794 0.160942215337771 1.711811029255996
4795 0.1609322537174333 1.712258475928658
4796 0.1609173772653042 1.712675696331163
4797 0.1609077135471351 1.713117217733259
4798 0.1608927850188006 1.713533638585774
4799 0.1608797382227846 1.713954087030325
4800 0.1608700665002351 1.714400677155637
4801 0.1608549502711379 1.714821939349403
4802 0.1608421020184313 1.71524284323498
4803 0.1608329325222126 1.715693063865792
4804 0.1608179075212869 1.716109138155561
4805 0.1608083881485422 1.716550054353394
4806 0.1607927751220594 1.716964021550819
4807 0.1607799829948143 1.71738682926149
4808 0.1607695525331057 1.717832650525891
4809 0.1607540041604213 1.718247222529781
4810 0.1607441252695342 1.718686818731933
4811 0.1607283621054801 1.719100783557485
4812 0.160719067622206 1.719542130371847
4813 0.160702253743429 1.719954638215646
4814 0.1606925431676517 1.720394546443693
4815 0.1606756529358584 1.720799765722796
4816 0.1606657542649691 1.721246405628173
4817 0.1606490388977074 1.721659676364714
4818 0.1606395948843848 1.722099619610079
4819 0.1606228289649828 1.722511527090379
4820 0.1606100064061199 1.722934669205893
4821 0.1606011127804195 1.723379914747608
4822 0.1605832864064473 1.723787480493523
4823 0.1605690782772498 1.724211050710732
4824 0.1605557061390715 1.724637383474023
4825 0.1605468742918559 1.725083199967508
4826 0.1605296820952145 1.725489591744302
4827 0.1605157286627118 1.725912158794862
4828 0.1605066791732641 1.72635685841022
4829 0.1604888328745421 1.726762811969571
4830 0.1604744066547864 1.727184723692162
4831 0.1604647876807944 1.727625335762186
4832 0.1604466937846705 1.728031575077328
4833 0.1604375015669482 1.728471084900662
4834 0.1604190802944447 1.728879122117974
4835 0.160404947390307 1.729301221281375
4836 0.1603960004971659 1.729745181813007
4837 0.1603777347510221 1.730149226997924
4838 0.1603632305010219 1.730569766059081
4839 0.1603499397062121 1.730990080201973
4840 0.1603398443753065 1.731436696801559
4841 0.1603214936645874 1.731840823356144
4842 0.1603073526346486 1.732261449801403
4843 0.1602941220379068 1.732680903298999
4844 0.1602838092631052 1.733126253089689
4845 0.1602651667020435 1.733529127568956
4846 0.1602501885750176 1.733947880480355
4847 0.1602366426771275 1.734366459447562
4848 0.1602262052283255 1.734811070025557
4849 0.1602076452919548 1.735213474104433
4850 0.1601928113126782 1.735631504151676
4851 0.1601776259290182 1.736046053946586
4852 0.1601665949923078 1.736489503621996
4853 0.1601486183056405 1.736893500727344
4854 0.1601337581894266 1.737310995836995
4855 0.1601197354952204 1.737727417052439
4856 0.1601088687876514 1.738170184317096
4857 0.1600906612085717 1.738573594575839
4858 0.1600752930154755 1.738990436912117
4859 0.1600607364023945 1.739409816306078
4860 0.1600502881046918 1.739844828974532
4861 0.1600356787193018 1.74026427412299
4862 0.1600164518833693 1.740665808884547
4863 0.160004871621087 1.741099195685561
4864 0.1599858561065234 1.741500595203816
4865 0.1599700711987763 1.74191691642043
4866 0.159955352636251 1.742331881915706
4867 0.1599444381836826 1.742770409046803
4868 0.1599253802820831 1.743173739171383
4869 0.1599143892217467 1.743608608090157
4870 0.159895663789482 1.744008738272194
4871 0.1598799451906308 1.744423681432346
4872 0.1598645338848529 1.744841089005375
4873 0.1598495211455574 1.745254907969011
4874 0.1598379297978478 1.7456946739985
4875 0.1598191359430005 1.746093392007596
4876 0.1598031565771578 1.746506790436611
4877 0.1597875543038974 1.746922781159249
4878 0.1597760437609411 1.747355188967662
4879 0.1597562101602248 1.747754226229733
4880 0.1597441454936612 1.748183258998863
4881 0.1597246359758193 1.74858450553102
4882 0.1597086073980518 1.748997979809616
4883 0.1596930913352864 1.749413294889747
4884 0.1596778052589596 1.749824758295083
4885 0.1596654235571445 1.750262296386416
4886 0.1596450895589994 1.750656942360845
4887 0.1596288248607846 1.751068107162526
4888 0.1596132013122498 1.751482607308299
4889 0.1596040231404809 1.751918793693727
4890 0.1595827303197554 1.752314332551906
4891 0.1595710358058278 1.752745684801574
4892 0.1595487477022622 1.753136248072898
4893 0.1595361822500059 1.753564854254269
4894 0.1595161112015895 1.753959737962114
4895 0.1594993209065491 1.754370436569224
4896 0.1594836149333878 1.754779893307782
4897 0.159471521521323 1.755216898512327
4898 0.1594515772559262 1.755611460199863
4899 0.1594346396535473 1.756021356675704
4900 0.1594186545098602 1.756430229570161
4901 0.159406338898924 1.756866497626612
4902 0.1593861823922398 1.757260114417949
4903 0.1593693485354775 1.757668631219229
4904 0.1593532682385525 1.758076195071952
4905 0.1593405215338498 1.758507575145822
4906 0.1593198451893526 1.758902560924541
4907 0.1593071405174432 1.759329901774409
4908 0.1592864471223724 1.759722434239527
4909 0.1592736116229941 1.760148527007185
4910 0.1592528412075844 1.760540382539911
4911 0.1592354089347431 1.760947680212647
4912 0.1592186236282142 1.761357843343203
4913 0.1592061066548963 1.761784346374941
4914 0.159185027874878 1.762177216366971
4915 0.1591720232547786 1.762603756033547
4916 0.1591520806491832 1.762996654721507
4917 0.1591342971082808 1.763403763654519
4918 0.1591173066569559 1.763812614857576
4919 0.1591003044846232 1.764221205564702
4920 0.1590834160381027 1.764629441757475
4921 0.1590662398356682 1.765037480319777
4922 0.1590490809298212 1.765445189239471
4923 0.1590317807042817 1.765852606068796
4924 0.15901459105983 1.766259914263056
4925 0.1589973914999407 1.766667197206931
4926 0.1589801855384454 1.767074101391875
4927 0.1589636533718508 1.767482869574891
4928 0.1589460984217607 1.767889475640703
4929 0.1589282021429302 1.768295469896319
4930 0.1589108083601403 1.76870131461014
4931 0.1588930142679608 1.769106305269888
4932 0.1588756421955128 1.769511721028055
4933 0.1588579471790715 1.769917106217949
4934 0.1588401860304087 1.770322004686714
4935 0.158822214010948 1.770726169857131
4936 0.1588044800946632 1.77113094880428
4937 0.1587865741511342 1.771535116535415
4938 0.1587687249093804 1.771939817800146
4939 0.1587510764386865 1.772343983239665
4940 0.1587331231162403 1.772747871911378
4941 0.1587152236268029 1.77315155627354
4942 0.1586973139444708 1.773554609792011
4943 0.158679391772305 1.773957894917094
4944 0.1586613450267298 1.774361120197971
4945 0.1586429803665199 1.774764184977787
4946 0.1586249625058389 1.775166782183724
4947 0.1586068592619627 1.775569122845696
4948 0.1585887665077164 1.775971243249437
4949 0.1585704242965829 1.776373370445634
4950 0.158552130954502 1.776775208773359
4951 0.1585336720061269 1.777176853764069
4952 0.1585154223835042 1.777578324805658
4953 0.1584971124994899 1.777979661670545
4954 0.1584787742313307 1.77838067816442
4955 0.1584604117855319 1.778781463678923
4956 0.1584418730445651 1.779182070163486
4957 0.1584231112256124 1.779582663179105
4958 0.1584044785361757 1.779982527790122
4959 0.1583861081084675 1.780382815070409
4960 0.1583675520783126 1.780782945658599
4961 0.1583491682194864 1.781182784013568
4962 0.1583304339026982 1.781582185862509
4963 0.1583116890880794 1.781981226068829
4964 0.1582929244280019 1.782380119252141
4965 0.1582739973062062 1.782778973175094
4966 0.1582552545927017 1.783177529370666
4967 0.1582364304100805 1.783575781464192
4968 0.1582173848471932 1.783971849396915
4969 0.1581982365358826 1.784369863107599
4970 0.1581793332958369 1.784767856077183
4971 0.1581602996827645 1.785165728775396
4972 0.158141426513863 1.785563545736691
4973 0.1581223209775688 1.785961057811689
4974 0.1581033539063027 1.786358123629436
4975 0.1580843281624805 1.786754797063129
4976 0.1580650687541362 1.787151338393232
4977 0.15804698050886 1.787550910860451
4978 0.1580277444259479 1.787947406316469
4979 0.1580083161432225 1.788342853854963
4980 0.1579890734391543 1.78873810011616
4981 0.1579695365708692 1.789133160500202
4982 0.157949980257418 1.789527760730059
4983 0.1579303255588322 1.789922280538332
4984 0.1579107795088024 1.790316933800624
4985 0.1578910164226243 1.790711024346856
4986 0.1578716442543966 1.791105410127697
4987 0.1578520823033141 1.791499158253664
4988 0.1578326692583622 1.791893236310843
4989 0.1578128135314924 1.792287001172906
4990 0.1577929014743587 1.792680187507241
4991 0.1577732349680814 1.793073495485772
4992 0.1577539311066023 1.793466597296734
4993 0.1577340781602511 1.793859675614071
4994 0.1577143750651412 1.794252271436429
4995 0.1576943986947842 1.794644549274409
4996 0.1576746273427333 1.795036635222412
4997 0.1576546307775131 1.79542868899401
4998 0.1576347492621793 1.795820433853187
4999 0.1576148196955164 1.796211984762939
5000 0.1575948540729651 1.796603307863431
5001 0.1575744751318334 1.796994041010737
5002 0.1575545986317146 1.797384903504661
5003 0.1575345944177389 1.797775482772649
5004 0.1575144703231436 1.798166000693058
5005 0.1574942102487275 1.79855646610668
5006 0.1574742363962623 1.798947434830156
5007 0.1574543934659662 1.799338549436213
5008 0.157434437244829 1.799728327353589
5009 0.1574140159883442 1.800117669175517
5010 0.1573939213135266 1.800506533698285
5011 0.157373337209568 1.800895092924196
5012 0.1573527819376045 1.801283359894814
5013 0.1573323085297443 1.801671555322864
5014 0.1573117234669867 1.80205956822177
5015 0.157291473517831 1.8024473721639
5016 0.1572708260095609 1.802835112777611
5017 0.1572501700642515 1.803222660336391
5018 0.1572294957678166 1.803609949034042
5019 0.1572089920746143 1.803996944146103
5020 0.1571883831231015 1.804383804642199
5021 0.157167749859234 1.804770582080825
5022 0.1571469500633816 1.805156995961571
5023 0.1571262386982796 1.805543114883149
5024 0.1571054538317672 1.805929141000876
5025 0.1570846055810002 1.806315041253246
5026 0.1570638612401991 1.80670063964532
5027 0.1570430370745202 1.807085937118047
5028 0.1570221084448532 1.807471017697394
5029 0.1570018101096825 1.807857040773461
5030 0.1569810755161616 1.80824174245593
5031 0.1569597536822458 1.808625707881848
5032 0.1569387257747809 1.809009703132056
5033 0.156917462303369 1.809393631981694
5034 0.1568960079176274 1.809776585289483
5035 0.1568744909731244 1.810159037066084
5036 0.1568531540324422 1.810541702746894
5037 0.1568318704278257 1.810924832112756
5038 0.1568107161324979 1.811307921983417
5039 0.1567896776774748 1.811690682006176
5040 0.1567686218971739 1.81207331307025
5041 0.1567474468719491 1.812455829455356
5042 0.1567262231768072 1.812837881611021
5043 0.156704770038403 1.813218042201503
5044 0.1566831142893164 1.813599660024003
5045 0.1566618432914819 1.813981437543357
5046 0.1566407901242881 1.814362729591507
5047 0.1566194016259369 1.814743564921138
5048 0.1565980001049629 1.815124120425777
5049 0.1565762328528454 1.815504689330561
5050 0.1565546187710781 1.815884730025359
5051 0.1565330939819968 1.816264444835969
5052 0.1565115965978525 1.816643901326032
5053 0.1564898762423153 1.817023230172667
5054 0.1564682402433754 1.817402241331637
5055 0.1564464156882308 1.817780947043433
5056 0.1564245044763105 1.818159487834853
5057 0.1564027172158936 1.818537879474429
5058 0.156381029427045 1.818915859100523
5059 0.1563592420830977 1.819293609604424
5060 0.1563372789700602 1.819671233174933
5061 0.1563151000142659 1.820048641298266
5062 0.15629338605572 1.820425770225396
5063 0.1562713707198697 1.820802616919426
5064 0.1562494568967765 1.821179337836889
5065 0.1562274363501369 1.821555897690964
5066 0.1562052709029116 1.821931857944657
5067 0.1561830907665302 1.822307474508085
5068 0.1561613215229577 1.822683391761509
5069 0.156138930300127 1.823058682349836
5070 0.1561168159262562 1.823433901217205
5071 0.1560946348231454 1.823808790641259
5072 0.1560722526392176 1.824183466337692
5073 0.1560499767919296 1.824557975862107
5074 0.1560278081659587 1.824932110771497
5075 0.1560056289884922 1.825305829352227
5076 0.1559831335681629 1.825679460587327
5077 0.1559604522762525 1.82605329309891
5078 0.1559380342968493 1.826426661741997
5079 0.155915676967898 1.826799576396458
5080 0.1558934447798251 1.827172345613565
5081 0.1558709211708514 1.827545002476761
5082 0.1558485705381635 1.82791730237661
5083 0.1558257917872158 1.828289186275783
5084 0.1558030176028475 1.828660449085274
5085 0.1557805004938118 1.829032307821984
5086 0.1557581242310442 1.829403625626801
5087 0.1557354834452875 1.829774624967449
5088 0.1557129066056354 1.830145411585575
5089 0.1556900268991227 1.830515953905272
5090 0.1556673232066598 1.83088600325421
5091 0.1556444730693895 1.831255801995501
5092 0.155621452212194 1.831625622111027
5093 0.1555985499979531 1.83199515282418
5094 0.1555757682554952 1.832364587678415
5095 0.1555529760625274 1.832733594722397
5096 0.1555303917646315 1.833102378595668
5097 0.1555073593702221 1.833470982865282
5098 0.155484371171997 1.833839223491309
5099 0.1554611672569786 1.834207143214345
5100 0.1554381360053968 1.834574847646662
5101 0.1554150280587151 1.834942440800341
5102 0.155392049692635 1.835309464180429
5103 0.1553684528987368 1.835674529354044
5104 0.1553452089766857 1.836041136476233
5105 0.1553219673662933 1.836407996042578
5106 0.155299795245625 1.836776282826132
5107 0.1552766936023017 1.837142298823302
5108 0.1552534635579902 1.837507937202363
5109 0.1552301346459483 1.837873475923518
5110 0.1552066389775921 1.838238636371637
5111 0.155182982525477 1.838603128788592
5112 0.1551598959017223 1.838968075226602
5113 0.1551365641352017 1.839332808543979
5114 0.1551135450922015 1.839697015925484
5115 0.1550900675470148 1.840060816044904
5116 0.1550665229557431 1.840424237728486
5117 0.1550429028850402 1.840787514588941
5118 0.1550192914372566 1.841150534620831
5119 0.1549959140606974 1.841513268493795
5120 0.1549723778275385 1.841875861483904
5121 0.1549487277007106 1.842238200588761
5122 0.1549252766872231 1.842601024406127
5123 0.1549017124037902 1.842962855218835
5124 0.1548779506022197 1.843324361250314
5125 0.1548544331968212 1.843685681347868
5126 0.1548305431529933 1.844046598713486
5127 0.1548069822303552 1.844407290070448
5128 0.1547842399073329 1.844772230438522
5129 0.1547649014327573 1.845145041416222
5130 0.1547351544675349 1.845485896058958
5131 0.1547107802460674 1.84584364417467
5132 0.1546861363016792 1.846202116053375
5133 0.1546629056168165 1.846559875520912
5134 0.1546388003842163 1.846918734758133
5135 0.154615013910954 1.847278206103319
5136 0.1545912872077591 1.847637758802539
5137 0.1545665476847735 1.847998973701289
5138 0.1545430668616819 1.848358187896884
5139 0.1545196282516479 1.848716362991361
5140 0.154496168343923 1.849073874449276
5141 0.1544724148224634 1.849431480820367
5142 0.154448587950767 1.849788478447146
5143 0.154424529701927 1.850144856958789
5144 0.1544001731805733 1.850500562129704
5145 0.1543758750974744 1.850856067392663
5146 0.1543515967993785 1.851211503529642
5147 0.1543268817653015 1.851565793084573
5148 0.1543025979095818 1.8519206546691
5149 0.1542782785201638 1.852276027812201
5150 0.15425442816778 1.85263102735546
5151 0.1542301560266727 1.85298542011286
5152 0.154205986733541 1.853339725528994
5153 0.1541818455750452 1.853694039699262
5154 0.1541574879355029 1.854047760542818
5155 0.1541330074178533 1.854401107224546
5156 0.1541086504762184 1.85475428188474
5157 0.1540844735330591 1.855107257772256
5158 0.1540600957311047 1.855459981845231
5159 0.1540358318083248 1.855812254896648
5160 0.1540111832109127 1.856164270557682
5161 0.1539870075259025 1.856516757027156
5162 0.1539625001981304 1.856868384068771
5163 0.1539381744804171 1.857219862641544
5164 0.153913603650324 1.857570602698104
5165 0.1538888870632679 1.857920964705097
5166 0.1538640813423956 1.85827094424695
5167 0.1538395042060764 1.858620610108867
5168 0.1538147677307752 1.858970096543437
5169 0.1537898606721204 1.859319626427004
5170 0.1537650825591279 1.859668805863882
5171 0.1537403931748687 1.860017708696839
5172 0.1537157107134608 1.860366352086945
5173 0.1536909654903675 1.860714729294292
5174 0.1536661996387535 1.861062669417651
5175 0.1536412435287772 1.861410457716363
5176 0.1536160495137464 1.861757656983867
5177 0.1535913339008148 1.862105315607934
5178 0.1535665321602179 1.862452527543837
5179 0.1535421046756316 1.862799144644444
5180 0.1535171349664004 1.863145549816833
5181 0.1534920373021877 1.863491679932419
5182 0.1534704510991454 1.863852742181836
5183 0.1534406403538061 1.864178626187488
5184 0.1534199294968619 1.864541634012016
5185 0.1533905821003025 1.864867970941241
5186 0.1533650396505572 1.865211053881903
5187 0.153340767590594 1.865554525030007
5188 0.1533187417602962 1.865920141405432
5189 0.1532899340533535 1.866246304569892
5190 0.1532647246698448 1.866589274149681
5191 0.1532399951515836 1.866933461203899
5192 0.1532149302150386 1.867277141895295
5193 0.1531903759592735 1.867621459668391
5194 0.153165416848672 1.867964473687255
5195 0.1531401834937004 1.86830690005615
5196 0.153115013453505 1.868648919421359
5197 0.153089692642463 1.868990724037117
5198 0.1530643991298096 1.869332096829204
5199 0.1530392208288884 1.869673084368335
5200 0.1530138343656594 1.870013893388482
5201 0.1529884074636087 1.870354468288321
5202 0.1529631151243867 1.870694686453418
5203 0.1529377087566902 1.871034625920842
5204 0.1529122941168573 1.871374257106773
5205 0.1528868498465645 1.871713092266695
5206 0.1528613928589583 1.872052112014092
5207 0.152835871929283 1.872390890636948
5208 0.1528104804068007 1.872729478448187
5209 0.1527848982247895 1.873067802355238
5210 0.1527593453205104 1.873405669520764
5211 0.1527339383917774 1.873743146482658
5212 0.1527083015258912 1.874080464804509
5213 0.1526824570682941 1.874417332629162
5214 0.1526570814525421 1.874754427531292
5215 0.1526314148582674 1.875091083208392
5216 0.1526061539839559 1.87542727437457
5217 0.1525805247689037 1.875763215163546
5218 0.1525549418226284 1.876098590348104
5219 0.1525290000556164 1.876433383080824
5220 0.152503024870779 1.876768335271751
5221 0.1524774092307686 1.877103170387758
5222 0.1524518979040965 1.877437556683216
5223 0.1524262337556311 1.877771517024593
5224 0.1524004066147279 1.878105505998157
5225 0.152374474461365 1.878439336513372
5226 0.1523488816715795 1.87877264988874
5227 0.1523229185540744 1.879105521855138
5228 0.1522973572279764 1.879438275256178
5229 0.1522716133366742 1.879770720572872
5230 0.1522457231395533 1.880102780083789
5231 0.1522198208494387 1.880434433071599
5232 0.1521937898396182 1.880765879356017
5233 0.1521678116010951 1.88109717497938
5234 0.1521419376787808 1.881427994848023
5235 0.1521161949531667 1.881758531538487
5236 0.1520903014025714 1.882088775917328
5237 0.1520641375157279 1.882418781025356
5238 0.1520382076727649 1.882748328069938
5239 0.1520122239525921 1.883077552332981
5240 0.1519862122121766 1.883406610789669
5241 0.1519600728678857 1.883735589563909
5242 0.1519340292431966 1.884064033984312
5243 0.1519079226222312 1.884392185161553
5244 0.1518818577849835 1.884720133527241
5245 0.1518559545919198 1.885047849207852
5246 0.1518298016928136 1.885375270158418
5247 0.1518036629028233 1.885702308949594
5248 0.1517774499169446 1.886029043964609
5249 0.1517513190808421 1.886355466632953
5250 0.1517252689839218 1.886681487921199
5251 0.1516992882109415 1.887007092218927
5252 0.151672988531294 1.887332503492039
5253 0.1516465504888869 1.887657704802723
5254 0.1516215710098453 1.887982399361649
5255 0.1515987328992178 1.888325377524768
5256 0.1515721794393567 1.888648302216277
5257 0.1515405118844094 1.888952762484259
5258 0.1515186220004025 1.889292145895292
5259 0.1514874837928555 1.889597363312584
5260 0.1514605979452194 1.88991811983033
5261 0.1514353064418726 1.890240208492882
5262 0.1514123190583179 1.890583449142623
5263 0.1513818183047843 1.890887879531239
5264 0.1513551433740286 1.891207999380878
5265 0.1513301003232514 1.891529242718837
5266 0.151307286807968 1.891871536175588
5267 0.1512763864805742 1.892174084160091
5268 0.1512494941417491 1.892492975819178
5269 0.1512234260014934 1.892814278525172
5270 0.1512007857002313 1.89315236535641
5271 0.1511708959783702 1.893454106695723
5272 0.1511449597312577 1.893773924686134
5273 0.1511188713772213 1.894091351253208
5274 0.1510953163079401 1.89443019669202
5275 0.1510649418915779 1.894731312098775
5276 0.1510382058690733 1.895048373369344
5277 0.1510128780935888 1.895365827164022
5278 0.1509894109121425 1.895705256359787
5279 0.1509594835935215 1.896002827335364
5280 0.1509368425514842 1.896335825794768
5281 0.1509061209418111 1.896635430550201
5282 0.1508829372466686 1.896969279657219
5283 0.1508528371402298 1.897266653117732
5284 0.15082945069415 1.897599388000515
5285 0.1507994856496071 1.897897418750934
5286 0.1507723475905504 1.89821097794171
5287 0.1507499254548861 1.898545073218121
5288 0.1507190951204197 1.898841785998913
5289 0.1506919998873228 1.899154756510197
5290 0.1506665315431938 1.899468687399417
5291 0.1506390572260446 1.899788574623842
5292 0.150616049953582 1.90011435673696
5293 0.150586104830403 1.900412437168521
5294 0.1505629072015337 1.900739673082646
5295 0.1505328412506281 1.901036933582881
5296 0.1505057588636667 1.901348000370881
5297 0.1504791126632915 1.901660701767783
5298 0.1504524832040302 1.901973088806911
5299 0.1504258720841743 1.902289673605135
5300 0.1504037048408188 1.902609176948909
5301 0.1503727142710347 1.902910444812044
5302 0.1503460780267019 1.903214436656535
5303 0.1503227400519814 1.903538397401277
5304 0.1502919758959196 1.903834220025328
5305 0.1502683513213329 1.904155490297186
5306 0.1502377946911754 1.904452270472137
5307 0.1502144117598197 1.904771613902164
5308 0.1501838610734089 1.905069441264468
5309 0.1501574231329132 1.905374281596015
5310 0.1501307592411698 1.905682949487253
5311 0.1501036274117314 1.905997249846143
5312 0.1500806070758843 1.906315606237665
5313 0.1500503160501944 1.906609236916391
5314 0.1500232404219782 1.906913743056262
5315 0.1499969531713917 1.907221036857411
5316 0.1499701328745395 1.907527622122844
5317 0.1499434042299112 1.90783377182494
5318 0.1499175193627415 1.908138207782986
5319 0.1498892010201858 1.908444245546115
5320 0.1498634417198216 1.908749543226969
5321 0.1498351451864154 1.909054922197155
5322 0.1498087244797131 1.909359251922422
5323 0.1497828588411957 1.909661878003807
5324 0.1497548582231105 1.909966047469025
5325 0.1497288031806319 1.910268314077736
5326 0.1497006446484728 1.910571711019663
5327 0.1496737589966054 1.910874023204069
5328 0.1496476696648157 1.911174932867803
5329 0.1496202760546116 1.911476268820847
5330 0.1495920559060916 1.91177901876731
5331 0.1495662269069858 1.912079544804084
5332 0.1495383584642955 1.91238143108049
5333 0.1495124477159971 1.912681184089954
5334 0.1494852539869133 1.91298092114557
5335 0.1494570571071266 1.913281926409206
5336 0.1494301660700934 1.913581605855853
5337 0.1494041734571461 1.913879381937389
5338 0.1493768478212895 1.914177627835764
5339 0.1493496867090645 1.914476309317183
5340 0.1493211824391284 1.914775604519969
5341 0.1492943746352686 1.915074074725693
5342 0.1492685690979925 1.915370445549027
5343 0.1492413957477233 1.915667397365807
5344 0.1492142036891715 1.91596446319141
5345 0.1491858757475149 1.916262668277507
5346 0.1491588973409442 1.916558962396064
5347 0.1491329466720578 1.916853868284865
5348 0.1491059062002441 1.917149289956276
5349 0.1490774112360079 1.917445886869412
5350 0.149051421761462 1.917739720623627
5351 0.1490234105502347 1.918035699827043
5352 0.1489972583741425 1.918329309225908
5353 0.1489698500915292 1.918623350762825
5354 0.1489417585165104 1.918918253981766
5355 0.1489149534181299 1.91921195670853
5356 0.1488889818771375 1.919503828061164
5357 0.1488614371322148 1.91979645629139
5358 0.1488339004764409 1.920089090333719
5359 0.1488062640363433 1.920386315201494
5360 0.1487822765580602 1.920687446739172
5361 0.1487519824554219 1.92096503618404
5362 0.1487275186799309 1.921268301949993
5363 0.1486972109660953 1.921545152630693
5364 0.1486697210505351 1.92184078192068
5365 0.1486427832406892 1.922125206635974
5366 0.148615492198846 1.922414414860692
5367 0.1485884615205251 1.922710738491388
5368 0.1485611149578111 1.922998346587964
5369 0.1485372092980673 1.923293745142907
5370 0.1485065276042494 1.923570618361981
5371 0.1484788439601319 1.923857915607612
5372 0.148451783432538 1.924146903303285
5373 0.1484279533627853 1.924448642601777
5374 0.1483976799699665 1.924722896905771
5375 0.1483733858719466 1.925021282346345
5376 0.1483427101168927 1.925296706230053
5377 0.1483183217638403 1.925593194761682
5378 0.1482880034159803 1.925869257577805
5379 0.1482637784422133 1.926164042138238
5380 0.148233252417217 1.926440977644934
5381 0.148206886552831 1.926723516422925
5382 0.1481815793778931 1.927023616087776
5383 0.1481519149638333 1.927296086573834
5384 0.1481250390420951 1.927581839915661
5385 0.1481004984690243 1.927874656720597
5386 0.1480701064945026 1.928146975662574
5387 0.1480427969688916 1.928429065259599
5388 0.1480157095972002 1.928712337343663
5389 0.1479887622670828 1.929002007018385
5390 0.147961680302806 1.929278999702781
5391 0.1479340085501072 1.929560068140352
5392 0.1479069990760657 1.929842516979757
5393 0.1478802354948563 1.930127945955929
5394 0.1478563805869654 1.930416349849719
5395 0.1478252246226577 1.930685129345432
5396 0.1478015209943105 1.930977630046424
5397 0.1477698089512645 1.931244680212501
5398 0.1477459885671139 1.931535787717008
5399 0.1477151895605887 1.931802730367503
5400 0.1476914553852564 1.932093449147086
5401 0.1476603157860136 1.932359946119986
5402 0.1476362891510498 1.932651688672194
5403 0.1476056121878697 1.932916073916825
5404 0.1475815940599741 1.933207342814017
5405 0.1475513885001787 1.933472169752893
5406 0.1475239939278159 1.933748626011996
5407 0.1474968014440883 1.934025825010257
5408 0.1474697809366129 1.934303539779689
5409 0.147442745176293 1.934580591830776
5410 0.1474157897991106 1.934857083427444
5411 0.1473888392066931 1.935133035581937
5412 0.1473616536412375 1.935408554041767
5413 0.14733756630352 1.935696380554774
5414 0.1473069734612527 1.935957483815154
5415 0.1472827394974567 1.936242403452912
5416 0.1472518364434419 1.936504380219679
5417 0.1472275403977876 1.936788073952924
5418 0.147196882269622 1.937050055737928
5419 0.1471723724089085 1.93733228971244
5420 0.1471418021856939 1.937595201495367
5421 0.1471176551984234 1.937876062400441
5422 0.1470871719794863 1.938139328458758
5423 0.1470607815875852 1.938408359005976
5424 0.1470354809592192 1.93869306924474
5425 0.1470053036394691 1.938954482177123
5426 0.1469780985672738 1.93922356607098
5427 0.1469513238423579 1.939493940373008
5428 0.1469250107619643 1.939763868728993
5429 0.1468999486943046 1.940048633144923
5430 0.1468697291085161 1.940305850841961
5431 0.1468424674360363 1.940573419831551
5432 0.1468154318319143 1.940842121775181
5433 0.1467881937575077 1.941110976204551
5434 0.1467609705598756 1.941379455641561
5435 0.1467366200428858 1.941660525448251
5436 0.1467066222684129 1.941915085137316
5437 0.1466791055796236 1.942181062651527
5438 0.1466519480531165 1.942448179458604
5439 0.1466247917248626 1.942715110460795
5440 0.1465975369943582 1.942981658499995
5441 0.1465733478651626 1.943260449307284
5442 0.1465429988243593 1.943512216598033
5443 0.1465189266608538 1.943789582743884
5444 0.1464882497497885 1.94404050924767
5445 0.1464640606113666 1.944318014598838
5446 0.1464332835507309 1.944568471280426
5447 0.1464094069216109 1.944845227090997
5448 0.1463786715492789 1.945095261382574
5449 0.1463547319829293 1.945371501395932
5450 0.1463239476799947 1.94562133400729
5451 0.1462975566367561 1.945881636701978
5452 0.1462728443475469 1.946160322298677
5453 0.1462421214609231 1.946409373799936
5454 0.146216066007449 1.94666885606743
5455 0.146191588470595 1.946946362148295
5456 0.1461609414311904 1.947194351549222
5457 0.1461370032996765 1.947467603825642
5458 0.1461065029963642 1.947714777033004
5459 0.1460793535585906 1.947973244427489
5460 0.1460563378792286 1.948246627675528
5461 0.1460292490131756 1.948505114834061
5462 0.1459974581117352 1.948752133934048
5463 0.1459739346488335 1.94902186366582
5464 0.1459429344431202 1.949268561702966
5465 0.145919378781338 1.949539724006876
5466 0.1458889815592774 1.94978438097016
5467 0.1458652716004424 1.950054665449582
5468 0.1458346171508282 1.950298496290586
5469 0.1458107785164485 1.950568398497929
5470 0.1457803281589728 1.950811632422466
5471 0.1457565717485291 1.951080767698739
5472 0.1457260877931983 1.951323552741859
5473 0.145702271681026 1.95159219642975
5474 0.1456717162278554 1.951834389141063
5475 0.1456481218538226 1.952102030793773
5476 0.1456177685293816 1.95234359560161
5477 0.1455940413794773 1.952610663582032
5478 0.1455634238449652 1.952851754604587
5479 0.1455395236970028 1.953118025376612
5480 0.1455091301012645 1.953358600508724
5481 0.1454854674498783 1.953624249144886
5482 0.145455162342791 1.953864246628142
5483 0.1454314617422548 1.954129053570303
5484 0.1454009578066051 1.954368268756053
5485 0.1453771266261215 1.954632627188638
5486 0.1453467679567649 1.954871368042959
5487 0.1453231314850706 1.955134857370262
5488 0.1452927395068374 1.955373026152809
5489 0.145266440335234 1.955621518262415
5490 0.1452418294444201 1.955887598754911
5491 0.1452113962456164 1.956124180447353
5492 0.1451842715612946 1.956371732740515
5493 0.1451582793110097 1.956621042905331
5494 0.1451339861445493 1.95688612729407
5495 0.145104005358247 1.957121077195928
5496 0.1450769019442733 1.957368312377581
5497 0.1450536776288303 1.957629545185418
5498 0.145026499916194 1.95787718222387
5499 0.1449961655600716 1.958110649024584
5500 0.144972201464583 1.958370241952947
5501 0.1449418123982422 1.958603846357372
5502 0.1449179354796981 1.958862638096366
5503 0.1448880871443477 1.95909553186065
5504 0.1448642692302542 1.959353626885048
5505 0.1448341296033559 1.95958627614624
5506 0.144806962977617 1.959830352293712
5507 0.144783301347534 1.960089510284407
5508 0.1447535615355684 1.960320844303541
5509 0.1447266332117709 1.960563918518332
5510 0.1447030428988177 1.960822117654363
5511 0.1446731715560527 1.961052224199537
5512 0.1446458825291125 1.961294195165034
5513 0.1446223767764482 1.961551634987876
5514 0.144592540045519 1.961780931126087
5515 0.144565428612401 1.962021844107454
5516 0.1445419107009878 1.96227795128478
5517 0.1445119740885764 1.962506330960067
5518 0.1444849048022379 1.96274623497149
5519 0.1444615050659712 1.963001073927511
5520 0.1444315408823032 1.963228367327809
5521 0.144404334114216 1.963467440511885
5522 0.1443808192014885 1.963721415765848
5523 0.1443510981703158 1.963947688046523
5524 0.1443240230124024 1.964185494101858
5525 0.1443004138313481 1.964438408512886
5526 0.1442704953988062 1.964663959623829
5527 0.1442433819875892 1.964900994670875
5528 0.1442174877751936 1.965138725522719
5529 0.1441928799608997 1.96539186631394
5530 0.1441634120897981 1.965616291835447
5531 0.1441366960657029 1.965851914168806
5532 0.1441132055742872 1.96610207929193
5533 0.1440833114206263 1.966325377555934
5534 0.1440562097766946 1.966560510393359
5535 0.1440328703464285 1.966810021529688
5536 0.1440033509757132 1.967032527130818
5537 0.1439765327039734 1.967266560705472
5538 0.14395299821324 1.967515217878156
5539 0.1439232660157988 1.967736688548716
5540 0.1438960808076114 1.967969112438544
5541 0.1438725495135222 1.968217107154802
5542 0.143842964477167 1.96843757538997
5543 0.1438162056195664 1.968669964053649
5544 0.143790926352253 1.968903526298153
5545 0.143766193346078 1.969150842493945
5546 0.1437368919806068 1.969370606957177
5547 0.1437101939497842 1.969600921173275
5548 0.1436866566570467 1.969845917551948
5549 0.1436572541215566 1.970065087447584
5550 0.1436304090703328 1.970294879914598
5551 0.1436068413769018 1.970538644907453
5552 0.1435774511242999 1.970756555705477
5553 0.1435507062005547 1.970985428160065
5554 0.1435270777461458 1.971228406515594
5555 0.1434977050205848 1.971445538674145
5556 0.1434708032294318 1.971673600302875
5557 0.1434473469375445 1.971915778694299
5558 0.143418092652554 1.972131899351583
5559 0.1433917602837114 1.972359677848194
5560 0.1433688150594881 1.972600221941391
5561 0.1433395837915188 1.972814765655598
5562 0.1433149457616402 1.97305417700915
5563 0.1432850429071744 1.973270178622549
5564 0.1432618515837692 1.973508746923543
5565 0.1432325625718159 1.973723188246821
5566 0.1432059400876335 1.973947953326016
5567 0.1431827487593961 1.974186829988852
5568 0.1431535500616657 1.974400163176768
5569 0.1431269476971662 1.974624309460225
5570 0.1431039771766948 1.974862759536991
5571 0.1430746259859148 1.975074979619206
5572 0.1430480005377394 1.975297972304476
5573 0.1430248027161324 1.975535520675878
5574 0.1429955897284486 1.975746756654136
5575 0.142969137791657 1.975968740108297
5576 0.1429463439605792 1.976204125413223
5577 0.1429164851878277 1.976415154881406
5578 0.1428932373835866 1.976648460805022
5579 0.1428636343378203 1.976859549685978
5580 0.1428403638379516 1.977093090939303
5581 0.1428111113440615 1.977302742245514
5582 0.1427849103538964 1.977522989674677
5583 0.1427594802765983 1.977743655995003
5584 0.142735385926353 1.977978727980212
5585 0.1427064941459897 1.978187117398651
5586 0.142680248498152 1.978405862594727
5587 0.1426573747295001 1.978638491327354
5588 0.1426281849281968 1.978845648243765
5589 0.1426016860036504 1.979063492654592
5590 0.1425789262477337 1.979294210124074
5591 0.1425495055310542 1.979500920750987
5592 0.1425264264312799 1.979729634969031
5593 0.1424969507119705 1.979936866192571
5594 0.1424704850048693 1.980153177509559
5595 0.1424477371507287 1.980383796417191
5596 0.1424188713724848 1.980588573229361
5597 0.1423925569869142 1.980804058646544
5598 0.142369744686306 1.98103369560503
5599 0.1423406274262548 1.981237645289627
5600 0.14231405290685 1.981451912929251
5601 0.1422914702903743 1.98168108855855
5602 0.1422625918666535 1.981884283749576
5603 0.1422367049908944 1.982097882451079
5604 0.1422139167383163 1.982325807652038
5605 0.1421847816481098 1.982527951566682
5606 0.1421584376915755 1.982740574121199
5607 0.1421358974965436 1.98296631712865
5608 0.1421067050781963 1.983167920887626
5609 0.1420839536742187 1.983391801076615
5610 0.1420546856095989 1.983593698829133
5611 0.1420315315643818 1.983817577270715
5612 0.1420027399006384 1.98401797147272
5613 0.1419766375060863 1.98422892896532
5614 0.1419518509272797 1.984440482577361
5615 0.1419281337779129 1.984665618058345
5616 0.1418994647364689 1.984864971584056
5617 0.1418733974300195 1.985074717184594
5618 0.1418486272722243 1.985285047983396
5619 0.1418250468439215 1.985508887142524
5620 0.1417964418470508 1.985707011680874
5621 0.1417705043631673 1.985915439656133
5622 0.1417457455771512 1.986124463468538
5623 0.1417220376914581 1.9863469678965
5624 0.1416935761324284 1.986543714742339
5625 0.1416676515070762 1.986750827196999
5626 0.1416429052980132 1.986958740295111
5627 0.1416191048074383 1.987180093704018
5628 0.1415906056636787 1.987375778672275
5629 0.1415648603087151 1.987581742048072
5630 0.1415403125196859 1.987788354674717
5631 0.1415166415858137 1.988008548097171
5632 0.1414879554122141 1.988202870837159
5633 0.1414622307437669 1.988407988438353
5634 0.1414375785308864 1.988613857218084
5635 0.1414143259240944 1.988832878704693
5636 0.1413860532627745 1.989026440323938
5637 0.1413603328073211 1.989230091057141
5638 0.1413347816102386 1.989434881797146
5639 0.1413123988445616 1.989651024302393
5640 0.1412839905654936 1.989843489334279
5641 0.1412610813788013 1.990058595468086
5642 0.141232792595921 1.990250119453791
5643 0.1412078120226885 1.990451783860476
5644 0.1411839848839536 1.990668450657212
5645 0.1411562122863904 1.990859643697233
5646 0.1411305478194343 1.991060914047072
5647 0.1411063402659924 1.991263013998671
5648 0.141082764087289 1.991478602181607
5649 0.1410546268975737 1.991668510630549
5650 0.1410289651370216 1.991868271622688
5651 0.1410047163940706 1.992069229166053
5652 0.1409815546562259 1.992281825236868
5653 0.1409562698129838 1.992481746139236
5654 0.1409276134158986 1.992671161998681
5655 0.1409020464277459 1.9928699818073
5656 0.1408777896599889 1.993069340039732
5657 0.1408547564682919 1.993280567492648
5658 0.1408297615561012 1.993478822763291
5659 0.1408011987580549 1.99366697119469
5660 0.1407756807802513 1.993864259740692
5661 0.140751217179835 1.994061967778422
5662 0.1407282167836234 1.994271969087299
5663 0.1407009397547023 1.994457668757779
5664 0.1406775634016854 1.994666109247781
5665 0.1406495028607279 1.994853234376093
5666 0.1406272749642356 1.995059546796057
5667 0.1405994193813605 1.995245680945663
5668 0.1405768812221777 1.995451988829628
5669 0.1405492985747707 1.995637136292286
5670 0.1405267216404326 1.995843170240874
5671 0.1404989213678019 1.996027676131658
5672 0.1404736894163421 1.996221726546443
5673 0.1404513507927584 1.996428641642841
5674 0.1404239943234479 1.996612071143522
5675 0.1403987429945153 1.996805308555768
5676 0.140374577095433 1.996999272668507
5677 0.1403510813752022 1.997206222221497
5678 0.1403237352592949 1.997388570749293
5679 0.1402987898954473 1.997580557356089
5680 0.1402748262626543 1.997773324354327
5681 0.1402516243932683 1.997978975644122
5682 0.1402241493745318 1.998160128043753
5683 0.1401988850448133 1.998350955910341
5684 0.1401750336566981 1.998542642478106
5685 0.1401518975695886 1.998747141930705
5686 0.1401246902802713 1.998927291066792
5687 0.1400996111946645 1.999116751093889
5688 0.1400754611934164 1.999306787453459
5689 0.1400525259227495 1.999510245900838
5690 0.1400251499653442 1.999689400464604
5691 0.1400003910603977 1.999877961928442
5692 0.1399764960128984 2.00006739332161
5693 0.1399532951301929 2.00026940889619
5694 0.139925958532957 2.000447320976022
5695 0.1399011636439206 2.000634618563878
5696 0.1398774226373065 2.000822749727354
5697 0.1398546378034143 2.001022528245763
5698 0.1398268674012399 2.001199820827829
5699 0.1398048096827038 2.001396802716297
5700 0.139777312840899 2.001574410509569
5701 0.1397524997294663 2.00176078323388
5702 0.1397308457629438 2.001959623608832
5703 0.1397038482758931 2.002135409908814
5704 0.1396788200945384 2.002320502467255
5705 0.1396548776370598 2.002506658011555
5706 0.139632082098356 2.002704826026221
5707 0.1396051237750611 2.002879478305922
5708 0.1395806149563566 2.00306393937457
5709 0.1395559717021014 2.003249316846645
5710 0.1395342706966411 2.003444589058804
5711 0.1395070858576927 2.0036184811448
5712 0.1394851297822724 2.003811715391214
5713 0.1394576624117565 2.003986202322397
5714 0.1394354045517091 2.004179705340689
5715 0.1394086216948633 2.004352751853232
5716 0.1393839165385826 2.004534891766592
5717 0.1393603710871835 2.004717759914099
5718 0.1393375789897994 2.004912168434362
5719 0.1393108810381611 2.005084199780953
5720 0.1392861708033322 2.005265369073034
5721 0.139262437708491 2.005447030760077
5722 0.1392399252554193 2.005640621203742
5723 0.139213326734201 2.005811664100058
5724 0.1391891186943378 2.005991644763849
5725 0.1391656481802517 2.00617240823197
5726 0.1391426595150408 2.006364627016719
5727 0.13911595688047 2.006534374195076
5728 0.1390916140804757 2.006713131693398
5729 0.1390682758053563 2.006892672551871
5730 0.1390455526285702 2.007083802728733
5731 0.1390190126420831 2.007252604143706
5732 0.138994458621696 2.007430329396545
5733 0.1389710323403717 2.007608924355239
5734 0.1389483782179598 2.007798890543243
5735 0.1389220578746959 2.007966711133045
5736 0.1388977233113631 2.008143454536377
5737 0.1388735118635062 2.008321352785337
5738 0.1388519244078191 2.008509056571362
5739 0.1388253789624012 2.008676041865521
5740 0.1388037936674597 2.008861830488245
5741 0.1387769231411763 2.009029469100412
5742 0.1387524870837067 2.009205118114556
5743 0.138730967847983 2.0093919801013
5744 0.1387047430990151 2.009557994283655
5745 0.138680554118905 2.009732650195592
5746 0.1386573360821397 2.009907820379099
5747 0.1386347945910875 2.010094096041923
5748 0.1386080683589698 2.010257356893645
5749 0.1385867504685898 2.010441911132502
5750 0.1385603091617886 2.010607614122118
5751 0.1385363220490665 2.010780949713129
5752 0.1385148108168137 2.010965359956773
5753 0.1384886979029528 2.011129396856235
5754 0.1384644930965365 2.011301772621706
5755 0.1384413489104773 2.011474783626249
5756 0.1384187490214993 2.011658810196285
5757 0.1383930019160751 2.011821968627288
5758 0.1383689573927693 2.011993415931529
5759 0.138345310845621 2.012165865515379
5760 0.1383241174308562 2.012347578161531
5761 0.1382977826877267 2.012509748921841
5762 0.138276324498973 2.012689539113481
5763 0.1382498317472455 2.012851784478622
5764 0.1382259427335005 2.013021955050531
5765 0.1382042480495186 2.013202881831632
5766 0.1381786755903558 2.013363912767179
5767 0.138154815444181 2.013533101350789
5768 0.1381319935159541 2.013702971964647
5769 0.1381094860558424 2.013883604879897
5770 0.1380833872244412 2.014042004967167
5771 0.1380623145340838 2.014220444843887
5772 0.1380363310407183 2.014381197342946
5773 0.1380124743686724 2.014549455187259
5774 0.1379911119132621 2.014727967733335
5775 0.1379657428452095 2.014887003996686
5776 0.1379418373338913 2.01505418154423
5777 0.1379189194802543 2.015221979568689
5778 0.1378966147954174 2.015400085892762
5779 0.1378712576117724 2.015558047106308
5780 0.1378476808357524 2.01572427685589
5781 0.13782422938182 2.015891391327056
5782 0.1378030115785457 2.016067097321625
5783 0.1377773686334566 2.016224236108425
5784 0.137755917321804 2.016398273686137
5785 0.1377299119291844 2.016556125160125
5786 0.1377064339262089 2.016721157933422
5787 0.1376850946851184 2.016896312480072
5788 0.137659905933654 2.017052476966755
5789 0.1376363338740701 2.017216658939898
5790 0.1376130655415813 2.017381642186636
5791 0.13759203316977 2.017555123144665
5792 0.1375663118856609 2.017710536221711
5793 0.1375448915189949 2.017882646305874
5794 0.1375192942995612 2.018038366369382
5795 0.1374960777216603 2.018201317568038
5796 0.1374749807779074 2.018374351705361
5797 0.1374497683175366 2.018528712608811
5798 0.1374262299847193 2.018690755332738
5799 0.1374037147988802 2.018853176367768
5800 0.1373816803843048 2.019025777683491
5801 0.1373566545458073 2.019179158167797
5802 0.1373335187579467 2.019340189574664
5803 0.1373102673788156 2.019501969522254
5804 0.13728934338798 2.01967226536123
5805 0.1372639682127474 2.019824786883291
5806 0.1372429078984208 2.019993470702667
5807 0.1372174294983033 2.020146222574184
5808 0.137194097748997 2.020306167439367
5809 0.1371729778611891 2.020476111261907
5810 0.1371481535488024 2.020627443122959
5811 0.137125032544898 2.02078635997039
5812 0.1371019921382541 2.020946293676638
5813 0.1370810711024951 2.021114682561409
5814 0.1370559468528839 2.021265336896902
5815 0.1370348456097818 2.021432048928173
5816 0.1370097046823435 2.021582923199619
5817 0.1369865518047011 2.021740963959701
5818 0.1369657001752145 2.021908566388307
5819 0.1369406897474486 2.022056240524105
5820 0.1369200898207982 2.02222278723434
5821 0.1368947276040298 2.022372771027461
5822 0.1368716398838551 2.022529492323354
5823 0.1368495133747135 2.022686572487941
5824 0.1368275054962842 2.022853029125769
5825 0.1368027488476599 2.023000110754129
5826 0.1367821656297371 2.023165089211644
5827 0.1367575447103853 2.023313799892584
5828 0.1367345685884223 2.02346938178857
5829 0.1367124439748955 2.023625254194124
5830 0.1366894257847429 2.0237812662046
5831 0.1366678978271028 2.02394667521039
5832 0.1366434373404286 2.024093282526563
5833 0.1366207388539649 2.024247353522693
5834 0.1365980724577645 2.024402162166107
5835 0.1365761157851929 2.024556361895454
5836 0.1365531295370841 2.024710826267599
5837 0.1365316033546258 2.024874129388142
5838 0.1365069754636419 2.025019806019145
5839 0.1364863127977811 2.025181257158898
5840 0.1364618758399236 2.025326084294818
5841 0.1364389967644815 2.025478495873317
5842 0.1364183933587855 2.025639543042655
5843 0.1363937392527174 2.025784259499129
5844 0.1363708589300548 2.02593621411539
5845 0.1363487842238345 2.0260884466917
5846 0.1363276212167657 2.026250426574201
5847 0.13630298655903 2.026392217315808
5848 0.1362824987216736 2.026553195234741
5849 0.1362583472946063 2.026696427127988
5850 0.1362355812012438 2.026846924542548
5851 0.1362151939525221 2.027005934392734
5852 0.136190569856418 2.027148973998533
5853 0.1361696661069336 2.027307640477658
5854 0.1361455217597719 2.027449768313738
5855 0.1361230364447702 2.027599158671313
5856 0.1361005609095099 2.027749501642772
5857 0.1360787487341376 2.027899411701742
5858 0.1360562538637733 2.028049304090763
5859 0.1360349801788432 2.028208428175327
5860 0.1360111272634632 2.028349195956308
5861 0.1359886497881343 2.028497288154915
5862 0.1359668469200046 2.028645695356594
5863 0.1359445807666351 2.028794772294519
5864 0.1359232790236827 2.028951619333687
5865 0.1358992934600063 2.029092338079205
5866 0.1358787042689593 2.029247523145499
5867 0.1358548581578744 2.029386965148529
5868 0.135832380092399 2.029533524444956
5869 0.1358101210963325 2.029681076660642
5870 0.1357895765414305 2.029835876305132
5871 0.1357655954814642 2.029975150477798
5872 0.1357438820887142 2.030120652019185
5873 0.1357225842859347 2.030276265975687
5874 0.1356988351225439 2.030414519620296
5875 0.1356765305634658 2.030559647129902
5876 0.1356543570396403 2.030705593104801
5877 0.1356329376410887 2.030850973706962
5878 0.1356119486228345 2.031004629790706
5879 0.1355879549418844 2.031142437404404
5880 0.1355674262699794 2.031294924418255
5881 0.1355436864431392 2.031432024825739
5882 0.135521614287536 2.031575895209128
5883 0.1354996355888881 2.031720473047506
5884 0.1354793884854248 2.031872370491874
5885 0.1354555372785388 2.032009328083376
5886 0.1354350270939202 2.032159746711768
5887 0.1354113942642952 2.032296528774833
5888 0.1353892864708791 2.032439380516713
5889 0.1353691187934422 2.032589872387967
5890 0.1353455188404567 2.032725997263278
5891 0.1353234443386349 2.032868303555932
5892 0.1353019569549194 2.033010685606422
5893 0.1352810161882244 2.033161128451888
5894 0.1352575102940355 2.033296353212137
5895 0.1352374627498764 2.033444699420979
5896 0.1352137343830301 2.033579836553178
5897 0.1351916008817495 2.033721127707267
5898 0.1351698719233725 2.033862858413357
5899 0.135148783086217 2.034003745624294
5900 0.1351268499195697 2.034145023938634
5901 0.1351060602119307 2.034294031550469
5902 0.1350825888883737 2.03442753786703
5903 0.1350624182646865 2.034574144574072
5904 0.1350390070529596 2.03470767348126
5905 0.1350171903234913 2.034847174741659
5906 0.1349955784900601 2.03498718568149
5907 0.1349737160306203 2.035127041753803
5908 0.1349524978612581 2.035266204189969
5909 0.1349318366573449 2.035413248631103
5910 0.1349085926512023 2.035545152459136
5911 0.1348883823341718 2.035690901197571
5912 0.1348652487130766 2.035822180328513
5913 0.1348432435109128 2.03595987295479
5914 0.1348231957209952 2.036105156776193
5915 0.1347998748057136 2.036236532860557
5916 0.1347780050442737 2.036373652174472
5917 0.134757163641407 2.036511684428814
5918 0.1347348463824871 2.036650409844742
5919 0.1347141707234309 2.036787742435274
5920 0.1346925504530186 2.036925127343915
5921 0.134670901346868 2.037062417152092
5922 0.1346492404920264 2.037199446447457
5923 0.1346276249490398 2.037336358342885
5924 0.1346056410202982 2.037473492772507
5925 0.1345847891735818 2.037609520696108
5926 0.1345634407084458 2.037745388704711
5927 0.1345418863443284 2.037881184695528
5928 0.1345201179260099 2.038016650979626
5929 0.134498045771525 2.038153215604392
5930 0.1344782920123646 2.038295592137152
5931 0.1344558194228451 2.038423479728544
5932 0.1344358028960778 2.038564848944929
5933 0.1344129403823589 2.038692133228467
5934 0.1343927454309074 2.03883290094541
5935 0.1343695651145997 2.038958488392788
5936 0.1343496013086193 2.039100632305361
5937 0.1343267142304221 2.039227786865851
5938 0.1343053200078488 2.039360955344427
5939 0.1342846990152039 2.03949436593777
5940 0.1342627127368724 2.039628539676652
5941 0.1342419158821354 2.039762037896008
5942 0.1342206344729838 2.039895449353768
5943 0.1341992792791051 2.04002875875805
5944 0.1341780373213895 2.040161784191886
5945 0.1341568179120233 2.040294927793997
5946 0.1341349816114455 2.040428120828225
5947 0.1341145379095865 2.040560105235659
5948 0.1340933464259464 2.04069221254531
5949 0.1340721918930176 2.040824346712546
5950 0.1340510046941318 2.040956303495633
5951 0.1340291337982331 2.041088416630163
5952 0.1340086673949684 2.04121937118224
5953 0.1339886446614864 2.041357625951907
5954 0.1339660743426829 2.041481287632824
5955 0.1339464275635002 2.041618476927129
5956 0.1339237119246338 2.041741535152771
5957 0.1339021287776667 2.041870986029015
5958 0.1338824983146104 2.042008650391713
5959 0.1338603124634005 2.042131150134132
5960 0.1338389500481719 2.042260092849348
5961 0.1338193409433025 2.042397357231137
5962 0.1337966110412125 2.042518180819994
5963 0.1337770739047284 2.042655364022981
5964 0.1337545551167814 2.042777470289482
5965 0.1337331986509499 2.042906016494608
5966 0.1337121624562855 2.043034823291536
5967 0.1336914995672959 2.043164178370676
5968 0.1336705201737248 2.043293289601136
5969 0.1336511669460683 2.043428059097615
5970 0.1336286863069203 2.043549440649053
5971 0.1336091788036883 2.043684121255223
5972 0.1335867234131709 2.0438047568582
5973 0.1335655653770457 2.043931791985945
5974 0.1335451342971178 2.044058951527576
5975 0.1335252170676596 2.044194419738899
5976 0.1335028008449057 2.044312984611802
5977 0.1334836089676579 2.044447839462596
5978 0.1334614277511706 2.044567535198907
5979 0.1334402175452186 2.044693305501565
5980 0.1334192168677868 2.044819952317004
5981 0.1333990718202267 2.044946096152767
5982 0.1333782454597094 2.045072331654982
5983 0.1333584160242521 2.045206559683599
5984 0.1333360587778793 2.045323794577296
5985 0.1333168127792117 2.045456968528325
5986 0.13329470084839 2.045575334260971
5987 0.1332737632955471 2.045699640637185
5988 0.1332530391632758 2.045824791346979
5989 0.1332328166424608 2.0459495256946
5990 0.1332114735834942 2.046074851573197
5991 0.1331924855783415 2.046206033572724
5992 0.1331701900111896 2.046323579191311
5993 0.1331507701109699 2.046454355417934
5994 0.1331287433999236 2.046571288203977
5995 0.1331079069512784 2.046694273480743
5996 0.1330870937927289 2.046818083920703
5997 0.133066998824112 2.046941413937119
5998 0.1330463513889678 2.047064840601008
5999 0.1330265753224486 2.047196183580039
6000 0.1330044561459433 2.047311954881777
6001 0.1329837424393967 2.04743430948404
6002 0.1329630111970249 2.047556922561335
6003 0.1329429063944822 2.047679578879551
6004 0.1329224611772217 2.047802082809459
6005 0.1329034686011588 2.047930897191924
6006 0.1328813353906935 2.048046111777015
6007 0.1328620595967276 2.048173458301703
6008 0.1328398254464905 2.04828913639979
6009 0.1328190993998627 2.048410114229867
6010 0.1327988274612696 2.048531664538805
6011 0.1327789843613337 2.048652570395903
6012 0.1327578185306115 2.048774335389424
6013 0.1327377510474409 2.048895157821347
6014 0.1327173614735047 2.049015923663776
6015 0.1326969609930687 2.049136542076326
6016 0.1326764638955469 2.049257165991818
6017 0.1326553294869486 2.049378328447992
6018 0.1326351203037998 2.04949862649759
6019 0.1326154752025595 2.04961788964499
6020 0.1325950357197056 2.049737391564659
6021 0.1325756463052113 2.049863925005837
6022 0.132553778094797 2.049976731180251
6023 0.1325346736873569 2.050101864230443
6024 0.1325127917840057 2.050214030431094
6025 0.1324922392746813 2.05033211878104
6026 0.1324720476247891 2.050450853539104
6027 0.132452176005482 2.050569089494963
6028 0.1324310517400048 2.050687932597392
6029 0.1324113452472087 2.050806401277747
6030 0.132391029674273 2.050924861272523
6031 0.1323709707499879 2.051043024738841
6032 0.132350133431114 2.051161684897866
6033 0.1323305400820336 2.05127908695484
6034 0.1323097391847978 2.051396956214369
6035 0.1322899021364738 2.051513807227938
6036 0.132269808665861 2.051630833869574
6037 0.1322494337052117 2.051747964245665
6038 0.1322291253000967 2.051864959537193
6039 0.1322085010403081 2.051982256695765
6040 0.1321888447621285 2.052098359464811
6041 0.1321686410770112 2.052214670740371
6042 0.1321480179178389 2.052331334112466
6043 0.1321284726011731 2.05244684222784
6044 0.1321076115273247 2.052563286621379
6045 0.1320874319677601 2.052679304131271
6046 0.1320676216321527 2.052794838580757
6047 0.1320480449849822 2.052909587193898
6048 0.1320279593546863 2.053024664076339
6049 0.1320083772937507 2.053145693911639
6050 0.1319867451162983 2.05325437152256
6051 0.13196800077647 2.053374259317188
6052 0.1319465777611881 2.053483438159384
6053 0.1319265716210905 2.053597270720737
6054 0.1319065967671555 2.053711610366174
6055 0.131886530455717 2.053825960492107
6056 0.1318662372016056 2.053940346897404
6057 0.1318475914486222 2.054060543055471
6058 0.1318264521042429 2.054168070198455
6059 0.1318067967115401 2.054280536979462
6060 0.1317876969733908 2.054401765497157
6061 0.1317664815430612 2.054508932555405
6062 0.1317462389194718 2.054621182384001
6063 0.1317262712648501 2.054734068946158
6064 0.1317065326469019 2.054847195782633
6065 0.1316872046518888 2.054959853817068
6066 0.1316672447717895 2.055072712290985
6067 0.1316465783491793 2.055185635101076
6068 0.1316266961456523 2.055298572061636
6069 0.1316072214802464 2.055411115645777
6070 0.1315872873244391 2.055522950450137
6071 0.1315679636898698 2.055634110980578
6072 0.1315476537111294 2.055746503361754
6073 0.1315280743167706 2.055857771950657
6074 0.1315081914572676 2.055969037110781
6075 0.1314882516858553 2.056080053425388
6076 0.1314678575797847 2.056191835752461
6077 0.1314482367085139 2.056303196720632
6078 0.1314285022195719 2.056414040147699
6079 0.1314088534149951 2.056524430183659
6080 0.1313891009170801 2.056634755697246
6081 0.1313693543517043 2.056744961090767
6082 0.1313495273752079 2.056855027421572
6083 0.1313297108201365 2.056964964225958
6084 0.1313097323961158 2.05707479444501
6085 0.1312900421077893 2.0571845882075
6086 0.1312703947866171 2.057294110235108
6087 0.1312507676817226 2.057403431921848
6088 0.1312310404941267 2.057512749298474
6089 0.1312111564682311 2.057621991471409
6090 0.1311912240430836 2.057731049759671
6091 0.1311715623620881 2.057839870556188
6092 0.1311522443895331 2.057948673582628
6093 0.1311323459122935 2.058057123153316
6094 0.1311127924093171 2.058165891734778
6095 0.1310947523802078 2.058279710324094
6096 0.1310738181426199 2.058382502500184
6097 0.1310540328514922 2.058490095420755
6098 0.1310345296000248 2.058598552263676
6099 0.1310148416262908 2.058707567385909
6100 0.1309965766651665 2.058818740813872
6101 0.1309753356933183 2.058920602581541
6102 0.130955650651082 2.059027110881388
6103 0.130935971304253 2.059134165111564
6104 0.1309167792666317 2.05924089774744
6105 0.1308966725844035 2.059348475100579
6106 0.1308782179894434 2.059461026437519
6107 0.1308577622628409 2.0595617848658
6108 0.1308394072435379 2.059673858086846
6109 0.1308187069837757 2.059774252811872
6110 0.1307990833970042 2.059879820429647
6111 0.130779455331993 2.059985928089393
6112 0.13076025917283 2.060091568128509
6113 0.1307414249955713 2.060204312431582
6114 0.1307209875036056 2.060302681740004
6115 0.1307028363382536 2.060414638816905
6116 0.1306820421209049 2.060512837267887
6117 0.1306636010482784 2.060624838865739
6118 0.1306429235379646 2.060722904828817
6119 0.130623598099138 2.060828296929388
6120 0.1306041886112773 2.060933555865617
6121 0.1305852121237229 2.061038263991938
6122 0.1305651853906233 2.061143514418872
6123 0.1305462423738102 2.061247806305176
6124 0.1305267171743354 2.061352758369445
6125 0.1305077279883527 2.061456505147997
6126 0.130488457466678 2.061560751994274
6127 0.1304684914225905 2.061665373346108
6128 0.1304497903610559 2.0617689899978
6129 0.1304312814976266 2.061878317136425
6130 0.1304108011517334 2.0619760062764
6131 0.1303924762164531 2.062084294920547
6132 0.1303721971580821 2.062181577656198
6133 0.1303526095057454 2.062283793213266
6134 0.1303343166951683 2.062392304257895
6135 0.1303138705721005 2.062489188738223
6136 0.1302943207450565 2.062591161724389
6137 0.1302757043523819 2.062693476266306
6138 0.1302557922656367 2.062796468646047
6139 0.1302379620068515 2.062904141386158
6140 0.1302176572113156 2.063000806761161
6141 0.130198175197863 2.063102358217238
6142 0.1301794782630411 2.063203775988431
6143 0.1301608071887319 2.063311833390554
6144 0.1301403995238036 2.06340650595869
6145 0.1301222538001158 2.063514045376372
6146 0.1301021832746456 2.063609650992047
6147 0.1300828390034514 2.063710066552916
6148 0.1300636137295217 2.06381121676777
6149 0.1300443835376256 2.063912413825041
6150 0.1300257009328173 2.064012796654664
6151 0.1300071965529646 2.064119573301013
6152 0.129986927367022 2.064213234185055
6153 0.129968947056792 2.064319646709531
6154 0.1299487087124842 2.064414335752266
6155 0.1299294435988474 2.064513796877751
6156 0.1299101890370942 2.064613863904622
6157 0.1298911973266029 2.064713964255421
6158 0.1298722176389445 2.064813733009021
6159 0.1298544896714743 2.064918365260088
6160 0.1298342116736744 2.06501245968737
6161 0.129816003905247 2.065116840767085
6162 0.1297958378443171 2.065210311114001
6163 0.1297766500357833 2.065308481885112
6164 0.1297574917956535 2.06540740963172
6165 0.12973894030958 2.065506018607038
6166 0.1297193182764486 2.065605117927135
6167 0.1297015532886503 2.065708747088232
6168 0.1296814284212668 2.06580186361701
6169 0.1296621824864263 2.065899593446424
6170 0.1296438351905748 2.065997605493486
6171 0.1296241045060051 2.066096240888005
6172 0.1296058247701405 2.066193926066287
6173 0.1295868155273901 2.066291726203643
6174 0.1295673900202032 2.066389709783791
6175 0.1295490459309181 2.066486603719781
6176 0.1295294927415572 2.066584144020949
6177 0.1295103378590359 2.066681514252175
6178 0.1294919073475868 2.066778010263618
6179 0.1294738121626982 2.066879998702229
6180 0.1294537313102042 2.066971373249818
6181 0.129435732416462 2.067072879805562
6182 0.1294156099874721 2.067162689372262
6183 0.129396576543658 2.067259308827463
6184 0.1293776752346605 2.06735561499764
6185 0.1293588054725661 2.067451767605565
6186 0.1293404338389134 2.06754726680379
6187 0.1293215099681838 2.067642938260913
6188 0.1293019319892676 2.067739151016816
6189 0.1292835083815028 2.067834519302417
6190 0.1292642668513775 2.067930280657841
6191 0.1292455698089201 2.068025588192053
6192 0.12922792249535 2.068125626940363
6193 0.129207922068959 2.06821543776174
6194 0.1291899030189344 2.068315081395066
6195 0.1291700561839683 2.068404395696732
6196 0.1291512766344015 2.068498315044478
6197 0.1291328116579575 2.068592548958122
6198 0.1291133356225482 2.068687514512602
6199 0.1290946302139209 2.068781967317383
6200 0.1290770616555275 2.068881014204586
6201 0.1290572598335692 2.06896999684797
6202 0.1290383923334464 2.069063297817253
6203 0.1290208108276758 2.06916191190397
6204 0.1290006263826246 2.069249582960345
6205 0.1289827497596973 2.069349332180908
6206 0.1289630553285903 2.06943635965575
6207 0.1289443640878551 2.069529909557166
6208 0.1289259697371087 2.069622608537771
6209 0.1289079054128692 2.069722074142748
6210 0.1288880337484277 2.069808980215506
6211 0.1288707698166201 2.069906746781498
6212 0.1288508864379113 2.069994843178023
6213 0.1288323519990356 2.07008751728411
6214 0.1288136903745012 2.070179903390454
6215 0.1287948666650378 2.070272205798571
6216 0.1287762627593818 2.070364331452414
6217 0.1287579570799202 2.070456226730193
6218 0.1287388787521463 2.070548365841594
6219 0.1287202349367293 2.070640246824616
6220 0.1287017708713966 2.070731972577207
6221 0.1286830202284312 2.070823623532045
6222 0.1286648158553129 2.070914613750845
6223 0.1286458003804784 2.071005940149811
6224 0.1286273243644399 2.071097089321718
6225 0.1286095717010305 2.071192556004732
6226 0.1285898289241303 2.071277479853441
6227 0.1285711445113804 2.071369042694441
6228 0.1285527138037381 2.071459783243722
6229 0.1285341466585428 2.071550396552927
6230 0.1285157275257266 2.07164072077363
6231 0.1284975333274357 2.071730684475134
6232 0.1284783199487867 2.071821104270966
6233 0.1284600679819809 2.071911053858107
6234 0.1284412417749962 2.072001199398864
6235 0.1284228509761939 2.072091057945218
6236 0.1284048995643667 2.072180475906007
6237 0.1283857613997597 2.072270353509423
6238 0.1283672085101665 2.072359785373212
6239 0.1283496624816006 2.07245345734426
6240 0.1283301536584621 2.072536694578611
6241 0.1283118832062282 2.0726272484083
6242 0.1282936050744243 2.072716429729696
6243 0.1282749712936975 2.072803861501471
6244 0.1282569879068156 2.072893307423898
6245 0.1282379780951099 2.072982294355301
6246 0.1282195310999702 2.073070994665626
6247 0.1282011209354477 2.073159321814829
6248 0.1281825756097301 2.073246386871399
6249 0.1281642998682546 2.073336929024709
6250 0.1281459675296244 2.073423735776625
6251 0.1281276322335617 2.073511413699777
6252 0.1281093048482093 2.073599056540986
6253 0.1280907656348274 2.073686730284444
6254 0.1280721713876017 2.073773448568207
6255 0.1280547830891199 2.07386607015603
6256 0.128035512613316 2.073947954001528
6257 0.1280172400554228 2.074035458313114
6258 0.1279988087860855 2.07412249787689
6259 0.1279804255507988 2.074209330501189
6260 0.1279618325200165 2.074296016873332
6261 0.1279434298807766 2.074382703577754
6262 0.1279252508074531 2.074469149401718
6263 0.1279070205128061 2.074555361114527
6264 0.1278886721096222 2.074641589324389
6265 0.1278701408004091 2.074727858618595
6266 0.1278516007036141 2.074813493885233
6267 0.1278335278048142 2.074899574460491
6268 0.1278155047586471 2.074984251383366
6269 0.1277979244442679 2.075075448294992
6270 0.1277785499991581 2.075156040276432
6271 0.1277603065920289 2.075241683575361
6272 0.1277420300440802 2.075326949596375
6273 0.1277236015304262 2.075412236266979
6274 0.1277053160023467 2.075497080522568
6275 0.1276870341972654 2.075581816840978
6276 0.127668674256626 2.075667105402538
6277 0.1276505360400584 2.07575196138469
6278 0.1276324983103135 2.075836513919222
6279 0.1276144227454636 2.075920764844889
6280 0.1275962173566367 2.076004843342411
6281 0.1275779326114383 2.076089333000029
6282 0.1275599825823907 2.076173263195194
6283 0.1275414854635142 2.076256758130751
6284 0.1275227952841526 2.076341050435195
6285 0.1275049522685579 2.076425238605673
6286 0.1274867393852742 2.0765088692488
6287 0.1274685587972522 2.076592193857633
6288 0.1274503381091026 2.076675481086807
6289 0.1274322467104674 2.076758858886488
6290 0.1274140465467086 2.076841973378032
6291 0.1273968578998606 2.07692838975235
6292 0.127377990784576 2.077006338789734
6293 0.1273601827456451 2.077093452196584
6294 0.1273410087975688 2.077172783945135
6295 0.1273229822436007 2.077254658938284
6296 0.1273048741528812 2.077337017897337
6297 0.1272866875227789 2.077419562284548
6298 0.1272683514423275 2.077501324965328
6299 0.1272506161338177 2.077586781012139
6300 0.1272323271112432 2.077665373706422
6301 0.1272143800670441 2.077747150392654
6302 0.127196687024923 2.077832183073478
6303 0.1271782087239657 2.077910259248335
6304 0.1271599318526365 2.077992448331032
6305 0.1271418775769315 2.078074102158453
6306 0.1271239653913501 2.078155506274719
6307 0.1271061826487688 2.078236827669401
6308 0.1270881129051741 2.078318029061253
6309 0.1270698412365776 2.078398159949822
6310 0.1270522902126701 2.078482673354948
6311 0.1270339913150713 2.078560591299968
6312 0.1270160562170406 2.078640890034962
6313 0.1269979500976164 2.078721525780718
6314 0.1269798769811236 2.078801867797202
6315 0.1269618228945588 2.078881976390234
6316 0.1269439429772828 2.078962037624312
6317 0.1269262198412657 2.07904548982735
6318 0.1269080303008666 2.079121644001058
6319 0.1268904853046638 2.079203720662998
6320 0.12687179184497 2.079280763388077
6321 0.1268540964716075 2.079362965803981
6322 0.1268357434948339 2.079439893884887
6323 0.1268177745150473 2.079518673689332
6324 0.1268001791693169 2.079597652336907
6325 0.1267817224800342 2.07967731208399
6326 0.1267641187267805 2.079756237512466
6327 0.126745801569731 2.079835464234467
6328 0.126728021162249 2.079912720793195
6329 0.1267106903448114 2.079996337310109
6330 0.1266919343268089 2.080070965432196
6331 0.1266741306059307 2.080149784725847
6332 0.12665631881031 2.080228367847787
6333 0.1266384855443584 2.080306771810586
6334 0.1266207191117006 2.080384807356475
6335 0.1266029086550065 2.08046265545776
6336 0.1265849705350516 2.080540463794197
6337 0.1265669465697409 2.080618184476522
6338 0.1265490287549292 2.080695722039268
6339 0.126531379295358 2.080773015063933
6340 0.1265133103837118 2.08084974023944
6341 0.1264954430572305 2.080927130121964
6342 0.126477388216364 2.08100313537093
6343 0.1264606077667786 2.081084558501894
6344 0.1264418893832875 2.081157918202571
6345 0.126424777582952 2.081237693984141
6346 0.1264059863154263 2.081311498485021
6347 0.1263880988890827 2.081387526079868
6348 0.1263711448471639 2.081467827044925
6349 0.1263525466357571 2.081540948775489
6350 0.1263349609255401 2.081616620089703
6351 0.1263176100696278 2.08169242227761
6352 0.126299164153519 2.081768891157088
6353 0.1262813793764935 2.081845120300422
6354 0.1262642864386218 2.081924757035051
6355 0.1262461287817575 2.081996327610017
6356 0.1262282547637781 2.082071428031698
6357 0.1262104906934024 2.082148093115633
6358 0.1261925957302353 2.082222532136014
6359 0.1261748005938087 2.082297793221652
6360 0.1261571633368939 2.082373035736514
6361 0.1261394830861585 2.082448237312214
6362 0.126121736921065 2.082523241877016
6363 0.1261039849520648 2.082597942050367
6364 0.1260861436620958 2.082671892811049
6365 0.1260692049706909 2.08275108443502
6366 0.1260509433293615 2.082821344569384
6367 0.1260334788958528 2.082895918113547
6368 0.1260157485047586 2.082970274872678
6369 0.1259980314570866 2.083044573017752
6370 0.1259809098982498 2.083122362999208
6371 0.1259626309602998 2.08319221145578
6372 0.1259448157331526 2.083265520075065
6373 0.1259280326767014 2.083342718629158
6374 0.1259095104424642 2.083413124472
6375 0.1258918129456818 2.083486317382983
6376 0.1258744626941893 2.083559482485434
6377 0.1258561215280861 2.083632596177247
6378 0.1258387685981812 2.083704577001043
6379 0.1258215177560303 2.083782602455874
6380 0.1258033289701663 2.083851869572769
6381 0.1257858429771057 2.083925374833343
6382 0.1257685455645208 2.083997039000958
6383 0.1257510544668964 2.08407105104291
6384 0.1257335845757404 2.084144022647013
6385 0.1257159526415144 2.084216638639529
6386 0.1256982366227848 2.084287975371653
6387 0.1256807121193713 2.084360782609893
6388 0.1256630891357743 2.084432786634231
6389 0.1256459092240815 2.08450359968923
6390 0.125628040947159 2.084576831029628
6391 0.1256107895567381 2.084648892371967
6392 0.1255932404798884 2.084720882956377
6393 0.1255756797251465 2.084792357716682
6394 0.125558193356381 2.084863498076495
6395 0.1255406972390531 2.084934403920017
6396 0.1255231807253885 2.085005450847462
6397 0.125505383575544 2.085075537983468
6398 0.1254878280809642 2.085147084264592
6399 0.1254704191298188 2.085217889784067
6400 0.1254531845636005 2.085287265619031
6401 0.1254353108302372 2.085359028531912
6402 0.1254177679040508 2.08542982274248
6403 0.1254003087542896 2.085500025968632
6404 0.1253828997011618 2.085570215989285
6405 0.1253653762879804 2.085639464953591
6406 0.125348022742371 2.085710140491087
6407 0.1253305113631184 2.085780096766984
6408 0.1253128068435903 2.085849014547781
6409 0.1252953666346025 2.085919613812346
6410 0.1252781121561158 2.085989262169729
6411 0.1252607701054779 2.086058655359865
6412 0.1252433458337474 2.086128030907715
6413 0.1252256962753657 2.086196466818643
6414 0.1252082659069079 2.086266357725316
6415 0.1251909513673933 2.086335392050836
6416 0.1251735508470292 2.086404317829661
6417 0.125156199064043 2.086473161210759
6418 0.1251387741695208 2.086541895962249
6419 0.1251215883072472 2.0866090899398
6420 0.1251041865363889 2.086681839875611
6421 0.1250863010284997 2.086746589956701
6422 0.1250689564364203 2.086815111040761
6423 0.125051720896758 2.086883311667054
6424 0.1250341010321913 2.08695066049681
6425 0.125016823415653 2.087019572291891
6426 0.1249995283750091 2.087087594614742
6427 0.1249824245926067 2.08715531848059
6428 0.1249652970268462 2.087221673200951
6429 0.1249474120195984 2.087290340284101
6430 0.1249301917292137 2.087356787895248
6431 0.1249127525871631 2.087425158085726
6432 0.1248955670411192 2.087492694732354
6433 0.1248783642147178 2.087559883554418
6434 0.124861098478729 2.087626785834252
6435 0.1248436798420705 2.087692627305176
6436 0.1248264977636719 2.08775881757534
6437 0.1248088577683833 2.087826826871936
6438 0.124791712508408 2.087893566123022
6439 0.1247746105863457 2.087959799865246
6440 0.1247573310074892 2.088026078257864
6441 0.1247398781276927 2.088091427166964
6442 0.1247225975553403 2.088158151997631
6443 0.1247053813154085 2.088224198642395
6444 0.1246882012179266 2.088288968351156
6445 0.1246707974319514 2.088356007052173
6446 0.1246535749805346 2.088422178408393
6447 0.1246364300243727 2.088487679619959
6448 0.1246192146302135 2.088553128842595
6449 0.1246019580218125 2.088618441924719
6450 0.1245849808620268 2.088682422906867
6451 0.1245675779459346 2.088748464643092
6452 0.124550099844755 2.088812587976535
6453 0.1245328655508367 2.088878583564973
6454 0.1245158735327647 2.088943544410066
6455 0.1244987813401856 2.089008250110703
6456 0.1244817107653669 2.089072894744957
6457 0.1244642481165029 2.089136801370929
6458 0.1244470525314159 2.089202030839632
6459 0.124430067201609 2.089266472674307
6460 0.1244129162180269 2.089329902191595
6461 0.12439584441968 2.08939501153808
6462 0.1243787438476391 2.089458204435994
6463 0.1243615685502205 2.089521918808574
6464 0.1243442656406023 2.089586712385087
6465 0.1243269969517934 2.089650842863219
6466 0.1243102471427998 2.089713250773757
6467 0.1242932907748441 2.089777312333093
6468 0.1242759915909427 2.089839970811118
6469 0.1242587728229263 2.089904380969177
6470 0.1242417957246141 2.089967663867237
6471 0.124224705561874 2.090029681817167
6472 0.1242074721906441 2.090092585622102
6473 0.124190482346146 2.090155601590126
6474 0.1241732695113735 2.090218722137942
6475 0.1241567929130299 2.090285253358881
6476 0.1241393752959543 2.090344433231738
6477 0.1241225305104578 2.09040608215418
6478 0.1241053405024337 2.090469705642028
6479 0.1240882121126644 2.090531307048471
6480 0.1240712410929763 2.090592870385542
6481 0.1240541181000137 2.090655829551929
6482 0.1240372056842939 2.090717023019352
6483 0.1240200204169954 2.090779767380633
6484 0.1240032761675166 2.090840424491973
6485 0.1239859101229104 2.090902018872367
6486 0.1239686388219831 2.09096363397082
6487 0.1239517418624401 2.091026335289752
6488 0.1239349954850815 2.091086354403574
6489 0.1239179119146132 2.091149625105523
6490 0.123901158015665 2.09120799253317
6491 0.1238839759841688 2.091270803083486
6492 0.1238671455104172 2.091331858254886
6493 0.1238503396918852 2.091391314905424
6494 0.1238329776757618 2.091452637530882
6495 0.1238161582525448 2.091513239557217
6496 0.1237991203674569 2.091572805157744
6497 0.1237820555097237 2.091633825320644
6498 0.1237652980177643 2.091693943416793
6499 0.1237483885558791 2.091752926819123
6500 0.1237313980440707 2.091813502167411
6501 0.1237140136618977 2.091872370099725
6502 0.1236971752943293 2.091933174398832
6503 0.1236806928468427 2.091992751192166
6504 0.1236637353839578 2.092052646542893
6505 0.1236470781148281 2.092111974622329
6506 0.1236298686020132 2.092171543633806
6507 0.123613039956199 2.092229610501099
6508 0.1235963099147046 2.092292326683342
6509 0.1235788916803168 2.092348845333238
6510 0.1235622665444442 2.092406362146066
6511 0.1235453865544893 2.092465703726125
6512 0.1235281064452073 2.092524325616338
6513 0.1235115838360734 2.092583553412287
6514 0.1234944739957849 2.092642448989082
6515 0.1234777351677672 2.092700820820832
6516 0.1234611018696321 2.0927580158475
6517 0.1234438614913438 2.092817257358925
6518 0.123427024879232 2.092874832216098
6519 0.1234105101384765 2.092933172629163
6520 0.1233935352930107 2.092991408809969
6521 0.1233769832058315 2.093048207663718
6522 0.1233598786310387 2.093106709780449
6523 0.1233431460530125 2.093162441142642
6524 0.1233259476584813 2.093221845402418
6525 0.1233093607526021 2.093279571720163
6526 0.1232926332346125 2.093335993085724
6527 0.1232760168708103 2.093393510197871
6528 0.1232592680574679 2.093450522548268
6529 0.1232421884530617 2.09350672488185
6530 0.123225366084192 2.093564294416111
6531 0.1232087900022778 2.093621046002096
6532 0.1231920254246681 2.093676863006165
6533 0.1231760140705425 2.093736448181844
6534 0.1231585778552768 2.093789049577627
6535 0.1231415266734034 2.093846378879683
6536 0.1231248571092376 2.093902419737066
6537 0.1231080139438715 2.093958716615399
6538 0.1230916271725575 2.094015134971991
6539 0.1230750622039136 2.094072029079489
6540 0.1230579013501772 2.094127713031324
6541 0.1230414871765249 2.094183205488527
6542 0.1230246217793513 2.094239845700265
6543 0.1230083167037789 2.09429432739967
6544 0.1229912786772046 2.094350674530987
6545 0.1229745594887231 2.094405548173407
6546 0.1229581690573089 2.094461127659001
6547 0.1229415301603086 2.094515306078819
6548 0.1229248264794181 2.09457015473213
6549 0.1229080148328289 2.094625305576083
6550 0.1228911799775463 2.094680406414153
6551 0.1228745038590253 2.094735326114705
6552 0.1228580596899713 2.094790159005929
6553 0.1228411726500069 2.0948460302599
6554 0.1228250546154581 2.094898815758826
6555 0.1228084991712099 2.094953789575603
6556 0.1227914066864154 2.095008487166422
6557 0.1227751106455001 2.095063451805782
6558 0.1227583166320138 2.095116981019785
6559 0.1227421114689213 2.095170415736692
6560 0.122725231817405 2.095224478126558
6561 0.1227088652267504 2.095278236533836
6562 0.1226921509576127 2.095331037158978
6563 0.1226755123807016 2.095385287743433
6564 0.1226587433554869 2.095439143482424
6565 0.1226424864569868 2.095491702022341
6566 0.1226260517065397 2.095545775012592
6567 0.1226094669282206 2.0955979662808
6568 0.1225926296082403 2.095651932309431
6569 0.1225759743607295 2.095706107251877
6570 0.1225596235957505 2.0957582614749
6571 0.1225432859387498 2.095810568323349
6572 0.1225269218687972 2.095861903650504
6573 0.1225099054278685 2.095915409594932
6574 0.1224936209165681 2.095967544032445
6575 0.1224770299420018 2.096019806596604
6576 0.1224604476724614 2.096071778411197
6577 0.1224440811966995 2.096124267214357
6578 0.1224274940624699 2.096176479940691
6579 0.1224115111447246 2.096232056782554
6580 0.1223947396238887 2.096279521602954
6581 0.1223780128122692 2.096331274798136
6582 0.1223615082994779 2.096382630594592
6583 0.1223450285677426 2.096434106171592
6584 0.1223283161763167 2.096485531038857
6585 0.122311514548729 2.096538005646017
6586 0.1222955339299535 2.096588197986561
6587 0.1222792273960703 2.096638913730767
6588 0.1222627612712434 2.096689925654124
6589 0.1222461324503929 2.09674089406586
6590 0.1222292474246975 2.096792453409563
6591 0.1222132646083887 2.096841981285325
6592 0.1221969472625193 2.096892415261698
6593 0.1221802225160596 2.096943708459404
6594 0.1221641434899863 2.096993425330347
6595 0.1221477375616603 2.097042491321588
6596 0.1221310968504089 2.097093484488229
6597 0.1221143632313724 2.097144731115398
6598 0.1220980592774231 2.097193574363377
6599 0.1220818458028981 2.097243981767376
6600 0.1220656703444464 2.097291762024717
6601 0.1220494170115858 2.097345577439598
6602 0.122032519335821 2.09739193685613
6603 0.1220163863881982 2.097440301844676
6604 0.1219998022246845 2.097489120437508
6605 0.121983840709763 2.097541790179831
6606 0.1219669935049895 2.097587422109546
6607 0.1219510245909039 2.097639321151299
6608 0.1219343557292428 2.097685066769282
6609 0.1219179809207017 2.097734101408136
6610 0.1219015289472064 2.097782904354132
6611 0.1218849976966144 2.09783158227241
6612 0.1218687160324007 2.097880164060834
6613 0.1218524258436688 2.097929448873574
6614 0.1218362417595041 2.097977169540992
6615 0.1218199831890549 2.098025119541821
6616 0.1218036189849512 2.098073268520657
6617 0.121787158921907 2.098121396734236
6618 0.1217708003986621 2.098169311140907
6619 0.1217544320514208 2.09821795260244
6620 0.1217384535643414 2.098263978744359
6621 0.1217221813676348 2.098312866123176
6622 0.1217057640278393 2.098359090862656
6623 0.1216891871709606 2.098407862573487
6624 0.1216733008056868 2.098454306003998
6625 0.1216570964316128 2.098501055305182
6626 0.1216407050435714 2.098548105680586
6627 0.1216240959972456 2.098595959217621
6628 0.1216080965206811 2.098641314667361
6629 0.1215917381550157 2.098688649662244
6630 0.1215754598649166 2.098736169375761
6631 0.1215595020314305 2.098780999415625
6632 0.1215430602247023 2.098828904546199
6633 0.1215268426080419 2.098873914212621
6634 0.1215102773376711 2.098921500048191
6635 0.1214942778837718 2.098967598186439
6636 0.1214781645124876 2.099012796022276
6637 0.1214626878396543 2.099061082055819
6638 0.1214459544916284 2.099103396896551
6639 0.1214293826609631 2.099148466928178
6640 0.1214128680794154 2.099195028867652
6641 0.1213973101110232 2.099243802789633
6642 0.1213808269723728 2.099286058386018
6643 0.1213647402660605 2.099331629583341
6644 0.1213484976453803 2.09937698762704
6645 0.1213321174429618 2.099422148723598
6646 0.1213159685710251 2.099466911625888
6647 0.1212999437763138 2.099512080993855
6648 0.1212837358208223 2.099557089630089
6649 0.1212677048385088 2.099602051475005
6650 0.1212515165596085 2.099646695780585
6651 0.1212355230784782 2.099691830171672
6652 0.1212195022420045 2.099735680619396
6653 0.1212032210248314 2.099779858242728
6654 0.1211870777791487 2.099824047388163
6655 0.1211709080642124 2.099868073781551
6656 0.1211544914274869 2.099912960403358
6657 0.1211384629158331 2.099957000399457
6658 0.1211225378511128 2.100000033767005
6659 0.1211067460977562 2.100043084709509
6660 0.1210902363432586 2.100087496838618
6661 0.121074031061021 2.10013052813803
6662 0.1210582246786671 2.100173382671169
6663 0.1210418488400132 2.100217503669347
6664 0.1210260700774803 2.100259229960836
6665 0.1210104136466962 2.10030612715928
6666 0.1209938491716623 2.100345668698631
6667 0.1209779852698448 2.100391538246119
6668 0.1209614805342093 2.100431020377572
6669 0.1209455114515661 2.100474209337292
6670 0.1209294700098655 2.100516890351757
6671 0.1209135427269707 2.100559612509308
6672 0.1208974888707658 2.100601391528321
6673 0.1208812826560274 2.100645331593518
6674 0.1208653855366181 2.100687083854158
6675 0.1208494321383283 2.100728916142856
6676 0.1208335162527472 2.100770986975674
6677 0.1208173836310308 2.100813101180687
6678 0.1208013395641166 2.100854919712451
6679 0.1207854032091825 2.100896504855742
6680 0.1207694557576551 2.100938101767712
6681 0.1207534051007525 2.100979754577283
6682 0.1207373870523256 2.101021198359189
6683 0.12072128379082 2.101061827535664
6684 0.1207051828577064 2.101103803909817
6685 0.1206895691346167 2.101145141361695
6686 0.1206734767962547 2.10118517935885
6687 0.1206574603207592 2.101227839125563
6688 0.1206417097022255 2.101267359017677
6689 0.120625708022799 2.101308666240729
6690 0.1206096714242451 2.101350019195055
6691 0.1205938646924828 2.101389811960082
6692 0.1205782559825805 2.101429120066196
6693 0.1205625669657692 2.101473027830774
6694 0.1205465691374337 2.101508716260257
6695 0.1205301807256574 2.10155312418165
6696 0.1205140066323398 2.101589902812388
6697 0.1204980467077666 2.101629991978007
6698 0.1204823399492886 2.101669811145815
6699 0.1204661972252975 2.101709836868918
6700 0.120450576858451 2.101750035822913
6701 0.1204346817582472 2.101788990230076
6702 0.1204188797730316 2.101828217947886
6703 0.1204030662990794 2.101867418668981
6704 0.1203870322891379 2.101906707727788
6705 0.1203710256140088 2.101945297452225
6706 0.1203551253087885 2.101985010131576
6707 0.1203394307425109 2.102023952016666
6708 0.1203235249557793 2.102062890635646
6709 0.1203078081555745 2.102101828303436
6710 0.1202917122461957 2.10213988744891
6711 0.1202760131044101 2.102179181665118
6712 0.1202603442577965 2.102217745967583
6713 0.1202445249132002 2.102256292576013
6714 0.1202287658364214 2.102294378047368
6715 0.1202129458596498 2.102332373018831
6716 0.120197113423294 2.1023697827431
6717 0.1201808379658982 2.102409302420059
6718 0.120165420765959 2.10244587358198
6719 0.1201495000202703 2.102484055315641
6720 0.1201341050143779 2.102521479730455
6721 0.1201179726261189 2.10255929878424
6722 0.1201030218683521 2.102598721595256
6723 0.1200866882432484 2.102633533605963
6724 0.1200707808706304 2.102670405101434
6725 0.1200553205175533 2.102710192473764
6726 0.1200390415103015 2.102744419390095
6727 0.1200232589072725 2.102780796972872
6728 0.12000768130621 2.102821333714434
6729 0.1199918647705182 2.102855110434411
6730 0.1199761602391149 2.102891199083327
6731 0.1199607729430299 2.102931189136216
6732 0.1199446286451319 2.102964875213243
6733 0.1199285590369429 2.103000787428526
6734 0.1199131352685547 2.103037896235598
6735 0.1198976257894744 2.103074109362565
6736 0.1198819626276038 2.103109754031782
6737 0.1198666106478057 2.103148957345518
6738 0.1198504653440789 2.10318207372802
6739 0.1198346418726334 2.103217944321941
6740 0.1198190791001339 2.103253074984381
6741 0.1198034144619426 2.103288669934847
6742 0.1197877469960267 2.103324121310564
6743 0.1197718569024469 2.103359705888817
6744 0.1197560213356419 2.103395160038443
6745 0.1197401795331592 2.103430841884037
6746 0.119724942128781 2.103464655856895
6747 0.1197093176649159 2.103498532388221
6748 0.1196931831333804 2.103533339663883
6749 0.1196771465408297 2.103568447118836
6750 0.1196617087101871 2.103602059881597
6751 0.1196459397281755 2.103637787861282
6752 0.119630476755977 2.10367320617567
6753 0.1196154996387778 2.103706555671672
6754 0.1195998624517701 2.103740859795902
6755 0.1195833214900772 2.103777515402579
6756 0.1195687456640194 2.103810429961355
6757 0.1195526627254632 2.103846418241988
6758 0.1195379496134135 2.103879057774433
6759 0.1195220409428616 2.10391374224658
6760 0.1195070411805934 2.103946288559505
6761 0.1194903568894035 2.103982260058493
6762 0.119475523349595 2.104014680683448
6763 0.1194600007600287 2.104048100587397
6764 0.1194445242255972 2.104081175038241
6765 0.1194284384801851 2.104115205643325
6766 0.119412935686731 2.104148671711338
6767 0.1193978524655816 2.104180501434662
6768 0.1193819850173167 2.104215326037879
6769 0.1193668533458566 2.104247799648723
6770 0.1193513270693243 2.104280401494767
6771 0.1193359714735441 2.104312375086369
6772 0.119320055383749 2.104344838688308
6773 0.1193044964595493 2.10437740999737
6774 0.1192889224317953 2.104409806924349
6775 0.1192735428963406 2.104441906856819
6776 0.1192579732783959 2.104474185561918
6777 0.1192423780217939 2.10450625189055
6778 0.1192269563571868 2.104538207623233
6779 0.1192116135790431 2.104569994740666
6780 0.1191961488436669 2.104601800703797
6781 0.1191805741091304 2.104633649024857
6782 0.1191649946050551 2.104665412691442
6783 0.1191500315241877 2.104699435442924
6784 0.1191342092098911 2.104728344538234
6785 0.1191187067412258 2.104759450901999
6786 0.119103867207378 2.104793396603661
6787 0.119088086678026 2.104822079918018
6788 0.1190723745349466 2.104852740981704
6789 0.1190573603266741 2.104886410312316
6790 0.1190415733077375 2.104914816954746
6791 0.1190267492583513 2.104947455551923
6792 0.1190108115054221 2.10497600510023
6793 0.1189953297718064 2.105006325034489
6794 0.1189802770352343 2.105039145742703
6795 0.1189644354559339 2.105067244198878
6796 0.1189490997171067 2.105097231641237
6797 0.1189341582487501 2.105130254254465
6798 0.1189184875510961 2.105157966275965
6799 0.1189034008715242 2.105190056722382
6800 0.1188875841498666 2.105217727997828
6801 0.1188725448463401 2.105249780413768
6802 0.118856708781014 2.10527707809475
6803 0.1188419539531022 2.105306403576002
6804 0.1188264218726216 2.105335626576038
6805 0.118810932327919 2.105369192268113
6806 0.1187956619885091 2.105396012543267
6807 0.1187804311129304 2.105424704281824
6808 0.1187655191950189 2.105456188098385
6809 0.1187495064569165 2.10548333872139
6810 0.1187342723298489 2.105511985037628
6811 0.1187194309459062 2.105543351305018
6812 0.1187039607310458 2.105569688521654
6813 0.1186889115405325 2.105600630269597
6814 0.1186732376952664 2.105626964615797
6815 0.1186577437130788 2.105655154734681
6816 0.1186424971286169 2.105683483974953
6817 0.118627586447992 2.105714576310703
6818 0.1186122469998308 2.105740313381035
6819 0.1185973301831758 2.105770528129311
6820 0.1185816575907391 2.105796353787884
6821 0.1185665456298826 2.105826336497411
6822 0.1185509458882706 2.105851945026981
6823 0.1185362684200424 2.105881387901915
6824 0.1185205261149257 2.105907130766309
6825 0.1185056577442368 2.105936815373262
6826 0.1184902064075963 2.105961801553007
6827 0.1184749217579466 2.10599153650855
6828 0.1184595290813387 2.10601693967652
6829 0.1184442237683679 2.106043536808138
6830 0.1184296457713232 2.106073278606258
6831 0.1184138673561906 2.106098388433892
6832 0.1183987918362565 2.106125060028091
6833 0.1183840462487287 2.106154524191755
6834 0.1183686756008608 2.106178979048481
6835 0.1183539265071292 2.10620744612614
6836 0.1183382755749159 2.106231728358815
6837 0.1183229449131096 2.106257963614432
6838 0.1183079779809221 2.106286580455275
6839 0.1182926620535988 2.106310642713811
6840 0.1182775557906446 2.106336544288236
6841 0.1182626212960259 2.106364700685012
6842 0.1182473611205272 2.106389018561147
6843 0.1182323581080292 2.106416333226171
6844 0.1182170790021059 2.106440370615734
6845 0.118202379636834 2.106467280516136
6846 0.1181865167663804 2.106491581418489
6847 0.1181720211992714 2.106518613421377
6848 0.1181567203917954 2.106542182530921
6849 0.1181415110933438 2.106569721704485
6850 0.1181263087618405 2.106593541342915
6851 0.1181117795193818 2.106619689159539
6852 0.1180964093519584 2.106642744760205
6853 0.1180811034242621 2.106667208503043
6854 0.1180659193808171 2.10669479513821
6855 0.1180506291965333 2.106717778113965
6856 0.1180362836701861 2.106741675206303
6857 0.1180207805625733 2.106768476581846
6858 0.1180056578085083 2.106791562765357
6859 0.1179911190141076 2.106815106291521
6860 0.117975551685341 2.106841772391012
6861 0.1179604485436805 2.106864383078197
6862 0.1179457057931273 2.106888236942611
6863 0.1179308818163325 2.106913893390896
6864 0.1179156696300248 2.106936166294297
6865 0.1179006253580611 2.106961341012327
6866 0.1178855348663724 2.106983337997949
6867 0.1178706123904056 2.107006512724483
6868 0.1178555201196641 2.107029919878461
6869 0.1178405947087556 2.10705516405695
6870 0.1178256733186192 2.107076432706033
6871 0.1178102531105589 2.107101588432764
6872 0.1177953072154915 2.107123046625556
6873 0.1177808621755907 2.10714746001427
6874 0.1177653223657207 2.107169962891125
6875 0.1177504767187088 2.10719212906981
6876 0.1177360087653996 2.107215968052901
6877 0.117720830158845 2.107238964101221
6878 0.1177059708039862 2.107259785537086
6879 0.1176910211513535 2.107283860741777
6880 0.1176755517932967 2.107304740920427
6881 0.1176608792283475 2.107326529166111
6882 0.1176459138001373 2.107350963443114
6883 0.1176308636401717 2.107371628504738
6884 0.1176165344872578 2.107392891975247
6885 0.1176012725281363 2.107417196526029
6886 0.1175865382265268 2.107437129940306
6887 0.1175713652558958 2.107460567035361
6888 0.1175563677664886 2.107480690779602
6889 0.1175418604511098 2.107501559428848
6890 0.1175266360286079 2.107525165781533
6891 0.1175117710491627 2.107544974939249
6892 0.1174971835099726 2.107565616227236
6893 0.1174818709115897 2.107588975032506
6894 0.1174669790272123 2.107608235747226
6895 0.1174522096742368 2.107628903779331
6896 0.1174375880686091 2.10765114002793
6897 0.1174223454446982 2.10767106401654
6898 0.1174077345457568 2.107692726109415
6899 0.1173927902835079 2.10771216239552
6900 0.11737830083268 2.107731903662169
6901 0.1173630098410018 2.10775443185617
6902 0.1173481818125076 2.107773720175127
6903 0.1173336628584894 2.107793201464831
6904 0.1173187269537932 2.107815198188515
6905 0.1173043481026886 2.107835076207722
6906 0.1172892121071845 2.107853645021801
6907 0.117274352932706 2.107874540998167
6908 0.1172595609192609 2.107893237303539
6909 0.117244341388732 2.107914516605361
6910 0.1172295976165807 2.107933205883605
6911 0.1172151584948885 2.107952200085869
6912 0.117200801444751 2.107972383374193
6913 0.1171854456992909 2.107991390405441
6914 0.1171710056816145 2.108009650198766
6915 0.1171557349087632 2.108030510842326
6916 0.1171410630146449 2.108048418400201
6917 0.1171266644793545 2.108066617758474
6918 0.1171118353943154 2.108087566251738
6919 0.1170969451607665 2.108104790847397
6920 0.1170823115738808 2.108122701097503
6921 0.1170673110279566 2.108143507577961
6922 0.1170525950916132 2.108160538036723
6923 0.1170380359791276 2.108178580893573
6924 0.1170233339281637 2.108196889853806
6925 0.1170087626941395 2.10821477695426
6926 0.1169938947985055 2.108234844945799
6927 0.1169790288383464 2.108251411542135
6928 0.1169644782884277 2.108269017109677
6929 0.1169500054998319 2.10828843142162
6930 0.1169353817505266 2.10830439603313
6931 0.1169205383368463 2.108323448991003
6932 0.116905719080667 2.10833966405552
6933 0.1168908401733654 2.108358594380641
6934 0.1168762859260302 2.108374374928938
6935 0.1168618322664196 2.108393207864117
6936 0.1168470783507095 2.108408926346747
6937 0.1168323171406577 2.108427657505573
6938 0.1168177378636745 2.108443030611958
6939 0.1168031110784418 2.10845946615694
6940 0.1167885242706778 2.108478218354776
6941 0.116773587733791 2.108493921073812
6942 0.116759283984401 2.108509794340255
6943 0.11674451935301 2.10852807258581
6944 0.1167299242953923 2.108542849587127
6945 0.1167150264464835 2.108561105334933
6946 0.1167004854416648 2.108576123022752
6947 0.1166862126536328 2.108591672523483
6948 0.1166716046889141 2.108609520591787
6949 0.1166566548378898 2.108624084519829
6950 0.11664237334041 2.108639476174597
6951 0.1166275991587841 2.108655606723462
6952 0.1166132201168187 2.108671022518225
6953 0.1165981885273486 2.108686965309549
6954 0.1165839303291304 2.10870199019245
6955 0.1165690215169957 2.10871768961181
6956 0.1165549553249448 2.10873267279166
6957 0.1165402939289198 2.108749892198357
6958 0.1165256351164077 2.108763708296592
6959 0.1165107890597164 2.1087803957479
6960 0.1164967209328584 2.108793762934834
6961 0.1164822947454815 2.108808503586487
6962 0.1164676063959484 2.108825186994116
6963 0.1164531992418721 2.108838291027196
6964 0.1164386039263316 2.108852575181536
6965 0.1164237418425967 2.108869086288691
6966 0.1164094096427636 2.108882244005795
6967 0.1163950165349115 2.108896316232344
6968 0.1163808893058333 2.108910233010993
6969 0.1163662246931585 2.108924515543415
6970 0.1163515237172945 2.108940295285507
6971 0.116336915252578 2.108953068165398
6972 0.1163227794510899 2.108966430961748
6973 0.1163082172095878 2.108982019452125
6974 0.1162936832262173 2.108994065899725
6975 0.1162794549946486 2.109009068907381
6976 0.1162650853054493 2.109022791203041
6977 0.1162504703914663 2.109035120602113
6978 0.1162362790741418 2.109049544015602
6979 0.1162211519599071 2.109061874697353
6980 0.1162070999139912 2.109074457378112
6981 0.1161923954642029 2.109089135134419
6982 0.1161782818223804 2.109100788468666
6983 0.1161639622903483 2.109113392392382
6984 0.1161494999441528 2.10912786434363
6985 0.116134922082006 2.109139476363392
6986 0.1161204443702828 2.109153421444889
6987 0.116105837651678 2.109164844254412
6988 0.1160919188524167 2.109176807294054
6989 0.1160777024199753 2.109190627866295
6990 0.1160628946342848 2.109201915971667
6991 0.1160487590159557 2.109213520167453
6992 0.1160342996607765 2.109226873968052
6993 0.1160194019879849 2.109238064561529
6994 0.1160054970333659 2.109249537802988
6995 0.1159910171010705 2.109262774846271
6996 0.1159769064175483 2.109273361093758
6997 0.1159623361870812 2.109286226980234
6998 0.1159478238089196 2.109296867196589
6999 0.1159335838741678 2.109308072405655
7000 0.115919599819206 2.10931920211804
