"rf_coeffs"
"Iteration" "cd etc.."
("Iteration" "cd" "cl")
1 5.902662517916822 2.084471570110935
2 0.9530020951164381 0.979563395198718
3 0.3663617134396637 0.1773722678481885
4 -0.05385062697152319 0.0753105294568123
5 0.2110173286827894 -0.06807396732335325
6 -0.03209810275604495 -0.005331248445095351
7 0.1039901363702953 0.01307691476020593
8 0.01578199505643002 0.09039015118056051
9 0.08206880502386812 0.08798490863045025
10 0.04869047000126599 0.1252529667308381
11 0.06925755218494564 0.08351686176700229
12 0.05662440046489284 0.1121142071727759
13 0.05591023298502992 0.08244434585172873
14 0.05372380136171272 0.1127792879328569
15 0.04754055365502902 0.09821718400357436
16 0.04671678741729513 0.111665611157242
17 0.04267311852953608 0.1149948056695884
18 0.04170561557999315 0.1165954879816614
19 0.03966259917604929 0.1225212246474326
20 0.03904676916822938 0.1244980787920782
21 0.03681865869408638 0.1197016868992044
22 0.03622029672803707 0.1197532977357266
23 0.03550621570827408 0.1274465994564825
24 0.03467979423743357 0.1215970914349521
25 0.03430173808377278 0.1316184507298127
26 0.03308553212247889 0.1273369653288298
27 0.0328686601054314 0.1311571664226455
28 0.03168542439142361 0.131423010138717
29 0.03150193045415879 0.1328190428679098
30 0.03070633738863743 0.1346281465109002
31 0.03017502439856694 0.1349380366879722
32 0.02981957290265133 0.1369599390191539
33 0.02918359265613067 0.1373495803808334
34 0.02888087174767646 0.1386868907422158
35 0.02832773464025704 0.1397052367587472
36 0.02792083104999162 0.1401003569764975
37 0.02752118155966547 0.1416790637174804
38 0.0270471231822766 0.1418298889403675
39 0.02673529488139463 0.1434333347491478
40 0.02627720473456781 0.1436804301422345
41 0.02594765008372468 0.1449424213073722
42 0.02554736835359465 0.1456998883346271
43 0.02522197306238495 0.1465193492014863
44 0.02488589435101534 0.1475370467270223
45 0.02453838643851276 0.1479517952204865
46 0.02427219328793777 0.1490987287534939
47 0.023946737443718 0.1497004343396923
48 0.02370437528781128 0.1506036905052728
49 0.02342967903946755 0.1513147604920874
50 0.02320717151475689 0.1520814964741706
51 0.02299182272439921 0.1528040356709183
52 0.02277720930436603 0.1535037282611399
53 0.02260426040036988 0.1542876522330983
54 0.02242807676963138 0.1548680735720682
55 0.02228793950557034 0.1556683093462732
56 0.02214147408774882 0.1563237768356088
57 0.0220131206648647 0.156997176035524
58 0.02189828702889198 0.157757644041697
59 0.02178887045001631 0.1583939761075256
60 0.02169329374865885 0.1590738035564609
61 0.02159279183706692 0.1597122786282688
62 0.02150406275989497 0.1604083168226671
63 0.02141729557353564 0.161078702546301
64 0.02132734111897903 0.16172293938951
65 0.02124458340797856 0.1624347923917405
66 0.02115523516958007 0.1630601322903201
67 0.02107103191185892 0.16375260351659
68 0.02097806806228746 0.164356158846056
69 0.02089649436579656 0.1650329720577453
70 0.02080179728156868 0.1656327627925672
71 0.0207156587067548 0.166302396624992
72 0.02062042158756866 0.1668978258385613
73 0.02053232608359103 0.1675469082613727
74 0.0204354564609776 0.16811019404159
75 0.0203473747298575 0.1687475709794024
76 0.02025176971520213 0.1693141280623527
77 0.02016878715043362 0.1699376931507929
78 0.0200820807990582 0.1704949602481925
79 0.02000066948374567 0.1710922296707483
80 0.01991740577109732 0.1716181882046616
81 0.01984068614506355 0.1721854622315847
82 0.01976494775782136 0.1727281883786813
83 0.01969676918780921 0.1733270806769471
84 0.01962242236799259 0.1738391754711178
85 0.01956171483469104 0.1743345861745184
86 0.01950511100667629 0.174867524854197
87 0.01944846170745745 0.1753756224912167
88 0.01939662362124326 0.1758781952901407
89 0.01934795266406587 0.1763774997995832
90 0.01930482344533262 0.1768389042948296
91 0.01926603662332509 0.1773490400149254
92 0.01923045527062938 0.1777864181645594
93 0.01919537510155571 0.1782550074999146
94 0.01916806506101584 0.1787318223633795
95 0.01913824087516663 0.1791599067380494
96 0.0191162660708754 0.179622165975426
97 0.01909416875607995 0.1800321618287968
98 0.01907716019919374 0.1804849966149576
99 0.01905965607243281 0.1808722787390779
100 0.01904635086416153 0.1812983428418206
101 0.01903402528628521 0.1816756837840867
102 0.01902375773556231 0.1820902741438306
103 0.01901539664531709 0.1824718399616868
104 0.01900894269620816 0.1828349981794773
105 0.01900497793707063 0.1832247167900185
106 0.01900043277581135 0.1835718147888053
107 0.01899920725670473 0.1839494095075454
108 0.01899793001235414 0.1842784779824636
109 0.01899832830869196 0.1846350146458246
110 0.01899985032890206 0.1849531679269023
111 0.01900147333434462 0.1852951688913223
112 0.01900698624588351 0.1856067205897902
113 0.01900982740526401 0.1859363435009641
114 0.0190164335097244 0.1862353350138513
115 0.01902099021383899 0.1865437457594381
116 0.01902882751025186 0.1868315371426158
117 0.01903545197615189 0.1871312028340189
118 0.01904459101768111 0.1874103763849423
119 0.01905156472028703 0.1876914003674156
120 0.01906357600640441 0.1879617563953046
121 0.01907214943147212 0.1882358810038921
122 0.01908440042421138 0.1884992511781403
123 0.01909305225104101 0.1887580619274624
124 0.01910781380554672 0.1890166311485082
125 0.01911672716042326 0.1892659197984112
126 0.01913215189011097 0.1895057353782807
127 0.01914285016763285 0.1897581822336502
128 0.01915877241456886 0.1900003130247039
129 0.01916970848993263 0.1902335334349471
130 0.01918627242558429 0.190467171578079
131 0.01919797780724512 0.1906935908684587
132 0.01921566212760552 0.1909217231049397
133 0.019228138146913 0.1911410310118369
134 0.01924599347721872 0.1913645603221613
135 0.01925947617353469 0.1915863258360526
136 0.01927662260546015 0.1917957976649703
137 0.01929162643318005 0.1920068897887285
138 0.01930940174247154 0.192229440204288
139 0.01932507933658446 0.1924373077613456
140 0.0193417317669785 0.1926391151582364
141 0.01935823915622023 0.1928393196123694
142 0.0193748791628409 0.1930429485113744
143 0.01939197882352748 0.1932438735825089
144 0.01940946771689446 0.1934491522070132
145 0.01942669741500302 0.1936468142407756
146 0.01944398297683705 0.1938416688152999
147 0.0194615904300967 0.1940382531398783
148 0.01947876452083943 0.1942313664865085
149 0.01949657046877809 0.1944272973327023
150 0.01951347133674801 0.1946166094875871
151 0.01953119545784554 0.194810047915803
152 0.01954883680624454 0.1949993552359096
153 0.01956635458372806 0.1951881624121181
154 0.01958394303125075 0.1953762605384989
155 0.01960141578584954 0.1955638849794333
156 0.01961881897388296 0.1957507345603289
157 0.01963612744272897 0.1959368492830287
158 0.01965345003897168 0.1961217490183273
159 0.01967058417609907 0.1963065416459552
160 0.01968710024459552 0.1964873632065671
161 0.01970438940615735 0.1966725240021887
162 0.01972111087471946 0.1968562366234869
163 0.01973794297574191 0.1970388219364989
164 0.01975445741339669 0.1972203672674574
165 0.01977084587693816 0.1974008682758059
166 0.01978708365698636 0.1975811099787159
167 0.01980309552522458 0.197760826040291
168 0.01981894002188139 0.1979399758922689
169 0.01983457634942284 0.1981184789896856
170 0.01984997813057602 0.1982966847472141
171 0.01986531413591159 0.198474267928351
172 0.01988035911867394 0.1986510922816399
173 0.01989520802617759 0.1988275680017434
174 0.01990978933371448 0.1990034742794091
175 0.01992421462795708 0.1991791663306901
176 0.0199383591980213 0.199353928217784
177 0.01995223953361544 0.1995280100974055
178 0.01996550134048013 0.1996979254279289
179 0.01997926271437476 0.1998815284691427
180 0.01999249294406522 0.2000431743034098
181 0.02000509197381363 0.2002218986051738
182 0.02001823438203748 0.2003855599873302
183 0.02003008109989877 0.2005637401334684
184 0.02004285402825322 0.2007265685796119
185 0.02005419601447565 0.2009009900049247
186 0.02006588154694361 0.2010631415183624
187 0.02007708593148841 0.201237404279463
188 0.02008863309690068 0.2014004618215827
189 0.0200995139002752 0.2015729414287405
190 0.02010972338038102 0.2017303883356956
191 0.02012021023833409 0.2019022382231354
192 0.02012906432216669 0.2020534459076695
193 0.0201397553170709 0.2022295347915877
194 0.02014838243938068 0.2023810605162118
195 0.02015856923421908 0.2025542669047634
196 0.02016648661785039 0.2027032561171883
197 0.02017607845263252 0.2028737819455158
198 0.02018333981454538 0.203020619834003
199 0.02019240970879149 0.2031895401301874
200 0.02019911864148301 0.2033346488860048
201 0.02020761153178771 0.20350116395215
202 0.02021410963888591 0.2036490024200154
203 0.02022120780970628 0.2038061432686727
204 0.02022789025985925 0.2039530425905794
205 0.0202342432598449 0.2041088522629562
206 0.02024050094146664 0.2042539024405721
207 0.02024639087965992 0.2044093959883491
208 0.02025189540178193 0.2045501207198061
209 0.02025700846890521 0.204700933852512
210 0.0202623681868022 0.2048419578484401
211 0.02026689371833808 0.2049907529037357
212 0.02027169092967798 0.205129816356468
213 0.02027600270243984 0.2052763370017826
214 0.02027999422514059 0.2054090450008786
215 0.02028391172717485 0.205553870983974
216 0.02028724058324678 0.2056851938983715
217 0.02029083592986243 0.2058292784063656
218 0.02029337662680101 0.2059554811556892
219 0.02029658137393914 0.2060964058379018
220 0.02029969705990308 0.206222001884991
221 0.02030172885276462 0.2063564641137315
222 0.02030383768265477 0.2064806431200875
223 0.02030556273897634 0.2066121382058327
224 0.02030801998710639 0.2067334313564828
225 0.02030880742359668 0.2068620552378159
226 0.02031106254139415 0.206980494971621
227 0.02031145808400279 0.2071070121125167
228 0.02031315149911024 0.2072207604973196
229 0.0203135625805504 0.2073440655430571
230 0.02031424542699795 0.2074549101862906
231 0.02031467096011286 0.2075749827467067
232 0.02031479139860772 0.2076828882646742
233 0.02031481826308708 0.2078009134722246
234 0.02031512302739323 0.2079047938544832
235 0.02031450700908704 0.2080189807146219
236 0.02031460384219309 0.2081195431490155
237 0.02031361449097743 0.2082307584131949
238 0.02031347157512929 0.2083281457502814
239 0.02031248038851175 0.2084363375401262
240 0.02031125537967225 0.2085306444610266
241 0.02031046908569312 0.2086318124533906
242 0.02030912446461126 0.2087328235978
243 0.02030824231871299 0.2088233821946468
244 0.02030633834935374 0.2089166601930766
245 0.02030502704741913 0.2090091606343138
246 0.02030325523658382 0.2091002238099571
247 0.02030162350971896 0.2091893498088309
248 0.02029972993222937 0.2092766491288985
249 0.02029805930161038 0.2093631255558048
250 0.02029586566715616 0.209446595552285
251 0.02029386708965255 0.2095282014340596
252 0.0202914711281396 0.2096086185408753
253 0.02028929040705617 0.2096874555365232
254 0.02028687588074615 0.2097650218321803
255 0.02028452674490526 0.2098409567618833
256 0.02028201981838159 0.2099152792445932
257 0.02027963440508723 0.2099890585394035
258 0.02027681160487561 0.2100585415361113
259 0.0202742428696105 0.2101284207321877
260 0.02027151970564186 0.2101967186666639
261 0.02026879987843171 0.2102634268877506
262 0.02026599810874671 0.2103285366228965
263 0.02026327140796725 0.2103929606220404
264 0.02026021106120656 0.2104536155654646
265 0.02025734529577099 0.2105143055737496
266 0.02025435468916285 0.2105736167812378
267 0.02025141883710336 0.210631347019175
268 0.02024849970704128 0.2106884072413313
269 0.0202453168718978 0.2107420076326385
270 0.02024229103033817 0.2107954964984247
271 0.02023919708626516 0.210847614499804
272 0.02023611087722263 0.2108983199035261
273 0.02023298916634184 0.2109474456890977
274 0.02022990916578599 0.2109957052109204
275 0.02022675018771906 0.2110422326924034
276 0.02022358004991071 0.2110874246925821
277 0.02022039582467639 0.2111313271538919
278 0.02021721980030346 0.211174005990085
279 0.02021403312890317 0.2112154212541515
280 0.02021085176928898 0.211255597205833
281 0.02020766367632999 0.2112945530327867
282 0.02020447951647984 0.2113322936333345
283 0.02020129471754759 0.2113689911925825
284 0.02019804521355546 0.211403878803835
285 0.02019490867307987 0.211438297793954
286 0.02019173256185297 0.2114715338705346
287 0.02018859121138353 0.2115035620523248
288 0.02018542512778571 0.2115343901460346
289 0.02018228137424551 0.2115641644295114
290 0.0201791753003248 0.2115931279609765
291 0.02017603638765179 0.2116206667275311
292 0.02017283846506614 0.2116467607194683
293 0.02016975872709605 0.2116726804712616
294 0.02016666119815786 0.2116973701368954
295 0.02016360111400134 0.2117210149411987
296 0.02016053510933928 0.2117436923792125
297 0.02015747918122156 0.2117654801066017
298 0.02015445266066026 0.2117861280274079
299 0.02015147667850346 0.2118063679912286
300 0.02014841599975339 0.211825001859993
301 0.01027346683029148 0.2083772748561482
302 0.01121221968001565 0.2065711251059341
303 0.009565256618758261 0.2064479376667515
304 0.01059012617633398 0.206756047952213
305 0.01031253010780495 0.2077556486410769
306 0.01104677716850859 0.2084674910285848
307 0.01092999394150718 0.2092029955737472
308 0.01129257046675463 0.2097936293705618
309 0.01118788626723812 0.2100966837908623
310 0.01128626043987353 0.2105192136436412
311 0.01123434684270794 0.210687411781562
312 0.01119861801611525 0.2109879444894752
313 0.01118870645994985 0.2111145894579204
314 0.01113283166343007 0.2113682471152946
315 0.01111554898504933 0.2115050115572955
316 0.01109660017239255 0.2116694664076794
317 0.01106589194914766 0.2118535927236748
318 0.01106619373405817 0.2119448533698965
319 0.01104392023176777 0.2121501406266059
320 0.0110354317512873 0.212235150691891
321 0.01102814160102695 0.2124071076873867
322 0.01100420602923725 0.2125121274634394
323 0.01099827384999889 0.2126209221744844
324 0.01097506910552594 0.2127465858114584
325 0.01095715513783554 0.2128174888716585
326 0.01094257196497139 0.2129187271017537
327 0.01091665495700185 0.212993381240569
328 0.0109034447513407 0.2130698200718692
329 0.01088134324449653 0.2131505511984258
330 0.0108634610460052 0.2132081682923105
331 0.01084961105931362 0.2132935218376364
332 0.01083087855128981 0.2133431388453753
333 0.01081994009588162 0.2134346013216404
334 0.01080630605323427 0.2134970975419204
335 0.01079513182113438 0.2135643876728874
336 0.0107871634001291 0.2136402946568709
337 0.01077798215013869 0.2136936340819335
338 0.01077267049432701 0.2137721751373593
339 0.01076693675256502 0.2138260138766443
340 0.01076422295281702 0.2138956745685355
341 0.01076110057482858 0.2139547591610982
342 0.01076102318896945 0.214012123753152
343 0.01076084156837277 0.2140717664585831
344 0.01076131644206767 0.2141227486617151
345 0.01076326343854564 0.2141792685682237
346 0.01076476054497731 0.2142261098723788
347 0.0107672686294736 0.2142762016329913
348 0.01076892744160005 0.2143209036014161
349 0.0107714191863325 0.2143618427122089
350 0.01077184915946562 0.2144017419563213
351 0.01077360413205521 0.2144389718701938
352 0.01077308200687806 0.214476500135313
353 0.01077332558175482 0.2145093291861821
354 0.01077133042141061 0.214543492557505
355 0.01076968914483997 0.2145725391668551
356 0.0107664909252688 0.2146050776141676
357 0.01076280968270963 0.2146325228346631
358 0.01075812529846459 0.2146621050691639
359 0.01075308529157191 0.2146888096652423
360 0.01074718308509987 0.2147163094554442
361 0.01074113594928433 0.2147429362979955
362 0.0107345827540265 0.2147686800593698
363 0.01072816580556882 0.214795552752103
364 0.0107213969625188 0.2148215732633476
365 0.01071465817168377 0.2148474281039314
366 0.01070813267804764 0.2148727108433521
367 0.01070148791118606 0.2148997182624484
368 0.01069524447698899 0.2149253702296487
369 0.01068896387271286 0.2149503062553322
370 0.01068347242503942 0.2149758757660109
371 0.01067788719280925 0.2150010633475366
372 0.01067279049588216 0.2150256920463984
373 0.01066824329451141 0.2150512600564459
374 0.01066387489838474 0.2150758323054318
375 0.01065981628554666 0.2150998098177302
376 0.01065600315376384 0.2151229476121419
377 0.01065255613235793 0.2151466362507674
378 0.0106493985411384 0.215169973733611
379 0.01064655238767138 0.2151933794640413
380 0.01064393485794739 0.2152159385436005
381 0.01064152771964832 0.2152380638078384
382 0.01063935811903829 0.2152596815246
383 0.0106373544381503 0.2152815596951495
384 0.01063559323173139 0.2153032552452363
385 0.01063398351853002 0.2153246644347383
386 0.01063251993777578 0.2153457434788369
387 0.01063117951200674 0.2153667176216258
388 0.01063000883182491 0.2153877816063204
389 0.01062887518162398 0.2154078178047601
390 0.01062792699684259 0.2154285450899071
391 0.01062704055653495 0.215448749768775
392 0.01062622785264662 0.2154687905776828
393 0.01062551085102207 0.2154891819807842
394 0.01062486566589477 0.2155089565815462
395 0.01062436548984449 0.2155284351597528
396 0.01062360174130542 0.2155485713095543
397 0.0106233452554864 0.2155682267290845
398 0.0106226764958616 0.2155881361871569
399 0.0106225468769613 0.21560770382662
400 0.01062194982314066 0.2156275534280641
401 0.01062192912011608 0.2156469948667274
402 0.01062140446219426 0.2156667850460153
403 0.01062144299308842 0.2156866486318715
404 0.01062096809828605 0.2157063803520664
405 0.010621060576668 0.2157262943366725
406 0.01062063758683337 0.2157461780935105
407 0.01062080735778946 0.2157658250654618
408 0.01062044146058259 0.2157856897606206
409 0.01062062956702035 0.215805355575156
410 0.01062033618948914 0.2158256437138786
411 0.01062056690854719 0.2158454406821175
412 0.01062030142558896 0.2158658642245208
413 0.01062042955092459 0.2158858923720482
414 0.01062042833762645 0.215906101547565
415 0.01062049961668443 0.2159264510997639
416 0.01062054924763175 0.2159469271754083
417 0.01062062478804332 0.2159674452369105
418 0.01062070046856311 0.2159880414317306
419 0.01062077677341149 0.2160087298592918
420 0.01062087588387671 0.2160295035274831
421 0.01062098736892896 0.2160504484688721
422 0.01062110711247781 0.2160714252881624
423 0.01062123161035416 0.2160925635304728
424 0.01062136403533055 0.2161137146735944
425 0.01062150703142097 0.2161350488773221
426 0.01062164961516101 0.2161563785759907
427 0.01062180145842179 0.2161779096340584
428 0.0106219532046452 0.2161994617056289
429 0.01062211192172108 0.216221169078019
430 0.01062226867127399 0.2162428567510101
431 0.010622429261033 0.2162646816389438
432 0.01062269613126104 0.2162857994466302
433 0.01062266396051314 0.2163088646709574
434 0.01062301849527711 0.2163299945189636
435 0.01062295077033703 0.216352980107145
436 0.01062333520258415 0.2163741286427731
437 0.01062327579919357 0.2163969841975505
438 0.01062364414362554 0.2164183460326785
439 0.01062355347857083 0.2164415338048808
440 0.01062391740861341 0.2164629236094823
441 0.01062381785483133 0.2164861155503005
442 0.01062417218345231 0.2165074542692311
443 0.01062406164912486 0.2165306698202788
444 0.01062439988924919 0.2165519849341883
445 0.01062427300725033 0.2165751949691529
446 0.01062458921518373 0.2165964474175146
447 0.01062444341536015 0.2166196204924258
448 0.01062473633868388 0.2166408089962986
449 0.01062459287907601 0.2166625970650146
450 0.01062471279354955 0.2166864651326083
451 0.01062483778578926 0.2167073384477487
452 0.01062472687374011 0.2167286509413942
453 0.01062472108236618 0.2167518322355994
454 0.01062482328274307 0.2167723969139814
455 0.01062467976219755 0.2167953176161487
456 0.01062479900239252 0.2168157757633609
457 0.01062457599698184 0.2168383049284511
458 0.01062467924851996 0.2168584842567078
459 0.01062441350621558 0.216880780884141
460 0.01062449612187551 0.2169007379264096
461 0.01062420046859559 0.2169228205399339
462 0.01062425509146678 0.2169425406519357
463 0.01062392390685711 0.2169642498178121
464 0.01062394666390054 0.216983653699072
465 0.01062358769392172 0.2170050154320607
466 0.01062353835912694 0.2170250791364574
467 0.01062325608922974 0.217045187904535
468 0.01062307503175778 0.2170646900567242
469 0.01062281693293718 0.2170840922118257
470 0.01062258619845466 0.2171033817815738
471 0.01062231988730319 0.2171225984346457
472 0.01062204849855082 0.217141611456681
473 0.01062176078460285 0.2171604441716341
474 0.0106214531785905 0.2171789984465063
475 0.01062114091238026 0.2171973738516347
476 0.01062080553485154 0.2172154753515869
477 0.01062046972030469 0.2172333977712939
478 0.01062011292044877 0.217250920322268
479 0.01061975586645523 0.2172683653635834
480 0.01061937619945917 0.2172855640430048
481 0.01061899056981085 0.2173025705830356
482 0.01061859128773369 0.2173192505046509
483 0.01061818483295825 0.2173356962194352
484 0.01061776986885572 0.2173518575305148
485 0.01061734637456358 0.2173678237432116
486 0.01061691706222501 0.217383511824881
487 0.010616446537593 0.2173987448838544
488 0.01061600937027368 0.2174139812792507
489 0.01061556926606767 0.2174290507461355
490 0.01061512042356556 0.2174437559071827
491 0.01061465943229052 0.2174582100564997
492 0.01061419165032852 0.2174723325467061
493 0.01061371842909241 0.2174862405644188
494 0.01061323913909816 0.2174999345052293
495 0.01061275888555547 0.2175133179401297
496 0.01061227577996107 0.2175263847120534
497 0.01061179223070067 0.2175392501449893
498 0.01061130643273825 0.2175518403739553
499 0.01061081888732205 0.2175642315949058
500 0.01061033149421494 0.2175763418021608
501 0.01060984354029495 0.2175882434256957
502 0.01060935779851931 0.2175998757290099
503 0.01060887304960036 0.2176113097471015
504 0.01060839104990859 0.2176224722287329
505 0.01060791047760155 0.2176334205760055
506 0.01060743241630589 0.2176440892722451
507 0.01060695722278424 0.2176545551793905
508 0.01060648623277608 0.2176647730752881
509 0.01060602029583012 0.2176748132127014
510 0.01060555978863347 0.2176846168585872
511 0.01060510459710403 0.2176942272260053
512 0.01060465447902366 0.2177035819850845
513 0.01060421024949325 0.2177127506870173
514 0.01060377248996098 0.2177216916005753
515 0.01060334257018604 0.2177304670914057
516 0.01060292036599288 0.2177390276264311
517 0.01060257012283711 0.2177474342910529
518 0.01060205397230881 0.2177556491036412
519 0.01060169396965202 0.2177636134555833
520 0.01060130574421752 0.2177713511732103
521 0.01060099290487541 0.2177790441647303
522 0.01060055307405714 0.2177866361686235
523 0.01060019539306862 0.2177936927205956
524 0.01059989856874345 0.2178009697680234
525 0.01059948860388942 0.2178080092011311
526 0.01059916694961145 0.2178146523277721
527 0.01059890911768303 0.2178215059185511
528 0.01059853126124166 0.2178279987740072
529 0.01059829484182185 0.2178343735338403
530 0.01059794275262113 0.2178406090624645
531 0.0105976782242779 0.217846556936331
532 0.01059741440297175 0.217852583951727
533 0.01059722764170393 0.2178587205135828
534 0.01059689849086239 0.2178643736605095
535 0.01059669657783949 0.2178700198887067
536 0.01059648365098991 0.2178755268226176
537 0.01059627605833728 0.2178809835602508
538 0.0105960839911663 0.2178863646925732
539 0.01059589685730432 0.2178916723534952
540 0.01059572680540703 0.217896895730869
541 0.01059556618368423 0.2179020644888729
542 0.01059540923536786 0.2179070968130714
543 0.0105952754089635 0.21791212474485
544 0.01059514802830191 0.2179170313508463
545 0.01059503752104302 0.2179219760911514
546 0.01059493598983534 0.2179268361965307
547 0.01059484746416714 0.2179317071792939
548 0.01059476725256953 0.217936498500135
549 0.01059469933010027 0.2179413115469851
550 0.01059462087596921 0.2179459642166435
551 0.01059459605480174 0.2179508793748538
552 0.01059456355600975 0.2179555947758075
553 0.01059451860113514 0.2179603553147411
554 0.01059450268105528 0.2179650741591246
555 0.01059449885539589 0.2179698533351616
556 0.01059450283748916 0.2179745964081053
557 0.01059451614412228 0.2179794169697637
558 0.010594535083796 0.2179842227709479
559 0.01059456576407598 0.2179891233993243
560 0.01059460297589262 0.2179940429353486
561 0.01059465045947046 0.2179990126809739
562 0.01059470216913479 0.2180039726780023
563 0.01059476425277343 0.2180090434047481
564 0.01059483256726613 0.2180140472715827
565 0.01059490990103057 0.2180192760666691
566 0.0105949900524317 0.2180245062718202
567 0.01059507676759217 0.2180298548052648
568 0.01059516830722222 0.2180352005538337
569 0.01059526704017542 0.2180406907534219
570 0.01059537012887594 0.2180461977360245
571 0.01059547949887726 0.2180518637256849
572 0.01059559181531712 0.2180575547581526
573 0.01059570976208895 0.2180634175668715
574 0.01059582953961252 0.2180693098882269
575 0.01059595419100899 0.2180753762296865
576 0.01059607955243743 0.2180814771243214
577 0.01059620899500092 0.2180877588430322
578 0.01059633843971427 0.2180940804690119
579 0.01059647139938509 0.218100590542093
580 0.01059660311992089 0.2181071510116116
581 0.01059673917219673 0.2181139106123048
582 0.01059687915070351 0.2181207119605507
583 0.01059701431114032 0.2181277098376451
584 0.01059714585301979 0.2181347470593573
585 0.01059727853047731 0.2181419910401665
586 0.01059742608993622 0.21814942360274
587 0.01059753576584216 0.2181567200134988
588 0.01059771822498905 0.2181642360854852
589 0.01059776282476055 0.2181721114892369
590 0.01059792218139774 0.2181799352410981
591 0.01059803605957816 0.2181878871289706
592 0.01059820149502755 0.2181957332047246
593 0.01059824509253891 0.2182043055130407
594 0.01059838192189646 0.2182125162900607
595 0.01059849873559843 0.2182211977763779
596 0.01059860786331547 0.218229754024503
597 0.01059870237195375 0.2182385202465703
598 0.010598790146895 0.2182473110267258
599 0.01059887725950585 0.218256358014965
600 0.01059895621424998 0.2182654534427412
601 0.01059902847937849 0.2182747497080795
602 0.01059909776211443 0.2182841082482305
603 0.01059916552969134 0.2182936649099941
604 0.0105992222107363 0.2183032388034984
605 0.01059927356387573 0.2183130056648922
606 0.01059931532726495 0.2183228226281992
607 0.01059935228211806 0.218332834077856
608 0.0105993796981124 0.2183428836303484
609 0.01059940197962887 0.2183531126358046
610 0.01059941411461521 0.2183633445464616
611 0.01059941934496586 0.2183737793710034
612 0.01059941445252035 0.218384234818218
613 0.01059940406602553 0.2183948363388242
614 0.01059938178617671 0.2184054494650688
615 0.01059935451669699 0.2184162160175118
616 0.01059933369603807 0.2184272015074853
617 0.01059926576589567 0.2184378644477636
618 0.01059922742614496 0.218448991384919
619 0.01059914474899377 0.2184598560034637
620 0.01059909255025633 0.2184711672552548
621 0.01059899048550844 0.2184821498117799
622 0.01059892009224185 0.2184935818413915
623 0.01059880192983361 0.2185046968804157
624 0.01059871486232605 0.2185162473382629
625 0.01059859402361594 0.2185276249869091
626 0.01059846600968349 0.2185389845544701
627 0.01059832773781792 0.2185504153078621
628 0.01059818259604607 0.2185618695604431
629 0.01059802986808823 0.2185733945590178
630 0.01059786877676634 0.2185849211514888
631 0.0105976995297873 0.2185964952923214
632 0.01059752125608099 0.2186080508301503
633 0.01059733473663766 0.2186196429809703
634 0.01059713964661092 0.218631215119253
635 0.01059693692313391 0.2186428186519559
636 0.01059672586185234 0.2186543915248646
637 0.01059650709855345 0.2186659771184201
638 0.01059627965518212 0.2186775098161538
639 0.01059604470861547 0.2186890492463907
640 0.01059580214743263 0.2187005426068082
641 0.01059555279335376 0.2187120460971946
642 0.01059529629330198 0.2187234903086973
643 0.01059503283267217 0.2187349257604684
644 0.01059476226756623 0.2187462845364568
645 0.01059446901548711 0.2187574654904189
646 0.01059420850563175 0.218768964890846
647 0.01059389992170612 0.2187800119127325
648 0.0105936265356448 0.2187913906016975
649 0.01059330420866658 0.2188023184369941
650 0.01059301949246813 0.2188135661836711
651 0.0105926864935095 0.2188243662184322
652 0.01059239119079689 0.2188354653466197
653 0.01059204746691362 0.2188461096626603
654 0.01059174266005304 0.2188570514201204
655 0.01059139064490745 0.2188675448096047
656 0.0105910776342212 0.2188783180259229
657 0.01059071759351386 0.2188886396017366
658 0.01059039719296725 0.2188992332334485
659 0.01059006732332595 0.2189091758648238
660 0.01058965268381736 0.2189198066080508
661 0.01058934249418564 0.218929865141484
662 0.01058899629316785 0.2189400092205782
663 0.0105886657818634 0.2189495183996059
664 0.01058823684211999 0.2189597310217098
665 0.01058795348674394 0.2189691618592604
666 0.01058751420424942 0.218979098962034
667 0.01058724004094294 0.2189883315043701
668 0.01058678815820698 0.2189979639499422
669 0.01058651903489777 0.2190070209340891
670 0.01058605874694741 0.2190163422750332
671 0.01058579143458726 0.2190251884579677
672 0.01058532891285532 0.2190342319083812
673 0.01058506210152738 0.2190428633464084
674 0.01058460258883227 0.2190516691334443
675 0.01058433601780839 0.2190600859684592
676 0.01058388194339225 0.219068661486734
677 0.01058361537652474 0.2190768509646264
678 0.01058316764427368 0.2190851846242077
679 0.01058290052602915 0.2190931178249277
680 0.01058245872305289 0.2191011773314867
681 0.01058219165899805 0.2191088554867865
682 0.01058175796417629 0.2191166727295123
683 0.01058149328003761 0.2191241245035996
684 0.01058106889739807 0.2191317115418794
685 0.0105808075034005 0.2191389330665517
686 0.0105803927231053 0.2191462834286518
687 0.0105801070407156 0.2191533422543462
688 0.01057975876956612 0.2191603035696805
689 0.01057947362632158 0.2191671224417587
690 0.01057909003601252 0.2191740503429131
691 0.01057880497797967 0.2191806155630906
692 0.01057847788172161 0.2191870802200245
693 0.01057817888961828 0.2191935139202121
694 0.01057786642314359 0.2191997962707886
695 0.01057757050295546 0.2192060423774167
696 0.01057727258172667 0.219212135706339
697 0.01057698506869007 0.2192181937979021
698 0.01057669922530056 0.2192240899378259
699 0.01057642043288392 0.2192299447515058
700 0.01057614515338784 0.2192356410761033
701 0.01057587687203659 0.2192413170772186
702 0.01057561303771837 0.2192468448736965
703 0.01057535569753461 0.2192523367809557
704 0.01057510187437673 0.2192576691419618
705 0.01057485539149567 0.2192629797438471
706 0.01057461260649838 0.219268154871805
707 0.01057437892055335 0.2192733342446455
708 0.01057414016394354 0.2192783052974947
709 0.01057393056446463 0.2192834630974586
710 0.01057370329053786 0.2192883146015479
711 0.01057350432163716 0.2192933191935439
712 0.0105732877771588 0.219298031159518
713 0.01057309955477394 0.219302906903015
714 0.0105728951170897 0.2193075135340641
715 0.01057271912948378 0.2193123004657964
716 0.01057252719437013 0.219316817414949
717 0.01057235300663026 0.2193214246140682
718 0.01057218292248248 0.2193259290831089
719 0.01057202143559206 0.2193304591502304
720 0.01057186256534827 0.2193348948835919
721 0.01057171255669355 0.2193393730445027
722 0.01057156485619118 0.2193437492620914
723 0.0105714259243892 0.2193481647106766
724 0.01057128876948751 0.2193524869610363
725 0.01057116057505849 0.2193568625658206
726 0.01057103496593816 0.219361163695302
727 0.01057091811821994 0.2193655233050099
728 0.0105707948884525 0.2193697314867493
729 0.01057069940596589 0.219374186997914
730 0.01057058791005916 0.219378390678307
731 0.01057050121536814 0.2193828357082914
732 0.01057039882100465 0.2193870357415073
733 0.01057032085033753 0.2193914885158568
734 0.01057022806771947 0.2193957053288227
735 0.01057015928562846 0.21940018582382
736 0.01057007592484938 0.2194044348640337
737 0.01057001595115111 0.219408955012646
738 0.01056994130943356 0.2194132462229091
739 0.01056988977395111 0.2194178166835604
740 0.01056982329418161 0.2194221601221046
741 0.01056977955075548 0.2194267902756802
742 0.01056972066718011 0.2194311960191922
743 0.0105696843557183 0.2194358966752606
744 0.01056963246230956 0.2194403729411814
745 0.01056960286929361 0.2194451525869859
746 0.01056956589459314 0.2194498029878678
747 0.01056953255402053 0.2194545495016686
748 0.0105695001855541 0.2194592824371178
749 0.01056947318614171 0.2194641392180328
750 0.01056944705679748 0.2194689808576861
751 0.01056942592009045 0.2194739456589611
752 0.01056940468959666 0.2194788953063133
753 0.01056938829353384 0.2194839722942483
754 0.01056937113201119 0.2194890351050929
755 0.01056935887850376 0.2194942349577935
756 0.01056934565839008 0.2194994235976818
757 0.01056933682804365 0.2195047477376326
758 0.01056933411494275 0.2195101486312038
759 0.01056931852102625 0.2195154780684529
760 0.01056931663956497 0.2195209805235473
761 0.01056930306262543 0.2195264494173356
762 0.01056930421186907 0.2195320973611708
763 0.01056930016309458 0.2195378012192106
764 0.01056929359859661 0.2195434705496397
765 0.01056929744559348 0.2195493354212991
766 0.01056928852593609 0.2195551299646255
767 0.01056928439112618 0.2195610873998353
768 0.01056927743193804 0.2195670373952833
769 0.01056927490216576 0.2195731439847415
770 0.01056926838219554 0.2195792329725754
771 0.01056926553504318 0.2195854817484648
772 0.01056925794487538 0.2195917056530008
773 0.01056925355154396 0.2195980869272547
774 0.01056924412123075 0.2196044437273355
775 0.01056923770071322 0.2196109554229289
776 0.01056923306326766 0.2196175444929812
777 0.01056921417649677 0.2196240515681467
778 0.01056920808914461 0.2196307710632972
779 0.0105691856993797 0.2196374162545795
780 0.01056919113773508 0.2196440144075171
781 0.0105691336513072 0.2196512252110313
782 0.01056914927185308 0.2196581459364344
783 0.0105691092352208 0.2196649779925329
784 0.01056910193175066 0.2196720593049313
785 0.01056906247225514 0.2196790526053418
786 0.0105690535985049 0.2196863785885359
787 0.01056900406046632 0.2196933805833481
788 0.01056898972848984 0.2197008024972676
789 0.01056894302248752 0.2197080210447427
790 0.01056892039724668 0.2197150217515056
791 0.01056884637440445 0.2197229371250847
792 0.01056884387581565 0.2197299582684279
793 0.01056875763353437 0.2197379411229411
794 0.01056874955450673 0.2197453985596229
795 0.01056867281479577 0.2197528051537399
796 0.01056864310726182 0.2197600587400796
797 0.01056855037597272 0.2197683145560169
798 0.01056852245233734 0.2197758810268758
799 0.01056844383364924 0.2197835422123164
800 0.01056838549997815 0.2197912283883101
801 0.0105683101607749 0.2197990290778798
802 0.01056824006994398 0.2198068185625069
803 0.01056816335947744 0.2198146901484694
804 0.0105680850323976 0.2198225414775205
805 0.01056800289569478 0.2198304559342468
806 0.01056791702223779 0.2198383480568467
807 0.01056782966994675 0.2198462975435497
808 0.01056774874810887 0.2198539204197397
809 0.01056762111165106 0.2198623807627672
810 0.01056755154186395 0.2198702629168098
811 0.01056743852931881 0.2198781966916992
812 0.01056735266170858 0.2198858376897637
813 0.01056720397149967 0.2198943014984562
814 0.01056713966014898 0.2199019557166113
815 0.01056697284164543 0.2199103160747224
816 0.01056691033153301 0.2199179657175599
817 0.01056673084007592 0.2199262994840441
818 0.01056667663561173 0.2199341383294643
819 0.01056647249814718 0.2199422013628619
820 0.01056640971605863 0.2199499502609635
821 0.01056620807082554 0.2199581568040552
822 0.01056613868053249 0.2199658927766638
823 0.01056593012085833 0.2199740404728069
824 0.01056585386599478 0.2199817406184207
825 0.01056564121962988 0.219989872871813
826 0.01056555883349448 0.2199975454605165
827 0.01056533965430227 0.220005611608702
828 0.01056525069317143 0.2200132305031831
829 0.01056502739592154 0.2200212628033875
830 0.01056493290347689 0.2200288402484128
831 0.01056470338014445 0.2200367936736757
832 0.01056460301126771 0.2200443057315133
833 0.010564369642685 0.2200522102735453
834 0.01056426430791109 0.2200596677548698
835 0.01056403677985321 0.2200672196994704
836 0.01056388565470069 0.2200748639589506
837 0.01056368269038455 0.2200827401692901
838 0.01056355394414648 0.2200899781201889
839 0.0105633196425688 0.2200976695520834
840 0.01056318702050436 0.2201048108748258
841 0.01056295201621847 0.2201121134988038
842 0.01056278354730826 0.2201194925687467
843 0.01056257766822731 0.2201271892315429
844 0.01056242698894463 0.2201340992004709
845 0.01056219176787546 0.2201411861444183
846 0.01056201091051659 0.2201483554852176
847 0.01056179459397028 0.2201557448573958
848 0.01056164114520147 0.2201625314691769
849 0.01056140376419628 0.2201694866168639
850 0.01056121564149772 0.220176427549906
851 0.0105610052359081 0.2201833662890866
852 0.01056080885058692 0.2201901910597216
853 0.01056058954879886 0.2201971901460216
854 0.0105604181523366 0.2202035956925762
855 0.01056017862249025 0.2202102233644488
856 0.01055998199866151 0.2202168421330936
857 0.01055976769326672 0.2202234522668525
858 0.01055956526690281 0.2202299465542527
859 0.0105593528764286 0.2202363995507445
860 0.01055915320586104 0.22024288827657
861 0.01055891091748773 0.220249105009798
862 0.01055873937683883 0.2202551543360768
863 0.01055849609280917 0.2202613496137062
864 0.01055829581142374 0.2202674990768458
865 0.01055807871779927 0.220273657817983
866 0.01055787345166778 0.220279676661593
867 0.01055765827621623 0.2202856542443955
868 0.01055744821632099 0.2202915231491868
869 0.01055723388238095 0.2202973625157182
870 0.01055701199810676 0.2203032775846073
871 0.0105568283254043 0.2203087750688408
872 0.01055658997331822 0.2203143921460998
873 0.01055638757013702 0.2203200354570111
874 0.01055617177659469 0.2203256008737141
875 0.01055596748033713 0.2203311182246629
876 0.01055574583046087 0.2203366946211722
877 0.01055556447680097 0.2203418376625139
878 0.01055531966795915 0.2203472660996699
879 0.01055514900597808 0.2203523668675095
880 0.01055491152745588 0.2203575720778941
881 0.01055471993330282 0.2203627810107678
882 0.01055449144782867 0.2203679647865392
883 0.01055433317570631 0.2203729668126526
884 0.01055409409063169 0.2203778606433706
885 0.01055390388520107 0.2203828297207349
886 0.01055368324901517 0.2203878172853152
887 0.01055352103315687 0.2203925606076144
888 0.01055328148610495 0.2203973945404605
889 0.01055312449769426 0.2204020608099765
890 0.01055288551422489 0.220406811382384
891 0.01055273340674193 0.220411390132089
892 0.01055249190856073 0.2204159846826882
893 0.01055235175007667 0.2204205893554916
894 0.01055210808812025 0.2204250447446694
895 0.01055197206312876 0.22042956843895
896 0.01055173140151387 0.2204339398135492
897 0.01055159736990164 0.2204383688829545
898 0.01055136044152779 0.2204426597687883
899 0.01055122856306886 0.2204470057381195
900 0.01055099564059189 0.2204512206859354
901 0.01055085938570806 0.2204553871132621
902 0.01055064007534218 0.2204596770924828
903 0.01055050674750528 0.2204637789511794
904 0.0105502894886421 0.2204679676328165
905 0.0105501593589459 0.2204720095308223
906 0.01054994384589291 0.2204760966812056
907 0.01054981769670258 0.2204800942955261
908 0.01054960532221799 0.2204841061788646
909 0.01054948264931356 0.2204880551942479
910 0.01054927413508855 0.2204920095630252
911 0.01054915445819094 0.2204959060543123
912 0.01054894985274614 0.2204998019336287
913 0.01054882288823721 0.2205037372291516
914 0.0105486467369266 0.2205074461164165
915 0.01054829370397204 0.2205116031329241
916 0.01054822760567545 0.2205153344782433
917 0.01054794339692686 0.220519411106169
918 0.01054793300885235 0.2205228176090427
919 0.01054764228455482 0.2205268948244945
920 0.01054763454184889 0.2205302871793149
921 0.01054734386008199 0.2205343632267116
922 0.01054712634664919 0.220538149818553
923 0.01054695254727815 0.2205418979169914
924 0.01054680456820039 0.22054563202306
925 0.01054666032293638 0.2205493149070065
926 0.01054651846728094 0.2205530119472044
927 0.01054637633593372 0.2205566651968775
928 0.01054623607970683 0.2205603500915465
929 0.01054609486844143 0.2205639981008806
930 0.01054595777580402 0.2205676723634866
931 0.0105458177013539 0.2205713029275669
932 0.0105456848729521 0.2205749686147721
933 0.01054554726433093 0.2205785929037802
934 0.01054541866504256 0.2205822509332726
935 0.01054528303105914 0.2205858614550025
936 0.01054515799222247 0.2205895166673087
937 0.01054502551561109 0.2205931324876491
938 0.01054490305492953 0.2205967842942953
939 0.0105447737601285 0.2206004027019814
940 0.01054465323103204 0.2206040544046729
941 0.01054452746085423 0.2206076813614517
942 0.01054440870042253 0.2206113338547842
943 0.01054428558264315 0.2206149602204845
944 0.01054416895646567 0.22061862112508
945 0.01054404855454708 0.2206222638805271
946 0.010543934748708 0.2206259410631368
947 0.01054381610982929 0.2206295903944706
948 0.01054370471054657 0.2206332778916261
949 0.01054358740039641 0.220636925838482
950 0.01054347775181644 0.2206406185782138
951 0.01054336220349882 0.2206442791822583
952 0.01054325461562525 0.2206479923104632
953 0.01054314132182071 0.22065167505016
954 0.01054303531116683 0.2206554020880108
955 0.01054292393081218 0.2206591037327687
956 0.01054281941510973 0.2206628473993837
957 0.01054270949452129 0.220666563031333
958 0.01054260628826933 0.2206703223768613
959 0.01054249773181131 0.2206740546527194
960 0.01054239580241701 0.2206778298582114
961 0.01054228837501285 0.2206815789398591
962 0.01054218783073442 0.2206853763072487
963 0.01054208144589284 0.2206891401966878
964 0.01054198193476332 0.2206929558018653
965 0.01054187945843699 0.2206967949267608
966 0.01054177643945433 0.220700551527899
967 0.01054167580286031 0.2207044111189804
968 0.01054157356875801 0.2207082008047916
969 0.01054148028911827 0.220711951884217
970 0.01054136211167777 0.2207159737649084
971 0.0105412751306871 0.2207197851104367
972 0.0105411801021009 0.220723527335192
973 0.01054106540915371 0.2207276014371516
974 0.01054098199072568 0.2207314973070239
975 0.0105408723432048 0.2207352731744935
976 0.01054079087577085 0.220739163402824
977 0.01054066387344556 0.2207431269027512
978 0.01054059479058768 0.2207470069363044
979 0.01054046453365197 0.2207509716293589
980 0.01054039917952027 0.2207548606522319
981 0.01054026698720293 0.2207588498430325
982 0.01054020268613794 0.2207627485100439
983 0.0105400689369949 0.2207667466660135
984 0.01054000491900935 0.2207706497611472
985 0.01053987086502841 0.2207746673269206
986 0.01053980716743451 0.2207785927510262
987 0.01053967744775629 0.2207824570480056
988 0.01053958871286604 0.220786684731357
989 0.01053949511115413 0.2207904590106808
990 0.01053938987497136 0.2207945225961221
991 0.01053928405123342 0.2207986434496584
992 0.01053920104812132 0.2208024996210358
993 0.01053907595720349 0.2208065457706984
994 0.01053900102675504 0.2208104719374946
995 0.01053887453620818 0.2208143690444577
996 0.01053878563793437 0.2208185019077787
997 0.01053867057007557 0.2208226321971843
998 0.01053859229759783 0.2208265012061312
999 0.01053846007863571 0.2208305415805792
1000 0.01053838111211119 0.2208343647826686
1001 0.01053825595105051 0.2208383904722778
1002 0.01053816556029724 0.2208425328176989
1003 0.01053804927847389 0.2208464336063473
1004 0.01053795394248266 0.2208505461055047
1005 0.010537835642612 0.2208546175514376
1006 0.01053788447819444 0.2208579018500811
1007 0.01053769138306462 0.2208621172749843
1008 0.01053755068206679 0.2208663558762929
1009 0.01053741381583251 0.2208702761702234
1010 0.010537450034795 0.2208739306400337
1011 0.01053726296675765 0.220878110435989
1012 0.01053711499153676 0.2208821139301423
1013 0.01053711489907923 0.2208855630989799
1014 0.01053693961483221 0.2208898401349499
1015 0.01053678420856468 0.2208937915276121
1016 0.01053678592943962 0.2208973619929313
1017 0.0105366083132394 0.2209015547612999
1018 0.01053645652305902 0.2209056538023514
1019 0.01053644941646943 0.2209090323942995
1020 0.01053626862523137 0.2209131023896365
1021 0.01053611284767114 0.2209171458318838
1022 0.01053610567651838 0.22092075939495
1023 0.01053593289184047 0.2209246337250378
1024 0.01053588934143984 0.2209281031255509
1025 0.01053569582844331 0.2209322352999881
1026 0.01053566079627157 0.2209357833738468
1027 0.01053546093992824 0.2209398375946228
1028 0.01053541931630928 0.2209434422358189
1029 0.01053523577854086 0.2209473214619192
1030 0.01053518014538238 0.2209506877193506
1031 0.0105349855967246 0.2209546946387905
1032 0.01053494757992499 0.220958260829108
1033 0.01053473966363632 0.2209620277143229
1034 0.01053469558251536 0.2209654684330173
1035 0.01053449701548237 0.2209694079049699
1036 0.01053432691431981 0.2209731335585487
1037 0.010534307854802 0.2209764763312758
1038 0.01053411439064118 0.2209802055053517
1039 0.0105339504147098 0.2209839122986608
1040 0.01053392401364959 0.2209871621711225
1041 0.01053373290900545 0.2209908878463554
1042 0.01053368519364653 0.2209941660519975
1043 0.01053347730036197 0.2209978916699979
1044 0.01053329819696852 0.2210016315491293
1045 0.0105332820892126 0.221004580967539
1046 0.01053307391418293 0.2210081526773467
1047 0.0105329071634795 0.2210117561894553
1048 0.01053286714870648 0.2210150319589346
1049 0.01053268951605588 0.2210184325506488
1050 0.01053249771044749 0.2210218041594507
1051 0.01053247026528677 0.2210249791759274
1052 0.01053226783845103 0.2210284318001136
1053 0.01053209690262823 0.2210318630739707
1054 0.0105320487108737 0.2210349553421997
1055 0.01053187005926352 0.2210382648458239
1056 0.01053167727848207 0.2210415704053497
1057 0.01053163721644023 0.2210444474691816
1058 0.01053143503422142 0.2210477833073741
1059 0.01053126171477095 0.2210511257559482
1060 0.01053121670518524 0.2210540420269627
1061 0.01053101691363732 0.2210572989318672
1062 0.01053082973451622 0.2210605964781571
1063 0.01053068573372315 0.2210635175636311
1064 0.01053063857066361 0.2210663048792601
1065 0.01053044321461986 0.2210694911905569
1066 0.01053025385966015 0.2210727168834026
1067 0.01053010769909414 0.2210755271433875
1068 0.01052994348872479 0.2210785378413454
1069 0.01052980356261202 0.2210815821228697
1070 0.01052976443461332 0.2210842490069795
1071 0.01052956817181312 0.2210872735257772
1072 0.01052937409689414 0.2210902742030023
1073 0.01052922709824588 0.2210930233913533
1074 0.01052905506327706 0.2210957953431329
1075 0.0105289124404974 0.2210987003824724
1076 0.01052875244222496 0.2211015909763626
1077 0.01052862674310314 0.2211042974060903
1078 0.01052845558423829 0.2211069527342418
1079 0.01052831218897276 0.2211097295757402
1080 0.01052815088183584 0.2211125531251009
1081 0.01052801697187738 0.2211150937869629
1082 0.01052784811029995 0.2211177144531836
1083 0.01052770260269271 0.2211204328946091
1084 0.01052754070216663 0.2211231548702807
1085 0.01052740702420599 0.2211256540887999
1086 0.01052723688955631 0.2211281651242806
1087 0.01052709043847072 0.2211307863619995
1088 0.01052692772904518 0.2211334153199752
1089 0.01052679498207204 0.221135870040617
1090 0.01052662356424624 0.2211382946513289
1091 0.01052647676803432 0.221140831039724
1092 0.01052631233957768 0.2211433501700051
1093 0.01052618154429311 0.2211457817956774
1094 0.01052600796312314 0.22114809438854
1095 0.01052586215135684 0.2211505679361317
1096 0.0105256967094472 0.2211529978985439
1097 0.01052556618307771 0.2211553634708243
1098 0.01052539285484694 0.221157617028502
1099 0.01052524138638725 0.2211600691344724
1100 0.010525099423843 0.2211623265893667
1101 0.01052493545896159 0.2211645751799077
1102 0.01052478255977616 0.2211668818789141
1103 0.01052462786828922 0.2211690877218802
1104 0.01052447346085308 0.2211715523823308
1105 0.01052433257209956 0.2211736217879822
1106 0.01052416935158514 0.2211758878222237
1107 0.01052401536973307 0.2211781594994022
1108 0.01052387413593629 0.2211802711903372
1109 0.01052370583251441 0.2211824649792893
1110 0.01052356775245079 0.2211845043430353
1111 0.01052340505773989 0.2211867276705216
1112 0.01052325559917497 0.2211888320097235
1113 0.01052309991557549 0.2211910893820645
1114 0.01052296303367434 0.2211930813857194
1115 0.010522798012743 0.2211951147218078
1116 0.01052265197764961 0.221197237108423
1117 0.01052249678786298 0.221199257996443
1118 0.01052234496202352 0.2212013815563338
1119 0.01052220664705535 0.2212033305134659
1120 0.01052204661833028 0.2212054018519092
1121 0.01052189961035795 0.2212073647337674
1122 0.01052174786975094 0.2212093580471798
1123 0.01052159945521628 0.2212115018643853
1124 0.0105214602828807 0.2212133095726904
1125 0.01052130289224212 0.2212153253118384
1126 0.01052115320310715 0.2212173540990574
1127 0.01052101401316935 0.2212191563419459
1128 0.01052085878408625 0.2212210454508551
1129 0.01052071218575345 0.2212231397770744
1130 0.01052057578763218 0.2212249149333357
1131 0.01052042096030513 0.2212268339080957
1132 0.01052027724374571 0.2212287293325002
1133 0.01052012895903304 0.221230752963455
1134 0.01051999588217289 0.2212324632039493
1135 0.01051983858866585 0.2212344341972036
1136 0.01051970843254873 0.2212361930718751
1137 0.01051955155236857 0.2212379931464928
1138 0.01051941101105468 0.2212399262082891
1139 0.0105192757786943 0.2212416645527383
1140 0.01051912833659617 0.2212435258937883
1141 0.01051898497470558 0.2212453879633087
1142 0.01051885432970616 0.221247142511157
1143 0.01051870134821106 0.2212489469087243
1144 0.01051857363726847 0.2212506578115061
1145 0.01051842364428725 0.2212525148301743
1146 0.01051828827237784 0.221254202693565
1147 0.01051814484952222 0.2212561139318369
1148 0.01051801940646216 0.221257777610058
1149 0.01051786857875274 0.2212595676495359
1150 0.01051774370250195 0.2212611922228855
1151 0.01051759655859037 0.2212630120345152
1152 0.01051746469650578 0.2212646737266786
1153 0.01051732424791147 0.2212665326718533
1154 0.01051720037811025 0.2212680958200316
1155 0.01051705393116492 0.2212699201806592
1156 0.01051693196267305 0.2212714997571292
1157 0.01051678885778091 0.2212732869636135
1158 0.01051665574561737 0.221274974465666
1159 0.01051653060156672 0.221276571925161
1160 0.0105163916848602 0.2212782259498357
1161 0.01051626029219484 0.2212800432428379
1162 0.01051613627002702 0.2212815687016055
1163 0.01051600027779868 0.2212832987473807
1164 0.01051586665667156 0.2212849133038927
1165 0.01051574699149584 0.2212865650074215
1166 0.01051560637959517 0.2212881596550329
1167 0.01051549074321072 0.221289782565358
1168 0.01051535249658227 0.2212913872340127
1169 0.01051522741200649 0.2212931384022587
1170 0.01051510557873066 0.2212946205092563
1171 0.01051497481616567 0.2212962940133238
1172 0.0105148445618412 0.2212978467564975
1173 0.01051472852482468 0.22129945007855
1174 0.01051459220953935 0.2213009872344146
1175 0.01051448001421335 0.2213025689932357
1176 0.01051434280957858 0.2213041829800628
1177 0.01051423305048912 0.2213057044283099
1178 0.01051409554199587 0.2213072746618616
1179 0.01051398718741112 0.2213088247988138
1180 0.01051385036722132 0.2213103935076578
1181 0.01051374286430945 0.2213118829727852
1182 0.01051360689429781 0.2213134194465091
1183 0.01051350035320452 0.221314944795596
1184 0.01051336532604114 0.2213164531617472
1185 0.01051325955831482 0.2213179654775388
1186 0.01051312540904414 0.2213194563201836
1187 0.01051302064936147 0.2213209628948883
1188 0.01051288726021441 0.2213224570663073
1189 0.01051278006914297 0.2213239423041425
1190 0.01051265631796663 0.2213253677008216
1191 0.01051254280484849 0.2213268537466417
1192 0.01051242141819807 0.2213282674279015
1193 0.01051230981400978 0.2213297033828954
1194 0.01051218260959552 0.2213311473366194
1195 0.0105120778080707 0.2213325955969021
1196 0.01051195069327801 0.221334008665959
1197 0.01051184459230058 0.2213354659281525
1198 0.01051172529819253 0.2213367997875962
1199 0.01051161396243096 0.2213382507007203
1200 0.01051149565639834 0.2213395659571447
1201 0.01051138382238598 0.2213410035995637
1202 0.01051126735487883 0.221342309721926
1203 0.0105111561554176 0.2213437305157201
1204 0.01051104068342423 0.2213450151327022
1205 0.01051092983553621 0.2213464157971997
1206 0.01051081490063399 0.2213476815485761
1207 0.01051070441650694 0.2213490359684326
1208 0.01051059005410797 0.221350314815861
1209 0.01051048003905235 0.2213516498639893
1210 0.01051036651677132 0.2213529085548703
1211 0.01051025688193603 0.2213542213499149
1212 0.01051014733369733 0.2213554353861966
1213 0.01051003003692164 0.2213567663968752
1214 0.01050992588314902 0.2213579501956478
1215 0.01050980822709581 0.2213592475362976
1216 0.01050970542618231 0.2213604085950401
1217 0.01050958745297278 0.2213616840552321
1218 0.01050948523262292 0.2213628277942524
1219 0.01050936748231144 0.2213640791341414
1220 0.01050926559843247 0.2213652011196156
1221 0.01050914823147894 0.2213664287399528
1222 0.01050904670471386 0.2213675309075179
1223 0.01050892998018104 0.2213687093773723
1224 0.01050882463357163 0.2213698067220769
1225 0.01050871590628195 0.2213709968818504
1226 0.01050861042819992 0.2213720553455953
1227 0.01050849515740182 0.2213731891572591
1228 0.01050838876583893 0.2213742310649792
1229 0.01050828137016019 0.2213753702934631
1230 0.01050817579368444 0.2213763782578548
1231 0.01050806149623775 0.2213774620915417
1232 0.0105079550432264 0.2213784544313361
1233 0.01050784828322642 0.2213795220925355
1234 0.01050774277798536 0.2213805126838788
1235 0.01050762876289261 0.2213815496982856
1236 0.01050752619998848 0.2213824973795347
1237 0.01050741487844848 0.2213834959710017
1238 0.0105073064366923 0.2213844306467593
1239 0.01050719897593459 0.2213854130277274
1240 0.01050709071331935 0.2213863175468361
1241 0.01050698395343115 0.2213872710177656
1242 0.01050687497669937 0.221388147076395
1243 0.01050676830116036 0.2213890744978418
1244 0.01050665895492877 0.2213899249208882
1245 0.01050655244469122 0.2213908278900689
1246 0.01050644303458521 0.2213916513628918
1247 0.01050633653540341 0.221392528334751
1248 0.01050622707557016 0.2213933246947828
1249 0.01050612058049629 0.221394174872339
1250 0.01050601096291132 0.2213949443805091
1251 0.0105059043902333 0.2213957683771072
1252 0.01050579472312241 0.2213965113804742
1253 0.01050568791415427 0.2213973079773459
1254 0.01050557826871252 0.2213980244861638
1255 0.0105054712576595 0.2213987941632795
1256 0.01050536148156273 0.2213994840037284
1257 0.01050525430743864 0.2214002274003161
1258 0.01050514441984985 0.2214008901211793
1259 0.01050503703138659 0.2214016067719803
1260 0.01050492692565724 0.2214022424244502
1261 0.01050481941656406 0.2214029335187335
1262 0.01050470910085013 0.221403543166771
1263 0.01050460144701883 0.2214042084941697
1264 0.01050449088325883 0.2214047910974462
1265 0.01050438299872309 0.2214054296876021
1266 0.01050427219301377 0.2214059859440924
1267 0.01050416406119961 0.2214065987175822
1268 0.01050405305938886 0.2214071295632198
1269 0.01050394467201839 0.2214077169732214
1270 0.01050383343887538 0.2214082216650212
1271 0.0105037247922073 0.221408783832674
1272 0.01050361329791152 0.2214092635177808
1273 0.01050350439120834 0.2214098004079135
1274 0.01050339261736352 0.2214102547495494
1275 0.0105032834196116 0.2214107669404184
1276 0.01050317137192039 0.2214111965731161
1277 0.01050306189680817 0.2214116843203991
1278 0.01050294956560103 0.2214120896556129
1279 0.01050283980339032 0.2214125537752649
1280 0.01050272718660791 0.2214129353177974
1281 0.01050261712186172 0.2214133753342769
1282 0.01050250422007279 0.2214137336896558
1283 0.01050239387841755 0.2214141519543095
1284 0.01050228069451211 0.2214144871206511
1285 0.01050217000766175 0.2214148814047267
1286 0.01050205649989889 0.2214151934881742
1287 0.01050194550369409 0.2214155666136539
1288 0.0105018317518671 0.2214158577242437
1289 0.01050172047893855 0.2214162095015788
1290 0.01050160638021261 0.2214164785997444
1291 0.01050149476316563 0.2214168087574767
1292 0.01050138035454412 0.2214170570124144
1293 0.0105012684470118 0.2214173670071251
1294 0.01050115375219351 0.2214175957575236
1295 0.01050104161186767 0.2214178869099844
1296 0.01050092661419615 0.2214180957215924
1297 0.01050081417541318 0.2214183670866357
1298 0.01050069893493933 0.221418557200815
1299 0.01050058603314304 0.2214188092863802
1300 0.01050047063060239 0.2214189795621453
1301 0.01050035748549456 0.2214192134601484
1302 0.01050024160670924 0.2214193666666294
1303 0.01050012837428746 0.221419583757421
1304 0.01050001226718426 0.2214197208830605
1305 0.01049989909260264 0.2214199348857482
1306 0.01049978255669552 0.2214200403712583
1307 0.01049966861285945 0.2214202340975453
1308 0.01049955185467379 0.2214203242394885
1309 0.01049944026544612 0.2214204974939722
1310 0.01049931999187155 0.2214205818234529
1311 0.01049920816166031 0.2214207458918998
1312 0.010499087887086 0.221420820293145
1313 0.01049897637207166 0.2214209682649674
1314 0.01049885898270336 0.2214210114908883
1315 0.01049874318860096 0.2214211541896426
1316 0.01049862566988595 0.2214211888997078
1317 0.01049851048488826 0.2214213189714043
1318 0.01049839348201427 0.2214213398586651
1319 0.01049827807197382 0.2214214566981176
1320 0.01049815740126003 0.2214214756639146
1321 0.01049804586389821 0.2214215734540707
1322 0.01049792515776158 0.2214215742921065
1323 0.01049781266276054 0.2214216597974465
1324 0.01049769437120078 0.2214216463010122
1325 0.01049757776748649 0.2214217331982744
1326 0.01049745923397871 0.2214217136842746
1327 0.01049734330658949 0.2214217899980065
1328 0.01049722531051312 0.2214217588325842
1329 0.01049710948182935 0.2214218239843382
1330 0.01049699131242586 0.2214217812653769
1331 0.01049687494237214 0.2214218407554772
1332 0.01049675626187001 0.2214217944865255
1333 0.01049664021608389 0.221421841127311
1334 0.010496521225469 0.2214217806871434
1335 0.01049640506266226 0.221421827185993
1336 0.01049628687801583 0.2214217689972054
1337 0.01049617055525977 0.2214218051216408
1338 0.01049605206014182 0.2214217399443673
1339 0.01049593651217107 0.221421760579816
1340 0.01049581852825499 0.221421703872167
1341 0.01049570117546115 0.2214217014841593
1342 0.01049558397012152 0.2214216421172394
1343 0.01049546600672838 0.2214216436277717
1344 0.01049534796495451 0.2214215777545859
1345 0.01049523036509008 0.2214215689430357
1346 0.01049511229757935 0.2214215112326919
1347 0.01049499635867036 0.2214214944374418
1348 0.01049487894579108 0.2214214230322698
1349 0.01049476136136783 0.2214214071736321
1350 0.01049464493594554 0.2214213367334942
1351 0.0104945274771945 0.2214213126602282
1352 0.01049440996499566 0.2214212402875702
1353 0.01049429399795078 0.2214212168773776
1354 0.01049417700586337 0.2214211370207678
1355 0.01049406019575074 0.2214211091429731
1356 0.01049394293492139 0.2214210304142072
1357 0.01049382613450165 0.2214209977428399
1358 0.01049370878370693 0.2214209110342705
1359 0.01049359235889678 0.2214208821240583
1360 0.01049347596863493 0.2214207987918238
1361 0.01049335932885984 0.2214207628537532
1362 0.01049324333895956 0.2214206815304973
1363 0.01049312745313911 0.2214206464102582
1364 0.01049301050588323 0.2214205569815984
1365 0.01049289510003789 0.2214205214808951
1366 0.01049277979142129 0.2214204319551835
1367 0.01049266336316373 0.2214203893288989
1368 0.01049254899727684 0.2214203001212752
1369 0.01049243317362816 0.2214202594904554
1370 0.01049231651488361 0.2214201646753402
1371 0.01049220208349603 0.2214201273460891
1372 0.01049208649021198 0.2214200360633391
1373 0.01049197155163661 0.2214199929004262
1374 0.01049185656913433 0.2214199011603349
1375 0.01049174292212026 0.2214198621353881
1376 0.01049162720574682 0.2214197605119549
1377 0.01049151359791409 0.2214197200290474
1378 0.01049139898215925 0.2214196187039477
1379 0.01049128478361479 0.2214195717608764
1380 0.01049117141946362 0.2214194756364185
1381 0.01049105895215574 0.2214194336991773
1382 0.01049094370328138 0.2214193291725239
1383 0.01049083171615735 0.2214192868473172
1384 0.01049071743880261 0.2214191816123008
1385 0.01049060379766214 0.2214191314671895
1386 0.01049049127815946 0.2214190297942045
1387 0.01049037933286496 0.2214189826326053
1388 0.01049026481961041 0.2214188724924908
1389 0.01049015500931128 0.2214188262736671
1390 0.01049004182977264 0.2214187174903751
1391 0.01048992975349897 0.2214186612959433
1392 0.01048981911286158 0.2214185543912508
1393 0.01048970781261483 0.2214185019342216
1394 0.01048959613921433 0.2214183849020116
1395 0.01048948639658071 0.2214183327787246
1396 0.01048937398411541 0.2214182151195986
1397 0.010489263589793 0.2214181536620861
1398 0.01048915229680587 0.2214180365362708
1399 0.01048904312085556 0.2214179761959106
1400 0.01048893186997328 0.221417849573967
1401 0.01048882283437594 0.2214177870570515
1402 0.01048871254741312 0.2214176576927
1403 0.01048860376715905 0.2214175873511446
1404 0.01048849384568036 0.221417456527121
1405 0.01048838612950386 0.2214173875017116
1406 0.01048827660922537 0.2214172502311243
1407 0.01048816972526228 0.221417174084423
1408 0.01048805991492199 0.2214170301330038
1409 0.01048795287013871 0.22141694879765
1410 0.01048784321679437 0.2214167942400866
1411 0.01048773592909316 0.2214167034674436
1412 0.01048762794950635 0.2214165534918702
1413 0.01048752082783697 0.2214164643490681
1414 0.01048741409651313 0.2214163080531716
1415 0.01048730856791005 0.2214162102698247
1416 0.01048719979155212 0.2214160371496723
1417 0.01048709475299827 0.2214159239027343
1418 0.01048698824711613 0.2214157518611177
1419 0.0104868823990576 0.2214156419733428
1420 0.01048677728844971 0.2214154635033494
1421 0.01048667304376934 0.2214153415893938
1422 0.01048656559908271 0.2214151423202868
1423 0.01048646145140967 0.2214150165103929
1424 0.01048635566902721 0.221414818596336
1425 0.01048625113705064 0.2214146845692478
1426 0.01048614652471579 0.2214144758538832
1427 0.01048604350385677 0.2214143299376599
1428 0.01048593743509405 0.2214140984498824
1429 0.01048583464578607 0.2214139361685228
1430 0.01048573052659795 0.2214137099380999
1431 0.01048562748327692 0.2214135480935836
1432 0.01048552472399378 0.2214133135132151
1433 0.01048542352091124 0.2214131410729057
1434 0.01048531878276894 0.2214128767941804
1435 0.01048521667109002 0.2214126806935253
1436 0.01048511306032921 0.2214124153634278
1437 0.01048501085756836 0.2214122137841756
1438 0.01048490844653023 0.221411939430652
1439 0.01048480815816614 0.2214117337309655
1440 0.01048470503908274 0.2214114400750134
1441 0.01048460438276424 0.2214112084983239
1442 0.01048450219145419 0.2214108947005765
1443 0.01048440125172484 0.2214106555057916
1444 0.01048430019998207 0.221410341071596
1445 0.01048420137454307 0.2214100974284462
1446 0.01048409984500513 0.2214097638052788
1447 0.01048400006548324 0.2214094937337137
1448 0.01048389829821457 0.2214091335822942
1449 0.01048379350196638 0.2214088313537139
1450 0.01048369907364546 0.2214084838886506
1451 0.01048359632855524 0.2214081832583381
1452 0.01048350080188087 0.2214078147985336
1453 0.01048340210305718 0.221407504220127
1454 0.01048330053833382 0.2214071026758152
1455 0.01048320143914044 0.2214067684985901
1456 0.01048310129581587 0.2214063451467571
1457 0.01048300306402171 0.2214059933219958
1458 0.01048290346522312 0.2214055622812255
1459 0.01048280082725477 0.2214051838624466
1460 0.01048270779860073 0.2214047570006
1461 0.0104826061087403 0.2214043643294752
1462 0.01048251215618868 0.2214039091796797
1463 0.01048240925538835 0.221403488956429
1464 0.01048231549487832 0.2214030204790297
1465 0.01048221806345619 0.2214026083548231
1466 0.01048211834970631 0.2214020962698868
1467 0.01048201597036489 0.2214016264016827
1468 0.01048192368049164 0.2214011276759347
1469 0.01048182285874013 0.2214006609250837
1470 0.01048173002567485 0.2214001415895421
1471 0.01048162769791427 0.221399640871098
1472 0.01048153500665241 0.2213990994834107
1473 0.01048143294705319 0.2213985794232353
1474 0.01048134035088899 0.2213980171397177
1475 0.0104812387313305 0.2213974743087005
1476 0.01048114653719111 0.2213969004733761
1477 0.01048104586278356 0.2213963482061205
1478 0.01048095393078728 0.2213957535621592
1479 0.01048085225948218 0.2213951694216147
1480 0.01048075546561758 0.2213945231695957
1481 0.01048065940385171 0.221393940567126
1482 0.01048056330561499 0.2213932838556822
1483 0.0104804679236515 0.2213926854494478
1484 0.01048037127584016 0.2213920136994468
1485 0.01048027577173268 0.2213913991865997
1486 0.01048017877656841 0.2213907010401342
1487 0.01048008291559538 0.2213900560670643
1488 0.01047998596812521 0.2213893346657994
1489 0.01047989018330918 0.2213886703976707
1490 0.01047979335230978 0.2213879291427995
1491 0.01047969765988021 0.2213872432839587
1492 0.01047960104025015 0.2213864854461022
1493 0.01047950552047645 0.2213857821724016
1494 0.01047940885159357 0.2213849997630695
1495 0.01047931324266467 0.2213842716946368
1496 0.01047921670431462 0.2213834733617282
1497 0.01047912127551355 0.2213827299322778
1498 0.010479024739391 0.2213819086378376
1499 0.01047892918324275 0.2213811408827317
1500 0.01047883271961059 0.2213803018413041
1501 0.01047873726652725 0.2213795160602592
1502 0.01047864066382351 0.2213786523872526
1503 0.01047854503706734 0.2213778433235235
1504 0.01047844865109488 0.2213769661728617
1505 0.01047835323109214 0.2213761423667241
1506 0.01047825672960631 0.2213752418849008
1507 0.01047816117449813 0.2213743949018286
1508 0.01047806481519893 0.2213734786019456
1509 0.01047796921203829 0.2213726131195264
1510 0.010477872611357 0.2213716725956379
1511 0.01047777691448521 0.2213707861017663
1512 0.01047768051030832 0.221369832922518
1513 0.01047758494831439 0.2213689317374532
1514 0.01047748841121453 0.2213679565591007
1515 0.01047739263056858 0.2213670334024796
1516 0.01047729615821713 0.2213660433517755
1517 0.01047720043570477 0.221365104329226
1518 0.01047710380909571 0.2213640930084774
1519 0.0104770078956301 0.2213631340042943
1520 0.01047691137643835 0.221362110416407
1521 0.01047681551675391 0.221361136641652
1522 0.01047671889216925 0.2213600924726805
1523 0.01047662277333602 0.2213590981325832
1524 0.01047652619405406 0.221358041236363
1525 0.01047643009880694 0.2213570328079298
1526 0.01047633332820506 0.2213559552890157
1527 0.01047623717337061 0.22135493010907
1528 0.01047614056323761 0.2213538442653169
1529 0.01047604441775613 0.2213528067711092
1530 0.01047594758740649 0.2213517012291479
1531 0.01047585122172965 0.2213506452494521
1532 0.01047575435560968 0.2213495265279916
1533 0.01047565803434782 0.2213484573862001
1534 0.01047556095968903 0.2213473213254563
1535 0.01047546451205394 0.2213462381246739
1536 0.01047536766988719 0.2213450960544997
1537 0.01047527124603034 0.2213440021512162
1538 0.01047517418830579 0.2213428420615272
1539 0.01047507746154011 0.2213417315790903
1540 0.01047498057739873 0.2213405642214117
1541 0.01047488394933364 0.2213394450010748
1542 0.01047478676521342 0.2213382605367226
1543 0.01047468991836031 0.2213371265146925
1544 0.01047459292383094 0.2213359372834601
1545 0.01047449609046482 0.221334795352933
1546 0.01047439882313848 0.2213335896169606
1547 0.01047430198711431 0.2213324356769181
1548 0.01047420483727657 0.2213312262860046
1549 0.0104741079674891 0.2213300653148262
1550 0.01047401056174736 0.2213288410193105
1551 0.01047391345322896 0.2213276670753153
1552 0.01047381635845225 0.2213264406360526
1553 0.01047371937430167 0.2213252621995446
1554 0.0104736220339462 0.2213240234907427
1555 0.01047352495874586 0.2213228352873112
1556 0.01047342766178186 0.2213215934364518
1557 0.01047333065209593 0.2213204010624736
1558 0.01047323297019593 0.2213191441514668
1559 0.01047313586851173 0.2213179406744058
1560 0.01047303856314301 0.2213166864062703
1561 0.01047294156208764 0.2213154830414935
1562 0.01047284405876154 0.2213142191871552
1563 0.01047274675743234 0.2213130054874745
1564 0.01047264966280017 0.2213117426265207
1565 0.01047255251213657 0.2213105275759243
1566 0.01047245503132029 0.2213092535209782
1567 0.01047235778264875 0.2213080315737106
1568 0.01047226049176683 0.2213067600232061
1569 0.01047216341783035 0.2213055394196732
1570 0.01047206608685409 0.2213042608931637
1571 0.01047196882729381 0.2213030326156048
1572 0.01047187164073701 0.2213017565506793
1573 0.01047177457801562 0.2213005306778151
1574 0.01047167716547276 0.2212992464555947
1575 0.01047158006686144 0.2212980143659613
1576 0.01047148303265795 0.2212967367195587
1577 0.01047138615412547 0.2212955112828316
1578 0.01047128890168437 0.2212942269138414
1579 0.01047119185904747 0.2212929946118005
1580 0.0104710948179914 0.2212917139951146
1581 0.01047099791389474 0.2212904852720805
1582 0.01047090083639064 0.2212892005119594
1583 0.01047080385792659 0.2212879674215133
1584 0.01047070709958156 0.2212866911218658
1585 0.01047061048919365 0.2212854684300657
1586 0.01047051376099174 0.221284190654098
1587 0.01047041705917308 0.2212829632154738
1588 0.01047032036722932 0.2212816873513387
1589 0.01047022377412905 0.2212804642525674
1590 0.01047012704784539 0.2212791853837162
1591 0.01047003034376352 0.2212779585471296
1592 0.01046993400285485 0.2212766918046637
1593 0.01046983803914333 0.2212754832702206
1594 0.01046974188365623 0.2212742192165446
1595 0.0104696455927854 0.2212730037661069
1596 0.01046954938011188 0.221271738192568
1597 0.01046945322159343 0.2212705280860214
1598 0.01046935724333451 0.221269268370443
1599 0.01046926113111072 0.2212680592144523
1600 0.01046916515224268 0.221266800210489
1601 0.01046906955196785 0.2212656057393487
1602 0.01046897414817471 0.2212643621933647
1603 0.01046887860743906 0.2212631685568232
1604 0.01046878301453627 0.2212619204235115
1605 0.0104686875372105 0.2212607313709573
1606 0.01046859244528525 0.2212594948690949
1607 0.0104684969573167 0.2212583057186318
1608 0.01046840172266758 0.2212570660439547
1609 0.01046830657047059 0.2212558910671885
1610 0.01046821232136414 0.2212546741885553
1611 0.01046811764033826 0.2212535077734604
1612 0.01046802286959709 0.2212522850355983
1613 0.01046792833967885 0.2212511186099419
1614 0.010467833845574 0.2212499025551889
1615 0.01046773935120271 0.2212487442056574
1616 0.01046764488129268 0.2212475330104237
1617 0.01046755076376617 0.2212463785262882
1618 0.01046745647170839 0.2212451722329835
1619 0.01046736254044601 0.2212440321171005
1620 0.01046726987399484 0.221242850788337
1621 0.010467176216234 0.2212417164090741
1622 0.01046708208551681 0.2212405191890933
1623 0.01046698902400574 0.2212393922153465
1624 0.0104668952886318 0.2212382074321307
1625 0.01046680231680899 0.2212370830601287
1626 0.01046670920100421 0.2212359038368486
1627 0.01046661658599523 0.2212347935928032
1628 0.01046652360673734 0.2212336290081054
1629 0.01046643194500312 0.2212325292475719
1630 0.01046633907059586 0.2212313640016636
1631 0.01046624636188783 0.2212302594587821
1632 0.01046615446583459 0.2212291073755653
1633 0.0104660622540463 0.2212280108140186
1634 0.01046596989751208 0.2212268548850639
1635 0.01046587861781754 0.221225774709654
1636 0.01046578700318423 0.2212246380335765
1637 0.01046569578095818 0.2212235602537443
1638 0.01046560419954931 0.2212224196952723
1639 0.01046551320707895 0.2212213493750346
1640 0.01046542181504209 0.2212202207534917
1641 0.0104653312211469 0.2212191546817616
1642 0.01046523994461538 0.2212180245041952
1643 0.01046514944311828 0.2212169665139314
1644 0.01046505943848085 0.2212158571262625
1645 0.01046496942526815 0.2212148068777106
1646 0.01046487828625598 0.2212136852946929
1647 0.01046478899566 0.2212126424701034
1648 0.01046469845946378 0.2212115333888022
1649 0.0104646091169006 0.2212104910683202
1650 0.01046451908199143 0.221209383453271
1651 0.0104644301642171 0.2212083520516347
1652 0.01046434063422688 0.2212072590084457
1653 0.01046425194288091 0.2212062291566754
1654 0.01046416235021322 0.2212051291515477
1655 0.01046407367471766 0.2212041034821087
1656 0.01046398481882992 0.2212030179106963
1657 0.01046389654715483 0.2212019955761697
1658 0.01046380745138102 0.2212009028379313
1659 0.01046371969437994 0.2211998880598543
1660 0.01046363132215318 0.2211988097283719
1661 0.01046354345374308 0.2211977937806795
1662 0.01046345525368153 0.2211967100470026
1663 0.01046336785751854 0.2211957011099124
1664 0.01046327954665364 0.221194622835246
1665 0.01046319315811374 0.2211936167971029
1666 0.01046310483787827 0.2211925336507876
1667 0.01046301792739534 0.2211915279013393
1668 0.01046293080215897 0.2211904604864996
1669 0.01046284447029024 0.2211894615617954
1670 0.01046275698189113 0.2211883865702035
1671 0.01046267110474664 0.2211873810933253
1672 0.01046258333835753 0.2211862981946635
1673 0.01046249742437116 0.2211852980801816
1674 0.01046241080051505 0.2211842316332127
1675 0.01046232556609688 0.2211832381125388
1676 0.01046223904764637 0.2211821675058877
1677 0.01046215337874038 0.2211811592183868
1678 0.0104620666016437 0.2211800758353008
1679 0.01046198124410023 0.2211790733089495
1680 0.01046189543124294 0.2211780066342134
1681 0.01046181074468788 0.2211770089036755
1682 0.01046172483589465 0.2211759328167463
1683 0.01046163985908832 0.2211749216513631
1684 0.01046155384932731 0.2211738371685145
1685 0.01046146933328195 0.2211728320869449
1686 0.01046138394083467 0.2211717546132176
1687 0.01046129963176613 0.221170744299144
1688 0.01046121405480736 0.2211696543970553
1689 0.01046113018808091 0.2211686448901878
1690 0.0104610449924644 0.2211675595971417
1691 0.0104609609264313 0.2211665408006466
1692 0.01046087587330557 0.2211654440297473
1693 0.01046079195302729 0.2211644228974628
1694 0.0104607071289385 0.2211633266762656
1695 0.01046062368916888 0.2211623001285428
1696 0.01046053860404197 0.2211611904724114
1697 0.01046045534055593 0.2211601621275077
1698 0.01046037098474332 0.2211590591775795
1699 0.01046028782683712 0.2211580239933975
1700 0.01046020289852638 0.2211569017979075
1701 0.0104601198783475 0.2211558574155107
1702 0.01046003527216492 0.2211547353049264
1703 0.01045995222845154 0.221153683599869
1704 0.01045986807379891 0.2211525502351922
1705 0.01045978474171977 0.221151485343173
1706 0.01045970052384456 0.2211503508708824
1707 0.01045961821088813 0.2211492921245263
1708 0.01045953429824213 0.2211481531571887
1709 0.0104594518797476 0.2211470816257307
1710 0.01045936744403845 0.2211459186328014
1711 0.0104592843870125 0.2211448248155587
1712 0.01045920009594986 0.2211436590887442
1713 0.01045911365523909 0.2211425344906516
1714 0.0104590374882554 0.2211414262966354
1715 0.01045894873210422 0.2211402786114072
1716 0.01045887047426196 0.2211391316861852
1717 0.01045878155130032 0.2211379716021523
1718 0.01045870463376938 0.2211368289201235
1719 0.01045861580054168 0.2211356566695573
1720 0.01045853892968715 0.2211344990962278
1721 0.01045845002075695 0.2211333204753306
1722 0.01045837274675967 0.2211321579046918
1723 0.01045828350985595 0.2211309631344897
1724 0.01045820598089127 0.2211297784881359
1725 0.01045811647460762 0.2211285622057447
1726 0.01045803918825716 0.2211273714561174
1727 0.01045795017736787 0.2211261524965376
1728 0.01045787327855762 0.2211249523659844
1729 0.01045778459545925 0.2211237203656173
1730 0.01045770795495545 0.2211225151482805
1731 0.01045761885848235 0.2211212722978843
1732 0.0104575411152455 0.2211200400276095
1733 0.01045745140111192 0.2211187711750805
1734 0.01045737390155446 0.2211175310115223
1735 0.01045728455943938 0.2211162575192238
1736 0.01045720725684563 0.2211150048489464
1737 0.01045711796410469 0.2211137138174074
1738 0.0104570410603524 0.2211124560056396
1739 0.01045695230210915 0.221111161441697
1740 0.01045687515147603 0.2211098857538917
1741 0.01045678517790179 0.2211085610171916
1742 0.01045670724856984 0.2211072675643593
1743 0.01045661746217361 0.2211059351106021
1744 0.01045653984178985 0.2211046293892305
1745 0.0104564498773377 0.2211032769798555
1746 0.01045637244992576 0.221101961949108
1747 0.01045628275681823 0.2211006006208831
1748 0.01045620138004619 0.2210992275119291
1749 0.01045611816553443 0.2210979072302785
1750 0.01045603938327715 0.2210965689711057
1751 0.01045594887575546 0.2210951727721185
1752 0.01045586595678769 0.2210937614598784
1753 0.0104557815081823 0.2210923979358315
1754 0.01045570251116039 0.2210910286887541
1755 0.01045561158408987 0.2210895962517248
1756 0.01045552860669641 0.2210881548363643
1757 0.01045544442965107 0.2210867664627236
1758 0.01045536129433911 0.2210853288374337
1759 0.01045527790025421 0.2210839422535036
1760 0.01045519363905663 0.2210824812395131
1761 0.01045510903699056 0.2210810605491949
1762 0.01045502800730235 0.221079622012189
1763 0.01045493615759931 0.2210781198896249
1764 0.01045485248575079 0.2210766197499809
1765 0.0104547675234188 0.2210751703059856
1766 0.01045468798026535 0.2210737216802807
1767 0.0104545964801356 0.2210722037307184
1768 0.01045451339541646 0.2210706866723369
1769 0.0104544287147177 0.2210692169811561
1770 0.01045434490739334 0.2210676953052632
1771 0.01045425987755216 0.2210662121405216
1772 0.01045417828431834 0.2210647021757211
1773 0.01045408544810138 0.2210631215339978
1774 0.01045400138533312 0.2210615600544594
1775 0.01045391578396287 0.2210600475460366
1776 0.01045383156160209 0.2210584834153911
1777 0.01045374570023601 0.221056951813952
1778 0.01045366039286741 0.2210553661548214
1779 0.01045357494676585 0.2210538255605255
1780 0.0104534893703504 0.2210522256908473
1781 0.01045340395937731 0.221050672146696
1782 0.01045332185546901 0.2210491065217208
1783 0.01045322842763235 0.221047464221675
1784 0.01045314367516534 0.2210458350530057
1785 0.01045305686137185 0.2210442470319975
1786 0.01045297200327962 0.221042622052534
1787 0.01045288559694513 0.221041033032029
1788 0.01045279962554211 0.2210393845663211
1789 0.01045271334682929 0.2210377788929519
1790 0.01045262723052518 0.2210361239277964
1791 0.01045254159669459 0.2210345190565234
1792 0.01045245465272647 0.2210328436532979
1793 0.01045236789851668 0.221031213036797
1794 0.01045228052949405 0.2210295252637716
1795 0.01045219376503448 0.2210278873461914
1796 0.01045210656484931 0.2210261886605493
1797 0.01045201984154921 0.2210245392458802
1798 0.01045193294000258 0.2210228406966121
1799 0.01045184638475964 0.2210211894151994
1800 0.01045175952524402 0.2210194801287965
1801 0.01045167318687269 0.2210178198671225
1802 0.01045158667883743 0.2210161100697508
1803 0.01045149952951715 0.2210144366466928
1804 0.01045141642841435 0.2210127544579819
1805 0.01045132100538641 0.2210109836564
1806 0.01045123565352053 0.221009255716145
1807 0.01045114825805163 0.2210075735213178
1808 0.01045106272983713 0.2210058471216321
1809 0.0104509750862887 0.2210041501816412
1810 0.01045088848958428 0.2210024066445136
1811 0.01045080120503255 0.221000705837761
1812 0.01045071476145095 0.2209989591752912
1813 0.01045062752289503 0.2209972516775114
1814 0.0104505447436829 0.2209955470748079
1815 0.01045044913019132 0.2209937506943642
1816 0.01045036371484736 0.2209919892923016
1817 0.01045027532462194 0.2209902627465004
1818 0.01045018969324965 0.2209885074514244
1819 0.01045010662817369 0.2209868436719125
1820 0.01045001226840226 0.2209849956861446
1821 0.01044992719979617 0.220983277065897
1822 0.01044983984635518 0.2209815054838134
1823 0.01044975460325393 0.2209797977007174
1824 0.01044966747860859 0.2209780267853107
1825 0.01044958468038571 0.220976344376498
1826 0.01044948893027261 0.2209744710179394
1827 0.01044940353069621 0.2209727433516482
1828 0.01044932081492025 0.2209710193467128
1829 0.0104492267395425 0.2209692109107908
1830 0.01044914711921222 0.2209674974397675
1831 0.0104490522063164 0.2209656891305752
1832 0.01044896855221258 0.2209639206120248
1833 0.01044888128630946 0.2209621888577072
1834 0.0104487965945636 0.2209604177536129
1835 0.01044871409398227 0.220958744558312
1836 0.01044861980549101 0.2209568838951131
1837 0.0104485346404687 0.2209551535487145
1838 0.01044845190478132 0.2209534159153563
1839 0.01044835810900385 0.2209516069642443
1840 0.01044827906970944 0.2209498961203036
1841 0.01044818459821617 0.2209480899206161
1842 0.01044810113293775 0.2209463184207097
1843 0.01044801461786582 0.2209445982127469
1844 0.01044793089651008 0.2209428437381036
1845 0.01044784488507823 0.2209411264894752
1846 0.01044776359562084 0.2209393986643365
1847 0.01044766871784802 0.2209375862044574
1848 0.01044758986409 0.2209358770274341
1849 0.01044749547761068 0.2209340828884465
1850 0.01044741740442911 0.2209323768675407
1851 0.01044732353636988 0.220930589602351
1852 0.01044724670016613 0.2209288992172977
1853 0.01044715332455606 0.2209271242599888
1854 0.01044707241367546 0.2209253856506657
1855 0.0104469911733241 0.2209237350078245
1856 0.01044690473145504 0.220921969843177
1857 0.01044681271001143 0.220920200535703
1858 0.01044673660349278 0.2209185339348194
1859 0.01044664363917413 0.220916765283414
1860 0.01044656608023883 0.2209150778073994
1861 0.01044647343766029 0.2209133226922829
1862 0.01044639787229687 0.2209116582972497
1863 0.01044630550083062 0.2209099086617806
1864 0.01044623022380939 0.2209082467203099
1865 0.01044613884668574 0.2209065201472675
1866 0.01044606342618697 0.2209048725509763
1867 0.01044597126728142 0.2209031395588844
1868 0.01044589522429235 0.2209014800736585
1869 0.01044580289323732 0.2208997431354361
1870 0.01044572769855178 0.2208980974552809
1871 0.01044563650835389 0.2208963848141115
1872 0.0104455622772544 0.2208947547943021
1873 0.01044547151387766 0.22089304777133
1874 0.01044539303959326 0.2208913735280619
1875 0.01044531026129053 0.2208897546497832
1876 0.01044523475789045 0.2208881414212504
1877 0.0104451440647387 0.220886445751127
1878 0.01044506886736497 0.2208848209885135
1879 0.01044497846020115 0.2208831310472917
1880 0.01044490436869573 0.2208815244227922
1881 0.01044481974128567 0.2208799066501812
1882 0.01044473794259994 0.2208782297552172
1883 0.01044465110137765 0.2208765757112177
1884 0.01044457975557677 0.2208750166828373
1885 0.01044449347416769 0.2208733984013394
1886 0.01044442061868902 0.2208718296595135
1887 0.01044433219485285 0.2208701885302911
1888 0.01044425870939283 0.2208686049721638
1889 0.01044416995976048 0.2208669639640226
1890 0.01044409767141818 0.2208654059307462
1891 0.01044401035271804 0.2208637947303413
1892 0.01044393901929935 0.220862249828493
1893 0.01044385197677783 0.2208606435051911
1894 0.01044378116895186 0.2208591107892516
1895 0.01044369546986648 0.220857527100618
1896 0.01044362461357947 0.2208559969511009
1897 0.01044353760137134 0.2208544019566568
1898 0.01044346623326505 0.2208528767530209
1899 0.01044338025579451 0.2208513066184471
1900 0.01044330977023228 0.2208497956166524
1901 0.01044322423617904 0.2208482300855574
1902 0.01044315432432535 0.2208467257947845
1903 0.01044306929296343 0.2208451757490399
1904 0.01044300026883038 0.2208436896957413
1905 0.01044291649803242 0.2208421539714153
1906 0.0104428469228852 0.220840665581764
1907 0.01044276231764208 0.2208391335684228
1908 0.01044269309795733 0.2208376626514179
1909 0.0104426090531247 0.2208361421815328
1910 0.01044254018656053 0.2208346732423696
1911 0.01044245634296993 0.2208331524495513
1912 0.01044238794398167 0.2208316896689898
1913 0.01044230495103338 0.220830192481604
1914 0.01044223353207152 0.2208287158684883
1915 0.01044215877077924 0.220827295786797
1916 0.01044208989952706 0.2208258568088066
1917 0.01044200713691616 0.2208243641706739
1918 0.01044193841008962 0.2208229236461491
1919 0.01044185598576938 0.2208214421172152
1920 0.01044178819852396 0.2208200084623888
1921 0.01044170628833111 0.2208185356417618
1922 0.01044163970148757 0.2208171250388936
1923 0.01044155954379052 0.2208156846506409
1924 0.01044148940078834 0.2208142444064785
1925 0.0104414162686976 0.22081286101545
1926 0.01044134872401638 0.2208114580687619
1927 0.01044126803337469 0.220810014515966
1928 0.01044120104065131 0.2208086140047765
1929 0.01044112028804035 0.2208071699040114
1930 0.01044105361967983 0.2208057691435382
1931 0.01044097402753641 0.2208043474607053
1932 0.01044090928376897 0.2208029783621277
1933 0.01044083030615496 0.2208015671301252
1934 0.01044076111915016 0.2208001510579101
1935 0.01044068971182111 0.220798804179921
1936 0.01044062402480816 0.2207974443330947
1937 0.01044054518663374 0.220796036645545
1938 0.01044047903696933 0.2207946573598707
1939 0.01044039980548295 0.2207932429043046
1940 0.01044033465277821 0.2207918801435795
1941 0.01044025721818061 0.2207904986207349
1942 0.0104401933822675 0.2207891529880433
1943 0.01044011593383642 0.2207877673505488
1944 0.01044004766594253 0.2207863719926527
1945 0.01043997753276398 0.220785049347951
1946 0.01043990857718246 0.2207836716053401
1947 0.01043983844967129 0.220782351211012
1948 0.01043977160373149 0.2207809913958678
1949 0.01043969401180561 0.2207795988812588
1950 0.0104396295852697 0.2207782559789002
1951 0.01043955292347926 0.2207768843963346
1952 0.0104394892993363 0.2207755465794115
1953 0.01043941287491761 0.2207741746425159
1954 0.01043934583021106 0.2207728024795459
1955 0.01043927679367639 0.2207714977448366
1956 0.01043920894528607 0.2207701316400883
1957 0.0104391397637676 0.2207688189215001
1958 0.01043907368109231 0.2207674707817821
1959 0.01043899733131131 0.2207660983041076
1960 0.01043893383280005 0.220764767543
1961 0.01043885783931302 0.2207633980442292
1962 0.01043879463508174 0.2207620612724061
1963 0.01043871911662083 0.2207606974587875
1964 0.01043865669987599 0.2207593697588457
1965 0.01043858195945622 0.22075801154183
1966 0.01043851995382438 0.2207566852443417
1967 0.01043844508807562 0.2207553283270353
1968 0.01043838213223142 0.2207539961802704
1969 0.01043830646051076 0.2207526238690993
1970 0.0104382435147486 0.2207512824055128
1971 0.01043816827245293 0.2207499149259109
1972 0.01043810599474477 0.2207485831780364
1973 0.01043803056511358 0.2207472073646368
1974 0.01043796864735612 0.2207458721094216
1975 0.01043789421519811 0.2207445072606191
1976 0.01043783258388235 0.2207431785769892
1977 0.01043775798388185 0.2207418073540595
1978 0.01043769496641131 0.2207404578952936
1979 0.01043761928728649 0.2207390704851797
1980 0.01043755672253541 0.2207377215635665
1981 0.01043748147417539 0.2207363299700499
1982 0.01043741877437975 0.2207349725556779
1983 0.01043734375025161 0.2207335854058382
1984 0.01043728216561234 0.220732245720748
1985 0.01043720755797073 0.2207308572984538
1986 0.01043714579263608 0.2207295045640462
1987 0.01043707075660606 0.2207281035645839
1988 0.01043700740799976 0.2207267325076222
1989 0.01043693185115265 0.2207253207491826
1990 0.01043686871071154 0.2207239418192534
1991 0.01043679273914691 0.2207225151641045
1992 0.01043672981381389 0.2207211408966916
1993 0.0104366558140106 0.2207197370935703
1994 0.01043659330579112 0.2207183620500456
1995 0.01043651829509934 0.2207169361646752
1996 0.01043645575935305 0.2207155524494709
1997 0.01043637964885346 0.220714112005799
1998 0.01043631634154308 0.2207127136399223
1999 0.01043624008765004 0.2207112600378032
2000 0.01043617620126908 0.2207098455318982
2001 0.01043610018199265 0.220708393603374
2002 0.01043603742141706 0.2207069946731619
2003 0.01043596112454755 0.220705531012916
2004 0.01043589829810029 0.2207041175033305
2005 0.01043582273008393 0.2207026529318913
2006 0.01043575887569935 0.2207012270120791
2007 0.01043568269715098 0.2206997478896768
2008 0.01043561811172333 0.2206983028225332
2009 0.0104355406735699 0.2206968008722207
2010 0.01043547655077263 0.2206953592626976
2011 0.01043539978740265 0.2206938616292509
2012 0.01043533550784493 0.2206924090573881
2013 0.01043525835421626 0.2206908947233685
2014 0.01043519521253368 0.2206894479682033
2015 0.01043511740096045 0.2206879211466099
2016 0.01043505372216799 0.2206864566403184
2017 0.01043497532438094 0.2206849148779631
2018 0.01043490958198997 0.2206834277382814
2019 0.01043483199936709 0.2206818893584176
2020 0.01043476653923968 0.2206803956510682
2021 0.01043468761303013 0.220678827819791
2022 0.01043462404682497 0.2206773445561827
2023 0.01043454528258398 0.2206757764988865
2024 0.01043447612787605 0.2206742199814047
2025 0.0104344039678531 0.2206727092440341
2026 0.01043433713293939 0.2206711939930669
2027 0.01043425685797411 0.2206695886832141
2028 0.01043419112367968 0.2206680606821951
2029 0.01043411096010189 0.2206664462665224
2030 0.01043404399495517 0.2206648992640182
2031 0.01043396477676079 0.2206632899111323
2032 0.01043389801773017 0.2206617339389227
2033 0.01043381750283983 0.2206600977600897
2034 0.01043375280445974 0.220658562438877
2035 0.01043367310434038 0.220656939294543
2036 0.01043360566794516 0.220655363993116
2037 0.0104335247088371 0.2206537095949181
2038 0.01043345691186993 0.2206521210510901
2039 0.0104333758487045 0.2206504579326447
2040 0.01043330828356341 0.2206488645528846
2041 0.0104332269426406 0.2206471883242209
2042 0.01043315883102196 0.2206455832035912
2043 0.01043307876362148 0.2206439172173658
2044 0.01043300743104995 0.2206422639136206
2045 0.01043293541764406 0.2206406811569201
2046 0.01043285547535902 0.2206389412504214
2047 0.0104327818061979 0.2206373118973444
2048 0.01043270545165746 0.2206356041161127
2049 0.01043263081520605 0.2206339577084509
2050 0.01043255921445262 0.2206323072117771
2051 0.01043247582978653 0.2206305622394358
2052 0.01043240760578511 0.2206289218987954
2053 0.01043232460402932 0.2206271820996917
2054 0.01043225133093255 0.2206254719389144
2055 0.01043217920127033 0.2206238559115863
2056 0.01043209679303355 0.2206220474871711
2057 0.01043202165066146 0.2206203593819886
2058 0.01043194823087851 0.2206186634642348
2059 0.01043186546144419 0.2206168982814674
2060 0.01043179511464617 0.2206152134059724
2061 0.01043171146992716 0.2206134356915611
2062 0.01043163705848407 0.2206116839650132
2063 0.01043156234981936 0.2206100109493091
2064 0.01043148096630196 0.220608189522578
2065 0.01043140600422949 0.2206064860495314
2066 0.01043133195309934 0.2206047543885895
2067 0.01043124735537438 0.2206029481469729
2068 0.01043117607180416 0.2206012252799054
2069 0.01043108967386758 0.2205993916441281
2070 0.01043101866500698 0.2205976627466569
2071 0.01043093356852191 0.2205958535321085
2072 0.01043086231576999 0.2205941090397689
2073 0.01043077697414761 0.2205922872230265
2074 0.01043070314260018 0.220590510546372
2075 0.01043062766502924 0.2205888008502423
2076 0.01043054775947771 0.2205869666544039
2077 0.0104304623791691 0.2205851167216513
2078 0.0104303869656431 0.2205833167179078
2079 0.01043031150479917 0.2205815963212902
2080 0.01043022699818051 0.2205797057980419
2081 0.01043015399336063 0.2205779843935329
2082 0.01043007270443622 0.2205761358475306
2083 0.01042998797253782 0.2205742772930588
2084 0.01042991619802172 0.2205725140147926
2085 0.01042983157023989 0.2205706680391909
2086 0.01042975953008888 0.2205689002931444
2087 0.01042967178605199 0.2205670261500342
2088 0.01042959956920846 0.2205652456971454
2089 0.0104295116161041 0.2205633641269505
2090 0.01042943926718764 0.2205615672999928
2091 0.01042935201559012 0.2205596970941483
2092 0.01042928116573985 0.2205579277602793
2093 0.01042919323797862 0.2205560451080511
2094 0.01042912239361615 0.2205542683021128
2095 0.01042903551646152 0.220552401417645
2096 0.01042896314687394 0.2205506033856517
2097 0.01042887516536598 0.2205487140667783
2098 0.01042880251958141 0.2205469118447612
2099 0.01042871404300931 0.2205450198130977
2100 0.01042864226107364 0.2205432328529222
2101 0.01042855957886932 0.2205414102758693
2102 0.01042847959320294 0.2205395234548087
2103 0.01042839876271943 0.2205377062438541
2104 0.01042832009657916 0.2205358491718029
2105 0.01042823962758047 0.2205340262699366
2106 0.01042816013409294 0.2205321585171006
2107 0.0104280763330149 0.220530303425988
2108 0.01042800549614291 0.2205285355201223
2109 0.01042791947795219 0.2205266686052955
2110 0.01042784699493651 0.2205248727266083
2111 0.01042776314425061 0.2205230293434216
2112 0.01042768245291547 0.2205211432199887
2113 0.01042760166829551 0.2205193260800893
2114 0.0104275227039479 0.2205174576348795
2115 0.0104274430336197 0.2205156492985448
2116 0.01042736448030327 0.2205138043753596
2117 0.01042728592476929 0.2205120159077114
2118 0.01042720718199672 0.2205101707095857
2119 0.01042712776507239 0.2205083706825545
2120 0.01042704789074992 0.2205065002705399
2121 0.01042696891392933 0.2205047054951657
2122 0.01042689053139078 0.2205028660201022
2123 0.01042681122143362 0.220501069880524
2124 0.01042673260811013 0.2204992253051432
2125 0.01042665360951904 0.2204974350683524
2126 0.0104265750792842 0.2204955951198824
2127 0.01042649685674843 0.2204938226542682
2128 0.01042641951591995 0.2204920024762462
2129 0.01042634075333591 0.2204902188121721
2130 0.01042626264504866 0.2204883896923739
2131 0.01042618447689636 0.2204866242753067
2132 0.01042610703201112 0.2204848023454578
2133 0.01042602868375773 0.2204830320755434
2134 0.01042595103920084 0.2204812118280491
2135 0.01042587321331999 0.2204794556143238
2136 0.01042579688297238 0.2204776653691853
2137 0.01042571971662593 0.2204759239320505
2138 0.01042564282427979 0.220474118327294
2139 0.01042556556463838 0.2204723718272761
2140 0.01042548890028441 0.220470578777813
2141 0.01042541178014583 0.2204688420808898
2142 0.01042533588122094 0.2204670652458275
2143 0.01042525955940623 0.2204653423225336
2144 0.01042518302537649 0.2204635518632049
2145 0.01042510737219243 0.2204618445871472
2146 0.01042503226378356 0.2204600894029862
2147 0.01042495640043908 0.2204583821510344
2148 0.01042488095732 0.2204566219966242
2149 0.01042480546006182 0.2204549242604203
2150 0.01042473038950649 0.2204531710638248
2151 0.01042465584411414 0.2204514884762655
2152 0.01042458112419949 0.2204497454239588
2153 0.0104245059074411 0.2204480551791195
2154 0.01042443160467842 0.2204463297896849
2155 0.01042435835105897 0.2204446813729283
2156 0.01042428482908179 0.2204429658123102
2157 0.01042421108152709 0.2204413095597094
2158 0.01042413708383543 0.220439589598056
2159 0.01042406328430066 0.2204379317555701
2160 0.01042399019876831 0.2204362374801174
2161 0.01042391798498247 0.220434617547079
2162 0.01042384546051816 0.220432929077488
2163 0.01042377277832587 0.2204313017515767
2164 0.01042370056541237 0.2204296227996417
2165 0.01042362807048048 0.2204280046779952
2166 0.0104235567994911 0.2204263462227543
2167 0.0104234851633002 0.2204247443444322
2168 0.01042341320699956 0.2204230741271696
2169 0.01042334220661222 0.2204214895484288
2170 0.01042327168617464 0.2204198572447448
2171 0.01042320120173718 0.2204182818843342
2172 0.01042313064548898 0.2204166489679937
2173 0.01042306019131772 0.2204150764362042
2174 0.01042298985757075 0.2204134457379095
2175 0.01042292035010174 0.2204118971714325
2176 0.01042285101391642 0.2204102933352854
2177 0.01042278106583068 0.2204087382528535
2178 0.01042271190436837 0.2204071366974028
2179 0.01042264346066183 0.2204056139686598
2180 0.0104225746648854 0.2204040258225192
2181 0.01042250669493051 0.2204025115808983
2182 0.01042243821002694 0.2204009319607909
2183 0.01042237019217879 0.2203994176330513
2184 0.01042230197429038 0.2203978524227398
2185 0.01042223519824381 0.220396362905617
2186 0.01042216695629391 0.2203947927907474
2187 0.01042210023748906 0.2203933042691749
2188 0.01042203321886947 0.2203917659230268
2189 0.01042196290790463 0.2203902516944546
2190 0.0104219044527625 0.2203888063344005
2191 0.01042183212279183 0.2203872885818365
2192 0.01042177106285765 0.2203857983159366
2193 0.01042169894644937 0.2203842844141954
2194 0.01042164432826186 0.2203828154700562
2195 0.01042156460746451 0.2203813629279164
2196 0.01042151352372105 0.2203799330834973
2197 0.01042143909139839 0.2203784404087784
2198 0.0104213822040107 0.2203769897726322
2199 0.01042130915519994 0.2203755026484014
2200 0.01042125228105022 0.2203740716106824
2201 0.01042118016713493 0.2203725887057826
2202 0.01042112658469953 0.2203711475154892
2203 0.01042105130619658 0.2203697721454144
2204 0.01042099988360117 0.2203683595962966
2205 0.01042092782257862 0.2203669085708542
2206 0.01042087295774704 0.2203655022222133
2207 0.01042080190826979 0.2203640579009562
2208 0.01042075155711167 0.2203626575935601
2209 0.01042067354483118 0.220361272913261
2210 0.01042062362212082 0.2203598757957797
2211 0.01042055213587603 0.2203584533425259
2212 0.01042049933102874 0.2203570867405537
2213 0.01042042884534254 0.2203556607315393
2214 0.01042037462399519 0.2203542939290953
2215 0.01042031126064547 0.2203529501265811
2216 0.01042025297407696 0.2203514915258461
2217 0.0104201789424628 0.2203501441090066
2218 0.01042012980786736 0.2203487828936067
2219 0.01042006626421063 0.2203474570603267
2220 0.01042001335812195 0.2203461190657204
2221 0.01041994972290288 0.2203447800620159
2222 0.01041988739452957 0.2203433465159474
2223 0.01041982103800845 0.2203419629081662
2224 0.01041977039070318 0.2203406706184463
2225 0.01041970402252764 0.220339301680678
2226 0.01041965267304792 0.2203379336667355
2227 0.0104195823404833 0.220336650189022
2228 0.01041953701883663 0.2203352845165638
2229 0.01041946325135416 0.2203339862046737
2230 0.01041941772837363 0.2203326655181066
2231 0.01041934777611832 0.2203312948000926
2232 0.01041930328515625 0.2203299702601506
2233 0.01041922685242214 0.2203286573983368
2234 0.0104191852517331 0.2203273050611589
2235 0.01041910818557588 0.2203260031250177
2236 0.01041906751073363 0.2203247262722982
2237 0.01041900219677514 0.2203234211023719
2238 0.01041894627840206 0.2203220487504571
2239 0.01041888494249992 0.2203207557046055
2240 0.01041883131136534 0.220319359192365
2241 0.01041876139830565 0.2203180982943466
2242 0.01041871695218907 0.2203168192440813
2243 0.01041865086852234 0.2203154886137863
2244 0.01041860171589173 0.2203142033703371
2245 0.01041854066071914 0.2203129126020684
2246 0.01041848479399104 0.2203114909525597
2247 0.01041841727598831 0.2203102518934628
2248 0.01041837147248366 0.2203089707670624
2249 0.01041830666413178 0.2203076460081929
2250 0.01041825678140831 0.220306354656802
2251 0.01041819702973088 0.2203050747613858
2252 0.01041814442907887 0.220303689201559
2253 0.01041807155102726 0.2203024028899977
2254 0.01041802776362177 0.2203011140937812
2255 0.01041796258355869 0.2202997889041122
2256 0.01041791495928576 0.2202985170306699
2257 0.010417854268342 0.220297235322935
2258 0.01041779625742277 0.2202958615873938
2259 0.01041773752913315 0.2202945703103633
2260 0.01041768074900633 0.2202932265901944
2261 0.01041762305614668 0.2202919394250878
2262 0.01041756734041107 0.2202906070763893
2263 0.01041751088874554 0.2202893319325059
2264 0.01041745247614654 0.2202879701104449
2265 0.01041739601922765 0.2202866905982628
2266 0.01041733789979719 0.2202853320276271
2267 0.01041728118193337 0.2202840424045903
2268 0.01041722378763584 0.2202826916840324
2269 0.01041716655665167 0.2202813971465901
2270 0.01041710832152803 0.2202800238102843
2271 0.01041705174174717 0.2202787284724839
2272 0.01041699381129774 0.2202773649698962
2273 0.01041693538583437 0.2202760483948927
2274 0.01041687824241213 0.2202746827053023
2275 0.01041682122232496 0.2202733803488429
2276 0.01041676317840798 0.2202720012189391
2277 0.01041670534251314 0.2202706872471301
2278 0.01041664730435998 0.2202693048159521
2279 0.01041658884288452 0.2202679761302171
2280 0.01041653106173441 0.2202665968152233
2281 0.01041647309998268 0.2202652720957257
2282 0.01041641308521992 0.220263853334837
2283 0.01041635626771431 0.2202625282974454
2284 0.01041629755416626 0.22026113185728
2285 0.01041623888765496 0.2202597879042075
2286 0.01041618004853363 0.2202583804867064
2287 0.01041612059522645 0.2202570236367205
2288 0.01041606167706993 0.2202556036871383
2289 0.0104160033817868 0.2202542545909804
2290 0.01041594298759465 0.2202528174824338
2291 0.01041588342885376 0.2202514442355375
2292 0.01041582486764354 0.2202500273636517
2293 0.01041576524740552 0.2202486550966934
2294 0.0104157043136378 0.2202471953403436
2295 0.01041564533530615 0.220245817797688
2296 0.01041558488807881 0.2202443679811024
2297 0.01041552450277548 0.2202429700877057
2298 0.01041546418974378 0.2202415117128054
2299 0.01041540325125069 0.2202401048503733
2300 0.01041534244889617 0.2202386326502806
2301 0.01041527830769633 0.2202371808208989
2302 0.01041522389735186 0.2202357729481707
2303 0.01041515570231838 0.2202342792688869
2304 0.01041510181931223 0.2202328689609402
2305 0.01041503788552697 0.2202314257818981
2306 0.01041497456809666 0.2202298944926541
2307 0.01041490826252466 0.220228394302577
2308 0.01041485378642545 0.2202269704856956
2309 0.01041478628194755 0.2202254688264849
2310 0.01041473046243252 0.2202240207893673
2311 0.01041466541646663 0.2202225465413568
2312 0.01041460038698727 0.2202209818259576
2313 0.01041453310478932 0.2202194532440764
2314 0.01041447743249737 0.2202179908320713
2315 0.0104144072892443 0.2202164376681837
2316 0.01041435048545394 0.2202149602336109
2317 0.01041427983382523 0.2202133991538635
2318 0.01041422293993162 0.2202119001452976
2319 0.01041415358719758 0.2202103464137613
2320 0.01041409557604003 0.220208842243906
2321 0.01041402765821151 0.220207300683301
2322 0.01041396277051239 0.2202057080875473
2323 0.01041389176358062 0.2202041094382594
2324 0.01041383448356556 0.2202025958326353
2325 0.01041376368809234 0.2202010072908626
2326 0.01041370341578975 0.2201994565631428
2327 0.01041364021163534 0.2201978644830888
2328 0.01041356555899196 0.2201963117018242
2329 0.01041350224003986 0.2201947024068732
2330 0.01041343880943218 0.220193125536869
2331 0.0104133684413404 0.2201914840033833
2332 0.0104133056421578 0.220189907126018
2333 0.01041323335602298 0.2201882613385301
2334 0.0104131726452915 0.2201866913631149
2335 0.01041310333693127 0.2201850887577633
2336 0.01041303405401661 0.2201834067266926
2337 0.01041296744718653 0.2201818159416096
2338 0.01041289942295464 0.2201801490634075
2339 0.01041283085514047 0.2201785293708114
2340 0.01041276388248008 0.220176876889694
2341 0.01041269480179414 0.2201752528671714
2342 0.01041262662354091 0.2201735688115976
2343 0.01041255812745369 0.2201719428844929
2344 0.01041248832297515 0.2201702450766083
2345 0.01041241885314768 0.2201686006453702
2346 0.01041235074120825 0.2201669140865859
2347 0.01041228094671333 0.2201652639408991
2348 0.01041221025451766 0.2201635417263279
2349 0.0104121378963281 0.2201618502591136
2350 0.01041207464199734 0.2201602129352984
2351 0.01041199714106126 0.2201584673558063
2352 0.01041193412597539 0.2201568227513575
2353 0.01041186157124087 0.2201551434425101
2354 0.01041179040644412 0.2201533894725847
2355 0.01041171841859979 0.2201516966442588
2356 0.01041164657649036 0.2201499466496291
2357 0.0104115753814821 0.2201482594067453
2358 0.01041150531497772 0.2201465290522906
2359 0.010411434525361 0.2201448425997709
2360 0.01041136206522849 0.220143076442986
2361 0.01041129130367661 0.2201413833426888
2362 0.0104112184596832 0.2201396104880645
2363 0.01041114599059785 0.220137892653311
2364 0.0104110746864032 0.2201361421709574
2365 0.01041100288856197 0.2201344386681718
2366 0.01041092975780511 0.2201326532023465
2367 0.0104108571891377 0.2201309321503552
2368 0.01041078511221112 0.2201291636441182
2369 0.01041071144260183 0.220127429778748
2370 0.0104106388347491 0.2201256487501827
2371 0.01041056689355418 0.2201239303063685
2372 0.01041049274917106 0.220122130619631
2373 0.01041042038504582 0.2201204078227741
2374 0.01041034752789024 0.2201186244239146
2375 0.01041027332061214 0.2201168770799918
2376 0.010410200959551 0.2201150978171479
2377 0.01041012726392544 0.2201133584647802
2378 0.01041005314656203 0.2201115481185119
2379 0.01040997934701717 0.2201098024708761
2380 0.01040990614033495 0.2201080136790474
2381 0.01040983206405761 0.2201062691191323
2382 0.01040975883944743 0.2201044757831056
2383 0.01040968566194106 0.2201027385551254
2384 0.01040961067025369 0.2201009219774309
2385 0.01040953710686663 0.2200991798628689
2386 0.01040946349005323 0.2200973814169321
2387 0.01040938872502106 0.2200956243972475
2388 0.01040931516236304 0.2200938322530437
2389 0.01040924173234537 0.2200920963217202
2390 0.01040916706022471 0.2200902804053269
2391 0.01040909260695127 0.2200885277981439
2392 0.01040901914778931 0.2200867357516149
2393 0.01040894465034088 0.2200849873832617
2394 0.01040887060884461 0.2200831863827006
2395 0.0104087974037077 0.2200814518792729
2396 0.01040872215621528 0.2200796379746947
2397 0.01040864851000385 0.2200779032893942
2398 0.01040857468456099 0.2200761109611064
2399 0.01040850053600095 0.2200743688188173
2400 0.0104084266858211 0.2200725817670516
2401 0.01040835310042087 0.2200708507529721
2402 0.01040827867575463 0.2200690458680446
2403 0.01040820434836353 0.2200673039346494
2404 0.01040813136549775 0.2200655308341554
2405 0.01040805624651686 0.2200637906504012
2406 0.01040798433470952 0.2200620281970557
2407 0.01040791091774859 0.220060311163291
2408 0.01040783639104769 0.2200585158886644
2409 0.01040776312810484 0.2200568023596681
2410 0.01040768947723665 0.2200550272365886
2411 0.01040761588308408 0.2200533085248591
2412 0.01040754325359412 0.2200515511766238
2413 0.01040747029080685 0.2200498507157381
2414 0.01040739692362082 0.2200480812055952
2415 0.01040732417445897 0.2200463810971834
2416 0.01040725072347477 0.2200446175666706
2417 0.01040717814077118 0.2200429292334513
2418 0.01040710624192724 0.2200411977846753
2419 0.01040703435193072 0.2200395210815128
2420 0.01040696133643761 0.2200377659588933
2421 0.0104068890339851 0.2200360882047948
2422 0.01040681710346079 0.2200343593137829
2423 0.01040674492815511 0.220032687867633
2424 0.01040667313402505 0.2200309636753869
2425 0.01040660169042074 0.2200293100646144
2426 0.01040652972124386 0.2200275885320134
2427 0.01040645884725052 0.2200259428157154
2428 0.01040638819514753 0.2200242405713544
2429 0.01040631649876523 0.2200225884175882
2430 0.01040624561842376 0.2200208980368533
2431 0.0104061757705977 0.2200192822945505
2432 0.0104061050115802 0.2200175903322227
2433 0.01040603474956005 0.2200159683715286
2434 0.01040596506088416 0.2200143001661785
2435 0.01040589457042684 0.2200126856162538
2436 0.01040582542757939 0.2200110269037911
2437 0.01040575530806414 0.2200094203941651
2438 0.01040568571646808 0.2200077606027776
2439 0.01040561735106697 0.2200061857627372
2440 0.0104055484724179 0.2200045478992073
2441 0.01040547960597114 0.2200029677897641
2442 0.01040541155689854 0.2200013467450095
2443 0.0104053433754708 0.2199997869148431
2444 0.01040527462064082 0.2199981544339476
2445 0.01040520694449303 0.2199966008131443
2446 0.01040513991148771 0.2199950047869632
2447 0.0104050724028284 0.2199934686635155
2448 0.0104050056697406 0.2199918827092946
2449 0.01040493895059819 0.2199903567659373
2450 0.01040487086529014 0.2199887554508746
2451 0.01040480580164685 0.219987259190805
2452 0.01040473977939665 0.2199856989989104
2453 0.01040467365509316 0.2199841898743205
2454 0.0104046070022965 0.2199826228117865
2455 0.01040454255219808 0.2199811504456854
2456 0.01040447715358951 0.2199796101216433
2457 0.0104044132644692 0.2199781505523225
2458 0.01040434860312928 0.2199766235214755
2459 0.0104042833624933 0.2199751496824164
2460 0.01040421954404282 0.2199736403074581
2461 0.0104041560706686 0.2199722023521111
2462 0.01040409173505727 0.2199706905535775
2463 0.01040402875751825 0.2199692570945487
2464 0.01040396537221349 0.2199677664146278
2465 0.01040390244238844 0.2199663472346027
2466 0.01040384057751732 0.2199648908030959
2467 0.01040377924803151 0.2199635014624261
2468 0.01040371683408372 0.219962033585202
2469 0.01040365450828416 0.2199606319425937
2470 0.01040359273053999 0.2199591846703362
2471 0.01040353175319786 0.2199578103759455
2472 0.01040347050421237 0.2199563773205522
2473 0.01040341162700161 0.2199550310860889
2474 0.01040334984179065 0.2199535985550322
2475 0.01040329067032044 0.2199522585658783
2476 0.01040323034952821 0.219950850927087
2477 0.01040317027331409 0.2199495041190278
2478 0.01040311088281249 0.2199481190070288
2479 0.01040305380562788 0.2199468204465914
2480 0.0104029933437073 0.2199454219639821
2481 0.0104029360351345 0.2199441198117376
2482 0.01040287747395612 0.2199427574323558
2483 0.01040281952474661 0.2199414605421713
2484 0.01040276130707616 0.2199401046265034
2485 0.01040270442669323 0.2199388229153167
2486 0.01040264665919772 0.2199374780119018
2487 0.01040259066496194 0.219936221617268
2488 0.01040253412928673 0.2199349019583081
2489 0.01040247764060107 0.219933640820098
2490 0.01040242129245922 0.2199323246798566
2491 0.0104023665263112 0.2199310918667132
2492 0.01040230997694104 0.2199297789805533
2493 0.01040225432010531 0.2199285392664982
2494 0.01040219952520457 0.2199272516259248
2495 0.010402144710511 0.2199260322485613
2496 0.01040208934393733 0.219924753756101
2497 0.01040203722155888 0.2199235673145068
2498 0.01040198151692795 0.2199222814878789
2499 0.01040192872237236 0.2199210895179829
2500 0.01040187411308953 0.2199198290425531
2501 0.0104018210243456 0.2199186424421696
2502 0.0104017678060419 0.2199173982492112
2503 0.01040171487235347 0.219916217832591
2504 0.01040166139180058 0.2199149765521335
2505 0.01040160948772025 0.2199138194498675
2506 0.01040155785793541 0.2199126064947916
2507 0.01040150466694445 0.2199114331944551
2508 0.01040145282176712 0.2199102185745348
2509 0.01040140277831441 0.2199090896399231
2510 0.01040134954496131 0.219907864376246
2511 0.0104012986397814 0.2199067232705434
2512 0.01040124821279834 0.2199055312776598
2513 0.0104011965832503 0.2199043969151865
2514 0.01040114576136235 0.2199032150051256
2515 0.01040109721762756 0.2199021123490045
2516 0.01040104522153058 0.2199009094064572
2517 0.0104009951393583 0.2198997912581576
2518 0.01040094521722526 0.2198986219176911
2519 0.01040089457902851 0.219897501514607
2520 0.01040084504301628 0.2198963348166108
2521 0.01040079692670985 0.2198952481097235
2522 0.01040074666030828 0.2198940795855289
2523 0.01040069819987311 0.2198929922211568
2524 0.01040064760067299 0.2198918213763642
2525 0.01040059964723003 0.219890736870042
2526 0.01040055040132074 0.2198895909290493
2527 0.01040050203630758 0.2198885081739025
2528 0.01040045305853684 0.2198873541524494
2529 0.01040040433743576 0.2198862668932453
2530 0.01040035672025776 0.2198851389796686
2531 0.01040030944190243 0.2198840692625329
2532 0.01040025890161076 0.219882906890615
2533 0.01040021196605759 0.2198818373023232
2534 0.01040016455962611 0.2198807143325932
2535 0.01040011675319606 0.2198796492964634
2536 0.01040006858522657 0.2198785169091402
2537 0.01040002176441891 0.2198774477477276
2538 0.0103999759093319 0.2198762693019211
2539 0.01039992208103188 0.2198752601176944
2540 0.0103998795705351 0.2198741316138667
2541 0.01039982980896172 0.2198730550260008
2542 0.0103997833331046 0.2198719188990079
2543 0.01039973569770889 0.2198708543352024
2544 0.01039968800500394 0.2198697142394619
2545 0.01039964133155669 0.219868657122964
2546 0.01039959392270189 0.2198675303667531
2547 0.01039954683448563 0.219866470726463
2548 0.01039949999288215 0.2198653462923646
2549 0.0103994529351801 0.2198642739418968
2550 0.01039940494786556 0.2198631368735081
2551 0.01039935815756442 0.2198620727958963
2552 0.01039931010899479 0.2198609328853359
2553 0.01039926393456484 0.219859870502779
2554 0.01039921602214139 0.2198587362278295
2555 0.0103991698241101 0.219857668652143
2556 0.0103991214428506 0.2198565210586626
2557 0.01039907465691025 0.219855445444247
2558 0.01039902632356451 0.2198542993788892
2559 0.01039898030745141 0.2198532332143735
2560 0.01039893184598914 0.2198520777360757
2561 0.01039888457331307 0.2198509855165314
2562 0.0103988370637356 0.219849838372992
2563 0.01039878910078561 0.2198487466092071
2564 0.01039874113036737 0.2198475901073633
2565 0.01039869460594587 0.2198465084051819
2566 0.01039864582178102 0.219845340425119
2567 0.01039859892702291 0.2198442437235147
2568 0.01039854924186369 0.2198430570269106
2569 0.0103985013222636 0.2198419496482356
2570 0.01039845357646166 0.2198407844805761
2571 0.01039840465905224 0.2198396686309394
2572 0.01039835731372502 0.2198384994609985
2573 0.01039830904082316 0.2198373757368325
2574 0.01039825910960439 0.2198361729752921
2575 0.01039821107945276 0.2198350509890844
2576 0.01039816054959768 0.2198338389771955
2577 0.01039811312895901 0.2198327172019746
2578 0.01039806282368365 0.2198315014263191
2579 0.01039801021724539 0.2198303141675009
2580 0.0103979662910034 0.2198291587034251
2581 0.01039791597515687 0.2198280095316588
2582 0.01039786506942003 0.2198267687282673
2583 0.01039781404340082 0.2198255924698618
2584 0.01039776386116693 0.2198243499939687
2585 0.01039771387851371 0.219823181231606
2586 0.01039766367849715 0.2198219443084728
2587 0.01039760938491869 0.2198207159019685
2588 0.01039756422955842 0.2198195170022245
2589 0.0103975120874671 0.2198183244268804
2590 0.01039746004467895 0.2198170509588477
2591 0.01039740420753683 0.2198157876620535
2592 0.01039735962253217 0.2198145803147041
2593 0.01039730245751986 0.2198133138765586
2594 0.01039725524878941 0.2198120760921813
2595 0.01039719796774108 0.2198108027445223
2596 0.01039715010656478 0.2198095391720668
2597 0.01039709557498122 0.219808287481848
2598 0.01039704151409211 0.2198069652328669
2599 0.0103969886313391 0.2198057161219359
2600 0.01039693550898095 0.2198043851232763
2601 0.01039687806684573 0.219803072276393
2602 0.01039683097939565 0.2198018123545878
2603 0.01039677160324068 0.2198004879036685
2604 0.01039672340672513 0.2197991991656641
2605 0.0103966672407326 0.2197979027349501
2606 0.01039661106119163 0.2197965189003596
2607 0.01039655101276854 0.2197951589659077
2608 0.01039650289219636 0.2197938581560998
2609 0.01039644195823868 0.2197924854306494
2610 0.0103963913011339 0.2197911496369854
2611 0.01039632977682881 0.2197897666022299
2612 0.01039627957248185 0.2197884280312676
2613 0.01039622140571537 0.2197870824732968
2614 0.01039616490346127 0.219785666755362
2615 0.0103961063238581 0.2197842927433292
2616 0.01039604911742218 0.2197828655065795
2617 0.01039599243916146 0.2197815106647147
2618 0.01039593382537215 0.2197800590459915
2619 0.01039587306203115 0.2197786403464524
2620 0.01039581712229406 0.21977721021876
2621 0.01039576218019262 0.2197758665984602
2622 0.01039569929929566 0.2197743615599995
2623 0.01039564468662042 0.2197730003825404
2624 0.01039558081011525 0.2197714629804726
2625 0.01039552518191999 0.2197700955746798
2626 0.01039546519765235 0.219768609556008
2627 0.01039540050441082 0.2197671171956985
2628 0.01039534641061931 0.2197656778635019
2629 0.01039528032445002 0.219764182301317
2630 0.01039522479390355 0.2197627188785176
2631 0.01039515780847466 0.2197612069506457
2632 0.01039510232995151 0.2197597248497463
2633 0.01039503419985294 0.2197581957916789
2634 0.0103949793840498 0.2197567226045403
2635 0.01039491093734782 0.2197551843401785
2636 0.01039485579327658 0.2197537017385522
2637 0.01039478739591017 0.2197521554704843
2638 0.01039473070990128 0.2197506475658665
2639 0.0103946610214528 0.2197490803125379
2640 0.01039459975648121 0.2197475063411712
2641 0.01039453579420345 0.2197460009456062
2642 0.01039447764412566 0.2197444714480324
2643 0.01039440625270004 0.2197428677268694
2644 0.01039434848392038 0.2197413322205142
2645 0.01039428162022105 0.2197397923798197
2646 0.01039421377524804 0.2197381307343557
2647 0.01039415513832472 0.219736666242252
2648 0.01039408440280283 0.2197349659336722
2649 0.01039402400344206 0.2197334723287223
2650 0.01039395251894207 0.2197317720577708
2651 0.0103938921257343 0.2197302696633369
2652 0.01039382518788919 0.2197286315595402
2653 0.01039375815898358 0.219727047564025
2654 0.01039369202099503 0.2197253905821538
2655 0.01039362402899825 0.2197237886463937
2656 0.01039355829402159 0.219722137860387
2657 0.01039349129833781 0.2197205597461041
2658 0.01039342475859602 0.2197189008949036
2659 0.01039335792421294 0.2197173101132802
2660 0.01039329114925246 0.2197156332206722
2661 0.01039322201108752 0.2197140148978895
2662 0.010393155412492 0.2197123456456956
2663 0.01039308683467062 0.2197107348003837
2664 0.01039301917061245 0.2197090503288474
2665 0.01039295036279926 0.2197074337314333
2666 0.01039288266533637 0.2197057374762879
2667 0.01039281330154119 0.2197041066995656
2668 0.01039274470473623 0.2197024030788575
2669 0.0103926757171344 0.2197007825235767
2670 0.01039260778932112 0.2196990914651836
2671 0.0103925377216014 0.2196974493479962
2672 0.01039246925830416 0.2196957358065684
2673 0.01039239943866695 0.2196940990320131
2674 0.01039233012012752 0.2196923838120835
2675 0.01039225979731099 0.2196907391809282
2676 0.01039219145695799 0.2196890362676117
2677 0.0103921212835404 0.2196873941547187
2678 0.01039205182190918 0.2196856691809358
2679 0.01039198144039323 0.219684019091026
2680 0.01039191122623042 0.2196822897786285
2681 0.0103918413271839 0.2196806541180208
2682 0.01039177197534652 0.2196789425642107
2683 0.010391701377503 0.2196772893104754
2684 0.0103916311411129 0.2196755524344837
2685 0.01039156038449234 0.219673902303999
2686 0.0103914909304738 0.2196721879517729
2687 0.01039141946498516 0.219670530884917
2688 0.01039135010851547 0.2196688178549281
2689 0.01039127940826505 0.2196671723746734
2690 0.01039120889455705 0.2196654381178104
2691 0.01039113802541802 0.2196637860779913
2692 0.01039106763427098 0.2196620594893444
2693 0.0103909970228115 0.2196604233646511
2694 0.01039092807003592 0.2196587281361017
2695 0.01039085654103098 0.219657075217324
2696 0.01039078643009344 0.2196553489151243
2697 0.01039071471732255 0.2196536968608216
2698 0.010390645520987 0.2196519946004541
2699 0.01039057434787137 0.2196503550967407
2700 0.01039050886828009 0.2196487063877561
2701 0.01039043403803109 0.2196470346172426
2702 0.01039036265326198 0.2196452976703624
2703 0.01039029155334041 0.219643661258816
2704 0.01039022251555432 0.2196419680688072
2705 0.01039015312701019 0.2196403655845687
2706 0.01039008379719359 0.219638683076909
2707 0.01039001436893647 0.2196370746200199
2708 0.01038994460522695 0.2196353783386316
2709 0.01038987359506515 0.2196337606385412
2710 0.01038980519989351 0.2196320949548468
2711 0.01038973520687814 0.2196304947627057
2712 0.0103896651251383 0.2196288105426248
2713 0.0103895962443241 0.2196272295021559
2714 0.01038952767895998 0.219625567219076
2715 0.0103894582300221 0.2196239842338326
2716 0.01038938957765773 0.2196223263843073
2717 0.01038932033766117 0.2196207556830435
2718 0.01038925666108498 0.2196191723453395
2719 0.01038918342168782 0.2196175613487203
2720 0.01038911345615016 0.2196158794734525
2721 0.01038904376835431 0.2196143163073667
2722 0.01038897775341727 0.2196127147061892
2723 0.01038891045498623 0.2196111907141869
2724 0.01038884799148359 0.2196096405897963
2725 0.01038877520371611 0.2196080581548634
2726 0.01038870768020795 0.2196064359937996
2727 0.0103886436399014 0.2196049521249241
2728 0.01038857142374557 0.2196033085114704
2729 0.01038850968349537 0.2196018460617798
2730 0.01038843871138192 0.219600244333136
2731 0.01038837818699654 0.2195988066272513
2732 0.01038830781894718 0.219597211047926
2733 0.01038824227650523 0.2195957180436897
2734 0.01038817752906932 0.2195941783488713
2735 0.01038811306689562 0.2195927255139847
2736 0.01038804887401003 0.2195912087655691
2737 0.0103879835357141 0.2195897564134747
2738 0.01038792359512579 0.2195882787356827
2739 0.01038785505161127 0.2195868062328539
2740 0.01038778891153364 0.2195852669679259
2741 0.01038772387541117 0.2195838436166092
2742 0.01038766248228041 0.2195823767516966
2743 0.0103875993278435 0.2195809784929846
2744 0.01038753823322246 0.2195795190061194
2745 0.01038747478192327 0.2195781301722247
2746 0.01038741261242312 0.2195766692119976
2747 0.01038735003536654 0.2195752964671384
2748 0.01038728796157904 0.2195738518527212
2749 0.01038722649890315 0.2195725062402517
2750 0.01038716662522022 0.2195710913007728
2751 0.01038710476084301 0.2195697445461234
2752 0.01038704388031701 0.2195683257202092
2753 0.01038698413914165 0.2195670222747075
2754 0.01038692444004656 0.2195656420277892
2755 0.01038686438447365 0.2195643411217538
2756 0.01038680612936041 0.2195629713553262
2757 0.01038674606336157 0.2195616758636791
2758 0.01038668696607136 0.2195603140535788
2759 0.01038662927039118 0.2195590602099145
2760 0.01038657032786664 0.2195577103700859
2761 0.01038651266662116 0.2195564587204524
2762 0.0103864561799789 0.2195551470252094
2763 0.01038639900514374 0.2195539236176119
2764 0.01038634279325963 0.2195526307765051
2765 0.01038628661003092 0.2195514253612708
2766 0.01038622941646937 0.2195501240451571
2767 0.01038617331225674 0.2195489221815719
2768 0.0103861185317554 0.2195476598602905
2769 0.01038606352199469 0.2195464922440565
2770 0.0103860090992776 0.2195452524709954
2771 0.01038595477160979 0.2195440985087734
2772 0.01038590061953715 0.2195428626231494
2773 0.01038584623615935 0.2195417113979622
2774 0.01038579243317223 0.2195404895855387
2775 0.01038573991364962 0.2195393801034272
2776 0.01038568744388778 0.2195381950490172
2777 0.0103856356447489 0.2195371004991214
2778 0.01038558313600285 0.2195359154050797
2779 0.01038553054404113 0.2195348139160991
2780 0.01038547971610204 0.2195336563816955
2781 0.01038542449385376 0.2195325489129802
2782 0.01038538088846449 0.2195314809777031
2783 0.01038532942855807 0.2195304334533284
2784 0.01038527803556917 0.2195292908187115
2785 0.01038522657836096 0.2195282335883335
2786 0.01038517808489818 0.219527127915424
2787 0.01038512906012183 0.2195261172766076
2788 0.01038508070402582 0.2195250339805621
2789 0.01038502871613388 0.2195239987002693
2790 0.01038499289416414 0.2195230008706939
2791 0.01038493269673161 0.2195219900709595
2792 0.01038488966159469 0.2195209218661648
2793 0.01038483942420348 0.219519942059057
2794 0.01038479421459237 0.2195188907994577
2795 0.01038474304576368 0.2195178978691658
2796 0.01038470530382806 0.2195169511724506
2797 0.01038465842554391 0.2195160265736982
2798 0.01038461142315788 0.2195149933258559
2799 0.01038456396729958 0.2195140496622425
2800 0.01038451876649473 0.2195130441988905
2801 0.01038447414955077 0.2195121420819115
2802 0.01038443062633427 0.2195111750501042
2803 0.01038438673039061 0.2195102861241107
2804 0.01038434223309272 0.2195093035708908
2805 0.01038429419066217 0.2195083791980598
2806 0.01038425731261855 0.2195074844576635
2807 0.01038420894816488 0.2195065739018942
2808 0.01038417042306292 0.2195056676045135
2809 0.01038413427442205 0.2195048530420512
2810 0.01038407937911278 0.219503875955898
2811 0.01038403820191871 0.2195029921492972
2812 0.01038399957330272 0.2195021146095037
2813 0.01038396038221702 0.2195012982501071
2814 0.01038391707148979 0.2195003872279712
2815 0.01038387498109979 0.219499551051363
2816 0.01038383355552159 0.2194986424168088
2817 0.01038379269115791 0.2194978258033921
2818 0.01038375205972672 0.2194969435426054
2819 0.01038371294101169 0.2194961607244386
2820 0.01038367236611228 0.2194952859479305
2821 0.01038363255342961 0.2194944932743264
2822 0.01038359258837378 0.2194936184052538
2823 0.01038355255399432 0.2194928299005086
2824 0.01038351305170731 0.2194919636671487
2825 0.01038347350636912 0.2194911864055477
2826 0.01038343450917789 0.2194903365600741
2827 0.01038339580293131 0.2194895726597889
2828 0.01038335666970318 0.2194887209390386
2829 0.01038331814067688 0.2194879625092205
2830 0.01038327983604012 0.2194871259767119
2831 0.01038324078663364 0.2194863585029216
2832 0.01038320323842137 0.2194855259804782
2833 0.0103831646410389 0.2194847668711236
2834 0.01038312644748054 0.2194839394566039
2835 0.01038308919466234 0.2194832016503234
2836 0.01038305059235941 0.2194823630099368
2837 0.01038301312954439 0.2194816167846828
2838 0.01038297530621181 0.2194807937332921
2839 0.01038293729025167 0.2194800540239571
2840 0.0103829007208101 0.2194792401752424
2841 0.01038286283139376 0.2194784900322541
2842 0.01038282505187682 0.2194776624232795
2843 0.01038278795113051 0.2194769289842423
2844 0.01038275359017322 0.2194761427106438
2845 0.010382713602645 0.2194753883907367
2846 0.01038267460648643 0.2194745421284617
2847 0.01038263723592794 0.2194737951088765
2848 0.01038260043816126 0.2194729760765383
2849 0.0103825634451963 0.2194722376627577
2850 0.01038252955327229 0.2194713917295126
2851 0.01038248752143007 0.2194707110431972
2852 0.01038245418482594 0.2194698936882183
2853 0.0103824151828494 0.219469136833768
2854 0.01038237819782835 0.2194682900973755
2855 0.01038234020185054 0.2194675438933297
2856 0.01038230523603681 0.2194666775574066
2857 0.01038226365922977 0.2194659900571626
2858 0.01038222914996313 0.2194651455565243
2859 0.01038218986122806 0.2194643861180854
2860 0.01038215549689474 0.2194635048555253
2861 0.01038211313886211 0.2194628063496783
2862 0.01038207934520154 0.2194619558426651
2863 0.01038203903007146 0.219461176901184
2864 0.0103820071459923 0.2194603012796743
2865 0.01038195963243682 0.2194595592736102
2866 0.01038192696592905 0.2194586976043836
2867 0.01038188676940578 0.219457922558462
2868 0.01038185049748636 0.2194570517991793
2869 0.01038181034607823 0.2194562624638558
2870 0.01038177367160632 0.2194553960601512
2871 0.0103817339925476 0.2194545974853355
2872 0.01038169582778879 0.2194537150095891
2873 0.01038165644017058 0.2194529139465372
2874 0.01038161782239248 0.219452025091624
2875 0.010381578604886 0.2194512172767298
2876 0.01038153868611607 0.2194503030812898
2877 0.01038149936698438 0.2194494838683936
2878 0.01038145921808641 0.219448566790583
2879 0.01038141935696272 0.2194477392027875
2880 0.01038137944723718 0.2194468165303697
2881 0.01038133838699284 0.2194459658813988
2882 0.01038129864870324 0.2194450327426253
2883 0.01038125744830643 0.2194441764072765
2884 0.01038121698276551 0.2194432289204123
2885 0.01038117498966024 0.2194423532421845
2886 0.01038113390914922 0.2194413889068493
2887 0.01038109192473639 0.2194405099218141
2888 0.01038105044016341 0.2194395338523953
2889 0.01038100832504244 0.2194386478019666
2890 0.01038096635745263 0.2194376566136446
2891 0.01038091976318544 0.2194367007235121
2892 0.01038088250511217 0.2194357456652497
2893 0.01038083458680277 0.219434778059586
2894 0.01038079592685109 0.2194338040463281
2895 0.01038075145194663 0.2194328769119354
2896 0.01038070698122212 0.2194318254436582
2897 0.01038066153526544 0.2194308532079341
2898 0.01038061733942139 0.2194298014609201
2899 0.01038057247859404 0.21942883429232
2900 0.01038052796797997 0.2194277677493037
2901 0.0103804822104903 0.2194267808671226
2902 0.01038043734428 0.2194257059747168
2903 0.01038038782644324 0.219424668363114
2904 0.01038034794061754 0.2194236326713699
2905 0.01038029591675928 0.2194225542854017
2906 0.01038025372853831 0.2194214790916936
2907 0.0103802011958234 0.2194203932371539
2908 0.01038015894906007 0.2194193061513257
2909 0.01038010624408771 0.2194182106774376
2910 0.01038006377648566 0.2194171141583512
2911 0.0103800102138266 0.2194159910898739
2912 0.0103799668076753 0.2194148726559781
2913 0.0103799121641675 0.2194137298555046
2914 0.01037986807522605 0.219412598252841
2915 0.01037981312398135 0.21941144245885
2916 0.01037976753721388 0.2194102777482518
2917 0.01037971162450281 0.2194090911535618
2918 0.01037966620167908 0.2194079221465932
2919 0.0103796102921916 0.2194067352198277
2920 0.01037956454485884 0.2194055495259948
2921 0.01037950772361131 0.2194043382178292
2922 0.01037946096035367 0.2194031329476303
2923 0.01037940260997547 0.2194018904026871
2924 0.01037935559377227 0.2194006782232306
2925 0.01037929711335225 0.2193994276621609
2926 0.01037924871505882 0.2193981786440297
2927 0.0103791893788383 0.2193969030410273
2928 0.01037914027604642 0.2193956412632967
2929 0.01037908103624548 0.2193943600923345
2930 0.01037903191558605 0.2193930905985779
2931 0.01037897173171743 0.2193917886338344
2932 0.01037892133131225 0.2193904918698251
2933 0.01037885987834753 0.2193891630230759
2934 0.01037880558458756 0.2193878048550408
2935 0.0103787486329156 0.2193865150691887
2936 0.01037869666797136 0.2193852005446953
2937 0.01037863399397795 0.2193838354089192
2938 0.01037857784293829 0.2193824342140349
2939 0.01037851955282667 0.2193811068840775
2940 0.0103784628525369 0.2193797065120068
2941 0.01037840739340805 0.219378418048592
2942 0.01037834419857253 0.219376937086058
2943 0.01037828543570395 0.2193755712158887
2944 0.01037822569312552 0.2193741127437105
2945 0.0103781662392005 0.2193727430743136
2946 0.01037810960666254 0.2193713310399464
2947 0.01037804368259126 0.2193698718457603
2948 0.01037798438903095 0.2193683987248915
2949 0.0103779266841654 0.2193670445383576
2950 0.01037786480407789 0.2193655441492246
2951 0.010377798177508 0.2193640618862259
2952 0.01037774263564692 0.2193626320886184
2953 0.01037767436415121 0.2193611168087083
2954 0.01037761346091612 0.2193595976364157
2955 0.0103775505330713 0.2193581529058493
2956 0.01037749175940459 0.2193566730158973
2957 0.01037742366094702 0.2193551618796767
2958 0.01037736459332762 0.2193536575686017
2959 0.01037729524060626 0.2193521140392819
2960 0.0103772367226661 0.219350614762585
2961 0.01037717021299766 0.2193491137017452
2962 0.0103771010155083 0.2193474581577006
2963 0.01037704114291013 0.2193460267039723
2964 0.01037697128456914 0.21934437809801
2965 0.01037691053713583 0.2193429186089541
2966 0.01037684001174366 0.21934126272118
2967 0.01037677960332322 0.2193398034018189
2968 0.01037671217124465 0.2193381892372055
2969 0.01037664534643178 0.2193366473730205
2970 0.01037657859657632 0.2193350202881626
2971 0.01037651104777969 0.2193334618388724
2972 0.01037644473779893 0.2193318403040184
2973 0.01037637631786558 0.2193302691928973
2974 0.01037630959851905 0.2193286319631056
2975 0.01037624120809391 0.2193270626792501
2976 0.01037617460646004 0.2193254298161553
2977 0.01037610625753394 0.2193238557538279
2978 0.01037603853618687 0.219322205490614
2979 0.01037597054066727 0.2193206368201461
2980 0.01037590177387222 0.2193189647734403
2981 0.01037583334680794 0.219317389396409
2982 0.01037576547672745 0.2193157304202743
2983 0.01037569569054699 0.2193141271116908
2984 0.01037562714638756 0.2193124570185662
2985 0.01037555741998036 0.2193108575924207
2986 0.0103754883245959 0.2193091754154115
2987 0.01037541924309276 0.2193075853492788
2988 0.01037534996416955 0.2193059025450338
2989 0.01037528038465322 0.2193043078237458
2990 0.0103752120688169 0.2193026425821662
2991 0.01037514167066754 0.2193010279100816
2992 0.01037507222187061 0.2192993391910773
2993 0.01037500184966254 0.2192977342088818
2994 0.01037493283022652 0.2192960588830398
2995 0.01037486257042378 0.2192944479725756
2996 0.010374792769139 0.2192927559956948
2997 0.01037472262201939 0.2192911547233988
2998 0.01037465341851617 0.2192894809207946
2999 0.01037458338487174 0.2192878800186969
3000 0.0103745130808224 0.2192861819549579
3001 0.01037444331888343 0.2192845839136411
3002 0.01037437376805573 0.2192829097514214
3003 0.01037430724844566 0.2192813648099569
3004 0.01037423342252069 0.219279639791256
3005 0.01037416169319014 0.2192780063375928
3006 0.01037409241895322 0.219276335857074
3007 0.01037402332911947 0.2192747582697029
3008 0.01037395444586385 0.2192731020872189
3009 0.01037388535819529 0.2192715236248513
3010 0.01037381660993552 0.2192698716663569
3011 0.01037374623903629 0.2192682828629184
3012 0.01037367709305115 0.2192666271281856
3013 0.01037360767369633 0.2192650575018621
3014 0.01037354263631709 0.2192634609421766
3015 0.01037346789425491 0.2192618328841442
3016 0.01037339846944315 0.2192601688444462
3017 0.01037332835502653 0.2192585996898148
3018 0.01037326625265671 0.2192570536130855
3019 0.01037319327389485 0.2192554738279103
3020 0.01037312391074384 0.2192538200275036
3021 0.01037305492891547 0.2192522704720967
3022 0.01037298865083057 0.2192506815844738
3023 0.01037292090714278 0.219249174142052
3024 0.01037285870256657 0.219247645586662
3025 0.01037278549417538 0.2192460796383316
3026 0.01037271688318688 0.2192444580901293
3027 0.01037264941321909 0.219242968390054
3028 0.01037258411458229 0.2192414083058887
3029 0.01037251664925046 0.2192399122148649
3030 0.01037245077065088 0.2192383499223873
3031 0.01037238438093619 0.2192368935823733
3032 0.01037231938542629 0.2192353656955845
3033 0.01037225371006347 0.2192339148585912
3034 0.01037218819834457 0.2192323809970133
3035 0.0103721223520726 0.2192309344023164
3036 0.01037205777669721 0.2192294265526481
3037 0.01037199293955165 0.219228014129144
3038 0.01037192897748599 0.219226520721203
3039 0.01037186452290381 0.2192251067152999
3040 0.0103718001653482 0.2192236116462735
3041 0.01037173647715675 0.2192222318171721
3042 0.01037167429880767 0.2192207911932985
3043 0.01037161155482725 0.2192194352312845
3044 0.01037154926450837 0.219217991179963
3045 0.01037148669138456 0.2192166355409425
3046 0.01037142450159431 0.2192152058046363
3047 0.01037136268940817 0.2192138786164955
3048 0.01037130171385421 0.2192124773294453
3049 0.01037124048160297 0.2192111695316153
3050 0.01037118043307359 0.219209794737481
3051 0.01037112052035891 0.2192085135284894
3052 0.01037106084849319 0.2192071527709226
3053 0.01037100128227656 0.2192058880445921
3054 0.01037094228766343 0.2192045467580009
3055 0.01037088347511198 0.2192033089744818
3056 0.01037082562589056 0.2192019975978825
3057 0.01037076747267097 0.2192007702729857
3058 0.01037070947427959 0.2191994609445658
3059 0.01037065187550122 0.2191982560518249
3060 0.01037059560103001 0.2191969947106283
3061 0.01037053987816275 0.2191958390649346
3062 0.01037048447205284 0.2191945975446635
3063 0.01037042882118665 0.2191934378630475
3064 0.01037037303798977 0.2191921938572644
3065 0.01037031773692642 0.2191910551401601
3066 0.01037026373499532 0.2191898617429939
3067 0.01037021052127627 0.2191887776040266
3068 0.01037015773674468 0.219187609668073
3069 0.01037010004529226 0.2191864695581692
3070 0.0103700536801999 0.219185368699516
3071 0.01036999617146033 0.2191842618121526
3072 0.01036994992268979 0.2191831897377408
3073 0.010369893365655 0.219182118459305
3074 0.01036984891029771 0.2191810652800719
3075 0.01036979157762868 0.2191799813721368
3076 0.010369748160673 0.2191789612553772
3077 0.01036969337553603 0.2191779412011399
3078 0.01036965015942854 0.2191769434395548
3079 0.01036959588629608 0.2191759414779563
3080 0.01036954873411912 0.2191749047172196
3081 0.01036950029130351 0.2191739578876762
3082 0.01036945824361245 0.2191730056085008
3083 0.01036940577112801 0.2191720464681905
3084 0.01036936408350408 0.2191711041705987
3085 0.01036931240711688 0.2191701692947314
3086 0.01036927308242983 0.2191692696964473
3087 0.01036922220132702 0.2191683590210413
3088 0.01036918303935459 0.2191674729490246
3089 0.01036913292588443 0.2191665836724532
3090 0.01036908983291789 0.2191656705135438
3091 0.01036904707563416 0.219164872705725
3092 0.01036900971943854 0.2191640445418427
3093 0.01036896092259779 0.2191631925422537
3094 0.01036892338805869 0.2191623608651557
3095 0.01036887618789805 0.2191615492405275
3096 0.01036884031630666 0.2191607618735122
3097 0.01036879490419203 0.2191599875184359
3098 0.01036875954130241 0.2191592088404912
3099 0.0103687135533981 0.219158434379143
3100 0.01036867507303076 0.2191576458261119
3101 0.01036863625833356 0.2191569513692812
3102 0.01036860252670344 0.2191562239668181
3103 0.01036855890882043 0.2191555213810374
3104 0.01036852600711663 0.2191548073327916
3105 0.01036848212125797 0.2191540968615906
3106 0.01036845048542623 0.2191533993255455
3107 0.01036840780144119 0.2191527286972234
3108 0.01036837699967578 0.2191520680295706
3109 0.0103683359264172 0.2191514309745609
3110 0.01036830545766638 0.2191507759928016
3111 0.01036826406384969 0.2191501301300651
3112 0.0103682346351042 0.2191494988442174
3113 0.01036819464864213 0.2191488926622051
3114 0.01036816606284994 0.219148282745692
3115 0.01036812754637496 0.2191477032340745
3116 0.0103680993568778 0.2191471097554086
3117 0.01036806030404892 0.2191465321317904
3118 0.01036803259394231 0.2191459499873902
3119 0.01036799425322541 0.2191453915789551
3120 0.01036796740657783 0.2191448350033646
3121 0.01036793062348492 0.2191443073525849
3122 0.01036790397410187 0.21914375478339
3123 0.01036786751979938 0.2191432270103969
3124 0.01036784172769572 0.2191426998136552
3125 0.01036780630512472 0.2191422075692589
3126 0.01036778115517011 0.2191416927849842
3127 0.01036774556592199 0.2191412062103481
3128 0.01036772067709812 0.2191407023095021
3129 0.01036768929818796 0.2191402531877033
3130 0.01036765917808922 0.2191397186404706
3131 0.0103676288940116 0.2191392793952482
3132 0.01036760009279297 0.2191387703287429
3133 0.01036757205724648 0.2191383680275612
3134 0.01036754412053182 0.219137870866384
3135 0.01036751510339679 0.2191374529784378
3136 0.01036748754680911 0.2191369668335899
3137 0.01036745909271103 0.219136571134167
3138 0.01036743214149334 0.2191361014047504
3139 0.01036740455037524 0.2191357176185641
3140 0.01036737746402654 0.2191352433796966
3141 0.01036735010300044 0.2191348684707268
3142 0.01036732336579839 0.2191344069567388
3143 0.01036729650206344 0.2191340427127053
3144 0.01036727010403279 0.2191335875831257
3145 0.01036724291502742 0.2191332173107674
3146 0.01036721644631235 0.2191327598579125
3147 0.01036718974885364 0.2191324004092579
3148 0.01036716395481492 0.2191319638254393
3149 0.01036713812350378 0.2191316212641778
3150 0.01036711215934906 0.2191311719827389
3151 0.01036708554585201 0.2191308122022098
3152 0.01036705968700268 0.2191303719628733
3153 0.01036703402912345 0.219130034352351
3154 0.01036700890757283 0.2191296058805141
3155 0.01036698315687581 0.2191292682469606
3156 0.01036695780296146 0.2191288299720461
3157 0.01036693133659825 0.219128473832999
3158 0.01036690592651444 0.2191280317214102
3159 0.01036687959281861 0.2191276828040141
3160 0.01036685472029157 0.2191272582129955
3161 0.01036682918397852 0.2191269197935124
3162 0.01036680371320881 0.219126470255339
3163 0.01036677734074118 0.2191261161501512
3164 0.01036675208723345 0.2191256796019257
3165 0.01036672651332289 0.2191253404965764
3166 0.01036670085773999 0.2191248847082055
3167 0.01036667412959524 0.2191245177378006
3168 0.01036665201292893 0.2191240928095053
3169 0.01036662160184709 0.219123713028889
3170 0.01036659729269395 0.2191231999595491
3171 0.01036656531256805 0.2191228664932214
3172 0.01036654328944146 0.2191224108236817
3173 0.01036651645277685 0.2191220511875784
3174 0.01036649493436293 0.2191215949702816
3175 0.01036646407120756 0.2191211474435395
3176 0.01036643782136788 0.2191206666167078
3177 0.01036640495966565 0.2191203005737355
3178 0.01036638482835987 0.2191197834902251
3179 0.01036635084068424 0.2191194111430451
3180 0.01036632997014774 0.2191188644567771
3181 0.01036629625084722 0.2191184889866562
3182 0.01036627608249675 0.219117943658039
3183 0.01036623948512074 0.219117552005008
3184 0.01036621755372603 0.2191169728944973
3185 0.01036618495071724 0.2191165549793701
3186 0.01036615817324028 0.219116006851475
3187 0.01036612726481871 0.2191155802886007
3188 0.01036609918843686 0.2191150045265373
3189 0.01036606694059497 0.2191145351452059
3190 0.01036603981942345 0.2191139579034021
3191 0.01036600772341036 0.2191134815986833
3192 0.01036597967544445 0.2191128885785559
3193 0.01036594716080761 0.2191123982451109
3194 0.01036591828966777 0.2191117859922445
3195 0.01036588499849956 0.2191112730167101
3196 0.01036585545175416 0.2191106478365818
3197 0.01036582182437234 0.2191101204717452
3198 0.01036579178603522 0.2191094809821516
3199 0.01036575470032886 0.2191089653542515
3200 0.01036572917610938 0.2191082464898539
3201 0.01036568882708958 0.2191077165940191
3202 0.01036566325977134 0.2191069876512945
3203 0.01036562391371889 0.219106419408693
3204 0.01036559393306057 0.2191057293233193
3205 0.01036555250804978 0.2191051516901314
3206 0.01036552588466511 0.219104374212179
3207 0.01036548258574907 0.2191037848577378
3208 0.01036545510437129 0.2191029879035263
3209 0.01036541092928525 0.2191023871802077
3210 0.01036538299631959 0.219101572343804
3211 0.01036533823420989 0.2191009611247488
3212 0.01036531003709166 0.2191001279903487
3213 0.01036526345923164 0.2190994725494405
3214 0.01036523431100029 0.2190986098642304
3215 0.01036518693156676 0.2190979394844835
3216 0.01036515707702283 0.2190970556549645
3217 0.01036510890007685 0.2190963582185779
3218 0.01036507714347894 0.2190954456196589
3219 0.01036503266711139 0.2190947078528041
3220 0.01036499491610287 0.2190938233899768
3221 0.01036494879435756 0.219093076816859
3222 0.0103649144677448 0.2190921072175913
3223 0.01036486587746777 0.2190913373119722
3224 0.01036482967324876 0.2190904045949611
3225 0.01036478502391935 0.2190894920671353
3226 0.01036474135714196 0.2190886212637216
3227 0.0103647013667465 0.2190877104493488
3228 0.01036465205535684 0.2190867711802229
3229 0.01036460857805924 0.2190858214126106
3230 0.01036456716557075 0.2190847964135827
3231 0.01036451476972735 0.2190839064607885
3232 0.0103644771643827 0.219082866979537
3233 0.01036442318094178 0.2190819537772177
3234 0.01036438615865032 0.2190808780713995
3235 0.01036432841949275 0.2190799186923921
3236 0.01036429110731333 0.2190788065424452
3237 0.01036423147582114 0.2190778235962917
3238 0.01036419478229101 0.219076711951453
3239 0.01036413464989251 0.219075715556418
3240 0.01036409579208625 0.219074621811347
3241 0.01036404109284249 0.2190734829969545
3242 0.01036398747714328 0.2190723541213352
3243 0.01036394257498534 0.2190712634991124
3244 0.01036388259764912 0.2190700841382087
3245 0.01036383822320436 0.2190690173402618
3246 0.01036378092927467 0.2190677636582539
3247 0.01036373484456451 0.2190666304909657
3248 0.01036367277640751 0.2190654200774693
3249 0.01036362505014199 0.219064265119118
3250 0.01036357142545229 0.2190629753263636
3251 0.01036351139185059 0.2190618241667835
3252 0.01036346404385683 0.219060536530896
3253 0.01036339943497136 0.2190593451565837
3254 0.01036335397396736 0.2190580285020231
3255 0.01036328596199771 0.2190568071958942
3256 0.01036323912757725 0.2190555116394273
3257 0.01036317813346012 0.2190541796968892
3258 0.01036311718308845 0.2190528615911131
3259 0.01036306614081087 0.2190515875204237
3260 0.01036299800156955 0.2190501995311575
3261 0.01036294675236094 0.2190489415288858
3262 0.01036288153526986 0.219047473966495
3263 0.01036282923171069 0.2190461608550945
3264 0.01036275958514563 0.2190447596094972
3265 0.01036270982022915 0.2190434189886675
3266 0.01036263664688854 0.2190419649307084
3267 0.01036258790554085 0.2190406145758995
3268 0.01036251234759492 0.2190391245466657
3269 0.01036246378389728 0.2190377573047114
3270 0.01036238743870016 0.2190362546296592
3271 0.01036233811856647 0.219034861183493
3272 0.01036226062189738 0.2190333312797945
3273 0.01036220753633118 0.2190319502781426
3274 0.01036213637913374 0.2190303606292116
3275 0.01036208050284667 0.2190289280939052
3276 0.01036200550768423 0.2190274008631277
3277 0.01036194774475823 0.2190259452306025
3278 0.01036187930318785 0.2190243773822781
3279 0.01036181457711186 0.219022891168126
3280 0.01036174753140106 0.219021309455445
3281 0.01036168108736486 0.2190198043045226
3282 0.01036162092372094 0.2190182456163794
3283 0.01036154270939768 0.2190167198307603
3284 0.01036148498889713 0.2190150847632581
3285 0.0103614059753273 0.2190135752246067
3286 0.0103613458365641 0.2190119533107416
3287 0.01036127349798633 0.2190103722398071
3288 0.01036121488279597 0.2190087785694534
3289 0.01036113370580813 0.2190072171625899
3290 0.01036107475033264 0.2190055342760104
3291 0.01036099430145189 0.2190039913445322
3292 0.0103609370531668 0.2190023165112401
3293 0.01036086184090353 0.2190007665340213
3294 0.01036078822756723 0.2189990914190609
3295 0.01036072567232329 0.2189974877991461
3296 0.01036064581227049 0.2189957967607931
3297 0.01036058661819489 0.2189942044294666
3298 0.01036051068669861 0.2189925182621835
3299 0.01036044085638134 0.2189909165346248
3300 0.01036036799786006 0.218989217065273
3301 0.01036028983725387 0.2189875716276645
3302 0.01036022764413564 0.2189859201007971
3303 0.01036016031672247 0.218984300544853
3304 0.0103600785672935 0.2189825584017356
3305 0.01036001763736005 0.2189809435725959
3306 0.01035993369676354 0.2189792166720827
3307 0.01035987024432222 0.2189776066052037
3308 0.01035979569781388 0.2189758836185444
3309 0.01035972489704082 0.2189742493368723
3310 0.0103596523523485 0.2189725280776207
3311 0.01035958018036391 0.218970891071831
3312 0.0103595091628947 0.2189691881356773
3313 0.01035943590906556 0.218967540173568
3314 0.0103593645244443 0.2189658246870858
3315 0.01035929167317753 0.2189641951447139
3316 0.01035922016389065 0.2189624749672829
3317 0.01035914713240422 0.2189608390523418
3318 0.01035907597874191 0.2189591322465961
3319 0.01035900310942087 0.2189575002539469
3320 0.01035893170615963 0.218955786990952
3321 0.01035885895833102 0.218954164370089
3322 0.01035878807705625 0.2189524648748825
3323 0.01035871515407281 0.2189508384767645
3324 0.01035864413956628 0.218949138889926
3325 0.01035857150348792 0.2189475202498951
3326 0.01035850054060706 0.2189458276563983
3327 0.01035843305478748 0.2189442992482172
3328 0.01035836330389875 0.2189425551049831
3329 0.01035828524311442 0.2189409287372099
3330 0.01035821522152334 0.2189392619421514
3331 0.01035814314559282 0.2189376905206366
3332 0.0103580737526011 0.2189360243737902
3333 0.01035800217554337 0.2189344577400408
3334 0.0103579326707499 0.2189327958262719
3335 0.01035786164319927 0.2189312408877244
3336 0.01035779263256022 0.2189295990484156
3337 0.01035772191600244 0.218928049576768
3338 0.0103576526882468 0.2189264101965166
3339 0.01035758252258696 0.218924886499031
3340 0.01035751372076659 0.2189232731703731
3341 0.01035744366059988 0.218921748364524
3342 0.01035737538563856 0.2189201533616225
3343 0.01035730676003798 0.2189186655290102
3344 0.01035723425755761 0.2189170964781603
3345 0.01035717521866186 0.2189156040837465
3346 0.01035710461624224 0.218914053098133
3347 0.01035703817573829 0.2189125965109344
3348 0.01035697025349546 0.2189110564497337
3349 0.010356903623641 0.218909615888265
3350 0.01035683709851825 0.2189080850871717
3351 0.01035676849450499 0.2189066386709282
3352 0.01035670685552179 0.2189051779509196
3353 0.01035663889586966 0.2189037558245239
3354 0.01035657876676539 0.2189023374062259
3355 0.0103565113200308 0.2189009421491113
3356 0.01035644820124682 0.2188994823392056
3357 0.01035638459711937 0.2188981404776597
3358 0.01035632213404697 0.2188967158388915
3359 0.01035625945814813 0.218895395406126
3360 0.01035619730339645 0.2188939941024105
3361 0.01035613523714439 0.2188926926613611
3362 0.01035607383628979 0.2188913161466784
3363 0.01035600543105023 0.2188900077959841
3364 0.01035595919584792 0.2188887420950557
3365 0.0103558868594788 0.2188874481221953
3366 0.01035584057926017 0.2188861791048928
3367 0.01035576745430829 0.2188849026982108
3368 0.01035572259410101 0.2188836580400454
3369 0.01035565075234453 0.2188824333518732
3370 0.01035560490688092 0.2188812019734143
3371 0.01035554438963327 0.2188800769034563
3372 0.01035548284964 0.2188788022015728
3373 0.01035543527807132 0.2188777098483296
3374 0.01035536893299023 0.218876447729473
3375 0.01035532553031909 0.2188754032130137
3376 0.01035525906827823 0.2188741952385314
3377 0.01035521866624548 0.2188732006797585
3378 0.01035515228416532 0.2188720085154334
3379 0.01035511238188328 0.2188710225487996
3380 0.01035504652430386 0.2188698606092702
3381 0.01035500118507295 0.2188688580834405
3382 0.01035495349291003 0.2188678371133544
3383 0.01035489466867304 0.2188668123319039
3384 0.01035484899004707 0.2188657953833386
3385 0.01035480295300074 0.218864896697779
3386 0.01035474979371269 0.2188638879650316
3387 0.01035470345855402 0.2188629803066607
3388 0.01035465826844989 0.2188620213153641
3389 0.01035460296651362 0.2188610991892216
3390 0.01035456041465244 0.2188601766667067
3391 0.01035451883503346 0.2188593955361119
3392 0.01035446090075448 0.2188583868406991
3393 0.01035442495375605 0.2188576395050396
3394 0.01035438409662675 0.2188568203933754
3395 0.01035432965068188 0.2188559761600499
3396 0.01035429494032223 0.2188551991216765
3397 0.0103542563703862 0.2188545195520752
3398 0.01035420208756192 0.2188536097230453
3399 0.01035416419465034 0.2188529047782649
3400 0.01035413049322817 0.218852212080011
3401 0.01035407963113708 0.218851467798795
3402 0.01035405260814853 0.2188508394830919
3403 0.01035400056320288 0.2188501333050082
3404 0.01035396793951654 0.2188494446477036
3405 0.01035392781792043 0.218848840577745
3406 0.0103538994415485 0.2188482432953479
3407 0.01035385107592626 0.2188475986839302
3408 0.01035382676249716 0.2188470663405872
3409 0.01035377832053801 0.2188464429509089
3410 0.01035375534946014 0.218845914392658
3411 0.01035370680637398 0.2188453179943926
3412 0.010353686436008 0.2188448502430601
3413 0.01035363991821976 0.2188443003902555
3414 0.01035361638408314 0.2188438233534977
3415 0.01035358481416928 0.2188434351346335
3416 0.01035354589357998 0.2188428562861408
3417 0.01035351645947257 0.2188424439074176
3418 0.01035349252074735 0.2188420480480165
3419 0.01035345355745034 0.2188416061940006
3420 0.01035342719491588 0.2188412043805505
3421 0.01035340556909771 0.2188409448500347
3422 0.01035336676877885 0.2188404358039255
3423 0.01035334056976507 0.2188401131666307
3424 0.01035331918039066 0.218839817855665
3425 0.0103532845294639 0.2188394744327215
3426 0.0103532607289003 0.2188391542489167
3427 0.01035323935920797 0.2188389505311582
3428 0.01035320715950015 0.2188385660623815
3429 0.01035318379961133 0.2188383372286654
3430 0.0103531647616329 0.2188381120420393
3431 0.01035313243613063 0.2188378438289357
3432 0.01035311753003875 0.2188376518614978
3433 0.01035308435974998 0.2188374156647849
3434 0.01035306570702351 0.2188371959462119
3435 0.01035304918409584 0.2188371205010125
3436 0.01035301937114405 0.2188368344538132
3437 0.01035299947270747 0.218836712701535
3438 0.01035298410130665 0.2188365870709194
3439 0.01035295597517981 0.2188364263712981
3440 0.01035294510735402 0.2188363212397762
3441 0.01035291364109229 0.2188361709053818
3442 0.0103529050977317 0.2188361007396855
3443 0.01035287460579728 0.2188359886213401
3444 0.01035286799443817 0.2188359448499038
3445 0.01035283769937564 0.2188358450730475
3446 0.01035283152866901 0.21883580484993
3447 0.01035280185250928 0.2188357268147419
3448 0.01035279604095217 0.2188357025801159
3449 0.0103527705716114 0.2188356655931958
3450 0.01035276145281923 0.2188356535055276
3451 0.01035273673427517 0.2188356284147014
3452 0.01035272795864808 0.2188356233831005
3453 0.01035270408880268 0.2188356139106236
3454 0.01035269564859182 0.2188356149636003
3455 0.01035267323245352 0.2188356409768642
3456 0.01035266564549095 0.2188356680250526
3457 0.01035264387823236 0.2188356941396288
3458 0.01035263573891797 0.2188357134277375
3459 0.01035261823825797 0.2188357975743406
3460 0.01035260627132588 0.218835803966872
3461 0.01035258932468045 0.2188358996936929
3462 0.01035257701405583 0.2188359071220305
3463 0.01035256086004432 0.2188359987490526
3464 0.01035254887937129 0.2188360193379362
3465 0.01035253360390947 0.2188361266135305
3466 0.010352522092051 0.2188361580587891
3467 0.01035250403679023 0.2188362579794682
3468 0.01035249908119287 0.2188363367103131
3469 0.01035248299107758 0.2188364594454967
3470 0.01035247185064954 0.2188364957472261
3471 0.01035245780947174 0.218836623484889
3472 0.01035244507787476 0.2188366648537878
3473 0.01035243190939132 0.2188368006321037
3474 0.01035241903209243 0.2188368397471589
3475 0.01035240634617373 0.2188369676760011
3476 0.01035239351862969 0.2188370092117663
3477 0.01035238108013498 0.218837143586318
3478 0.01035237009383102 0.2188371950376949
3479 0.01035235626789462 0.218837339977313
3480 0.0103523448596145 0.218837376634881
3481 0.01035232991868248 0.2188374885912686
3482 0.01035231812310754 0.2188375161078193
3483 0.01035230376648881 0.2188376461840053
3484 0.01035229257242218 0.2188376826703804
3485 0.01035227850153998 0.2188378073250708
3486 0.01035226700829482 0.2188378348413187
3487 0.01035225241053416 0.218837946590505
3488 0.01035224060769236 0.2188379684806322
3489 0.01035222556809719 0.2188380672752823
3490 0.01035221317364094 0.2188380680499347
3491 0.01035219788125875 0.2188381612942027
3492 0.01035218535989197 0.2188381623539357
3493 0.01035217015509404 0.2188382518510903
3494 0.01035215707312164 0.2188382299197761
3495 0.01035214101891121 0.2188382967554088
3496 0.01035212749634962 0.218838268741047
3497 0.01035211106961324 0.2188383199185113
3498 0.01035209683445453 0.2188382684205903
3499 0.0103520801613883 0.2188383169001173
3500 0.01035206572558881 0.218838256535377
3501 0.0103520483286931 0.2188382729617622
3502 0.01035203168758821 0.2188381885597946
3503 0.01035201550073468 0.2188381959894928
3504 0.01035199855704943 0.2188381042612567
3505 0.01035198222070774 0.2188380977200591
3506 0.01035196398244658 0.2188379696885716
3507 0.0103519445058211 0.2188379640846666
3508 0.01035192951613626 0.2188377777249417
3509 0.01035190852712752 0.218837715261443
3510 0.01035188929281632 0.218837554287251
3511 0.0103518683934011 0.218837486205687
3512 0.01035184978090497 0.2188372997787277
3513 0.01035182825659278 0.2188371968871292
3514 0.01035180869185933 0.2188369910183934
3515 0.01035178656365009 0.2188368696733901
3516 0.01035176593792028 0.2188366319340653
3517 0.01035174303534554 0.218836482132955
3518 0.01035172037082589 0.2188362160950079
3519 0.01035169812568864 0.2188360409132687
3520 0.01035167464849608 0.2188357545387632
3521 0.01035165176460355 0.218835555987166
3522 0.01035162668583987 0.2188352295842532
3523 0.01035160218223331 0.2188350515127745
3524 0.01035157764816937 0.2188346287847665
3525 0.01035155071752729 0.2188344277224453
3526 0.01035152652114786 0.2188339945710336
3527 0.01035149826467866 0.2188337118584262
3528 0.01035147164556257 0.2188333094607927
3529 0.01035144218973146 0.2188329894154747
3530 0.01035141530637682 0.2188325463199567
3531 0.01035138525926012 0.21883219390146
3532 0.01035135782919948 0.2188317999929317
3533 0.01035132902362069 0.2188313274661555
3534 0.01035129596895894 0.2188308089638914
3535 0.01035126537589707 0.2188304604798606
3536 0.01035123459965522 0.218829850592417
3537 0.01035119985947914 0.2188294560470992
3538 0.01035117129316383 0.2188288242077807
3539 0.0103511343054061 0.2188283935480739
3540 0.01035110458609711 0.218827731356132
3541 0.01035106562537789 0.2188272608554943
3542 0.01035103512304675 0.2188265591992552
3543 0.01035099460038406 0.2188260597785965
3544 0.01035096321436566 0.2188253204396885
3545 0.01035092113211919 0.2188247818902436
3546 0.01035088890874701 0.2188240075762195
3547 0.01035084523781036 0.218823428395103
3548 0.01035081197109788 0.2188226178329692
3549 0.01035076726569971 0.2188220169611095
3550 0.01035073312482344 0.2188211678350448
3551 0.01035068707337762 0.2188205281118043
3552 0.01035065159850952 0.2188196395765977
3553 0.01035060420856481 0.2188189653767362
3554 0.01035056767835098 0.2188180425397444
3555 0.01035051856340176 0.2188173203939316
3556 0.01035047921663773 0.2188164137153302
3557 0.01035043496591206 0.2188155313501979
3558 0.01035038670503793 0.218814662016146
3559 0.01035034333697131 0.2188137972859755
3560 0.01035029818080468 0.2188127562357463
3561 0.01035024759245528 0.2188119349019574
3562 0.01035020306117448 0.2188109264691609
3563 0.01035015572171265 0.2188099291932657
3564 0.01035010460148571 0.2188089665217725
3565 0.01035005746273499 0.2188079849603113
3566 0.01035000811021345 0.2188068278381989
3567 0.01034995353256262 0.2188058922891971
3568 0.01034990720200961 0.2188047193209363
3569 0.01034984990025859 0.21880374254449
3570 0.01034980199075244 0.2188025885900426
3571 0.01034974765555603 0.2188014950242565
3572 0.01034969587498962 0.2188002282199273
3573 0.01034963722801001 0.2187991913295462
3574 0.01034958722840402 0.2187979017044502
3575 0.01034952670645888 0.2187968278354282
3576 0.01034947548321246 0.2187955723315531
3577 0.01034941704309963 0.2187943699227997
3578 0.01034936164983509 0.2187929885745108
3579 0.01034929921986719 0.2187918500210589
3580 0.01034924483842209 0.2187905277524345
3581 0.01034918445621474 0.2187892552147102
3582 0.01034912709698707 0.2187878247232783
3583 0.0103490629806972 0.2187866253329644
3584 0.01034900595479329 0.2187852329571982
3585 0.01034894356411279 0.2187838957597889
3586 0.01034888539097656 0.2187824143870358
3587 0.01034881544416096 0.2187811082349778
3588 0.01034876186783329 0.2187796318657644
3589 0.01034868795649982 0.2187782640812592
3590 0.01034863112002475 0.218776788891655
3591 0.01034856468988036 0.2187753618724857
3592 0.01034850431005719 0.2187738889586533
3593 0.01034843394282017 0.2187723800505601
3594 0.01034836986040707 0.2187708385057487
3595 0.01034830276653509 0.2187693613152718
3596 0.01034823902487593 0.2187678385739234
3597 0.01034816744289339 0.2187662674732267
3598 0.0103481026994551 0.2187647085377773
3599 0.01034803337377986 0.2187631669571887
3600 0.01034796751779194 0.2187614797471914
3601 0.01034788923031379 0.2187599557370185
3602 0.01034782673063885 0.2187583338015387
3603 0.01034775518281152 0.2187567393012319
3604 0.01034768642460795 0.2187550609971425
3605 0.01034761960913248 0.2187534426474053
3606 0.0103475395254426 0.2187517582244072
3607 0.01034747774886176 0.2187501264251888
3608 0.01034739452248837 0.2187484047457636
3609 0.01034733451129924 0.218746763364297
3610 0.01034724892896469 0.2187450106749448
3611 0.01034718329654649 0.2187433383732206
3612 0.01034711345276105 0.2187415764374341
3613 0.01034703172446519 0.2187398924446354
3614 0.01034696819103869 0.2187381308420802
3615 0.01034688231868927 0.2187364155138325
3616 0.01034682109885562 0.2187346430527353
3617 0.0103467326912245 0.2187329038703469
3618 0.01034667215353724 0.2187311167343563
3619 0.01034659165804678 0.2187294107563571
3620 0.01034651100803508 0.2187275856794517
3621 0.01034644261739054 0.218725803602765
3622 0.01034636416639659 0.2187239719620645
3623 0.0103462881865994 0.2187222250811569
3624 0.01034621075804191 0.2187203752203097
3625 0.01034613460427543 0.2187186113176808
3626 0.01034605794760363 0.2187167531441582
3627 0.01034598181212864 0.2187149863060467
3628 0.01034589812427133 0.2187131167572232
3629 0.01034583321687585 0.2187113321029594
3630 0.01034575284080662 0.218709476501695
3631 0.01034567662777164 0.2187076960732225
3632 0.01034559761607901 0.218705819416412
3633 0.01034552059098895 0.2187040266927056
3634 0.01034544312115527 0.2187021509417717
3635 0.01034536593599669 0.218700360182518
3636 0.01034528898522167 0.2186984833485959
3637 0.01034521147841476 0.2186966918800452
3638 0.01034513474720769 0.218694815950405
3639 0.01034505952765072 0.2186930621008141
3640 0.01034498172543818 0.2186911748281008
3641 0.01034490322809629 0.2186893723375678
3642 0.01034482576132508 0.2186874888229514
3643 0.01034474815443534 0.2186857008745879
3644 0.01034467153276868 0.2186838334380874
3645 0.01034459452658296 0.218682056731426
3646 0.01034451819822669 0.218680196195978
3647 0.01034444130546648 0.2186784256055407
3648 0.0103443651977175 0.2186765739215784
3649 0.01034428850387577 0.2186748086829044
3650 0.01034421262123785 0.2186729661178401
3651 0.01034413621733345 0.2186712121006285
3652 0.01034406083542448 0.2186693834305012
3653 0.01034398479032622 0.2186676375942174
3654 0.01034390980568965 0.2186658232645303
3655 0.01034383423335856 0.2186640931690162
3656 0.01034375950163953 0.218662288365564
3657 0.01034368453141829 0.2186605746766038
3658 0.01034361039818921 0.2186587896708422
3659 0.01034353604646559 0.2186570916303767
3660 0.01034346253834203 0.2186553258410161
3661 0.01034338856441665 0.2186536407088055
3662 0.01034331518354522 0.2186518826878284
3663 0.01034324211747365 0.2186502276888775
3664 0.01034316995290251 0.218648503464773
3665 0.01034309753308717 0.2186468618936484
3666 0.01034302562591634 0.2186451482798564
3667 0.01034295386522369 0.218643536598861
3668 0.01034288276043191 0.2186418585582897
3669 0.01034281158408202 0.2186402655922835
3670 0.01034274078906215 0.2186386011411296
3671 0.01034267064717782 0.2186370420079949
3672 0.01034260152016107 0.2186354216444401
3673 0.01034253240878371 0.2186338847417406
3674 0.01034246398038433 0.2186322836501043
3675 0.01034239599438075 0.2186307826168309
3676 0.01034232585412573 0.2186291793583056
3677 0.01034226252429305 0.2186277468854045
3678 0.01034219295568359 0.2186261696173626
3679 0.01034212784882904 0.2186247321778867
3680 0.01034206316497881 0.2186232511152145
3681 0.01034199943691505 0.2186218540314744
3682 0.01034193515018389 0.218620386864369
3683 0.01034187128985114 0.218619005797612
3684 0.010341807820473 0.2186175705399821
3685 0.01034174538245386 0.218616232980474
3686 0.0103416829758152 0.2186148277374698
3687 0.01034162142211672 0.2186135186069768
3688 0.01034156049188457 0.2186121596607001
3689 0.01034149376713679 0.2186108496909181
3690 0.01034144443569195 0.2186095801426211
3691 0.01034138376291528 0.2186083776001256
3692 0.0103413195145395 0.2186070389657214
3693 0.0103412708738854 0.2186059113668491
3694 0.0103412089807652 0.2186046484003804
3695 0.010341150048331 0.2186034753919857
3696 0.01034110122057408 0.2186023074406861
3697 0.01034104265241725 0.2186011998165424
3698 0.01034098906421503 0.2186000422969152
3699 0.01034093103420757 0.2185989534531619
3700 0.01034088470726498 0.2185978561823319
3701 0.01034082285371737 0.2185967875181827
3702 0.01034078579310091 0.2185958258952
3703 0.01034072217580653 0.2185947740180235
3704 0.01034068662058954 0.2185938437846608
3705 0.01034062267485378 0.2185928144461242
3706 0.01034058802845174 0.2185919146864736
3707 0.01034052584255763 0.2185909409489439
3708 0.01034048856385289 0.2185900598524766
3709 0.01034044322984613 0.2185892675058256
3710 0.01034039688759363 0.2185883571096981
3711 0.01034034312771509 0.2185874790202677
3712 0.01034030926249527 0.2185867219208628
3713 0.01034025760108692 0.2185859280066074
3714 0.01034022536259764 0.218585205436836
3715 0.01034017360958074 0.2185844413104152
3716 0.01034014304958879 0.2185837655490576
3717 0.01034009226988304 0.2185830430902027
3718 0.01034006303234302 0.2185824052582323
3719 0.01034001330235161 0.2185817219525548
3720 0.01033998621752053 0.2185811524278994
3721 0.01033993900708898 0.2185805309179598
3722 0.01033991325500352 0.2185800056023878
3723 0.0103398675963454 0.2185794316643902
3724 0.0103398432173847 0.218578955592632
3725 0.01033979909407454 0.2185784205459525
3726 0.01033976940479912 0.2185779066922947
3727 0.01033973642088853 0.21857752149858
3728 0.01033971104924581 0.218577125050386
3729 0.01033967239099341 0.2185766824836303
3730 0.01033964928080825 0.2185763231577099
3731 0.01033961112149542 0.2185759374301132
3732 0.01033958537036259 0.2185755778660434
3733 0.01033955769937468 0.2185753427392008
3734 0.01033953650497707 0.2185750898494574
3735 0.01033950283667398 0.2185747868908476
3736 0.01033948350425541 0.2185745572938949
3737 0.01033944962304158 0.2185742991814915
3738 0.01033942827599373 0.2185740855077581
3739 0.01033940479985086 0.2185739810841065
3740 0.01033938756397188 0.2185738592287692
3741 0.01033935856831501 0.2185736914840816
3742 0.01033933940718348 0.218573570822731
3743 0.01033931878520262 0.2185735519133156
3744 0.01033930317756248 0.2185735126122396
3745 0.01033927525908029 0.2185734276034111
3746 0.01033926611888405 0.2185734612724223
3747 0.01033924131616283 0.2185734187272511
3748 0.01033922512133019 0.2185734217649098
3749 0.01033920832035366 0.2185735286955168
3750 0.01033919358350728 0.2185735891382829
3751 0.01033917887619959 0.2185737234124285
3752 0.01033916989112091 0.2185738661847124
3753 0.01033914741221282 0.2185739357147448
3754 0.01033913602011145 0.218574074235946
3755 0.01033912412098797 0.2185743185345928
3756 0.0103391133351586 0.2185744969614898
3757 0.01033910185166432 0.2185747361332477
3758 0.01033909373722721 0.2185749753365668
3759 0.01033907811376686 0.2185751746031802
3760 0.01033907283686369 0.2185754814302465
3761 0.01033905863158534 0.2185757407873448
3762 0.0103390508066257 0.2185760118502023
3763 0.01033904721446587 0.2185764497484251
3764 0.01033903530641982 0.2185766847156332
3765 0.01033902911678946 0.2185770869724302
3766 0.01033902682178209 0.2185774848631983
3767 0.01033901480531687 0.2185778195737938
3768 0.01033901389164161 0.2185782402492635
3769 0.0103390027061778 0.218578645299131
3770 0.01033899944544393 0.2185790433497951
3771 0.01033899899195263 0.2185795973208896
3772 0.01033899154603717 0.2185799481953746
3773 0.01033899276196899 0.2185805410765753
3774 0.01033898530302802 0.2185809342459739
3775 0.01033898336305956 0.2185814726504759
3776 0.0103389843477191 0.2185819851748889
3777 0.01033897775657767 0.2185824859835485
3778 0.0103389802367778 0.2185830326060306
3779 0.01033897459404896 0.218583586845008
3780 0.01033897892124732 0.2185841512010506
3781 0.01033897327449651 0.2185847207839657
3782 0.01033897780773092 0.2185852927189811
3783 0.01033897213255114 0.2185858671274531
3784 0.01033897722486186 0.2185864621052603
3785 0.01033897321430909 0.2185870836134282
3786 0.01033898022315586 0.2185876936611504
3787 0.01033897573954501 0.2185883407033135
3788 0.01033898200723236 0.2185889435424916
3789 0.01033898077795193 0.2185896257974101
3790 0.01033898285615603 0.2185901947357529
3791 0.01033898330539606 0.2185908851720324
3792 0.01033898461501413 0.2185914854631672
3793 0.01033898622109371 0.2185921920114629
3794 0.01033898792764813 0.2185927985511394
3795 0.01033899070458799 0.2185935208817815
3796 0.01033899229602725 0.2185941330918788
3797 0.01033899506561519 0.2185948504572604
3798 0.01033899809106932 0.2185954654373346
3799 0.01033899937443464 0.2185961976550337
3800 0.01033900190691521 0.2185968052746271
3801 0.01033900324864358 0.2185975447071913
3802 0.01033900679659886 0.2185981734537213
3803 0.01033900865024607 0.2185989120715433
3804 0.01033901175605543 0.2185995290930179
3805 0.01033901406338529 0.2186002522664326
3806 0.01033901578380672 0.2186008722719887
3807 0.01033901748158529 0.2186015935515991
3808 0.01033901899360964 0.2186022069290138
3809 0.01033902095606242 0.2186029224019654
3810 0.01033902353294403 0.2186035271156625
3811 0.01033902415213116 0.2186042481996083
3812 0.0103390260624181 0.2186048400770259
3813 0.01033902644412199 0.2186055541489835
3814 0.01033902816088785 0.2186061305757028
3815 0.01033902786023601 0.2186068226611209
3816 0.01033902903706268 0.2186073884533185
3817 0.01033902824169012 0.2186080649416289
3818 0.0103390289926568 0.2186086181980061
3819 0.01033902808675984 0.2186092909909025
3820 0.01033902826125223 0.2186098233582134
3821 0.01033902640603858 0.2186104663006878
3822 0.01033902584738619 0.218610986033269
3823 0.01033902369981724 0.2186116183989757
3824 0.01033902246585286 0.2186121121196247
3825 0.01033901956769593 0.2186127204184414
3826 0.01033901745356543 0.2186131989076067
3827 0.01033901401698397 0.2186137897815577
3828 0.010339011326892 0.21861424394026
3829 0.01033900676089002 0.2186147942712351
3830 0.01033900266295006 0.2186152173568683
3831 0.01033899729168635 0.2186157472107324
3832 0.01033899146141761 0.2186161463594723
3833 0.01033898598094803 0.2186166320564298
3834 0.01033897968849396 0.2186170168789499
3835 0.01033897366829288 0.2186174781019034
3836 0.01033896576223718 0.2186178209555161
3837 0.01033895862910965 0.2186182528681451
3838 0.01033894951277559 0.2186185630026434
3839 0.01033894107209002 0.2186189568423376
3840 0.0103389309575607 0.2186192354772934
3841 0.01033892211564111 0.2186196435407318
3842 0.01033891127501642 0.2186198178306935
3843 0.01033889817229951 0.2186201447379971
3844 0.01033888645547284 0.2186203434802319
3845 0.01033887331660827 0.2186206440592022
3846 0.0103388607041066 0.2186208143012237
3847 0.01033884773795826 0.2186211264830253
3848 0.01033883240761797 0.2186211885719175
3849 0.0103388160749646 0.2186213960505529
3850 0.0103388002138188 0.2186214908675009
3851 0.01033878443163456 0.2186216726640579
3852 0.01033876749294183 0.2186217204057295
3853 0.01033874968382096 0.218621857909616
3854 0.01033873170870325 0.2186218540118285
3855 0.01033871405246377 0.218621994190528
3856 0.01033869219147113 0.2186218744409315
3857 0.01033867074274595 0.2186219193399267
3858 0.01033864981043428 0.2186218307298851
3859 0.01033862771769485 0.218621843682098
3860 0.01033860584119973 0.2186217159235755
3861 0.01033858303834479 0.2186217333584386
3862 0.01033855864336927 0.2186214612038
3863 0.01033853284133785 0.2186214255831148
3864 0.01033850719204288 0.2186211167835711
3865 0.01033847977061269 0.2186210434238131
3866 0.01033845316847315 0.2186206932238141
3867 0.01033842411393849 0.2186205746338185
3868 0.01033839631336282 0.2186201715750138
3869 0.01033836542359813 0.2186200048074832
3870 0.01033833605790488 0.218619545532841
3871 0.0103383034292519 0.2186193294929761
3872 0.01033827227315513 0.2186188282809421
3873 0.01033823745735076 0.2186184904977533
3874 0.01033820704623307 0.2186181154806949
3875 0.01033817188922627 0.218617620827242
3876 0.01033813599180772 0.2186171641766606
3877 0.01033809972229891 0.2186166160863496
3878 0.01033806107440753 0.2186161086470997
3879 0.01033802461756407 0.2186155203583423
3880 0.01033798450777318 0.2186149811999505
3881 0.01033794716731528 0.218614341203742
3882 0.01033790462558028 0.2186137407386886
3883 0.01033786532016779 0.2186130384670042
3884 0.01033782133960316 0.2186123815901417
3885 0.0103377801952609 0.2186116244370468
3886 0.01033773463876144 0.2186109260943494
3887 0.01033769251797732 0.2186101304164332
3888 0.01033764594143531 0.2186093875577421
3889 0.01033760265784069 0.2186086062650609
3890 0.01033755173290176 0.2186075800228307
3891 0.01033750333851902 0.2186068467312116
3892 0.01033745699465714 0.2186058384026496
3893 0.01033740607490853 0.2186050521518688
3894 0.01033735990452512 0.2186040712415994
3895 0.01033730677268881 0.2186030377607109
3896 0.01033725406325891 0.2186020805065474
3897 0.01033720248004248 0.2186010862931471
3898 0.01033714724454239 0.2185998648004776
3899 0.01033709111777811 0.2185989224488349
3900 0.010337040677199 0.2185978042955428
3901 0.01033698387086986 0.2185966265120379
3902 0.01033692578541427 0.2185955218041293
3903 0.01033687039974378 0.2185943785637567
3904 0.01033681125078865 0.2185931029398134
3905 0.0103367524287871 0.2185918228155914
3906 0.01033669066880493 0.2185906338788828
3907 0.01033663307889741 0.2185893912601724
3908 0.01033657029962771 0.2185880180476803
3909 0.01033650814308948 0.2185866235188483
3910 0.01033644401275923 0.2185853458438182
3911 0.01033638320253872 0.218584003770669
3912 0.01033631722550232 0.2185825298788165
3913 0.01033625223347947 0.2185810389868088
3914 0.01033618502254725 0.2185796707442435
3915 0.01033612153784544 0.2185781532585266
3916 0.01033605027699389 0.2185766863786541
3917 0.01033598909762229 0.2185751645853615
3918 0.01033591393325299 0.2185736318314977
3919 0.01033585118332997 0.2185721336706245
3920 0.01033577876687202 0.218570487376716
3921 0.01033570950353202 0.2185688203215057
3922 0.01033563336427482 0.2185672324819151
3923 0.01033556954842789 0.2185655992650704
3924 0.01033548962604436 0.2185639330881025
3925 0.01033542542406379 0.2185622559497728
3926 0.01033534297206266 0.2185605389317171
3927 0.01033527870530532 0.2185588288419621
3928 0.01033519438197765 0.2185570682043522
3929 0.01033512748818383 0.218555378910337
3930 0.01033504867848218 0.2185535452669886
3931 0.01033497497778878 0.2185516905844195
3932 0.01033489129709946 0.2185498953724045
3933 0.01033482396821449 0.2185480964207163
3934 0.01033473671207019 0.2185462324902225
3935 0.01033466914918018 0.2185443939474153
3936 0.01033458180221929 0.2185425282423585
3937 0.01033451083623181 0.2185406046282512
3938 0.01033442282051538 0.2185387108106709
3939 0.01033435264282446 0.218536786517075
3940 0.01033426223489847 0.2185348403751604
3941 0.01033419175358899 0.2185328886185103
3942 0.01033410027616141 0.2185309171492906
3943 0.01033402959170122 0.2185289448519893
3944 0.0103339373526921 0.218526948909909
3945 0.01033386640816153 0.2185249579644735
3946 0.01033377304295561 0.2185229341860054
3947 0.01033370179688681 0.2185209233211895
3948 0.01033360760418631 0.2185188755434862
3949 0.01033353615074913 0.2185168492323631
3950 0.01033344675713632 0.2185147682245479
3951 0.01033336492084529 0.2185127613985831
3952 0.01033327690503324 0.2185106107099085
3953 0.01033319678461026 0.2185086200896588
3954 0.01033311142932119 0.218506487632843
3955 0.01033302729626469 0.2185044364820427
3956 0.01033293567484021 0.2185022811078045
3957 0.01033286440835874 0.2185002466291895
3958 0.01033277301875291 0.218498061420832
3959 0.01033268901092423 0.2184959938801896
3960 0.01033260251500904 0.2184938350693816
3961 0.01033252030010691 0.218491797963081
3962 0.01033242723762757 0.2184896240136264
3963 0.01033235256854198 0.2184874934860468
3964 0.01033226351478795 0.2184853337275992
3965 0.0103321790356022 0.2184832513015508
3966 0.010332091982206 0.2184810687157284
3967 0.01033200699076364 0.2184789751672737
3968 0.01033192158700638 0.2184767953734481
3969 0.01033183681193356 0.2184747083900762
3970 0.01033175195740042 0.2184725303669134
3971 0.01033166710700707 0.2184704432805099
3972 0.01033158251112787 0.2184682681030349
3973 0.01033149777612287 0.2184661851100196
3974 0.01033141352147593 0.2184640177493766
3975 0.01033132907172051 0.2184619410041599
3976 0.010331245146333 0.2184597816741023
3977 0.01033116118520316 0.2184577150344558
3978 0.01033107765204739 0.2184555668908079
3979 0.01033099655437938 0.2184535522287239
3980 0.01033090982507432 0.2184513605154046
3981 0.0103308293140154 0.218449348511407
3982 0.01033074603250965 0.2184472243895827
3983 0.01033066277604268 0.2184451812749324
3984 0.01033058044337068 0.2184430698362544
3985 0.01033049842956585 0.2184410567953632
3986 0.01033041731890335 0.2184389688872506
3987 0.01033033603388683 0.2184369769068609
3988 0.01033025574941011 0.2184349116178871
3989 0.01033017538017179 0.2184329435080748
3990 0.01033009573162271 0.2184308968628018
3991 0.0103300159555778 0.2184289488814156
3992 0.01032993740435142 0.2184269343263579
3993 0.01032985854576256 0.2184250097431041
3994 0.01032978065562814 0.2184230141102027
3995 0.0103297028536709 0.2184211228655576
3996 0.01032962628018236 0.2184191659131812
3997 0.01032954945237307 0.2184172983468289
3998 0.01032947337847859 0.2184153572875886
3999 0.01032939762701815 0.2184135246785877
4000 0.0103293230577421 0.2184116317371885
4001 0.0103292483541376 0.2184098258450815
4002 0.01032917479742008 0.2184079601685411
4003 0.01032909875061025 0.2184061560607042
4004 0.01032903024452963 0.218404387982706
4005 0.01032895803326335 0.2184026713004448
4006 0.01032888327979331 0.2184008339300585
4007 0.01032881550229436 0.2183991966765492
4008 0.0103287426256232 0.2183974229643778
4009 0.01032867366185925 0.2183957735065146
4010 0.01032860521975101 0.2183940790764983
4011 0.01032853834904703 0.218392495428343
4012 0.01032847184881553 0.218390860547898
4013 0.01032840634538428 0.2183893180942138
4014 0.01032834069397649 0.2183877105847966
4015 0.01032827583799593 0.2183862018845303
4016 0.01032821177284097 0.2183846462885687
4017 0.01032814882751575 0.2183831940999607
4018 0.01032808003446169 0.2183816438432989
4019 0.01032802851608307 0.2183802835692672
4020 0.01032796269388585 0.2183788116542907
4021 0.01032790772573087 0.2183775095996827
4022 0.01032784479306366 0.2183760791952002
4023 0.0103277835353612 0.2183747497738947
4024 0.01032773222658798 0.2183734216105307
4025 0.01032767507466285 0.2183722087315091
4026 0.01032761861326913 0.2183709011299812
4027 0.01032756480314146 0.2183697274396883
4028 0.010327511514775 0.2183684950697588
4029 0.01032745953823156 0.2183673761320696
4030 0.01032740746411056 0.2183662020948103
4031 0.01032735722795765 0.2183651350822102
4032 0.01032730630626305 0.2183640037149764
4033 0.01032725092173718 0.2183629196597721
4034 0.01032721444786248 0.2183619822493786
4035 0.01032715797207069 0.2183609647003408
4036 0.01032712274940935 0.2183600528985004
4037 0.01032706615800435 0.2183590689066651
4038 0.01032703307730976 0.2183582223259846
4039 0.01032697918094801 0.2183573208356566
4040 0.01032694637613943 0.2183565233560889
4041 0.01032689695223322 0.2183557011838866
4042 0.01032686758417526 0.2183549855983233
4043 0.01032681690591472 0.2183541774059328
4044 0.01032678696051692 0.218353505673773
4045 0.01032674166929272 0.2183528077271601
4046 0.01032671013632627 0.2183521563797289
4047 0.01032667978457237 0.2183516886115001
4048 0.01032663555045539 0.2183509455758113
4049 0.01032661530332757 0.2183505697745051
4050 0.01032656820852015 0.2183498654267348
4051 0.0103265511999188 0.2183495708745229
4052 0.01032650689345683 0.218348962739029
4053 0.01032649211972089 0.218348734548519
4054 0.01032644916613332 0.2183481753001849
4055 0.0103264335897553 0.2183479796928357
4056 0.01032639537082854 0.2183475238898926
4057 0.01032637724255084 0.2183473333781183
4058 0.01032635189980222 0.2183470723265663
4059 0.01032632966312999 0.2183469005499611
4060 0.01032630760166005 0.2183467026161267
4061 0.0103262866000424 0.2183466002662656
4062 0.01032626706932613 0.2183464653963558
4063 0.0103262478462761 0.2183464340577827
4064 0.01032622989055582 0.2183463545048493
4065 0.01032621205575055 0.2183463716834828
4066 0.01032619534969101 0.2183463448706679
4067 0.01032618019107283 0.2183464462585921
4068 0.01032616606613164 0.2183465000903684
4069 0.01032615356277089 0.2183466740271923
4070 0.01032614119339227 0.2183467937268391
4071 0.01032612835347118 0.2183470078624722
4072 0.0103261200511904 0.2183471962872038
4073 0.01032610807902748 0.2183474573380715
4074 0.01032610188134997 0.2183477210036859
4075 0.01032609224233702 0.218348064140753
4076 0.01032608787054617 0.218348388664093
4077 0.0103260819462197 0.2183488074443733
4078 0.01032607628773408 0.2183491642523303
4079 0.01032606919259788 0.2183496055185291
4080 0.01032606797485083 0.2183500391022482
4081 0.01032606398739606 0.2183505712407389
4082 0.01032606484578271 0.2183510756013559
4083 0.0103260623581716 0.2183516588800317
4084 0.01032606398725289 0.2183522016820113
4085 0.01032606267839365 0.2183528383834373
4086 0.0103260664204609 0.2183534526007612
4087 0.01032606731150944 0.2183541518897103
4088 0.01032607482395937 0.2183548678759915
4089 0.01032607376624044 0.2183555320937564
4090 0.01032607841055686 0.2183562549313491
4091 0.01032608502554735 0.218357096511391
4092 0.01032609346833097 0.2183578752919868
4093 0.01032609847715768 0.218358724001548
4094 0.01032610652160833 0.2183595195958551
4095 0.01032611515224524 0.2183604416336496
4096 0.01032612308430434 0.2183612918845771
4097 0.01032613112208272 0.21836225018386
4098 0.01032614301493726 0.2183631667024924
4099 0.0103261528957648 0.2183641915671595
4100 0.01032616727006351 0.2183651623667218
4101 0.01032617501096674 0.2183661094531231
4102 0.01032618940998983 0.2183671630741134
4103 0.01032619955851061 0.218368194658604
4104 0.01032621586388297 0.2183692939048957
4105 0.01032622723312101 0.2183703686669863
4106 0.01032624395603173 0.2183714796874887
4107 0.0103262551288595 0.218372573260873
4108 0.01032627303865761 0.2183737281721759
4109 0.01032628615260191 0.2183748821939389
4110 0.01032630506319428 0.2183760724698331
4111 0.01032631950522025 0.2183772694722652
4112 0.01032633880935303 0.2183784845973681
4113 0.01032635378740849 0.2183797017641645
4114 0.0103263732308419 0.218380909600732
4115 0.01032638809929646 0.2183821613258722
4116 0.01032640847405729 0.2183834058318072
4117 0.01032642566146224 0.2183846930456287
4118 0.0103264444831266 0.2183859958014361
4119 0.01032646228507563 0.2183872686412202
4120 0.01032648140427005 0.2183885828689674
4121 0.01032650212004849 0.2183899501601292
4122 0.01032652042302735 0.2183911814392075
4123 0.01032653900121148 0.2183925625600428
4124 0.01032655787675968 0.2183938328324601
4125 0.01032657840696801 0.2183952453552398
4126 0.01032659790965746 0.2183965543411419
4127 0.0103266180617434 0.2183979617452029
4128 0.01032663679154317 0.2183992588285588
4129 0.0103266568292369 0.218400674582453
4130 0.01032667659354848 0.2184019743216373
4131 0.01032669688177081 0.2184034300325827
4132 0.01032671607349239 0.2184047273633495
4133 0.01032673580086977 0.2184061746732548
4134 0.01032675509496534 0.2184074790654071
4135 0.01032677517868849 0.2184089075580264
4136 0.01032679385652863 0.2184102283023353
4137 0.01032681301239256 0.2184116531667689
4138 0.01032683108375467 0.218412982496805
4139 0.01032684954842488 0.2184144109260097
4140 0.01032686908311673 0.2184157142368923
4141 0.01032688750922859 0.2184171279532705
4142 0.01032690470278944 0.2184184410563949
4143 0.01032692283620284 0.2184198102233269
4144 0.01032693914420399 0.2184211494382961
4145 0.01032695846126803 0.2184225725785448
4146 0.01032697503539868 0.2184238321323462
4147 0.01032699234549237 0.2184252119250174
4148 0.01032700815963884 0.2184264867679485
4149 0.01032702401947452 0.2184278515180487
4150 0.01032703941184362 0.218429112156267
4151 0.0103270547873503 0.2184304553167016
4152 0.01032706930241234 0.2184316882496415
4153 0.01032708384220102 0.2184330101401146
4154 0.01032709766648494 0.2184342266083958
4155 0.0103271112286549 0.2184355218358789
4156 0.01032712372612622 0.2184367026035845
4157 0.01032713640022609 0.2184379742267913
4158 0.01032714791958889 0.2184391351073484
4159 0.0103271595244895 0.2184403710387937
4160 0.01032716974665356 0.2184414986585446
4161 0.01032718026237891 0.2184427027192631
4162 0.01032718932390873 0.2184437996527211
4163 0.01032719840229819 0.2184449631534671
4164 0.0103272061090757 0.218446021957688
4165 0.01032721413040358 0.2184471548989021
4166 0.01032722069291955 0.2184481787517526
4167 0.01032722720612892 0.2184492674860103
4168 0.01032723220701544 0.2184502451584058
4169 0.01032723728989136 0.2184512938964402
4170 0.01032724082748612 0.2184522334784622
4171 0.01032724438808951 0.2184532339834829
4172 0.01032724630856402 0.2184541229312969
4173 0.01032724843427866 0.2184551011748678
4174 0.01032724868300739 0.2184559218796765
4175 0.0103272492483567 0.2184568412976783
4176 0.01032724785032488 0.2184576180902511
4177 0.01032724695504537 0.2184584942977183
4178 0.01032724375029644 0.2184592400048508
4179 0.01032724088074278 0.2184600339060051
4180 0.01032723583569794 0.2184607209437518
4181 0.01032723149323041 0.2184614677240248
4182 0.01032722450187498 0.2184620996468131
4183 0.01032721809958248 0.2184627921324178
4184 0.01032720892296635 0.2184633655948204
4185 0.01032720028908578 0.2184640221134182
4186 0.0103271889961437 0.218464540400083
4187 0.01032717884299815 0.2184651174857107
4188 0.01032716602949863 0.2184655790053487
4189 0.01032715418625924 0.2184661005013145
4190 0.01032713977334663 0.2184665102474939
4191 0.01032712614051949 0.2184669686102626
4192 0.01032710983057647 0.2184673167766494
4193 0.01032709427242936 0.2184677269834493
4194 0.01032707602753553 0.218467995909829
4195 0.01032705810468081 0.2184683377808334
4196 0.01032703785433037 0.2184685575714993
4197 0.01032701825922407 0.2184688226252349
4198 0.01032699573422446 0.2184689732618777
4199 0.01032697400625551 0.2184691760043457
4200 0.01032694948911038 0.2184692621975885
4201 0.01032692576509891 0.2184693990712492
4202 0.01032690218776025 0.2184695038377922
4203 0.01032687308278418 0.2184694612186917
4204 0.01032684296098678 0.2184693953820943
4205 0.01032681532222697 0.2184694184510458
4206 0.01032678824827474 0.2184693943195516
4207 0.01032675541198361 0.2184692156139711
4208 0.01032672409097336 0.2184691124118483
4209 0.01032668954530168 0.2184688650663701
4210 0.01032665605715628 0.2184687037314616
4211 0.01032661989521715 0.2184683910389698
4212 0.01032658416715637 0.2184681621374123
4213 0.0103265463205047 0.2184677766450472
4214 0.01032650795261573 0.2184674829166382
4215 0.01032647047134443 0.2184670968012721
4216 0.01032642725521873 0.2184666009078881
4217 0.01032638669261337 0.2184661646408018
4218 0.01032634241600079 0.2184656203150871
4219 0.01032629991091824 0.2184651215782692
4220 0.01032625372487926 0.2184645053058277
4221 0.01032620890567685 0.2184639348319187
4222 0.01032616093249746 0.218463249403909
4223 0.01032611364773524 0.2184626052419749
4224 0.0103260635440765 0.2184618437454107
4225 0.01032601401762633 0.2184611274835443
4226 0.01032596207602414 0.2184602983402709
4227 0.01032591030180585 0.2184595094971869
4228 0.010325856159983 0.218458605255671
4229 0.01032580237603744 0.2184577462649611
4230 0.0103257463725223 0.2184567755255829
4231 0.01032569047876706 0.2184558450602438
4232 0.01032563226808946 0.2184547995650794
4233 0.01032557454993138 0.2184538006984124
4234 0.01032551492299531 0.2184527021744501
4235 0.01032545531986992 0.2184516174150168
4236 0.01032539242177918 0.2184504315500508
4237 0.01032533016894233 0.2184492796354976
4238 0.01032526606971348 0.2184479614592509
4239 0.01032520207258822 0.218446888692609
4240 0.01032513898703498 0.2184455552820725
4241 0.01032507150713952 0.2184442548626495
4242 0.01032500345570018 0.2184428494392107
4243 0.01032493472801509 0.2184414948475878
4244 0.01032486506400943 0.2184400360040251
4245 0.0103247941760612 0.2184386027563767
4246 0.01032472295896644 0.2184370165627361
4247 0.01032465153453856 0.2184356914168032
4248 0.0103245815972354 0.2184341009830923
4249 0.01032450551789321 0.2184325135418808
4250 0.01032443131658027 0.21843079260702
4251 0.01032435526718238 0.2184293374517975
4252 0.01032428130955298 0.2184275941594821
4253 0.01032420463713353 0.2184259528485762
4254 0.01032412584638094 0.2184241714208264
4255 0.0103240466913141 0.2184224395277884
4256 0.01032396723480651 0.2184206171242479
4257 0.01032388747322634 0.2184188440735289
4258 0.01032380669116508 0.2184169746107461
4259 0.01032372430343467 0.218415112370011
4260 0.010323644486509 0.2184131484078402
4261 0.01032355709029525 0.2184113775165729
4262 0.01032347872797051 0.2184093897075731
4263 0.01032339336914699 0.2184074407199054
4264 0.01032330630778642 0.2184053545335788
4265 0.0103232238540111 0.2184033409975466
4266 0.01032313196466098 0.218401366771252
4267 0.01032305142257563 0.2183993230848811
4268 0.01032295930452653 0.2183971320865549
4269 0.01032287655195104 0.2183950213084684
4270 0.01032278080202483 0.2183929555361805
4271 0.01032269772334268 0.2183907798738303
4272 0.01032260779671428 0.2183885226285187
4273 0.01032251328203037 0.2183864485431282
4274 0.01032242821988684 0.2183841958674772
4275 0.01032233519607997 0.2183819655175693
4276 0.01032224376655639 0.2183796590227365
4277 0.01032215133913033 0.2183774105479316
4278 0.01032205922381804 0.2183750843867753
4279 0.01032196665479704 0.218372808115161
4280 0.01032187344964183 0.2183704489975963
4281 0.01032178032642152 0.2183681384731976
4282 0.01032168646889202 0.2183657491938491
4283 0.01032159271390747 0.2183634072896165
4284 0.01032149813028143 0.2183609886629422
4285 0.01032140371416295 0.2183586167378598
4286 0.01032130878082737 0.2183561737313393
4287 0.01032121384599221 0.218353776543056
4288 0.0103211183953176 0.2183513095086898
4289 0.01032102311384339 0.2183488889789912
4290 0.01032092732019777 0.2183464011566456
4291 0.01032083184479377 0.2183439622503814
4292 0.01032073561997882 0.2183414553348142
4293 0.01032063997377757 0.2183389980693523
4294 0.01032054356179794 0.2183364750600857
4295 0.01032045019523739 0.2183340631615059
4296 0.01032035489658504 0.2183314374498278
4297 0.0103202554722481 0.2183290010803729
4298 0.01032015704882298 0.2183264267628538
4299 0.01032005881423721 0.2183240178021819
4300 0.01031997183829507 0.2183213847681644
