"rf_coeffs"
"Iteration" "cd etc.."
("Iteration" "cd" "cl")
1 13.03900964800041 24.11988908279771
2 9.408649249699849 18.3407830511303
3 5.900382124725962 12.21360220651475
4 4.034875162247006 8.334854252405393
5 2.707128634567659 5.531594175657038
6 1.756528015907666 3.515043376793507
7 1.104612159666824 2.173832947669952
8 0.6648294706859404 1.318635753274482
9 0.3458956614360699 0.7063022998712615
10 0.17058149593506 0.4023689445738089
11 0.06973804395069638 0.2542110580891161
12 0.02175615569780448 0.210295393824526
13 0.007177904078350894 0.2259267226553775
14 0.009977239760006083 0.2683951251914554
15 0.0251927872953349 0.32819220821009
16 0.04755993450849313 0.3956153051257817
17 0.06806045858703161 0.4519108520299656
18 0.08692484720765958 0.4995009483304749
19 0.1035891306476239 0.5403320408432756
20 0.1176321533920021 0.5746630691310128
21 0.1293138712099344 0.6045935327061589
22 0.1393357976314231 0.6321116222721951
23 0.1466584028512165 0.65450092226828
24 0.1526599801580618 0.6749859761034825
25 0.1574536549636777 0.6940922545407789
26 0.1608405370382685 0.7107586684445536
27 0.1640015474014351 0.7282489311776786
28 0.1665232529495979 0.7443295499692062
29 0.1689012021394744 0.7606277251318632
30 0.1708727501864762 0.7755894500988014
31 0.1728404951190138 0.7911377000172265
32 0.1747084919207903 0.8055862493120141
33 0.1760322920465039 0.8182741148556444
34 0.177490107397685 0.8307779911906712
35 0.1788817941023385 0.8429227016727251
36 0.1804516568500203 0.8553678737946535
37 0.1818558679166618 0.8667834409296685
38 0.1831910974057719 0.8775037703416632
39 0.184469118341458 0.8878297115073966
40 0.1858006463712372 0.8980757513138417
41 0.1870273299750721 0.9074826695582121
42 0.1882465338675085 0.9167526208327087
43 0.18948293706592 0.9259973567200779
44 0.1907624845460958 0.9349956848189556
45 0.1919697912682165 0.9437903199234289
46 0.1931836189113461 0.952161540726786
47 0.1944220978120207 0.960801512272648
48 0.1956285057892791 0.9689534132647802
49 0.1969528420349145 0.9776009822454973
50 0.1980652244909017 0.985272236504076
51 0.1993065117087404 0.9935671584290199
52 0.2004808804660387 1.001205578190413
53 0.2017696599328071 1.009339467857598
54 0.2029528358807191 1.017111283141157
55 0.2040549047813038 1.024565416902464
56 0.2052661040947699 1.032439372186961
57 0.2062897287962942 1.039569567727904
58 0.2074548624048542 1.047220935766329
59 0.2085314126323917 1.054367455906288
60 0.2096662696387619 1.061963447771648
61 0.2107174548510408 1.068975973537785
62 0.2118044111354098 1.076381777841529
63 0.2128045446826 1.083220032220789
64 0.2136468391294636 1.089916940321492
65 0.2146995083938199 1.096779534744063
66 0.2156244569097227 1.103648351474851
67 0.2164180632128536 1.110135214415476
68 0.2171888760820734 1.116384223478836
69 0.2179341282050543 1.122784200842596
70 0.2187427186430679 1.129068022205912
71 0.2194633344448587 1.135378955055393
72 0.2202814762000527 1.141632369125565
73 0.2210185569744212 1.147886504148976
74 0.2216342194027303 1.15377534641643
75 0.2221547762021814 1.159485823230128
76 0.2227313197328673 1.165267245914591
77 0.2233949003377773 1.171257993397706
78 0.2239233143641177 1.176717935410623
79 0.2244258571295368 1.182366460172453
80 0.2248856699017402 1.187800163830111
81 0.2253413501446615 1.193247665145597
82 0.2258147303719618 1.198752227517916
83 0.2261912187070988 1.203998716845513
84 0.226586449255272 1.209349573061729
85 0.2269150033254978 1.214467096558923
86 0.2273020832073854 1.219762474386975
87 0.2275384031735388 1.224474014617206
88 0.2277535110025881 1.22932246704287
89 0.2280600199180233 1.234432409392266
90 0.2282365032939242 1.23906209610833
91 0.2284093737170546 1.243723477879239
92 0.2286595474447421 1.24877527158119
93 0.2288934662012264 1.253719726443047
94 0.2290989274207663 1.258448919689127
95 0.2292062438522603 1.263009321205986
96 0.2292871656637249 1.267574697613819
97 0.2294071644488483 1.272121465359368
98 0.2295164472422721 1.276715306186679
99 0.2295612478771446 1.281025931140712
100 0.2295828809728891 1.285371300392265
101 0.2295753848591233 1.289718659538793
102 0.2295892807208769 1.294042966077067
103 0.22962273314434 1.298361336719229
104 0.2295734078748937 1.302512630177673
105 0.2295580535094124 1.306800119224913
106 0.2295011237882527 1.310917362238347
107 0.2294511890958464 1.314904027415982
108 0.2293562855137139 1.318973128506018
109 0.2292453632772111 1.322920262602658
110 0.2292188943236278 1.327126323485752
111 0.2290225243143917 1.330912719120448
112 0.2290451353598935 1.335164539640506
113 0.2289364472855431 1.339185838957488
114 0.228746090161691 1.342845914707007
115 0.2286125219888442 1.34676015521595
116 0.2285457902397017 1.350856655962305
117 0.2283200247304031 1.354442537650486
118 0.2282044623199167 1.358324430389991
119 0.2280201819743258 1.362028814481068
120 0.2277965248018485 1.365633237093121
121 0.2275586958315514 1.369129794565662
122 0.2274649034966145 1.372954969235994
123 0.2272548728143729 1.376548602228521
124 0.2270996968769683 1.380197421237346
125 0.2267978286805205 1.383437939593302
126 0.2267021455000765 1.387302546338149
127 0.2265032246487256 1.390928803174397
128 0.2262059323443531 1.394251052787951
129 0.2259707364437348 1.397685030415459
130 0.22569668200423 1.400926479272935
131 0.2254998357972015 1.404406644551634
132 0.2252321499200672 1.407706674515607
133 0.2250064243122574 1.411089042646479
134 0.2247383919624474 1.414424845987895
135 0.224418836311987 1.417439096208956
136 0.2241285013385826 1.420662049295079
137 0.2238484122498989 1.423878386540375
138 0.2235697095083611 1.427161284132532
139 0.2231905015541681 1.429964607255298
140 0.2228415400126851 1.432944120458662
141 0.2225173937170539 1.435978223691125
142 0.2221912253250452 1.43899981510044
143 0.2218009504822288 1.441875012627894
144 0.2213899483708282 1.44484018597091
145 0.2210440481992373 1.447701111673436
146 0.2206571870217867 1.450513120602427
147 0.2202407859581978 1.453265314455058
148 0.2198029961896698 1.455943260079094
149 0.2193449903941393 1.458557109893465
150 0.2188526657830039 1.461050565765159
151 0.2183472247205529 1.463613898508328
152 0.2178851701790001 1.466175935783749
153 0.2173537535506637 1.468588587424196
154 0.2168660155484964 1.470997609627404
155 0.2163197500969415 1.473328754204577
156 0.2158175435250706 1.475782997656837
157 0.2152235703514503 1.477969131529861
158 0.2146584284826649 1.480195480164261
159 0.2141225967208485 1.482571067302942
160 0.2135274488567437 1.484677733604578
161 0.2129164898201879 1.48679783541292
162 0.2123085409516037 1.488927665843663
163 0.2117204465227701 1.491151083461642
164 0.2110757007239674 1.493027460232376
165 0.2104101597954554 1.494945953236987
166 0.2097536915666341 1.496871460960635
167 0.2091301249708173 1.498873813854816
168 0.2084333112970028 1.500635022533003
169 0.2077567803944724 1.50242913093444
170 0.2070732473355612 1.504199181265813
171 0.2063610931008373 1.505917989383962
172 0.2056666276589008 1.507695510287171
173 0.2049473190791304 1.50926364845885
174 0.20424228344668 1.510894163164356
175 0.2035134685853706 1.512460486561044
176 0.2027911958272643 1.514031358569603
177 0.202024281957294 1.515467071790325
178 0.2012414000898752 1.516819720411876
179 0.2005038284281316 1.518302221752726
180 0.1996976633252029 1.51953082025391
181 0.198937970717382 1.520898879223485
182 0.1981588383699323 1.522160395295427
183 0.1973616043276867 1.523370917640211
184 0.1965476522234316 1.52449969070892
185 0.1957275271629445 1.5256091096982
186 0.1949281381220628 1.52668147000155
187 0.1940972302607537 1.52773239812637
188 0.1932852760104755 1.528735141795716
189 0.1924436129437422 1.529696951953881
190 0.1916379864112131 1.530655935847143
191 0.1907684678908912 1.531498647969673
192 0.1899421314866836 1.532352305814814
193 0.1890947893470814 1.533211330200385
194 0.1882638429532521 1.534023393951671
195 0.1874162892581285 1.534783673649452
196 0.1865674516012364 1.535503547867844
197 0.1857010811043848 1.536174215931811
198 0.1848615461292442 1.536862229157914
199 0.1840175075016909 1.537532275485359
200 0.1831484219972566 1.538096461566935
201 0.1823116288764318 1.5386929550403
202 0.1814718192429187 1.539309731568802
203 0.1806074400018528 1.539786053880747
204 0.1797954153942711 1.540387499266852
205 0.1789542884114441 1.540875436243884
206 0.1781289832008812 1.541391013722273
207 0.177288896745176 1.541856337346009
208 0.1764784876725016 1.542350667231221
209 0.1756842237608711 1.542858737492068
210 0.1748995431546155 1.543368870620302
211 0.1741109506403088 1.543789327446048
212 0.1733189176238623 1.544244500647252
213 0.1725283900519211 1.544669970032754
214 0.1717508440644951 1.545082624290102
215 0.1709815814977203 1.545480161927846
216 0.1702357199462389 1.545904741180853
217 0.1694935908655852 1.546310540264307
218 0.1687306898642369 1.54671433772913
219 0.1680008975732595 1.547063929667153
220 0.1672862743180179 1.547446046243723
221 0.1665555615101428 1.547820890161266
222 0.165850563556262 1.54820964262653
223 0.1651491680229463 1.548596953930233
224 0.1644570237501197 1.548971459683136
225 0.1637834091580787 1.549353501985454
226 0.1631313689010328 1.549758532294645
227 0.1624836243089612 1.550147137281602
228 0.1618536600461437 1.550560462123968
229 0.1612070324557721 1.550907232739133
230 0.1605796186973654 1.551287620518427
231 0.1599567698978089 1.551640142581398
232 0.159340246403545 1.551989007448299
233 0.1587334385125629 1.552339079332743
234 0.1581393644960202 1.552697666056523
235 0.1575587234254804 1.553053177719629
236 0.1569862249311807 1.553407081267659
237 0.1564191661152818 1.553736907779697
238 0.1558487559556818 1.554055851256713
239 0.1553135959187225 1.554426973081782
240 0.1547764338758171 1.554794683513471
241 0.154239908328896 1.555130032205749
242 0.1537197797329246 1.555478815372065
243 0.1532030981321509 1.555806412595385
244 0.1526947465882931 1.556134394311139
245 0.1521998488515562 1.55646908438715
246 0.151708403752231 1.556795098634551
247 0.1512290088225991 1.55712367879726
248 0.1507782337956771 1.557453850762698
249 0.1502939503824114 1.55778146544331
250 0.1498357760507453 1.558096137503751
251 0.1494083622462574 1.558413961170412
252 0.1489556833158772 1.558734881343848
253 0.148536686185199 1.559037300109685
254 0.1481000680094228 1.559352324405478
255 0.1476986977330981 1.55965414739997
256 0.1472947877720406 1.55996696618325
257 0.1468995336913505 1.560282524322974
258 0.1465160258881036 1.560600024688022
259 0.146135029031124 1.560906681104071
260 0.1457572259325414 1.561193976758811
261 0.1453689091905043 1.561494852599133
262 0.1450350974565717 1.561768520677005
263 0.1446705189588495 1.562043693021571
264 0.1443162030721561 1.562297425931851
265 0.1439698406055988 1.562549034758228
266 0.1436589229126611 1.562817789739575
267 0.1433220082696587 1.563118379322866
268 0.1430224128927453 1.563390424982687
269 0.1427262799575013 1.563693157347247
270 0.142429727588173 1.56395846108964
271 0.1421281128102254 1.564196484910356
272 0.141851246503673 1.564454623951413
273 0.1415768978960782 1.564709463244869
274 0.1413105499217871 1.564970468997424
275 0.1410514570583609 1.565226801357704
276 0.1407998917599868 1.565481306314029
277 0.1405457320944804 1.565715691437478
278 0.1403127153922355 1.565969116987896
279 0.1400864934844768 1.566221715257628
280 0.1398481510798895 1.566437322640252
281 0.1396361176382298 1.566680044201539
282 0.1394295602086056 1.566919861851121
283 0.1392372209222652 1.567172861500643
284 0.1390450066994028 1.567409723626329
285 0.138857238869911 1.56763891846839
286 0.1386769802221844 1.567868078553372
287 0.1385037435810715 1.568098960066669
288 0.138336634992643 1.568322716374169
289 0.1381738989455019 1.568535239421814
290 0.1380212576566785 1.568759335567463
291 0.1378763764051063 1.568981191753688
292 0.137737155550165 1.569200399489309
293 0.1376026001258273 1.569413211469151
294 0.1374761413996921 1.569629653974688
295 0.1373557369924283 1.569838336238403
296 0.1372433828023311 1.57005207637398
297 0.1371378585709505 1.570272610530893
298 0.1370356131187923 1.570479151192749
299 0.1369412279796623 1.570689289846694
300 0.1368543067588498 1.570902513334368
301 0.1367733178740964 1.57111317483213
302 0.1366899251985026 1.571296353780524
303 0.1366126208025319 1.571484959118581
304 0.1365508208852916 1.571696623504714
305 0.1364940981727735 1.571903244384356
306 0.1364464156186618 1.572115593634443
307 0.1363971667782883 1.572304140535333
308 0.1363567914443597 1.572503595154497
309 0.136314995963691 1.572688481673441
310 0.1362801011116548 1.572871747957167
311 0.1362524691191313 1.573062721606282
312 0.1362317155305348 1.573257369150646
313 0.1362169805365899 1.573451641306384
314 0.1362061964420947 1.573638849968769
315 0.1361993796729001 1.573827300599519
316 0.1361968315893888 1.574008430372663
317 0.1361993792130868 1.574189961668935
318 0.1362051827623252 1.57437082054408
319 0.136228032477445 1.574578768223269
320 0.1362431821537077 1.574756131836808
321 0.1362648097958911 1.574940958199066
322 0.1362784364911277 1.575090255170989
323 0.1363041912006197 1.575255865824401
324 0.1363453512322039 1.575448973020438
325 0.1363810869043037 1.575615765188632
326 0.1364209544419342 1.57578217679329
327 0.1364620928150207 1.575942691560958
328 0.1365070367490525 1.57609708193501
329 0.1365505097264959 1.576241042804714
330 0.1365984574443719 1.576386383304982
331 0.1366584624458126 1.576549943646904
332 0.1367249368839665 1.576714850834243
333 0.1367974989476551 1.576895544656691
334 0.1368662332322815 1.577050852672429
335 0.1369438125485189 1.577223693337563
336 0.1370205612074672 1.577383182754846
337 0.1371010928503766 1.57754114432607
338 0.137180149301295 1.57768102875031
339 0.1372679846785141 1.577840727204317
340 0.1373539331885925 1.577987615882384
341 0.1374430427922409 1.578130548227598
342 0.1375339286481749 1.578273802052555
343 0.1376286723280429 1.578418973349441
344 0.137729433086628 1.57856957865284
345 0.1378254383229304 1.578701816833
346 0.1379269576982212 1.578838375875072
347 0.1380373100594458 1.578986170292063
348 0.1381433170526738 1.579122279662009
349 0.1382614681283508 1.579272452003642
350 0.1383651774922559 1.579387548356094
351 0.1384767172281838 1.579515004608884
352 0.138592791508791 1.579646160955575
353 0.1387076842858893 1.579770462223496
354 0.1388273263669965 1.579899503126485
355 0.1389495774828694 1.580028811512066
356 0.1390740009924061 1.580157860113013
357 0.1391991762786285 1.580283643565011
358 0.1393259317414087 1.580407705321269
359 0.1394542094177146 1.580530121116968
360 0.139583603544513 1.580650640079602
361 0.1397155690326568 1.580771388378656
362 0.1398465489552832 1.580887128260136
363 0.1399754137064655 1.580996656092493
364 0.1401099843779117 1.58110845115689
365 0.1402416685211293 1.581209296892471
366 0.140378596850212 1.581319119039717
367 0.1405176430572586 1.581434110151544
368 0.1406612654966121 1.581552039550838
369 0.1407996012886823 1.581656323127303
370 0.140936786864829 1.581753853408428
371 0.1410747484878673 1.581849034031844
372 0.1412135590264938 1.581944105709922
373 0.1413527913911712 1.582036839610102
374 0.1414931425304195 1.582129134538827
375 0.1416330705755031 1.582217234781022
376 0.1417770023571524 1.582317632948532
377 0.1419142719566973 1.582388272179886
378 0.1420533782073116 1.582465246237214
379 0.1421925923204254 1.582540445700404
380 0.142328139267591 1.582608856866871
381 0.1424713485021968 1.582686096397767
382 0.1426063125931593 1.582741053333906
383 0.142749834314962 1.582816916769121
384 0.1428812943028397 1.582866304304958
385 0.1430248157794783 1.582936779760325
386 0.1431574349256083 1.582983166206056
387 0.1432937337006736 1.583032548441112
388 0.1434289880435638 1.58307869150266
389 0.1435639660007406 1.583122328784195
390 0.1436991265462555 1.583163689316781
391 0.1438310492783312 1.583197204848558
392 0.1439593472340068 1.583223636139311
393 0.1440901438530283 1.583248332304621
394 0.1442157279522503 1.583263567582217
395 0.1443450338802021 1.583283067580151
396 0.1444724911012693 1.583298639321035
397 0.1446007041921577 1.583314613688884
398 0.1447225146668698 1.583317852689439
399 0.1448458983178432 1.583322744149759
400 0.1449665649686 1.583319411153746
401 0.1450857495975995 1.583310933400839
402 0.145203176640266 1.583297920401328
403 0.1453193183641283 1.583280648920862
404 0.1454336312818728 1.583259044711
405 0.1455466856746015 1.583232234452438
406 0.1456570683074469 1.583199994323702
407 0.1457666770547615 1.583166228185505
408 0.1458741579914533 1.583127703433085
409 0.1459835360773684 1.583089944992338
410 0.1460874447818895 1.58304435512081
411 0.1461890743293264 1.582989238409191
412 0.1462883662463008 1.582931033913794
413 0.146381611811677 1.582858738953056
414 0.1464777261425558 1.582794074128342
415 0.1465722261065217 1.582725463145163
416 0.146667306891605 1.582658785250757
417 0.1467534641059387 1.582571743821792
418 0.1468456899347359 1.582496484596394
419 0.1469299312031788 1.582401459904528
420 0.1470135120144266 1.582308305381683
421 0.1470953059732632 1.582212074533819
422 0.147175726615582 1.582118290093277
423 0.1472537310638517 1.582013498383946
424 0.1473283798342579 1.581900755135664
425 0.1474033486231041 1.581791117575366
426 0.1474743147458399 1.581672081878987
427 0.1475447761791661 1.581547438275461
428 0.1476086362980084 1.581417191533257
429 0.147672740832697 1.581284414387693
430 0.1477347219757104 1.581146981775769
431 0.1477945574940244 1.581006698392412
432 0.1478516689038379 1.580859792868773
433 0.147907181634865 1.580712060077
434 0.1479620478980147 1.580561725867333
435 0.1480136657538579 1.580408884574701
436 0.1480622915997893 1.58024863772922
437 0.1481087658358527 1.580083413259884
438 0.1481543692106718 1.579920990184916
439 0.1481947787455998 1.579742902565028
440 0.1482339983203974 1.579564463000278
441 0.1482709055366001 1.579383399071805
442 0.1483075078301079 1.579203577361295
443 0.1483406445174825 1.579015990226341
444 0.1483704555561305 1.578821318111672
445 0.1483978795759558 1.578623321695846
446 0.1484246987187671 1.578426391811188
447 0.1484495901668886 1.578224980719686
448 0.1484721569249296 1.578019307974982
449 0.1484909449583457 1.577806279266696
450 0.1485090876530868 1.577593474765278
451 0.1485254111045863 1.577378934338156
452 0.1485398210137308 1.577161170745894
453 0.1485521328363051 1.576940802864051
454 0.1485618527649387 1.576716187303209
455 0.1485701984654157 1.576489567338549
456 0.1485788682650449 1.576265841754122
457 0.1485833635322348 1.576034079026212
458 0.1485836392169325 1.575790947797799
459 0.1485836209425656 1.575550635171047
460 0.1485820477728508 1.575309788870602
461 0.1485776952849639 1.57506397089545
462 0.1485737884673852 1.574821386319415
463 0.1485674178926797 1.574575261151244
464 0.1485599386007889 1.574327358380191
465 0.1485472821752476 1.5740669336727
466 0.1485354792661381 1.573812441646112
467 0.14852246704724 1.573557439478367
468 0.1485078540704862 1.573299677323721
469 0.1484950846485074 1.573048569031017
470 0.1484775698296893 1.572787442981109
471 0.1484579790198998 1.57252374008181
472 0.1484367667279424 1.572257354375608
473 0.1484118220603729 1.571983952110742
474 0.1483913399019277 1.571723639496251
475 0.1483665703247146 1.571453916641174
476 0.1483400855897603 1.571181601257838
477 0.1483123739328175 1.570908194541454
478 0.1482818422563208 1.570628880482103
479 0.1482527751564519 1.570355765015024
480 0.1482218070634811 1.570080033488915
481 0.1481905046934385 1.569804477203502
482 0.1481573683236954 1.569526649051252
483 0.1481234364648141 1.569248302307331
484 0.1480888093526536 1.568970268951534
485 0.1480528265127876 1.568689304892163
486 0.1480156524019792 1.568407710585025
487 0.1479770993694258 1.568126331390823
488 0.1479383356833707 1.567848563361058
489 0.1478970037781088 1.567563340332235
490 0.1478558671400424 1.567276902352396
491 0.1478139243338372 1.566989510026201
492 0.1477703442470234 1.566691985229566
493 0.1477283946389556 1.56641049850598
494 0.1476865752480571 1.566134841518003
495 0.1476425254299183 1.565852242974104
496 0.147595229987377 1.565546840581273
497 0.1475503070356053 1.565267292805163
498 0.1475041293907266 1.564987429299453
499 0.1474577685900817 1.564701169818188
500 0.1474104642693999 1.564413986979746
501 0.1473622896709021 1.564125179729627
502 0.1473130473253384 1.563827147635293
503 0.1472652810442673 1.563543391317153
504 0.1472161290569561 1.563257334745797
505 0.1471656448271337 1.562968265610553
506 0.1471181363125886 1.562689685378713
507 0.1470637499829562 1.562395623758594
508 0.1470074637038411 1.562085935549138
509 0.1469545987131076 1.561794763299731
510 0.1469019574646134 1.561504540407443
511 0.1468483756229839 1.561212401954691
512 0.1467961415199697 1.56092517543751
513 0.1467419582416226 1.560632343011334
514 0.1466883585983593 1.560342074822799
515 0.1466341684749423 1.560051654486792
516 0.1465767175940137 1.559754440469185
517 0.1465214964843675 1.559460764190108
518 0.1464653598773051 1.559167658000207
519 0.1464114915930823 1.558882028654776
520 0.1463516744769773 1.558572635982041
521 0.1462940095387191 1.558274012494195
522 0.1462368643442519 1.557978732064488
523 0.1461790851379101 1.557681798464912
524 0.1461213881386402 1.557385012433676
525 0.1460640350957992 1.557090588256868
526 0.1460054509798334 1.556792836957909
527 0.1459466217576727 1.556494299542716
528 0.1458875824729232 1.556195400828734
529 0.145830380752765 1.555899929589769
530 0.1457703813235376 1.555599074083294
531 0.1457134490462027 1.555307410663792
532 0.1456523353453513 1.555002876260669
533 0.1455907175312859 1.554696757419029
534 0.1455291669194993 1.554391292013795
535 0.1454674406138109 1.554085263393735
536 0.145405759012821 1.553779222147019
537 0.1453440779686315 1.553473006762412
538 0.1452823101077682 1.553166182849752
539 0.1452156724860976 1.552847132489381
540 0.1451536049145279 1.552538838046026
541 0.1450922016638111 1.552231774825381
542 0.1450307011256002 1.551924191427607
543 0.144969252649391 1.551616109043829
544 0.1449071875633426 1.551305764683561
545 0.1448456173753103 1.550997512898485
546 0.14478319865996 1.550685324457762
547 0.1447234564762676 1.550377325373072
548 0.1446607144821995 1.550061414463977
549 0.1445977962106198 1.549747571619139
550 0.1445318111464945 1.549421797847818
551 0.144470584892562 1.549111751535061
552 0.1444070340294668 1.548793632421798
553 0.1443410471455521 1.548465992577502
554 0.1442774546240608 1.548145544642413
555 0.1442138445516023 1.54782404671106
556 0.1441502430017014 1.547501704913609
557 0.1440865456792185 1.547178083236861
558 0.1440228256635 1.546853390865159
559 0.143958962621047 1.546527195262787
560 0.1438950314251126 1.546199691432888
561 0.1438312860041286 1.545871711403711
562 0.1437672637779748 1.545541626055371
563 0.1437030551401418 1.545209756024081
564 0.1436408214767921 1.544880987534765
565 0.1435739572072507 1.544538490367299
566 0.1435099459846202 1.544203342431641
567 0.1434431783691076 1.543864834215065
568 0.1433790140973707 1.543525436493255
569 0.1433155731359511 1.543187077209961
570 0.1432527579008686 1.542850367281208
571 0.1431875802459701 1.542502644838065
572 0.1431215213273422 1.542154028753565
573 0.1430585883483983 1.541811147713027
574 0.1429956450342925 1.54146696135205
575 0.1429326646918958 1.541121312985471
576 0.1428694912581291 1.540773713372597
577 0.1428062479150451 1.540423987903305
578 0.1427431236643175 1.54007313576825
579 0.1426797516191567 1.539719593080684
580 0.1426166520547185 1.53936533867581
581 0.1425533189780065 1.539008337689813
582 0.1424923931892944 1.538654077634854
583 0.1424275756431013 1.538288413838695
584 0.1423630765672296 1.537922113220122
585 0.1423026114446766 1.537568132731905
586 0.1422384811867612 1.537198587865503
587 0.1421757280047104 1.53683190317125
588 0.1421130925035645 1.53646349978381
589 0.1420518239088627 1.536098060420581
590 0.1419893776140755 1.535725923933801
591 0.1419269131759662 1.535351268299403
592 0.1418647560671199 1.534975306460968
593 0.1418019699707747 1.534595088945883
594 0.1417407244007275 1.534216695237155
595 0.1416793166911481 1.533835821994283
596 0.1416181072755716 1.533453316707649
597 0.141557029208433 1.533068935494118
598 0.1414992785822686 1.532689634217263
599 0.1414384954508978 1.5323014483978
600 0.1413775057382624 1.531910531267565
601 0.1413167325463159 1.53151782720676
602 0.1412577331261578 1.531127089061779
603 0.1411973041490223 1.530731018245463
604 0.1411381264889578 1.530331889862837
605 0.1410772654190261 1.52992975166071
606 0.141017640537567 1.529528211685397
607 0.140958410055594 1.529124725335094
608 0.1408994984480869 1.528719313741074
609 0.1408408822323963 1.528311938568335
610 0.1407825941450367 1.527902773118202
611 0.1407231829768026 1.527486751474242
612 0.1406669863614617 1.527079047486227
613 0.1406080852219862 1.526658325758335
614 0.140551080502912 1.526241709702477
615 0.1404964009708801 1.525830702300889
616 0.1404382623223967 1.525403669711587
617 0.1403818701106257 1.524980018718934
618 0.1403279260102448 1.524562781518923
619 0.1402690925023294 1.524125488279215
620 0.1402142626396069 1.523697187477152
621 0.140161558416799 1.523274766180094
622 0.1401053451855783 1.522835416996706
623 0.1400498476992183 1.522397037106513
624 0.1399974304778144 1.521966035279516
625 0.1399412155742866 1.5215185371349
626 0.1398879628300494 1.521076681666664
627 0.1398368957407152 1.52064111511449
628 0.1397831156503522 1.520190568036869
629 0.1397305609430835 1.519742457308347
630 0.1396803486501434 1.519300277163589
631 0.1396275143395692 1.518843097650224
632 0.1395773990115884 1.518392023247786
633 0.1395263407458047 1.517936694827701
634 0.1394756346871675 1.517478736320762
635 0.1394265361363811 1.517020868634469
636 0.1393748586581549 1.516554944920572
637 0.1393240381959937 1.516088334978402
638 0.1392752234392756 1.515621782672401
639 0.1392228340211871 1.515146790003094
640 0.1391750298169635 1.514677026446264
641 0.1391278464206761 1.514205693590186
642 0.1390811620299311 1.51373333260705
643 0.1390346415097705 1.513257703863825
644 0.1389886042237744 1.512780882251327
645 0.1389427055493419 1.512300669075619
646 0.138898647821704 1.511820470689584
647 0.138853432161725 1.511336469040863
648 0.1388094236156391 1.510851967263226
649 0.1387646631259809 1.510362861501428
650 0.1387203252819089 1.509872581350996
651 0.1386762812457167 1.509378835607508
652 0.1386317388220181 1.508882515107754
653 0.1385884010773554 1.508384542948101
654 0.1385457100386982 1.507885019457225
655 0.1385036172917512 1.507383703079021
656 0.1384621516606054 1.506880980176502
657 0.138421149096079 1.506376379297923
658 0.1383802932514261 1.505868034887538
659 0.138340506077677 1.505360391346249
660 0.1383005337827962 1.504846646712193
661 0.1382621711968358 1.504340955393045
662 0.1382230049365491 1.503821189926402
663 0.1381883059336597 1.503321390385934
664 0.1381505752499649 1.502803943836227
665 0.1381115812538317 1.50227377346514
666 0.1380739339272302 1.501751133395931
667 0.1380370428267412 1.501227185073629
668 0.1380008400126364 1.500701288880738
669 0.137965160534839 1.500173688831118
670 0.1379277302143101 1.499638028531888
671 0.1378946964436694 1.499112420694143
672 0.1378626548778868 1.498587869328227
673 0.1378294394435287 1.498054572644181
674 0.1377962944619476 1.497517977364059
675 0.1377637725595442 1.496980233804706
676 0.1377313521847679 1.496439426909513
677 0.137699357860283 1.495896975799633
678 0.1376641828089897 1.495338718797761
679 0.1376346315077761 1.494801097025153
680 0.1376068391332065 1.494257200671857
681 0.1375761222802613 1.493702480830581
682 0.137549957952854 1.49317090878537
683 0.1375230028745891 1.492630263208112
684 0.1374941374112891 1.492072088152848
685 0.1374646903508891 1.491509448010324
686 0.1374371526565243 1.490946246488236
687 0.1374116928665688 1.490398954605985
688 0.1373823993248376 1.489833677991979
689 0.1373535967300369 1.489259559037766
690 0.1373288008857624 1.488699442365579
691 0.1373047578054999 1.488139421142636
692 0.1372827304667959 1.48757986738232
693 0.1372612422444197 1.487026301676528
694 0.1372384728250802 1.486457884587934
695 0.1372155932294752 1.485889158102524
696 0.1371930785540195 1.485319147381325
697 0.1371700757433351 1.484746802395737
698 0.1371475176807598 1.48416718633358
699 0.1371267734067256 1.483592870485037
700 0.1371067152109275 1.483018250897361
701 0.1370870112560281 1.482442110427057
702 0.1370676796893539 1.481864285156635
703 0.1370501622182927 1.481288122990613
704 0.1370317095419637 1.480707809175219
705 0.1370139114652315 1.480126747339913
706 0.136996666122639 1.479544837264934
707 0.1369799137113986 1.478961609499062
708 0.136964319226003 1.478380902597662
709 0.1369472692185374 1.477797816195288
710 0.1369310658003865 1.477204874063975
711 0.1369158489586598 1.476615510485711
712 0.136902362929344 1.476028234559719
713 0.1368889208525454 1.475439619049016
714 0.1368756848155591 1.47484934370606
715 0.1368628346128878 1.474257937312635
716 0.1368504354022799 1.473665618987719
717 0.13683851303632 1.473072428998851
718 0.1368267499298531 1.472477915008665
719 0.1368157707468087 1.47188285055292
720 0.136805235833544 1.471286815952985
721 0.1367952488078411 1.47069055285009
722 0.1367841760032134 1.47009002537181
723 0.1367733677087455 1.469479110351323
724 0.1367645430255766 1.468877958729945
725 0.1367578052725857 1.468290203308325
726 0.1367515480794461 1.467693474707436
727 0.1367450861998931 1.467095815012682
728 0.1367388166831087 1.466495743040291
729 0.136732839784017 1.465895036133479
730 0.1367261149395461 1.465287106839597
731 0.1367211803025867 1.464690955575741
732 0.1367166096846141 1.46408192134213
733 0.1367122985357853 1.463484504338159
734 0.1367086757968738 1.462880002537429
735 0.1367069210592861 1.462268579830827
736 0.136702691042969 1.461671078363732
737 0.1366997825955057 1.461060138975426
738 0.1366970349737791 1.460453613242917
739 0.1366950747136035 1.459846989995451
740 0.1366957263588691 1.459253387459357
741 0.1366952285870997 1.458641020918783
742 0.136693979005388 1.45803819111116
743 0.1366973989546625 1.457437549575704
744 0.1366972619823776 1.456827340721562
745 0.1366966947345274 1.456208582271587
746 0.1366966859521055 1.455602926679702
747 0.136697872450006 1.454993156527336
748 0.1367003309409584 1.454381110710692
749 0.1367014264701885 1.453768785233486
750 0.1367036394714196 1.45315860258136
751 0.1367066381412754 1.452549067438279
752 0.1367110570980677 1.451941377510997
753 0.136715579289786 1.451333176889817
754 0.1367221680048085 1.450725620389779
755 0.1367261330305558 1.45011600775263
756 0.1367317661939518 1.449513679250662
757 0.1367361009525773 1.448895395705729
758 0.1367414821753686 1.448284386565036
759 0.1367471013428742 1.447682654022751
760 0.1367534806349849 1.447064951152042
761 0.136760621112791 1.446454714487809
762 0.1367691892970243 1.445853721548452
763 0.1367765112495464 1.445236960451462
764 0.13678149384238 1.444625604783373
765 0.1367909138515898 1.444018077860607
766 0.1368011111350246 1.443412004340338
767 0.1368111231395706 1.442804535361686
768 0.1368227597999035 1.442195808092654
769 0.136833178988513 1.441589983990905
770 0.1368438411823111 1.440983806265892
771 0.1368556479360894 1.440381928235807
772 0.1368650330957424 1.439770243817756
773 0.1368738862538955 1.439141652394554
774 0.1368886884570173 1.438561269146869
775 0.1369021933835013 1.437959311778187
776 0.1369122643999426 1.437331307876669
777 0.1369261922432957 1.436739626913129
778 0.1369400619659437 1.436135915342093
779 0.1369547062812645 1.435531614374235
780 0.1369688551562484 1.434931443616408
781 0.1369834980582756 1.434331865794181
782 0.1369988040184291 1.433733335039567
783 0.1370140492019674 1.433133819203313
784 0.137029474301166 1.432534221228096
785 0.1370451258267578 1.431934797616932
786 0.1370610296699117 1.431335699190672
787 0.1370772913402091 1.430737127226709
788 0.1370921321845339 1.430135055056501
789 0.1371094501249718 1.429538412181189
790 0.1371268041626913 1.428942368152728
791 0.1371454776832143 1.428349206427278
792 0.1371631797835759 1.427753983898165
793 0.1371810469514085 1.427159230446798
794 0.1371992967149243 1.426565332286158
795 0.1372175639139249 1.425971772365036
796 0.1372362955401616 1.425380376684849
797 0.1372546051266046 1.424783174103503
798 0.137274063977334 1.424194812768456
799 0.1372940003212913 1.423606258507544
800 0.1373142207867763 1.423018092324935
801 0.1373346272602609 1.422430411188208
802 0.1373550502962594 1.42183999985137
803 0.1373748808769626 1.421250509478035
804 0.1373961350981485 1.420671025061683
805 0.1374174002530612 1.420081856548182
806 0.1374387872920108 1.419497598735217
807 0.1374609079638892 1.418920764671973
808 0.1374853895954939 1.418343070648391
809 0.1375059065926883 1.417758643047996
810 0.137529911501575 1.417182845894098
811 0.1375506106365909 1.416597299081552
812 0.1375752953801234 1.41602520173459
813 0.1375983278123426 1.415444379687899
814 0.1376221587183692 1.414873379694779
815 0.137644690006639 1.41429199179033
816 0.1376691233149767 1.413723174531349
817 0.1376917169024378 1.413139570512456
818 0.1377157619061553 1.412568847648981
819 0.1377414323418595 1.412003188554635
820 0.1377621283867373 1.411423552330586
821 0.1377880944925035 1.4108579486251
822 0.1378129140089037 1.410290754534416
823 0.1378399838863536 1.409729913942368
824 0.1378696121591093 1.409173672154199
825 0.1378921703886231 1.408602970993266
826 0.137921784019588 1.408049530552257
827 0.1379446279375619 1.407478775914391
828 0.1379746261106961 1.406928488221908
829 0.137997881596592 1.406359490482733
830 0.1380281042783033 1.405811619740132
831 0.138052227755029 1.405246209747436
832 0.1380824056437303 1.404700029794727
833 0.1381067588811221 1.40413660679602
834 0.1381372865903261 1.403592922672513
835 0.1381622220885244 1.403032530992825
836 0.1381930810464753 1.40249154637563
837 0.1382205161365757 1.40193815389344
838 0.1382507965214704 1.401398437247048
839 0.1382775037050074 1.400841269623363
840 0.1383058186573445 1.400297196038778
841 0.1383371792656586 1.39976474770997
842 0.1383636413122157 1.399212551948918
843 0.1383925020310052 1.398671706041895
844 0.1384240796634421 1.39814132437925
845 0.1384511501275418 1.397593354418683
846 0.1384806399200028 1.397056841622376
847 0.1385130158157069 1.396531295441064
848 0.1385406050639 1.395987328238004
849 0.1385705897463045 1.395454934606201
850 0.1386033963157757 1.394933371390104
851 0.1386314324777872 1.394393425350162
852 0.138661892419781 1.393865221639511
853 0.1386957711080839 1.393349408616683
854 0.1387262400679147 1.392818275491724
855 0.138757117954605 1.392298863801624
856 0.1387837206544119 1.391759340215314
857 0.1388150619244409 1.391239501175813
858 0.1388493002253235 1.390731146378563
859 0.1388785439651997 1.390200868510852
860 0.1389103391748623 1.389685277846515
861 0.1389449602438917 1.389180990621586
862 0.138974636519758 1.388655717537459
863 0.1390067559206263 1.388144117344979
864 0.1390416550751525 1.387643703007401
865 0.1390716458266842 1.387123181716341
866 0.1391053290866497 1.386619901510072
867 0.1391398356614915 1.386121002989261
868 0.1391704215865759 1.38560651731652
869 0.1392047471370626 1.385110026977328
870 0.1392379378175885 1.384611475077557
871 0.1392685676513275 1.384094387285202
872 0.1393027473036124 1.383606496897956
873 0.1393363639397005 1.38311025650722
874 0.1393695598593729 1.382612675037174
875 0.1394009296579631 1.382101378384361
876 0.1394355048642306 1.381621378339558
877 0.1394696256682295 1.381131651044003
878 0.1395033515976458 1.380640547592421
879 0.1395370842748613 1.380151207885849
880 0.1395708804017697 1.37966349207202
881 0.1396047696776851 1.379177306516703
882 0.1396369505321533 1.378678747736635
883 0.1396724507159496 1.378209847178359
884 0.1397074221807898 1.377731789320402
885 0.1397417669751445 1.377251771089206
886 0.1397746670210344 1.37676004498184
887 0.1398100145451925 1.376293222586277
888 0.1398437463969931 1.375808314423042
889 0.1398797736021374 1.375353526494954
890 0.1399152130691171 1.374878604732783
891 0.1399483774925198 1.374392247417939
892 0.139985143114483 1.373945026827894
893 0.1400211369192803 1.373483645629624
894 0.1400558373946535 1.373006904343022
895 0.1400905305801948 1.372545165988093
896 0.1401253465326724 1.372080867301298
897 0.1401602692205325 1.371618352565536
898 0.140194387572543 1.371154972817424
899 0.1402294561700395 1.370692736514513
900 0.1402640829766473 1.370222518641499
901 0.1403002798654875 1.369780927139665
902 0.1403367508419734 1.369333812931561
903 0.1403723038592242 1.368882939970645
904 0.1404082978659096 1.368433513375825
905 0.1404417795586425 1.367971661130011
906 0.1404798614919066 1.367537268763596
907 0.1405139106706704 1.367080133483006
908 0.1405522496129483 1.366652628503189
909 0.1405866486835526 1.366201631185186
910 0.1406249176719111 1.365771054345645
911 0.1406591859545591 1.365324036134822
912 0.1406974447028142 1.364895369741286
913 0.1407339723586678 1.36446263183872
914 0.1407701256135256 1.364027866511429
915 0.1408068522085726 1.363598721795967
916 0.1408416309745087 1.363155030020629
917 0.1408790611348995 1.362733967695251
918 0.1409138365305961 1.362293921898332
919 0.1409517733683965 1.361884392389966
920 0.140986620211861 1.361439120644069
921 0.1410244227215211 1.361032398239605
922 0.1410607440962081 1.360604436082892
923 0.141096055853516 1.36017222494237
924 0.1411329406491563 1.359761948163425
925 0.1411701683685851 1.359347964298406
926 0.1412064872064314 1.358924813155373
927 0.1412437461414843 1.35851858496047
928 0.141281091110396 1.358108740283742
929 0.1413172129913818 1.357686861001997
930 0.1413560780319249 1.357289982865099
931 0.1413935741478412 1.356885974943084
932 0.1414301983904667 1.356468820911663
933 0.1414668120841456 1.356072707078811
934 0.1415036293048436 1.355661527756046
935 0.141538130815889 1.355264446040433
936 0.1415720724371519 1.354850914429112
937 0.1416136089561166 1.354467314580971
938 0.1416514849699547 1.354073618652722
939 0.1416851599832045 1.353661359625939
940 0.1417263337951949 1.353281729463224
941 0.1417614931789359 1.352878148648819
942 0.1418015072993941 1.352501245523178
943 0.1418392647408273 1.352114609736298
944 0.1418766678063518 1.35172657516706
945 0.1419112230727178 1.351323780881804
946 0.1419509948647659 1.350953344735113
947 0.1419887981111113 1.350572625376068
948 0.1420255985031158 1.350190945318938
949 0.1420607050666517 1.349793704354672
950 0.1421006574551611 1.349430469779796
951 0.1421386612975289 1.349055929180345
952 0.1421763484319633 1.348680226806128
953 0.1422138958052471 1.348305469492197
954 0.142249121723889 1.347916706813101
955 0.1422893725798788 1.347561311811717
956 0.1423273550551563 1.347194781399155
957 0.1423622586882282 1.346811366553553
958 0.1424027047157041 1.346459636179723
959 0.1424407935984337 1.346097164806926
960 0.1424785718785249 1.345733660030682
961 0.1425134727121472 1.345355742641522
962 0.1425538948111441 1.345009894535469
963 0.1425920582465891 1.344653483390463
964 0.142629678618964 1.344295207422556
965 0.1426674573696515 1.343938846599959
966 0.1427052364730534 1.343583965012727
967 0.1427404374779738 1.343215246322194
968 0.1427808711334576 1.342879103426726
969 0.1428192352322591 1.342532395850291
970 0.1428593290456694 1.34218649815859
971 0.1428934972532297 1.341825147759332
972 0.1429311624264001 1.341482337110599
973 0.1429724274995738 1.341149872749148
974 0.1430126683252281 1.340814719047752
975 0.1430501629627681 1.340473266352551
976 0.1430875560379969 1.340132323597168
977 0.1431235669873593 1.339783107850114
978 0.1431627648170744 1.339456457778092
979 0.1432012053693137 1.339124131113323
980 0.1432370307053065 1.338778551598329
981 0.1432762473866919 1.338454366118454
982 0.1433122249321944 1.33811177417647
983 0.1433530677270758 1.337801084659122
984 0.1433911961653503 1.337469999700142
985 0.1434267745526678 1.337127696251732
986 0.1434675685234757 1.336821664087261
987 0.1435057053806562 1.336494943470393
988 0.143541400070113 1.336157547819569
989 0.1435809668310518 1.335852617925442
990 0.1436163766708784 1.335517448912272
991 0.1436580365328936 1.335217010200046
992 0.1436937310561648 1.334883486527811
993 0.1437353158812763 1.334588902616481
994 0.1437710930833787 1.334258774466546
995 0.1438125103178398 1.333965657414701
996 0.1438480264697717 1.333638049630544
997 0.1438897683871437 1.333348983380867
998 0.1439253900737214 1.333024195834845
999 0.143966776722493 1.332736124524634
1000 0.1440023107016352 1.33241402154107
1001 0.1322065585027584 1.308039962433967
1002 0.122919924928224 1.289258974170344
1003 0.1170273151795543 1.277176992774067
1004 0.1133687137473221 1.270215666196781
1005 0.110990238841995 1.266229053997604
1006 0.1093853432649793 1.264228639487494
1007 0.1085448580830896 1.263808996588268
1008 0.1081028348284007 1.264495940964789
1009 0.1080779959414236 1.265794501209462
1010 0.1083095477092258 1.267669670666471
1011 0.1086824634137668 1.269702714530803
1012 0.1091427944621879 1.272070634734064
1013 0.1095901176483087 1.274140501711978
1014 0.1100191159338355 1.276140911620331
1015 0.1104189511565762 1.278197639584571
1016 0.1107704626005065 1.280081846964843
1017 0.1110431135625326 1.281755641269934
1018 0.1112683444829261 1.283345002202725
1019 0.1114259585933147 1.284782791560315
1020 0.1115313808030024 1.28612629227912
1021 0.1115972313373793 1.287441163023206
1022 0.1116245885094658 1.288577353685217
1023 0.1116154563268888 1.289725725717267
1024 0.1115794049066284 1.290738674403094
1025 0.1115239453685774 1.291783939031749
1026 0.1114484671381406 1.29273638563904
1027 0.111359535788944 1.293648124445463
1028 0.1112668792356435 1.294525521455195
1029 0.1111645975049144 1.295373937416458
1030 0.1110636044320972 1.296197826700741
1031 0.110954881842214 1.296991410823908
1032 0.1108558930886197 1.297778050551389
1033 0.1107548074037367 1.298532447981613
1034 0.1106504689057731 1.299279978342188
1035 0.1105654033538283 1.299976765063436
1036 0.1104694157429385 1.300677349877823
1037 0.1103852264187402 1.301347810905047
1038 0.1103118184968006 1.301987984265365
1039 0.110228662495326 1.302628534149165
1040 0.1101585189723424 1.303247153011787
1041 0.1100943401001668 1.303848676545665
1042 0.1100343191532831 1.304434379841909
1043 0.1099722444718182 1.304991360928455
1044 0.1099209623811147 1.305547118667053
1045 0.1098755044339883 1.306092186078422
1046 0.1098342973907939 1.306625283812175
1047 0.1097970288564844 1.307146092161911
1048 0.1097635631034782 1.307654787717432
1049 0.1097331837818298 1.308150119351352
1050 0.1097133140727609 1.308652307706428
1051 0.1096908461917654 1.309128121180596
1052 0.1096660699003064 1.309579015283286
1053 0.1096498209655899 1.310031689282388
1054 0.1096405766403881 1.310484281721419
1055 0.1096317595333599 1.310918616897165
1056 0.1096247924961034 1.311343324284908
1057 0.1096208126658336 1.31175884842579
1058 0.1096200520320886 1.312165245822058
1059 0.1096222225635397 1.312566282737609
1060 0.1096261160342234 1.312950219942023
1061 0.1096329380496811 1.313329044351623
1062 0.1096426919902058 1.313698891316137
1063 0.1096572280894723 1.314057024759727
1064 0.1096705852249728 1.314405425797793
1065 0.1096824438186665 1.314751202028277
1066 0.1096907670568972 1.315061048787355
1067 0.1097105885268724 1.315386057925537
1068 0.1097338739932909 1.315704371980363
1069 0.109758940883773 1.316015799235466
1070 0.1097899613432994 1.316325734148031
1071 0.1098167264778219 1.316617344755262
1072 0.1098437470794513 1.316897539760684
1073 0.1098731143906315 1.317163896228884
1074 0.109896584152679 1.317423860254344
1075 0.1099260841872088 1.317674861543155
1076 0.1099516933971607 1.317907860536809
1077 0.1099816700991544 1.318138721685133
1078 0.1100128692904925 1.318362984063455
1079 0.1100520957095773 1.318602890218538
1080 0.110078758918341 1.318790333896743
1081 0.1101092074786937 1.318986586770901
1082 0.1101489106357021 1.319202138701166
1083 0.1101740738767208 1.319363745715431
1084 0.1102040008129956 1.319535635850857
1085 0.1102414996946545 1.319718724254424
1086 0.1102633958839537 1.319853212732807
1087 0.1102974779786085 1.320019694626845
1088 0.1103356024474976 1.320188465670124
1089 0.1103575788539614 1.320304144385933
1090 0.110391756249711 1.320452015547539
1091 0.110410529766205 1.320551468512967
1092 0.1104343025942222 1.320662688358674
1093 0.1104667995697723 1.320791537793089
1094 0.1104819095234408 1.320870692371661
1095 0.1105107821176726 1.32098336000888
1096 0.1105237658481526 1.321051726693732
1097 0.1105498402779007 1.321149188199903
1098 0.1105595553784783 1.321204176489863
1099 0.1105822548248281 1.321287218569564
1100 0.1106048783139349 1.321368837523941
1101 0.1106200940910054 1.321430992315108
1102 0.1106254503404075 1.321467207716571
1103 0.1106289512868358 1.321496506959907
1104 0.1106231445341729 1.321500751096389
1105 0.1106386102784294 1.321554797447092
1106 0.1106323801379644 1.321556138055773
1107 0.1106449880000355 1.321601343308476
1108 0.110635164842147 1.321592642440443
1109 0.1106437364512311 1.321626432511325
1110 0.1106310493889681 1.321607288893969
1111 0.110636535285527 1.32163015960881
1112 0.1106316024828607 1.321631567683845
1113 0.1106083285171473 1.321591620318235
1114 0.1106072753180337 1.321596289522421
1115 0.1105950772538927 1.321579523910429
1116 0.1105639027766272 1.321522167522385
1117 0.1105468965606606 1.321493942080099
1118 0.110525126791685 1.32145296229108
1119 0.1105060736769859 1.321419967724425
1120 0.1104877493030857 1.321389129965519
1121 0.1104552843592678 1.321321526241907
1122 0.1104347197782194 1.321286489744353
1123 0.1103978987984347 1.321210699749512
1124 0.110368196585749 1.32115451027529
1125 0.1103375353296888 1.321097398406142
1126 0.1102933790592746 1.321005977479483
1127 0.1102605851592241 1.320944968939816
1128 0.1102166261047254 1.320856553126463
1129 0.1101694530627386 1.32076336910361
1130 0.1101334818077633 1.320696713940933
1131 0.1100770735296251 1.320581065270719
1132 0.1100309843652283 1.32049193971867
1133 0.1099871613641497 1.320409194722501
1134 0.1099228404859953 1.320278230656301
1135 0.1098707274041642 1.320177631902414
1136 0.1098154911427279 1.320070917210911
1137 0.1097532749814645 1.319949253371876
1138 0.109702305640785 1.319852992579829
1139 0.1096308291764278 1.319710035232743
1140 0.1095754695385285 1.319606956469988
1141 0.1095003430588938 1.31945819609998
1142 0.1094425989839366 1.319352335280107
1143 0.1093619429188496 1.319192870239438
1144 0.1093032978132651 1.319087548356157
1145 0.1092172075921733 1.318917183609537
1146 0.1091530738105445 1.318801327768549
1147 0.1090630208399953 1.318623995399965
1148 0.108987146029637 1.318482051005489
1149 0.1089114946294808 1.318340870098561
1150 0.1088243555350255 1.318176411933864
1151 0.1087530215991427 1.318045410821835
1152 0.1086524785923853 1.317854171231355
1153 0.1085778431929699 1.31771790617124
1154 0.1084739996383985 1.317521318270837
1155 0.1083965945711693 1.317380826759428
1156 0.1082894919767423 1.317179967970944
1157 0.1081932976057488 1.31700094283394
1158 0.108106202621827 1.316831212525519
1159 0.1080009529163708 1.316641436803404
1160 0.107901212530754 1.316459143408834
1161 0.1078012917395109 1.316276831295149
1162 0.1077000255540894 1.31609250455784
1163 0.1075977320832223 1.315907737680703
1164 0.1074889672602879 1.315713426465019
1165 0.1073822508949715 1.315518068832146
1166 0.1072745627097228 1.31532121037762
1167 0.1071653462817661 1.31512200417199
1168 0.1070543614567002 1.314919864117139
1169 0.1069416165369364 1.314714639007564
1170 0.1068319373716551 1.314513557768437
1171 0.1067160081824385 1.314303735430346
1172 0.1065973351924218 1.314088234558839
1173 0.1064765277895661 1.313868277395958
1174 0.1063540912041293 1.313644978330019
1175 0.1062299558934942 1.313418541950301
1176 0.106104304224457 1.313189232389352
1177 0.1059772374945583 1.312957273445079
1178 0.1058488614311384 1.312722499207309
1179 0.1057196208013444 1.312485724863543
1180 0.1055784579180226 1.312220235456036
1181 0.1054457203405554 1.311976219254584
1182 0.1053220616745784 1.311748246432695
1183 0.1051854768054999 1.311500977298333
1184 0.1050502741746376 1.31125255633657
1185 0.1049197248278018 1.311010885453858
1186 0.10478869618873 1.310778955262418
1187 0.1046532791561314 1.310529675038779
1188 0.1045249286310973 1.310291829885594
1189 0.1043773818017832 1.310017766610125
1190 0.1042422193366943 1.309764751632874
1191 0.1040968336771087 1.309493523068446
1192 0.1039622109854509 1.309240778112099
1193 0.1038118691017915 1.308959696702433
1194 0.1036735303956306 1.308697180862813
1195 0.1035267293595841 1.308421479116036
1196 0.1033903831149489 1.308164039317058
1197 0.1032398582028276 1.307881480747889
1198 0.1030995696034885 1.307614528819768
1199 0.102954036143666 1.307339002289799
1200 0.1028164409032156 1.30707729250402
1201 0.1026677741225315 1.306797389182993
1202 0.1025254685127038 1.306526453542622
1203 0.1023843504466378 1.306255925317858
1204 0.1022500963683213 1.305997375605496
1205 0.1021031654512226 1.30571714043532
1206 0.1019631382421815 1.305446033480779
1207 0.1018289293871655 1.305185901664487
1208 0.1016839148941737 1.304905191394881
1209 0.1015472046062177 1.30463853945589
1210 0.1014190542855124 1.304386886518039
1211 0.1012739327371138 1.304106218855147
1212 0.1011361533621081 1.303835244505668
1213 0.1010070012075563 1.3035779121622
1214 0.1008554570372497 1.303274108583216
1215 0.1007111060266489 1.302976272686962
1216 0.1005949993312271 1.302764810905809
1217 0.1004699645270952 1.302512914879176
1218 0.1003384269640317 1.302254590500652
1219 0.1002120886155136 1.301996134190394
1220 0.100082377637393 1.301739864488488
1221 0.09995608085946599 1.301478185606175
1222 0.09983156268298939 1.301224808607736
1223 0.09970700233283152 1.300977775378888
1224 0.09957820125522246 1.300703865624132
1225 0.09946160137521547 1.300467696255583
1226 0.09933557682173694 1.300205290276323
1227 0.09921883789807269 1.299963531718454
1228 0.09910605397463004 1.299729845905594
1229 0.09898214216853535 1.299467250597921
1230 0.09888576733775627 1.299272199613517
1231 0.09878158696074214 1.299053299656625
1232 0.09866296827790526 1.298797878443161
1233 0.09857213681038809 1.298611308806729
1234 0.09845834791409329 1.29836329340088
1235 0.0983709580370133 1.298181820693726
1236 0.09825981130316098 1.297937052978725
1237 0.0981752705667628 1.297759751015542
1238 0.09806664255172126 1.297518029248188
1239 0.09797306576643482 1.297316870233651
1240 0.09788128742689114 1.297118918304211
1241 0.09779051258043968 1.296918691030118
1242 0.0976952204893166 1.296708302719098
1243 0.09760700407124577 1.296510696987232
1244 0.09752175781410365 1.296318672144958
1245 0.09743853507138825 1.296130757847298
1246 0.09735726926699631 1.295946447756696
1247 0.09727797456046364 1.2957656660095
1248 0.09720079061840764 1.295588156573055
1249 0.09712570158517063 1.29541453051329
1250 0.09706345026192961 1.295269321084594
1251 0.0969941805777403 1.295108096608641
1252 0.09692297805907833 1.294941074489019
1253 0.09685351601410119 1.294776904618862
1254 0.09678555965460672 1.294615085446223
1255 0.09671883070844238 1.294455890058019
1256 0.09664775632712722 1.294284943365008
1257 0.09658341925648374 1.294129813761383
1258 0.09652217767152126 1.293981560091309
1259 0.09645868201742304 1.293828590458962
1260 0.09640388200210431 1.293693204834951
1261 0.09634883969145805 1.293558114710227
1262 0.09629402217393647 1.293423600418901
1263 0.09624026302727036 1.29329066618068
1264 0.09619067724971973 1.293165734457318
1265 0.09613949869527301 1.29303875512242
1266 0.0960885138414314 1.292912549716439
1267 0.09604857706741746 1.292810493159402
1268 0.0960017987758303 1.292693738713933
1269 0.09595248790516278 1.292570996272984
1270 0.0959019744215826 1.292444775840574
1271 0.09585197711756091 1.292320439562553
1272 0.09580290678433101 1.292198449720855
1273 0.09575425571235338 1.292077840972628
1274 0.0957063508448283 1.291958832306355
1275 0.09565885541729732 1.291841417844072
1276 0.09561181585605645 1.291724919142344
1277 0.09556528984694254 1.291611658012043
1278 0.09551911870792551 1.291498529044606
1279 0.09547250409674564 1.291385369962115
1280 0.09542657343087535 1.291273325029165
1281 0.09538006581572488 1.291161272841834
1282 0.09533418193132194 1.291050523536128
1283 0.09528778100751448 1.290939645827456
1284 0.09524195161405732 1.290830138428128
1285 0.09519529484961654 1.290720099731287
1286 0.09514861532095047 1.290610379468976
1287 0.09510660744229836 1.290510343448982
1288 0.09506150016803351 1.290404258411675
1289 0.09501637458634637 1.290297714130912
1290 0.0949634312722196 1.290174563713492
1291 0.09492030903860071 1.290076640807407
1292 0.09486801080359701 1.289957235091019
1293 0.09482445324305236 1.289859119203923
1294 0.09477128497145211 1.289738799599349
1295 0.09472649433958116 1.289639114401481
1296 0.09467195844104154 1.28951719520699
1297 0.09462575882296184 1.289415715096392
1298 0.09457063150483587 1.289294096350802
1299 0.09452342128989395 1.289191306570444
1300 0.0944673956034128 1.289068053137897
1301 0.09441163909295545 1.288946993899734
1302 0.09435893178852602 1.28883313311807
1303 0.09430663925961953 1.288720670876591
1304 0.09425617719831512 1.288612406538114
1305 0.09420704033903764 1.288510989463786
1306 0.09415111119962044 1.288392432477039
1307 0.09409284302087929 1.288266088773532
1308 0.0940375225669579 1.288148241817188
1309 0.09398389065246276 1.288035985985714
1310 0.09392933575505477 1.287921367630526
1311 0.09387426995298213 1.287806281544756
1312 0.09382167258904989 1.287700348563677
1313 0.09376327578805398 1.28757771220895
1314 0.09370621436605829 1.287458755236232
1315 0.09365191355578496 1.287348463959981
1316 0.09358922822115164 1.287218042781891
1317 0.09353587263195873 1.287109716025609
1318 0.09348025959555145 1.286996256531185
1319 0.09341969840019347 1.286871082718417
1320 0.09336541264750114 1.286762236485393
1321 0.09330919500760436 1.286648898537637
1322 0.09325206966158826 1.286533446788594
1323 0.09319438343840958 1.286417119075435
1324 0.09312972785214413 1.286287467055699
1325 0.09307105334636534 1.286169225876221
1326 0.09301889598803921 1.286063846950409
1327 0.09296391857069516 1.285954582194583
1328 0.09290713416772511 1.285842221609457
1329 0.09285185774571918 1.285733228703645
1330 0.09279428403027815 1.285619387818717
1331 0.09273696327963062 1.285505963725595
1332 0.09267353758982486 1.285378600195119
1333 0.09261989368788259 1.285274964595722
1334 0.09256470308333013 1.285166994493978
1335 0.09250913201421231 1.285058196497692
1336 0.09245453123699919 1.284952369682953
1337 0.09239653045515556 1.284838305907455
1338 0.09234364021114221 1.284735492617497
1339 0.09228949283870956 1.284630167693746
1340 0.09223274826366981 1.284518746044234
1341 0.09217656413073345 1.284406434804835
1342 0.0921227357855504 1.284302905110636
1343 0.09206849685964753 1.284199303613346
1344 0.09201556886582371 1.284098035543218
1345 0.09196212788349094 1.283996089780204
1346 0.09190964197525915 1.283896079708682
1347 0.09185678372639892 1.283795397447793
1348 0.0918047527285878 1.283696672329631
1349 0.09175180348830068 1.283594833600737
1350 0.09170179405374655 1.283500844145494
1351 0.09164837645668221 1.283401970767738
1352 0.09159358762914933 1.283294315364028
1353 0.09154529195181423 1.283206906368617
1354 0.09149534330090765 1.283113664570823
1355 0.09144501225408941 1.283018556108037
1356 0.09139493387373676 1.282924987026597
1357 0.09134570397608779 1.282833218993172
1358 0.09129611123623854 1.282741879257608
1359 0.0912474239628905 1.282651811242055
1360 0.09119954002241056 1.282565615257218
1361 0.09115414994147446 1.282481423141621
1362 0.09110615402139703 1.282393177657725
1363 0.09105812149438154 1.282304979227065
1364 0.09101039415116211 1.282217431950634
1365 0.09096281610148227 1.282130663357256
1366 0.09091498142839967 1.282042027320131
1367 0.09086803559892943 1.28195650001242
1368 0.09082156453591535 1.281872362375932
1369 0.09077575413051944 1.281790816094709
1370 0.09072980933246265 1.281708498169934
1371 0.09068434062560242 1.281626664047438
1372 0.09063908613273887 1.281545496210892
1373 0.09059427411516319 1.281465246585315
1374 0.09054957516318021 1.28138544183229
1375 0.09050493566018415 1.281306263345213
1376 0.09046200042712642 1.281230845832428
1377 0.09041879150991014 1.281155210794642
1378 0.09037542868880742 1.281078990367354
1379 0.09033213658183277 1.281002901408664
1380 0.09028859049863985 1.280926744418351
1381 0.09024516561780734 1.280850842040395
1382 0.09020194336315977 1.280775391972185
1383 0.09015901323115076 1.280700993022923
1384 0.09011629738211399 1.280626999008393
1385 0.09007382688372181 1.280553581903306
1386 0.09003152071262069 1.280480715569892
1387 0.08998939287532461 1.280408181807924
1388 0.0899475249807429 1.280336482269371
1389 0.08990142695847626 1.28025636264378
1390 0.08985992968531144 1.280185462885573
1391 0.0898196906235124 1.280117284805609
1392 0.08977720882502557 1.280045335845963
1393 0.08973912386011301 1.279981756431484
1394 0.08969926366289878 1.279915126291351
1395 0.08965885799413192 1.279847915684384
1396 0.08961792434661571 1.279779923933956
1397 0.08957733604230299 1.279712728899968
1398 0.08953689651002827 1.279645430283445
1399 0.08949650739222291 1.279578349585826
1400 0.08945613352153148 1.27951152466059
1401 0.08941577520012102 1.27944493525532
1402 0.0893754402506652 1.279378586684304
1403 0.08933518730050197 1.279312521066586
1404 0.08929512422685736 1.279246618547801
1405 0.08925506670596385 1.279181040646335
1406 0.08921495899128702 1.279115519435607
1407 0.08917483861233631 1.27905011715413
1408 0.08913475803528494 1.278984920402775
1409 0.08909349954449684 1.278916797885628
1410 0.0890532316698178 1.278851729472253
1411 0.08901337393715826 1.278787267673043
1412 0.08897348233364721 1.278723067137721
1413 0.0889336412171205 1.278658936176875
1414 0.08889381947969562 1.278595097302077
1415 0.08885392631255612 1.278531164521416
1416 0.08881405484860078 1.278467366326539
1417 0.08877411846595404 1.278403690115729
1418 0.08873432981425139 1.27834006249093
1419 0.08869451306752393 1.278276518397811
1420 0.08865465473655108 1.2782130887764
1421 0.08861482767943148 1.278149749816244
1422 0.08857466964854507 1.278085704107292
1423 0.08853388906289558 1.278020830372976
1424 0.08849386396983228 1.277957208722877
1425 0.08845113944181238 1.277888347433156
1426 0.08841392546645126 1.2778307312854
1427 0.08837518675820746 1.277770209525627
1428 0.08833564389083848 1.277708374865847
1429 0.0882956482348012 1.2776457331173
1430 0.0882554421060088 1.277582529612878
1431 0.08821521258785797 1.27751896127631
1432 0.0881748671992723 1.277455280366951
1433 0.08813441510548643 1.277391514156005
1434 0.08809384030303295 1.277327565996612
1435 0.08805307954572321 1.277263404819927
1436 0.08801232929628829 1.277199371033624
1437 0.08797166426107127 1.277135383593685
1438 0.0879310779646621 1.277071299969284
1439 0.08789041326086147 1.277007315030477
1440 0.08784631959630988 1.27693765007174
1441 0.08780726910840385 1.276875008801878
1442 0.08776580873303473 1.276809874470246
1443 0.08772436003802543 1.276745261992718
1444 0.08768417672491301 1.276681628583523
1445 0.08764392617205909 1.276618680589852
1446 0.08760296313020674 1.276555024685508
1447 0.08756299914339152 1.276491624547881
1448 0.08752429605042418 1.276431275610991
1449 0.08748209927228662 1.276366168824004
1450 0.08744126096926799 1.276301535945932
1451 0.0874003081834214 1.276237576379572
1452 0.08736161569621589 1.276176270324771
1453 0.0873202007742496 1.276111396309964
1454 0.08728061384559958 1.276049455232225
1455 0.08723694287198298 1.275980759742654
1456 0.08719695927635994 1.275916996825174
1457 0.08715479200440553 1.275850596291023
1458 0.08711347164215072 1.275785046224261
1459 0.08707211681428519 1.275719541465239
1460 0.0870308044533987 1.275654057396054
1461 0.08698949299885124 1.275588476811372
1462 0.08694973213794029 1.27552541584564
1463 0.08690748166205986 1.275458613224083
1464 0.0868657838804861 1.275392303056171
1465 0.08682430659260311 1.275326125338192
1466 0.08678449259784041 1.275263588527317
1467 0.0867434994229235 1.275198344366818
1468 0.08670122251203624 1.275131661027919
1469 0.08666098992721105 1.275067241560598
1470 0.08661800051485823 1.274998136258829
1471 0.08657746663512889 1.274933223168832
1472 0.0865345506099016 1.274863622980942
1473 0.08649414534567576 1.274798194304868
1474 0.08645134791878677 1.274728658452347
1475 0.08641089387768332 1.274663476879926
1476 0.086368009848573 1.27459388680633
1477 0.08632756667778464 1.274528501317785
1478 0.0862847279536527 1.274458834604205
1479 0.08624287867469793 1.274390448915838
1480 0.0862011997357159 1.274322440580062
1481 0.08615965036740868 1.274254618852168
1482 0.08611767083575875 1.274184956040329
1483 0.0860747994994381 1.274114788280264
1484 0.08603460179652785 1.274048292386438
1485 0.08599208784884133 1.273979266364652
1486 0.08595136542237665 1.273911926684446
1487 0.08591027043331582 1.273844298034726
1488 0.08587050212427361 1.273779019388733
1489 0.08582677127888139 1.273706705318648
1490 0.08578517838926103 1.273637109925616
1491 0.08574314659015078 1.273566163009808
1492 0.08570326375389295 1.273500202153349
1493 0.08566054351298372 1.273428919183123
1494 0.08561858598937347 1.273357968264466
1495 0.0855766573141381 1.273287100506503
1496 0.08553468285883359 1.273215984306343
1497 0.08549280625544892 1.273144759665524
1498 0.08545091986708625 1.27307328590214
1499 0.08540908385301733 1.273001849776217
1500 0.08536705032424742 1.272930051548812
1501 0.08532521653362649 1.272858136718702
1502 0.08528327126275931 1.272785821006688
1503 0.08524148950910061 1.272713533890362
1504 0.0851996543004257 1.272640937991502
1505 0.08515780124274501 1.27256839374209
1506 0.08511742015004334 1.272498639386211
1507 0.08507428171535567 1.272423448410739
1508 0.08503213383773094 1.27234926081642
1509 0.0849901121366432 1.272275114993109
1510 0.08494831582511767 1.272201338419358
1511 0.08490641451884058 1.272127173969934
1512 0.0848645882169493 1.272053027770141
1513 0.08482429325778991 1.271981700247391
1514 0.08477957250002088 1.271901901225356
1515 0.08473867883177023 1.271827754921293
1516 0.0846970880702566 1.271752894742934
1517 0.084655306358455 1.271677606455512
1518 0.08461367172022123 1.271602219490522
1519 0.08457186326257747 1.271526141385555
1520 0.08453004648327607 1.271450020442511
1521 0.08448809753013398 1.271373347006438
1522 0.08444444618392898 1.271293244678138
1523 0.08440416812743703 1.271218109663713
1524 0.08436275818983992 1.271141421261397
1525 0.08432111174506293 1.271064327187346
1526 0.08427937013443432 1.27098655041723
1527 0.08423600090258145 1.270905698806086
1528 0.08419552869244881 1.270829165449098
1529 0.08415417727439592 1.270751156781988
1530 0.08411110916604644 1.270669503937852
1531 0.0840695756014541 1.270590697387477
1532 0.08402798546088032 1.270511272259383
1533 0.08398643276794981 1.270431686142695
1534 0.08394492153206007 1.270352024782408
1535 0.0839033317672422 1.270272019473492
1536 0.08386194672993909 1.270191775852034
1537 0.08382046846359409 1.270111112096248
1538 0.08378073514487788 1.270033834245602
1539 0.08373800220624734 1.269950064257336
1540 0.08369603024429574 1.269867455656029
1541 0.08365545009534023 1.269788263474756
1542 0.0836139457683302 1.26970618244082
1543 0.0835723458343851 1.269623020568494
1544 0.0835306775329529 1.269539393628398
1545 0.0834889578031882 1.269455469863435
1546 0.08344686279441052 1.269369982530079
1547 0.08340530700462398 1.269285575709131
1548 0.08336378787890779 1.269201062342596
1549 0.0833224393308829 1.269116944275174
1550 0.08327947493482303 1.269028455650356
1551 0.08323943391616626 1.268945708648671
1552 0.08319858356756721 1.268861063862519
1553 0.08315746783266956 1.268775459049304
1554 0.08311516286043286 1.268686316626491
1555 0.08307459910655324 1.268601123482716
1556 0.08303341925973697 1.268514659097325
1557 0.0829921926913834 1.268427505808954
1558 0.08294975564170669 1.268336688492488
1559 0.08290985357359514 1.26825146833081
1560 0.0828693886558248 1.268165190079468
1561 0.08282782306680542 1.2680754429026
1562 0.08278531300985341 1.267983500966917
1563 0.08274554249852642 1.267896983750912
1564 0.0827031577159127 1.26780447476688
1565 0.08266347452198276 1.267717265296708
1566 0.08262108180204854 1.267623908013217
1567 0.08257985615335267 1.267532505263112
1568 0.08253886811407772 1.267441015437238
1569 0.08249814474191861 1.267349818560201
1570 0.08245883402619977 1.267261811036624
1571 0.08241661267187697 1.267166890953147
1572 0.08237560029844733 1.267073625777043
1573 0.08233471608947576 1.266980109087111
1574 0.08229375668045356 1.266886179284624
1575 0.08225395201031098 1.26679421151498
1576 0.08221354815089216 1.266701055944425
1577 0.08217275454070193 1.266606522420841
1578 0.08213223231563288 1.266511619869809
1579 0.08209150937852107 1.266415772684243
1580 0.08205075421172342 1.266319713283047
1581 0.08200980699618476 1.266222778852732
1582 0.08196901929817038 1.266125772133499
1583 0.0819281730701972 1.266028095525713
1584 0.08188770745302418 1.26593036130987
1585 0.08184694258932877 1.265831890704765
1586 0.08180632700169593 1.265733299437557
1587 0.08176563407458039 1.265633972737309
1588 0.0817251508856655 1.26553470780406
1589 0.08168463466134369 1.265434784261775
1590 0.08164433827053573 1.265334754654765
1591 0.08160233567980357 1.265230385129732
1592 0.08156306679436086 1.265131762031772
1593 0.08152327613824568 1.26503149889745
1594 0.08148134096443428 1.264925556320975
1595 0.08144225076879673 1.264826386418433
1596 0.08140254912456593 1.264725241911791
1597 0.0813610503799005 1.26461876689993
1598 0.08132069037991091 1.264514461589693
1599 0.08128160336416182 1.26441180995999
1600 0.08124218258033217 1.264308900293218
1601 0.08120090241168119 1.264201337048731
1602 0.08116111785763516 1.264097619205545
1603 0.08112123398930983 1.263992289805751
1604 0.08108157089254112 1.26388628176814
1605 0.08104166029020111 1.263779523891298
1606 0.08100185952460782 1.263672507388574
1607 0.08096212356612581 1.26356502161636
1608 0.08092239019596247 1.263457002111215
1609 0.08088266885323527 1.263348523627875
1610 0.08084292177240768 1.263239620153237
1611 0.08080297271071815 1.263130125418052
1612 0.08076304918208803 1.263019032047726
1613 0.08072346084991237 1.262908379908115
1614 0.08068400377579724 1.262797564328202
1615 0.08064454843687319 1.26268641246631
1616 0.08060509862596643 1.262574830724157
1617 0.08056558566462409 1.262462760715024
1618 0.08052632658311422 1.262350177135437
1619 0.08048709980708965 1.262237076990097
1620 0.08044781637842964 1.262123428604061
1621 0.08040852199378637 1.262009195388374
1622 0.08036911944559363 1.261894421145609
1623 0.08032977825972443 1.261779121030768
1624 0.0802906908855423 1.261663307803172
1625 0.08025153161817471 1.261547037966935
1626 0.08021243218014214 1.261430235054436
1627 0.08017326851415948 1.261312887014883
1628 0.08013414565418771 1.261195054864159
1629 0.08009507156049987 1.261076787746618
1630 0.08005610290907959 1.260958074334485
1631 0.08001729498243751 1.260838858412159
1632 0.07997840163228452 1.260719168032802
1633 0.07993953612806796 1.260598828746321
1634 0.07990072364866489 1.260477928050683
1635 0.07986204436615071 1.260357015881655
1636 0.07982328022349099 1.26023527166218
1637 0.07978454922178541 1.260112960957852
1638 0.07974598038024561 1.259990125653573
1639 0.07970741512935586 1.259866769375055
1640 0.07966885810729644 1.259742890860639
1641 0.07963028091848254 1.259618230433413
1642 0.0795918223416716 1.259493271346087
1643 0.07955336335691202 1.259367873671421
1644 0.07951492071097876 1.259241902953704
1645 0.07947659404537928 1.259115311611086
1646 0.07943831466068856 1.258988123528975
1647 0.07940030435520801 1.258860161009896
1648 0.0793621782761489 1.258732187713802
1649 0.07932393002555643 1.25860366583525
1650 0.07928561215485989 1.258474331034916
1651 0.07924749932190879 1.258344222137962
1652 0.07920948199436623 1.258213769302539
1653 0.0791714805164699 1.258082738018168
1654 0.07913351902363656 1.257951199331207
1655 0.07909555058493005 1.257819173373695
1656 0.07905757768303125 1.257686596640862
1657 0.0790188650416553 1.257551316553824
1658 0.07898118752803768 1.257417711122693
1659 0.07894357172961694 1.257283825223559
1660 0.07890595709395819 1.257149191275936
1661 0.07886843076224831 1.257013934015362
1662 0.07883057226788275 1.256877280399533
1663 0.07879309160136323 1.25674098694754
1664 0.0787556630977488 1.256604179275167
1665 0.0787172904004773 1.256463406068484
1666 0.07868004073393638 1.256325479020799
1667 0.07864463219069102 1.256192037352717
1668 0.07860677790125102 1.256050396738984
1669 0.07856960718056537 1.255910639653622
1670 0.07853254628006831 1.255770937363428
1671 0.07849549076310247 1.255630476697619
1672 0.07845838667459464 1.255488700765443
1673 0.07842159748336526 1.255346966274217
1674 0.07838459529149158 1.255204016225965
1675 0.07834766842454155 1.255060992008083
1676 0.07831067768509568 1.254916793895016
1677 0.0782738956417436 1.254772572950332
1678 0.07823700834465816 1.254627358770228
1679 0.07820041655044224 1.254482078546991
1680 0.0781637231432032 1.254335685234304
1681 0.0781271829024779 1.254189168356878
1682 0.07809057401404797 1.254041524600638
1683 0.07805419140197149 1.253893822490477
1684 0.07801687781714314 1.253742202335185
1685 0.07798102749186815 1.253595552675192
1686 0.07794506298147404 1.253447457958473
1687 0.07790855989241656 1.253296180532589
1688 0.07787218850099825 1.253144661729984
1689 0.07783608044190485 1.252993160311003
1690 0.07780001942062377 1.252841369742468
1691 0.07776409044403071 1.252689124340209
1692 0.0777282051666057 1.252536381686236
1693 0.07769233449287551 1.25238296837268
1694 0.07765671838623447 1.252228939779432
1695 0.07762102173791069 1.252074306774499
1696 0.07758541095504148 1.251919149224013
1697 0.07754928626846774 1.251761799502382
1698 0.0775142618317728 1.251605894416898
1699 0.07747879017265183 1.251449224700186
1700 0.07744341376544266 1.251291882399592
1701 0.07740961318823526 1.251138560960679
1702 0.0773746066983414 1.250980757605697
1703 0.07733929348850933 1.250821001725131
1704 0.0773039730331259 1.250660516939928
1705 0.07726857186608983 1.250499439291927
1706 0.07723332027830102 1.250337785208961
1707 0.0771982231355153 1.250175605485236
1708 0.0771632107557417 1.250013019228338
1709 0.07712832578514409 1.249849820277081
1710 0.07709343054276012 1.249686031887596
1711 0.0770585549195232 1.249521713239574
1712 0.07702374466796894 1.249356926161805
1713 0.07698911488075041 1.249191657675918
1714 0.07695469507540559 1.249025858809828
1715 0.07692033105180869 1.248859694426428
1716 0.07688439642523853 1.248687104423897
1717 0.076852248977097 1.248526767291766
1718 0.07681629538437902 1.248352994727788
1719 0.07678412208731039 1.248191222191093
1720 0.07674967448220091 1.248021447014517
1721 0.07671586942312916 1.247851682834247
1722 0.07668214153622939 1.247681646211827
1723 0.07664834702307879 1.247510733227384
1724 0.07661459143371574 1.247339085288342
1725 0.07658076489150169 1.247166708932756
1726 0.076547083868876 1.246993904118078
1727 0.07651351340802449 1.246820714935523
1728 0.07648002096985884 1.246646828858848
1729 0.07644665860801497 1.246472328501553
1730 0.07641326544597889 1.246297250591781
1731 0.07638001542684381 1.246121584735115
1732 0.07634680862075612 1.245945372500394
1733 0.07631367344018863 1.245768638922745
1734 0.07628053096070421 1.245591259474889
1735 0.07624747433939645 1.24541338480053
1736 0.0762113210557295 1.245223190367242
1737 0.07618150268206371 1.245055520664432
1738 0.0761494311324494 1.244877655936417
1739 0.07611705873477541 1.24469801679866
1740 0.07608211412862949 1.244508682559444
1741 0.07604947055725086 1.244327819869126
1742 0.07601796494451392 1.244149801737495
1743 0.07598615807499344 1.243968834698823
1744 0.07595421162144733 1.243786673280293
1745 0.07592190053547913 1.243602699394609
1746 0.07588993444701791 1.24341887275466
1747 0.0758580533893143 1.243234563254188
1748 0.07582611219455165 1.243049743081767
1749 0.0757942339821277 1.242864268355832
1750 0.07576256849704113 1.242678192443591
1751 0.07573099299605211 1.242491583670364
1752 0.0756994872862122 1.242304341740264
1753 0.07566793707016956 1.242116428115912
1754 0.07563640915225577 1.241927820997967
1755 0.07560483910724207 1.241738640298412
1756 0.07557341994915265 1.241548958407991
1757 0.07554144087022362 1.241355330307107
1758 0.07551033247746049 1.241164984843806
1759 0.07548003476406182 1.240976824518777
1760 0.0754485455623241 1.240782878383581
1761 0.07541762083867173 1.240590880503397
1762 0.07538758491968624 1.240401192677427
1763 0.07535628890923189 1.240204835993917
1764 0.07532566641898983 1.240011017077807
1765 0.07529580469022652 1.23981957262589
1766 0.07526457599814186 1.239621402666323
1767 0.07523412225041935 1.239425887236544
1768 0.07520456830469158 1.239232947821536
1769 0.07517369983185637 1.239033280993487
1770 0.07514347829974323 1.238836155279815
1771 0.07511416416936396 1.238641536609277
1772 0.07508351002636819 1.238440203349846
1773 0.07505359252976326 1.238241540865305
1774 0.07502359397249128 1.238041962529163
1775 0.0749939990852261 1.237842780699437
1776 0.07496433526807876 1.237642252229243
1777 0.07493497477739058 1.237441985751498
1778 0.07490554926283093 1.23724043892787
1779 0.07487625047943494 1.237039139262555
1780 0.07484643144973036 1.236835767298692
1781 0.07481716769182295 1.236632409042705
1782 0.07478879282146574 1.236431826271317
1783 0.07476031603256038 1.236229265864593
1784 0.07473063242559803 1.236021311331911
1785 0.07469951336303243 1.235812976831008
1786 0.07467081803265475 1.23560823515547
1787 0.07464191093519068 1.235399655097992
1788 0.0746135094664986 1.235193163862009
1789 0.07458529379007571 1.234986695599766
1790 0.07455704965602207 1.234779828831571
1791 0.07452890039639688 1.234572430797642
1792 0.074500851836953 1.234364581915609
1793 0.07447303856594238 1.234156353996224
1794 0.07444544203617048 1.233947631302453
1795 0.07441760175544995 1.233738276063207
1796 0.07438983019555234 1.233528229127519
1797 0.07436214570072304 1.233317580025847
1798 0.07433457900054033 1.233106451691317
1799 0.07430706455898886 1.232894943992744
1800 0.07427951200307578 1.232682916358689
1801 0.07425212338514509 1.232470052016498
1802 0.0742247958520019 1.232256819822193
1803 0.07419760933309184 1.232043091075831
1804 0.07417054464987193 1.231828930923298
1805 0.07414342594163031 1.231614280474247
1806 0.07411874193224854 1.231404599415574
1807 0.0740916542117156 1.231188631290473
1808 0.07406466897684226 1.230972024482377
1809 0.07403793325609209 1.230755236947728
1810 0.07401107601006095 1.230537867437181
1811 0.07398426770589531 1.230320000885726
1812 0.07395761302407822 1.230101701249501
1813 0.0739310968278897 1.229883028598742
1814 0.07390466677403848 1.229664025647952
1815 0.07387832327823871 1.229444602208726
1816 0.07385218829706758 1.229224762246903
1817 0.07382615022994675 1.229004542355163
1818 0.07380023876099695 1.228783865198596
1819 0.07377452066216421 1.228562884737143
1820 0.0737488000342523 1.228341502238528
1821 0.0737230799971926 1.228119726993112
1822 0.07369757443119622 1.227897748825461
1823 0.07367237015127613 1.227675188607022
1824 0.07364719667223925 1.22745222770548
1825 0.07362201281498906 1.227228814358903
1826 0.07359689590511628 1.227004902588819
1827 0.07357185155046361 1.226780542468703
1828 0.07354692427310082 1.226555830081478
1829 0.07352210044882999 1.226330792219874
1830 0.07349745465140017 1.226105368928971
1831 0.07347291139233296 1.225879523929673
1832 0.07344837626387392 1.225653248730277
1833 0.07342399840467191 1.225426577805687
1834 0.07339985256904188 1.225199683984888
1835 0.07337548081322751 1.224972297751093
1836 0.07335130360617696 1.22474453059597
1837 0.07332736489150518 1.224516359766273
1838 0.07330347344500257 1.224287759762435
1839 0.07327968848550492 1.224058750314335
1840 0.07325583977249296 1.223829163254393
1841 0.07323219866156398 1.223599396409506
1842 0.07320861775572027 1.223369459135644
1843 0.07318519348890512 1.223139181162163
1844 0.07316199964332493 1.222908442041247
1845 0.07313870572255096 1.222677290007891
1846 0.0731155619135065 1.22244571731673
1847 0.07309251520941412 1.222213823774995
1848 0.07306964666072473 1.221981727038123
1849 0.07304682541852181 1.221749278213257
1850 0.07302393002233808 1.221516421251752
1851 0.07300134730520495 1.221283189664633
1852 0.07297876471984667 1.221049383229129
1853 0.07295637010181859 1.220815495827864
1854 0.07293410760880778 1.220581325908801
1855 0.07291177910441676 1.220346869267754
1856 0.0728895660700709 1.22011205236112
1857 0.07286764265481936 1.219876846593276
1858 0.07284572936830465 1.219641315321003
1859 0.07282394236214643 1.219405428172402
1860 0.07280214844107633 1.219169197280265
1861 0.07278046555426766 1.218932643289606
1862 0.07275885574499825 1.21869580067673
1863 0.07273737064625102 1.218458649359956
1864 0.07271613767820313 1.218221151772811
1865 0.07269482003875895 1.217983333833971
1866 0.07267240140248489 1.217741783636748
1867 0.07265149893063805 1.217503610732251
1868 0.07263074352812304 1.217265406532457
1869 0.07261001365281321 1.217026915555401
1870 0.07258928179735435 1.216788053303407
1871 0.07256883307064234 1.216548813873802
1872 0.0725484475800199 1.216309254866082
1873 0.07252814358266602 1.216069394241474
1874 0.07250791634231486 1.215829190821275
1875 0.07248764584788858 1.215588639673692
1876 0.0724674406740986 1.215347792246945
1877 0.07244736828704822 1.215106687295488
1878 0.07242758763870395 1.214865324528287
1879 0.07240783408723994 1.214623701300165
1880 0.07238807732844516 1.214381764117667
1881 0.07236882356734085 1.214140363475116
1882 0.07234924355070882 1.213897966838859
1883 0.07232977226737292 1.213655254175626
1884 0.07231053409692163 1.213412268225898
1885 0.07229123617739397 1.213169005342613
1886 0.07227203330058056 1.2129254227386
1887 0.07225315779144272 1.212682301273643
1888 0.07223418991614965 1.212438197739887
1889 0.07221520567369631 1.212193786840038
1890 0.07219666242205672 1.211949961334081
1891 0.07217785339774804 1.211704527452075
1892 0.07215923785600908 1.211459354192248
1893 0.07214080145449411 1.211214032125321
1894 0.07212242552128451 1.210968472008125
1895 0.07210399827782012 1.21072265544097
1896 0.07208563764959645 1.21047666499178
1897 0.07206751039525465 1.210230645005458
1898 0.07204924976696532 1.209981468612311
1899 0.07203136093658663 1.209735301101825
1900 0.07201398908378932 1.209491571083817
1901 0.07199593630996244 1.209242218341622
1902 0.07197830483728884 1.208995280472942
1903 0.07196123697214148 1.208750375752313
1904 0.07194361068985888 1.208500602548906
1905 0.0719270010483079 1.208255911339075
1906 0.07190941484227525 1.208005653773357
1907 0.07189262633591806 1.207759892490549
1908 0.0718745843110724 1.207505416500767
1909 0.07185865613905505 1.207263647160977
1910 0.07184310557391069 1.207018623967808
1911 0.07182658240734345 1.206770102289748
1912 0.07180990070342065 1.20652061959115
1913 0.07179333540516833 1.206270999779794
1914 0.07177688345791464 1.206021173075702
1915 0.07176032798429056 1.205771230095059
1916 0.07174250522490837 1.205516377002423
1917 0.07172551087368305 1.205262529082279
1918 0.07171065036192747 1.205019900321631
1919 0.07169493421330507 1.20476858507159
1920 0.07167955779852037 1.204520765337164
1921 0.07166363319661427 1.204268368309086
1922 0.07164796460564272 1.20401802075958
1923 0.07163263503847854 1.203768283635837
1924 0.07161683686861042 1.203514558075004
1925 0.07160281138847829 1.203271826759222
1926 0.0715876944701529 1.203019160604358
1927 0.0715731417514472 1.202770967379183
1928 0.07155770605897607 1.202516903862354
1929 0.07154260125477219 1.202265078363737
1930 0.07152782621341752 1.202013580540116
1931 0.07151234093636394 1.201758198165097
1932 0.07149875851724576 1.201513901830295
1933 0.0714842416158309 1.201260086208375
1934 0.07147020167362232 1.201010330849302
1935 0.07145550059199482 1.200755761396979
1936 0.07144103461699809 1.200503461723838
1937 0.07142691584134528 1.200251379816299
1938 0.07141290763724195 1.199999303736787
1939 0.07139840614116369 1.199743368118492
1940 0.07138566412357507 1.199498479458407
1941 0.07137192656230527 1.199244136889531
1942 0.07135846318452002 1.19899361494539
1943 0.07134451132851415 1.198738228486595
1944 0.07133104629702951 1.198485110883889
1945 0.07131761172930499 1.198232229202101
1946 0.07130432109013882 1.197979509730261
1947 0.0712911737399345 1.197726874496539
1948 0.07127824833940462 1.197474461614674
1949 0.07126644767224577 1.197225610235747
1950 0.07125363437151144 1.1969730725506
1951 0.07124028202393366 1.196716366548013
1952 0.07122775477784095 1.196465517904187
1953 0.07121525342091434 1.196212464735722
1954 0.07120279061707094 1.195958827655374
1955 0.07119022495308942 1.195705251627879
1956 0.07117769564705169 1.195451528694631
1957 0.07116521842760376 1.195197880866059
1958 0.07115266600678184 1.194941546346332
1959 0.07114098712168483 1.19469080049976
1960 0.0711290710441309 1.194437306086679
1961 0.07111678874598124 1.194180798322151
1962 0.07110532667828885 1.193930076352711
1963 0.07109376206335823 1.193677028600333
1964 0.07108166015041674 1.193420433347568
1965 0.07107058160864657 1.193169710055218
1966 0.07105941950826924 1.192916608920987
1967 0.07104811923839215 1.192662825223821
1968 0.07103691580636347 1.192409090401965
1969 0.07102579740047708 1.192155238985698
1970 0.07101467944130821 1.191901522230825
1971 0.07100366865625 1.191647752220272
1972 0.07099283024100349 1.19139402930052
1973 0.0709820668469749 1.191140230363654
1974 0.07097142357361111 1.19088649109387
1975 0.07096080051271161 1.19063273875911
1976 0.07095016942007519 1.190379153343876
1977 0.07093967185851617 1.190125416586778
1978 0.07092944953482155 1.189871874196355
1979 0.07091989787718823 1.189619250521764
1980 0.07090975993514725 1.189365786309728
1981 0.07089914007168194 1.189109064142146
1982 0.0708894436872321 1.188858418288784
1983 0.07087960273354994 1.188605463537014
1984 0.07086939214172445 1.188348898101623
1985 0.07086007520293752 1.188098339388088
1986 0.07085068143504475 1.187845424629838
1987 0.07084068619020546 1.187588927392537
1988 0.07083152369016557 1.187338472413134
1989 0.07082226798240668 1.187085668933603
1990 0.07081260170540035 1.18682934054041
1991 0.07080401935573433 1.186579103226204
1992 0.07079513907427654 1.186326528708118
1993 0.07078616438445534 1.186073357985901
1994 0.07077721226474948 1.185820245431218
1995 0.07076688887245303 1.185563378078928
1996 0.07075836551974916 1.185310576223101
1997 0.07075003742315666 1.185058247641483
1998 0.0707416799734836 1.184806025298048
1999 0.07073342114205076 1.18455376979984
2000 0.0707251430824096 1.184301514736373
2001 0.07071695028224755 1.184049297331985
2002 0.07070878999087181 1.183797111202418
2003 0.07070077055630278 1.183545058841599
2004 0.070692974478267 1.183293087339897
2005 0.07068508995130283 1.183041115469936
2006 0.07067727864082048 1.182789052727245
2007 0.07066956903095754 1.182537059009588
2008 0.07066189639688088 1.182285108566342
2009 0.07065470541034168 1.182036322874666
2010 0.0706466067726538 1.181781117863903
2011 0.07063991116908142 1.181532687271241
2012 0.07063229108257327 1.181278285606984
2013 0.07062538443891611 1.181029524687193
2014 0.07061755592361774 1.180774466942521
2015 0.07061095965204078 1.180526383732608
2016 0.07060406744566068 1.180276541366768
2017 0.07059684421402039 1.180023615773973
2018 0.07059084846614895 1.179772397151578
2019 0.07058262333864401 1.179514257536975
2020 0.0705765727550005 1.179270920843329
2021 0.0705698785904194 1.179018927712296
2022 0.07056394255682645 1.178771446092403
2023 0.07055806975563723 1.17852220737425
2024 0.0705499174734117 1.178263114021148
2025 0.07054447137725968 1.178020029469388
2026 0.07053884337963036 1.177771494906062
2027 0.0705331880586007 1.177525256120475
2028 0.07052746977867461 1.177272930011038
2029 0.07051927676368974 1.177016584017087
2030 0.0705135933323076 1.176766522434518
2031 0.0705078521104152 1.176517594312185
2032 0.07050238130414709 1.176269102446883
2033 0.07049702839457371 1.17602083606823
2034 0.07049179657214069 1.175772652785004
2035 0.07048646588823504 1.175524528341264
2036 0.07048123116720267 1.17527647876805
2037 0.07047603759085798 1.175028559804187
2038 0.07047097264804442 1.17478074277826
2039 0.07046593609657739 1.174530433351525
2040 0.07046092358467779 1.174286871364041
2041 0.07045645776767696 1.174040386252634
2042 0.07045298857696534 1.173795571726025
2043 0.070446324025012 1.173538495995878
2044 0.07044182490961173 1.173296821641817
2045 0.07043747555045286 1.173051076675331
2046 0.0704339532370523 1.172805029262977
2047 0.07042862763756701 1.172557324326302
2048 0.07042497975968293 1.172311204740466
2049 0.07042004780734001 1.172062315744744
2050 0.07041574568621431 1.171816350892178
2051 0.07041148729630481 1.171570552023243
2052 0.07040736104700462 1.171325017899421
2053 0.07040414722399255 1.17108189312291
2054 0.07040003389661105 1.170834959606086
2055 0.07039697864282775 1.170595558701502
2056 0.07039380952240297 1.170349584019273
2057 0.0703880434185825 1.17009968673103
2058 0.0703858545705502 1.169861141406303
2059 0.07038249969997669 1.16961357843742
2060 0.07037699465581394 1.16936358687875
2061 0.07037435990364134 1.169120600093636
2062 0.07037200808946853 1.168882184278047
2063 0.07036962148017471 1.168639152693025
2064 0.07036498500748069 1.168391769747182
2065 0.07036310134374306 1.168154778725407
2066 0.07036040939766325 1.167910431777364
2067 0.0703557557088948 1.167660615317156
2068 0.07035393868669204 1.167421036334627
2069 0.07034972915796997 1.167176143180772
2070 0.07034714784261176 1.166934871615425
2071 0.07034597613183949 1.166696874067384
2072 0.07034209512075103 1.16645251693445
2073 0.07034015731198499 1.16621266563088
2074 0.07033933392625663 1.165975109598996
2075 0.07033570008653289 1.165731451195806
2076 0.07033355241006077 1.16549117558243
2077 0.0703327402949681 1.165253961705362
2078 0.07032926740796785 1.165010869239408
2079 0.07032732996669049 1.164771313797756
2080 0.07032686112142368 1.164534790278119
2081 0.07032365877708377 1.16429233715079
2082 0.07032192430321639 1.164053298487799
2083 0.07032155329648201 1.163817338359806
2084 0.07031849816042483 1.163575549413648
2085 0.07031688297714861 1.163337303641982
2086 0.07031674094468057 1.163102164142382
2087 0.07031399881533111 1.162861168267834
2088 0.07031272829120015 1.162623635809825
2089 0.07031150685062046 1.162386105409062
2090 0.07031038317712637 1.16214908417741
2091 0.07030932709311058 1.161912471743037
2092 0.07030826427950015 1.161676089713073
2093 0.07030727628049933 1.161440010004408
2094 0.07030620539368253 1.161201637483419
2095 0.07030549558497803 1.160968074208294
2096 0.07030485616663244 1.160732935341177
2097 0.07030390224901158 1.160495297556688
2098 0.07030342871520505 1.160262433675472
2099 0.07030411246760389 1.160030478600767
2100 0.07030209235295025 1.159793230665005
2101 0.07030173135589614 1.159558868111555
2102 0.07030151791012725 1.159325078392081
2103 0.07030132428427201 1.159091471159539
2104 0.07030105262724604 1.158857862216264
2105 0.07030094122487482 1.158625331676755
2106 0.07030199350227007 1.158395435688194
2107 0.07030039359236545 1.158159402193748
2108 0.07030054690349258 1.157927211215344
2109 0.0703008212215574 1.157695508121579
2110 0.07030106823864841 1.157463919600138
2111 0.07030257988945773 1.157235724691538
2112 0.07030135354422139 1.157001083278569
2113 0.0703017000847258 1.156770446206263
2114 0.07030361384851241 1.156543523481799
2115 0.07030262526611489 1.156309447763946
2116 0.07030329572571509 1.156079732686056
2117 0.0703054073066213 1.155853898179057
2118 0.07030268356348715 1.155616921256235
2119 0.0703043132944708 1.155389231959191
2120 0.07030536656877648 1.155161691729716
2121 0.07030651756030237 1.154933782506693
2122 0.07030951219468158 1.154711020861295
2123 0.07030871416933313 1.154477757540149
2124 0.07030996092145712 1.154250781063674
2125 0.07031326658521533 1.154029697144691
2126 0.0703123041502519 1.153796568617845
2127 0.07031394846546708 1.153572761217237
2128 0.07031805645184548 1.153355920310629
2129 0.07031720585931993 1.153120082260875
2130 0.07032102733451856 1.15290377084207
2131 0.07032007061900195 1.152667786197775
2132 0.07032399842179556 1.152452582755165
2133 0.07032304589425761 1.152216958203906
2134 0.07032703420250491 1.152002879697741
2135 0.07032629849777726 1.151767860021807
2136 0.07032824366574644 1.151545098136611
2137 0.07033268630108741 1.151331385284882
2138 0.07033246959141107 1.151099429156116
2139 0.0703367221217279 1.150886053441857
2140 0.07033631484141445 1.150653952251613
2141 0.07034082138536438 1.150441660102278
2142 0.07034081640869354 1.150210032289089
2143 0.07034589681350696 1.149999571619622
2144 0.07034772239153934 1.149775363275171
2145 0.07034982355860137 1.149554345370738
2146 0.07035206697584921 1.149333645358257
2147 0.07035256602132307 1.149105727835263
2148 0.07035782509588927 1.148897662882984
2149 0.07036114989626646 1.148680918997928
2150 0.07036286763811006 1.148455772372336
2151 0.07036333597130622 1.148227933402861
2152 0.07036855903510589 1.148022083729373
2153 0.07036908498862471 1.147792471944272
2154 0.07037468519494686 1.147587370655414
2155 0.07037521714005475 1.147358126742194
2156 0.07038060122177256 1.147153062027764
2157 0.07038127310589361 1.146924257016128
2158 0.07038723811068182 1.146721008940384
2159 0.07038810178262911 1.146493383486243
2160 0.07039391490746191 1.146290806416253
2161 0.07039492220553113 1.146063664273026
2162 0.07040110310718893 1.145861938417636
2163 0.07040222004867379 1.145635395789
2164 0.07040844037456867 1.14543401036043
2165 0.07040941941203928 1.145208075831186
2166 0.07041551401588934 1.145007334708761
2167 0.07041589834178368 1.144781167261118
2168 0.07042293988094155 1.144581352237353
2169 0.07042409666743633 1.144356910016825
2170 0.07043095008212683 1.144157818668333
2171 0.07043199977924296 1.143934116278527
2172 0.07043888846519486 1.143735513972388
2173 0.07044018660301611 1.14351473660198
2174 0.07044741465435236 1.143314801888655
2175 0.07045077570907582 1.143100911060025
2176 0.07045214052984147 1.142885772784664
2177 0.07045683283891192 1.142675971615702
2178 0.07046488473669837 1.142477195395659
2179 0.0704657240566679 1.142256345059993
2180 0.07047331816414774 1.142060366103668
2181 0.07047449808509834 1.141841064566335
2182 0.07048239001958258 1.141646116997036
2183 0.0704837319392885 1.141426725476895
2184 0.07049178364178861 1.141232737893051
2185 0.07049317836656788 1.141013933640837
2186 0.07050141502750411 1.14082101518025
2187 0.07050591231243326 1.140616891946027
2188 0.07051086846035433 1.140408873697842
2189 0.07051294249755012 1.140190591038155
2190 0.07051976335727782 1.139997317867097
2191 0.07052447542866817 1.139793995506119
2192 0.07052921929594333 1.139588295918414
2193 0.07053434256590421 1.139384676812476
2194 0.07053990193681982 1.13918398221157
2195 0.07054466521888871 1.13897940344101
2196 0.07054986395761294 1.138777250485483
2197 0.0705546707973484 1.138572941339378
2198 0.07056027032216144 1.138376213680506
2199 0.07056624391340298 1.13817618874567
2200 0.0705720049457421 1.137975813264379
2201 0.07057561678098735 1.137765151492853
2202 0.07058309819653781 1.137574382442915
2203 0.07058874174539394 1.137376003769566
2204 0.0705945785896763 1.13718124826487
2205 0.07060040224817166 1.136978500905867
2206 0.07060622623722076 1.136783912685106
2207 0.070612085960283 1.136583163990372
2208 0.07061670043581106 1.136382079871249
2209 0.07062314015853552 1.136187635617133
2210 0.07062928375338817 1.135992067178339
2211 0.07063544316143472 1.135796173370764
2212 0.07064164530083211 1.135601407073006
2213 0.07064786710983527 1.135406338966439
2214 0.07065081837040318 1.135198510725061
2215 0.07066001111043663 1.135016574579127
2216 0.07066378469525189 1.134812606089089
2217 0.07067325362684021 1.134630786464662
2218 0.07067716486523939 1.134427291137313
2219 0.07068654798246943 1.13424558986647
2220 0.07069358331582717 1.134057348217468
2221 0.07069715549799871 1.133852597937545
2222 0.07070636681967526 1.133671608106389
2223 0.07071353225764472 1.133483454595718
2224 0.07072040342426041 1.133292963800063
2225 0.0707270800148829 1.133102160601412
2226 0.07073063219365194 1.132898331742959
2227 0.07074000411089051 1.132720225815026
2228 0.07074726140906538 1.132534139308936
2229 0.07075132196076457 1.132331873969806
2230 0.07076098671918229 1.132155217302112
2231 0.07076863627366213 1.131971003126137
2232 0.07077588877274331 1.131784029771894
2233 0.07077938674555144 1.131582400790256
2234 0.07078926832778684 1.131406557100315
2235 0.07079694655134094 1.131223333495596
2236 0.07080445797803751 1.131037872920063
2237 0.07081183617530261 1.130852393491048
2238 0.07081918879639587 1.13066720966183
2239 0.07082659023759988 1.130482512195548
2240 0.07083398012555475 1.130298361605608
2241 0.0708413764526902 1.130114793661374
2242 0.07084890950662427 1.129931778725811
2243 0.0708566710881904 1.129749231460024
2244 0.07086444431114286 1.12956711239707
2245 0.07087225895403053 1.129389329351654
2246 0.07088035923469628 1.129207460186149
2247 0.07088823302263846 1.129024511450789
2248 0.07089580892779554 1.128842282070036
2249 0.07090335260777698 1.128661757496227
2250 0.07091109206135211 1.128482270755522
2251 0.07091901095379458 1.128303356379184
2252 0.07092778136047286 1.128126123498918
2253 0.07093571363981149 1.127948109786785
2254 0.07094365912789802 1.12777017373081
2255 0.07095161367119336 1.127592665702159
2256 0.07095965852518241 1.127415912467555
2257 0.07096814849284534 1.127240377234138
2258 0.07097663611592055 1.12706520084409
2259 0.0709850868511834 1.126890423899703
2260 0.07099357287213542 1.126715876525455
2261 0.07100176937343909 1.126536941121623
2262 0.07100999882114663 1.12636319774772
2263 0.07101861425715678 1.126192887428959
2264 0.07102718000342124 1.126015992288351
2265 0.07103567958605519 1.125843043755328
2266 0.0710441676382868 1.12566998153078
2267 0.07105285703731469 1.125498537389783
2268 0.07106170948568637 1.125326909248892
2269 0.07107066529672335 1.125156476173411
2270 0.07107950435408693 1.124985945627952
2271 0.07108800254174573 1.124815579945972
2272 0.07109482348244735 1.124637704475405
2273 0.07110610275084703 1.124479494128206
2274 0.07111606449327018 1.124313468115304
2275 0.07112294721413003 1.124130181051096
2276 0.07113360918168188 1.123970963077651
2277 0.07114296841122181 1.123805529287254
2278 0.07115245353356252 1.123639535039229
2279 0.0711618445882968 1.123472970557164
2280 0.07117113208464791 1.123307096091076
2281 0.07118044338861583 1.123141173601087
2282 0.07118974093994943 1.12297593216811
2283 0.07119909221053711 1.122810923422671
2284 0.07120869171004814 1.122646592475798
2285 0.07121813377149076 1.122482600855022
2286 0.07122768033462636 1.122319249770184
2287 0.07123727115276557 1.122156278638059
2288 0.07124698274019163 1.121994058764818
2289 0.07125674416303231 1.121832286818503
2290 0.07126652223081513 1.121670903352654
2291 0.07127644882141346 1.121513255396777
2292 0.07128646142657248 1.121351731645811
2293 0.07129625470889737 1.121189183693271
2294 0.071305882673458 1.121027849041253
2295 0.07131539800416266 1.120868069679577
2296 0.0713249839419425 1.120709044872706
2297 0.07133464312646445 1.12055021930462
2298 0.07134463166221923 1.120392162953447
2299 0.07135467928793703 1.120234652046015
2300 0.07136471804828606 1.120077674900994
2301 0.07137584518756224 1.119922650684823
2302 0.07138574139009138 1.119766640242374
2303 0.07139567901397004 1.119611059431391
2304 0.07140582034585034 1.119456115800886
2305 0.07141618319847752 1.119301803904081
2306 0.07142649735304282 1.119147929531357
2307 0.07143684481213139 1.118994312404996
2308 0.07144725728707214 1.118840872896832
2309 0.07145741597770712 1.118683766702986
2310 0.07146781139608473 1.118535179387864
2311 0.07147794582158318 1.118379170026793
2312 0.07148840940005864 1.118230133870813
2313 0.07149897887317617 1.118075757657887
2314 0.07150970658420441 1.117928651497119
2315 0.07152036765791117 1.117775365124069
2316 0.07152826562671319 1.117616971979109
2317 0.07154134154492144 1.117478968568526
2318 0.07155012637309813 1.117322079637104
2319 0.07156323804290972 1.11717970302074
2320 0.07157486803069316 1.117034516822188
2321 0.07158577936393243 1.116887866174058
2322 0.07159664020912629 1.116741010391744
2323 0.07160754027175591 1.116594662448059
2324 0.0716186116685993 1.116448325002455
2325 0.071629372087837 1.116302592876578
2326 0.07163786442113849 1.116149770264753
2327 0.07165116240356535 1.116014485747071
2328 0.071660352318188 1.115861558093047
2329 0.07167370883605752 1.115726727303788
2330 0.07168159225264929 1.115570400483694
2331 0.07169525723772038 1.115434711899769
2332 0.07170670878699691 1.115294758379795
2333 0.07171799332754364 1.115153432110545
2334 0.07172912531941915 1.115011251101374
2335 0.07174065350061709 1.114870611076124
2336 0.07175215906228677 1.114730409182836
2337 0.07176359794550717 1.114590680643379
2338 0.07177508593467487 1.11445143987844
2339 0.07178703676193181 1.11431424039847
2340 0.07179572765496998 1.11416836000132
2341 0.0718104583418633 1.114040046302198
2342 0.07181952863631583 1.113893365729149
2343 0.07183404205480778 1.113764979823074
2344 0.07184521944540727 1.113625537204788
2345 0.0718547216981337 1.113482327637325
2346 0.07186910264178659 1.113355359950456
2347 0.0718807515597321 1.113219880910273
2348 0.07188998271247825 1.113074551231224
2349 0.07190436289117952 1.11295012627017
2350 0.07191683620381759 1.11281882902241
2351 0.07192589033713825 1.112674698133786
2352 0.07194055065353636 1.112550795514031
2353 0.07195196843916515 1.112416012347575
2354 0.07196181375592621 1.112277494679001
2355 0.07197668662902154 1.112155177913056
2356 0.07198942666042511 1.112026485640102
2357 0.07199857014406554 1.111884991848359
2358 0.07201336947395724 1.111763798733685
2359 0.07202298907913557 1.111625844617306
2360 0.07203780514130324 1.111505407932782
2361 0.07205070266495157 1.111378997365762
2362 0.07206010014145615 1.111240158550846
2363 0.07207546753427335 1.111122364293006
2364 0.07208558656484895 1.110987122997151
2365 0.07210028789093813 1.110868554887721
2366 0.07211311002747134 1.110744399208218
2367 0.07212292583215159 1.110608201433046
2368 0.0721377832657745 1.110491197748581
2369 0.0721480620838208 1.110358329213094
2370 0.07216299306029569 1.110242027317403
2371 0.07217603382609149 1.110120272482587
2372 0.07218595688110324 1.109986821071586
2373 0.07220106382868441 1.109872167283988
2374 0.07221129888965 1.109741332204368
2375 0.07222647809983904 1.109627756537956
2376 0.07223982391228843 1.109508435053271
2377 0.07225006319151317 1.109377188841124
2378 0.07226517427257798 1.109265297622939
2379 0.07227600206867801 1.109137348974136
2380 0.07229130968946372 1.109026090090552
2381 0.07230480038976897 1.108909132625649
2382 0.07231529314041674 1.108780483269616
2383 0.07233056786656972 1.108670761954193
2384 0.07234144713828945 1.108545441779785
2385 0.07235688572726429 1.108436317665757
2386 0.07237051087906424 1.108321687170797
2387 0.07238123973953903 1.108195727499034
2388 0.07239669223014154 1.108088050544363
2389 0.0724103295654125 1.107974693834379
2390 0.07242098824629636 1.107850317205997
2391 0.07243644546341271 1.107743620480483
2392 0.07245028658070171 1.107631690254248
2393 0.07246377953812697 1.10751829590598
2394 0.07247712887708202 1.107404875012521
2395 0.07249038732812491 1.107291882982663
2396 0.07250370584856448 1.107179488029308
2397 0.07251645000569822 1.10706629421444
2398 0.07252829742502269 1.106947752214047
2399 0.07254351484614043 1.106844647376617
2400 0.07255610008590695 1.106729803581934
2401 0.07257147190147305 1.106626891682586
2402 0.07258384187333604 1.106512563941829
2403 0.07259933169942769 1.106410811876955
2404 0.0726116612631183 1.106297192951397
2405 0.07262697570856694 1.106196028240639
2406 0.07263950164289998 1.106083421315278
2407 0.07265506259398698 1.105983205643853
2408 0.07266766416112039 1.105871514067384
2409 0.07268327205602433 1.1057721170978
2410 0.07269573690880539 1.105661360331739
2411 0.07271111427232653 1.105562516800994
2412 0.07272534457069413 1.10545713014237
2413 0.07273723567607436 1.105347303840068
2414 0.07275330285911884 1.105251733744426
2415 0.07276760267014103 1.105150493962919
2416 0.07278018374308046 1.105039957890372
2417 0.07279575757490618 1.104944973362131
2418 0.07280867208701265 1.104837474101073
2419 0.07282436570499423 1.104743316527846
2420 0.07283733140444043 1.104636787831311
2421 0.07285159730156522 1.104539112839889
2422 0.07286812601630654 1.104445514488703
2423 0.07288291483526153 1.104348310298579
2424 0.07289743419611622 1.104250154515441
2425 0.07291175670973861 1.10415203073433
2426 0.07292630957345093 1.104053743887127
2427 0.07293914203139953 1.103949095951196
2428 0.07295490575677853 1.103858929383785
2429 0.07296820540223511 1.103758816095922
2430 0.07298425470393938 1.103668439500767
2431 0.07299745889416706 1.103569459924216
2432 0.07301358481806283 1.103479194584398
2433 0.07302867054139081 1.103386743011378
2434 0.07304351178803879 1.103293410632384
2435 0.07305816998388365 1.103200070485399
2436 0.07307125142135618 1.10310092935473
2437 0.07308729175018151 1.103014117892102
2438 0.07310242042551354 1.102924300099293
2439 0.07311740768360162 1.10283355016763
2440 0.073132428444893 1.102742829496942
2441 0.07314729711777025 1.102652374509466
2442 0.07316223406180559 1.102562409667774
2443 0.07317722412919948 1.102472958783204
2444 0.07319223058093183 1.10238406863962
2445 0.07320561210938985 1.10229038131337
2446 0.07322190662745172 1.102207095237012
2447 0.07323740653436495 1.102121787689105
2448 0.07325277679032043 1.102035623055849
2449 0.07326805323256959 1.101949368060277
2450 0.07328329156744248 1.101863560111003
2451 0.07329848020494331 1.101778225986872
2452 0.07331218479765679 1.101688332834861
2453 0.07332879279957845 1.101608252791186
2454 0.07334454346703201 1.101526270544027
2455 0.07336004486205698 1.101443462730465
2456 0.07337547543026679 1.101360696083295
2457 0.07339092541027377 1.101278259722923
2458 0.07340642702286283 1.101196382743802
2459 0.07342187163659511 1.101114976747766
2460 0.07343726908140887 1.101034080003527
2461 0.07345140687654103 1.10094879105605
2462 0.07346827812813353 1.100872814602421
2463 0.0734841824350171 1.100795099065657
2464 0.07349998787897889 1.100716613855569
2465 0.07351566169747493 1.100638249244847
2466 0.0735312612661317 1.100560253212885
2467 0.07354702890474518 1.100482782607265
2468 0.0735628721020697 1.100405747220645
2469 0.07357724768808496 1.100324458102663
2470 0.07359423114207275 1.100251988721929
2471 0.07361026315984742 1.100177999200691
2472 0.07362607002045078 1.100103199134911
2473 0.07364200741378846 1.100028723440422
2474 0.07365797469675603 1.099954603657884
2475 0.07367398271240691 1.099880905437856
2476 0.07368996097815021 1.09980767182829
2477 0.07370594016493735 1.099734931485724
2478 0.07372199908247386 1.099662732815892
2479 0.07373806546868528 1.099591041505876
2480 0.07375287595207779 1.099515796481902
2481 0.07376991551386025 1.099448365654662
2482 0.07378630221601622 1.099379606534503
2483 0.07380268297094726 1.099310289862873
2484 0.07381906724138385 1.099241142859113
2485 0.07383532916828868 1.09917226629869
2486 0.07385039545371189 1.099099719587253
2487 0.0738674677855785 1.099034577052157
2488 0.07388378676922674 1.098968315794235
2489 0.07390027761149186 1.09890164770921
2490 0.07391679461400726 1.098835330800325
2491 0.07393329485001936 1.09876934418589
2492 0.0739496519958049 1.098703724854535
2493 0.07396607441190026 1.098638552650476
2494 0.07398227307139303 1.098575679954129
2495 0.0739991023881463 1.098510708786837
2496 0.07401571156445995 1.098446637309311
2497 0.07403224837210701 1.098383242296803
2498 0.07404856449840611 1.098322287434511
2499 0.07406566477009489 1.09825885969667
2500 0.07408198522534369 1.098198512791519
2501 0.07409904699561734 1.098135888929884
2502 0.07411532064886139 1.098076513453438
2503 0.07413253619378124 1.098014961422286
2504 0.07414902979273705 1.097956577524905
2505 0.07416592454592257 1.097897965707799
2506 0.07418296373014625 1.097839279415105
2507 0.07419993720538315 1.097781053402692
2508 0.07421683429428814 1.097723259193998
2509 0.07423389221556635 1.097665957526315
2510 0.07425086151821222 1.097609111950554
2511 0.07426788709917372 1.097552782142385
2512 0.07428495438642828 1.097496960648227
2513 0.07430205523001862 1.097441703239778
2514 0.07431913979740917 1.097386963195568
2515 0.07433615246867821 1.09733274783617
2516 0.07435334062951138 1.097278990369539
2517 0.07437064230389739 1.097225724227851
2518 0.07438765090129579 1.097172558486305
2519 0.07440493549424514 1.097120194461196
2520 0.07442216584691645 1.097068442250622
2521 0.07443943299862452 1.097017230866033
2522 0.07445677303411864 1.096966579235326
2523 0.07447471469541686 1.096914828529074
2524 0.07449159691566933 1.096866145494041
2525 0.07450892134985576 1.096817000024085
2526 0.07452654341530521 1.096768135170487
2527 0.0745441943720664 1.096719859656076
2528 0.07456179829466497 1.096672021302137
2529 0.07457938975052654 1.096624717895295
2530 0.07459706858237319 1.096577786132872
2531 0.0746147392371449 1.096531486944153
2532 0.07463245924396451 1.096485461828823
2533 0.07465030399338962 1.09644006893742
2534 0.0746680930090006 1.09639520016512
2535 0.0746858029114348 1.096350868361934
2536 0.07470355354347497 1.096307015440655
2537 0.07472117817874464 1.096265560549126
2538 0.0747396748568161 1.096222655886994
2539 0.07475795727278232 1.096179646719259
2540 0.0747758263328437 1.096136695845722
2541 0.07479292727728878 1.096095727826088
2542 0.07481126719123593 1.096052469156207
2543 0.07482923291060237 1.096009830460178
2544 0.07484600154531851 1.095970685137402
2545 0.07486416633364545 1.095929678252671
2546 0.07488182920139579 1.095889869665478
2547 0.07489905980775795 1.095852555584202
2548 0.07491805308883745 1.095812105464665
2549 0.07493568176393826 1.095774269170885
2550 0.0749533034304581 1.095737414264042
2551 0.07497133987793753 1.09570052252677
2552 0.07498950076401524 1.095663763830568
2553 0.07500768683258265 1.095627077926544
2554 0.0750258138672117 1.095591226233424
2555 0.07504379322138689 1.095555941880645
2556 0.07506194904364363 1.09552111859279
2557 0.07508067724623407 1.09548548934311
2558 0.07509845016936177 1.095451787148775
2559 0.07511677226408783 1.095418190794114
2560 0.07513482479586038 1.095385488090931
2561 0.07515309578674879 1.095353123490751
2562 0.07517123850386988 1.095321259875957
2563 0.0751897260975503 1.095289724093762
2564 0.07520812901530856 1.095258665764568
2565 0.07522648141078236 1.095228048740459
2566 0.07524481775113151 1.095197993264132
2567 0.07526334830416224 1.095168506243431
2568 0.07527979329431157 1.09513434290445
2569 0.07529965907628169 1.095108817188947
2570 0.07531843498441926 1.095081649099858
2571 0.07533587563456588 1.095050371050799
2572 0.0753554064309653 1.095026278298812
2573 0.07537420427779598 1.095000479783689
2574 0.0753918821673295 1.094970790979392
2575 0.07541141961880514 1.094948020706595
2576 0.07543001910224939 1.094923520518829
2577 0.07544968985678062 1.094901479102232
2578 0.07546767606761529 1.094874241405498
2579 0.0754869769736584 1.094851816590876
2580 0.07550560475219113 1.094828383256436
2581 0.07552414948186209 1.094804908246178
2582 0.07554164983360656 1.094779337667139
2583 0.07556127484297752 1.094758528140461
2584 0.07558018187363674 1.094737044529531
2585 0.07559901952549863 1.094715642076799
2586 0.07561696093339111 1.094693667943734
2587 0.07563674691898346 1.094674764682735
2588 0.07565586527265017 1.094655762909932
2589 0.0756735584610376 1.094633851661191
2590 0.0756923817772473 1.094613453627255
2591 0.07571112777011903 1.094594776510494
2592 0.07573013726340877 1.094576832296441
2593 0.07574929340566601 1.09455949103613
2594 0.07576847854688039 1.094542553899388
2595 0.07578761592411253 1.094526192592459
2596 0.07580660664297978 1.094510193666453
2597 0.07582574398100156 1.094494676951502
2598 0.07584550133031767 1.094480852358711
2599 0.07586472081605143 1.094466071761307
2600 0.07588392763218541 1.094451743421528
2601 0.07590308603152408 1.094437834134855
2602 0.07592215929496564 1.094424164463395
2603 0.0759412965369593 1.094411133688969
2604 0.07596001149953607 1.094397518043749
2605 0.0759792674892541 1.094386611329192
2606 0.07599952059746395 1.094375131849129
2607 0.07601884870623804 1.094363994938074
2608 0.07603762693519785 1.0943522904287
2609 0.07605681798316161 1.094342946675359
2610 0.0760763097285064 1.094333879876404
2611 0.07609669992974556 1.094324543286239
2612 0.07611559699680234 1.094314781649759
2613 0.07613548596393785 1.094306749010209
2614 0.0761543036642976 1.094299556879765
2615 0.07617398851225174 1.09429260714889
2616 0.07619384185446702 1.094285949719538
2617 0.07621373866043359 1.094278449114994
2618 0.07623294751828787 1.09427280657307
2619 0.07625332708518529 1.094267319604612
2620 0.07627214935603092 1.09426256375789
2621 0.07629192403435532 1.094258191899568
2622 0.07631181356214345 1.094254224660303
2623 0.07633200849026779 1.094249955418553
2624 0.07635137915138569 1.094246942249847
2625 0.07637187525094644 1.094244363819022
2626 0.07639089283289648 1.094242365668761
2627 0.07641150344803221 1.094240657630654
2628 0.07643092984316113 1.094238798661747
2629 0.07645043570349624 1.09423795324604
2630 0.07647104600507089 1.094237910776309
2631 0.07649102192906429 1.094238250559901
2632 0.07651100829018773 1.094238847765024
2633 0.07653092941052674 1.094239911240976
2634 0.07655060585119114 1.09424048742129
2635 0.07657056668851474 1.09424230345634
2636 0.07659072767216815 1.094244890104668
2637 0.07661156493402579 1.094249691674077
2638 0.07663175223751714 1.094253504803853
2639 0.0766513350023863 1.09425735579273
2640 0.07667236494752083 1.094261617521107
2641 0.07669191726584022 1.094266078486469
2642 0.07671217309502501 1.094271080955381
2643 0.07673330023248369 1.09427658986492
2644 0.07675262006331417 1.094282157404953
2645 0.07677262721152188 1.094288324421951
2646 0.0767930657989568 1.094294988285464
2647 0.07681343522821915 1.094302088972199
2648 0.07683390519296047 1.094310163149904
2649 0.07685426571930713 1.094318234823561
2650 0.07687453427903324 1.094326670938639
2651 0.07689479593675247 1.094335626513452
2652 0.07691539059084179 1.094345331012591
2653 0.07693593829074223 1.094355435057635
2654 0.07695626062177795 1.094365527105907
2655 0.07697668577966292 1.094376406975226
2656 0.07699722322958336 1.094387815113847
2657 0.07701777408830547 1.094399688485337
2658 0.07703818958769178 1.094411831558463
2659 0.0770586894152025 1.094424584489156
2660 0.07707935007334651 1.094437759960631
2661 0.0771000464279127 1.094451479088101
2662 0.07712077252181945 1.094465661806545
2663 0.07714148419380838 1.094480285167043
2664 0.07716217799696197 1.094495333087733
2665 0.07718277478196479 1.094510870265526
2666 0.07720348053684638 1.094526843004925
2667 0.07722439861348622 1.094543266354502
2668 0.0772452627306018 1.094560153524971
2669 0.07726609855709 1.094577451892851
2670 0.07728690965032779 1.094595168384259
2671 0.07730775915714744 1.094613318148592
2672 0.07732918625179272 1.094633359667589
2673 0.07735012120864286 1.094652727420661
2674 0.07737109850670008 1.094672134165865
2675 0.07739192854615971 1.094691890473519
2676 0.07741281997240362 1.094712056570148
2677 0.07743374397221554 1.094732675580871
2678 0.07745440949877257 1.094752421360705
2679 0.0774752803687261 1.094773997108783
2680 0.07749613578502017 1.094796028483328
2681 0.07751731779877792 1.094818759995364
2682 0.07753848721402841 1.09484200716008
2683 0.07755971718919674 1.094865709825331
2684 0.07758094267739543 1.094889813376044
2685 0.07760205291439809 1.094914348660107
2686 0.07762319881917457 1.094939367299532
2687 0.07764437790669126 1.094964848122972
2688 0.07766578167247862 1.094990772391397
2689 0.07768717228673615 1.095017115884888
2690 0.07770842803605886 1.09504386507615
2691 0.07772973211959953 1.095071033517276
2692 0.07775103625045207 1.095098682167374
2693 0.07777237436458581 1.09512684906583
2694 0.07779391359008708 1.095155438487268
2695 0.07781530213372413 1.095184433383776
2696 0.0778367059121869 1.095213820676282
2697 0.0778575473098385 1.095242416784685
2698 0.07787897619018197 1.095272531294424
2699 0.07790055792600442 1.095303449123803
2700 0.07792222621899755 1.095334915284066
2701 0.07794390959876207 1.095366828101585
2702 0.07796554241737534 1.095399038167025
2703 0.07798716064730271 1.095431608281307
2704 0.07800875938784765 1.095464589361348
2705 0.07803026713404658 1.095498071141002
2706 0.07805210776165418 1.095532135680696
2707 0.07807378978351731 1.095567142077032
2708 0.07809549928279834 1.095601788810711
2709 0.07811724483038693 1.095636716388307
2710 0.07813888899437324 1.095672070686246
2711 0.07816020374529994 1.095706727921053
2712 0.07818186230163937 1.095742993177915
2713 0.0782038255238572 1.095780001966905
2714 0.07822575585422843 1.095817509497953
2715 0.07824761392639594 1.095855415575517
2716 0.07826944880113368 1.09589369533341
2717 0.0782913167337355 1.095932373330617
2718 0.07831316615496184 1.095971541668529
2719 0.07833506158258287 1.096011189569534
2720 0.0783570798042648 1.0960512075664
2721 0.07837902685165576 1.096091622605395
2722 0.07840100113030313 1.096132426217376
2723 0.07842298614044789 1.096173668136721
2724 0.0784449860994231 1.096215397488931
2725 0.07846692036840917 1.096257597583559
2726 0.07848900731633192 1.096300199308634
2727 0.07851110611927783 1.096343204308578
2728 0.07853320633755782 1.096386623743136
2729 0.07855533175733076 1.096430472680256
2730 0.07857737572066296 1.09647480867247
2731 0.07859940657474143 1.096519591383208
2732 0.07862166653700466 1.096564781825103
2733 0.07864389711532591 1.096610409434027
2734 0.07866615628938108 1.096656448154705
2735 0.07868836069122824 1.09670290612223
2736 0.07871049288810153 1.096749681501109
2737 0.07873265588673557 1.096797037006714
2738 0.0787548913798157 1.096844851784333
2739 0.07877733867656812 1.09689309231429
2740 0.0787996900299695 1.096941778163057
2741 0.07882185128894514 1.096990483209922
2742 0.07884417578413855 1.097039829905269
2743 0.07886657601763718 1.09708972993171
2744 0.07888896910404053 1.097140159725448
2745 0.07891132611192139 1.097191075290384
2746 0.07893391050994693 1.097242403409288
2747 0.07895642740169938 1.097294156210848
2748 0.07897896786560982 1.0973463094166
2749 0.07900149941666623 1.097398835631272
2750 0.0790239617052749 1.097451810125941
2751 0.07904645450772721 1.097505222298869
2752 0.07906908558960923 1.097559029529939
2753 0.07909172584104657 1.097613231556111
2754 0.07911434015354966 1.097667785345883
2755 0.07913688801810416 1.097722745396654
2756 0.07915961742650281 1.097778505858195
2757 0.07918221566302824 1.097834537550887
2758 0.07920497457054902 1.097890850021253
2759 0.07922766448956983 1.097947492983991
2760 0.07925028613668539 1.09800444409001
2761 0.07927297447414788 1.098061861845713
2762 0.07929564708581467 1.098119800570042
2763 0.07931834930027841 1.09817828097717
2764 0.07934117318496428 1.098237190604633
2765 0.07936399579245301 1.098296486248816
2766 0.07938682107035423 1.098356166027036
2767 0.0794096572574233 1.09841622146938
2768 0.07943249589746641 1.098476699618055
2769 0.0794553464937266 1.098537668063411
2770 0.07947813615113465 1.098599147656555
2771 0.07950174024081276 1.098663209253951
2772 0.07952480787471768 1.098725472135296
2773 0.07954761649556855 1.098787732946206
2774 0.07957040802161232 1.098850281317851
2775 0.07959206761215347 1.098910383546932
2776 0.07961581080333512 1.098975759337236
2777 0.0796390430470329 1.099040866950247
2778 0.07966206162264411 1.099106016844397
2779 0.07968520003573451 1.099171316714477
2780 0.07970818780099272 1.099236881049076
2781 0.07973124068917714 1.099304214691215
2782 0.0797533084166677 1.099366057546324
2783 0.07977719997850689 1.099434465044789
2784 0.0797992563778353 1.099499069997991
2785 0.07982361862386744 1.099570433185919
2786 0.07984730551683339 1.099639932728083
2787 0.07986942735850852 1.099705440022384
2788 0.07989364124099209 1.099776861504806
2789 0.07991585303391095 1.099843442554698
2790 0.07994025849487046 1.099916596641138
2791 0.07996242565630148 1.099984126185542
2792 0.07998532010932506 1.100053365509074
2793 0.08001048317524825 1.100129080957986
2794 0.08003282429998236 1.100197939845754
2795 0.08005554641519744 1.100268109740346
2796 0.08008048900773367 1.100344879485178
2797 0.08010281138207559 1.100414725397283
2798 0.08012557809684114 1.100486022333645
2799 0.08015054519803856 1.100564130973789
2800 0.0801729412404889 1.100635178949181
2801 0.08019721128724897 1.100711955138702
2802 0.08021950741286139 1.100783286389939
2803 0.08024416241771733 1.100861542756614
2804 0.08026788038253717 1.100937921902874
2805 0.08028987189555867 1.101010075677383
2806 0.08031395340244074 1.101088378474369
2807 0.08033779999943697 1.101165855479602
2808 0.08036145932441695 1.101243168092631
2809 0.08038497663760164 1.101320544531426
2810 0.08040830850621174 1.101398142149024
2811 0.08043166180904865 1.101476089362244
2812 0.08045506229209892 1.101554545422089
2813 0.08047868908424254 1.10163356352476
2814 0.08050244525823283 1.101713081485535
2815 0.08052597415145954 1.10179304794572
2816 0.080549591915267 1.101873390272086
2817 0.08057243169768928 1.101952905365186
2818 0.08059510560342684 1.10202897032036
2819 0.08062024785222636 1.102114600042193
2820 0.08064306034075693 1.102194358658774
2821 0.08066798397845211 1.102280370363347
2822 0.08069225370547069 1.102365019376097
2823 0.08071554829470753 1.10244800782182
2824 0.08073872274121924 1.102527920476347
2825 0.08076370460971492 1.102615901701031
2826 0.08078639526498622 1.10269738450309
2827 0.0808096600900928 1.102780676236747
2828 0.08083550984706525 1.102871935299888
2829 0.08085919583017871 1.102958247737628
2830 0.08088223602340877 1.103040386958838
2831 0.08090570666164464 1.103125469093141
2832 0.08092953481295573 1.103212133468309
2833 0.08095371725081445 1.103300394880286
2834 0.08097791714298569 1.103388799882343
2835 0.08100211005033019 1.103477704373951
2836 0.0810261487238708 1.10356662455852
2837 0.08105020950966706 1.103655825611371
2838 0.08107431407395564 1.103745306370833
2839 0.08109849169480005 1.103835313126098
2840 0.08112250539055771 1.103925692951979
2841 0.08114633539945489 1.104016362405221
2842 0.0811704105940055 1.10410713529704
2843 0.08119610455333667 1.104203779904067
2844 0.0812190727445232 1.104291673856725
2845 0.08124402521685442 1.104386681913414
2846 0.08126823885340856 1.10447978476799
2847 0.08129068108508541 1.104567575429065
2848 0.0813153304075506 1.104662827602809
2849 0.08133976207503323 1.104756985720768
2850 0.08136382563988083 1.104850711870223
2851 0.08138778228738368 1.104944554414176
2852 0.08141110128325738 1.105037608980565
2853 0.08143415741044233 1.105127199047195
2854 0.08145969519042716 1.105227151885239
2855 0.08148307489887294 1.105320202379529
2856 0.08150866374135592 1.105421474795133
2857 0.08153371236339796 1.105522199640885
2858 0.08155683919976403 1.105613767859871
2859 0.08158044833936193 1.105708462527121
2860 0.08160471330431367 1.105806342839794
2861 0.08163079867805567 1.105911201397634
2862 0.08165590981929033 1.106013798349358
2863 0.08167914256441371 1.10610742250362
2864 0.08170420464395271 1.106209008877851
2865 0.08172736952651767 1.106304849073638
2866 0.0817512824515924 1.106403663780528
2867 0.08177571122684148 1.106504733870679
2868 0.08180046295165773 1.106606720556279
2869 0.08182699700953774 1.106715080292545
2870 0.0818505953476979 1.10681395212483
2871 0.08187460023568885 1.106914465191773
2872 0.08189909649295798 1.107017255894964
2873 0.0819253687600832 1.107126575327332
2874 0.08194889958438892 1.10722667764257
2875 0.08197445285566385 1.107334429937561
2876 0.08199962720993723 1.107440087402539
2877 0.08202408692350313 1.107544732593522
2878 0.08204846748245391 1.107649183246913
2879 0.08207286970862761 1.107753861452152
2880 0.0820972177009348 1.10785894725279
2881 0.08212154377857241 1.107964528998404
2882 0.08214588844234848 1.108070580520585
2883 0.08216996962258767 1.108175971531767
2884 0.082194975173879 1.108282965806359
2885 0.08221967707052981 1.108390867466474
2886 0.08224450562404896 1.108499591082584
2887 0.08226931473955339 1.108608734912742
2888 0.08229359524248947 1.108717171006448
2889 0.08231731495974087 1.108821400044087
2890 0.08234351675473071 1.108936364095059
2891 0.08236758264269002 1.109043611196625
2892 0.08239349073190637 1.109158465574191
2893 0.08241740947160338 1.109265853893518
2894 0.08244357581136065 1.109382278127899
2895 0.08246838202767705 1.109495239196733
2896 0.08249364663070514 1.10960674856308
2897 0.08251851746014403 1.109719310702906
2898 0.08254422222249876 1.109835491572177
2899 0.08256868536117655 1.109946893822418
2900 0.0825932589377486 1.110059559859423
2901 0.08261674467843137 1.110167985213922
2902 0.08264082028359418 1.110279249436924
2903 0.08266752974815111 1.110401298651774
2904 0.08269318002783561 1.110518726457234
2905 0.08271926682265515 1.110638423007942
2906 0.08274350465801622 1.110751447328536
2907 0.08276800091481275 1.110865889340759
2908 0.08279364410505388 1.11098485535148
2909 0.08281815420316693 1.111100036882753
2910 0.08284266365459007 1.111215856492714
2911 0.08286765764172152 1.111333302203885
2912 0.08289347345828127 1.111453985088017
2913 0.08291817828371455 1.111571042199969
2914 0.08294303654436214 1.111688911785594
2915 0.08296814880568376 1.11180826205981
2916 0.08299411827567212 1.111930996702803
2917 0.08301899094338676 1.112050203753098
2918 0.08304394993897365 1.112169821842092
2919 0.08306916435344829 1.112290639654348
2920 0.08309518549669845 1.112414743167994
2921 0.08311994599386334 1.1125348271647
2922 0.08314489748689932 1.11265586170866
2923 0.0831688313566797 1.112772954793311
2924 0.08319483833950737 1.11289918572224
2925 0.08322065488910617 1.113024399657545
2926 0.08324628419773063 1.113149308389256
2927 0.08327186286682028 1.113274106538924
2928 0.08329737185715003 1.113398917551244
2929 0.08332274587259714 1.113523839275977
2930 0.08334669981995391 1.113643388441821
2931 0.08337271040395539 1.113772156048877
2932 0.083398671689175 1.113899972867173
2933 0.08342449697834622 1.114027568282026
2934 0.08345009444807974 1.114154764764036
2935 0.08347423433508476 1.114276209111806
2936 0.08350032766779085 1.114406744600382
2937 0.08352593604164146 1.114535504535138
2938 0.08355166120768653 1.114664693630341
2939 0.08357734381024662 1.114793729173239
2940 0.08360285470009138 1.114922733769949
2941 0.08362826042644818 1.11505171766774
2942 0.08365367105885238 1.115180988824204
2943 0.08367858387850306 1.115309460999445
2944 0.08370404570897429 1.115439707476875
2945 0.08372955270379591 1.115570555441828
2946 0.08375525861514664 1.115701799453534
2947 0.08378092066324025 1.11583343432533
2948 0.08380664959710406 1.11596539086167
2949 0.08383242876611376 1.116097785063605
2950 0.08385799142404883 1.116230344453657
2951 0.08388373122624043 1.116364231060962
2952 0.08390941509757516 1.116497720948985
2953 0.08393531058213928 1.116631530637848
2954 0.08396112771713168 1.116765639352903
2955 0.08398679232775595 1.116900075136758
2956 0.08401247749929225 1.117034807786417
2957 0.08403815374386789 1.117169878585885
2958 0.08406386246694851 1.117305404235074
2959 0.0840896106820351 1.117441368079799
2960 0.0841155090711023 1.117577979956939
2961 0.08414132341090783 1.117714716266073
2962 0.08416711836264583 1.117851754374144
2963 0.08419176417085596 1.117984297471177
2964 0.08421846530232413 1.118125714927491
2965 0.08424349357892572 1.118261181292433
2966 0.08426935288741866 1.118399251595293
2967 0.08429542138705975 1.118538813746602
2968 0.08432174963786811 1.118679554342342
2969 0.08434820275207806 1.118821045436248
2970 0.08437448551910252 1.118962734513572
2971 0.08440067406701206 1.119104521604166
2972 0.08442501006296695 1.1192386517101
2973 0.08445206206526294 1.119384156451256
2974 0.08447683659574791 1.119520333026071
2975 0.08450412075174089 1.119668201985714
2976 0.08452865121266126 1.119804514677577
2977 0.08455553489408379 1.119951497678139
2978 0.08458171830676817 1.120095648813824
2979 0.08460763411711116 1.12023839598695
2980 0.08463343838272568 1.120381081589716
2981 0.08465909160579715 1.120523931109538
2982 0.08468463593379399 1.120666656971398
2983 0.08471033713693769 1.120810042847656
2984 0.08473730641527889 1.120958821022509
2985 0.08476206823624928 1.121099225130073
2986 0.08478915823644236 1.121249188711691
2987 0.08481530072124854 1.121395509264151
2988 0.08484062464637317 1.121539998427757
2989 0.08486646093571368 1.121685499035389
2990 0.08489235323157927 1.121831659352278
2991 0.08491826309328671 1.121978462862368
2992 0.08494417876101165 1.122125889371895
2993 0.08497034171490871 1.122274161378996
2994 0.0849965947063441 1.122422540758407
2995 0.08502279735713955 1.122571938310055
2996 0.08504896496282825 1.1227210489041
2997 0.08507510957734697 1.12287051227091
2998 0.08510120465106173 1.123020302010409
2999 0.08512734547392509 1.123170577712444
3000 0.08515343924925263 1.123321139622524
3001 0.0851796988557588 1.123471976563808
3002 0.08520587183010465 1.123623190585622
3003 0.08523210113494543 1.12377482794405
3004 0.08525837755455445 1.123926836064521
3005 0.08528328285590603 1.124076010033515
3006 0.08530948244505644 1.124228661976671
3007 0.08533576228818322 1.124382063362032
3008 0.08536228368861644 1.124535883288831
3009 0.08538879241929374 1.124690049608599
3010 0.08541525794535419 1.124844557791773
3011 0.08544174711313053 1.124999384754397
3012 0.08546813605623416 1.125154527141897
3013 0.08549447346054002 1.125309997967005
3014 0.08552087406200859 1.12546566632894
3015 0.08554734147216632 1.125621675442147
3016 0.08557371310986688 1.125777523627042
3017 0.08560020178082789 1.125934471462229
3018 0.0856266272038195 1.126091596853175
3019 0.08565303024401381 1.126248925902064
3020 0.08567931720772619 1.126406606309721
3021 0.08570567799048973 1.126564568957121
3022 0.08573217044787831 1.126722816853559
3023 0.08575852552303215 1.126881228805614
3024 0.08578495759108135 1.127040088344301
3025 0.08581134024230146 1.127199296098361
3026 0.08583778548153055 1.12735885285428
3027 0.08586417862993827 1.127518791688377
3028 0.08589050145441929 1.127679115800921
3029 0.08591702163244705 1.127839766859096
3030 0.08594350580191491 1.128000712458831
3031 0.0859700241243517 1.12816203779807
3032 0.08599656696154601 1.128323718247576
3033 0.08602388594045277 1.128487794294189
3034 0.08605033838794889 1.128650143872909
3035 0.08607664757263761 1.128812716083242
3036 0.08610324283915385 1.128975722171068
3037 0.08612982729623739 1.129139060005867
3038 0.08615625370562728 1.129302644436802
3039 0.0861843327536574 1.12947402698941
3040 0.08620861677083388 1.129628811600836
3041 0.08623634293042033 1.129799561155394
3042 0.08626191339384109 1.12995902512877
3043 0.08628832998560775 1.13012359339458
3044 0.08631481163693672 1.130289417304416
3045 0.08634144858626108 1.130456071471969
3046 0.08636818950019849 1.130623126689684
3047 0.08639492531561128 1.130790515978222
3048 0.08642160496767927 1.130958135523122
3049 0.08644930021461553 1.131128322391795
3050 0.08647604071696495 1.131296462541193
3051 0.08650286106039204 1.131465003048918
3052 0.08652953914022546 1.131633426464691
3053 0.08655643911844768 1.131803178937567
3054 0.08658295677045343 1.131972247929777
3055 0.08661077846214618 1.132148414810711
3056 0.08663590347753986 1.132310129562703
3057 0.08666356967095351 1.132485276699439
3058 0.08668897482892909 1.132649849669057
3059 0.0867151382328504 1.132818714102913
3060 0.08674161260496215 1.13298955914264
3061 0.08676976223718155 1.133168431965129
3062 0.0867952724558515 1.133333374708631
3063 0.08682328044859518 1.133511373089845
3064 0.08684893112855509 1.133678248436413
3065 0.08687676415931099 1.133856941357507
3066 0.08690209949071251 1.134023434798902
3067 0.08692997386503798 1.134202846436325
3068 0.0869557281157714 1.134370749908211
3069 0.08698359806338707 1.134549122274587
3070 0.08700988037249108 1.134721684602974
3071 0.08703528442175271 1.134891100386384
3072 0.08706237705273379 1.135069770679812
3073 0.0870887496333853 1.135244591530669
3074 0.08711537520131811 1.135419332699209
3075 0.08714202663832095 1.135595025576269
3076 0.08716895840455725 1.13577159713907
3077 0.08719764416113941 1.135956404945504
3078 0.08722311792298591 1.136126243837252
3079 0.08725078224868836 1.136308212009581
3080 0.08727661497346542 1.136480591751317
3081 0.08730502072072117 1.136665770653736
3082 0.08733069718023932 1.136837168510235
3083 0.08735916286215237 1.137023017106057
3084 0.08738466700559445 1.137194795375472
3085 0.08741285115003261 1.137381240650312
3086 0.08744008291500303 1.137561737609927
3087 0.08746718576585991 1.137742077457413
3088 0.08749395512538742 1.137921366761402
3089 0.08752085837785128 1.138101727531181
3090 0.08754742683425673 1.138281793455635
3091 0.08757254996903115 1.138455042378898
3092 0.08760070673190973 1.138643519668928
3093 0.08762802634736419 1.138826426182067
3094 0.08765526143419443 1.139009430808672
3095 0.0876820513367636 1.139191405636568
3096 0.08770903148920954 1.139374392851654
3097 0.08773590115356457 1.139557158098528
3098 0.0877627824695027 1.139740669994737
3099 0.08778969697835375 1.139924387601772
3100 0.08781679652365811 1.140108806996489
3101 0.08784374432161031 1.140293203106216
3102 0.08787082746363004 1.140478230982596
3103 0.08789785678170831 1.140663266220579
3104 0.08792495682212974 1.140848926743974
3105 0.08795176597703479 1.141034585576019
3106 0.08797857489441914 1.141220616752821
3107 0.08800556793003685 1.141406869004697
3108 0.08803271525833371 1.141593760575769
3109 0.08805975306466496 1.141780749896442
3110 0.08808676673736864 1.14196821527807
3111 0.08811363494763612 1.142155688873018
3112 0.08814059873762445 1.142343754552037
3113 0.08816771551815841 1.142532369931589
3114 0.08819507928386085 1.142721326748493
3115 0.08822209161035909 1.142910357592283
3116 0.08824913181052703 1.14309984330383
3117 0.08827613212775569 1.143289310095615
3118 0.08830324109773259 1.143479422363031
3119 0.08833028530704316 1.143669699754292
3120 0.08835753898584792 1.143860623794186
3121 0.08838466674256303 1.144051546778963
3122 0.08841016013460237 1.144234746450165
3123 0.08843874046957234 1.144434174711019
3124 0.08846626921841697 1.144627374438227
3125 0.08849193744206663 1.144812142689744
3126 0.08852050826246367 1.145012540943963
3127 0.08854802772476912 1.145206303504327
3128 0.08857559325830457 1.145400606027484
3129 0.08860100240205167 1.145585103746776
3130 0.08862956650789731 1.145786590664096
3131 0.08865703284714448 1.145982066461868
3132 0.0886842126662951 1.146176744934852
3133 0.08871149269880783 1.14637104267694
3134 0.08873867802409073 1.146565659950668
3135 0.08876566218418912 1.146760211028929
3136 0.08879274800249445 1.146955389381114
3137 0.08881988341673056 1.147151341251733
3138 0.08884697331062787 1.147347347840622
3139 0.08887430394355794 1.147543834111445
3140 0.08890144932026066 1.147740387671929
3141 0.0889286856204299 1.147937445161897
3142 0.08895579211203178 1.148134586677294
3143 0.08898298323780543 1.148332350863448
3144 0.08901011237707367 1.148530204373757
3145 0.08903740525374246 1.148728584668274
3146 0.08906484393779893 1.148927950321829
3147 0.08909230161459247 1.149127104659198
3148 0.08912064545465105 1.149332299227941
3149 0.08914658843174804 1.149525593531359
3150 0.08917216274804593 1.149721297611316
3151 0.08919859601594242 1.149918753183909
3152 0.08922533868232622 1.150117857767634
3153 0.08925310622596395 1.150320352118524
3154 0.08928057203128094 1.150521933669093
3155 0.08930799839040872 1.150723821356215
3156 0.08933573454843169 1.150926637781682
3157 0.08936337723359497 1.151129593121385
3158 0.08939078857870358 1.151332307660569
3159 0.08941825056306336 1.151534938988389
3160 0.08944564104215819 1.151738041656386
3161 0.08947310854737056 1.151941422428215
3162 0.08950069095328754 1.152145314004078
3163 0.08952815528431685 1.152349382537107
3164 0.089555551905919 1.152553803813629
3165 0.08958267793610417 1.152758058865669
3166 0.08961057568609802 1.152963847182577
3167 0.08963791780258705 1.153168829228006
3168 0.08966525746973945 1.153374084808784
3169 0.08969261652408436 1.153579516838162
3170 0.08972005868379346 1.153785680308212
3171 0.08974749693152941 1.153992053783869
3172 0.08977488772519812 1.154198854426461
3173 0.08980238963069127 1.154405721004805
3174 0.0898299339006378 1.154613050703632
3175 0.08985732444814989 1.154820531894884
3176 0.08988484783001863 1.155028559297977
3177 0.08991197720836719 1.155235511274041
3178 0.08993937244859031 1.155444148551261
3179 0.08996683824500336 1.155652986966429
3180 0.08999427352133257 1.155862157597869
3181 0.09002164202430689 1.15607142455916
3182 0.09004914557119892 1.156281163060487
3183 0.09007658080964098 1.15649102298502
3184 0.0901040103773128 1.156701317168635
3185 0.09013119373056332 1.156911686698362
3186 0.09015851538593 1.157122454061646
3187 0.09018598687515589 1.157333310694838
3188 0.0902134807758716 1.15754470364461
3189 0.09024088251471163 1.157756182671879
3190 0.09026823227057684 1.157968075477185
3191 0.09029552264431605 1.158180029775914
3192 0.09032286438695518 1.158392527039644
3193 0.09035015961319708 1.158605004362651
3194 0.09037772283194391 1.158818091465932
3195 0.09040505098851909 1.159031319476259
3196 0.09043245435108072 1.1592449652542
3197 0.09045984298342549 1.159458684222514
3198 0.09048732049525697 1.159672878430867
3199 0.09051459468388709 1.159887091097673
3200 0.09054253951991793 1.160103533257372
3201 0.09056993381036264 1.160318500738144
3202 0.09059729755416622 1.160533645209293
3203 0.09062468037336735 1.160748905910043
3204 0.09065207017752566 1.160964631115905
3205 0.09067923423794337 1.161180505199109
3206 0.09070645976221953 1.161396847761632
3207 0.09073385408109209 1.161613336060217
3208 0.09076137633407005 1.161830359356475
3209 0.09078884121701342 1.162047521399871
3210 0.09081633476215104 1.162265606717609
3211 0.09084357402211921 1.162483313598864
3212 0.09087086411682867 1.162701425494831
3213 0.09089833792118245 1.162919576891819
3214 0.09092590401133066 1.163138335231366
3215 0.09095320934667628 1.163357120456296
3216 0.09098055262057002 1.163576384955827
3217 0.09100780333273627 1.163795684342506
3218 0.09103517909339941 1.164015559313415
3219 0.09106273547054232 1.164235441802556
3220 0.09109018610861086 1.164456014717272
3221 0.09111754638894537 1.164676548933262
3222 0.09114492360938296 1.164897489536644
3223 0.09117222483474199 1.16511839095843
3224 0.09119946895166721 1.165339549955148
3225 0.09122673222163931 1.165561190863822
3226 0.09125430220064672 1.165783508752986
3227 0.09128180727464244 1.166005910514584
3228 0.09130924927909698 1.166228636304729
3229 0.09133625349680803 1.166450726319891
3230 0.09136365233230198 1.166673748325771
3231 0.09139093113907183 1.166897109576933
3232 0.09141831135623202 1.167120943383356
3233 0.09144590152160587 1.167344952503376
3234 0.09147351150866272 1.167569445882797
3235 0.09150093579741875 1.167793992280907
3236 0.09152831673176756 1.168018911178553
3237 0.09155560232495824 1.168243513834507
3238 0.09158300212392935 1.168468911600267
3239 0.09161042141700984 1.168694640161477
3240 0.09163802167248943 1.168920865023376
3241 0.09166539110382164 1.169147555702641
3242 0.09169287341997288 1.16937409998635
3243 0.09172030533263309 1.169600689168344
3244 0.09174778416532477 1.169827807863938
3245 0.09177511142178693 1.170055064278915
3246 0.09180258614754497 1.17028273289649
3247 0.09182996266807575 1.170510439210195
3248 0.091857432672828 1.170738584424109
3249 0.09188487645997537 1.170966849451011
3250 0.09191224448199169 1.171195550440227
3251 0.09193945824171239 1.171424373598481
3252 0.09196688071697758 1.171653583779321
3253 0.09199431612195245 1.171882901395475
3254 0.09202083969452382 1.17211042536791
3255 0.09204823844763294 1.172340184648801
3256 0.09207577653965276 1.172570864605502
3257 0.09210322508845807 1.172801759152392
3258 0.09213077483460241 1.173033104622252
3259 0.09215847332570826 1.173264518464523
3260 0.09218611815608103 1.173496365038892
3261 0.0922136185102906 1.173728198642552
3262 0.09224111219857847 1.173960392985298
3263 0.09226856256612653 1.174192620518455
3264 0.09229602804145265 1.174425345237372
3265 0.09232519937508117 1.174667081428631
3266 0.09235297146864005 1.174900203562708
3267 0.09238029636568752 1.175132621441185
3268 0.09240748184458067 1.175364837192113
3269 0.09243464718466536 1.175597286089146
3270 0.09246175066046768 1.175830109019958
3271 0.09248887881799113 1.176063530261745
3272 0.09251599216766965 1.176297443708287
3273 0.09254338619482565 1.176531815904599
3274 0.09257080649616493 1.176766672752752
3275 0.09259822895801387 1.177002045552062
3276 0.09262575416332423 1.177237997652643
3277 0.09265333721433439 1.177474735453353
3278 0.09268102103357309 1.177712332441355
3279 0.09270871873224175 1.177950188601741
3280 0.09273355738666052 1.178172856274993
3281 0.09276278203901137 1.178421187895136
3282 0.09278812695635132 1.178647113064597
3283 0.09281780711890264 1.178897396588265
3284 0.09284337036251938 1.179123784420905
3285 0.09287264336192881 1.179373689571426
3286 0.09289784377120232 1.179599822314531
3287 0.09292720057883511 1.179849863122344
3288 0.09295529630135387 1.18009141705392
3289 0.09298272994641554 1.180330322478937
3290 0.09300986742705922 1.180568356010399
3291 0.09303684630945798 1.180806157148778
3292 0.09306375896341924 1.181044273883936
3293 0.09309081705681636 1.18128289160229
3294 0.09311797724403054 1.181522090533442
3295 0.09314517444149135 1.181762048280624
3296 0.09317250915371908 1.182002655757031
3297 0.09319990479980686 1.182243817909894
3298 0.09322726417010664 1.182485472706555
3299 0.09325471320654555 1.18272746546931
3300 0.09328227241875899 1.182969731532488
3301 0.09330978485077598 1.183212252150736
3302 0.09333729331942789 1.183454966418305
3303 0.09336475358911657 1.183697906662041
3304 0.09339313607206924 1.183943882278016
3305 0.09342042396296946 1.184187337174341
3306 0.09344763967621367 1.184430660336456
3307 0.09347502943515215 1.184674126104903
3308 0.09350231346864488 1.184917840295139
3309 0.09352960937225369 1.185161809452083
3310 0.09355687935645825 1.18540605255594
3311 0.09358402549131138 1.185649558387512
3312 0.09361126002723164 1.185894458268177
3313 0.09363855258929947 1.186139835147323
3314 0.0936659741168497 1.186385489248653
3315 0.09369335391496991 1.186631393199634
3316 0.09372073555887932 1.186877537762455
3317 0.09374812480862436 1.187123917326147
3318 0.09377553973436065 1.187370544889121
3319 0.09380285767069761 1.187617446424646
3320 0.09383010418839863 1.187864600373424
3321 0.09385753293655577 1.188111957385212
3322 0.09388474826303152 1.188358965960528
3323 0.09391217318912191 1.188606799163564
3324 0.09393955385818052 1.188854989816904
3325 0.09396656836106364 1.189102775874057
3326 0.09399388082238154 1.189351540013373
3327 0.09402142105590093 1.18960064325427
3328 0.09404902495519386 1.189850264351404
3329 0.09407649049647929 1.190099880936882
3330 0.0941034597708217 1.19034841749118
3331 0.09413079993309111 1.190598441486519
3332 0.09415814224585656 1.190848811341724
3333 0.09418563285739062 1.191099670506952
3334 0.09421319525968302 1.191350565697252
3335 0.09424054291385668 1.191601660207646
3336 0.09426792142106141 1.191852917783046
3337 0.09429526730179549 1.192104251167995
3338 0.09432263919646262 1.192355971419104
3339 0.09435000901262067 1.192608034501667
3340 0.09437716972211309 1.192860227493729
3341 0.09440454276235381 1.193112594540348
3342 0.09443187210386948 1.193365199380368
3343 0.09445922709444582 1.193618061197683
3344 0.0944865795886851 1.193871131096653
3345 0.09451372477444085 1.19412441415498
3346 0.09454085498443165 1.194377916313845
3347 0.09456809263642832 1.1946316239824
3348 0.09459549428798718 1.194885773128509
3349 0.09462310003218319 1.195140249790233
3350 0.09465027937578148 1.195395714369938
3351 0.09467750973503099 1.195650314381886
3352 0.094704676792746 1.195905018353113
3353 0.09473178657969918 1.196159986873189
3354 0.09475903318360661 1.196415334000442
3355 0.0947864128242077 1.196671050088589
3356 0.09481361995735581 1.196927013650314
3357 0.0948407874070873 1.197183089513162
3358 0.09486797437474417 1.197439367361395
3359 0.0948952099364854 1.197695911155328
3360 0.09492235032421205 1.197952803835007
3361 0.09495073407424663 1.198216791435273
3362 0.09497679226084735 1.198466627659913
3363 0.09500370241471762 1.198723067364651
3364 0.09503090860975398 1.198981087365764
3365 0.0950581196960654 1.199239578263203
3366 0.09508529483960464 1.199498255662705
3367 0.09511244431114824 1.199757118315541
3368 0.09513965967708272 1.200016123640885
3369 0.09516827081321722 1.200282125552033
3370 0.09519430400083828 1.200534446234479
3371 0.09522114655647997 1.200792788577663
3372 0.09524824207888792 1.201052610471554
3373 0.09527541619977925 1.201312932954329
3374 0.09530254501386998 1.201573447145212
3375 0.09532969223725153 1.201834234412036
3376 0.09535823778185558 1.202101920536471
3377 0.09538448550981311 1.202357712131359
3378 0.09541272529342339 1.20262453215039
3379 0.09543883899604531 1.20287966502351
3380 0.09546561408705945 1.203139947078403
3381 0.09549254355941618 1.203401649899599
3382 0.09552089548611364 1.203670991777572
3383 0.09554682382736172 1.203926013946788
3384 0.09557504641993669 1.204194644637418
3385 0.09560102709641384 1.204451205563601
3386 0.09562918412369641 1.204720337157332
3387 0.09565496152890744 1.20497662852441
3388 0.09568302891656812 1.205246459062011
3389 0.09570903497148363 1.205503773158346
3390 0.09573588373085752 1.205767062677663
3391 0.09576301308651097 1.206031714338115
3392 0.09579163509131076 1.206303898996318
3393 0.09581763035877007 1.206561408837546
3394 0.09584563004308543 1.206832730352863
3395 0.09587173650715201 1.207092214368821
3396 0.09589984667448281 1.207363753466924
3397 0.0959257150685727 1.207622575456085
3398 0.09595373078764817 1.207894600440103
3399 0.09597968320843192 1.208154163696032
3400 0.0960076538989887 1.208426717654316
3401 0.09603348891185 1.208686664361836
3402 0.09606142140929003 1.208959730413232
3403 0.09608738661767353 1.209220044348877
3404 0.09611544420612768 1.209493638127438
3405 0.09614147102104585 1.209754762108065
3406 0.09616958135120027 1.210028923657206
3407 0.09619537470680856 1.210290250342582
3408 0.09622196096372024 1.210557677790735
3409 0.09625007722320646 1.210833446508767
3410 0.09627729280028437 1.211102349455687
3411 0.09630310257049611 1.211364151667909
3412 0.09633100481236957 1.211639149557093
3413 0.09635673604763614 1.21190131805372
3414 0.09638462353515662 1.212177148295009
3415 0.09641034664110147 1.212440627809674
3416 0.09643822243862793 1.21271692247833
3417 0.09646550392837988 1.212987612077349
3418 0.09649247390711546 1.21325795221119
3419 0.09651921268851726 1.213527605322963
3420 0.09654590875703555 1.213797877698448
3421 0.09657260591684742 1.214068184063415
3422 0.09659935034729537 1.21433909834075
3423 0.09662605383602198 1.214610255888792
3424 0.09665292023805765 1.214881752874377
3425 0.09667967129860937 1.215153450893188
3426 0.09670646832804304 1.215425423939031
3427 0.09673332069183514 1.215697683337362
3428 0.0967600814225692 1.215970258303534
3429 0.0967868085378949 1.216243111744317
3430 0.09681362876974615 1.216516118523818
3431 0.09684046273307717 1.216789369038669
3432 0.09686739422717422 1.217062954272495
3433 0.09689422848352373 1.217336693094664
3434 0.09692088937251361 1.217610569454468
3435 0.09694748461021439 1.21788468592696
3436 0.09697429053345555 1.21815892910623
3437 0.09700111800618236 1.218433472611901
3438 0.09702792297369402 1.218708170911118
3439 0.09705462067555506 1.218983108530244
3440 0.09708120357844775 1.219258176276039
3441 0.0971078101470116 1.219533588264023
3442 0.09713453924700785 1.219809207474181
3443 0.09716144538116804 1.220085181771105
3444 0.09718812566512693 1.220361244159068
3445 0.09721473349216393 1.220637505113723
3446 0.09724133882477318 1.220913833387485
3447 0.09726802151460792 1.221190547113163
3448 0.09729357617874761 1.221460712991536
3449 0.09732122772331871 1.22174488389739
3450 0.09734821144832977 1.222023487128499
3451 0.0973749458024973 1.222301463488654
3452 0.09740155043276666 1.222578763110945
3453 0.09742703672577065 1.222849730486748
3454 0.09745466441373839 1.223134641874233
3455 0.09748146809596751 1.223414121743042
3456 0.09750804520448848 1.223693762880516
3457 0.09753461001759474 1.223971946867356
3458 0.0975612483124001 1.22425078353157
3459 0.09758775057934356 1.224529483316477
3460 0.0976141430016888 1.224808748362666
3461 0.09764058505156817 1.225088143759725
3462 0.09766702372968966 1.225367919177077
3463 0.09769349028343663 1.225647924628139
3464 0.09772007467423836 1.225928163001568
3465 0.0977464922433178 1.226208573535325
3466 0.0977729125129793 1.226489174144802
3467 0.09779937827112582 1.226770020783148
3468 0.09782583792495889 1.227051146915213
3469 0.09785228368043306 1.227332546530861
3470 0.09787868996869663 1.227614051500109
3471 0.09790509698426189 1.227895744684988
3472 0.09793150361465311 1.228177563408906
3473 0.09795797391321731 1.228459698923714
3474 0.09798437070557622 1.228742046704709
3475 0.09801061511063791 1.229024657958168
3476 0.09803696925424632 1.229307289808332
3477 0.09806334183770138 1.229590208453783
3478 0.09808972593663282 1.22987325338956
3479 0.09811610277590241 1.230156444667965
3480 0.09814233151056684 1.230439926067241
3481 0.09816849715934653 1.230723763398943
3482 0.09819475815761305 1.231007651212864
3483 0.09822042987773137 1.231289837000916
3484 0.09824682720493165 1.231574140559001
3485 0.09827323867595288 1.231859094395663
3486 0.09829954416015563 1.232144118637348
3487 0.0983258572294247 1.232429380039631
3488 0.09835219277449862 1.232714864100126
3489 0.09837848273181021 1.23300050035739
3490 0.09840479879370403 1.233286156833961
3491 0.09843100841465802 1.233572088569222
3492 0.0984572216270658 1.233858065767144
3493 0.09848349442848749 1.234144309732285
3494 0.09850969217228474 1.234430582421226
3495 0.09853571942180718 1.234717113698471
3496 0.09856166919628161 1.235003718391487
3497 0.09858789152914302 1.235290718366504
3498 0.09861416582086956 1.235577906053877
3499 0.09864038602379804 1.235865356554462
3500 0.09866654409640137 1.236152488607241
3501 0.09869240257636591 1.236440258467407
3502 0.09871827472804499 1.236728068891456
3503 0.09874450653682171 1.237016343561542
3504 0.09877077630627301 1.237304873986554
3505 0.09879685054827128 1.237593626707588
3506 0.09882281571351613 1.237882378879526
3507 0.09884841201634023 1.238170901151417
3508 0.09887449819197493 1.238460221015468
3509 0.09890065280068651 1.238749702674378
3510 0.09892678804160465 1.239039301069516
3511 0.09895284917941069 1.239329144149206
3512 0.09897879620483636 1.239619005765222
3513 0.09900480391917804 1.239909134514112
3514 0.09903077699517136 1.240199361462258
3515 0.09905660155236347 1.240489961722552
3516 0.09908247400181797 1.240780654489122
3517 0.09910849964377319 1.2410716047255
3518 0.09913444178050289 1.241362659222605
3519 0.09916041531364725 1.241653979915291
3520 0.09918626318729329 1.241945389479382
3521 0.0992121550908773 1.242237083885749
3522 0.09923795341654434 1.242528928320111
3523 0.09926378400951801 1.242821141829392
3524 0.09928972301314265 1.243113437495199
3525 0.09931559643079912 1.243406009224935
3526 0.09934143090345157 1.243698648945223
3527 0.09936790597825351 1.243993685609985
3528 0.09939369874942333 1.244286638189196
3529 0.0994194347851466 1.244579595080306
3530 0.09944497621487329 1.244872663625966
3531 0.09947062749417704 1.245166000516484
3532 0.09949641821232671 1.245459549651935
3533 0.09952215165127122 1.245753488646792
3534 0.09954791828430326 1.246047544203096
3535 0.09957359222244848 1.246341936104361
3536 0.09959925057403275 1.246636431722158
3537 0.09962491074857087 1.246931308423806
3538 0.09965053688887701 1.247226287564794
3539 0.09967640067783577 1.247521586615859
3540 0.09970206560864468 1.247816999073947
3541 0.09972779633726639 1.24811273924551
3542 0.09975355522218599 1.24840866840691
3543 0.09977925659279605 1.248704739607882
3544 0.09980486367487577 1.249000851315454
3545 0.09983034731505816 1.249297259031722
3546 0.09985596379073974 1.249593779142307
3547 0.09988082510514254 1.24988864249305
3548 0.09990660763423538 1.250185633173488
3549 0.09993235911984864 1.250483061948869
3550 0.09995796383009516 1.250780523862503
3551 0.09998354370229273 1.251078177816474
3552 0.1000091201593387 1.251376058846065
3553 0.1000348876717604 1.251674320186652
3554 0.1000606471120158 1.251972634486544
3555 0.1000872440327618 1.25227463307505
3556 0.1001126583814682 1.252572849540647
3557 0.1001380014263652 1.252870933564023
3558 0.1001633603333742 1.253169192465183
3559 0.1001886689751101 1.253467923532709
3560 0.1002138919103725 1.253766756313301
3561 0.100239297223971 1.254065851993751
3562 0.1002646407788396 1.254365074642505
3563 0.1002900815599176 1.254664649262147
3564 0.1003154713104376 1.25496436334112
3565 0.1003407740426063 1.255264404694904
3566 0.1003660239937827 1.255564573098239
3567 0.1003914867607561 1.255864537038164
3568 0.1004167942293139 1.256165231204877
3569 0.1004422131591231 1.256466270181052
3570 0.1004674801166306 1.25676740027976
3571 0.1004927865308474 1.257068754289969
3572 0.1005180951527969 1.257370176357337
3573 0.100543472175542 1.257671934709384
3574 0.1005687686170975 1.25797383379515
3575 0.1005939567780746 1.258275964632858
3576 0.1006192424305938 1.258578382149144
3577 0.1006445356298519 1.258880764681342
3578 0.1006698351780404 1.259183181637053
3579 0.1006951549061229 1.259485859368497
3580 0.1007202521305337 1.259788602200794
3581 0.1007452692898197 1.260091613182906
3582 0.1007703040763826 1.260394677116982
3583 0.1007956151509455 1.260698061555747
3584 0.1008208621853587 1.261001588689757
3585 0.1008455697709387 1.261303791490211
3586 0.1008704309528085 1.261607088491863
3587 0.1008954524949597 1.261911119522421
3588 0.1009204849123239 1.262215371559751
3589 0.1009456899117248 1.262520330210292
3590 0.1009707692978568 1.262825181573797
3591 0.1009958843191604 1.263130285515354
3592 0.1010208363032859 1.263435207095539
3593 0.1010458910587497 1.263740433200992
3594 0.1010709099782496 1.264045589101231
3595 0.1010958841913124 1.26435126196211
3596 0.1011207332774309 1.264657008143044
3597 0.101145613629677 1.264963001032746
3598 0.1011705364598559 1.265268805648952
3599 0.1011954863446608 1.265574951713279
3600 0.1012203041785324 1.265880983956751
3601 0.1012450915488197 1.266187389736779
3602 0.1012698439323264 1.266493780641079
3603 0.1012946302608528 1.26680062179095
3604 0.1013193383383229 1.267107410101081
3605 0.1013442021325868 1.267414555424663
3606 0.1013688617105752 1.267721620903722
3607 0.1013935909072512 1.268029047571996
3608 0.1014183057057616 1.26833647310432
3609 0.1014431038937709 1.26864434422676
3610 0.1014677049073164 1.268952228010483
3611 0.1014923098733359 1.269260437942751
3612 0.1015169842280136 1.269568557812301
3613 0.1015416999899579 1.26987708688863
3614 0.1015664097085209 1.270185589386991
3615 0.1015910935717016 1.270494475231747
3616 0.1016155981537143 1.270803241805756
3617 0.1016400776387313 1.271112418636576
3618 0.1016645378617087 1.271421544229685
3619 0.101689322467938 1.271731145791161
3620 0.1017139191696036 1.27204071941592
3621 0.1017384997217487 1.272350648978513
3622 0.1017629427342835 1.272660439561593
3623 0.1017874631115864 1.272970569517252
3624 0.1018118967298525 1.273280706873701
3625 0.1018363318194 1.273591281915013
3626 0.1018608786091395 1.273901794493313
3627 0.1018859230079704 1.274213458318906
3628 0.1019102919184065 1.274524320952849
3629 0.1019346841437486 1.274835387669843
3630 0.1019589161198037 1.275146405350234
3631 0.1019831326541126 1.275457661997864
3632 0.1020074005677517 1.275769040393516
3633 0.1020318192659533 1.276080897971015
3634 0.1020561185794213 1.276392636760175
3635 0.1020804139766191 1.276704790687073
3636 0.1021046387386458 1.277016799241186
3637 0.1021288214070512 1.277329246106534
3638 0.102152962725278 1.277641747733613
3639 0.1021773588344884 1.277954741861903
3640 0.1022016169214648 1.278267619647566
3641 0.1022258864866061 1.27858086350185
3642 0.1022499973455993 1.278893927712888
3643 0.1022741990963059 1.279207409369676
3644 0.1022983751429501 1.279520911393035
3645 0.1023225538750068 1.279834969773268
3646 0.1023466732992594 1.280148863820337
3647 0.1023709025854995 1.280463083001673
3648 0.1023949405862583 1.280777157252089
3649 0.1024191090472485 1.281091619152664
3650 0.1024431471154729 1.281405950350158
3651 0.1024672956432891 1.281720836208293
3652 0.102491244039922 1.282035663550343
3653 0.1025151967906604 1.282350825373673
3654 0.1025392824044995 1.282665912141582
3655 0.1025633050899423 1.282981515659599
3656 0.1025873243810288 1.283297089803336
3657 0.1026113984514098 1.283613030108496
3658 0.1026352880499132 1.283928794361453
3659 0.102659213519487 1.284244933475508
3660 0.1026829528470895 1.284560972474403
3661 0.1027069007931171 1.284877418176259
3662 0.1027308305770454 1.285193747871502
3663 0.1027547245986412 1.285510523778961
3664 0.1027785375686276 1.285827112993909
3665 0.1028023218419465 1.286144114269429
3666 0.1028260444178113 1.28646100312953
3667 0.102849800672694 1.286778420507269
3668 0.1028734703785716 1.287095710648055
3669 0.1028973640860706 1.287413435916359
3670 0.1029210373827827 1.287731036764448
3671 0.102944797597181 1.28804900404131
3672 0.1029686262809783 1.288367012348999
3673 0.1029923100363853 1.288685177443437
3674 0.1030158214611172 1.289003385473504
3675 0.1030393468060555 1.289322099394081
3676 0.1030629970090198 1.289640622620932
3677 0.1030866444121402 1.289959554522325
3678 0.1031102004031088 1.290278295495103
3679 0.1031337567777823 1.290597458028966
3680 0.1031571642890392 1.290916554250986
3681 0.1031806718239787 1.291236210032079
3682 0.1032041368696406 1.291555663027149
3683 0.1032277573915727 1.291875519178297
3684 0.1032511658637305 1.292195164807228
3685 0.1032745680692259 1.292515255714991
3686 0.1032979719682066 1.292835276566067
3687 0.1033214874500658 1.293155834689351
3688 0.1033447916753601 1.293476236652148
3689 0.1033681247963377 1.293796936720524
3690 0.1033914312079119 1.294117482740606
3691 0.1034147572721613 1.294438378474521
3692 0.1034380344602635 1.294759391210447
3693 0.1034613837097535 1.295080317768944
3694 0.1034846416530633 1.295401421117797
3695 0.1035077287274137 1.295722917245986
3696 0.1035307566886818 1.29604431163981
3697 0.1035539967460778 1.296366091624976
3698 0.1035772153864278 1.296687830128925
3699 0.1036004801778896 1.297009982609926
3700 0.1036233188988748 1.297331271058343
3701 0.1036464205360373 1.297653632025852
3702 0.1036694406667521 1.297975925836435
3703 0.1036925051573041 1.298298711959018
3704 0.1037155863421628 1.29862139316755
3705 0.1037386763823501 1.298944478392648
3706 0.103761637462989 1.299267382033962
3707 0.1037846771689606 1.299590631171677
3708 0.1038076213400317 1.29991379001236
3709 0.1038306573150057 1.300237394198035
3710 0.1038534309698591 1.300561007987592
3711 0.1038763246998949 1.300885015604898
3712 0.1038993179017184 1.301208888323516
3713 0.1039222897285487 1.301533142862583
3714 0.1039451921027874 1.301857204636356
3715 0.1039679296889974 1.302181103645052
3716 0.1039906606278655 1.302505470879665
3717 0.1040134948677345 1.3028303640018
3718 0.1040361698895038 1.303155119110609
3719 0.1040590503751032 1.303480196282163
3720 0.1040817797682116 1.303805095553541
3721 0.1041044665517634 1.304130375059527
3722 0.1041271471253435 1.304455576876027
3723 0.1041499126264639 1.304781220210523
3724 0.1041725454898186 1.305106726900183
3725 0.1041950819081672 1.305432609614324
3726 0.1042174896268385 1.30575732061491
3727 0.1042401847676331 1.306083575832922
3728 0.1042627940721113 1.306409878199751
3729 0.10428589591882 1.306737762694635
3730 0.1043083227647321 1.307063997350064
3731 0.1043306875989513 1.307390398234205
3732 0.1043533567007432 1.307719191435341
3733 0.104375746085417 1.308045506825089
3734 0.1043981996489783 1.308371859483341
3735 0.1044205277672826 1.308698546837854
3736 0.104442782846779 1.309025353780664
3737 0.1044650342729619 1.309352343682063
3738 0.1044872270124282 1.309679373972314
3739 0.1045095137349996 1.310006900525483
3740 0.1045305123249994 1.31033257374383
3741 0.1045528830160249 1.310659877760315
3742 0.1045750124356177 1.310987467940945
3743 0.1045973254389097 1.311315575531558
3744 0.1046196707571578 1.311643867197517
3745 0.1046418920250221 1.311972332603716
3746 0.1046640957293744 1.312301028289216
3747 0.104686281784865 1.312629950564072
3748 0.1047085983532374 1.312958911661061
3749 0.1047307978030684 1.313287943170358
3750 0.1047528943631291 1.313616999784285
3751 0.1047750278248094 1.313946214386329
3752 0.1047970783905732 1.314275509260445
3753 0.1048190912381581 1.314605066270828
3754 0.104842137406284 1.314937515531303
3755 0.1048640373356656 1.315267156374947
3756 0.1048859022281561 1.315596679777926
3757 0.1049076767710769 1.315926215134795
3758 0.1049294168550785 1.316255768121693
3759 0.1049511242127587 1.316585614396256
3760 0.1049727063473291 1.316915505041103
3761 0.1049944666981164 1.317245647725811
3762 0.105016241609926 1.31757584364033
3763 0.1050379358761045 1.317906362020896
3764 0.1050596554138187 1.318236979509966
3765 0.1050813790385781 1.318568496599106
3766 0.1051030461942242 1.318899515961251
3767 0.1051246960058278 1.31923073541384
3768 0.1051464102894866 1.319561976690307
3769 0.1051680563335827 1.319893394226621
3770 0.1051896618218817 1.320224957904035
3771 0.1052115099120325 1.320557197850912
3772 0.105233051619824 1.32088902614947
3773 0.1052544880314454 1.321220996303875
3774 0.1052760501507845 1.321553008421438
3775 0.1052975052724575 1.321885217231613
3776 0.1053190357438457 1.322217597497234
3777 0.1053408201949119 1.32255060783873
3778 0.1053622487985887 1.322883401209689
3779 0.1053835429038854 1.32321650405573
3780 0.1054048852394312 1.323548880949052
3781 0.1054259731163037 1.3238804038613
3782 0.1054473958667598 1.324213549204239
3783 0.1054688994708181 1.324547203451331
3784 0.1054902353228541 1.324880887202543
3785 0.1055114248332774 1.325214832625467
3786 0.1055326862836139 1.325548686819081
3787 0.1055541366780932 1.325882839764037
3788 0.1055755395009707 1.326217020882969
3789 0.1055968496436141 1.326551442072712
3790 0.1056180025819854 1.326885722002109
3791 0.1056391427392794 1.327220206640703
3792 0.1056601436682388 1.327554767620305
3793 0.1056813560359059 1.327889651762769
3794 0.1057026507607866 1.328224459744035
3795 0.1057237165474272 1.328559510846137
3796 0.1057447548244327 1.32889442747247
3797 0.1057661122868658 1.329231117073162
3798 0.1057872195538872 1.32956613972027
3799 0.1058081574606798 1.329901344706488
3800 0.1058289005377952 1.330236593813438
3801 0.1058498588833456 1.330572172211983
3802 0.1058708049371412 1.330907729985321
3803 0.1058919588461648 1.331244200160721
3804 0.1059128403757588 1.331579909139929
3805 0.1059335129064129 1.331915928059713
3806 0.1059542136467539 1.332252078204461
3807 0.1059750197678472 1.332588486918689
3808 0.1059959202774279 1.332924906795491
3809 0.1060163963275049 1.333260755923432
3810 0.106037020272422 1.333597249256142
3811 0.1060577078514825 1.333934139754891
3812 0.1060784521704081 1.334271192839992
3813 0.1060992476948202 1.334608544665415
3814 0.1061203129800227 1.33494726703983
3815 0.10614094213193 1.335284751691509
3816 0.1061614626225908 1.335622107432451
3817 0.1061820408008391 1.335959639422433
3818 0.1062027030559861 1.336297356632097
3819 0.106223349200819 1.336635235511173
3820 0.1062437310006649 1.336973190348756
3821 0.1062640383814186 1.337311243881135
3822 0.106284524438974 1.337649329136421
3823 0.1063050515786156 1.337987600448439
3824 0.1063255882781635 1.338326040100764
3825 0.1063459423982307 1.338664588410644
3826 0.1063661795089021 1.339003166289284
3827 0.1063863911357733 1.339341906192835
3828 0.1064067391934822 1.339680874545826
3829 0.1064271711472667 1.340019880831716
3830 0.1064472985722733 1.340358326581104
3831 0.1064674543813943 1.340697511768729
3832 0.1064876496070159 1.341036873121481
3833 0.1065078583751575 1.341376402342231
3834 0.1065280255727999 1.341716106496586
3835 0.1065480825395989 1.342055915838861
3836 0.106568275180871 1.342395806959471
3837 0.1065883783931218 1.342735805759178
3838 0.106608502916081 1.343075872628691
3839 0.1066286029728601 1.343416024866641
3840 0.1066485751986747 1.343756239166908
3841 0.1066684644481679 1.344096651779317
3842 0.1066883239990962 1.344437162176424
3843 0.1067083879072741 1.344777833641157
3844 0.1067283997241669 1.345118536928263
3845 0.1067482375518322 1.345459335974489
3846 0.1067680664279416 1.345800186471972
3847 0.1067877804268744 1.346141227472099
3848 0.106807578690901 1.34648247225968
3849 0.1068273743227274 1.346823070721129
3850 0.1068471882044518 1.347164653823282
3851 0.1068669687891068 1.347506310249493
3852 0.1068866688966371 1.347847990089958
3853 0.1069063497598385 1.348189849280201
3854 0.1069260637218532 1.348531854326205
3855 0.1069458073438541 1.3488739662422
3856 0.1069654701423315 1.349216070166842
3857 0.1069850223764249 1.34955819658996
3858 0.107004843428149 1.349900998789103
3859 0.107024335053686 1.350243319891012
3860 0.1070437112510924 1.350585766009051
3861 0.1070632514613137 1.350928289642009
3862 0.1070826855472634 1.35127087545903
3863 0.1071020789391145 1.351613541192008
3864 0.1071214747634491 1.351956296470708
3865 0.1071406944920679 1.352299242765094
3866 0.1071599629605714 1.352642328800497
3867 0.1071793963636402 1.352985511837269
3868 0.1071987037890325 1.353328813933162
3869 0.107218003982407 1.353672174647129
3870 0.1072371806028615 1.354015611205832
3871 0.1072563260351107 1.354359178857083
3872 0.1072754834748982 1.354702940090143
3873 0.1072946811590052 1.355046812517387
3874 0.1073139346998963 1.355390723910323
3875 0.1073330344220157 1.355735389557285
3876 0.1073521111256478 1.356079296995932
3877 0.1073711702659397 1.356423314395211
3878 0.1073901917438245 1.356767535123144
3879 0.1074091346254585 1.357111955807909
3880 0.1074279813607363 1.35745641006249
3881 0.1074469447033471 1.357800908377664
3882 0.1074656097403849 1.358144946609146
3883 0.1074845951557252 1.358489764862277
3884 0.1075035658939189 1.358834752249839
3885 0.1075223900917727 1.359179842748809
3886 0.107541118474994 1.359524960439718
3887 0.1075598186101293 1.359870164594923
3888 0.1075787167609712 1.360215437081719
3889 0.1075975326903437 1.360560867867519
3890 0.107616254639614 1.360906402884759
3891 0.1076349198998127 1.361252024477444
3892 0.1076535109034649 1.361597717184591
3893 0.1076721033930023 1.361943513971592
3894 0.1076908012303097 1.362289348870148
3895 0.1077093082374457 1.362635274813565
3896 0.107727817785925 1.362981254811351
3897 0.1077463226052177 1.363327343889688
3898 0.1077647950615911 1.363673546662584
3899 0.1077831754870998 1.364019897892397
3900 0.1078015450203645 1.36436625959063
3901 0.1078198913903489 1.364712622164872
3902 0.1078384426476569 1.36505907339582
3903 0.1078566717284524 1.365405011533001
3904 0.1078750159949689 1.365751938313935
3905 0.1078926926823941 1.366098320216943
3906 0.107910806925572 1.366445266892754
3907 0.107929074677079 1.366792450888233
3908 0.1079473153688967 1.367139468643129
3909 0.1079656702910607 1.367486960160673
3910 0.1079838354058456 1.36783447836252
3911 0.1080019206692214 1.368181983930463
3912 0.1080199629602308 1.368529495061421
3913 0.1080380140725176 1.368877187969983
3914 0.1080561488031824 1.369224953831099
3915 0.1080743424773959 1.369573226573523
3916 0.1080922403380266 1.369921100472479
3917 0.1081101085381712 1.3702688578068
3918 0.1081279651116023 1.370616635163282
3919 0.1081458510615073 1.37096454412335
3920 0.1081636946599645 1.371312945309167
3921 0.1081813330365013 1.37166116868541
3922 0.1081990951878114 1.37200937072214
3923 0.1082167973938531 1.372357631169425
3924 0.1082345253198657 1.372706008591724
3925 0.1082523484942075 1.373054637038399
3926 0.1082698686500273 1.373403358338653
3927 0.1082872327493485 1.37375192955703
3928 0.1083047283210389 1.374100800927484
3929 0.1083224117010031 1.374449786065476
3930 0.1083399761286594 1.374798880037962
3931 0.1083575230730183 1.375148579898762
3932 0.1083749801530881 1.375497901370318
3933 0.1083923919902149 1.375847198028463
3934 0.1084097517727765 1.376196577178148
3935 0.1084271507725637 1.376546003181435
3936 0.1084444338951704 1.376895495736041
3937 0.1084616806805832 1.377245045261932
3938 0.1084789700285283 1.377594767323292
3939 0.1084959581949645 1.377943077169979
3940 0.108512982694662 1.378292699040709
3941 0.1085301635772669 1.378642655552593
3942 0.1085473081091445 1.378992940815754
3943 0.1085644539911466 1.379342984032636
3944 0.1085816985153167 1.379693596982058
3945 0.1085988744473802 1.380044421495049
3946 0.1086158899340157 1.380395336173317
3947 0.1086328722226144 1.380746180542145
3948 0.1086499954094826 1.381097023611359
3949 0.1086670734686217 1.38144794352578
3950 0.1086840414691203 1.381798266420774
3951 0.1087009688294923 1.382149191060579
3952 0.1087177880497029 1.382500385129921
3953 0.1087345812426137 1.382851688922561
3954 0.1087513797028421 1.383203042107849
3955 0.1087683057497175 1.383554507583415
3956 0.1087850996469377 1.383905847312151
3957 0.1088019534456183 1.384258025874118
3958 0.1088187265298314 1.384609614899939
3959 0.1088353935058198 1.384962044136274
3960 0.1088519712081013 1.385313851143049
3961 0.1088682876292501 1.385664381369395
3962 0.1088849210927546 1.386016117362825
3963 0.1089015097045584 1.386368046546103
3964 0.1089180926422914 1.386720202555725
3965 0.1089345584207955 1.387072276486429
3966 0.1089510430697232 1.387424538328958
3967 0.1089673658896773 1.38777679061511
3968 0.1089836914964217 1.388129320674467
3969 0.1090001724174119 1.388481821238454
3970 0.1090164818213172 1.388834483129179
3971 0.1090327490144122 1.389186743540808
3972 0.1090489358661716 1.389539241737408
3973 0.1090650758694627 1.38989183961618
3974 0.1090812478943952 1.390244672600728
3975 0.1090974506235146 1.390597486849821
3976 0.1091137101162533 1.390950554637017
3977 0.1091298671978953 1.39130360807425
3978 0.1091459645585292 1.391656929151447
3979 0.10916207841388 1.392010226430761
3980 0.1091781379163765 1.392363851326615
3981 0.1091941718073216 1.392717495635273
3982 0.1092102245804344 1.393071276406552
3983 0.1092262614898143 1.39342494107559
3984 0.1092422061429032 1.393778691825926
3985 0.1092580535873008 1.394132349414665
3986 0.1092728028913677 1.39448318031514
3987 0.1092888242983549 1.394837406441682
3988 0.1093047287366743 1.395192004876683
3989 0.109321684663332 1.395549347423163
3990 0.1093374905703037 1.395903577244341
3991 0.1093531736009856 1.3962576319243
3992 0.1093688410530797 1.396611849786447
3993 0.1093844808219352 1.396966048015359
3994 0.1094000083722429 1.397320424265603
3995 0.1094156009630158 1.397675384362442
3996 0.1094309913329207 1.398029938254842
3997 0.1094467809294446 1.398386621808833
3998 0.1094624083626918 1.398741197145056
3999 0.1094777793867992 1.399095452679198
4000 0.1094930975745469 1.399450036023232
4001 0.1095083429932386 1.399804454478933
4002 0.1095236552253087 1.400159308020831
4003 0.1095388666196854 1.400514123202647
4004 0.1095545669076934 1.400869641545
4005 0.1095697120268307 1.401224702514157
4006 0.1095848735290546 1.401580100542677
4007 0.1095999960658904 1.401935275626184
4008 0.1096152118701602 1.402290836196526
4009 0.1096303373792841 1.402646233094178
4010 0.1096453700616812 1.403002141836852
4011 0.1096603768335809 1.403357838766235
4012 0.1096756016285297 1.403713851325953
4013 0.1096906625802623 1.404069648467587
4014 0.1097057957402106 1.404425770056172
4015 0.1097206756694651 1.404781688761079
4016 0.1097356767287082 1.405138018850792
4017 0.1097505594345493 1.405494182001303
4018 0.1097654383325815 1.405850682234276
4019 0.1097803890342487 1.406206873990049
4020 0.1097951967188845 1.406563383627572
4021 0.109809937529893 1.40691966795698
4022 0.109824762857693 1.407276352776831
4023 0.1098394647002383 1.407632893447371
4024 0.1098541772038401 1.407989765930675
4025 0.1098687544725934 1.408346349355312
4026 0.1098834017174771 1.408703246846097
4027 0.1098979219263132 1.40905983097749
4028 0.1099125550924435 1.409416937796676
4029 0.1099271037224414 1.409773877712763
4030 0.1099415208230008 1.410131146327654
4031 0.1099557849281653 1.410487900796608
4032 0.1099703102447418 1.410845197668445
4033 0.109984721324794 1.41120234670911
4034 0.1099992371531166 1.411559879899786
4035 0.1100135548630589 1.411917224358684
4036 0.110027802984868 1.412274896913988
4037 0.1100419576191448 1.412632320267798
4038 0.1100575151637412 1.412992137670063
4039 0.1100715161668065 1.413349374920216
4040 0.1100855198192105 1.413706965930336
4041 0.1100994025973364 1.414064375729151
4042 0.1101133279740957 1.414422181939554
4043 0.1101271931166332 1.414779772822277
4044 0.1101413091324953 1.415137702479406
4045 0.1101552211267373 1.415495475172567
4046 0.1101691832257404 1.415853652026429
4047 0.1101830841269495 1.416211615531029
4048 0.1101969837806826 1.416569879472056
4049 0.1102105192879633 1.416927096392214
4050 0.1102243060248917 1.417285679999807
4051 0.1102381793532282 1.417644102055457
4052 0.1102520768926744 1.418002902086991
4053 0.110264106060717 1.418360686150286
4054 0.1102783996332589 1.418719536082837
4055 0.1102922512424408 1.419077263491938
4056 0.1103061317798547 1.419436379235886
4057 0.1103197851435399 1.419795248014734
4058 0.1103334640642973 1.420153385260104
4059 0.110346771459661 1.420508560752209
4060 0.1103611793832427 1.420875024816644
4061 0.1103739952955351 1.421227461278159
4062 0.1103881075163997 1.421593421206276
4063 0.1104007841111347 1.421945944854991
4064 0.1104151265078025 1.422312521352389
4065 0.1104280065485911 1.422665594128334
4066 0.1104420648796791 1.423031747788958
4067 0.1104546085867677 1.423384352942483
4068 0.1104685072725338 1.423750652069348
4069 0.1104809385546451 1.4241034127018
4070 0.1104947971168217 1.424469686203767
4071 0.1105083464333456 1.424830359590204
4072 0.1105204782899047 1.425182056449065
4073 0.1105340217366704 1.425547649154309
4074 0.1105472770309944 1.425908315740476
4075 0.1105592206699365 1.426260253822306
4076 0.1105726304284904 1.426626299768005
4077 0.1105858390035486 1.426987436621925
4078 0.1105988989564385 1.42734743470422
4079 0.1106106895238427 1.427699357080545
4080 0.1106238940065105 1.428065184237557
4081 0.110635952563282 1.428418707288495
4082 0.1106494978276193 1.428786340657892
4083 0.1106615373769173 1.429140271756976
4084 0.1106748750890903 1.429507520451319
4085 0.1106881019234888 1.429870412535568
4086 0.1107007966854833 1.43023020951331
4087 0.1107133450106892 1.430589747769218
4088 0.1107257996627539 1.430949482775157
4089 0.1107374669758052 1.431305388316364
4090 0.110750203441049 1.431668819584035
4091 0.1107626017783687 1.432029804381024
4092 0.110775084971283 1.432390675915057
4093 0.1107875775665839 1.432751498254748
4094 0.1107992399220827 1.433108380836877
4095 0.1108120066945183 1.433472499393243
4096 0.1108243761257888 1.433833863126538
4097 0.1108359291901943 1.434190915451198
4098 0.1108479803938344 1.434551940582575
4099 0.1108602031349977 1.434914030880463
4100 0.1108725192796019 1.435275735152749
4101 0.1108847269150497 1.435637391858286
4102 0.1108969702744792 1.435999145974162
4103 0.1109092208795322 1.436360913206324
4104 0.1109212933007285 1.436722670763944
4105 0.1109331980020271 1.437084366908195
4106 0.1109453200136598 1.437446704214011
4107 0.1109573885413351 1.437808472493962
4108 0.1109693842535276 1.438170254023254
4109 0.1109812104712692 1.438531848648776
4110 0.1109929042468072 1.438893573981551
4111 0.1110045716614216 1.439255263020516
4112 0.1110162410504065 1.439617014383266
4113 0.1110281582025093 1.439978944918212
4114 0.1110396673798925 1.440340568313094
4115 0.1110512321533966 1.44070243252385
4116 0.1110628282349615 1.441064636398337
4117 0.1110744184343457 1.441426838914597
4118 0.1110860401224156 1.441789304629779
4119 0.1110977106917435 1.442151676658159
4120 0.1111091524964227 1.442514103727115
4121 0.1111205527474615 1.442876349465632
4122 0.1111319471061729 1.443238723701972
4123 0.1111433971522338 1.443601145718434
4124 0.1111552398681281 1.443965813869259
4125 0.1111664397239734 1.444328260924925
4126 0.1111776371931196 1.444690548421458
4127 0.1111888060487197 1.445052988173254
4128 0.1112000020553123 1.445415478088018
4129 0.1112111856094929 1.445777827395701
4130 0.1112222021100443 1.446140423505079
4131 0.1112331462890088 1.446503112746676
4132 0.1112440913586543 1.446865926502682
4133 0.1112552280033444 1.447228631173275
4134 0.1112662837003866 1.447591565123229
4135 0.1112771297903734 1.447954377963874
4136 0.1112879933290906 1.448317421820368
4137 0.1112988520931469 1.448680344920775
4138 0.1113096681675335 1.449043537134675
4139 0.1113204559411858 1.449406636218985
4140 0.1113315792894751 1.449771325778856
4141 0.1113421519093721 1.450134154579863
4142 0.1113528466100744 1.450497119955082
4143 0.1113635235723397 1.450860236239612
4144 0.1113741802345467 1.451223604529554
4145 0.1113846929174573 1.451587101286582
4146 0.1113950730827688 1.451950605518166
4147 0.1114056187523689 1.452314003086736
4148 0.1114161778210759 1.452677595938933
4149 0.1114267374020785 1.453041172883464
4150 0.1114371210956819 1.453404852848267
4151 0.1114473843528141 1.453768474697285
4152 0.1114576000994629 1.454132232509722
4153 0.1114679267763604 1.454496011243501
4154 0.1114784044957525 1.454859971472213
4155 0.1114886646779711 1.455223931780533
4156 0.111498837974235 1.455587896825002
4157 0.111509030684575 1.45595212685104
4158 0.1115191501965316 1.456316078054843
4159 0.1115292219179767 1.456680068486811
4160 0.111539440586228 1.457044296917525
4161 0.1115495016097785 1.457408376794696
4162 0.1115593610399874 1.45777250277746
4163 0.1115693058555607 1.458136729331722
4164 0.1115792721881892 1.458501100263924
4165 0.1115891011870527 1.45886538246225
4166 0.1115989249309313 1.459229817122948
4167 0.1116086382333579 1.459594232955796
4168 0.1116184383713834 1.459958687894143
4169 0.1116282590659508 1.460323035868609
4170 0.1116378994682544 1.460687473730917
4171 0.1116475501115084 1.461051857972355
4172 0.1116571365202814 1.461416414745293
4173 0.1116666579123964 1.461780755473296
4174 0.111676200873481 1.462145532118641
4175 0.1116856606213844 1.462510250919746
4176 0.1116951532880253 1.462874987819178
4177 0.111704596749369 1.463239757782419
4178 0.1117140986509504 1.463604678645065
4179 0.1117235930084933 1.463969546339301
4180 0.1117329097785823 1.464334505952535
4181 0.1117421386698648 1.464699437975983
4182 0.1117513005789849 1.465064440824008
4183 0.1117606654211614 1.465429412940246
4184 0.1117699794885692 1.465794574021636
4185 0.1117791605209486 1.466159658954203
4186 0.1117883084488137 1.466524821323257
4187 0.1117973595946452 1.466889834328374
4188 0.1118063384110955 1.467255002946839
4189 0.1118153177940391 1.467620189579733
4190 0.1118241628054941 1.467984938497875
4191 0.1118331609477382 1.468350125956909
4192 0.1118419877009285 1.468712499150629
4193 0.1118505308122476 1.46907688589273
4194 0.1118602166002061 1.469450327624567
4195 0.1118685458771206 1.469809712969826
4196 0.1118778542397822 1.470181662202115
4197 0.1118861550583021 1.470540757045635
4198 0.1118950400208189 1.470911233215282
4199 0.111904077914178 1.471277766267754
4200 0.1119118920013355 1.471635775880481
4201 0.1119209440791148 1.472007533709492
4202 0.1119288906191768 1.472366853704457
4203 0.1119380961392691 1.472739966719446
4204 0.1119472967945859 1.473107398840911
4205 0.1119566042651697 1.473474933468499
4206 0.1119640505368906 1.473833067480264
4207 0.1119723966500811 1.474203724114815
4208 0.1119808624053325 1.47457033033707
4209 0.1119883914634449 1.474929047626182
4210 0.1119970208383391 1.4753013434651
4211 0.1120056280744768 1.475668587036902
4212 0.1120138197704536 1.476034281652697
4213 0.112020329133833 1.476389991886916
4214 0.1120286983677882 1.476761390760731
4215 0.1120370692830667 1.47712907684993
4216 0.1120443511461353 1.477488193311639
4217 0.1120526529416185 1.477860685504067
4218 0.1120611590455532 1.478228459345178
4219 0.1120692189128931 1.478594693723582
4220 0.1120771719111827 1.478960830999067
4221 0.112085025224282 1.479326903980556
4222 0.1120927903170581 1.479692941320256
4223 0.1121005341433485 1.480059073877124
4224 0.1121074839335112 1.480423757185994
4225 0.1121152796758807 1.480789959930574
4226 0.1121230771265759 1.481156620633894
4227 0.1121308176645355 1.481523329476645
4228 0.1121385091672818 1.481890030230281
4229 0.1121456678947221 1.482255830184478
4230 0.1121531128258338 1.482622510016518
4231 0.1121607136754005 1.482989253043453
4232 0.1121682641791408 1.483355933190657
4233 0.1121757854348127 1.483722721782747
4234 0.1121832764823075 1.484089506865189
4235 0.1121906722304796 1.484456652281462
4236 0.1121978435573113 1.484823502383728
4237 0.1122051884084555 1.485189117714191
4238 0.1122123801514071 1.485556050648764
4239 0.1122195959000749 1.485923061961391
4240 0.1122266828021522 1.486290042291004
4241 0.1122337018978989 1.486656943699191
4242 0.112240683222815 1.487023806091957
4243 0.1122476531209029 1.487390792404819
4244 0.1122546877024781 1.487757869102644
4245 0.1122617549314312 1.488124977185864
4246 0.1122686149993624 1.488492026694816
4247 0.112275421201606 1.488858985483816
4248 0.1122822395581088 1.489225954578218
4249 0.112289078523276 1.48959297308041
4250 0.1122958230968986 1.489960143188865
4251 0.1123024337738931 1.490327338531252
4252 0.1123091193648556 1.490694456511797
4253 0.1123157803051861 1.491061552489195
4254 0.1123223885567268 1.491428925535432
4255 0.1123290329827522 1.491796199300631
4256 0.1123355133869742 1.492163514416102
4257 0.1123419124405296 1.492530791579741
4258 0.1123484402553036 1.492898024995958
4259 0.1123549188100788 1.493265271851867
4260 0.1123613138941737 1.493632547473683
4261 0.1123676042257063 1.493999853601765
4262 0.1123738624251432 1.494367169674911
4263 0.1123800721654058 1.494734551728537
4264 0.1123863102551417 1.495101995720489
4265 0.1123925789479831 1.495469475777459
4266 0.1123986955720236 1.495836958669475
4267 0.1124047787699087 1.496204442195627
4268 0.1124108927385878 1.496571983941796
4269 0.1124166666767501 1.496938772812394
4270 0.1124226506136796 1.49730639796097
4271 0.1124285802241848 1.497674168391922
4272 0.1124346030184725 1.498041957203802
4273 0.1124405687419679 1.49840974901693
4274 0.1124465479365737 1.498777570660526
4275 0.1124524326892962 1.499145417246708
4276 0.1124582424356178 1.499513213856865
4277 0.1124638420876387 1.499880991180143
4278 0.1124694307167404 1.500248737464779
4279 0.1124751913950636 1.500616489644272
4280 0.112480416328051 1.500983117396207
4281 0.1124860930854037 1.501350877681636
4282 0.1124916458006626 1.501718873062224
4283 0.1124971361984069 1.502086915460096
4284 0.1125025925929148 1.502454951970013
4285 0.1125081105277276 1.50282302425391
4286 0.11251365601272 1.503191146831777
4287 0.1125190367294958 1.503559203557486
4288 0.1125243986789813 1.503927358163476
4289 0.1125296249512516 1.50429538805803
4290 0.112534744972428 1.504663372238672
4291 0.1125400615950374 1.505031375008101
4292 0.1125452707416598 1.5053994213813
4293 0.1125503997763299 1.505767452245161
4294 0.1125554764167602 1.506135474550723
4295 0.1125603911379814 1.506503467073865
4296 0.1125653627330436 1.506871666864613
4297 0.1125704028384325 1.507239803714419
4298 0.1125752205595589 1.507607665154285
4299 0.1125801308901441 1.507975731653872
4300 0.1125849492615819 1.508343860733386
4301 0.1125897742173561 1.508712017928236
4302 0.1125945586329226 1.509080260036972
4303 0.1125992285061488 1.509448567656567
4304 0.112604006340083 1.509816895121998
4305 0.1126087244826245 1.510185232009088
4306 0.1126146869126839 1.510558532337552
4307 0.112619260077378 1.510926554518364
4308 0.1126228275801886 1.511289354840029
4309 0.1126274851071572 1.511660032007588
4310 0.1126318281618734 1.512028475711744
4311 0.1126362469925563 1.512397033137544
4312 0.1126407543732369 1.512765439864522
4313 0.1126450961538036 1.513133712964774
4314 0.1126493811226014 1.513501878906693
4315 0.1126535546882772 1.513870036824697
4316 0.1126577762837828 1.514238339683534
4317 0.1126619348261446 1.514606743607497
4318 0.1126660361490681 1.5149751476687
4319 0.1126704447167694 1.515346504018944
4320 0.1126737425229834 1.515707726038453
4321 0.1126780748775581 1.51607910573562
4322 0.1126822195023464 1.51644813991863
4323 0.1126863502099895 1.516817326904232
4324 0.1126903028328242 1.517186322537197
4325 0.1126940143935192 1.517554636996862
4326 0.1126979133230855 1.517923279447939
4327 0.1127018194443042 1.518291924756036
4328 0.1127056893385381 1.518660610611213
4329 0.1127087317441515 1.519024644240455
4330 0.1127128236080508 1.519397071926571
4331 0.1127165618241208 1.519766448242883
4332 0.1127202501399014 1.520135639457382
4333 0.1127239329991437 1.520503619700286
4334 0.1127275851830427 1.520872599719112
4335 0.1127310667901389 1.521241437411444
4336 0.1127347076192222 1.521611217696115
4337 0.1127382191866348 1.521979902084551
4338 0.1127414977630479 1.522348495081178
4339 0.1127447730226659 1.522717051023367
4340 0.1127483037421967 1.5230886547835
4341 0.1127514494589818 1.523454360983828
4342 0.1127545374559131 1.523822463480115
4343 0.112757662165638 1.524191051076633
4344 0.1127608284386465 1.524559810535034
4345 0.112763818308302 1.524928711982091
4346 0.1127667381546902 1.525297556818964
4347 0.1127698872427605 1.525666487043603
4348 0.1127729821067833 1.526035440773923
4349 0.1127760282074448 1.52640437190921
4350 0.112778907392642 1.526773272513795
4351 0.1127817637322235 1.527142191734155
4352 0.1127846045348841 1.527511208974534
4353 0.1127874149539821 1.527880242284478
4354 0.1127910989000204 1.528255344919202
4355 0.1127931968077026 1.528617151359816
4356 0.1127955089329986 1.528984905292492
4357 0.1127980916514701 1.529354272470017
4358 0.1128007859374557 1.529723917126738
4359 0.1128033713201612 1.530093039892622
4360 0.1128059201502381 1.530462467823754
4361 0.112808522571878 1.530831707168095
4362 0.1128110349525209 1.531200832941052
4363 0.1128135420726959 1.531569936410965
4364 0.1128160464927396 1.531939048452392
4365 0.1128184071830299 1.532308160330729
4366 0.1128206215453147 1.532677267724136
4367 0.1128227853706822 1.533046288976842
4368 0.1128258826044248 1.533421616306942
4369 0.1128275397611807 1.53378343742066
4370 0.112829409282415 1.534151457144574
4371 0.1128314346941388 1.534520960510801
4372 0.1128334856048521 1.534890632021337
4373 0.112835527495299 1.535260178034746
4374 0.1128376668427292 1.535629534340478
4375 0.1128397024930159 1.535998808027157
4376 0.1128417116604477 1.536368047153625
4377 0.1128436058563138 1.536737238353365
4378 0.1128454188249043 1.537106410420327
4379 0.1128471561841038 1.537475556370501
4380 0.1128489402755586 1.537844694177946
4381 0.1128515082513851 1.538220134013342
4382 0.1128526609005767 1.538582284713939
4383 0.112854012559779 1.538950388770619
4384 0.1128555148412241 1.539319884577265
4385 0.1128569822991774 1.53968956823968
4386 0.1128585461967328 1.540059121784904
4387 0.1128597992730722 1.540426303039086
4388 0.1128612803191694 1.540795544270338
4389 0.1128627941549945 1.541165179155066
4390 0.1128642048135829 1.541534818451464
4391 0.1128656014056079 1.541904377552876
4392 0.1128668649158547 1.542273932114887
4393 0.1128681453985482 1.542643445685562
4394 0.1128695370086016 1.543012864771791
4395 0.1128706814317983 1.543382167841376
4396 0.1128716236810473 1.543750587135541
4397 0.1128726438419192 1.544119596789775
4398 0.1128736855083713 1.544488819337238
4399 0.1128747012871182 1.544858152894484
4400 0.11287561842742 1.545227559210148
4401 0.1128766190367949 1.545596908817821
4402 0.1128776248513517 1.545966204002613
4403 0.1128785072306166 1.546335451057594
4404 0.1128793515129638 1.546704632238864
4405 0.1128804247326829 1.547075637477931
4406 0.1128810689642138 1.54744465348063
4407 0.1128817001793786 1.547813583125591
4408 0.1128822397045699 1.548182504722475
4409 0.1128828942734968 1.548551425722767
4410 0.1128833830577252 1.548920396236316
4411 0.1128838891615123 1.549289248672968
4412 0.1128844692149749 1.549658418310209
4413 0.112884938031036 1.550027625279012
4414 0.1128852900985162 1.550396813407448
4415 0.1128854915092848 1.550765987451377
4416 0.1128858851676344 1.551135174790667
4417 0.1128860806953409 1.551504264762204
4418 0.1128864863454165 1.551873500183965
4419 0.1128867453264284 1.552242738222728
4420 0.112886853683775 1.552612015475366
4421 0.1128869365997386 1.552981282942736
4422 0.112887197320153 1.553350576234739
4423 0.1128874433772661 1.553719947016745
4424 0.1128872175018731 1.5540883244932
4425 0.1128871842267899 1.554457646766098
4426 0.1128870308833138 1.5548268863624
4427 0.1128869774143964 1.555196302412393
4428 0.1128871061165846 1.555565762187251
4429 0.1128870781033853 1.555935255426399
4430 0.112886943564499 1.556304821674429
4431 0.1128867263719913 1.556674159550783
4432 0.1128864727517233 1.557043442312655
4433 0.1128861970407941 1.557412777203576
4434 0.1128858632266288 1.557782094103267
4435 0.1128855078459902 1.558151401024902
4436 0.112885615885537 1.558522061977807
4437 0.1128851067764432 1.558891207396138
4438 0.1128845902347285 1.55926017881798
4439 0.1128839597067233 1.559629132702796
4440 0.1128834368089223 1.559998763772542
4441 0.1128826235797686 1.560367830251591
4442 0.1128815525397501 1.560735773095773
4443 0.112880882007763 1.561104743819242
4444 0.1128801160619137 1.561473791520177
4445 0.1128791769420318 1.561842853135549
4446 0.1128784621053294 1.562213512587661
4447 0.1128777909410788 1.562582954626365
4448 0.1128769379277326 1.562951997996269
4449 0.1128760763759524 1.563321033913962
4450 0.1128750153759742 1.563690042057489
4451 0.1128739022959678 1.564059012671106
4452 0.1128728042861449 1.56442797711135
4453 0.1128717872882147 1.564797074294715
4454 0.112870807249001 1.565166304487682
4455 0.1128694295373967 1.565535506006355
4456 0.1128680612432556 1.565904594908677
4457 0.1128674151704379 1.566279338730592
4458 0.1128654970925646 1.566640868398515
4459 0.112863962471891 1.567008925100706
4460 0.1128625099282252 1.567378718766288
4461 0.1128610820582596 1.5677485717498
4462 0.1128596274133126 1.568118240253575
4463 0.1128581776378553 1.568487744333651
4464 0.1128568894131474 1.568857128795505
4465 0.1128553838013 1.569226445804078
4466 0.1128537507486561 1.569595640078732
4467 0.1128520599033724 1.569964727177638
4468 0.1128503348420886 1.570333835096815
4469 0.1128486000854975 1.57070297164328
4470 0.1128468955156025 1.5710721085291
4471 0.112846598143323 1.571446308917658
4472 0.1128445941105842 1.571814734275509
4473 0.1128426054596866 1.57218336928912
4474 0.1128404072602849 1.572551706308012
4475 0.1128380779557125 1.572920060897165
4476 0.1128358762732675 1.573288469794102
4477 0.1128336587260378 1.573656959854509
4478 0.1128314239705337 1.574025435479085
4479 0.1128291159855403 1.574393861599222
4480 0.1128266717024638 1.574762346267329
4481 0.1128241805357977 1.575130948274724
4482 0.112821822763259 1.575499706149866
4483 0.1128196439160947 1.575868638559218
4484 0.1128174277216496 1.576237638298289
4485 0.11281506099434 1.576606609710659
4486 0.1128126466966732 1.576975496600738
4487 0.1128101113422959 1.577344345264121
4488 0.1128075565378426 1.577713277274623
4489 0.1128051969744886 1.578082602241878
4490 0.1128027085300193 1.578451535869554
4491 0.1128000851039957 1.578820416046871
4492 0.1127973753566357 1.579189230089937
4493 0.1127946834817442 1.579558012525563
4494 0.1127918687159764 1.579926475487183
4495 0.1127890428366712 1.580295401325687
4496 0.1127861696525423 1.580664317538754
4497 0.1127833233754374 1.581033121267837
4498 0.1127804395641509 1.581401861811757
4499 0.112777545971602 1.581770561560539
4500 0.1127744640351994 1.582139165580091
4501 0.1127712745234148 1.582507717764839
4502 0.112767300115788 1.582874640423139
4503 0.1127642541019882 1.583243341386481
4504 0.1127612947579441 1.583612271490151
4505 0.1127582417013945 1.58398125556137
4506 0.112755189002176 1.584350258013916
4507 0.1127519860345675 1.584719177999971
4508 0.1127486257403935 1.585087946168858
4509 0.1127453903153371 1.585456684474813
4510 0.1127421083607669 1.585825429220638
4511 0.1127387934417059 1.586194227216484
4512 0.112735472836499 1.586563048221104
4513 0.1127321087085196 1.586931905732673
4514 0.1127286674587184 1.587300748031101
4515 0.1127247194544531 1.587668015924875
4516 0.1127211791301491 1.5880365128413
4517 0.1127176224213905 1.588405307517229
4518 0.1127140182011866 1.588774172875859
4519 0.1127104210867923 1.589143003236507
4520 0.1127066597400595 1.58951172660483
4521 0.1127025507239799 1.589879589941235
4522 0.1126986732703178 1.590248217536964
4523 0.112694910047659 1.590616841359505
4524 0.1126910796747592 1.590985459785117
4525 0.1126871314477071 1.59135404330978
4526 0.1126831199105732 1.5917225246428
4527 0.1126789663119728 1.592090702249628
4528 0.1126747814780156 1.592458988830306
4529 0.1126708364499786 1.592828863870962
4530 0.1126667576995326 1.593197219915556
4531 0.1126625858052659 1.593565373991924
4532 0.1126583208845724 1.593933456734733
4533 0.1126543567403854 1.594303053912581
4534 0.1126499741433232 1.594671095324562
4535 0.1126454576788561 1.595038957498957
4536 0.1126408720418827 1.595406851187481
4537 0.1126364046922758 1.595774801432101
4538 0.1126319546748883 1.596142769740904
4539 0.1126273611668434 1.596510750806945
4540 0.112622699633488 1.59687870727588
4541 0.1126180074444961 1.59724666625097
4542 0.1126133333026308 1.597614724046439
4543 0.1126086485924527 1.597982876272167
4544 0.112603877225172 1.598350975918007
4545 0.1125990945106861 1.598719003919285
4546 0.1125942189207959 1.599086971078441
4547 0.1125893596957223 1.599454924754462
4548 0.1125845386209516 1.599822935423995
4549 0.1125795006809585 1.600190233569151
4550 0.1125743405547547 1.600558130970432
4551 0.1125691828778693 1.600926137030309
4552 0.1125641944813973 1.601294144352349
4553 0.1125591952073063 1.601662181779425
4554 0.1125541560690913 1.602030232618983
4555 0.1125489659464202 1.60239823136686
4556 0.1125436990526841 1.602766101204626
4557 0.1125383464013495 1.60313391575104
4558 0.1125330033001288 1.603501737172288
4559 0.1125277969330152 1.603869536533918
4560 0.1125224236912109 1.604237379266289
4561 0.1125170052507606 1.604605153054045
4562 0.1125114999234642 1.604972832457024
4563 0.1125059768849199 1.605340518895203
4564 0.1125004331222879 1.605708202875768
4565 0.1124948367202277 1.606075886417565
4566 0.1124892499823503 1.606443552291122
4567 0.1124835811055373 1.606811161503644
4568 0.1124778843343476 1.607178702440145
4569 0.1124721885897381 1.607546217732437
4570 0.112466295952283 1.607913757809708
4571 0.1124603598465888 1.608281274514072
4572 0.1124545604712302 1.608648771632765
4573 0.1124487134518297 1.609016250515941
4574 0.1124428476061072 1.609383673532893
4575 0.1124368242282652 1.609751047336314
4576 0.1124306893723541 1.610118371458927
4577 0.1124244845533377 1.610485718991624
4578 0.1124186006467828 1.610854642199955
4579 0.1124126364529429 1.611221802081599
4580 0.1124064213110158 1.61158883463685
4581 0.112400100678827 1.611955803852561
4582 0.1123937214339456 1.612322731655637
4583 0.1123873636663857 1.612689710398783
4584 0.1123810142752281 1.613056824854151
4585 0.112374554238858 1.613424005957819
4586 0.1123681447514309 1.613791114183978
4587 0.1123616242669751 1.61415813649575
4588 0.1123550950096696 1.614525107655878
4589 0.1123481738898729 1.614890752803341
4590 0.112343912294122 1.61526800262373
4591 0.1123349774405943 1.615624450442643
4592 0.1123286488052623 1.615993863782757
4593 0.112323713822973 1.616368144984481
4594 0.1123148491595871 1.616725412977903
4595 0.1123076294033841 1.617090016274185
4596 0.1123007636939588 1.617456824096727
4597 0.1122938320794648 1.617821167745703
4598 0.1122866931570152 1.618191633328915
4599 0.1122801487296046 1.618556598294878
4600 0.112273239521395 1.618927170984889
4601 0.1122692204391201 1.619307667875548
4602 0.1122598604480732 1.619661671929346
4603 0.1122522676706417 1.620025921594648
4604 0.1122449455018198 1.620392625186264
4605 0.1122376572252552 1.62075979516186
4606 0.1122306180316382 1.621126941693708
4607 0.1122233616860526 1.62149389432238
4608 0.1122161497437051 1.621860730754437
4609 0.1122089110047921 1.622227449240812
4610 0.1122015267878541 1.622594053035611
4611 0.1121940960097764 1.622960594656799
4612 0.1121865326756657 1.623327076675278
4613 0.1121790890239898 1.62369351265309
4614 0.1121716189184664 1.624056481731768
4615 0.1121637205088332 1.624425914077959
4616 0.1121563167021476 1.624793029981273
4617 0.1121486919858645 1.625156239597085
4618 0.1121405996623815 1.625525376562646
4619 0.1121334252744919 1.625893171578843
4620 0.1121258166987878 1.626256385530835
4621 0.1121176606035021 1.626625071438674
4622 0.1121099026996635 1.626991499174012
4623 0.1121021733807347 1.627357675009325
4624 0.1120940325011222 1.627723320303167
4625 0.1120858660160306 1.62808889681861
4626 0.112077930395733 1.628451513788591
4627 0.1120694207240524 1.628820035364612
4628 0.1120613770713743 1.62918640326201
4629 0.1120532531755464 1.629552139109033
4630 0.1120455226049985 1.629920962348809
4631 0.1120390986912604 1.630294171063329
4632 0.1120283596605235 1.630648216018236
4633 0.112019683066471 1.631012124515139
4634 0.1120116954619783 1.631380921393566
4635 0.1120049456760411 1.631751657364183
4636 0.1119939702978462 1.632107950049334
4637 0.1119875293878925 1.632481518179671
4638 0.1119767784483083 1.632839021114039
4639 0.1119700336925938 1.633211607617678
4640 0.1119593689481601 1.633570218072762
4641 0.1119525409950223 1.633941432805315
4642 0.1119420805909245 1.634301501980584
4643 0.1119334535721371 1.634662540567295
4644 0.1119245608950344 1.635028373355905
4645 0.1119156478060161 1.635394990283216
4646 0.1119070004908394 1.635761581600811
4647 0.1118983946120169 1.636131486437505
4648 0.1118909294618598 1.636503143224178
4649 0.1118829443994847 1.636871490924063
4650 0.1118729808069254 1.637231168640481
4651 0.1118650889720676 1.637598676286288
4652 0.1118538011909301 1.637956158118706
4653 0.1118444077589416 1.638319448728548
4654 0.1118352245028252 1.638683963118112
4655 0.1118264357575547 1.639052270485452
4656 0.111819028742533 1.639421924541853
4657 0.1118070651634234 1.639778706405143
4658 0.1118000300809598 1.640153838090968
4659 0.1117884015820932 1.640508273348995
4660 0.1117786524876602 1.640871549115145
4661 0.1117697437014229 1.641239791802048
4662 0.1117623292599703 1.641610421163397
4663 0.1117502290217346 1.641966287446965
4664 0.111742909413412 1.642339080700165
4665 0.1117306719287622 1.642695409532726
4666 0.1117234687363633 1.643070376350175
4667 0.1117114744983799 1.643424212457802
4668 0.1117007322646865 1.643784995491629
4669 0.1116909348465546 1.64414957950765
4670 0.1116813216782562 1.644515053489899
4671 0.1116716554281632 1.644880637985871
4672 0.1116621215189801 1.645246079976618
4673 0.1116526031999411 1.645611341665605
4674 0.1116434576121549 1.645979692824232
4675 0.1116345759665167 1.646347261541046
4676 0.11162302998656 1.646704369645657
4677 0.1116135307716279 1.647069843968187
4678 0.1116025004535189 1.647433365671679
4679 0.1115921483994984 1.647792945260084
4680 0.1115825824278511 1.648162318374814
4681 0.1115724429329557 1.648523805764743
4682 0.1115619714712582 1.648890858654506
4683 0.1115518073313162 1.649252098614597
4684 0.1115412727439435 1.649618819065111
4685 0.1115309754557797 1.649980011683036
4686 0.1115202450303394 1.650346609095486
4687 0.1115099125480186 1.650707441550735
4688 0.1114991382625382 1.651073552135949
4689 0.1114886029413586 1.651437069752408
4690 0.1114779553936738 1.651800343270214
4691 0.111467132966612 1.652162989836604
4692 0.1114556971284126 1.652521965441795
4693 0.1114451424561252 1.652890913594573
4694 0.1114349062679585 1.65324949664312
4695 0.1114242910863606 1.653619188234383
4696 0.1114137429549507 1.653983241649396
4697 0.1114029472363353 1.654346459695977
4698 0.1113917811417279 1.654704292237293
4699 0.1113804887363076 1.65506976710116
4700 0.1113696252164091 1.655433509783999
4701 0.111358574199851 1.655796845349119
4702 0.1113474424640969 1.656159428528128
4703 0.1113362783271554 1.656521889596698
4704 0.1113249802846003 1.656884242413536
4705 0.1113140840095728 1.65724681553642
4706 0.1113018902498022 1.657602710323748
4707 0.1112900948678342 1.657968000270684
4708 0.1112793049141293 1.658332721401009
4709 0.1112682725427182 1.658693552783714
4710 0.1112563880150241 1.659058920845295
4711 0.1112450386973148 1.659422163110976
4712 0.111233571495202 1.659784811049868
4713 0.1112220750231677 1.660147187624297
4714 0.1112105812328416 1.660509403545677
4715 0.1111989039539657 1.660871520708403
4716 0.1111872305711565 1.661233503023971
4717 0.1111755098393091 1.661595404159147
4718 0.1111636765405746 1.661957314156129
4719 0.111151775035455 1.662319311023585
4720 0.1111400126303814 1.662681803090564
4721 0.1111282493383702 1.663043888198899
4722 0.1111163817525595 1.663405880906577
4723 0.1111046805740798 1.663765469674112
4724 0.1110921893223661 1.664129422547796
4725 0.1110820667325052 1.6645019482204
4726 0.1110683898301495 1.664855046403144
4727 0.1110559461515267 1.665214138537914
4728 0.1110432597709153 1.66557363326649
4729 0.1110310248270145 1.665934792944553
4730 0.1110187501244788 1.666296448963756
4731 0.1110065120289442 1.666658284297469
4732 0.1109943335256387 1.667020228295279
4733 0.1109825991985491 1.667383469033024
4734 0.1109702378538052 1.667745286950708
4735 0.1109577291549815 1.668106580835205
4736 0.1109450464894194 1.6684672144987
4737 0.1109325734148225 1.668828281482504
4738 0.1109197154254876 1.669188699347403
4739 0.1109067534831476 1.669549125205607
4740 0.1108938320643489 1.669909964232887
4741 0.1108811234539597 1.670271008413239
4742 0.1108705480363042 1.670640007139644
4743 0.1108559662271097 1.670992375303943
4744 0.1108434120659158 1.671349215223242
4745 0.1108307874285018 1.671707430080599
4746 0.1108161745323944 1.672066826446247
4747 0.1108058793752777 1.672446943637896
4748 0.1107919925223753 1.672800829341078
4749 0.1107792149222834 1.673159258798781
4750 0.1107662869932571 1.673519262440632
4751 0.1107532276545956 1.673879141035209
4752 0.1107400693146837 1.674238542464134
4753 0.1107270552936661 1.674598918251632
4754 0.1107138983086733 1.674958837623788
4755 0.1107004461341962 1.675318920923015
4756 0.110687106926309 1.675679039822888
4757 0.1106746322118625 1.676040725901885
4758 0.1106612710044578 1.676400783673229
4759 0.1106470333121953 1.676758575533175
4760 0.1106335259447117 1.677118207450929
4761 0.1106200566744253 1.677478046689776
4762 0.1106061499047608 1.677831457384138
4763 0.110593657551746 1.678200205122951
4764 0.110579034603657 1.678551625202355
4765 0.1105654255426975 1.678913543004176
4766 0.1105519286640432 1.679277943879744
4767 0.1105386561305743 1.679638321141916
4768 0.110525192537691 1.679997639331298
4769 0.1105116848377641 1.680357291692616
4770 0.110497653966663 1.680715671358977
4771 0.1104836067286253 1.681074078246043
4772 0.1104695689237427 1.681432636989963
4773 0.110455582705976 1.68179134239004
4774 0.1104416473464409 1.682150127499622
4775 0.1104275235889265 1.682508876106549
4776 0.110413236124472 1.682867523774238
4777 0.1103990180722863 1.683226044417954
4778 0.110384908509886 1.683584528963446
4779 0.110370782544053 1.683943051471295
4780 0.1103565684215297 1.684301567980702
4781 0.1103422243093222 1.68465998357909
4782 0.1103278265105142 1.685018289173953
4783 0.1103133976782202 1.685376587748025
4784 0.1102990158695063 1.685734847713735
4785 0.1102846599419389 1.686093078620541
4786 0.1102701572502402 1.686451255944748
4787 0.1102556316023652 1.686809300463036
4788 0.1102413583305058 1.687168154335134
4789 0.1102267809296442 1.687525973768178
4790 0.1102120208544062 1.6878836128139
4791 0.1101971664773191 1.688241290767518
4792 0.1101824757127128 1.688598918914908
4793 0.110167768779131 1.688956495427131
4794 0.1101523695438397 1.689312819264408
4795 0.1101370895043577 1.68966956325394
4796 0.1101220584347346 1.690027087392305
4797 0.1101071237010807 1.690384726081209
4798 0.1100919318426936 1.690741308252136
4799 0.1100769275841249 1.691098340530753
4800 0.1100620265548183 1.691455678212967
4801 0.1100471875997722 1.691813142685199
4802 0.110032274403891 1.692170623362202
4803 0.1100173786090756 1.692528127480802
4804 0.1100025830517418 1.692885517173478
4805 0.1099875842216824 1.693242703160741
4806 0.109972444118493 1.693599657275279
4807 0.1099571858087616 1.693956397384713
4808 0.1099418981302582 1.69431302336027
4809 0.1099265938577113 1.694669645114489
4810 0.1099111634424579 1.695026233321868
4811 0.1098957616655102 1.695382649606336
4812 0.1098802443654916 1.695738890469229
4813 0.1098646941906216 1.696095016087975
4814 0.109849141100295 1.696451079843284
4815 0.1098334681021513 1.696807175517128
4816 0.1098177645486235 1.697163231682273
4817 0.1098020715973487 1.697519131288491
4818 0.1097863198403005 1.697874904232374
4819 0.1097705523709425 1.69823057877587
4820 0.1097546857624184 1.698586192603651
4821 0.1097388146270169 1.698941801269841
4822 0.1097228932023278 1.699297380910242
4823 0.1097069072841113 1.699652900596903
4824 0.1096910085491219 1.700008232275379
4825 0.1096749281941427 1.700363468285033
4826 0.1096588533068756 1.700718629933372
4827 0.1096452572961034 1.701082646264652
4828 0.1096270368254514 1.701429595112042
4829 0.1096123531458739 1.701790141429501
4830 0.1095939015277583 1.702138126416703
4831 0.1095774971057305 1.702491504276295
4832 0.1095612610492586 1.70284633447587
4833 0.1095469207025139 1.703208449693469
4834 0.1095286714884656 1.703556421729736
4835 0.1095120340646415 1.703909639395198
4836 0.1094973453920086 1.704271390006719
4837 0.1094789909272508 1.704619510711716
4838 0.1094624256196602 1.704972511151669
4839 0.1094477682165465 1.705333696188023
4840 0.1094294025107384 1.705681882073758
4841 0.1094123873291467 1.706034053265976
4842 0.1093974115020111 1.706394665615125
4843 0.1093790720322868 1.706743092367873
4844 0.1093622758776834 1.70709579316043
4845 0.109347302102084 1.7074563302047
4846 0.1093288606068529 1.707804590901792
4847 0.1093119004539194 1.708156963116672
4848 0.1092951189501698 1.708510670748819
4849 0.1092799453594275 1.70887132019592
4850 0.1092612510142141 1.709218642051981
4851 0.1092457440654847 1.709576831165809
4852 0.1092270753305002 1.709924725378726
4853 0.1092099340853078 1.710276629011025
4854 0.1091929219183576 1.710629822721902
4855 0.1091757794593887 1.710983064379438
4856 0.1091603464711974 1.71134304573495
4857 0.1091413653526764 1.711689447658086
4858 0.1091256375586962 1.712047115406881
4859 0.1091066971281604 1.712394298072502
4860 0.1090891455089602 1.71274554696815
4861 0.1090717630043618 1.713098022265865
4862 0.1090543929079533 1.713450607321654
4863 0.109038784031367 1.713809884791729
4864 0.1090196332182796 1.714155775013365
4865 0.1090034711430694 1.714512732446213
4866 0.1089841584922441 1.714859337459805
4867 0.1089663830769919 1.715209917433249
4868 0.1089488391980433 1.715561826494665
4869 0.1089313372523293 1.715913894371189
4870 0.1089153267287591 1.716272527261534
4871 0.1088957515763857 1.716617797614367
4872 0.1088794274293401 1.716973998846033
4873 0.1088599184073246 1.717320023816773
4874 0.1088419707410764 1.717669950735695
4875 0.1088241154345457 1.718021338643274
4876 0.1088062246616459 1.718372753740804
4877 0.1087899741765337 1.718730675773901
4878 0.1087701613781788 1.719075250325689
4879 0.1087536610641144 1.719430889557401
4880 0.1087338705465686 1.719776352307138
4881 0.1087156078375352 1.720125791343015
4882 0.1086999427817561 1.720483960479316
4883 0.1086786726659618 1.720825576987749
4884 0.1086634149980274 1.721183884393573
4885 0.1086419793064846 1.721525980898473
4886 0.1086265053366733 1.721883730749666
4887 0.1086050668081314 1.722225949704097
4888 0.1085896696927092 1.722583286501543
4889 0.1085679280917239 1.722925123248609
4890 0.1085521306036078 1.723281417406441
4891 0.1085300442301703 1.723622632376594
4892 0.1085102162676265 1.723969972763878
4893 0.1084918831885037 1.724319477259212
4894 0.1084736668994708 1.724669511161962
4895 0.1084554231042438 1.725019622722569
4896 0.1084368749103939 1.725366410278841
4897 0.1084182558122749 1.725716191826349
4898 0.1083999781839852 1.726069744516566
4899 0.1083815615862394 1.726416644845627
4900 0.1083629987236887 1.726769162302157
4901 0.1083442599017509 1.7271154270927
4902 0.1083255888802261 1.727467325791851
4903 0.1083069214666156 1.727816308994011
4904 0.1082879662119859 1.7281614484373
4905 0.1082692137030719 1.728513365588064
4906 0.1082502942460046 1.728861826465474
4907 0.1082310991777111 1.729209587628373
4908 0.1082117747707592 1.729557172198815
4909 0.1081926146246805 1.72990455352563
4910 0.1081733660597927 1.730251931695811
4911 0.108154105154837 1.73059924614689
4912 0.1081346735103239 1.730946446140471
4913 0.1081151783465275 1.731293575097017
4914 0.1080956782629287 1.731640617113756
4915 0.1080763069718561 1.73198775266165
4916 0.1080569020990762 1.732334756544971
4917 0.1080373702490241 1.732681614696424
4918 0.1080178428980026 1.733028506120256
4919 0.1079982070929341 1.733375060863808
4920 0.1079784630286577 1.733721615109277
4921 0.1079588236449329 1.734068114413423
4922 0.107939212052004 1.734414547176496
4923 0.1079194849324264 1.734760863940378
4924 0.1078997318941305 1.735106984664547
4925 0.1078798551811229 1.735452967215134
4926 0.1078600071124953 1.735798864320283
4927 0.1078400627101508 1.736144746600771
4928 0.1078200728178868 1.736490556053664
4929 0.1078002340018984 1.73683620625281
4930 0.107780199338974 1.737181702715185
4931 0.1077601791085707 1.737527062351105
4932 0.1077401408692018 1.737872290270624
4933 0.1077199949057264 1.738217441251955
4934 0.1076998497003458 1.738562520333087
4935 0.1076795444689053 1.738907514425668
4936 0.1076593178137047 1.739252362507529
4937 0.1076391531287115 1.739597058944184
4938 0.1076187220643209 1.739941258882709
4939 0.1075984138895412 1.740285765042374
4940 0.1075780457042474 1.740630191238723
4941 0.1075576592534718 1.740974507721265
4942 0.1075371841583815 1.741318725297545
4943 0.1075166146401875 1.741662782351453
4944 0.1074961824156835 1.742006666734282
4945 0.1074754153978358 1.742349550693462
4946 0.1074548398296999 1.742693227755649
4947 0.1074343189264839 1.743036986274773
4948 0.1074136698154172 1.743380604756696
4949 0.1073928355718572 1.743723811913871
4950 0.1073719861052664 1.744067167950469
4951 0.1073512637196616 1.7444103841597
4952 0.1073306262283545 1.744753503533752
4953 0.1073098556827159 1.745096475561016
4954 0.1072889636422976 1.745439228364765
4955 0.1072679508684443 1.745781771277648
4956 0.1072469528696597 1.746124223006624
4957 0.1072259448371119 1.746466676237318
4958 0.1072049626393912 1.746809046689512
4959 0.1071836853224234 1.747150686353098
4960 0.1071625170455915 1.74749258657329
4961 0.1071413843454594 1.747834425755672
4962 0.1071202701732623 1.748176187687693
4963 0.1070991574931863 1.748517896592072
4964 0.1070779484839809 1.748859571969175
4965 0.1070565226948583 1.749201071157379
4966 0.1070355373425584 1.749542860764935
4967 0.1070142081010429 1.749884006254572
4968 0.106991608660772 1.750221120748561
4969 0.1069703637759592 1.750562374988332
4970 0.1069490108442598 1.750903805294285
4971 0.106927571058867 1.751245017745324
4972 0.1069061776606747 1.751585967058386
4973 0.1068848264586071 1.751926715751241
4974 0.1068633874825185 1.752267284242251
4975 0.1068417911801016 1.752607702786173
4976 0.1068201754469433 1.75294792310083
4977 0.1067984973864496 1.753287950233295
4978 0.1067767422386738 1.753627863555077
4979 0.1067548127305219 1.753967290443917
4980 0.106733049815685 1.754306808591333
4981 0.1067112277670655 1.754646269086638
4982 0.1066903042442118 1.754988168065424
4983 0.1066683559165163 1.755327259293475
4984 0.1066462950577305 1.755665814645971
4985 0.1066240704333504 1.756004233137449
4986 0.1066018049922506 1.756342618173803
4987 0.106579737601154 1.756680962385445
4988 0.1065578427998286 1.757019524586535
4989 0.1065357063364965 1.757357779380571
4990 0.1065134546120136 1.757695801783015
4991 0.1064911152485664 1.758033691055022
4992 0.106468774852145 1.758371537197025
4993 0.1064465273681363 1.7587093322195
4994 0.1064243358143991 1.759046998122444
4995 0.1064019534161439 1.759384506569181
4996 0.1063795112119809 1.759721823119212
4997 0.1063570730019265 1.760058993130024
4998 0.1063346400586199 1.760396101610881
4999 0.1063121600346034 1.760733199983644
5000 0.1062896092535784 1.761070148653589
5001 0.1062671047317448 1.761406896449591
5002 0.1062445224890277 1.761743477158174
5003 0.1062219529145301 1.762079914135515
5004 0.1061987408280184 1.762414692345531
5005 0.1061761474574473 1.762750815551746
5006 0.106153494766946 1.76308718502328
5007 0.1061307534993423 1.763423467858865
5008 0.1061080624919901 1.76375937757201
5009 0.1060853959051023 1.764095242194235
5010 0.1060626257764452 1.764430995370319
5011 0.1060398615390628 1.76476658950677
5012 0.1060169868557714 1.765101984912619
5013 0.1059940716227734 1.76543718501407
5014 0.1059710518580263 1.76577221482005
5015 0.1059478148351028 1.766106285853138
5016 0.1059249005272993 1.766441086550767
5017 0.105901907464792 1.766775859284069
5018 0.105878890502365 1.767110428766008
5019 0.1058557820986921 1.767444751492635
5020 0.1058325266655641 1.767778810867507
5021 0.1058092597837159 1.768112794325653
5022 0.1057859525056224 1.768446700260289
5023 0.1057628336361069 1.768780488679268
5024 0.105739580110618 1.769114076024502
5025 0.1057159879997966 1.769446969480304
5026 0.1056926591839478 1.76978024537644
5027 0.1056692688777336 1.770113389324126
5028 0.1056458306755871 1.77044648256529
5029 0.1056223685928627 1.770779430816744
5030 0.1055989124692082 1.771112156406767
5031 0.1055753982437555 1.771444677465355
5032 0.1055518535198407 1.77177701522517
5033 0.1055282605942866 1.772109225788606
5034 0.1055046564147098 1.772441327809908
5035 0.1054808825637926 1.772773322738938
5036 0.1054570955785679 1.773105121875717
5037 0.1054334659300651 1.77343673006646
5038 0.105409714317403 1.773768190555635
5039 0.105385941389027 1.774099498815312
5040 0.1053619954875541 1.774430476396862
5041 0.1053381401465031 1.774761495912769
5042 0.1053145250670167 1.775092830159428
5043 0.1052904640636117 1.775423633192006
5044 0.1052665260932969 1.77575412077029
5045 0.1052424264533882 1.776084444157689
5046 0.1052183262809 1.776414747440966
5047 0.1051943301919474 1.77674477121857
5048 0.105170235282413 1.777074703433198
5049 0.105146028217587 1.777404506726143
5050 0.1051217325450208 1.77773410929615
5051 0.1050975924958565 1.77806354744587
5052 0.1050734489403594 1.778392917461635
5053 0.1050495206788918 1.778722192322366
5054 0.1050251809326446 1.779051287828294
5055 0.1050006967398634 1.779380100362599
5056 0.1049762019043844 1.779708732253553
5057 0.1049517466857651 1.780037281334141
5058 0.104927505670569 1.780365742322776
5059 0.1049031352596839 1.78069405016875
5060 0.1048785754003005 1.781022122890404
5061 0.104853994637967 1.781349964486052
5062 0.1048294084111805 1.781677681789388
5063 0.1048048650365193 1.782005371073021
5064 0.1047803802882972 1.782332953488984
5065 0.1047557289790657 1.782660340936987
5066 0.1047310135266483 1.782987483108756
5067 0.1047063138290072 1.783314416480716
5068 0.1046816616573236 1.78364123997562
5069 0.1046569939458348 1.783967978407148
5070 0.1046321539252566 1.78429198559215
5071 0.1046070100662825 1.78461819475832
5072 0.1045821193303453 1.784944784821263
5073 0.1045573169263546 1.785271375629243
5074 0.1045325851296479 1.785597777632881
5075 0.104507659613463 1.785923971212451
5076 0.1044827337171028 1.786249949894316
5077 0.1044572898434916 1.78657232578628
5078 0.1044338910553123 1.786910784248705
5079 0.1044082367040559 1.787229867994362
5080 0.1043830242573995 1.787553442360848
5081 0.1043578855711643 1.787877917176102
5082 0.1043327549902902 1.788202284102055
5083 0.1043075835253466 1.788526411299367
5084 0.104282340911384 1.788850322807963
5085 0.1042569151868475 1.789174006328357
5086 0.1042315432868623 1.789497468273338
5087 0.1042060732953172 1.789817749868477
5088 0.1041806360337175 1.790144227847363
5089 0.1041555062676851 1.79046811728757
5090 0.1041300520039627 1.790788259378399
5091 0.104104192815893 1.791113617955021
5092 0.1040787112383999 1.791433717475272
5093 0.1040534186963935 1.791759738070932
5094 0.1040281058848718 1.792079697756867
5095 0.1040026545469745 1.79240529883
5096 0.1039770964065597 1.792724740515988
5097 0.1039513075928713 1.793046469770718
5098 0.1039257280246364 1.793371932139735
5099 0.1039003862505554 1.793694150532466
5100 0.103875320523091 1.794013897543919
5101 0.1038495152671678 1.794337911117244
5102 0.1038236820057088 1.794655741149901
5103 0.1037981282836985 1.794982375306168
5104 0.1037721412446191 1.795299878697491
5105 0.1037458277230683 1.795615632314166
5106 0.10371985882018 1.795939618942149
5107 0.1036941079590647 1.796260510373438
5108 0.1036677972537422 1.796574159657841
5109 0.1036425087146277 1.796905233640632
5110 0.1036165510045691 1.797221391260841
5111 0.1035904553684124 1.797539882740581
5112 0.1035643910078172 1.797859179713292
5113 0.1035382621101856 1.798178316842118
5114 0.1035121791159365 1.798497124129297
5115 0.1034860290007723 1.798815596161996
5116 0.1034598039435386 1.799133760038178
5117 0.1034335420745411 1.799451691167102
5118 0.1034072697091564 1.799769527274183
5119 0.1033809850282439 1.800087371803101
5120 0.1033545876728444 1.800405277057652
5121 0.1033282432746887 1.800723119926867
5122 0.1033020447087655 1.801040835832497
5123 0.1032757806874441 1.80135843547263
5124 0.1032495378239201 1.801675817290378
5125 0.1032231436427462 1.801992936494666
5126 0.1031967141281156 1.802309810466443
5127 0.1031702504049628 1.802626496801174
5128 0.1031437127961381 1.80294305873443
5129 0.1031173585739978 1.803259469362571
5130 0.1030908853021872 1.803575679684629
5131 0.1030643385955358 1.803891646263328
5132 0.1030377719080678 1.804207385970899
5133 0.1030110334784969 1.804520118498396
5134 0.1029841989898219 1.804835462887323
5135 0.1029575458614622 1.805151247377586
5136 0.1029309374649413 1.805466941437541
5137 0.1029043425933078 1.805782359900262
5138 0.1028773025017533 1.806094375591886
5139 0.1028518608134373 1.806420947823018
5140 0.10282451857029 1.806730433830866
5141 0.1027977395453322 1.80704336132792
5142 0.1027710284851927 1.807357145397309
5143 0.1027442107791492 1.807670760257564
5144 0.10271730763022 1.807984079569648
5145 0.102690245324373 1.808297159921274
5146 0.102663146440439 1.808609984588479
5147 0.1026362555227444 1.808922716421241
5148 0.1026091943117609 1.80923214997211
5149 0.1025819356987001 1.809547410701178
5150 0.1025559379114279 1.80986808853183
5151 0.1025285390246716 1.810172616881066
5152 0.1025013748101955 1.810489972738721
5153 0.1024741140280027 1.810795780904296
5154 0.1024467333072094 1.811106154971142
5155 0.1024194079083099 1.811417742654353
5156 0.1023924199602106 1.811732034608193
5157 0.1023655377734706 1.812046768894279
5158 0.1023380132503088 1.812351185195586
5159 0.1023106821053075 1.812663536672244
5160 0.1022836147434378 1.8129781873936
5161 0.102255991103474 1.81328199190872
5162 0.1022279232447085 1.813590332843551
5163 0.1022013566239807 1.813908822765447
5164 0.1021735018063968 1.814210285932085
5165 0.1021462222178379 1.814525865085481
5166 0.1021187391633531 1.814829618754389
5167 0.1020905328415841 1.815136157750395
5168 0.1020631565024669 1.815445571291969
5169 0.1020358913373945 1.815755122621302
5170 0.1020090251335822 1.816071249035592
5171 0.1019814865707871 1.81637427147768
5172 0.1019536805118901 1.816681773374574
5173 0.101925784521992 1.816986554513052
5174 0.1018988258413221 1.81730527320541
5175 0.1018712754855308 1.817607337501905
5176 0.1018434427254504 1.817913940503603
5177 0.1018157326747205 1.818221156184364
5178 0.1017877768972919 1.818524792098322
5179 0.1017611159218241 1.818843638566314
5180 0.1017332378608223 1.819143439752553
5181 0.1017054600354209 1.81945739365245
5182 0.1016773858050903 1.81975399703234
5183 0.1016493006998328 1.820063967053487
5184 0.1016214083235206 1.820364208391601
5185 0.1015936306970167 1.820677197296781
5186 0.1015655453905789 1.820974862233968
5187 0.101537490782902 1.821286463833956
5188 0.1015093979760884 1.821584308333104
5189 0.1014815256409159 1.821895255468744
5190 0.1014535415679121 1.822193214785426
5191 0.1014275473008651 1.822506359706283
5192 0.101398148274259 1.822803558934864
5193 0.1013707678761289 1.823113421916256
5194 0.1013415272094657 1.823410420830294
5195 0.1013130110355757 1.823713221017571
5196 0.1012859726382774 1.824023729374497
5197 0.1012567565434056 1.824320082158343
5198 0.1012282774866731 1.82462208992227
5199 0.1012004021246284 1.824927879999743
5200 0.1011731802109332 1.825233671766751
5201 0.1011437271223705 1.825529268743962
5202 0.1011162199825673 1.825837626228986
5203 0.101086952379744 1.826132825268221
5204 0.1010595958236356 1.826440509197512
5205 0.1010303363038537 1.826735659781018
5206 0.1010018502663781 1.827036353012486
5207 0.1009745860628565 1.827344541047448
5208 0.1009452230964211 1.827639064850644
5209 0.1009165731193814 1.82793899580233
5210 0.1008882565985058 1.828239812618804
5211 0.1008610722266764 1.828547097523879
5212 0.1008317593431834 1.82884066545347
5213 0.1008030670710054 1.829139672877559
5214 0.1007745778842406 1.829439497514918
5215 0.100746117419411 1.829739220514947
5216 0.1007175847202303 1.83003864996919
5217 0.1006891210956475 1.830337773572082
5218 0.1006617192385701 1.830643689905276
5219 0.1006322601825273 1.830935069154735
5220 0.1006032909373141 1.831232250017961
5221 0.1005745609095078 1.831530407555416
5222 0.1005469178581564 1.831835226449559
5223 0.100517461621965 1.832126259617445
5224 0.100489541261288 1.832428873300643
5225 0.1004599177247683 1.832719977948758
5226 0.1004318708784942 1.833021827839629
5227 0.1004022800277001 1.833313231858055
5228 0.1003741927663124 1.833616792760144
5229 0.1003446595804777 1.833905858519198
5230 0.1003165671628949 1.834206172546328
5231 0.100286908382872 1.834497129154029
5232 0.100258841464087 1.834797725431853
5233 0.1002291723777815 1.835088327799957
5234 0.1002011298176138 1.835390661068114
5235 0.1001714127935092 1.835678635472528
5236 0.1001431268206481 1.835977484093626
5237 0.1001135027647247 1.836267569103284
5238 0.100085265300058 1.836566607499912
5239 0.100055550265202 1.836856314506207
5240 0.1000273748691352 1.837157113150042
5241 0.09999771405030894 1.837444017413554
5242 0.0999693788138947 1.837741539980921
5243 0.09993947126894839 1.838030451000756
5244 0.09991126019825952 1.838330594428186
5245 0.09988144647906967 1.838616606897613
5246 0.09985299171530652 1.838913030971592
5247 0.09982315300854978 1.839201160086411
5248 0.09979481862457121 1.839497943800713
5249 0.09976488797427568 1.839785739593258
5250 0.09973642409000452 1.840084294366117
5251 0.09970660130401325 1.84036903830592
5252 0.09967810823480501 1.840664195241517
5253 0.09964821051704566 1.840951053333553
5254 0.09961981308409092 1.841248966090337
5255 0.09958975312505339 1.841532988134247
5256 0.09956102629761249 1.841827168801558
5257 0.09953119156625602 1.842113436194112
5258 0.09950276236433241 1.842408172309871
5259 0.09947266530072336 1.842693527830715
5260 0.09944339863592518 1.842985042000483
5261 0.09941491222762462 1.84327696824933
5262 0.09938455012093241 1.84356111679438
5263 0.09935596026271531 1.843855158279134
5264 0.099325847959976 1.844138900164293
5265 0.09929721455037448 1.844432160291334
5266 0.09926699592058161 1.844715708619892
5267 0.09923767524262164 1.845005672212422
5268 0.09920913522092277 1.845295852364025
5269 0.09917871270202261 1.845578541370547
5270 0.09914989238935255 1.84587095800584
5271 0.09911964039552289 1.846153193864564
5272 0.09909127035235983 1.846445270529861
5273 0.09906078698076091 1.846727074898532
5274 0.09903239292615959 1.847020761296736
5275 0.0990017853890373 1.847299706501732
5276 0.09897301666325317 1.84759002886194
5277 0.09894239070686728 1.847870811132349
5278 0.09891393128758273 1.84816372207497
5279 0.0988832819366435 1.848441162208011
5280 0.09885364810516301 1.848727663656961
5281 0.09882510947313745 1.849016292435059
5282 0.09879421451086942 1.849295254947122
5283 0.09876468375641237 1.849582097553066
5284 0.09873626516603987 1.849870175853776
5285 0.09870537950633537 1.850148167327575
5286 0.09867674068698409 1.850437968501166
5287 0.09864588599994775 1.850715487692211
5288 0.09861604852470009 1.850998113292972
5289 0.09858643768951644 1.851281662807885
5290 0.0985567317047833 1.851565073391803
5291 0.09852695936322625 1.851848091606444
5292 0.09849734153831524 1.852130665872371
5293 0.09846766665447421 1.852412840473612
5294 0.09843797190201307 1.852694695115259
5295 0.09840819076020198 1.852976281420683
5296 0.09837973842918314 1.85326658546513
5297 0.09834859029462296 1.853538822618326
5298 0.0983183045920709 1.853818222674219
5299 0.09828849001292468 1.85409881129129
5300 0.09825861030225272 1.854379302545152
5301 0.0982301450253401 1.854668445088298
5302 0.09819902996092787 1.854939601366805
5303 0.09816873833964598 1.855217874410625
5304 0.09813864008086884 1.855497212194496
5305 0.09810855904119432 1.855776536695459
5306 0.09807872795884513 1.856055668655773
5307 0.0980502052236238 1.856343454536074
5308 0.09801909341315229 1.856613161641892
5309 0.09798992832650298 1.856891772092891
5310 0.09796044704059449 1.857176495006381
5311 0.09792922899604717 1.857447146898191
5312 0.09789973841903805 1.857729657102839
5313 0.09786876352251993 1.858000785320042
5314 0.09783936324953336 1.85828266522555
5315 0.09780827455362098 1.858553831269895
5316 0.09777819903627148 1.858826915627563
5317 0.09774855829400113 1.85911167538979
5318 0.09771765277000419 1.859383178137696
5319 0.09768743186063614 1.859658396361443
5320 0.09765739740931254 1.859934115203466
5321 0.09762758868374065 1.860207104351256
5322 0.09759797664647364 1.860492842655141
5323 0.09756732287002808 1.860759962761438
5324 0.09753794827051782 1.861039192533044
5325 0.09750673453599457 1.861307881821771
5326 0.09747721331279154 1.861587302047924
5327 0.09744614601614865 1.861855578780771
5328 0.09741677436296778 1.862134340143964
5329 0.09738570383163209 1.862402377893165
5330 0.09735529422454033 1.862675074797086
5331 0.09732528484878195 1.862950962570521
5332 0.09729605861290391 1.863226346852724
5333 0.097264736422409 1.863493268552374
5334 0.09723517164234112 1.863770967405981
5335 0.09720404462481176 1.864037377573097
5336 0.09717458904098977 1.86431443113907
5337 0.09714345797062178 1.864580509223368
5338 0.09711398459232891 1.864856740272936
5339 0.09708278101269251 1.865122616556616
5340 0.09705245690327594 1.86539018572357
5341 0.09702260710171565 1.86566920218961
5342 0.09699204398904236 1.865936125488489
5343 0.09696188879069784 1.86620808829181
5344 0.0969323407086848 1.866479380241503
5345 0.09690112233295024 1.866744776333698
5346 0.09687118981260757 1.867018031992572
5347 0.09684017276779854 1.867282841525614
5348 0.09681034369412853 1.867555589855363
5349 0.09677936246438608 1.8678202249875
5350 0.09674936575151047 1.868094111927203
5351 0.09671847947079196 1.868356264967383
5352 0.09668855842452537 1.868627062117624
5353 0.09665728859839781 1.868890413438553
5354 0.09662732763525819 1.869161102724876
5355 0.09659625233256824 1.869425156782835
5356 0.0965657877064164 1.869693863170144
5357 0.0965360422011621 1.869961769752924
5358 0.09650498297728624 1.870224320446736
5359 0.09647432690400828 1.870489835307293
5360 0.09644374814309109 1.870756022875815
5361 0.09641319068760643 1.871026233128537
5362 0.09638282245672845 1.871284201997948
5363 0.09635202429188752 1.871554372768359
5364 0.0963219391678385 1.871819898686865
5365 0.09629152869719068 1.872084784594598
5366 0.09626108952934695 1.872349264793597
5367 0.0962305604638934 1.872613324934578
5368 0.09620000354294837 1.872877089814682
5369 0.09616954566222663 1.873141117935067
5370 0.09613966966947256 1.873411821853845
5371 0.09610875190461705 1.873664791604519
5372 0.09607796498527223 1.87392444840168
5373 0.09604676517772678 1.874189954178904
5374 0.09601631938606728 1.874453454586163
5375 0.09598582071075125 1.874716327015069
5376 0.09595528345862664 1.87497873981922
5377 0.09592487099616034 1.875243451978418
5378 0.09589503238415008 1.875510208586289
5379 0.0958640953705671 1.87576229745435
5380 0.09583333589366742 1.876026069549103
5381 0.09580259614535397 1.876284482382649
5382 0.09577217518806823 1.876548964305321
5383 0.09574248183904373 1.876814989486417
5384 0.09571108112176413 1.877066726802858
5385 0.09568003699413048 1.87732459854417
5386 0.09565010973243476 1.877592759486298
5387 0.0956187760583907 1.877843544334397
5388 0.0955888216265245 1.878107520357309
5389 0.09555730432411567 1.878360232866072
5390 0.09552738364465141 1.878624189785344
5391 0.09549571966791219 1.878876822192209
5392 0.09546572436708486 1.879139977105746
5393 0.09543425400995666 1.879392408032443
5394 0.09540452485631645 1.879654905754907
5395 0.09537301515114179 1.879907194882308
5396 0.09534315924259402 1.880169062620914
5397 0.09531149703318754 1.880420948839805
5398 0.09528063067088303 1.880676614291206
5399 0.09525103548901023 1.88093920857934
5400 0.09521960097544825 1.881190334300157
5401 0.09518964514528765 1.881450607584465
5402 0.0951581989501664 1.881701461048682
5403 0.09512761167828153 1.881953569253295
5404 0.09509721435614711 1.882216717949663
5405 0.09506594473204126 1.882467224165863
5406 0.09503605108822223 1.882726055087315
5407 0.09500467063693482 1.882975824180593
5408 0.09497385124510234 1.883228924190854
5409 0.09494392798715408 1.883488364545389
5410 0.09491246544871518 1.883737120900972
5411 0.09488247217794868 1.883994741123429
5412 0.09485103597927293 1.884243196921461
5413 0.09482037346999682 1.884497375086813
5414 0.09479060978959349 1.884750442905641
5415 0.09475869818843152 1.885000585549375
5416 0.09472860349586106 1.885257527647332
5417 0.09469726744261807 1.885504688851102
5418 0.09466727218845254 1.885760652428096
5419 0.09463592133834846 1.886007448336501
5420 0.09460583787062651 1.886262796821085
5421 0.09457430348945473 1.886509169631037
5422 0.09454418452710364 1.886763958345191
5423 0.09451277916226855 1.887009904893115
5424 0.09448281500200371 1.887264239144722
5425 0.09445136542014451 1.88750979835054
5426 0.09442128925130644 1.887763569090974
5427 0.09438979281808224 1.888008574266088
5428 0.09435897823984926 1.888259044398362
5429 0.09432918361970521 1.888508372820863
5430 0.09429741739502201 1.888754950025703
5431 0.09426740850311927 1.889008173506374
5432 0.09423605288315937 1.889251671986969
5433 0.09420550021135626 1.889502379765577
5434 0.09417440418726386 1.889746292006102
5435 0.09414394617817251 1.889997201780039
5436 0.09411280236003122 1.890240920441322
5437 0.09408258140711225 1.890491269866712
5438 0.09405149780592316 1.890734484646962
5439 0.09402061796244064 1.890979973145711
5440 0.0939903215817026 1.891230840015353
5441 0.09395923731606158 1.891472790867149
5442 0.09392882636910144 1.891721908819646
5443 0.09389770335043736 1.891963638057513
5444 0.09386729830319673 1.892212079100857
5445 0.09383614122946128 1.892453375805625
5446 0.093805182454211 1.892696996996257
5447 0.09377500155668533 1.892946191845903
5448 0.09374402043607635 1.893186488637128
5449 0.09371309121217665 1.893429365842855
5450 0.0936826271970486 1.893677775987902
5451 0.09365149317792898 1.893917045364774
5452 0.09362061968716776 1.894159068745099
5453 0.09359034690366209 1.894406726000883
5454 0.093559376951108 1.894645283843436
5455 0.09352916714573636 1.894891729740549
5456 0.09349769265574791 1.895129268582824
5457 0.09346668627235967 1.895370126654211
5458 0.09343654591856826 1.895616941270092
5459 0.09340533957506922 1.895853699046287
5460 0.09337515518631274 1.896098818849283
5461 0.09334377712754149 1.896335311579465
5462 0.09331285673563888 1.896574983079956
5463 0.09328276898789822 1.896820530931842
5464 0.09325147093284795 1.897056121833319
5465 0.09322126718464194 1.897299979510137
5466 0.09318995185691493 1.897535329998562
5467 0.09315908239043094 1.897773826169803
5468 0.09312902143111355 1.898018104738981
5469 0.09309778056572901 1.898252442758523
5470 0.09306750335236506 1.89849502266537
5471 0.09303610270671207 1.898729153116957
5472 0.09300533603549337 1.898966450063346
5473 0.09297532626263501 1.899209538856127
5474 0.09294414382072243 1.899442658020936
5475 0.09291325353985574 1.899679105793584
5476 0.09288305125787584 1.899921360894021
5477 0.0928516931539701 1.900153624981527
5478 0.09282083305227519 1.900389327941196
5479 0.09279101303890178 1.900631239267586
5480 0.09275976056595095 1.900862766846171
5481 0.09272886371154981 1.901097632023384
5482 0.09269883976507447 1.901338648362533
5483 0.09266759239340447 1.901569359369907
5484 0.09263679702401362 1.90180353489252
5485 0.09260700317414643 1.902044687624383
5486 0.09257567758649043 1.902274577029766
5487 0.0925447905990141 1.902507774950573
5488 0.09251480571053992 1.90274732814051
5489 0.09248356253823535 1.902976329413625
5490 0.09245274463852274 1.903208881337653
5491 0.09242275127674225 1.903447766076141
5492 0.09239132707631793 1.903676074119597
5493 0.09236042794728333 1.903907856577131
5494 0.09233061211150381 1.904145992111764
5495 0.09229938929105304 1.904373699574938
5496 0.09226864533750893 1.904604880485583
5497 0.09223867977625179 1.904842305839196
5498 0.09220738760691141 1.905069178718038
5499 0.09217653758527082 1.905299530925287
5500 0.09214656235050463 1.905536247450351
5501 0.09211547512191565 1.905762529860549
5502 0.09208471255140786 1.905992248261003
5503 0.0920548218437067 1.906228180230674
5504 0.0920236139834318 1.906453601425058
5505 0.09199278296786449 1.906682487146667
5506 0.0919630279347784 1.906918131207675
5507 0.09193179934138089 1.907143050494172
5508 0.09190111194198376 1.907371263964929
5509 0.09187114707409583 1.907605258544361
5510 0.09183997372267759 1.907829334186187
5511 0.09180926414226451 1.908056762562417
5512 0.09177927343475382 1.908290034765531
5513 0.09174808616685415 1.908513514324878
5514 0.09171734224379995 1.908740324628209
5515 0.09168743088924416 1.908972883944327
5516 0.09165639868724575 1.90919565894247
5517 0.09162570957624018 1.9094216782687
5518 0.09159511545828918 1.90964838881912
5519 0.09156464693369186 1.909875064615941
5520 0.09153405906500896 1.910101499431062
5521 0.09150408046233907 1.910333742973779
5522 0.09147323784374917 1.910554094255268
5523 0.09144252536617127 1.910778369654588
5524 0.09141195151291703 1.911003466356646
5525 0.09138136934298585 1.911228519857179
5526 0.09135081265477799 1.911453325173703
5527 0.09131946178909069 1.911676219753853
5528 0.09128904342111122 1.911900454861986
5529 0.09125863722069792 1.912128183418919
5530 0.09122847723184879 1.912351258941172
5531 0.09119810609306307 1.912573513836787
5532 0.09116768844022385 1.912796586139634
5533 0.09113716788599815 1.913019736459324
5534 0.09110672974442421 1.913242627367266
5535 0.09107630972108041 1.913465219665899
5536 0.09104510478682896 1.913685500444149
5537 0.09101487419308986 1.913907664030036
5538 0.09098462589131058 1.914129812317554
5539 0.09095427953421792 1.914351632653729
5540 0.09092398954362559 1.91457527170544
5541 0.09089360720456041 1.914792030124961
5542 0.09086332982584347 1.915015353286589
5543 0.09083286869981962 1.915234013234981
5544 0.09080258487432312 1.91545310225271
5545 0.09077273069871578 1.91568324797774
5546 0.09074179684322103 1.915896980226923
5547 0.09071128572940308 1.916115345081236
5548 0.09068089162075668 1.916334854552978
5549 0.09065059210994537 1.916554270476379
5550 0.09062024443305146 1.916773186116502
5551 0.09058986212999741 1.916991615202583
5552 0.09055952575671507 1.917209783317426
5553 0.09052922062160489 1.917427899637127
5554 0.09049888954528226 1.917645973098002
5555 0.09046846194869718 1.917863893630972
5556 0.09043810465374578 1.918081498704467
5557 0.09040789951899468 1.918298786198049
5558 0.09037766050029346 1.918515792267347
5559 0.0903474050960044 1.918732508987041
5560 0.09031707800271827 1.918948981802687
5561 0.09028678076552421 1.919165195507044
5562 0.09025644486877524 1.919381185354802
5563 0.09022615414636179 1.919596942728911
5564 0.09019601938709754 1.919812425843349
5565 0.09016568258586904 1.920027670594048
5566 0.09013550549627976 1.920242836807698
5567 0.09010530771439376 1.920457626988758
5568 0.09007508690329412 1.920672145555686
5569 0.09004483778163484 1.920886424208463
5570 0.09001446783151977 1.921100450826717
5571 0.08998427945489441 1.921314224560295
5572 0.08995413578593729 1.921527802737612
5573 0.08992401685292309 1.921741163232136
5574 0.08989532782091854 1.921957834587893
5575 0.08986485103631513 1.922170416845657
5576 0.08983431264198605 1.922382464259474
5577 0.08980401166421173 1.922594318378104
5578 0.08977376654070755 1.922806061333794
5579 0.08974355496390533 1.923017631793952
5580 0.08971325993084232 1.923228978150038
5581 0.0896828972291159 1.923440125083714
5582 0.0896526027517015 1.923651093016214
5583 0.0896225212604673 1.923861899344171
5584 0.08959246342133044 1.924072550351597
5585 0.08956233729234497 1.924282977398355
5586 0.08953216372466299 1.924493143077856
5587 0.08950198481736546 1.924703104163928
5588 0.08947185593774611 1.924912865097193
5589 0.08944190600443405 1.925122432801957
5590 0.08941187533348557 1.925331671136515
5591 0.08938183692143975 1.925540785512745
5592 0.08935178744044445 1.925749655312927
5593 0.08932176883886307 1.925958289098426
5594 0.08929171639858791 1.926166722037473
5595 0.0892616712116522 1.926374953941455
5596 0.08923179842224445 1.926582967105399
5597 0.08920181899571866 1.926790726404264
5598 0.08917187301445527 1.926998193743974
5599 0.08914191246679651 1.927205370816288
5600 0.08911180310325395 1.927412026364054
5601 0.08908181268718929 1.927618781038437
5602 0.08905183728702042 1.927825429186988
5603 0.08902182848326201 1.928031586224433
5604 0.08899197046537521 1.928237665256547
5605 0.08896205232516734 1.928443520827622
5606 0.08893218726482277 1.928649139476129
5607 0.08890230444125453 1.928854588506441
5608 0.0888724397922654 1.929059890639503
5609 0.08884257145357811 1.9292649108495
5610 0.08881276317867744 1.929469641386992
5611 0.08878293619691606 1.929674100575545
5612 0.08875309986895055 1.929878321965395
5613 0.08872333223942543 1.930082365195171
5614 0.08869356641677732 1.930286179719652
5615 0.08866364884846759 1.930489753325588
5616 0.0886337680390355 1.930693059738556
5617 0.08860412450981731 1.930896384040606
5618 0.08857437023234367 1.931099225905379
5619 0.08854463263757206 1.931301801572718
5620 0.08851481556883392 1.931504130335332
5621 0.08848498989317434 1.931706221051965
5622 0.08845517029950083 1.93190808223969
5623 0.08842546209358813 1.93210971581256
5624 0.08839577376689389 1.932311118891147
5625 0.08836601107983831 1.932512322041246
5626 0.08833629637744386 1.932713300029933
5627 0.0883065601521357 1.932914071164557
5628 0.08827680533579828 1.933114626124228
5629 0.08824720359103351 1.933314917621705
5630 0.08821749062393214 1.933514975358175
5631 0.08818784732753616 1.933714824832144
5632 0.08815825598653636 1.933914465454552
5633 0.08812863158358668 1.93411389929812
5634 0.08809893901482294 1.934313110094468
5635 0.08806914858002955 1.934511928099869
5636 0.08803957824182897 1.93471060559684
5637 0.08801004830369476 1.934909148119654
5638 0.08798058332075981 1.935107499096017
5639 0.08795101968259267 1.935305585316949
5640 0.08792135887727069 1.935503387838173
5641 0.08789168638457362 1.93570096514755
5642 0.08786209372770988 1.935898353463844
5643 0.08783276143057284 1.936095603102199
5644 0.08780332325833975 1.93629262895701
5645 0.08777373020599362 1.936489353814255
5646 0.08774417814857274 1.936685769360736
5647 0.08771467122136993 1.936881956034539
5648 0.0876852263884467 1.937078030508807
5649 0.08765576958175668 1.937273969574626
5650 0.08762631077553763 1.937469643864555
5651 0.08759684365372579 1.937665000514443
5652 0.08756739281730568 1.937860088979303
5653 0.08753802848492792 1.938054997939334
5654 0.08750869088554047 1.938249749188582
5655 0.08747916139773902 1.938444344416734
5656 0.08744970644316269 1.938638645667047
5657 0.0874203609024474 1.938832654590363
5658 0.08739102606842132 1.939026459551292
5659 0.08736175999705394 1.939220048888513
5660 0.08733236088876953 1.939413437390694
5661 0.08730297692622906 1.939606614279049
5662 0.08727360033367307 1.939799604274842
5663 0.08724425449324111 1.93999234352659
5664 0.08721510660348748 1.940184867475867
5665 0.08718575854227377 1.940377168762849
5666 0.08715642932668664 1.940569240007415
5667 0.08712717023090896 1.940761086491138
5668 0.0870979365350822 1.940952718702972
5669 0.08706872373743103 1.941144164171006
5670 0.08703939953693215 1.941335403139465
5671 0.08701010091883732 1.941526379877462
5672 0.08698092197593282 1.941717141971212
5673 0.08695178218551773 1.941907740415003
5674 0.08692268103657114 1.942098108791301
5675 0.08689347560096702 1.942288225045532
5676 0.08686420874488525 1.942478084053961
5677 0.08683493696168322 1.942667750597793
5678 0.08680578898227588 1.942857260971249
5679 0.08677683466353404 1.943046603984953
5680 0.08674773278915401 1.943235710460266
5681 0.08671856898692584 1.943424513949275
5682 0.08668941140474977 1.943613037910101
5683 0.0866603134769242 1.943801376029712
5684 0.08663125525509689 1.943989626261631
5685 0.08660215496182054 1.944177707839642
5686 0.08657315689235254 1.94436550929155
5687 0.08654406413387028 1.94455303027361
5688 0.08651503165448338 1.94474030667544
5689 0.08648605990876906 1.944927396546538
5690 0.08645706478871433 1.945114353435623
5691 0.08642803247387354 1.945301136334371
5692 0.0863989332101671 1.945487644265351
5693 0.08637003190488501 1.945673898903427
5694 0.08634111958401736 1.94585992276311
5695 0.08631217011855515 1.946045781667787
5696 0.08628326332570514 1.946231454201542
5697 0.08625430873299894 1.946416899611977
5698 0.08622533319618196 1.946602139056169
5699 0.08619639230252366 1.946787163051915
5700 0.08616755764328481 1.946971966621076
5701 0.08613870726979755 1.947156561442964
5702 0.08610983992897821 1.947340954561817
5703 0.086081004583396 1.947525137470752
5704 0.08605216099006034 1.947709109420274
5705 0.08602322967082253 1.947892893697641
5706 0.08599442061453492 1.948076438064578
5707 0.08596563371785493 1.94825976342197
5708 0.08593685436046097 1.948442923635197
5709 0.08590813405125329 1.948625864334573
5710 0.0858793396798159 1.948808568927346
5711 0.08585054442873996 1.948991051848502
5712 0.0858217151690895 1.949173348567281
5713 0.08579293051110497 1.94935546128609
5714 0.08576433984286261 1.949537399666539
5715 0.08573562546963463 1.949719132317352
5716 0.08570692060748281 1.949900600899184
5717 0.08567823155135249 1.950081812783411
5718 0.08564951010526256 1.950262819366502
5719 0.08562080285183589 1.950443699637608
5720 0.08559208760348867 1.950624423836863
5721 0.08556353776732377 1.950804919055393
5722 0.08553493264914649 1.95098516504625
5723 0.08550630528069907 1.951165171376451
5724 0.08547770744983352 1.951344946489213
5725 0.08544906588260348 1.951524560525811
5726 0.08542044523943645 1.951704054335144
5727 0.08539183763383949 1.951883336192751
5728 0.08536334480168167 1.952062367431632
5729 0.08533480986002845 1.952241165240997
5730 0.08530624650444124 1.9524197408033
5731 0.08527771101425974 1.952598137013259
5732 0.08524922512282643 1.95277639251545
5733 0.08522072153362417 1.952954490441958
5734 0.08519218103081315 1.953132342169891
5735 0.08516372106772709 1.953309953743827
5736 0.08513523727261831 1.953487344048904
5737 0.08510680813275424 1.953664559960684
5738 0.0850784531513671 1.953841613909396
5739 0.08505003911385639 1.954018453453011
5740 0.08502151287380905 1.954195099567476
5741 0.08499300467202811 1.954371503413053
5742 0.08496467008790001 1.954547694512806
5743 0.0849363877607764 1.954723757487534
5744 0.08490810953610926 1.954899639661464
5745 0.08487969796750691 1.955075287293846
5746 0.08485129767895404 1.955250682866609
5747 0.08482286019332527 1.955425885291167
5748 0.08479452356655515 1.955600920555201
5749 0.08476639551842581 1.955775821199118
5750 0.08473809735402744 1.955950551334316
5751 0.08470979868797965 1.956125000043617
5752 0.08468149170346456 1.956299176203202
5753 0.08465323902179113 1.956473151298703
5754 0.0846250111971676 1.956646992783405
5755 0.08459668230500299 1.956820722240677
5756 0.08456852191660272 1.956994219531886
5757 0.08454030120666152 1.957167445643138
5758 0.08451211339529995 1.957340439361622
5759 0.08448396356261011 1.957513235908888
5760 0.08445569617318348 1.957685913873201
5761 0.08442747137888471 1.957858487492634
5762 0.08439938142387467 1.958030765024155
5763 0.08437126585344575 1.958202809991774
5764 0.08434319602669163 1.95837463574831
5765 0.08431504013229021 1.958546267480689
5766 0.08428685898369132 1.958717721398929
5767 0.08425867592758252 1.958889042070735
5768 0.08423057640154501 1.959060163390828
5769 0.08420261821004689 1.959231071820533
5770 0.08417456161390903 1.95940178418108
5771 0.08414648093952722 1.959572260728409
5772 0.08411840576047942 1.959742524605657
5773 0.08409039074673333 1.959912643901071
5774 0.08406238168751311 1.960082640263459
5775 0.084034306431322 1.960252444716919
5776 0.08400635092595116 1.960422003844991
5777 0.08397834173751528 1.96059133923075
5778 0.08395038496478698 1.960760487646137
5779 0.08392250347860057 1.960929491453315
5780 0.08389457823108055 1.961098334740268
5781 0.08386655690842933 1.961266988020908
5782 0.08383852453092622 1.961435402175123
5783 0.08381067724000543 1.961603598395357
5784 0.08378284774310932 1.961771637799931
5785 0.08375500371628188 1.961939544335788
5786 0.08372716329961863 1.962107559919361
5787 0.08369925553914898 1.962275005452146
5788 0.08367130686494857 1.962442231742127
5789 0.08364343446956815 1.962609253784926
5790 0.08361569328312142 1.96277615259884
5791 0.08358793539099506 1.962942921936611
5792 0.08356011426938549 1.963109467722746
5793 0.08353230237835842 1.963275774482986
5794 0.08350451122493156 1.963441866231001
5795 0.08347664581206045 1.963607839543583
5796 0.0834488600853202 1.963773689768216
5797 0.08342119833171166 1.963939377466529
5798 0.0833934873974246 1.964104848961917
5799 0.08336578496667643 1.964270069719855
5800 0.08333804431733548 1.964435091626685
5801 0.08331035125310891 1.964599949321733
5802 0.08328258798579925 1.964764703143312
5803 0.08325483180475826 1.964929098438883
5804 0.08322728525649907 1.965093452412741
5805 0.08319962064816536 1.96525764196629
5806 0.08317202762187416 1.96542162438815
5807 0.08314439089232432 1.965585399553087
5808 0.08311676476408876 1.965749018594487
5809 0.08308915540514471 1.965912502994187
5810 0.08306148276264443 1.966075801091655
5811 0.08303400102359006 1.966238879573522
5812 0.08300644895002691 1.966401743126882
5813 0.08297887847587768 1.966564408130162
5814 0.08295135702610422 1.966726902091898
5815 0.08292377683789233 1.966889260537499
5816 0.08289621821096922 1.967051469389133
5817 0.08286873125214381 1.967213454387258
5818 0.08284123773353429 1.967375222541775
5819 0.08281374827895974 1.967536793076529
5820 0.08278626548152222 1.96769821236493
5821 0.08275884511402787 1.967859478507735
5822 0.08273141490102472 1.968020555443904
5823 0.08270387990138797 1.968181471303984
5824 0.08267640507126467 1.968342179552954
5825 0.08264900611066164 1.968502679231027
5826 0.08262164309100016 1.96866307020889
5827 0.08259433758371768 1.968823298463997
5828 0.08256695345692107 1.968983302757946
5829 0.08253896896855935 1.969141777592045
5830 0.08251154863846047 1.969301445405188
5831 0.08248420904033575 1.969461092221745
5832 0.0824570568004032 1.96962062058501
5833 0.08242991820230215 1.96977997119884
5834 0.08240264473679665 1.969939068245884
5835 0.0823753116810981 1.970097902803335
5836 0.08234803373264032 1.970256528439044
5837 0.08232078717551261 1.970415031467253
5838 0.08229356199835043 1.970573442894886
5839 0.08226639320569784 1.970731644657128
5840 0.0822390754771276 1.970889392436488
5841 0.08221183460336243 1.971047121448651
5842 0.082184847337746 1.971205257390768
5843 0.08215767907534675 1.97136265829174
5844 0.08213046697588357 1.971519868013353
5845 0.08210314038429156 1.971676896763277
5846 0.08207598072491805 1.971833701775228
5847 0.08204882995554102 1.971990313203973
5848 0.08202171672007667 1.972146778842571
5849 0.08199461441032289 1.972303096441334
5850 0.08196737685825103 1.972459318118864
5851 0.08194017863266331 1.972615357022582
5852 0.08191314431749856 1.97277118999701
5853 0.08188610823555544 1.972926850458677
5854 0.08185908650580856 1.973082322325737
5855 0.08183194193629693 1.97323763254987
5856 0.08180483509757369 1.973392827425405
5857 0.08177774958078916 1.973547872129667
5858 0.08175079455869394 1.973702727098996
5859 0.08172384565328848 1.973857375084321
5860 0.08169678034004023 1.974011821833541
5861 0.08166973808009631 1.974166100659527
5862 0.08164275319352401 1.974320263799383
5863 0.08161577227824905 1.97447432083908
5864 0.08158884869850647 1.974628167957868
5865 0.08156189856923966 1.974781797672751
5866 0.08153489183708867 1.974935232865105
5867 0.08150797471560513 1.975088509849364
5868 0.08148111076848388 1.975241677201355
5869 0.0814544617659273 1.975395270038411
5870 0.08142745693459819 1.975548126978093
5871 0.08140043099723866 1.975700669442443
5872 0.08137359287406948 1.975853031211014
5873 0.08134675574887182 1.976005276196182
5874 0.08131996455383225 1.976157405638156
5875 0.08129310131352938 1.976309336026544
5876 0.08126618674849506 1.976461070885617
5877 0.08123927808304565 1.976612647657053
5878 0.08121241102162438 1.976764115394062
5879 0.08118571888812086 1.976915449087645
5880 0.08115894280340152 1.977066556409142
5881 0.08113215158963659 1.977217548298885
5882 0.08110536494292288 1.97736835737129
5883 0.08107858750721901 1.9775190241621
5884 0.08105181164078441 1.977669552139189
5885 0.08102570706632253 1.977821337864457
5886 0.08099900102723398 1.977971490655605
5887 0.08097221408324952 1.97812132715049
5888 0.08094544225957877 1.97827097456185
5889 0.08091854341081504 1.978420253806209
5890 0.08089172385115634 1.978569627567792
5891 0.08086511348236525 1.978718924120901
5892 0.08083846300972282 1.978868100476591
5893 0.08081182903447152 1.979017088256959
5894 0.08078520357281502 1.979165866879138
5895 0.08075846261535299 1.979314545262325
5896 0.08073177689168441 1.979463078961045
5897 0.0807052455228856 1.97961150098408
5898 0.08067872440153884 1.979759779982483
5899 0.0806521592529251 1.979907837945621
5900 0.08062553064986443 1.980055695481317
5901 0.0805989288647504 1.980203393686524
5902 0.08057229506318364 1.980350986840505
5903 0.0805458207269843 1.980498470507746
5904 0.08051938683901133 1.980645770308571
5905 0.08049280978414387 1.980792868321152
5906 0.08046629825102482 1.98093975133967
5907 0.08043977471379646 1.981086462533201
5908 0.08041327170499694 1.981233067053834
5909 0.08038676617999709 1.981379596084778
5910 0.08036024061636277 1.981525958497163
5911 0.08033386637252006 1.981672126191384
5912 0.080307448610888 1.981818126055201
5913 0.08028103021440723 1.981963967174697
5914 0.08025463162170079 1.982109642888518
5915 0.08022816879262051 1.982255194142249
5916 0.08020172463062848 1.982400639466795
5917 0.08017530803081792 1.982545925559895
5918 0.08014902069118331 1.982691046176425
5919 0.08012268542292607 1.982835986016201
5920 0.08009629328789575 1.982980757124293
5921 0.08006996854297388 1.983125390856487
5922 0.08004343134990813 1.983269411319934
5923 0.08001713227726925 1.983413801611355
5924 0.0799908111468096 1.983558069221841
5925 0.07996454031425297 1.983702135264403
5926 0.07993827968444485 1.983846046769732
5927 0.07991212083243802 1.983989892258599
5928 0.07988594325922643 1.984133539748419
5929 0.07985968303447108 1.984276980462145
5930 0.07983330356590704 1.984420238215242
5931 0.07980696100981986 1.984563295007069
5932 0.07978084039640532 1.984706232753036
5933 0.07975475672093046 1.984849094109479
5934 0.07972859227003341 1.984991769055805
5935 0.07970229991129324 1.985134202776674
5936 0.07967603744592153 1.985276420526731
5937 0.07964979163055595 1.985418539465102
5938 0.07962363654437869 1.985560570504159
5939 0.07959760136199784 1.985702480098833
5940 0.079571409495164 1.985844186355432
5941 0.07954522241611767 1.985985646211382
5942 0.07951909973641143 1.986126992318787
5943 0.07949302735068399 1.986268162646741
5944 0.07946689079613745 1.986409240341669
5945 0.07944065756465601 1.986550192561582
5946 0.07941458887412872 1.986690925186076
5947 0.0793885158440826 1.986831473209917
5948 0.07936250280584173 1.986971881639577
5949 0.07933632211010871 1.987111468475135
5950 0.0793101350545299 1.987251580559648
5951 0.07928401642181906 1.987391719513876
5952 0.07925806948794618 1.987531707629369
5953 0.07923216043048191 1.987671551710089
5954 0.07920624427172564 1.987811202241936
5955 0.079180137100495 1.987950656372
5956 0.07915406449108552 1.988089964594643
5957 0.07912803657473236 1.988229147172835
5958 0.07910218566610211 1.988368182345362
5959 0.07907632416359028 1.988507035891103
5960 0.07905030076291399 1.988645681883882
5961 0.07902428116036117 1.98878413375291
5962 0.07899828609035041 1.988922502046073
5963 0.07897237202701592 1.989060804039489
5964 0.07894661957093684 1.989198942281169
5965 0.07892065893472258 1.989336883763264
5966 0.07889469393762384 1.989474600765946
5967 0.07886876791818281 1.989612150100939
5968 0.07884290751654717 1.989749656579878
5969 0.07881708973608573 1.989887114881361
5970 0.07879120868981958 1.990024383111311
5971 0.07876533154299933 1.990161420625334
5972 0.07873944950247798 1.990298263825018
5973 0.07871365785043406 1.990434986007288
5974 0.07868786589648924 1.990571451214665
5975 0.07866206850874337 1.990707998143924
5976 0.0786361490736573 1.990844413589432
5977 0.07861026193507553 1.990980612357924
5978 0.07858457658858992 1.991116651294774
5979 0.07855889409173074 1.991252599525792
5980 0.07853317698508548 1.991388439041701
5981 0.07850741285808832 1.99152410422748
5982 0.07848162439592742 1.991659541740471
5983 0.07845585971353686 1.991794852354551
5984 0.07843011770274801 1.991930053989268
5985 0.07840440589119434 1.992065151242111
5986 0.0783787460131079 1.992200098595901
5987 0.07835304025490122 1.992334896638761
5988 0.07832737429939531 1.992469498914985
5989 0.07830173597038895 1.992603953286
5990 0.07827604685905637 1.992738279444996
5991 0.07825031399828346 1.992872509688098
5992 0.0782245927315488 1.993006607885592
5993 0.07819907136189283 1.993140569766796
5994 0.07817350566006671 1.993274372422328
5995 0.07814786701814934 1.993408005867211
5996 0.07812224980713579 1.993541458069076
5997 0.07809660862183515 1.993674772021302
5998 0.07807099591913451 1.99380802442971
5999 0.07804541536817954 1.993941220885974
6000 0.0780198905456639 1.994074196606452
6001 0.07799434758275166 1.994206982592364
6002 0.07796876635162849 1.994339564958565
6003 0.0779432183980994 1.994472063071166
6004 0.07791770154405933 1.994604509039091
6005 0.07789211412557843 1.994736850187905
6006 0.07786667071722614 1.994868980739948
6007 0.07784116731064598 1.995000934438387
6008 0.07781566332198904 1.995132722501951
6009 0.0777902107010065 1.99526440151705
6010 0.07776471673678398 1.995396000690901
6011 0.07773919345914374 1.995527493167835
6012 0.07771371660734369 1.995658790212782
6013 0.07768831158514532 1.995789921883159
6014 0.0776629002820417 1.99592090763289
6015 0.07763745571189001 1.996051768810255
6016 0.07761204944202577 1.996182521952525
6017 0.07758665285503913 1.996313125184785
6018 0.07756115795102589 1.996443616674292
6019 0.07753570702381214 1.996573940143412
6020 0.07751037065619318 1.996704112261715
6021 0.07748500067228065 1.996834169520835
6022 0.07745969316694364 1.996964126488269
6023 0.07743436024415701 1.997093923618978
6024 0.07740901578869133 1.99722356143609
6025 0.07738357815998805 1.997353062914174
6026 0.0773581532607739 1.997482457217641
6027 0.0773329145703726 1.997611729899546
6028 0.07730768162744556 1.997740928386686
6029 0.07728242743664741 1.997869966738956
6030 0.07725710081697054 1.997998849977157
6031 0.07723174707617289 1.998127569880521
6032 0.07720642768423587 1.99825620965467
6033 0.0771812830828618 1.998384742214904
6034 0.0771561117416642 1.998513198628974
6035 0.07713086016834374 1.998641473934085
6036 0.07710558903339187 1.998769574815126
6037 0.07708032117744175 1.998897538847253
6038 0.07705509641410195 1.999025425782106
6039 0.0770299961215009 1.999153218706769
6040 0.07700484520249613 1.999280897633099
6041 0.07697966219638694 1.999408382606772
6042 0.0769544696346468 1.99953569658499
6043 0.07692930264630715 1.999662922477074
6044 0.07690412697573933 1.999790036263276
6045 0.07687902642054487 1.999917054074806
6046 0.07685392481391302 2.000043934300426
6047 0.07682880377177718 2.000170624098498
6048 0.07680372092610278 2.000297157223138
6049 0.07677864860530993 2.000423573174883
6050 0.0767534291582542 2.000549897653192
6051 0.07672830585192951 2.000676115221782
6052 0.07670331210713485 2.000802167116412
6053 0.07667828334673896 2.000928085360247
6054 0.07665329478801342 2.001053813731987
6055 0.07662818419046478 2.001179396519015
6056 0.07660308352804755 2.001304821162329
6057 0.07657796833136767 2.001430194212718
6058 0.07655291821454883 2.001555445657274
6059 0.07652803606246185 2.001680550091551
6060 0.07650299563444177 2.001805481301979
6061 0.07647793605808303 2.001930235644823
6062 0.07645289264419584 2.002054810174289
6063 0.07642791995269986 2.002179334995014
6064 0.07640297476954142 2.002303776235474
6065 0.07637791624997106 2.002428118643064
6066 0.07635293688323525 2.002552238118167
6067 0.07632794018950814 2.002676195197258
6068 0.07630299210379503 2.0028000036638
6069 0.0762780982150833 2.002923767511861
6070 0.07625314183316675 2.003047461807506
6071 0.0762281126517397 2.003170999539225
6072 0.07620320278021016 2.003294325183172
6073 0.0761782977823774 2.003417518824457
6074 0.0761534499212163 2.00354059948384
6075 0.07612857811451343 2.003663621226686
6076 0.07610366603614752 2.003786521511844
6077 0.07607867283930868 2.003909284823277
6078 0.07605375556462707 2.004031860206073
6079 0.0760289870498734 2.004154319186699
6080 0.07600419011397586 2.004276703193542
6081 0.07597938025809983 2.004398987206291
6082 0.07595450838976078 2.004521074821199
6083 0.07592964510853034 2.004643026914469
6084 0.07590476507772796 2.004764846890876
6085 0.07587986776850272 2.004886583986139
6086 0.07585518111527732 2.00500819882172
6087 0.07583037424362385 2.005129723284313
6088 0.07580560089233032 2.005251083868015
6089 0.07578084019685008 2.005372267542729
6090 0.07575603655354401 2.005493319074231
6091 0.07573124710855786 2.005614269961516
6092 0.07570633191101973 2.005734966488094
6093 0.07568163230482254 2.005855738302262
6094 0.07565699158966914 2.005976384955193
6095 0.07563224727036323 2.00609691681423
6096 0.07560755413772173 2.00621726806809
6097 0.07558279416493166 2.006337481438605
6098 0.07555805121328803 2.006457568900593
6099 0.07553333309462196 2.006577632415626
6100 0.07550881194293681 2.006697229363978
6101 0.07548417209297517 2.006817030007486
6102 0.07545940140702899 2.006936701735252
6103 0.07543468674623204 2.007056217344935
6104 0.07541003091319656 2.007175580413544
6105 0.07538544982275765 2.007295283620251
6106 0.07536058762059897 2.00741412658274
6107 0.07533584230163047 2.007533083638732
6108 0.07531125646770535 2.007651890020582
6109 0.0752866550714745 2.007770584572208
6110 0.07526204421119535 2.007889187851668
6111 0.07523752536824735 2.008007745267712
6112 0.07521296178732452 2.008126144488711
6113 0.07518831772943295 2.008244439850213
6114 0.07516367306495571 2.00836256923742
6115 0.07513906659669427 2.0084805926218
6116 0.07511460168299593 2.008598514653816
6117 0.07509012136444328 2.008716373441439
6118 0.07506557339014662 2.008834055611163
6119 0.07504102784713459 2.008951561507505
6120 0.07501642268502891 2.009068912679723
6121 0.07499184003621065 2.009186219910287
6122 0.07496733481301247 2.009303426233541
6123 0.07494291528006566 2.009420553018712
6124 0.0749184374110919 2.009537490168679
6125 0.07489389458650102 2.009654274989199
6126 0.07486941153391427 2.009770899109517
6127 0.07484495448936775 2.009887444747957
6128 0.07482042088652453 2.010003929015399
6129 0.07479591824256857 2.010120333299262
6130 0.07477150013172768 2.010236543484778
6131 0.07474707248658576 2.01035262987718
6132 0.07472267562077742 2.01046854953692
6133 0.07469823404304576 2.010584372171051
6134 0.07467379944924663 2.010700090278292
6135 0.07464928699318336 2.01081575826583
6136 0.0746248456251586 2.010931252747596
6137 0.07460054354713595 2.011046623315031
6138 0.07457590939458708 2.011161109521615
6139 0.07455152969437012 2.011276203374775
6140 0.07452716678007787 2.011391311132315
6141 0.07450284053238505 2.011506349010752
6142 0.07447846982900619 2.011621262259287
6143 0.07445410892882638 2.011736037330033
6144 0.07442985049369776 2.011850606343296
6145 0.07440546675482089 2.011965058515673
6146 0.07438116067655381 2.012079387805148
6147 0.074356905472972 2.012193625367136
6148 0.07433262272729513 2.012307699362909
6149 0.0743082586814091 2.012421653635267
6150 0.07428380736317407 2.012535451802718
6151 0.07425952309382662 2.012649138064574
6152 0.07423531234709309 2.012762732828377
6153 0.0742111113625976 2.012876268380754
6154 0.07418687107778678 2.012989612214039
6155 0.07416248691542572 2.013102809508161
6156 0.07413813017748365 2.013215871971103
6157 0.0741138212412903 2.013328872987201
6158 0.07408969353225245 2.013441792581026
6159 0.07406554868702041 2.013554622608498
6160 0.07404126128853679 2.013667258459678
6161 0.07401698198987124 2.013779752266066
6162 0.07399271448258377 2.013892139520843
6163 0.07396848687135561 2.014004501979248
6164 0.07394442701570098 2.014116754776739
6165 0.07392021151732121 2.014228899610692
6166 0.07389600184895648 2.014340846519937
6167 0.07387181105597854 2.014452675974355
6168 0.073847618564695 2.014564424216894
6169 0.07382344978769344 2.014676121650349
6170 0.07379933872150887 2.014787697958909
6171 0.07377520432694201 2.014899160929289
6172 0.07375108017217123 2.015010439732262
6173 0.07372696258150063 2.015121618506366
6174 0.0737028406467802 2.015232694341157
6175 0.07367863902890756 2.015343721157396
6176 0.07365456997787054 2.015454637107324
6177 0.07363052669673403 2.015565454455257
6178 0.07360646967903167 2.015676103415241
6179 0.07358240425407855 2.015786642946983
6180 0.07355826444724184 2.015897080423694
6181 0.07353411203856777 2.016007447993798
6182 0.07351012240192893 2.01611766036331
6183 0.0734861525827334 2.016227835202143
6184 0.07346216559703464 2.016337846932363
6185 0.07343811243391425 2.016447736577859
6186 0.07341403143330268 2.016557484751977
6187 0.07338991746087643 2.016667061844256
6188 0.07336599082601437 2.016776758176054
6189 0.07334213248501872 2.016886319993538
6190 0.07331815001448805 2.016995705277436
6191 0.07329415714771188 2.01710493935109
6192 0.07327017265323006 2.017214015949294
6193 0.07324623214359136 2.01732303991977
6194 0.07322226606758053 2.017432010241399
6195 0.07319825274196541 2.017540875305169
6196 0.07317439020311009 2.017649547413275
6197 0.0731504335533103 2.017758099018
6198 0.07312651969359132 2.017866489059178
6199 0.07310261680123432 2.017974784086567
6200 0.07307868356262592 2.018082968555064
6201 0.07305474306316283 2.018191080106972
6202 0.07303074807548426 2.018299035713427
6203 0.07300691393433592 2.018406861794469
6204 0.07298304596391519 2.018514515981141
6205 0.07295912753065102 2.018622087424694
6206 0.07293526581098649 2.018729545356305
6207 0.07291133606853456 2.018836940128435
6208 0.07288740078466995 2.018944183148401
6209 0.07286359239918022 2.019051275849656
6210 0.07283970182466282 2.01915821411023
6211 0.07281587320176412 2.019265073768036
6212 0.07279200777380583 2.01937172504232
6213 0.07276812321391997 2.019478329057898
6214 0.07274422607942101 2.019584882249908
6215 0.07272037795584449 2.01969131764463
6216 0.07269658944614801 2.01979761511885
6217 0.07267284064755342 2.019903865125141
6218 0.07264906385674369 2.020010033501594
6219 0.07262524512125335 2.020116102636719
6220 0.07260132863035454 2.020221997914973
6221 0.07257757647650814 2.020327759597744
6222 0.0725538620565877 2.02043340989351
6223 0.07253015478649447 2.020539037947585
6224 0.07250643226093267 2.020644552473981
6225 0.07248256524988972 2.020749975562056
6226 0.07245872969924268 2.020855228293081
6227 0.07243524417185968 2.020960767890943
6228 0.07241155614574084 2.021065843753703
6229 0.07238784527419405 2.021170786664938
6230 0.07236408319034909 2.021275577227169
6231 0.07234032258781993 2.02138128563502
6232 0.07231692232293829 2.021487656308005
6233 0.07229299442059969 2.02158886409921
6234 0.07226941752585782 2.021696636642754
6235 0.07224556393184493 2.021797701489493
6236 0.07222179372832155 2.021901228562671
6237 0.07219806608012884 2.022005338541419
6238 0.07217441740398126 2.02210943777931
6239 0.0721507228921285 2.022213458702413
6240 0.07212695130053617 2.022317300314503
6241 0.07210337471452404 2.022420998625477
6242 0.07207982128779902 2.022524543858511
6243 0.07205629575644457 2.022627983049718
6244 0.07203269627693383 2.022731252182124
6245 0.07200893433949555 2.022834432469663
6246 0.07198521427591049 2.022937474400555
6247 0.07196170206497043 2.023040472678492
6248 0.0719382217611909 2.023143381387892
6249 0.07191470084993151 2.02324615318716
6250 0.07189099708531949 2.02334872198303
6251 0.07186730509039128 2.023451155929352
6252 0.07184364243817963 2.023553485278387
6253 0.07182017865663681 2.023655797876748
6254 0.07179683923021173 2.023758166430373
6255 0.07177318801430491 2.02386020871639
6256 0.0717495456332774 2.023962012306421
6257 0.07172594017299558 2.024063702248677
6258 0.07170237670837426 2.024165362781897
6259 0.07167886862973405 2.024267014275649
6260 0.07165535413026579 2.024368512351697
6261 0.07163177840223353 2.024469846027762
6262 0.07160822634280985 2.024570992367776
6263 0.07158472700062303 2.02467208060532
6264 0.07156125310104396 2.024773124019913
6265 0.07153767188476198 2.024874140134879
6266 0.07151417634825614 2.024974981652234
6267 0.0714906838739791 2.025075675363328
6268 0.07146722433663363 2.025176231404116
6269 0.07144379133553813 2.02527671640627
6270 0.07142026055902319 2.025377132157623
6271 0.07139670657490589 2.025477485349641
6272 0.07137330760906127 2.025577678608842
6273 0.07134991143693227 2.025677773165134
6274 0.07132653329503204 2.025777721215312
6275 0.07130305501127995 2.025877569270187
6276 0.0712795306373409 2.025977316888762
6277 0.07125604053377403 2.026077018295549
6278 0.07123272598876791 2.026176600492326
6279 0.07120923479439269 2.026275619624659
6280 0.071185829196179 2.026374924491347
6281 0.07116239754932056 2.026474176034352
6282 0.07113894602203842 2.026573355869635
6283 0.07111557054513824 2.026672504960225
6284 0.07109235825235659 2.026771522361579
6285 0.07106900658651878 2.026870415710025
6286 0.07104564439323802 2.026969112229539
6287 0.07102223535441551 2.027067671288856
6288 0.07099887704412068 2.027166148552338
6289 0.07097554434390965 2.027264626640001
6290 0.07095218357729589 2.027362976563277
6291 0.07092892073460919 2.027461173110693
6292 0.07090555910243448 2.027559204728291
6293 0.07088226105696283 2.027657129547142
6294 0.07085900863651989 2.027754959685275
6295 0.07083569452173259 2.027852751119978
6296 0.07081234982851842 2.027950454214022
6297 0.07078895609026356 2.028048009122788
6298 0.07076574367796164 2.028145426740985
6299 0.07074252288826004 2.028242750730869
6300 0.07071925082945313 2.028339983016407
6301 0.07069601829744235 2.028437132272205
6302 0.07067274863538187 2.028534149655939
6303 0.07064944471150383 2.028631089065745
6304 0.07062616229288173 2.028727900391077
6305 0.07060294841123127 2.028824599132199
6306 0.07057974955014659 2.028921210570361
6307 0.07055657987021904 2.029017738380309
6308 0.07053336139312624 2.029114149239081
6309 0.0705101327585315 2.029210449630489
6310 0.07048682368678591 2.029306644428632
6311 0.07046361608771208 2.029402718401674
6312 0.07044050977653728 2.029498697315998
6313 0.07041735503424412 2.029594631344517
6314 0.07039423552536213 2.029690425606514
6315 0.07037102237557867 2.029786083512233
6316 0.070347808123841 2.029881600187578
6317 0.07032458850222345 2.029977065707898
6318 0.07030140776601014 2.030072453713546
6319 0.07027840438441303 2.030167788536953
6320 0.07025527515529739 2.030262985445405
6321 0.07023212142789741 2.030358012395073
6322 0.07020899691346653 2.030452886741225
6323 0.0701858852782513 2.030547690779605
6324 0.07016276313132566 2.030642484625536
6325 0.07013958396415966 2.03073719080159
6326 0.07011651573660811 2.030831736831697
6327 0.07009345023253789 2.030926150430433
6328 0.07007042529299363 2.031020453177858
6329 0.0700473496841018 2.031114649517951
6330 0.07002421979623742 2.031208779183198
6331 0.07000108420045199 2.031302854068633
6332 0.06997799724859967 2.031396762023375
6333 0.06995506828166591 2.031490576458155
6334 0.069932035287221 2.031584282212124
6335 0.06990896380234471 2.031677872616985
6336 0.06988611613719195 2.031771881752995
6337 0.0698630943399817 2.03186530852394
6338 0.06984001156002992 2.031958567535797
6339 0.06981692409620296 2.032051693687862
6340 0.06979393635017475 2.032144716177868
6341 0.06977090316602536 2.032237610127458
6342 0.0697479061869876 2.03233044862329
6343 0.06972499533262078 2.03242320889345
6344 0.06970205663534058 2.032515873043673
6345 0.0696789620115866 2.032608466993747
6346 0.06965587174092348 2.032700912734254
6347 0.06963292069738025 2.032793228511067
6348 0.06961004135373616 2.032885519489147
6349 0.06958721667645412 2.032977753891713
6350 0.06956423793017402 2.033069839489938
6351 0.06954118286579382 2.0331617929197
6352 0.06951814214497884 2.033253609879551
6353 0.06949532038484425 2.033345372761234
6354 0.06947254683442998 2.033437095024828
6355 0.06944963756683224 2.033528721381148
6356 0.06942666367158196 2.033620156375091
6357 0.06940367947342628 2.03371147193728
6358 0.06938074332115143 2.033802725404911
6359 0.06935799134503538 2.033893895458743
6360 0.0693351428038044 2.03398500430918
6361 0.06931225544276765 2.034075976116854
6362 0.06928935763024854 2.034166806567473
6363 0.06926646588152317 2.034257533850601
6364 0.06924360408103312 2.034348199329016
6365 0.06922081833574489 2.034438764053215
6366 0.06919797719321034 2.034529250263908
6367 0.06917515827903492 2.034619613302536
6368 0.06915233394704652 2.034709821107821
6369 0.06912949056898798 2.034799950022199
6370 0.06910661422599935 2.034890007201258
6371 0.06908384236010338 2.034979973344462
6372 0.06906107227221105 2.035069825149003
6373 0.06903831674161769 2.035159575457814
6374 0.06901555498308573 2.035249190214966
6375 0.06899272075635535 2.035338748852406
6376 0.06896986641071613 2.035428214684412
6377 0.06894713075292976 2.035517537653326
6378 0.06892440103833997 2.035606780546797
6379 0.06890171814769164 2.035695929298302
6380 0.06887899261703803 2.035784995580394
6381 0.06885619134112515 2.035873937230994
6382 0.06883332978209319 2.035962759780215
6383 0.06881064951835268 2.036051458735448
6384 0.06878801476432052 2.036140114575809
6385 0.06876535957080931 2.03622871321055
6386 0.06874265761182444 2.036317155007462
6387 0.0687198134095835 2.036405471020479
6388 0.06869702564568708 2.036493671308288
6389 0.06867444561665774 2.03658181047484
6390 0.06865182771252022 2.036669903040894
6391 0.06862920424501655 2.036757885955059
6392 0.06860647171724477 2.036845693160378
6393 0.06858375963153852 2.03693339234491
6394 0.06856107173981155 2.037021031197961
6395 0.06853841510104666 2.037108604386777
6396 0.0685158746985829 2.037196102565567
6397 0.06849322495700721 2.037283490999286
6398 0.06847060683995566 2.037370735462767
6399 0.06844799944172307 2.037457812363684
6400 0.06842533363177059 2.037544811949806
6401 0.06840268098111833 2.037631774704458
6402 0.06838002414326644 2.03771866451488
6403 0.06835753167066184 2.037805443662687
6404 0.06833496600191498 2.03789206344581
6405 0.06831233066045539 2.0379785479127
6406 0.06828977609576672 2.038064931888795
6407 0.06826719896388893 2.038151252121322
6408 0.06824459823287475 2.038237514801197
6409 0.06822198248975936 2.038323687516025
6410 0.06819942440388042 2.038409717690757
6411 0.06817693344188817 2.038495644546528
6412 0.06815442534939226 2.038581469094496
6413 0.06813187419616769 2.038667198953751
6414 0.06810935298089801 2.038752828637992
6415 0.06808676161302937 2.038838398839957
6416 0.06806420916408559 2.038923891279246
6417 0.06804202161033919 2.039009393406996
6418 0.06801952656719414 2.039094713682752
6419 0.06799702097066633 2.039179843548041
6420 0.06797448979155885 2.039264893898781
6421 0.0679519689645858 2.039349890230626
6422 0.0679294367427013 2.039434749690962
6423 0.06790703170808639 2.039519509616224
6424 0.06788456018534313 2.039604107747804
6425 0.06786206416397379 2.039688639333854
6426 0.06783963210996555 2.039773084818831
6427 0.06781719156711456 2.039857445900212
6428 0.06779468548562938 2.039941719512583
6429 0.06777215325570646 2.040025860724159
6430 0.06774976220672765 2.040109895244947
6431 0.067727360150103 2.040193852531691
6432 0.06770498184465974 2.040277736814376
6433 0.06768263314825383 2.040361522927096
6434 0.06766023487109513 2.04044518414422
6435 0.06763772738314462 2.040528730458
6436 0.0676153145641768 2.040612455351214
6437 0.06759301245090446 2.040695834556021
6438 0.06757072987119478 2.040779137602378
6439 0.06754841065637091 2.040862316295152
6440 0.06752597495490612 2.0409453404345
6441 0.06750351318307082 2.04102826335734
6442 0.06748109682743221 2.041111105364515
6443 0.06745889365330568 2.041193931790311
6444 0.06743666561558935 2.04127666570569
6445 0.06741427264909408 2.041359271969007
6446 0.0673919086772163 2.041441709603692
6447 0.06736956603375895 2.04152406960263
6448 0.06734722267837864 2.041606394832142
6449 0.0673249543447188 2.041688636509331
6450 0.06730195936166652 2.041769540651866
6451 0.06727973551174446 2.04185155303547
6452 0.06725757798307833 2.041933584362596
6453 0.06723542194384223 2.042015510872256
6454 0.06721326764051218 2.042097346361223
6455 0.06719096633609561 2.042179139708041
6456 0.06716871424209561 2.042260842883338
6457 0.06714661781724317 2.042342407778556
6458 0.06712445235706045 2.042423821801829
6459 0.06710229196840782 2.042505087041091
6460 0.06708005310224689 2.042586237358361
6461 0.06705784054435912 2.04266734162066
6462 0.06703561936841236 2.042748378625808
6463 0.06701337564296822 2.042829278898151
6464 0.06699128511461162 2.042910020650627
6465 0.06696907654317823 2.042990653313993
6466 0.06694687087379812 2.043071199792307
6467 0.06692471899687297 2.043151653207932
6468 0.06690254754070935 2.043232017436054
6469 0.06688035211146375 2.043312296664812
6470 0.06685811433348432 2.043392483414662
6471 0.06683598973500908 2.043472529252043
6472 0.06681385563282397 2.043552486084759
6473 0.06679174809991278 2.043632370427309
6474 0.06676966468113796 2.043712179644348
6475 0.06674748757156493 2.043791917904182
6476 0.06672526608836168 2.043871521120487
6477 0.06670317622667518 2.043950993561694
6478 0.06668109861703558 2.044030386023536
6479 0.06665907147498566 2.044109738265911
6480 0.06663700123496498 2.044188992657956
6481 0.06661484114944645 2.044268162721431
6482 0.06659266611115043 2.044347199088833
6483 0.06657066164217412 2.044426126730091
6484 0.06654855629771438 2.04450643531634
6485 0.06652673896795121 2.044583378035016
6486 0.06650463562689105 2.04466185856294
6487 0.06648245648551333 2.044740584584956
6488 0.06646033391676051 2.044819238907812
6489 0.06643833585669257 2.044897692054293
6490 0.0664163195444254 2.044976012277617
6491 0.06639433592332696 2.045054225607428
6492 0.0663723463845312 2.04513232925307
6493 0.06635035605180846 2.045210304583323
6494 0.06632831740326947 2.045288140485412
6495 0.06630619012128937 2.045365880057616
6496 0.06628423681224688 2.045443533580178
6497 0.06626232312275761 2.045521145251349
6498 0.06624037639855408 2.045598640912516
6499 0.06621839282296424 2.045675979573709
6500 0.06619635729826769 2.045753168719128
6501 0.06617435657617592 2.045830294650965
6502 0.06615237137672896 2.045907393831057
6503 0.06613050140387554 2.045984421970059
6504 0.06610859500117161 2.04606131288399
6505 0.0660866024092461 2.046138049464528
6506 0.06606466453472495 2.046214691723441
6507 0.0660426761336349 2.046291137654733
6508 0.06602068914187569 2.04636766283164
6509 0.06599887199597025 2.04644412192258
6510 0.06597697014849822 2.046520474089709
6511 0.06595509734336046 2.046596696816759
6512 0.06593324159130219 2.046672794427348
6513 0.06591132638548088 2.046748807013981
6514 0.0658893821356769 2.046824763826835
6515 0.0658674636520488 2.046900649753451
6516 0.06584569326897856 2.046976419927834
6517 0.06582387742055677 2.047052093399826
6518 0.06580204096181308 2.047127627880887
6519 0.06578017900351009 2.047203031786445
6520 0.06575824822833692 2.047278183654197
6521 0.06573636019469577 2.047353487690906
6522 0.0657145317614788 2.047428731693871
6523 0.06569284398495624 2.047503875010496
6524 0.06567104443656815 2.047578893005384
6525 0.06564917825576122 2.047653741229106
6526 0.06562735731907693 2.047728487096431
6527 0.0656056064795917 2.047803187947461
6528 0.06558386386513394 2.047877863076559
6529 0.0655620161669582 2.047952433628482
6530 0.0655397307363023 2.048026283745561
6531 0.06551807754828914 2.048100598216171
6532 0.0654964557800517 2.048174862415239
6533 0.06547487825233181 2.048249102354713
6534 0.06545337936038735 2.048323819674815
6535 0.06543150844823213 2.048397814955817
6536 0.06540968624850135 2.048471540271228
6537 0.06538802329575835 2.048545177889989
6538 0.06536638747085532 2.048618803094848
6539 0.06534470982836191 2.048692349519471
6540 0.06532293377398762 2.048765760993821
6541 0.06530116234827764 2.048839034791378
6542 0.06527940565332259 2.048912290526693
6543 0.06525773780629228 2.048985461259017
6544 0.06523615826075936 2.049058569509797
6545 0.06521443670023866 2.049131589048639
6546 0.06519275691174917 2.04920447252609
6547 0.06517111271319394 2.049277240049132
6548 0.06514950871402168 2.049349920201364
6549 0.06512784939117654 2.049422528410715
6550 0.06510605960618286 2.049495074469302
6551 0.06508444697144443 2.049567533396496
6552 0.06506288480280066 2.049639872236927
6553 0.06504131190681395 2.049712137021906
6554 0.06501975315715593 2.049784262432266
6555 0.06499805158232493 2.049856267056883
6556 0.06497639465189048 2.049928199879453
6557 0.06495476250299116 2.050000105912876
6558 0.0649332224335832 2.050071939215611
6559 0.06491176456410387 2.050143649306019
6560 0.06489012725520943 2.050215235733286
6561 0.06486852462262173 2.050286653540516
6562 0.06484695517283959 2.050357994874758
6563 0.06482545721747016 2.050429322405094
6564 0.06480393486189097 2.05050062253052
6565 0.06478212356714073 2.050571346231384
6566 0.06476062410726122 2.050642323921522
6567 0.06473910913672723 2.050713272070062
6568 0.06471767105657798 2.050784182692884
6569 0.06469629366283434 2.050855048324641
6570 0.06467480113392388 2.050925783275096
6571 0.0646532023937334 2.050996377613153
6572 0.06463161538148371 2.051066844682572
6573 0.06461020699642527 2.051137224798287
6574 0.064588846040375 2.051207549637999
6575 0.0645673890841839 2.051277794506151
6576 0.06454588840780469 2.051347895378691
6577 0.06452439011944339 2.051417847621761
6578 0.06450290386251678 2.051487752539007
6579 0.06448145669780751 2.051557579016269
6580 0.06446008557261965 2.051627330546178
6581 0.06443865339757736 2.051696988897925
6582 0.06441723107273331 2.051766511755094
6583 0.06439583627598708 2.05183592449435
6584 0.06437444592282761 2.051905249443892
6585 0.06435294682287154 2.051974530404141
6586 0.06433149738040818 2.05204370844279
6587 0.0643101795671943 2.05211281050393
6588 0.06428884209237709 2.052181825116417
6589 0.06426751944709434 2.052250709075549
6590 0.06424612651001115 2.052319472352938
6591 0.06422473915142307 2.052388123519632
6592 0.06420329348388962 2.052456766063437
6593 0.06418193772056667 2.052525354313183
6594 0.06416073116105379 2.052593826199364
6595 0.06413936762824159 2.052662174266287
6596 0.06411803672963144 2.052730376756399
6597 0.06409668937608434 2.052798468743702
6598 0.06407539407576514 2.052866527308675
6599 0.06405410845714084 2.052934568944546
6600 0.06403272563722216 2.053002504545656
6601 0.0640114904780275 2.05307028387545
6602 0.06399019318030069 2.053137934457752
6603 0.06396893730235284 2.053205501758238
6604 0.06394772067408894 2.05327301449275
6605 0.06392641053939439 2.0533404810842
6606 0.06390509121206976 2.053407843184227
6607 0.06388383820421492 2.053475057589299
6608 0.0638626206121828 2.053542142242682
6609 0.06384141409873027 2.053609172734029
6610 0.06382017350521021 2.053676136840499
6611 0.06379897389646044 2.053743009229835
6612 0.06377775327623608 2.053809771855234
6613 0.0637564604868906 2.053876474094647
6614 0.06373525052289503 2.053943044859488
6615 0.06371406928629411 2.054009519194557
6616 0.06369289009751247 2.054075935909999
6617 0.06367176884720079 2.054142256368285
6618 0.06365059939994311 2.054208465658871
6619 0.06362942465032574 2.054274558004731
6620 0.06360813959184815 2.054340582630341
6621 0.06358689807855854 2.054406497118005
6622 0.06356587515573549 2.054472364122031
6623 0.06354480025376692 2.054538176922375
6624 0.06352369548146494 2.054603856145323
6625 0.0635025042470375 2.054669379611375
6626 0.06348132698984617 2.054734768975208
6627 0.06346019010360451 2.054800116736814
6628 0.06343908011254566 2.054865474711554
6629 0.06341802441662335 2.054930746434868
6630 0.06339693191834039 2.054995865352039
6631 0.06337579059018154 2.055060831371895
6632 0.06335470726784537 2.055125680165417
6633 0.06333368735717992 2.055190482537392
6634 0.06331264923017076 2.055255259475521
6635 0.06329148799779152 2.055319982638368
6636 0.06327035352903296 2.05538453303209
6637 0.06324935943340874 2.055448954759355
6638 0.06322836934355662 2.055513308799255
6639 0.06320738757180096 2.055577591168822
6640 0.06318633578128402 2.055641793884047
6641 0.06316527215517953 2.055705872242346
6642 0.06314417626728316 2.055769872660231
6643 0.06312314925815674 2.055833786909229
6644 0.06310228507841446 2.05589761194452
6645 0.06308123868543811 2.055961355133733
6646 0.06306022756382942 2.056024993699678
6647 0.06303925006333329 2.056088512065766
6648 0.06301829207771124 2.056151941521494
6649 0.06299733118212528 2.056215322863778
6650 0.06297624982746979 2.056278601239805
6651 0.06295530693722842 2.056341756908052
6652 0.06293438284203526 2.0564048387079
6653 0.06291351346629502 2.056467856031901
6654 0.06289268396250108 2.056530941025477
6655 0.06287165749895419 2.056593749478085
6656 0.06285059736045931 2.056656424701241
6657 0.06282967392168926 2.056718992551469
6658 0.06280885243510761 2.056781535338854
6659 0.06278804858858789 2.05684402981975
6660 0.06276712934780186 2.056906391175623
6661 0.06274616090066286 2.056968591543107
6662 0.0627252086587035 2.057030679275393
6663 0.06270429173027449 2.057092764714832
6664 0.06268350920684621 2.057154827013971
6665 0.06266273418035909 2.057216803799845
6666 0.06264181266362515 2.057278630571502
6667 0.06262093159811295 2.057340287104447
6668 0.06260008902592762 2.057401842353413
6669 0.06257929626519255 2.057463372660409
6670 0.06255844342837694 2.057524924491319
6671 0.0625375492584557 2.057586346478999
6672 0.06251678204924083 2.05764761376776
6673 0.0624959940910083 2.05770877261958
6674 0.06247525724749527 2.057769848646627
6675 0.06245448892906594 2.057830861107431
6676 0.06243368093884819 2.057891794192966
6677 0.06241284841689503 2.057952635533263
6678 0.06239201130866396 2.058013384452306
6679 0.06237131028506691 2.058074031099595
6680 0.0623506111659556 2.058134590927784
6681 0.0623298446374123 2.058195063042621
6682 0.06230909012450645 2.058255442373629
6683 0.06228837645793458 2.058315721529161
6684 0.06226765657003882 2.058375909461655
6685 0.06224686314796574 2.058436050772037
6686 0.06222613296672256 2.05849606642201
6687 0.06220543821290395 2.058555982783022
6688 0.06218476315987777 2.058615840137695
6689 0.06216432928749861 2.058676039958935
6690 0.06214362081596025 2.058735662343061
6691 0.06212288952859574 2.058795134896241
6692 0.06210207019215446 2.058854545335505
6693 0.06208155084363559 2.0589142756045
6694 0.06206100098684787 2.058973591931404
6695 0.06204033106121246 2.05903277619463
6696 0.06201965927264994 2.059091808445781
6697 0.06199893513524364 2.059150692339982
6698 0.06197823761624945 2.059209471836501
6699 0.06195756928131879 2.059268227731532
6700 0.06193688023358793 2.059327000788783
6701 0.06191631549471977 2.059385681582904
6702 0.06189570628819108 2.059444221363782
6703 0.06187507484553714 2.059502644886217
6704 0.06185449460381675 2.059560957858125
6705 0.06183388467413943 2.059619225994673
6706 0.06181332447856863 2.059677475043462
6707 0.06179270796839477 2.059735666629288
6708 0.06177209947233465 2.059793718979696
6709 0.06175160956060884 2.059851642013097
6710 0.06173104110260016 2.059909477471952
6711 0.06171052624834374 2.059967234434585
6712 0.06169003024314908 2.060024926975296
6713 0.06166949490038739 2.060082538029402
6714 0.06164891573082333 2.060140070359421
6715 0.06162830877039768 2.060197476963558
6716 0.06160788133357727 2.060254787190533
6717 0.06158741280595417 2.060312028778983
6718 0.06156694202540736 2.060369204077341
6719 0.06154649172750348 2.060426266096911
6720 0.06152597682961856 2.060483207451465
6721 0.06150545503740917 2.060540065288831
6722 0.06148492756247312 2.060596851818148
6723 0.06146450998193369 2.06065356511909
6724 0.06144413167618454 2.060710207331945
6725 0.06142366960347062 2.060766758674104
6726 0.0614032283998592 2.06082317348894
6727 0.06138279364570821 2.060879473983753
6728 0.06136235148482197 2.060935708245371
6729 0.06134187080446972 2.060991902131537
6730 0.06132148074844768 2.061048038995942
6731 0.06130113225479166 2.061104064102998
6732 0.06128073565145083 2.061159975809888
6733 0.0612603885250036 2.061215777316547
6734 0.06124000654087155 2.061271476850122
6735 0.06121956655295371 2.061327140461631
6736 0.06119916342637188 2.061382779870761
6737 0.06117883924793514 2.061438323506763
6738 0.06115858010761621 2.061493753182025
6739 0.06113824404537546 2.061549071385786
6740 0.06111788214669193 2.061604281530731
6741 0.06109748895765661 2.061659279315509
6742 0.06107718546037493 2.061714382907849
6743 0.06105702434108656 2.061769886259592
6744 0.06103671135619004 2.061824801812266
6745 0.06101641112019637 2.061879570684907
6746 0.06099611859887144 2.061934303045236
6747 0.06097583707731336 2.061988879259271
6748 0.06095562125879758 2.062043419448512
6749 0.06093540693919283 2.062097883916032
6750 0.06091501802913977 2.062152289857372
6751 0.06089467264811974 2.062206556067206
6752 0.06087448631988705 2.062260712696084
6753 0.0608543002742007 2.062314829777368
6754 0.06083416775139525 2.062368888397018
6755 0.06081391945369576 2.062422845984193
6756 0.06079366791855326 2.062476664929108
6757 0.06077338186111911 2.062530397791358
6758 0.0607531245673918 2.062584048282929
6759 0.06073306183673148 2.062637633380206
6760 0.06071289362042565 2.062691165943897
6761 0.06069271929100152 2.06274457319026
6762 0.06067251908349106 2.062797827961788
6763 0.06065232064448299 2.06285098853399
6764 0.06063213822204213 2.062904101194412
6765 0.06061195249757503 2.062957146263369
6766 0.06059185646459509 2.063010121927552
6767 0.06057171454510508 2.063062980099379
6768 0.06055158163174184 2.063115699014725
6769 0.06053147380961252 2.063168302106499
6770 0.06051132109704957 2.06322083041069
6771 0.06049111539562435 2.063273351182516
6772 0.0604709654615074 2.063325784175768
6773 0.06045096201821823 2.063378119377386
6774 0.06043090978168097 2.063430331468786
6775 0.06041081162790844 2.063482443429817
6776 0.06039070499702962 2.063534446553549
6777 0.06037061341120521 2.063586367666131
6778 0.06035052839918254 2.06363826154787
6779 0.06033044727745116 2.063690091860698
6780 0.06031041535079779 2.063741804263263
6781 0.06029038163910335 2.063793393656898
6782 0.06027031906863473 2.063844876088897
6783 0.06025029836405594 2.063896278558163
6784 0.06023032523546442 2.063947611907102
6785 0.0602102823310944 2.063998878731899
6786 0.06019018993009144 2.064050067964852
6787 0.06017013653051231 2.064101119714871
6788 0.06015017949621407 2.064152066173557
6789 0.06013022214107088 2.064202957437924
6790 0.06011007430678941 2.064253371459446
6791 0.06009014667184653 2.064304121860813
6792 0.06007015114633125 2.064354800450723
6793 0.06005012639369642 2.064405416792831
6794 0.06003015610540312 2.064455907306652
6795 0.06001029703903434 2.064506355336712
6796 0.05999044826346371 2.06455675695734
6797 0.05997054535539786 2.064607032753994
6798 0.05995106829569512 2.064658195913044
6799 0.05993110119728009 2.064708095918509
6800 0.05991105614186994 2.064757876168919
6801 0.05989106855158338 2.064807654010594
6802 0.05987118164338754 2.064857376498816
6803 0.05985128518283416 2.064906991479868
6804 0.05983136624406612 2.064956474499905
6805 0.05981141190774746 2.065005859611559
6806 0.05979153103216441 2.06505519108956
6807 0.05977163603239155 2.065104518892291
6808 0.05975172268073325 2.065153838293231
6809 0.05973191524585248 2.065202989471071
6810 0.05971204536014642 2.06525201169395
6811 0.059692224570023 2.065300942949339
6812 0.05967242336744925 2.065349811930689
6813 0.05965277260892539 2.065397783976206
6814 0.05963292168357016 2.065446335266854
6815 0.05961277116241444 2.065496313996352
6816 0.05959302451747496 2.065545063014613
6817 0.05957333994275594 2.065593505867988
6818 0.05955380591585999 2.065640923292528
6819 0.05953402578861119 2.065688983178236
6820 0.0595140712054987 2.0657375335427
6821 0.05949428520718707 2.065785750025482
6822 0.05947459795618502 2.06583403506207
6823 0.05945487262798172 2.065882052168226
6824 0.05943512697105839 2.065930044346939
6825 0.0594153640543167 2.06597783753964
6826 0.05939562642352162 2.066025628924096
6827 0.05937588701395421 2.066073290523327
6828 0.05935614198317585 2.066120896527948
6829 0.05933648578397374 2.06616830470186
6830 0.05931674135895685 2.066215662393216
6831 0.0592970642928529 2.066262905854395
6832 0.05927744040483829 2.066310125238738
6833 0.05925781032106399 2.066357211220299
6834 0.05923808766430661 2.066404226336673
6835 0.05921827605169613 2.066451113966006
6836 0.05919861916942457 2.066497939865888
6837 0.05917906485800971 2.066544704067526
6838 0.05915926782865174 2.066592372626346
6839 0.05913993839816051 2.066638073116141
6840 0.05912002707680042 2.066685202943668
6841 0.05910037609607297 2.066731518296257
6842 0.05908076263734081 2.066777722228136
6843 0.05906125651669312 2.066823894331483
6844 0.05904188450509262 2.066869595757862
6845 0.05902214427817367 2.066915889106457
6846 0.05900255863826746 2.06696175427657
6847 0.05898299509050928 2.067007568926447
6848 0.05896346292455449 2.067053386073211
6849 0.05894414442880469 2.067098358942588
6850 0.05892424661807535 2.067144895379526
6851 0.05890475315754484 2.067190642466488
6852 0.05888526510160026 2.067236184647067
6853 0.05886605004991154 2.067280756159072
6854 0.05884657675234573 2.067326016129557
6855 0.05882669011417323 2.067372425370147
6856 0.05880741696765464 2.06741688778244
6857 0.05878788592915644 2.067461906859081
6858 0.05876839339118424 2.067507115340387
6859 0.05874873955865185 2.067553024928067
6860 0.05872951450677795 2.067597059976401
6861 0.05871006072870387 2.067641731968722
6862 0.05869058939555175 2.067686455874583
6863 0.05867113593203516 2.06773111594574
6864 0.05865165157099888 2.067775693368041
6865 0.05863188122495005 2.067821038527004
6866 0.05861276934642184 2.067864487119331
6867 0.05859340109912721 2.067908539717854
6868 0.05857400791547031 2.067952752452614
6869 0.05855461673572181 2.067996790706475
6870 0.05853515486236139 2.068040773770274
6871 0.05851563211162438 2.068084625966088
6872 0.05849592921000633 2.068129316829188
6873 0.05847697708270427 2.068172212120243
6874 0.05845747064137618 2.068216526258354
6875 0.05843811289967671 2.068260022801141
6876 0.05841873208616028 2.068303272689815
6877 0.05839936794112498 2.06834640967052
6878 0.05838009826598804 2.068389187453803
6879 0.05836066184839074 2.068432637707785
6880 0.05834141814645573 2.068475690222422
6881 0.05832207891336737 2.068518617163726
6882 0.05830275292587203 2.068561437819182
6883 0.05828345725897673 2.068604207186811
6884 0.05826437093182592 2.068646165562923
6885 0.05824476197756357 2.068689612747816
6886 0.05822573881594418 2.0687315355503
6887 0.05820642096341239 2.06877412171672
6888 0.05818714169225635 2.068816656109837
6889 0.05816786739540891 2.068859118183069
6890 0.05814856431394291 2.068901505352279
6891 0.0581292285693132 2.068943831035462
6892 0.0581099902615076 2.06898604852553
6893 0.05809084217312979 2.069028123179401
6894 0.0580716424263652 2.069070093180232
6895 0.05805240145658234 2.069111919190656
6896 0.05803316507584851 2.069153661596185
6897 0.05801393266789379 2.069195333555918
6898 0.05799470726886743 2.069236999774443
6899 0.05797549062290791 2.069278516002831
6900 0.05795635193587133 2.06931993327919
6901 0.0579371769162207 2.069361214087281
6902 0.05791798460650268 2.06940244054127
6903 0.0578988727288199 2.069443600645661
6904 0.05787975372227983 2.069484695719003
6905 0.05786051176416751 2.069525685170974
6906 0.05784128818180153 2.069566591717172
6907 0.05782217874031696 2.069607361947004
6908 0.05780285820779978 2.069648915792071
6909 0.05778385216331635 2.069689560186881
6910 0.05776478030665178 2.069729982642156
6911 0.05774573836475945 2.069769976078168
6912 0.05772646025273227 2.069810497988452
6913 0.0577074655509425 2.069850677927532
6914 0.05768844454451527 2.069890806834243
6915 0.0576693629117437 2.06993090019628
6916 0.05765031887877241 2.069970921679579
6917 0.05763122071711847 2.070010863819054
6918 0.05761232415551312 2.070050021466442
6919 0.05759302502066956 2.07009047011951
6920 0.05757423210115123 2.070129533501659
6921 0.05755518822594025 2.070169338803479
6922 0.05753619259960224 2.070209044040201
6923 0.05751715101890341 2.070248720770719
6924 0.05749813435672558 2.070288204222044
6925 0.05747899077786704 2.070327647492561
6926 0.0574599199716057 2.070366935832042
6927 0.05744106298328917 2.070406206422673
6928 0.05742214298022299 2.070445381412418
6929 0.05740319937551886 2.070484442579033
6930 0.05738417757679485 2.070523315989642
6931 0.05736518121963068 2.070562093240806
6932 0.05734621801764421 2.070600804524851
6933 0.0573272555615528 2.070639548668006
6934 0.05730838930033552 2.070678160225946
6935 0.05728942830642242 2.070716646376982
6936 0.05727046398836737 2.070754975687591
6937 0.05725156742586276 2.070793236230076
6938 0.05723270333237829 2.070831440273292
6939 0.05721380705065083 2.070869646674697
6940 0.05719481685372235 2.070907755861215
6941 0.05717589592895916 2.070945732515475
6942 0.05715706893717174 2.070983575895784
6943 0.05713802185110595 2.071022152186514
6944 0.05711924930734059 2.071059847335344
6945 0.05710039521138369 2.071097293101567
6946 0.05708153935629981 2.071134696573094
6947 0.05706269940412931 2.071171657445232
6948 0.05704384928220987 2.0712092462511
6949 0.05702512736412984 2.071246496527078
6950 0.05700626754912493 2.07128369047772
6951 0.05698745254436838 2.071320811708047
6952 0.05696867425370973 2.071357854242245
6953 0.05694992371163919 2.071394828997897
6954 0.05693133368320227 2.071431085428415
6955 0.05691242742535755 2.071467779387656
6956 0.05689358023358101 2.071504736624683
6957 0.05687484050147823 2.071541488315054
6958 0.056856130574062 2.071578302975971
6959 0.0568374485984189 2.071614882792325
6960 0.05681859371911431 2.071651395668004
6961 0.05679974669377452 2.071687726027307
6962 0.0567809273205068 2.071724024940385
6963 0.0567623589717236 2.071760251160723
6964 0.05674375707479085 2.071796452740221
6965 0.05672499813752836 2.071832471594158
6966 0.05670622792592534 2.071868358705442
6967 0.05668749688666319 2.071904100934575
6968 0.05666878651286724 2.071939890109376
6969 0.05665015333179137 2.071975637144325
6970 0.0566315305095803 2.07201130142651
6971 0.05661283579776887 2.072046790695763
6972 0.05659415612882878 2.072082164937671
6973 0.05657554616479546 2.072117449415094
6974 0.05655697343535582 2.072152724809401
6975 0.05653826099257363 2.07218796744732
6976 0.05651929105935213 2.072223790892837
6977 0.05650076916029627 2.072258741829592
6978 0.05648225904861754 2.072293496400478
6979 0.05646377611970508 2.072328175120045
6980 0.05644520908470714 2.072362914732143
6981 0.05642658398304045 2.072397481125353
6982 0.05640817484523088 2.072431406089945
6983 0.05638932444464236 2.07246641437926
6984 0.05637087759295641 2.072500920051958
6985 0.05635256958170012 2.072534667559217
6986 0.0563339409467866 2.072568914192207
6987 0.05631532861608198 2.072603220843519
6988 0.05629679097221728 2.072637421209174
6989 0.05627816931367533 2.072672003737422
6990 0.05625965146306099 2.072705679950791
6991 0.05624116158419071 2.072739460773602
6992 0.05622261415995208 2.072773296214101
6993 0.05620416726987153 2.072807021263067
6994 0.05618572942416577 2.072840747405498
6995 0.0561672007679394 2.072874349428274
6996 0.05614858645979296 2.072907859290253
6997 0.05613013559009626 2.072941189759015
6998 0.05611169863252258 2.072974491659555
6999 0.05609333797133412 2.073007742588873
7000 0.05607491778369699 2.073040960404515
