"rf_coeffs"
"Iteration" "cd etc.."
("Iteration" "cd" "cl")
1 6.045290129002874 10.07328014329169
2 1.35078986301627 3.621740093603345
3 0.4984803311749835 0.809929934054645
4 -0.08661274582212176 -0.2654475628304981
5 0.2378198070352517 -0.5136477581502542
6 0.002164556681979324 -0.2890494779412158
7 0.1751805544804196 -0.1509004368732164
8 0.03504830654664519 0.1646619331499131
9 0.142116413951753 0.148419253711059
10 0.07116908115969371 0.2786328511778196
11 0.1137467149441493 0.2293890723787624
12 0.08091851290750086 0.256883587463042
13 0.08828948960395303 0.1867215455039086
14 0.07993393596743556 0.2015027099445226
15 0.07172050149144074 0.1954223609330271
16 0.06649356966557889 0.1611946432651796
17 0.07112225362918123 0.2465821297980802
18 0.06606270610562559 0.1757240299900568
19 0.06561907566519216 0.2932173451503788
20 0.05316681964217321 0.1511854698400736
21 0.0594828536098387 0.2950015827228016
22 0.05642307335771056 0.1914288022344692
23 0.06531483940012595 0.3062139337082105
24 0.05325128610031336 0.2548805123400579
25 0.05537333250497588 0.2340616749772995
26 0.06496397458635075 0.3637351471319867
27 0.0491142117174612 0.1923573570778518
28 0.05921300681009244 0.3459686747931678
29 0.02057403581139699 0.01080630092528406
30 0.06657437653852172 0.3867789811504922
31 0.02807955716825544 0.04475139599084301
32 0.07003067246754044 0.4372485776761033
33 0.04818150687594207 0.3167813181124337
34 0.06094796830089955 0.3363777870466829
35 0.03382051031156385 0.2138439247960132
36 0.0134357691340856 -0.02179832455022641
37 0.03587349415543916 0.2637194845830075
38 0.03703466371057278 0.1039382252804591
39 0.08211122250454102 0.5456230678757564
40 0.01695216516382464 0.01554690260195661
41 0.01702615361015388 0.03452794220020184
42 0.01016480115416614 0.02654607033794851
43 0.03676937802260189 0.2063650250555537
44 0.08156846427033605 0.5616874882331083
45 0.055963465357752 0.2685520039693702
46 0.04129019992811948 0.2845573767067571
47 0.008055232868463979 0.004336731462256966
48 0.02924633437294326 0.1990896363308965
49 0.01110998813425157 0.07045201916153823
50 0.02179453892044219 0.1595351484352969
51 0.06951645326256266 0.4458981858651866
52 0.05785042293766603 0.2974467120603916
53 0.07098223317837067 0.5495638835482258
54 0.02477201758101564 0.1274316350232592
55 0.07000799012414306 0.4049336178044201
56 -0.01427681291782665 -0.04724149925918757
57 0.01275994424496491 0.1377917894877434
58 0.004493097350792787 0.0425655291261513
59 0.04353326326692215 0.312328313644719
60 0.03449351327106425 0.3606632003504702
61 0.03103066359110982 0.187048718164329
62 0.06432695437038292 0.4804177430299859
63 0.005317364268690162 -0.006832306280691241
64 0.04821132243500318 0.4348983509781116
65 0.002415986515661728 0.07450434294970165
66 0.03757763564235882 0.3256639024626773
67 0.02563807643040696 0.2273499094478783
68 0.02475811728058905 0.1842706472307324
69 0.0266007150580828 0.2919327269067952
70 0.03544250860059024 0.1444248471273063
71 0.0595350360060328 0.4600181635174035
72 0.03034293217572276 0.2808604415827134
73 0.06205333091962868 0.4830829483168853
74 0.03431670346923629 0.2913391387096829
75 0.0242667593518245 0.2434739462990834
76 0.01923852579451471 0.2891776274828968
77 0.008301822156127962 0.09698939100753901
78 0.03906841408429493 0.3416783263983221
79 0.02125797812907358 0.2258730485597089
80 0.03346561842785507 0.3219142059815272
81 0.02260583473319655 0.2974639925342103
82 0.03971058755220514 0.3908026238230989
83 0.04222668790552719 0.3837548529661347
84 0.04551020854954504 0.4094473730103235
85 0.0389306604692539 0.4637280829852271
86 0.02083946161496284 0.233245782995885
87 0.03816261425292949 0.4041886994414575
88 0.01908925358246341 0.1989073396018988
89 0.01289174807206199 0.2797034655015485
90 0.01447177064370791 0.3037583427716464
91 0.02430737174584454 0.2657024891638848
92 0.03445172844369473 0.4112167755276712
93 0.02356618235801381 0.271486494231351
94 0.04372222862663074 0.4484520095181264
95 0.02169909654463406 0.2837534024453138
96 0.0386674135634156 0.4292509616962895
97 0.03896741948314585 0.4844688494017776
98 0.05238804844354493 0.4769947596301029
99 0.0283930837421173 0.4188674516620657
100 0.01527693410286939 0.2516838524936907
101 0.02019319149052581 0.3191560541021313
102 0.011255461264201 0.2294065706605543
103 0.03325844610617495 0.4202103499577798
104 0.04159587906147347 0.4610993215494541
105 0.03671676638295794 0.4612485890636052
106 0.03536160578167487 0.4672808345113605
107 0.02028353012421509 0.3069161143958901
108 0.02998731252138636 0.457381597141884
109 0.01514373492188021 0.2991612010858924
110 0.03060494995962765 0.4447851253040863
111 0.0176791399486551 0.3532197551622037
112 0.0358692193756914 0.4435033041411327
113 0.02218732780947449 0.3670054497357307
114 0.02802275089164438 0.3729994545536862
115 0.02678331077447108 0.4060713138660393
116 0.01901548895087885 0.3396093352516134
117 0.03499110019780607 0.5085022635290634
118 0.02997746840782929 0.4414513600181652
119 0.03233455993056922 0.4721919776883095
120 0.02348801311118606 0.4451729752156207
121 0.02413244985961698 0.3711134391958235
122 0.02118851538278263 0.3925656904550301
123 0.01479775952425734 0.340372372380143
124 0.02898760958544921 0.4680295150941094
125 0.02392304545359004 0.3886691237996651
126 0.03127293308474698 0.4731408125760775
127 0.03254767020678109 0.4848182669252498
128 0.02909483582403267 0.4675932440730616
129 0.02887137340158006 0.4493623116443706
130 0.01474104949828311 0.3439662360954279
131 0.02341813225889279 0.4762308041430338
132 0.01757717927321126 0.3546223095260532
133 0.02113649254346676 0.4381457479774521
134 0.02130786662143424 0.4012730346706911
135 0.02629598718788632 0.4466280087562318
136 0.02110625716469687 0.4323878065570678
137 0.02369680626737022 0.4356037131665437
138 0.0250219298603478 0.4732536580247763
139 0.02177592423384057 0.4244614524637645
140 0.02759437502999468 0.4864342224568257
141 0.02333495035568141 0.4201901157534211
142 0.02867009284571596 0.4891395276975581
143 0.02157576881035518 0.4394143720138003
144 0.02331080186051791 0.4545091087497102
145 0.02225752484313286 0.4478993705383862
146 0.01270236645593497 0.4047372831705323
147 0.02445793436584805 0.4776825284164229
148 0.0231785390597417 0.4450752245413604
149 0.0312122223957768 0.5172212449243678
150 0.02373009845812458 0.4565389149227543
151 0.02464189508034329 0.4682556464058263
152 0.01913486299933128 0.4480823766978592
153 0.01895458820878976 0.4356811432599965
154 0.019800402346952 0.4623066350989274
155 0.01626906632174062 0.4231558665955424
156 0.02485829732745832 0.4924888151919518
157 0.02259424930255375 0.4466923648886859
158 0.0258732958385166 0.4996900793583183
159 0.02287092760443266 0.4701304239874696
160 0.02228496513923151 0.472612226316852
161 0.02123238322773994 0.4702326513823202
162 0.01849803610096794 0.449789612298931
163 0.02142576412936006 0.4853803675903099
164 0.01967848340602935 0.4509291552101765
165 0.02359467775502742 0.4890095844767895
166 0.02009050640895541 0.4633874667126417
167 0.02288776751389826 0.4838631874907581
168 0.02113045960993322 0.4736745510885998
169 0.01904413456674068 0.4676780804191396
170 0.02136969754116268 0.4938582167249348
171 0.01796206546678992 0.4558690108920742
172 0.02228372166126803 0.4967334575960899
173 0.0207445012378959 0.4635838672689785
174 0.02289492698113396 0.4933612913060213
175 0.02116046881624251 0.4771968657840638
176 0.02275835072288278 0.4938137359166215
177 0.02084761892716885 0.4920647787134819
178 0.01986813393454681 0.4713578122459813
179 0.02176544845212405 0.5008179967282728
180 0.01721511065042615 0.4579678109333261
181 0.02120058010151218 0.4912273575962083
182 0.01878792376625019 0.480619720224438
183 0.02074690339329925 0.4858030939329624
184 0.02011466716447127 0.4898178397390547
185 0.01973017817674648 0.4785283043286254
186 0.02015711293806898 0.4929365673341639
187 0.01990571782572146 0.4802885823493557
188 0.02117558057315205 0.5024245532105627
189 0.01910362213538784 0.4838515641575443
190 0.02220723513468893 0.5054307955678705
191 0.02062117763504658 0.497880276092487
192 0.020040408440799 0.4874837775571461
193 0.02088617228118855 0.4979897752298152
194 0.01801335557882455 0.4812449714460367
195 0.02133818619349489 0.5012453095945685
196 0.01857907088075772 0.4881138002344481
197 0.02156684725701034 0.5025892405106394
198 0.01929363781199992 0.4954190570446239
199 0.02051325175838117 0.4982271840346092
200 0.02032446029363056 0.5018744360979882
201 0.01928440363289376 0.4934691245569388
202 0.02114558905278876 0.5057517419068071
203 0.01872098192048179 0.4934714442817959
204 0.02139888482801887 0.5070636769947401
205 0.01870152817507725 0.4956012373290025
206 0.02066160516592909 0.5044467555870745
207 0.01865253447959006 0.4940594785090479
208 0.01955982875818873 0.497610346748661
209 0.01949070552347542 0.5007667013227539
210 0.01932737236220865 0.4975742966896151
211 0.02154169190948975 0.5151322531031565
212 0.01898730091544348 0.4960348040734067
213 0.01999179053953907 0.5078146168902633
214 0.01946964805622825 0.5044504540960036
215 0.018908603602785 0.4982476611394015
216 0.02055457265697396 0.5105939315900726
217 0.01829164165236411 0.4950551598637485
218 0.02032593400536559 0.509567036560753
219 0.01878790468679872 0.5014170713247118
220 0.02061934978345728 0.5104686130036681
221 0.01971103826713219 0.508204141203081
222 0.01960172714519176 0.5046000390462027
223 0.02018227559537518 0.5116577114907865
224 0.01892732701771674 0.5034950075790469
225 0.02047637533513283 0.5133057334977488
226 0.01882629089003484 0.5030976568222656
227 0.02005455270632417 0.51373634963522
228 0.0196050419814755 0.5079296039798301
229 0.01959542273692993 0.5091324839024256
230 0.01997299647937377 0.5120248599774597
231 0.01984885916825518 0.5101787178614015
232 0.01969865926910584 0.5119282312771584
233 0.01950397458754698 0.5097669080082091
234 0.01973670263931985 0.5138570792329366
235 0.01937204896136958 0.5109588645467221
236 0.01988710996697945 0.5134106461533482
237 0.01953777432403619 0.5121644761488021
238 0.01980572850154433 0.51224774088504
239 0.0196159721628764 0.5135194151901187
240 0.01943860184493418 0.5119774511695151
241 0.01993130360177468 0.5162310057466077
242 0.01933474967025357 0.5119039610749887
243 0.02010239281201528 0.5185855322060603
244 0.01949840012181039 0.5147476965824288
245 0.01996282923025957 0.516445197652631
246 0.01967118629910839 0.515830670555629
247 0.01962005083541084 0.5147479030362113
248 0.0197719485518365 0.5178374240611781
249 0.01942407599762526 0.5147374833244571
250 0.01989269763423163 0.5184994814766659
251 0.0195401300332464 0.5161831040091345
252 0.0198238428713867 0.5176876392652844
253 0.01970507367397756 0.5182424914680177
254 0.01968306154371634 0.517544048199775
255 0.01985440850779303 0.5202483041670601
256 0.01952838172282069 0.5176422018298402
257 0.01996727806562948 0.5212485112348522
258 0.01964009047803946 0.5189703503712095
259 0.01981553718068674 0.5195923203932079
260 0.01977288899344204 0.5205778642910001
261 0.01947843540232352 0.5189161278571349
262 0.01998425452583398 0.5225379581778646
263 0.01941851345501078 0.5189521694446094
264 0.02003937168827904 0.5233693134680643
265 0.01954237077639315 0.5202112296839747
266 0.01989866407155584 0.5229776522967378
267 0.01976251122619462 0.5222992877782059
268 0.01968013264159761 0.521863911379676
269 0.01985603610459066 0.5232032196249511
270 0.01958736987026613 0.5217467736624674
271 0.02004597113209668 0.5249870675208894
272 0.01955947898888898 0.5224301824244926
273 0.01997565256017663 0.5255983459370944
274 0.01967642604085287 0.523948021877672
275 0.01980762643276221 0.524507430386317
276 0.01985318975970213 0.5250886299310922
277 0.01963016364495171 0.523970629475029
278 0.01999256525105365 0.5265006645873022
279 0.01959572907435364 0.5245581078590505
280 0.01998933176530513 0.5275791442004601
281 0.01968596824627575 0.5259213144170322
282 0.01991203371900049 0.5271638969119038
283 0.01979039863306452 0.5267338496928334
284 0.0198092504872608 0.527085880144902
285 0.01984780680931003 0.5276299992273474
286 0.01971593782639612 0.5271409870630982
287 0.01992231867243382 0.5287746677915283
288 0.01970612998904394 0.527803410029827
289 0.01989138773040765 0.5290655851909968
290 0.01977565446056015 0.5286472659706306
291 0.01982154285578391 0.5291244131137322
292 0.01984216350672307 0.5295420440763113
293 0.01975544636955129 0.5292930171004359
294 0.01990851129852605 0.5305934530325962
295 0.01972930943188132 0.5298157210454842
296 0.01988044069274914 0.5309871133707016
297 0.01977337751872386 0.5305885689892224
298 0.01982338321032715 0.5311151625706738
299 0.01982380668822896 0.5314504640501013
300 0.01978338493467241 0.5313494279845453
301 0.0147677889611501 0.5222459961881989
302 0.01445610373539856 0.5196755367656852
303 0.01421525489930269 0.5202840295903028
304 0.01409127352987199 0.520941344687503
305 0.01422877456848954 0.5232810508601257
306 0.01438292315853849 0.5252898006586223
307 0.01443649919471762 0.5264209757180884
308 0.01454576883339106 0.5282991182299063
309 0.01440191565277103 0.5284016802799988
310 0.01446203028518329 0.5301048232514513
311 0.01423265245953761 0.5299190064067866
312 0.01421388925731517 0.5310221290990332
313 0.01407378172053359 0.5313318669067645
314 0.01399310068285892 0.5317899244858274
315 0.01395821877966327 0.5327863023197608
316 0.01381575155340372 0.5326999049073005
317 0.01386278373136769 0.5341814580591514
318 0.01369520088227648 0.5338634827081477
319 0.01373720293351283 0.5350493751187276
320 0.01361066658025994 0.535032461403072
321 0.01359690730809473 0.5356066085546538
322 0.0135447601692128 0.5361300634574095
323 0.0134615247321019 0.5361669132162046
324 0.01347985661019561 0.5371817073822766
325 0.01334059479511811 0.5368007222912908
326 0.01339792317728492 0.5379595921534241
327 0.01326955228594153 0.5376988612515328
328 0.01326150113530171 0.5381694435860029
329 0.0132294942124971 0.5386254959043911
330 0.01318639078170533 0.5388552513268179
331 0.01317102102810348 0.539407093390152
332 0.01311571482948263 0.5392317207390264
333 0.01309917362615878 0.540077163229206
334 0.01301665033648576 0.5396161558230895
335 0.01302565212341459 0.5405810912066208
336 0.01294050921394915 0.5403529294606805
337 0.01295505156706409 0.5409007499274701
338 0.01289982328176237 0.5410625005537989
339 0.01287099935021079 0.541094283178278
340 0.01286506536274752 0.5417323784332256
341 0.01273998631026975 0.5411374781657095
342 0.01284093691407806 0.5424386429321332
343 0.01269088078737162 0.5418123930733497
344 0.01274883883280002 0.5426666649748035
345 0.01267312702747102 0.5425222278804119
346 0.01265016460736634 0.5426024264844685
347 0.01262895094347319 0.5432407897476983
348 0.01254097431797693 0.5427618150919788
349 0.01260496772756252 0.5437719972659006
350 0.01246916282173612 0.5433116064102865
351 0.01255807780613121 0.5439975316660736
352 0.01243343986462307 0.5439336808957465
353 0.01246680264507176 0.5440203340364815
354 0.01241476270793545 0.5444787393269389
355 0.01237001248437145 0.5441244099066344
356 0.01239877490190642 0.5449786744730076
357 0.01228201634393753 0.5445229988055977
358 0.01236985090439751 0.5452821818213758
359 0.01223874098812036 0.5450788019102653
360 0.01230161396804922 0.5453761155550206
361 0.01222936350868827 0.5456752876417663
362 0.01221198627955791 0.5454484788258648
363 0.01222920349081491 0.5461707488286234
364 0.01205741456501627 0.5451522207964641
365 0.01226150500730649 0.5468612245233254
366 0.01207602639459001 0.5460068871667558
367 0.01217788035230869 0.5468416523242767
368 0.01206226262444365 0.5465871808503867
369 0.01211214068971858 0.5468192486484462
370 0.01205891750016316 0.547127904268057
371 0.01200599654913907 0.5467015568757599
372 0.01205848692554955 0.5475745031872937
373 0.011950200958096 0.547034719704253
374 0.01202654787595297 0.5477829764320109
375 0.01192803524723802 0.5474812796466076
376 0.01197694275294299 0.5477967855202335
377 0.01192705806737348 0.5479816009902475
378 0.01189375341140266 0.5476903317299053
379 0.01193343421201635 0.5484544870842971
380 0.01184003116783311 0.547927122848634
381 0.01181142218721242 0.5479243560632625
382 0.01181766420081299 0.5483764685800121
383 0.01183930621635438 0.548520419655008
384 0.01183626913134495 0.5488623191403842
385 0.01186644718345417 0.5491680148356353
386 0.01173171715410109 0.5486657868511828
387 0.01183790150636346 0.5494786740948037
388 0.01170735040507248 0.5487896019354011
389 0.01175002258044201 0.5493681061559949
390 0.01171557886568934 0.5491065367241205
391 0.01165721114670883 0.5491830123658595
392 0.01172297468396846 0.5495526020010881
393 0.01159354384899365 0.549108134710499
394 0.01170542384609933 0.5499007428655913
395 0.01159237720431722 0.5493391649299642
396 0.01163959638686587 0.5499094895370163
397 0.01160733602893498 0.5497028717689967
398 0.01156847209991666 0.5498281554679622
399 0.011613501269483 0.5500698464558069
400 0.01151050751617593 0.5497527736448717
401 0.0115997744547257 0.5503661628614516
402 0.01149716547084041 0.5498749376926663
403 0.01151720350894177 0.5502074572582047
404 0.01150622553114392 0.550132487143021
405 0.01152333060912454 0.5504609357184174
406 0.01147544670903751 0.5502339072626375
407 0.01149785654382317 0.5507336804060553
408 0.01145534176832545 0.5505184122705589
409 0.01147859731904777 0.5506658357983613
410 0.01144419329880772 0.5507068726682551
411 0.01144288323427503 0.5506252943881016
412 0.01142158732931052 0.5508320097764658
413 0.0114086664008023 0.5506200073114036
414 0.01142833101950818 0.5510547674446915
415 0.01136739076788271 0.5506918370442757
416 0.01141600390299532 0.5510882859648981
417 0.01137687149162657 0.5510038866157906
418 0.01137901484442409 0.5510512375104395
419 0.01138162071472244 0.5512743254076883
420 0.01134530973982779 0.5510224594029272
421 0.01138262686696656 0.5514474341723737
422 0.01132638982746387 0.551115615883781
423 0.01136221789115533 0.5514352058568679
424 0.01132957581797197 0.5513424090456367
425 0.01133341059232788 0.5513836133078724
426 0.01133353996425221 0.5515378545302597
427 0.01131473091143538 0.5514310078175725
428 0.01132709422626386 0.5516488175651755
429 0.01130370253754172 0.5515387896426068
430 0.0113081076760798 0.5516192932046677
431 0.01130411409588889 0.5517066645787171
432 0.01129927748176229 0.5516815725948255
433 0.01130103653994742 0.5518349358110393
434 0.01129028430255948 0.5517546441895722
435 0.01129416082257619 0.5518939452776433
436 0.01128324910347006 0.5518577170019734
437 0.01128411895027678 0.5519014773034915
438 0.01127914361561908 0.5519562694076836
439 0.01127405638600773 0.5519282275676056
440 0.01127577418730106 0.5520535873123553
441 0.01126753783398649 0.5519916822763712
442 0.01127193068769018 0.5521077279497474
443 0.01126387710540651 0.5520833978339085
444 0.01126664130774807 0.5521359266956269
445 0.01126297107727458 0.5521853854434647
446 0.01126044928633467 0.5521658289007396
447 0.01126209522992679 0.5522644377670555
448 0.01125533317191777 0.5522149516412153
449 0.01125974766962577 0.5523049783839545
450 0.01125273686508941 0.5522927022021591
451 0.01125521054430525 0.5523301018056189
452 0.01125352633983614 0.552371216010202
453 0.01125064211477242 0.5523586133892987
454 0.01125365818228913 0.5524386506636282
455 0.01124827654123585 0.5524049998601949
456 0.01125262402224456 0.5524821351478416
457 0.01124812003499498 0.5524721508824445
458 0.01125011487730831 0.5525070819708994
459 0.0112469015567294 0.5525253762915817
460 0.0112488586612917 0.5525448253907586
461 0.0112507791813616 0.5525936251028858
462 0.01124614508321885 0.5525787159992972
463 0.01125234104914571 0.552644952144929
464 0.01124594566857708 0.5526293647439128
465 0.01125188337547168 0.5526775695661094
466 0.01124822281514121 0.5526835692812205
467 0.01124925934121974 0.5527057843939818
468 0.01125290283942828 0.5527441740399831
469 0.01124693344351711 0.5527305069829874
470 0.01125542043298299 0.5527926293570408
471 0.01124785083128784 0.5527728345635239
472 0.01125546443548805 0.5528294272553506
473 0.01125188611411151 0.5528306725631489
474 0.01125405957758039 0.5528566655082384
475 0.01125657246897911 0.5528875983889285
476 0.01125308305377904 0.5528848508308781
477 0.01126001494540146 0.552937010684187
478 0.01125421282093121 0.552922436883481
479 0.01126117020521184 0.5529741114485001
480 0.01125787250914895 0.552972901661254
481 0.01126146775759451 0.5530072594719764
482 0.0112625759292803 0.5530285799856962
483 0.01126158483075153 0.5530389270489453
484 0.01126666093256272 0.5530794508667954
485 0.01126224279429219 0.5530696552822565
486 0.01126834097178216 0.5531183572295452
487 0.01126565114466348 0.5531191436538386
488 0.01127007664325728 0.5531585944709556
489 0.01127027627552082 0.5531738703695582
490 0.01127039253156636 0.553189232664561
491 0.01127405164866671 0.5532219792325374
492 0.01127117928120744 0.5532212749458757
493 0.01127722504773641 0.5532694374152507
494 0.01127392817360205 0.5532661073228985
495 0.0112790178093938 0.5533096697395284
496 0.01127775505556656 0.5533166727456462
497 0.01127968317784366 0.553343368174175
498 0.01128187803373899 0.55336914549307
499 0.011280323610076 0.5533733901690503
500 0.01128565543581516 0.5534292074533929
501 0.01128265243130676 0.5534127165720177
502 0.01128711799519403 0.5534679876712277
503 0.01128572183865055 0.5534627741306597
504 0.01128802357776524 0.553501338482561
505 0.01128917992564882 0.5535181097671875
506 0.01128850901379044 0.5535312961114246
507 0.01129208336326296 0.553571173154301
508 0.0112893984228421 0.5535617322649516
509 0.01129487135533752 0.5536245319740902
510 0.01129184132165876 0.5536107674667735
511 0.01129560564062903 0.5536615818146399
512 0.01129469290096088 0.553664830831701
513 0.01129501288163694 0.553687522678898
514 0.0112975169428225 0.5537204680437035
515 0.01129535511155494 0.5537201797196584
516 0.01130026892516195 0.5537785484915634
517 0.01129631760527616 0.5537598355071677
518 0.0113013511118893 0.5538231222445239
519 0.01129820985608252 0.5538096078410171
520 0.01130052337901006 0.5538519752462573
521 0.01130059925688362 0.553865872294405
522 0.01129940956200865 0.5538787723949878
523 0.01130294272170011 0.5539250251242643
524 0.01129929100580405 0.5539138671279747
525 0.0113044002128979 0.5539798674359716
526 0.01129938579257579 0.5539528228297025
527 0.01130367940487554 0.5540161670878456
528 0.01130077590088669 0.5540041850810982
529 0.01130187828933642 0.5540430659197769
530 0.01130244977283928 0.554062764447582
531 0.01130012540652086 0.5540695992601402
532 0.01130372188446696 0.5541215838103634
533 0.01129868419357978 0.5540984301218281
534 0.01130414908963452 0.5541615033324809
535 0.01129719114651401 0.5541439457361378
536 0.01130261649900394 0.5542017996484645
537 0.011298861438527 0.5542018925553134
538 0.01129955071724054 0.5542289082083901
539 0.01130050141077869 0.5542587435817636
540 0.01129572560909039 0.5542521403692767
541 0.01130098528541904 0.5543093379853035
542 0.01129297713510838 0.5542835919916417
543 0.0112992032985814 0.5543469393304228
544 0.01129249409628142 0.5543307897659185
545 0.01129564657041366 0.5543751541473069
546 0.01129334089593565 0.5543872288334495
547 0.01129098477448627 0.5543975490415679
548 0.01129410712672679 0.5544432125622231
549 0.01128669490706164 0.5544137587081183
550 0.01129253368656556 0.5544969365680473
551 0.01128510255134271 0.5544568883754285
552 0.01128766439188706 0.5545011992379
553 0.01128680972762665 0.554536863855429
554 0.01127939981509933 0.5544977644484933
555 0.01128745362488518 0.5545998320293886
556 0.01127337638901074 0.5545171809465445
557 0.01128590270085825 0.5546344815542773
558 0.01127305408802136 0.5545769237758086
559 0.01127682002397516 0.5546186449604422
560 0.01127579539722527 0.5546580264783925
561 0.01126738542055467 0.5546126614318352
562 0.01127729333643847 0.554723986448632
563 0.01126026677451639 0.5546224492280033
564 0.01127400109823942 0.5547514164160786
565 0.01125787788502587 0.5546710889329826
566 0.01126634793123642 0.5547505341788423
567 0.01125835099036924 0.5547435361520613
568 0.01125775394520856 0.5547435466273087
569 0.01125941126737134 0.554807831811634
570 0.01124914484984502 0.5547501656595774
571 0.01125816298511218 0.5548477415783859
572 0.01124241492189442 0.5547660587878023
573 0.01125363992641442 0.5548682162876742
574 0.0112391785578258 0.5548082631948661
575 0.01124848932900994 0.5549011646200545
576 0.01123613644522303 0.5548390524236064
577 0.01123827889851738 0.5548798631455367
578 0.01123324701049235 0.5548754104700125
579 0.01122989094681482 0.5548798137189165
580 0.01123133581800682 0.5549216352023975
581 0.01122286005490743 0.5548908515508827
582 0.0112287575424713 0.5549628662659999
583 0.01121745515969161 0.5549132944586216
584 0.01122197288460468 0.5549712082218736
585 0.01121431810914831 0.5549492893435019
586 0.01121313113571059 0.5549645357106219
587 0.01121174426891901 0.5549861025363737
588 0.01120415800162661 0.5549590698115341
589 0.01120878873016393 0.5550205568064386
590 0.01119650274079834 0.5549638566510882
591 0.01120126287683869 0.5550232529108261
592 0.01119340080185077 0.5549981716488741
593 0.01119400141958626 0.5550210338637845
594 0.01119008732911077 0.5550309009362597
595 0.01118529948827482 0.5550139111640199
596 0.01118622027806549 0.5550574493594014
597 0.01117673453220639 0.5550097338294678
598 0.01118040315800026 0.5550647097328566
599 0.01117163302238883 0.5550306701161765
600 0.01117256355049332 0.5550561781928746
601 0.01116773947907219 0.5550558950920488
602 0.01116397356583083 0.5550450937649924
603 0.01116350546473814 0.555076096890384
604 0.0111554187571235 0.5550355356122546
605 0.01115834778257762 0.5550858725412118
606 0.01114943451638585 0.555046158283389
607 0.01115070624004787 0.5550749138022208
608 0.0111448919698958 0.5550637975060476
609 0.01114221230686736 0.5550591433364641
610 0.01114039834794897 0.5550779528344036
611 0.01113370364361133 0.5550442302752838
612 0.0111356645090598 0.5550873873148248
613 0.01112668639839295 0.5550422862445374
614 0.01112841011409048 0.5550740175310157
615 0.01112174496377692 0.5550531331366414
616 0.01112031161388355 0.5550544593460621
617 0.0111172755232365 0.5550626351890408
618 0.01111178784047049 0.5550341806354735
619 0.01111268799019137 0.5550686483388237
620 0.01110389109457591 0.5550201628193496
621 0.01110471232265918 0.5550375674288127
622 0.01110035971057193 0.5550394341197784
623 0.01109644224756303 0.5550195389506195
624 0.01109675935376353 0.5550454102238243
625 0.01108842664426119 0.5550012687916256
626 0.01109090995201852 0.5550328863023812
627 0.01108190769373822 0.5549911112257764
628 0.01108295578283298 0.555004310010613
629 0.01107736403489052 0.5549904422111523
630 0.01107425198268778 0.5549724987770867
631 0.01107354480131113 0.5549895739934189
632 0.01106842357944992 0.554968904454645
633 0.01106652838266688 0.5549595631176458
634 0.01106023062043038 0.5549382826547897
635 0.01106110382587566 0.5549450166230739
636 0.01105417923929312 0.5549187935717116
637 0.0110547484066699 0.5549261609653103
638 0.01104938016535924 0.5549034701527026
639 0.01104750037839358 0.5549010157629808
640 0.01104524306895261 0.5548902988687151
641 0.01104006361856259 0.5548720539639349
642 0.01104050186679612 0.5548735519061337
643 0.01103352938697493 0.5548438012038713
644 0.01103409530416019 0.5548470500967753
645 0.01102832886923497 0.5548195189990124
646 0.0110270899279439 0.5548162506202291
647 0.01102424083674966 0.55480026937939
648 0.01101993518815941 0.5547835072915004
649 0.01102014608666107 0.554781216736839
650 0.01101356163003347 0.5547507244029968
651 0.01101440373961592 0.5547516375877235
652 0.01100858179156147 0.5547216463477287
653 0.01100786367400809 0.554716824355046
654 0.011004565687366 0.5546966408959332
655 0.01100103291283806 0.5546797308770391
656 0.01100067744448323 0.5546719675566848
657 0.0109949103979216 0.5546433773748299
658 0.01099561956060819 0.5546398594648048
659 0.01099012740233626 0.5546099362842634
660 0.01098941106022567 0.5545993683210605
661 0.01098615898633186 0.5545784235103878
662 0.01098340347527661 0.5545617126136204
663 0.01098259782568313 0.5545499267056265
664 0.01097834397216733 0.554526320081805
665 0.01097855992836805 0.5545272146387188
666 0.01097292628406771 0.5544732190642871
667 0.01097217474642313 0.5544744945517891
668 0.01096859367721742 0.5544401484927738
669 0.01096715820482397 0.5544309005743069
670 0.01096539734565944 0.5544173215694238
671 0.01096191361251342 0.5543815533779232
672 0.01096218396122818 0.5543892840412081
673 0.01095719827466088 0.5543371218896246
674 0.01095725667117518 0.5543413798147475
675 0.01095338209902192 0.5542986141032212
676 0.01095225155227832 0.5542904159358392
677 0.01094997026745616 0.5542672301978913
678 0.01094750420279371 0.5542403022342557
679 0.01094734110116797 0.5542403370405787
680 0.0109426919755145 0.5541874368766986
681 0.01094331702736264 0.5541935879336576
682 0.01093916042641167 0.5541445276557826
683 0.01093932086469424 0.5541304367484451
684 0.01093534773305069 0.554123964978379
685 0.01093483589453318 0.5540760018909938
686 0.01093205359341711 0.5540787312859298
687 0.01093200647519013 0.5540434697961513
688 0.01092978041978481 0.5540246522060912
689 0.01092795768956952 0.5540052139492569
690 0.01092675964049507 0.5539645204666973
691 0.01092359498558337 0.5539624810699162
692 0.010923484387819 0.5539127888769807
693 0.01092038678824143 0.5539139150754381
694 0.01092007346535767 0.5538692548449266
695 0.01091781612906555 0.5538576307766492
696 0.01091670093767137 0.5538319146130865
697 0.01091551507630251 0.5537982841675215
698 0.01091312473646605 0.5537918875145279
699 0.01091327095409577 0.5537448870528719
700 0.01091020045730479 0.5537446541586688
701 0.01091043356424965 0.5536969137651714
702 0.01090790255535673 0.5536888013328244
703 0.01090732663143622 0.5536550827350949
704 0.01090580328913192 0.5536269686457095
705 0.0109040205867347 0.5536144615334762
706 0.01090420413127301 0.5535708303675033
707 0.01090129839728417 0.5535691123297903
708 0.01090201187049903 0.5535202546068415
709 0.01089935229016615 0.5535151771816056
710 0.01089927017388594 0.5534748946323447
711 0.01089763646674977 0.5534528366207251
712 0.01089637559965598 0.5534334855714957
713 0.01089648641901777 0.5533937445985523
714 0.0108937741276652 0.5533891247757872
715 0.01089485270034269 0.5533417464539281
716 0.01089213072420961 0.5533357765442836
717 0.01089240486291686 0.5532928800961096
718 0.01089080411537027 0.553275165609826
719 0.01088992386402147 0.5532500279087063
720 0.01088996339690121 0.5532149596334024
721 0.01088759017872949 0.5532059192798521
722 0.01088881818704305 0.5531606803996083
723 0.01088625886172546 0.5531559470755244
724 0.01088686302357861 0.5531105342621768
725 0.01088536831241005 0.5530971651606319
726 0.01088475557271478 0.5530661987399406
727 0.01088458339221483 0.553035055606322
728 0.01088264228681666 0.5530223167687137
729 0.01088380692477178 0.5529792695412246
730 0.01088150368851776 0.5529741561842448
731 0.01088233744605632 0.5529281142578766
732 0.01088090726223371 0.5529177694649469
733 0.01088066174720269 0.5528825881532423
734 0.0108802478081448 0.5528556053854292
735 0.01087896376815402 0.5528393800459238
736 0.01087986091004917 0.5527991603790798
737 0.01087790759512564 0.5527929422091127
738 0.01087889998415618 0.5527474926641488
739 0.01087880857386915 0.5527484770889058
740 0.01087512217752857 0.5526807030148427
741 0.01087765848141501 0.5526844589646401
742 0.01087464352820492 0.5526471539881429
743 0.01087829095035282 0.5526290144683317
744 0.01087455124098458 0.5526109030500367
745 0.01087713626171903 0.5525686549584917
746 0.01087478412252404 0.5525656636819992
747 0.01087499671260085 0.5525127425799635
748 0.01087563901735968 0.552513475404408
749 0.01087292342367007 0.5524669626296386
750 0.01087587310309781 0.5524521450408886
751 0.01087224793957347 0.5524288631420405
752 0.010875223545762 0.552392436303957
753 0.01087267881364198 0.552388045691428
754 0.01087392346371055 0.5523399562930396
755 0.0108736996914933 0.5523414426926637
756 0.01087384302391281 0.552305268881483
757 0.01087339499438332 0.5522747255586906
758 0.01087195522688245 0.5522512075269743
759 0.01087318320254788 0.5522219790373388
760 0.01087129336138673 0.5522092324927798
761 0.01087347604301177 0.5521762640868721
762 0.01087160035592519 0.552160718967214
763 0.01087293575267722 0.5521297516382547
764 0.01087242223627924 0.5521081233713844
765 0.01087191242107882 0.5520857258320169
766 0.01087309454797854 0.5520570887224766
767 0.01087134708550374 0.5520417302607457
768 0.01087335035007068 0.5520090996982892
769 0.01087125124769636 0.5519938620047508
770 0.01087301331880803 0.55196231154099
771 0.01087191495746676 0.5519433666074907
772 0.01087204802296827 0.5519189994684551
773 0.0108728696772208 0.5518931844366913
774 0.01087143289506449 0.5518771399129817
775 0.01087349182406937 0.5518466370918108
776 0.01087138293249031 0.5518324456852824
777 0.01087365695166151 0.5518012269271495
778 0.01087198650498888 0.5517852294057455
779 0.01087293498061368 0.5517595064473642
780 0.0108731784449385 0.5517350657198827
781 0.01087174132980337 0.5517171795195486
782 0.01087426662075157 0.551689668734021
783 0.01087165618049048 0.5516755970280911
784 0.0108746682147918 0.5516467739461463
785 0.01087224596533218 0.551629930873006
786 0.01087398688940839 0.5516035683296703
787 0.01087373654318525 0.5515824679547482
788 0.01087279064068663 0.5515628580258596
789 0.01087512314433507 0.5515390250543909
790 0.01087261336904942 0.5515238564538436
791 0.01087568418318524 0.5514973272718486
792 0.0108731225776041 0.5514809663763859
793 0.01087532931881215 0.5514550427252344
794 0.01087449670691323 0.5514357109041239
795 0.01087415645283669 0.5514153783682691
796 0.01087603868814345 0.5513927692752468
797 0.01087373055688613 0.5513779962466039
798 0.01087683879388025 0.5513526541452278
799 0.01087420730248394 0.5513381635421851
800 0.01087683784506757 0.5513124201309353
801 0.01087543017445372 0.5512949118674708
802 0.01087576477425278 0.5512732866561555
803 0.01087707517372426 0.5512522161669693
804 0.01087507824429 0.5512369454385985
805 0.01087805128571381 0.551212907615873
806 0.0108754357586878 0.5511999864565781
807 0.01087833754666661 0.5511750304599242
808 0.0108764476971626 0.5511593407768273
809 0.01087751461328232 0.5511373041517785
810 0.01087812899755979 0.5511178773099726
811 0.01087662886034963 0.5511023892890077
812 0.01087936658022212 0.5510798016313145
813 0.01087679969202524 0.5510678965348024
814 0.01087986317632983 0.5510436004366166
815 0.01087754478417558 0.5510288549046226
816 0.01087930275964855 0.5510066749908777
817 0.01087915018776141 0.5509890636440851
818 0.01087824029167647 0.5509730404703875
819 0.01088063118016521 0.5509523011804928
820 0.01087816934280627 0.5509408697186793
821 0.01088129781665751 0.5509176555167585
822 0.01087876550619753 0.5509051974004453
823 0.01088109799630042 0.5508829247520689
824 0.0108802289207435 0.5508671464150265
825 0.01088000731644792 0.5508502196544776
826 0.01088187348092193 0.5508308543648911
827 0.01087956526234071 0.5508192707626643
828 0.01088266573137974 0.5507963242527928
829 0.01087998137913287 0.5507870560928304
830 0.01088277992360925 0.5507642286936015
831 0.01088125123680869 0.550750936517856
832 0.01088172799961075 0.5507328978900822
833 0.01088294829341788 0.5507143930709212
834 0.01088091919061909 0.5507033445112537
835 0.01088394754310732 0.5506813759952303
836 0.01088117219335861 0.5506730245833419
837 0.01088423248494043 0.550650614018327
838 0.01088213880561794 0.5506391082089842
839 0.0108833747325562 0.5506205910329443
840 0.01088388965459246 0.5506045268296151
841 0.01088232594586836 0.5505921092496802
842 0.01088510502669825 0.5505727101868496
843 0.01088234033722076 0.5505639283082306
844 0.01088323159850068 0.5505377516315686
845 0.01088546357922582 0.5505330594489807
846 0.01088349636613981 0.550513902088856
847 0.01088571659127419 0.5504999860104491
848 0.01088409079608286 0.5504896349273062
849 0.01088512394187267 0.5504673236509987
850 0.01088505965583437 0.5504625005665279
851 0.01088446037682621 0.5504371732008823
852 0.01088602148478942 0.5504319128745874
853 0.01088408235167434 0.5504098714627669
854 0.0108864124560004 0.5503984428037111
855 0.01088467595457733 0.5503868390475068
856 0.01088606722164593 0.550367149809459
857 0.01088575671476617 0.5503629809046819
858 0.01088550745219776 0.5503389021163417
859 0.01088677887858445 0.5503355017944974
860 0.01088506394691857 0.5503127184084942
861 0.01088731428493054 0.5503040851131765
862 0.01088536103857597 0.5502899769445971
863 0.01088694058935337 0.550272440187958
864 0.01088626067435262 0.5502676046774506
865 0.01088634075588204 0.5502449057691101
866 0.01088724150608149 0.5502425424540547
867 0.01088584270749166 0.5502198432517097
868 0.01088781164233113 0.5502145053191049
869 0.01088579167397816 0.5501997599888236
870 0.01088848091092814 0.5501869812860652
871 0.0108865676134877 0.5501788932920679
872 0.01088617026239225 0.5501432844356096
873 0.01088835153962672 0.5501653450233308
874 0.0108848804012941 0.5501147201675924
875 0.01088964715180557 0.5501418978331833
876 0.01088490753840888 0.5500996452031099
877 0.01088884292481038 0.5501023425696704
878 0.01088676705898624 0.5500929677418278
879 0.01088712001456727 0.5500652219456278
880 0.01088861627039704 0.5500793246160605
881 0.01088564567754256 0.550034736359472
882 0.01088974119404389 0.5500571434809807
883 0.01088527823181275 0.550015050677099
884 0.01088900455154529 0.5500206246028055
885 0.01088682815928938 0.5500078114206062
886 0.01088735181295104 0.5499855881635289
887 0.01088845902029906 0.5499953770500017
888 0.01088610881197378 0.5499570002321652
889 0.01088937322310546 0.5499752607633325
890 0.01088562373468795 0.5499367581452774
891 0.01088886393146266 0.5499425786702278
892 0.01088681317591475 0.5499288055495654
893 0.01088740887168332 0.5499098378868479
894 0.01088814459717074 0.5499162924870031
895 0.01088619135420852 0.5498824830521053
896 0.01088894780827917 0.5498968728091163
897 0.01088568078631264 0.5498620650836913
898 0.01088849424383117 0.5498664276899269
899 0.01088666233768291 0.5498530480096122
900 0.01088721273929247 0.549836408629658
901 0.01088776328838049 0.5498406039879263
902 0.01088607328215762 0.5498105947528218
903 0.01088840904048627 0.549821954648362
904 0.01088551909853932 0.5497912259904918
905 0.01088792091742669 0.549794152119078
906 0.01088630598056223 0.549781587181505
907 0.01088686258875031 0.5497661151535488
908 0.01088766933380246 0.5497677233084591
909 0.01088511692059125 0.5497407884461655
910 0.01088854148004051 0.5497507684376733
911 0.01088445689493097 0.5497260443821405
912 0.01088758204308466 0.5497251314266121
913 0.01088561070606631 0.5497137265682907
914 0.01088610214809818 0.5496967957361754
915 0.01088689931864956 0.5496994132430046
916 0.01088462561999956 0.5496745368434204
917 0.01088746715174244 0.5496822701836958
918 0.01088415958753967 0.5496591586768383
919 0.01088676548182212 0.5496601768858272
920 0.01088495825309716 0.5496449569265203
921 0.01088548608612994 0.5496346727490463
922 0.01088588893727474 0.5496320886176598
923 0.01088400641820717 0.5496116490599825
924 0.01088630022344907 0.549616551665864
925 0.01088345138450111 0.549595045815104
926 0.01088576514086298 0.5495966391441612
927 0.01088394022003058 0.5495823347221154
928 0.01088456220732507 0.5495732708387623
929 0.01088469684197397 0.5495695339049343
930 0.01088328677240218 0.5495501585354862
931 0.01088510015607665 0.5495541545096422
932 0.01088247571631176 0.5495338422546144
933 0.01088464485460867 0.5495355569033481
934 0.01088275483862061 0.5495208667550796
935 0.01088358328057043 0.5495135889606821
936 0.01088334721422713 0.549508420848397
937 0.01088223783288979 0.5494918643958965
938 0.01088372534755647 0.5494941840886329
939 0.0108814189544528 0.5494750786806504
940 0.01088343749748596 0.5494771649125757
941 0.0108814547541431 0.549462106843766
942 0.01088247863275475 0.5494558737534814
943 0.01088185881490227 0.5494489947624377
944 0.01088116585826509 0.5494348203231094
945 0.01088223700443273 0.5494370925694203
946 0.01088019349968879 0.5494182379935532
947 0.01088205355561109 0.5494213752511288
948 0.01087992394944046 0.5494055374299502
949 0.01088117779440462 0.5494008589480848
950 0.01088019959568759 0.549393132669983
951 0.01087993441849989 0.5493806270767769
952 0.01088055622645398 0.5493810044300249
953 0.01087883552407375 0.5493633683168283
954 0.01088048848735155 0.5493665271637904
955 0.01087837242780971 0.54934978024027
956 0.0108797435070147 0.5493478003243966
957 0.01087845948756419 0.5493378497525759
958 0.01087857957090515 0.5493285396731328
959 0.0108787443277442 0.549326652654335
960 0.01087731504173927 0.5493100915306341
961 0.0108787905958718 0.549314032160393
962 0.01087658786658307 0.5492980423347251
963 0.0108782000388537 0.5492957601609918
964 0.01087661734494856 0.5492863678533478
965 0.01087710790838709 0.5492765164411518
966 0.01087681110204463 0.5492747534492408
967 0.01087588497631843 0.5492588901146728
968 0.01087663719333731 0.5492620096017694
969 0.01087527612449906 0.5492451314277472
970 0.01087611442773872 0.5492464930398921
971 0.0108750180681039 0.5492345352210523
972 0.01087522230216425 0.549228438059202
973 0.01087490471128562 0.5492245717051777
974 0.01087424521459622 0.5492110838924253
975 0.01087471877225221 0.5492129820317874
976 0.01087344182707785 0.5491958036111551
977 0.01087427518994073 0.549198273614075
978 0.010872976109758 0.5491838932293887
979 0.01087345542913951 0.54918075450332
980 0.01087280880377832 0.5491745007667876
981 0.01087247450475394 0.5491635645443519
982 0.01087267083064076 0.5491643926931086
983 0.01087155382168681 0.5491480094934185
984 0.01087231705635461 0.5491521439755714
985 0.01087091811619438 0.5491354843777528
986 0.01087160665929222 0.5491348474728139
987 0.01087064050066431 0.54912576887517
988 0.01087061844298555 0.5491175141522026
989 0.01087050004729195 0.5491166507504466
990 0.01086960484695671 0.5491015317605006
991 0.01087025250046955 0.5491054488923489
992 0.01086878294182629 0.5490884863464419
993 0.01086965745580583 0.5490911565487187
994 0.01086839446179398 0.5490788750897395
995 0.01086874432917967 0.5490732356317146
996 0.01086823417757489 0.549069469971189
997 0.01086765138871428 0.5490567671781579
998 0.01086806027315894 0.5490598233856322
999 0.01086669531472127 0.5490426420391618
1000 0.01086762549093291 0.5490475289849485
1001 0.01086610846577489 0.5490319744629469
1002 0.01086675954752614 0.5490302736809218
1003 0.01086591046613697 0.5490238343067912
1004 0.01086563351935182 0.5490134827004957
1005 0.01086581670903062 0.5490161797364598
1006 0.01086453668404697 0.5489989226568551
1007 0.01086544498346011 0.5490043070962969
1008 0.01086379883941624 0.5489867729769615
1009 0.01086472012404104 0.5489885289167102
1010 0.0108635239743255 0.5489786221261956
1011 0.01086371359470796 0.5489718834547951
1012 0.01086340659411486 0.5489701823455554
1013 0.01086244326176893 0.5489563549094365
1014 0.01086323392223784 0.5489609054735739
1015 0.01086146402768056 0.5489442765111026
1016 0.01086265451100718 0.548946971782132
1017 0.01086106569457186 0.5489352888175854
1018 0.01086158388807887 0.5489307284853268
1019 0.01086099961732225 0.5489273916993308
1020 0.01086033136064272 0.5489151090978684
1021 0.01086088829127223 0.5489182342800926
1022 0.01085923680205101 0.5489015355732416
1023 0.01086045482164089 0.5489056944214858
1024 0.01085864897324691 0.5488919220653858
1025 0.01085946449189792 0.5488901579988725
1026 0.01085857747452829 0.5488848325718064
1027 0.01085814216111993 0.5488735314707249
1028 0.0108584830942798 0.5488772686427459
1029 0.01085704741831852 0.5488593867512392
1030 0.01085814832173297 0.5488651985271957
1031 0.01085629156082918 0.5488504837166296
1032 0.01085734340410092 0.5488507294985607
1033 0.01085617747997309 0.5488431728943877
1034 0.01085609718808501 0.5488349361351538
1035 0.01085610630977047 0.5488351193245271
1036 0.01085480936452498 0.5488199403121462
1037 0.01085582175905458 0.548824646716133
1038 0.01085392982395128 0.548808634404661
1039 0.01085509467100043 0.5488107979872748
1040 0.01085369716110865 0.5488014506068979
1041 0.01085390821969989 0.5487955110716646
1042 0.01085366031724432 0.5487944179390972
1043 0.01085262580215476 0.5487807491839244
1044 0.01085347666037496 0.5487849501862495
1045 0.01085165690016605 0.5487686608240747
1046 0.01085287423443324 0.5487718551176898
1047 0.01085129934745242 0.5487608284203983
1048 0.01085166803167483 0.5487560130525521
1049 0.01085126581665375 0.5487543276140366
1050 0.01085042857917439 0.5487405657366906
1051 0.01085134090286889 0.5487470019961407
1052 0.01084925129693282 0.5487278909374944
1053 0.01085053233781077 0.5487337262815445
1054 0.01084903580425988 0.5487206882299809
1055 0.01084939730433954 0.5487176883107612
1056 0.0108490551501106 0.548714916744805
1057 0.01084814345345597 0.5487032548793935
1058 0.01084892378984705 0.5487065708748972
1059 0.01084710808048337 0.5486904244322883
1060 0.01084834712474799 0.5486945344891306
1061 0.01084662811897814 0.5486813485741584
1062 0.01084723162854232 0.5486794450081386
1063 0.01084662486780081 0.5486748927116367
1064 0.01084597767498968 0.5486648908702999
1065 0.01084655754128063 0.5486673969168997
1066 0.0108449130434381 0.5486520299952312
1067 0.01084610809780189 0.5486564633961242
1068 0.01084431045844213 0.5486422014139062
1069 0.01084511780633048 0.5486420069743957
1070 0.01084425055018263 0.5486355493486573
1071 0.01084387893933275 0.548627371731621
1072 0.01084421266167726 0.5486284745918876
1073 0.01084276982816775 0.5486141821074574
1074 0.01084385671335532 0.548618384118991
1075 0.01084205103691592 0.5486035888905286
1076 0.01084300247996157 0.5486046979067881
1077 0.01084191174819192 0.5485965593092693
1078 0.01084183289545586 0.5485897391932405
1079 0.01084190179761403 0.548589725986434
1080 0.01084063363275333 0.5485765474851132
1081 0.01084161658918135 0.5485806178775405
1082 0.01083984824015691 0.5485654048617503
1083 0.01084092012113148 0.5485677275877099
1084 0.01083961128484898 0.5485577199875692
1085 0.01083977038050939 0.5485530657642228
1086 0.01083960559224101 0.5485512129067481
1087 0.01083861502324778 0.5485394329958524
1088 0.0108394589055319 0.5485434597771551
1089 0.01083768088023227 0.5485261905261453
1090 0.01083876516277061 0.5485311391731966
1091 0.0108373858260105 0.5485187745395546
1092 0.01083767122063103 0.5485160610874991
1093 0.0108374102517598 0.5485128008355937
1094 0.01083657441329309 0.5485014597104224
1095 0.01083735562405949 0.5485062139131973
1096 0.01083567762711697 0.548489562483449
1097 0.01083675021962276 0.5484951826954481
1098 0.01083520484920264 0.5484807506232685
1099 0.01083575635999648 0.5484799282298792
1100 0.01083519531596394 0.5484739613686601
1101 0.01083460824241898 0.5484645066593661
1102 0.01083520109492245 0.5484682063503592
1103 0.01083362024350087 0.5484523910902096
1104 0.01083475478367583 0.5484583294429171
1105 0.01083309192993856 0.548442722627719
1106 0.01083387234886566 0.5484439394253918
1107 0.01083305690700578 0.5484366365517518
1108 0.01083274892307289 0.5484285035191544
1109 0.01083306404906355 0.5484302072389846
1110 0.01083167818124636 0.5484153673244098
1111 0.0108327360331927 0.5484211943064452
1112 0.01083104961014085 0.5484048720761688
1113 0.01083202334801492 0.5484080888656349
1114 0.01083092736454367 0.5483981731135301
1115 0.01083094478549572 0.5483925984126259
1116 0.0108309382533031 0.5483914806993535
1117 0.01082984801546911 0.5483786880090153
1118 0.01083082588960275 0.5483844661318141
1119 0.01082909366892138 0.5483678163042961
1120 0.01083024398093358 0.5483726674489103
1121 0.01082886314323545 0.5483605147861558
1122 0.01082914484860574 0.5483567627847562
1123 0.01082897080052947 0.5483547154768845
1124 0.01082803258538919 0.5483423016065666
1125 0.01082887035414399 0.5483467458412941
1126 0.01082719140798709 0.5483301306553372
1127 0.01082841395320882 0.5483359714647581
1128 0.01082684216216164 0.5483218984277868
1129 0.01082747195222826 0.5483217159892455
1130 0.01082692474905817 0.5483159347740661
1131 0.01082638438865263 0.5483064403868533
1132 0.01082702350824349 0.5483102027773624
1133 0.01082542388730894 0.5482940432894875
1134 0.01082666221769744 0.5483002309276569
1135 0.0108249511559653 0.5482844174126196
1136 0.01082583971036552 0.5482861429868988
1137 0.01082501276194727 0.5482786734153952
1138 0.01082475673739495 0.54827076315541
1139 0.01082512374195402 0.5482724780067595
1140 0.01082372476703604 0.5482575522285804
1141 0.01082489320689111 0.5482638672144892
1142 0.01082315881409496 0.5482470751112406
1143 0.01082425390784008 0.5482509362350459
1144 0.0108231275452001 0.5482406737624977
1145 0.01082316750120764 0.5482354472860762
1146 0.01082329439819836 0.5482352503346067
1147 0.01082215410759572 0.5482215957365648
1148 0.01082320226497922 0.548227183429901
1149 0.01082148137209103 0.5482103333725543
1150 0.01082268440505157 0.5482154063650436
1151 0.0108213214605742 0.5482029835597516
1152 0.01082166672112432 0.5482001567677834
1153 0.01082147041188096 0.5481970905408532
1154 0.01082065167713894 0.5481855805547406
1155 0.01082156234274269 0.5481908181782906
1156 0.01081985244921546 0.5481739283992595
1157 0.01082113606328885 0.548180067742809
1158 0.01081958525243291 0.5481655100199625
1159 0.01082023835931523 0.5481651054288753
1160 0.01081977572667645 0.5481602599800838
1161 0.01081922290092581 0.5481501292619537
1162 0.01081988384991084 0.5481536454237641
1163 0.01081833059604473 0.5481376266270396
1164 0.01081959152478713 0.548143899120918
1165 0.01081795194295994 0.5481282695338034
1166 0.01081885537781815 0.5481299172547358
1167 0.01081809707416985 0.5481227636101756
1168 0.01081781615715874 0.5481150556284831
1169 0.01081827146087246 0.5481168232953928
1170 0.01081693549252157 0.5481020217709845
1171 0.01081812429074681 0.5481079399403893
1172 0.0108164306631776 0.5480916468504379
1173 0.0108175147220158 0.5480950925659948
1174 0.01081647684760685 0.5480854418866293
1175 0.01081654348370349 0.5480798225815199
1176 0.01081665765884632 0.5480790533769957
1177 0.01081553486968212 0.5480662304575207
1178 0.01081667059613724 0.5480723251137776
1179 0.01081500786003439 0.5480556155826042
1180 0.0108162113869966 0.5480603740236613
1181 0.01081493563054848 0.5480483362280137
1182 0.01081527065586629 0.5480451896031682
1183 0.01081516588878246 0.5480429703864876
1184 0.01081435852053251 0.5480309411741024
1185 0.01081524665841458 0.5480357190888275
1186 0.01081362025051709 0.5480192059585138
1187 0.01081489004936765 0.5480249465104451
1188 0.01081343513015804 0.5480111883343524
1189 0.01081409215030397 0.5480105704175822
1190 0.01081369244659409 0.5480060535471704
1191 0.01081312911603566 0.5479963189238395
1192 0.01081384784750604 0.5479995497666076
1193 0.01081238893051404 0.5479840127780529
1194 0.01081363953013563 0.5479897928160189
1195 0.01081206652631189 0.5479747667425829
1196 0.01081294837974252 0.5479761331988559
1197 0.01081226720483771 0.5479693219633421
1198 0.01081202862319664 0.5479613376793636
1199 0.01081245768625221 0.5479626010808359
1200 0.01081114601600772 0.5479484919780395
1201 0.01081241795557857 0.5479549720224135
1202 0.01081078041920629 0.5479389123297064
1203 0.01081187159428926 0.5479421331924588
1204 0.01081090027004669 0.5479327859235504
1205 0.01081092857283451 0.5479271912224755
1206 0.01081116595602957 0.5479272971161814
1207 0.01081009033440085 0.547913895375562
1208 0.01081116384793133 0.5479190008352803
1209 0.01080957471337009 0.5479029816299396
1210 0.010810764165788 0.5479074803990545
1211 0.01080958053814733 0.5478962113234821
1212 0.01080994704049259 0.5478927548042314
1213 0.01080988311976143 0.5478909779965663
1214 0.01080906273506234 0.5478792375845045
1215 0.01080999482040907 0.5478839712255483
1216 0.01080842585555016 0.5478680036357588
1217 0.01080970864868172 0.5478734585190227
1218 0.01080831951320357 0.5478600959884145
1219 0.01080897690307945 0.5478592588856422
1220 0.01080863366471317 0.5478550282636337
1221 0.01080807428824301 0.5478452716037702
1222 0.01080883754297747 0.5478486182216794
1223 0.01080740852145009 0.5478333204237171
1224 0.0108086861631515 0.5478390704434417
1225 0.0108071671460474 0.5478245002173164
1226 0.01080805197037896 0.5478257216857476
1227 0.01080743279999278 0.5478193359670119
1228 0.01080715953051209 0.5478115506045721
1229 0.01080770261259461 0.5478135190791702
1230 0.01080644146368187 0.5477991706177456
1231 0.010807653608958 0.5478048221972356
1232 0.0108060933188223 0.5477894111393761
1233 0.0108071577223634 0.5477923821123188
1234 0.01080627455721455 0.5477836740716833
1235 0.01080633862156512 0.5477779484411983
1236 0.01080655914105985 0.5477776529530266
1237 0.01080548754338517 0.5477650034048326
1238 0.01080666856192348 0.5477711002018082
1239 0.01080510780505146 0.5477551470438419
1240 0.0108063083821382 0.5477595657116892
1241 0.01080518780052481 0.547748560846601
1242 0.01080552475217062 0.5477448237528203
1243 0.01080548389453028 0.5477427797222635
1244 0.01080468469016117 0.547731469132127
1245 0.01080570951435149 0.5477370379771229
1246 0.01080413897559264 0.5477209614910008
1247 0.01080544950792874 0.5477267117667107
1248 0.01080411956414432 0.5477135897246157
1249 0.01080474155325413 0.5477125686640941
1250 0.01080446930494113 0.5477088094904833
1251 0.01080391181577609 0.5476989601152167
1252 0.01080470851602924 0.5477026699126402
1253 0.01080332216019219 0.5476875152654074
1254 0.01080459781162021 0.5476933900443064
1255 0.01080314163398718 0.5476791314817642
1256 0.01080401250103141 0.547680322654397
1257 0.01080338441132313 0.5476738240089757
1258 0.0108033533990842 0.5476672894667065
1259 0.01080370422016874 0.5476677753928082
1260 0.01080258539437767 0.5476555085839202
1261 0.01080378026170185 0.5476600989335935
1262 0.01080219870260652 0.5476466405466323
1263 0.01080336343638966 0.5476483024787526
1264 0.0108023731189116 0.5476401200511148
1265 0.01080264915295482 0.5476348783797722
1266 0.01080269297685688 0.5476336537019749
1267 0.01080181948403414 0.5476229112336163
1268 0.01080291471949349 0.5476272175466725
1269 0.01080141058991254 0.5476136792737294
1270 0.0108026903488243 0.5476166789960707
1271 0.01080146067834497 0.54760669048646
1272 0.01080202939265167 0.5476033676217856
1273 0.0108017738863987 0.5476004746571018
1274 0.01080120900741252 0.5475909415567993
1275 0.010802091699243 0.5475947848165874
1276 0.01080061937329358 0.5475810385576064
1277 0.01080197617505865 0.5475851929298809
1278 0.01080054950253667 0.5475734249798631
1279 0.01080140937422477 0.5475725674688789
1280 0.01080093955837668 0.5475680023143639
1281 0.01080052213697147 0.5475587496702586
1282 0.01080127361542181 0.5475626926106646
1283 0.01079987413630779 0.5475478246358321
1284 0.01080125252723022 0.5475548256260715
1285 0.01079975982257105 0.547540114019336
1286 0.01080079920777482 0.5475425821903152
1287 0.01080010430548327 0.5475356950727536
1288 0.01080003234533087 0.5475287522688232
1289 0.01080045847573585 0.5475302639541511
1290 0.01079925547185604 0.547516701313817
1291 0.01080060119666261 0.5475240380672971
1292 0.01079899486889842 0.5475080939870945
1293 0.01080025281273893 0.5475127537666663
1294 0.01079923430385329 0.5475030822488862
1295 0.01079950427424413 0.5474987978928245
1296 0.01079968088270912 0.5474989576997656
1297 0.01079869246788992 0.5474865260231117
1298 0.01079986974256437 0.5474927842733683
1299 0.01079831275474491 0.547476884839472
1300 0.01079968819319984 0.5474829266095456
1301 0.01079842546392196 0.5474711120002063
1302 0.01079898107075726 0.5474695692959348
1303 0.01079885525042283 0.5474669452662541
1304 0.01079823141258963 0.5474567410003373
1305 0.01079923927281183 0.5474625338407964
1306 0.01079766708486195 0.5474465037253927
1307 0.01079911801685024 0.5474538019341939
1308 0.01079765094948476 0.5474397828962804
1309 0.01079852021657451 0.5474408679321011
1310 0.01079810627721244 0.5474363429986894
1311 0.01079776494712201 0.5474277542704417
1312 0.0107985100635356 0.5474318143008724
1313 0.01079710077609465 0.5474168276791174
1314 0.0107985187450867 0.5474242798093358
1315 0.01079696231759715 0.547409297479284
1316 0.0107980795905776 0.5474125992055267
1317 0.01079735714612729 0.5474057561054446
1318 0.01079728082139828 0.5473994682903305
1319 0.01079780774036105 0.5474019746636386
1320 0.01079661091986681 0.5473879894849113
1321 0.01079794808942674 0.5473953304445464
1322 0.01079634727636995 0.5473796370729442
1323 0.01079763034277676 0.5473849026388783
1324 0.01079662700821054 0.5473755380886391
1325 0.01079690949127565 0.5473716917993875
1326 0.01079711558926685 0.5473721665274439
1327 0.01079613341662859 0.5473600184364984
1328 0.01079733226344483 0.5473666224978728
1329 0.01079578416776482 0.5473510082987358
1330 0.01079716695240085 0.5473573077354459
1331 0.01079593520003169 0.5473459488584541
1332 0.01079648534177029 0.5473446091548883
1333 0.01079644325546043 0.5473432091122172
1334 0.01079577790667335 0.5473326056857815
1335 0.01079678132340613 0.5473384620601079
1336 0.01079523714188283 0.5473229845727134
1337 0.01079667862901676 0.5473303811715715
1338 0.01079527693696821 0.5473171598718438
1339 0.01079561675942546 0.5473128129152591
1340 0.0107961058002348 0.5473181836821076
1341 0.0107953175401205 0.5473060423096173
1342 0.01079634756275801 0.5473111333244653
1343 0.0107950624810972 0.5472995748964926
1344 0.01079598722546573 0.5473000590124336
1345 0.01079510162100672 0.5472943684273044
1346 0.0107952894801728 0.5472871831702897
1347 0.01079538745114669 0.5472893076500654
1348 0.01079467116397028 0.5472773095809902
1349 0.01079561950703321 0.5472827189660289
1350 0.01079442123864155 0.5472712303454809
1351 0.01079549970759442 0.547273791073188
1352 0.01079454393384459 0.5472671780284825
1353 0.01079500048135481 0.5472625011526364
1354 0.01079488214409544 0.547263124435924
1355 0.01079434609628123 0.5472519371054198
1356 0.01079513010104929 0.547256930857934
1357 0.01079395794326168 0.5472448276165348
1358 0.01079505352028497 0.5472483557302327
1359 0.01079396720303689 0.5472401188389098
1360 0.01079459714858671 0.5472372771127356
1361 0.01079427685285302 0.54723633778165
1362 0.0107939490529459 0.5472264265869239
1363 0.01079459795524512 0.5472312157701205
1364 0.01079352173393551 0.5472191240265253
1365 0.01079462180414487 0.547223603108059
1366 0.01079347841890431 0.5472143558118092
1367 0.01079424892189359 0.547213348271588
1368 0.0107937443870738 0.5472106220865922
1369 0.010793603562298 0.5472021408764958
1370 0.01079407426270398 0.5472059604694934
1371 0.01079311742048482 0.547194252002597
1372 0.01079415559276565 0.5471989792859258
1373 0.01079300776103046 0.5471892041038048
1374 0.01079385438243697 0.5471894627396119
1375 0.01079322901515908 0.5471855631143607
1376 0.01079325739787216 0.5471784501288038
1377 0.01079356606283127 0.5471814153911398
1378 0.01079275144044106 0.5471701794496677
1379 0.01079369426325959 0.5471750272994104
1380 0.01079258021510393 0.5471648293096767
1381 0.01079346212148278 0.5471662106059891
1382 0.01079273619965811 0.5471610656292599
1383 0.01079292804665938 0.5471555797460399
1384 0.01079304341532577 0.5471571749610531
1385 0.01079241095987006 0.5471469928644026
1386 0.01079321556341893 0.547151442199648
1387 0.01079218404052627 0.5471413635563396
1388 0.01079306084239969 0.5471433401807333
1389 0.01079227146633655 0.5471374479410758
1390 0.01079261296374809 0.5471334209087186
1391 0.01079254700301504 0.5471337666537762
1392 0.01079213257222682 0.5471244871159375
1393 0.01079275546338939 0.5471284785544881
1394 0.01079177716852982 0.5471184424542531
1395 0.01079264951120317 0.547121166631364
1396 0.010791807650807 0.547114305544428
1397 0.01079229667908729 0.5471119238069215
1398 0.01079204868575784 0.5471107118649816
1399 0.01079178484098656 0.5471028314123086
1400 0.01079224693244643 0.5471056338395766
1401 0.01079142762521252 0.5470963545512406
1402 0.01079228650191702 0.5470996995570461
1403 0.01079140792661299 0.547092315055839
1404 0.01079198300025157 0.5470911177231849
1405 0.01079158600889408 0.547088698598922
1406 0.01079147880508158 0.5470818274485044
1407 0.01079177999471128 0.5470839502214406
1408 0.01079110850910896 0.5470748365945591
1409 0.01079189430612891 0.547078662484173
1410 0.01079096940910399 0.5470705807253748
1411 0.01079163673783271 0.5470708096842644
1412 0.01079111147825724 0.5470670576248211
1413 0.01079118837856427 0.5470616796637596
1414 0.01079131741737162 0.5470627497242684
1415 0.01079080096656153 0.5470543732952603
1416 0.01079146922147743 0.5470578224093124
1417 0.01079056972489065 0.547049641658707
1418 0.01079131388958873 0.5470511263351548
1419 0.0107906738122965 0.5470463634821039
1420 0.01079090430972812 0.5470422345608356
1421 0.01079088837377224 0.5470427964982374
1422 0.01079046459703136 0.5470346279655578
1423 0.01079101401575335 0.5470376817044355
1424 0.01079022969707938 0.5470292302860615
1425 0.01079097486899944 0.5470317662677858
1426 0.01079023175256556 0.547026015930449
1427 0.01079062321269343 0.5470237218214085
1428 0.01079042079815945 0.5470227777943426
1429 0.01079021870535618 0.547015751667505
1430 0.01079058568418615 0.5470182596132418
1431 0.01078987696652355 0.5470099554783605
1432 0.01079061095006876 0.5470130909098854
1433 0.01078980805725468 0.547006557440461
1434 0.01079032560615313 0.5470056181338929
1435 0.01078997198349438 0.547003497909378
1436 0.01078989654359104 0.546997431250675
1437 0.01078991583829322 0.5469975555477016
1438 0.01078972696132304 0.5469922108767299
1439 0.01079019946943199 0.5469951979120384
1440 0.01078944333187765 0.546986332390029
1441 0.01079022340645236 0.546991054696376
1442 0.01078929920804438 0.5469818400970332
1443 0.0107899020615251 0.5469834089423886
1444 0.01078945498636668 0.5469789674016523
1445 0.01078946799009612 0.5469750661330517
1446 0.01078967610897696 0.5469764093311819
1447 0.0107890873453725 0.5469684884058
1448 0.01078979896341644 0.5469731238092423
1449 0.01078889182675758 0.5469638021405909
1450 0.01078961597982257 0.5469668438094615
1451 0.01078901525776709 0.5469610836372265
1452 0.01078921779222363 0.5469586871677862
1453 0.01078923940177097 0.5469588579558591
1454 0.01078879970525815 0.5469518063413996
1455 0.01078938327285317 0.5469557916541665
1456 0.01078851485438874 0.5469464972410991
1457 0.01078931613922301 0.5469509081813564
1458 0.01078855343174435 0.5469437148816567
1459 0.01078895440246068 0.5469431886573234
1460 0.01078877859338931 0.5469419228013723
1461 0.01078855789186987 0.5469360809540246
1462 0.01078894238522956 0.546938878968584
1463 0.01078820208719719 0.5469302097117713
1464 0.01078898151008933 0.5469350843503057
1465 0.01078809756980083 0.5469268147611958
1466 0.01078870836832774 0.5469280882614314
1467 0.01078829470458265 0.5469249720269349
1468 0.01078827643621682 0.5469208155567766
1469 0.01078852460982975 0.5469230672982501
1470 0.01078788253542104 0.5469148113312938
1471 0.01078863424831816 0.5469200644281942
1472 0.01078768040909879 0.5469106978939986
1473 0.01078844247174534 0.5469140773600601
1474 0.01078780516343874 0.5469086811331185
1475 0.01078802841784697 0.5469064889396559
1476 0.01078805474719823 0.5469071814586426
1477 0.01078759090919796 0.5469001277402611
1478 0.01078822360571275 0.5469047642213147
1479 0.01078728609163358 0.5468953240500725
1480 0.01078814055244397 0.5468995893779829
1481 0.01078733508038086 0.5468940884555206
1482 0.01078782784791179 0.5468933110784694
1483 0.01078759539721932 0.546892333366004
1484 0.01078737752810278 0.54688704674116
1485 0.01078776592007478 0.546889619623558
1486 0.01078698068615073 0.5468817106234806
1487 0.01078781917372419 0.5468862977980136
1488 0.01078681588018625 0.5468774546644808
1489 0.01078748625285418 0.5468796897035675
1490 0.01078705771638822 0.5468769415288345
1491 0.01078704756617381 0.5468730137027907
1492 0.01078736468192624 0.5468760512589063
1493 0.01078663210429678 0.5468674703998564
1494 0.01078750411656024 0.5468737204168858
1495 0.01078642772532642 0.5468639231664556
1496 0.01078725902326256 0.5468678387949925
1497 0.01078661219177282 0.5468631724133866
1498 0.0107867746551232 0.5468603202362178
1499 0.01078690916196524 0.5468625250559931
1500 0.01078628136653307 0.5468544020374611
1501 0.01078704705925335 0.54686036205336
1502 0.01078603101252586 0.5468504107214549
1503 0.01078696079674093 0.5468558245047104
1504 0.01078612326480757 0.5468492788159685
1505 0.0107864952737882 0.5468486283974476
1506 0.01078640814463375 0.5468488844679659
1507 0.01078602011493274 0.5468423694540513
1508 0.01078666494082491 0.5468478736445027
1509 0.01078564959109269 0.5468378185141385
1510 0.01078661670550773 0.546844137195949
1511 0.01078563109487669 0.5468360509309614
1512 0.01078621174290139 0.54683733510517
1513 0.01078594535878108 0.5468364448631566
1514 0.01078569170362259 0.5468307980619243
1515 0.01078619648140788 0.5468354987187667
1516 0.01078529984601748 0.5468258918537602
1517 0.01078624651322471 0.5468326427466557
1518 0.01078517218125718 0.5468233934664631
1519 0.01078593446802381 0.5468266844886099
1520 0.01078543978811184 0.5468238391493434
1521 0.01078539201653107 0.5468199286886641
1522 0.01078571728525143 0.5468234313778997
1523 0.0107849802359237 0.5468149092241532
1524 0.0107858068276424 0.5468212293355095
1525 0.01078477529052599 0.5468118221343612
1526 0.01078559316095297 0.546816245970959
1527 0.01078496229334135 0.5468119437763785
1528 0.0107850744954537 0.5468094786905031
1529 0.01078523040766322 0.5468118416962805
1530 0.01078462413969596 0.5468042003971407
1531 0.01078537592090967 0.5468103292375971
1532 0.01078436436666416 0.5468007625021444
1533 0.01078525058750919 0.5468063255654905
1534 0.01078445994409579 0.5468003685583029
1535 0.01078476122469185 0.546799672372019
1536 0.01078474603485875 0.5468007626207346
1537 0.01078428572790686 0.5467942201587607
1538 0.010784914124758 0.5467996524810019
1539 0.01078397024456347 0.5467903699002843
1540 0.01078485584870131 0.5467964185987361
1541 0.01078396878469741 0.5467893481092053
1542 0.01078442283341655 0.5467901951968519
1543 0.01078425168687892 0.5467901065999987
1544 0.01078393199691479 0.5467845997458185
1545 0.01078444670581502 0.5467894485959303
1546 0.01078357510017162 0.5467805170370065
1547 0.01078444235313483 0.5467868921711239
1548 0.01078348313618004 0.5467788467573015
1549 0.01078408532491382 0.5467813061847396
1550 0.01078373492393052 0.546779687590161
1551 0.01078358212386187 0.5467755313846019
1552 0.01078394813152255 0.5467794206821132
1553 0.01078319694355685 0.5467713750775153
1554 0.01078398813642443 0.5467774596603279
1555 0.01078302183977965 0.5467690952061854
1556 0.01078372184149017 0.5467726798170859
1557 0.01078321444863462 0.5467697181987596
1558 0.01078322054047341 0.5467668214755551
1559 0.01078343671848101 0.5467697760284529
1560 0.01078279919674213 0.5467624207883568
1561 0.01078351682013534 0.5467683430784279
1562 0.01078256502615053 0.5467597442422587
1563 0.01078333607105157 0.5467644681819804
1564 0.0107826795656624 0.5467599950563434
1565 0.01078285269022252 0.5467586560569059
1566 0.01078290876670489 0.5467603981115268
1567 0.0107824098998676 0.5467540995094667
1568 0.01078301999849176 0.5467594018784685
1569 0.01078212426750162 0.5467510599425319
1570 0.01078291028304424 0.5467563253886172
1571 0.01078214799509038 0.5467507144166512
1572 0.01078245866916365 0.5467506728123668
1573 0.01078238024568884 0.5467514749452148
1574 0.01078200091661268 0.546745986510854
1575 0.01078251743396264 0.5467509063145077
1576 0.01078167534983936 0.5467426897171037
1577 0.01078245993403895 0.5467484991534565
1578 0.0107816112208709 0.5467417574869828
1579 0.0107820726422358 0.5467433557013294
1580 0.01078182670371858 0.5467426877261483
1581 0.01078159899050278 0.5467384604731649
1582 0.01078198259632835 0.5467424523145167
1583 0.01078123540324051 0.546734915119654
1584 0.01078197019988622 0.5467406013286484
1585 0.01078109099984333 0.5467333783551059
1586 0.01078165817761336 0.5467361333198868
1587 0.0107812664685272 0.5467342937134199
1588 0.01078120218856437 0.5467311866304233
1589 0.01078144449601144 0.5467344212517792
1590 0.0107807729197697 0.5467273345159799
1591 0.01078145408202154 0.5467330142023994
1592 0.01078056705902618 0.5467253339429043
1593 0.01078123156450253 0.5467292952320081
1594 0.01078068370655026 0.5467259594199279
1595 0.01078075714370466 0.5467241827793217
1596 0.01078086608237363 0.5467264164153125
1597 0.01078033434059921 0.5467202955042776
1598 0.01078092582655433 0.5467255063989193
1599 0.01078006919786066 0.5467178889601464
1600 0.01078076599237897 0.5467225326000926
1601 0.01078010261552111 0.546718058205742
1602 0.01078031323587287 0.5467174895715278
1603 0.01078026545032168 0.5467185577753809
1604 0.01077988478353968 0.5467134092031176
1605 0.01078040073639828 0.5467184060171711
1606 0.01077955098444755 0.546710610982741
1607 0.01078027579222084 0.5467160036471781
1608 0.01077950086481496 0.5467102351919618
1609 0.01077986651933047 0.5467111948167938
1610 0.01077968035016442 0.5467112031111204
1611 0.01077942990748977 0.5467069735872669
1612 0.01077980397574072 0.5467110784812702
1613 0.01077904833811152 0.5467038219094755
1614 0.01077973709029219 0.5467092902358166
1615 0.01077891336239188 0.5467028170325419
1616 0.01077940870743965 0.5467050989056863
1617 0.01077906796024061 0.5467038852162038
1618 0.01077893819495592 0.5467006178897178
1619 0.01077920164229213 0.5467040770229638
1620 0.01077854855908648 0.5466973442114051
1621 0.01077919321603052 0.5467028471275041
1622 0.01077838192752552 0.5466966916531083
1623 0.01077894734970996 0.5466987929184994
1624 0.01077841134905859 0.5466965421000262
1625 0.01077848073371818 0.546694793059108
1626 0.01077852841313083 0.5466964602358692
1627 0.01077804903251976 0.5466916677786564
1628 0.01077857007715179 0.546695551852448
1629 0.01077777665994964 0.546689776812795
1630 0.01077842017630674 0.5466928879242064
1631 0.01077778505010218 0.5466898118182598
1632 0.01077799642655214 0.5466890067361696
1633 0.01077791450889146 0.5466899349653501
1634 0.01077756852400505 0.5466856973614682
1635 0.01077798334158213 0.5466892986037988
1636 0.01077720654009665 0.5466833056391719
1637 0.01077786533651598 0.5466870752852291
1638 0.01077713033891804 0.5466829557358146
1639 0.01077747791649933 0.5466832696065498
1640 0.01077724237469576 0.5466831474218224
1641 0.01077699780706257 0.5466792734457921
1642 0.01077738134643353 0.5466834800562765
1643 0.01077661846787374 0.5466764257273572
1644 0.01077732715720794 0.5466822067362174
1645 0.01077649540850148 0.5466758071179281
1646 0.01077696074055658 0.5466780538657968
1647 0.01077662287442858 0.5466770047145896
1648 0.01077648192463719 0.5466737007246762
1649 0.01077674283774051 0.5466773800833491
1650 0.01077604917566842 0.5466704626699763
1651 0.0107766930720909 0.5466761938104563
1652 0.01077583894074959 0.5466691840823303
1653 0.01077643227038921 0.5466729152808615
1654 0.01077592028918104 0.5466702241435805
1655 0.01077594745040983 0.5466684228054215
1656 0.01077605064591984 0.546670878336404
1657 0.01077551026083809 0.5466650459671295
1658 0.01077606455926018 0.5466702370811451
1659 0.01077522082618023 0.5466631062444387
1660 0.01077586540834991 0.5466676208293458
1661 0.01077522256351427 0.5466636488624452
1662 0.01077540352086046 0.5466631265986656
1663 0.01077534977254003 0.5466644744844501
1664 0.01077492689192479 0.5466594264509168
1665 0.01077544466608456 0.5466646294672368
1666 0.01077458474990664 0.5466570750511438
1667 0.01077528420781747 0.5466625214864126
1668 0.01077450381166243 0.5466570191690109
1669 0.01077485148089851 0.5466581369100343
1670 0.01077462746641947 0.5466581003976518
1671 0.01077437663562974 0.5466542401434255
1672 0.01077475924340999 0.5466586205717582
1673 0.01077397586765476 0.5466514322434061
1674 0.01077465472806117 0.5466571208589431
1675 0.01077380792407794 0.5466507101493251
1676 0.01077428675608278 0.5466531921322447
1677 0.01077391199050147 0.5466519195433229
1678 0.01077379415197555 0.5466489507520036
1679 0.01077403878001365 0.5466525436083767
1680 0.01077334956998877 0.5466457522175647
1681 0.01077403855526918 0.5466519543113812
1682 0.01077310268655836 0.5466443851765967
1683 0.01077372822837753 0.5466485429305536
1684 0.01077316454060518 0.5466455489337469
1685 0.01077321445373903 0.5466439253092064
1686 0.0107732971427859 0.5466464601585066
1687 0.01077275477555071 0.5466405279814593
1688 0.01077331755117071 0.5466460446101979
1689 0.01077244219245203 0.5466385978547034
1690 0.01077312470289342 0.5466436066399036
1691 0.01077241585402203 0.5466391824048604
1692 0.01077263401712085 0.5466390213488919
1693 0.01077255808552861 0.5466404169790395
1694 0.01077214156562511 0.5466353074603956
1695 0.01077261436052175 0.546640378334773
1696 0.01077177414376673 0.5466328880778318
1697 0.01077248731968328 0.5466386266579157
1698 0.01077165010653411 0.5466327118273543
1699 0.01077205405276584 0.5466343597231726
1700 0.01077176677562948 0.5466339520817828
1701 0.01077155162153363 0.5466303469808765
1702 0.01077190197472558 0.5466346210957439
1703 0.010771116174239 0.5466274155473684
1704 0.01077180584479435 0.546633320090793
1705 0.01077091326819867 0.5466265516122377
1706 0.01077144524351412 0.5466295613377767
1707 0.0107710223003169 0.5466279920700681
1708 0.01077092844693074 0.5466252160428356
1709 0.0107711205622128 0.5466285178823764
1710 0.01077043818579464 0.5466218171349578
1711 0.01077112760415057 0.5466281008813647
1712 0.01077018794155916 0.546620480178766
1713 0.01077084668987565 0.546624991152475
1714 0.01077023066350159 0.5466216019656007
1715 0.01077030588166744 0.5466202810700862
1716 0.01077035840319999 0.5466226056466281
1717 0.01076981977741354 0.5466167804580193
1718 0.01077037486182563 0.5466222686270912
1719 0.01076948618455581 0.5466147473166436
1720 0.0107701808120606 0.5466199404697751
1721 0.01076944705448061 0.5466153035489597
1722 0.01076967507219296 0.5466153125912133
1723 0.01076956620525967 0.5466164376243982
1724 0.01076917437388779 0.5466115465478188
1725 0.0107696698503237 0.5466168142328447
1726 0.01076877470829928 0.5466089839775721
1727 0.01076950889969805 0.5466149454608412
1728 0.01076865043737078 0.546608875081678
1729 0.01076905110486305 0.5466105356986298
1730 0.01076878895922403 0.5466103803463539
1731 0.01076854074950953 0.5466065165866579
1732 0.01076888076287069 0.546610770386417
1733 0.01076809374172221 0.5466035344729739
1734 0.0107687804954107 0.5466094540939043
1735 0.01076788791339124 0.5466027134947808
1736 0.01076841202319014 0.5466056609413297
1737 0.01076799438737203 0.546604184915537
1738 0.01076787380962497 0.5466012656854919
1739 0.01076810129932903 0.5466048537886273
1740 0.01076741404097095 0.5465981020468518
1741 0.01076806442992404 0.5466040563054142
1742 0.01076713375497819 0.5465965940543059
1743 0.01076777184584136 0.5466009083871907
1744 0.010767175381556 0.5465977057505259
1745 0.01076723054801819 0.5465962696685276
1746 0.01076727136652924 0.5465984402044488
1747 0.01076673612350128 0.5465927348068064
1748 0.01076731382275527 0.5465983356183162
1749 0.0107664219152467 0.5465908499425758
1750 0.01076709371311479 0.5465958261206805
1751 0.01076637321653531 0.5465913433154177
1752 0.01076657468654035 0.5465911431800676
1753 0.01076647711886028 0.5465923522809721
1754 0.01076605433136066 0.5465872987762275
1755 0.01076655712628897 0.5465925876580227
1756 0.01076569507616405 0.5465849853113721
1757 0.01076639747152971 0.5465906541845531
1758 0.01076556127171555 0.5465847856033609
1759 0.01076593126653597 0.5465862239913616
1760 0.01076567950156926 0.5465861186513241
1761 0.01076541808294066 0.5465822078697369
1762 0.01076575868525196 0.5465864017290712
1763 0.01076497520865645 0.5465792449500115
1764 0.01076564727437953 0.5465849902534898
1765 0.01076477192223426 0.5465784179493584
1766 0.01076526949148429 0.5465811253391941
1767 0.01076487201251336 0.5465797889784012
1768 0.01076473329649753 0.5465767572884587
1769 0.01076496576132881 0.5465803136893614
1770 0.01076427781430538 0.5465735974653696
1771 0.0107649169288192 0.5465793958735529
1772 0.01076400157005432 0.5465720953603544
1773 0.0107646130418544 0.5465761450958885
1774 0.01076404167847614 0.5465731346854744
1775 0.0107640708709787 0.5465714536611367
1776 0.0107641510551021 0.5465739537247867
1777 0.01076360365458898 0.5465680897114891
1778 0.01076413180200312 0.5465733946324354
1779 0.01076328331904011 0.546566089098414
1780 0.01076390711820531 0.5465708570789642
1781 0.01076323587719527 0.5465665053433295
1782 0.01076341235498827 0.5465662362969481
1783 0.01076332531686847 0.5465673926743111
1784 0.01076290476188471 0.5465623982587152
1785 0.01076338929435773 0.5465675245318425
1786 0.01076254157349773 0.5465599562941592
1787 0.01076319955439597 0.5465654159632946
1788 0.01076241974141117 0.5465597784787318
1789 0.01076274416504527 0.5465609529940935
1790 0.01076252687062122 0.5465610579347914
1791 0.01076224980921598 0.546556926160943
1792 0.01076258783262671 0.5465611831535503
1793 0.01076182446204826 0.5465539851857729
1794 0.01076246108339596 0.5465596346836002
1795 0.01076162477011586 0.5465531099702499
1796 0.01076208692164231 0.5465557360852216
1797 0.01076170938525594 0.5465543660112228
1798 0.01076157870164152 0.5465513686164615
1799 0.01076177326436589 0.5465546169821868
1800 0.01076110553038876 0.546548003741434
1801 0.01076173781366094 0.5465538592850984
1802 0.01076086338165672 0.546546621450538
1803 0.01076145870574006 0.5465507077446503
1804 0.01076084637538981 0.5465473810035157
1805 0.01076096842970103 0.5465462972962747
1806 0.01076094550681831 0.5465475738246738
1807 0.01076043566226906 0.5465427738563271
1808 0.01076097397003823 0.5465469625195553
1809 0.01076007858957932 0.5465407095486658
1810 0.01076078458157847 0.5465446328120617
1811 0.01076001966001482 0.5465405593260572
1812 0.01076030625768111 0.5465407144873549
1813 0.01076013273354808 0.5465409607689172
1814 0.01075978056366681 0.5465370457639932
1815 0.01076020407898414 0.5465406541552533
1816 0.01075935004653502 0.5465338161931468
1817 0.0107600513454007 0.5465393237247618
1818 0.01075925676211025 0.5465335395503348
1819 0.01075961627527783 0.5465351120827583
1820 0.01075938549987126 0.5465346023328822
1821 0.01075907970117674 0.5465307770307646
1822 0.01075944759724458 0.5465346767023086
1823 0.01075866501628048 0.5465277733619759
1824 0.01075933480690371 0.5465332006386465
1825 0.01075847431209079 0.5465266563211156
1826 0.0107589484380416 0.5465294243104741
1827 0.01075857441322254 0.5465276568907013
1828 0.0107584121501193 0.5465249304460581
1829 0.01075866985904935 0.5465280510395041
1830 0.01075797399106822 0.5465216458865318
1831 0.01075860749482948 0.5465269699753112
1832 0.01075772788527258 0.5465200014869527
1833 0.01075829149998755 0.5465237116313093
1834 0.01075777752522301 0.5465206764963806
1835 0.01075775861656419 0.5465190911662232
1836 0.01075788584175814 0.546521271673209
1837 0.01075729539626179 0.5465155336323202
1838 0.01075786502480419 0.5465205261744294
1839 0.01075700562207991 0.5465134651048963
1840 0.01075761913621474 0.5465178220294551
1841 0.0107569954558494 0.5465136885022699
1842 0.01075711060649678 0.54651324077838
1843 0.0107571094788128 0.546514419962266
1844 0.0107566295765688 0.546509432347989
1845 0.01075712157190499 0.5465139443847026
1846 0.01075630146338463 0.5465069938656431
1847 0.010756934793588 0.5465117289564484
1848 0.01075622177822584 0.5465066451301339
1849 0.01075647112719908 0.5465073792100987
1850 0.01075633259380355 0.5465074472069847
1851 0.01075598019161793 0.546503356412989
1852 0.01075637355157362 0.5465072223850519
1853 0.01075561852843153 0.5465005980889095
1854 0.01075624956999106 0.5465055827470909
1855 0.01075548829362532 0.5464998015181307
1856 0.01075585027023053 0.5465013354655772
1857 0.01075549291519971 0.5465001338948202
1858 0.01075539353169883 0.546497841054173
1859 0.01075560712274598 0.5464999580618107
1860 0.01075498555664477 0.5464950062646979
1861 0.0107555157522857 0.5464982662484695
1862 0.01075475837178056 0.5464934414494951
1863 0.01075519245584448 0.546495103817966
1864 0.01075478324261329 0.5464932224059367
1865 0.01075474345664432 0.5464916436311267
1866 0.01075483561930721 0.5464928001082955
1867 0.01075434326870563 0.5464887763197034
1868 0.01075477166821934 0.5464913866924251
1869 0.01075409502349938 0.5464869157632353
1870 0.01075450237503937 0.5464886264674124
1871 0.01075409018225948 0.5464864461724639
1872 0.01075408107791264 0.5464852624391979
1873 0.01075412216743905 0.5464859141210334
1874 0.01075369465458901 0.5464823844060502
1875 0.01075406409794328 0.5464846637113033
1876 0.01075346111173169 0.5464805849887993
1877 0.01075380159021979 0.5464820787977758
1878 0.01075342082915142 0.5464797974334342
1879 0.0107534194600265 0.546478919806977
1880 0.01075340735138244 0.5464789442481135
1881 0.01075307511877622 0.5464761522404871
1882 0.01075331004016159 0.5464774614083271
1883 0.01075283044978665 0.5464740254704004
1884 0.01075307547582158 0.5464750739467716
1885 0.01075277814417293 0.546473121793549
1886 0.01075274328594953 0.5464722483794218
1887 0.01075273573740487 0.5464721519359949
1888 0.01075244296290212 0.5464697167851181
1889 0.01075261007534817 0.5464705522882269
1890 0.01075222048328028 0.5464676572643575
1891 0.0107523646029656 0.5464681107961489
1892 0.01075214685088398 0.5464665542334265
1893 0.01075207196005724 0.5464655091770264
1894 0.01075206641509262 0.5464653189347751
1895 0.01075180980707681 0.5464631525610706
1896 0.01075191677767717 0.5464635460718767
1897 0.01075161549846811 0.5464612223267143
1898 0.01075167268435773 0.5464611244976133
1899 0.01075152412500829 0.5464599646544946
1900 0.01075141642715215 0.5464587487516713
1901 0.01075141218526535 0.5464585015763077
1902 0.01075118640454317 0.5464566228239145
1903 0.01075125616076889 0.5464568111575981
1904 0.01075101797058835 0.5464548849992112
1905 0.01075101448171672 0.5464544007497975
1906 0.0107508905544139 0.5464532714231096
1907 0.01075077730052893 0.5464520378241723
1908 0.01075074254595805 0.5464514355737021
1909 0.01075055647285547 0.5464497639028435
1910 0.01075055985887824 0.546449399163413
1911 0.01075040718182387 0.5464480686330012
1912 0.01075035447847319 0.5464473029144113
1913 0.01075027624468144 0.5464464989645476
1914 0.01075015523772968 0.5464452617748229
1915 0.010750116552866 0.5464446881648837
1916 0.01074996396178856 0.5464432401397992
1917 0.01074992431323555 0.5464426201333307
1918 0.01074980984441506 0.5464414604163327
1919 0.01074973089839329 0.5464405438877813
1920 0.01074965172843532 0.5464396179601084
1921 0.01074953725778813 0.5464384459542684
1922 0.01074947686115102 0.5464376348397817
1923 0.01074936339655999 0.5464364921100661
1924 0.01074929523038628 0.5464356198920848
1925 0.01074921108308332 0.5464347122020088
1926 0.01074911743680121 0.546433648290005
1927 0.01074904962957488 0.5464328489867308
1928 0.01074893745343094 0.5464316451674025
1929 0.0107488657984403 0.546430724316594
1930 0.01074876278191985 0.5464295524923747
1931 0.0107486897424034 0.5464286871820483
1932 0.01074860655411194 0.5464277170717785
1933 0.01074851908718263 0.54642676941295
1934 0.01074844535008669 0.5464258681523996
1935 0.01074835497273541 0.5464248981900259
1936 0.01074827689556042 0.5464239372177646
1937 0.01074819506005412 0.5464230232219995
1938 0.01074810510726083 0.5464219467897139
1939 0.01074802956116146 0.5464210584084961
1940 0.01074793151366664 0.5464199156075
1941 0.01074785920590292 0.546419039630154
1942 0.01074776623678399 0.5464179447420414
1943 0.01074769014012565 0.5464170355137192
1944 0.01074760530646452 0.5464160031560336
1945 0.01074752280254944 0.5464150468525208
1946 0.01074744430459256 0.5464140593321589
1947 0.01074736052817228 0.5464131005686456
1948 0.01074728128552916 0.5464120939729215
1949 0.01074720102775581 0.5464111582969821
1950 0.01074711752442936 0.5464101127278761
1951 0.01074704137252824 0.54640920835317
1952 0.01074695383416728 0.5464081511468498
1953 0.01074688013622813 0.5464072288505952
1954 0.01074679295248325 0.546406172667223
1955 0.01074671920057781 0.5464052409558727
1956 0.01074663467011842 0.5464042011599582
1957 0.0107465587106908 0.5464032520442657
1958 0.01074647748061387 0.546402235837203
1959 0.01074640049000075 0.5464012805194757
1960 0.0107463204341114 0.5464002659137093
1961 0.01074624330313033 0.5463993093157441
1962 0.0107461633997004 0.5463982932438414
1963 0.01074608847089151 0.5463973505759911
1964 0.0107460068394663 0.5463963160847641
1965 0.01074593340652092 0.5463953790586646
1966 0.01074585120100168 0.5463943396918591
1967 0.01074577929783801 0.5463934086250875
1968 0.01074569704986285 0.5463923639052712
1969 0.01074562469003127 0.5463914248961251
1970 0.01074554444444356 0.5463903943827684
1971 0.01074547170374208 0.5463894498563785
1972 0.01074539263599479 0.5463884209136992
1973 0.01074531898201428 0.5463874659146353
1974 0.01074524191494704 0.5463864172464582
1975 0.01074516734900617 0.5463855066506162
1976 0.01074509080042437 0.5463844507302222
1977 0.0107450181412128 0.5463835424969107
1978 0.01074494128150459 0.5463824782106266
1979 0.01074486993701908 0.5463815738018278
1980 0.01074479260421946 0.5463805013510072
1981 0.01074472162599996 0.5463795972128422
1982 0.01074464479779635 0.5463785284611726
1983 0.01074457386962244 0.5463776205482727
1984 0.01074449806986508 0.5463765536965651
1985 0.01074442648231635 0.5463756372199802
1986 0.01074435210424216 0.5463745794758653
1987 0.01074428100197679 0.546373664200388
1988 0.01074420681852937 0.5463726015442556
1989 0.01074413619311677 0.5463716879227101
1990 0.01074406228120811 0.5463706261328134
1991 0.01074399274132581 0.5463697175404493
1992 0.01074391867830179 0.5463686496324313
1993 0.01074384987695968 0.5463677430493301
1994 0.01074377607434393 0.5463666757631686
1995 0.01074370753219433 0.546365767352523
1996 0.01074363440809468 0.5463647013831424
1997 0.01074356578860101 0.5463637891385537
1998 0.01074349347212476 0.546362727603282
1999 0.01074342515328106 0.546361814731168
2000 0.01074334743957987 0.5463606383461446
2001 0.01074328104403697 0.5463597269793172
2002 0.01074321062406011 0.5463586827843414
2003 0.01074314707059921 0.5463578225886176
2004 0.01074307693154523 0.5463567916465344
2005 0.0107430118534574 0.5463559032652634
2006 0.01074294036642124 0.5463548461416402
2007 0.0107428718903617 0.5463538572584057
2008 0.0107427965920243 0.5463526787993163
2009 0.01074273596188383 0.5463518882348638
2010 0.01074266828529893 0.546350894763502
2011 0.01074260729005726 0.5463500903313588
2012 0.01074254332772885 0.5463491788448687
2013 0.01074247533234681 0.5463482313720101
2014 0.01074239897589854 0.5463470694396374
2015 0.01074232909990549 0.5463460413603216
2016 0.01074225648090821 0.5463449078838062
2017 0.01074219183621863 0.5463439623740243
2018 0.01074212461046412 0.546342919329473
2019 0.01074206380316519 0.5463420358143845
2020 0.01074199775988464 0.5463410174184832
2021 0.01074193625308959 0.5463401251709988
2022 0.0107418689704647 0.5463390883445551
2023 0.010741806030384 0.5463381710718702
2024 0.01074173740577031 0.5463371116529387
2025 0.01074167385748011 0.5463361826109996
2026 0.01074160569322974 0.5463351221318746
2027 0.01074154299546782 0.5463341971780944
2028 0.01074147569258299 0.546333140823092
2029 0.01074141389170511 0.5463322218699671
2030 0.01074134758957026 0.5463311718258997
2031 0.01074128665703037 0.5463302584266015
2032 0.01074122055979768 0.546329209006178
2033 0.0107411597839931 0.546328294415808
2034 0.01074109395508235 0.5463272439939167
2035 0.0107410334317807 0.5463263290653417
2036 0.01074096771527475 0.5463252777736116
2037 0.01074090736931893 0.5463243611219712
2038 0.01074084216214612 0.546323310107413
2039 0.01074078212137914 0.5463223926841669
2040 0.01074071726508905 0.5463213421503605
2041 0.0107406576205917 0.5463204255747435
2042 0.01074059320048074 0.5463193755567454
2043 0.01074053402685553 0.5463184606625509
2044 0.0107404698884294 0.5463174111032224
2045 0.01074041093389786 0.5463164952035102
2046 0.01074034721104766 0.5463154459607871
2047 0.01074028862830327 0.5463145308940351
2048 0.01074022513514749 0.546313481871496
2049 0.01074016692019982 0.5463125672280101
2050 0.0107401038356574 0.546311518400482
2051 0.01074004583824411 0.5463106027336629
2052 0.01073998308680669 0.5463095549337298
2053 0.01073992541749137 0.546308639687619
2054 0.01073986303263887 0.5463075918799225
2055 0.01073980569613466 0.5463066772533557
2056 0.01073974361618763 0.546305629992838
2057 0.01073968650763471 0.546304714709638
2058 0.01073962480139165 0.5463036680847904
2059 0.01073956804668783 0.5463027534961865
2060 0.0107395065924835 0.5463017069689434
2061 0.01073945019550832 0.546300793094149
2062 0.01073938495762733 0.5462996294797
2063 0.010739332467302 0.5462988116279401
2064 0.01073927301204873 0.5462978168115762
2065 0.01073921613254493 0.5462968913715406
2066 0.01073915126907655 0.5462957079923753
2067 0.01073910064083304 0.5462949073907687
2068 0.01073904291020127 0.5462939263830544
2069 0.01073898696200682 0.5462930055602603
2070 0.01073892670166847 0.5462919455045602
2071 0.01073887141206024 0.5462910188003904
2072 0.01073881124028627 0.5462899585997542
2073 0.01073875566323403 0.5462890339440868
2074 0.01073869552096305 0.5462879780505996
2075 0.01073864091463473 0.5462870691937376
2076 0.01073858231231272 0.5462860327855673
2077 0.01073852886587676 0.5462851375879832
2078 0.01073847141177009 0.5462840927214656
2079 0.01073841705770067 0.5462831906957606
2080 0.01073835872317286 0.5462821546376476
2081 0.01073830429395571 0.546281248112654
2082 0.01073824194689543 0.5462800696163355
2083 0.01073819123883323 0.5462792508493632
2084 0.01073813462415875 0.5462782439432249
2085 0.010738080354355 0.5462773285068635
2086 0.01073801913490103 0.5462761412958723
2087 0.01073797073230958 0.5462753517975932
2088 0.01073791617105416 0.5462743707993136
2089 0.01073786270116037 0.5462734625973178
2090 0.0107378054324143 0.5462723989335712
2091 0.0107377523163199 0.5462714811114419
2092 0.01073769494909549 0.5462704120082729
2093 0.01073764138729844 0.5462694768464247
2094 0.01073758399295297 0.5462684276687674
2095 0.01073753224004356 0.5462675293472938
2096 0.0107374764772821 0.5462665047238113
2097 0.01073742551938662 0.5462656106724765
2098 0.01073736994128608 0.5462645818071589
2099 0.01073731857526557 0.5462636736678206
2100 0.01073726251323989 0.5462626325361418
2101 0.01073721084512741 0.5462617158498773
2102 0.01073715476561079 0.5462606715944397
2103 0.01073710336449617 0.5462597562250988
2104 0.01073704775044696 0.5462587160104624
2105 0.0107369968564527 0.5462578050401939
2106 0.01073694175821937 0.5462567694068171
2107 0.01073689122644261 0.5462558609434562
2108 0.01073683643638806 0.5462548274151788
2109 0.01073678606378868 0.5462539190373461
2110 0.01073673141686231 0.5462528854537511
2111 0.01073668114238752 0.5462519762762842
2112 0.01073662660928289 0.5462509419602836
2113 0.0107365764793979 0.5462500323282694
2114 0.01073652211531099 0.5462489978442741
2115 0.01073647162138395 0.546248063003274
2116 0.01073641669180368 0.5462470434768706
2117 0.01073636764151509 0.5462461270757459
2118 0.0107363137885273 0.5462451156202439
2119 0.01073626511246048 0.5462441983709818
2120 0.01073621138749074 0.5462431834780062
2121 0.01073616262443347 0.5462422622097742
2122 0.01073610547179629 0.546241130954818
2123 0.01073605970122081 0.5462403002543299
2124 0.01073600687943503 0.5462393308752879
2125 0.01073595725998067 0.5462383972198495
2126 0.0107359001910368 0.5462372469988294
2127 0.01073585597379548 0.5462364315375174
2128 0.01073580464930918 0.5462354774667189
2129 0.01073575586750842 0.5462345501805598
2130 0.01073570247843404 0.5462335193217739
2131 0.01073565435718188 0.5462325854771884
2132 0.01073559791253957 0.5462314444035595
2133 0.01073555144689732 0.5462305510250485
2134 0.01073549859828347 0.5462295323729762
2135 0.01073545239461551 0.5462286649550345
2136 0.01073540043201891 0.5462276681575883
2137 0.01073535367053803 0.5462267731360823
2138 0.01073530136359028 0.5462257582637813
2139 0.01073525372763312 0.5462248416581641
2140 0.01073520146515027 0.5462238197118726
2141 0.01073515341647001 0.546222897417514
2142 0.01073509928067021 0.5462217870899336
2143 0.01073505264335892 0.5462208778891212
2144 0.01073500146345254 0.5462198165308848
2145 0.01073495658517956 0.5462189776707682
2146 0.0107349082490133 0.5462180590162932
2147 0.01073486256853407 0.5462172449935861
2148 0.01073481082637224 0.5462162526387966
2149 0.0107347628510848 0.5462153590562183
2150 0.01073470580428715 0.5462141905643082
2151 0.01073465918806048 0.5462132944530652
2152 0.01073460829351247 0.5462122687302825
2153 0.01073455991880881 0.5462113149176508
2154 0.01073451005820588 0.5462102734123415
2155 0.01073446388397827 0.546209362281652
2156 0.01073441512714049 0.5462083564464455
2157 0.01073436875689512 0.5462074590662745
2158 0.01073431934751255 0.5462064558854445
2159 0.01073427264539977 0.5462055579748396
2160 0.01073422320363772 0.5462045550093212
2161 0.01073417637728451 0.5462036518993018
2162 0.01073412675562139 0.5462026430860444
2163 0.01073407965608836 0.5462017300212483
2164 0.01073402984540325 0.5462007145318636
2165 0.01073398283565398 0.5461997979567336
2166 0.01073393011060379 0.5461986817508443
2167 0.01073388674681977 0.546197850107803
2168 0.01073383795027344 0.546196895655396
2169 0.01073379168754023 0.5461959719158148
2170 0.01073373954401046 0.5461948464928786
2171 0.01073369799104914 0.5461940385921542
2172 0.01073365055564462 0.5461931030342639
2173 0.01073360455765615 0.5461921838918931
2174 0.01073355488351777 0.5461911696603191
2175 0.01073350924571597 0.5461902400329258
2176 0.01073345642362677 0.5461891122675969
2177 0.01073341234983042 0.5461882232091584
2178 0.01073336340222143 0.5461872262751302
2179 0.0107333198127485 0.5461863674573592
2180 0.01073327175875727 0.546185393160419
2181 0.01073322915942353 0.5461845865902121
2182 0.01073317762790885 0.5461835169582731
2183 0.01073313408108393 0.5461826667248194
2184 0.01073308564589164 0.5461816865955826
2185 0.01073303952706909 0.5461807374479948
2186 0.01073299032232704 0.546179707262353
2187 0.01073294548067641 0.5461787767726377
2188 0.0107328944047314 0.5461776660538045
2189 0.01073285177545037 0.5461767932428503
2190 0.0107328042363445 0.5461758123037508
2191 0.01073276300080091 0.5461750374243255
2192 0.01073271567684244 0.5461741061083859
2193 0.01073266851998537 0.5461730848655839
2194 0.01073262088408765 0.54617207030137
2195 0.01073257813452477 0.5461712305287605
2196 0.01073253006552396 0.5461702742517817
2197 0.01073248432736329 0.5461693487682099
2198 0.01073243595967958 0.5461683403300012
2199 0.01073239190030575 0.5461674221962055
2200 0.01073234189431242 0.5461663217152484
2201 0.01073230006795532 0.5461654526615735
2202 0.01073225325004007 0.5461644757001599
2203 0.01073221092568439 0.5461636225267251
2204 0.01073216405772397 0.5461626583362711
2205 0.01073212079479307 0.546161763740404
2206 0.01073207195757697 0.5461607651821125
2207 0.01073202887559578 0.5461598804752654
2208 0.01073198116663029 0.5461588923834049
2209 0.01073193823725476 0.5461580112010034
2210 0.01073189054772186 0.5461570257542941
2211 0.01073184715587362 0.5461560727998112
2212 0.01073179923905727 0.5461550570399185
2213 0.01073175764324757 0.5461541464968138
2214 0.01073171064894599 0.5461531881142204
2215 0.01073166923404483 0.5461523483169164
2216 0.01073162371026432 0.5461514561956621
2217 0.01073158299313215 0.5461506639053189
2218 0.01073153355121437 0.5461496719376699
2219 0.01073148928236872 0.5461487364334603
2220 0.01073144033576493 0.5461476956914446
2221 0.01073139917776594 0.546146862484445
2222 0.01073135158544676 0.5461458839714095
2223 0.01073130769479427 0.5461449519381097
2224 0.01073125719743489 0.5461438170842003
2225 0.01073121738888552 0.5461429510434848
2226 0.01073117192457268 0.5461419805673862
2227 0.01073113340387688 0.5461412294063571
2228 0.01073108772742228 0.54614031944663
2229 0.01073104502605476 0.5461394275710522
2230 0.01073099784299797 0.5461384297026115
2231 0.01073095583251919 0.5461375270025172
2232 0.01073090861897592 0.5461365407819964
2233 0.01073086640009427 0.5461356533128803
2234 0.01073081945910733 0.5461346828786139
2235 0.01073077765376646 0.5461338063492827
2236 0.01073073138968546 0.5461328433601585
2237 0.01073069015863653 0.5461319730206811
2238 0.01073064178505653 0.5461309127556915
2239 0.01073060215049208 0.546130059745653
2240 0.0107305566955998 0.5461291100060434
2241 0.01073051706995337 0.5461282852116859
2242 0.01073047116112164 0.5461273435727181
2243 0.01073043183877681 0.5461265659289697
2244 0.01073038527887367 0.546125634063292
2245 0.0107303421024543 0.546124721361202
2246 0.01073028482229684 0.546123562537177
2247 0.01073024915414386 0.5461227923141411
2248 0.01073020392218087 0.546121875770616
2249 0.01073016631624795 0.5461210173090258
2250 0.01073011812299429 0.5461199445111725
2251 0.0107300882911311 0.5461191682310855
2252 0.0107300458752974 0.5461182576002902
2253 0.01073000502464048 0.5461174180202265
2254 0.01072995628982855 0.5461164721707176
2255 0.01072991298142707 0.5461155932876638
2256 0.01072986504484852 0.5461146369311978
2257 0.01072982317786241 0.5461137576619821
2258 0.01072977770725718 0.5461128189272725
2259 0.01072973885290179 0.5461120328713998
2260 0.01072969452404467 0.546111131751348
2261 0.010729651683743 0.5461101454557179
2262 0.01072960785836082 0.5461091949586582
2263 0.0107295679940541 0.5461083123142234
2264 0.01072952358829414 0.5461074044473934
2265 0.01072948349121554 0.5461065533740042
2266 0.0107294387426667 0.5461056448535175
2267 0.01072939914941615 0.5461047967891007
2268 0.0107293547916591 0.5461038833709553
2269 0.01072931530038031 0.5461030356295755
2270 0.01072927117922163 0.5461021221774143
2271 0.01072923139417206 0.5461012723542985
2272 0.01072918696603543 0.5461003527627512
2273 0.01072914657163547 0.5460994915701806
2274 0.01072910173588018 0.5460985649041257
2275 0.01072906150665669 0.5460977029503226
2276 0.01072901704888949 0.5460967825322652
2277 0.01072897761524384 0.5460959321046245
2278 0.01072893368944502 0.5460950230457423
2279 0.01072889488841954 0.5460941849057909
2280 0.0107288513517233 0.54609328577395
2281 0.01072880873589168 0.5460924202842357
2282 0.01072876118868968 0.546091475401537
2283 0.01072872594764994 0.5460906756946392
2284 0.01072868121276235 0.5460897582406317
2285 0.01072864637182867 0.5460889608310106
2286 0.0107286008973319 0.546088036342159
2287 0.01072856543269587 0.5460872327979475
2288 0.01072851892909087 0.546086301405693
2289 0.01072848323319471 0.5460854999881435
2290 0.01072843634401462 0.5460845707255729
2291 0.01072840087140211 0.5460837780480231
2292 0.01072835444203929 0.5460828583296131
2293 0.01072831892663309 0.5460820683288494
2294 0.01072827258809619 0.546081146894746
2295 0.0107282364841587 0.546080346485584
2296 0.01072818998793165 0.5460794190099666
2297 0.01072815405882322 0.5460786179946578
2298 0.0107281079588965 0.5460776959987871
2299 0.01072807278796381 0.5460769060465099
2300 0.01072802706475835 0.5460759939294313
2301 0.01072799243231986 0.5460752153423376
2302 0.01072794700210174 0.5460743126274036
2303 0.010727912447733 0.5460735407575401
2304 0.01072786708686151 0.5460726408452016
2305 0.01072783184072404 0.546071860630425
2306 0.01072778582355977 0.5460709501403921
2307 0.01072775017387857 0.5460701612845418
2308 0.01072770243285069 0.5460691684522592
2309 0.01072766938926299 0.5460683969305192
2310 0.01072762486776897 0.5460675149181247
2311 0.01072759221168076 0.5460667914080432
2312 0.01072754702175507 0.5460659171206611
2313 0.01072751333865654 0.5460651785499323
2314 0.01072746719711084 0.5460642819252202
2315 0.01072743278319368 0.5460635220460036
2316 0.0107273863393649 0.5460626132598081
2317 0.01072735223385742 0.546061851763869
2318 0.01072730635118332 0.5460609485854404
2319 0.010727272842153 0.5460601952686186
2320 0.01072722763920803 0.5460593025238374
2321 0.01072719440149239 0.5460585560971714
2322 0.01072714937452122 0.5460576696232201
2323 0.01072711602016601 0.5460569261476781
2324 0.01072707099926643 0.5460560427139454
2325 0.01072703755361813 0.5460553007373629
2326 0.01072699139406618 0.5460543568724003
2327 0.01072695947787908 0.5460536810585925
2328 0.01072691433388412 0.5460528168061641
2329 0.01072688079904853 0.5460520725257521
2330 0.01072683620771152 0.5460511878146426
2331 0.0107268041957821 0.5460504616345069
2332 0.01072675997529413 0.5460495950661994
2333 0.01072672688163204 0.5460488680406853
2334 0.01072668077926376 0.5460479347063333
2335 0.01072665140644347 0.5460472532754704
2336 0.01072661072144738 0.54604643051781
2337 0.0107265745710049 0.5460457120875162
2338 0.01072653290914002 0.5460448522067043
2339 0.01072649436716956 0.5460441029017263
2340 0.01072645292036938 0.5460432449552657
2341 0.01072641529234962 0.5460425074944951
2342 0.01072637542316149 0.5460416672863363
2343 0.01072633886044021 0.5460409424671379
2344 0.01072630021573714 0.5460401188857572
2345 0.0107262643360692 0.5460393957226367
2346 0.01072622422022038 0.5460385384941037
2347 0.01072618836396144 0.5460377971833957
2348 0.01072614767322855 0.5460369791168057
2349 0.01072611294349992 0.5460362765475909
2350 0.01072607324915372 0.5460354727959437
2351 0.0107260385814776 0.5460347713322555
2352 0.01072599770596195 0.5460339141991764
2353 0.01072596956056025 0.5460331940813579
2354 0.01072592754917746 0.5460324269082737
2355 0.01072588328604563 0.546031696679554
2356 0.01072585366005748 0.5460309390134777
2357 0.01072581756865074 0.5460302401717898
2358 0.01072577570527219 0.5460294143731027
2359 0.01072573805300738 0.5460286834540912
2360 0.01072569519307521 0.5460277990335057
2361 0.01072566075851674 0.5460271134884257
2362 0.01072562235498515 0.5460263387969726
2363 0.01072558907878871 0.546025694761326
2364 0.01072555125227004 0.5460249155290534
2365 0.01072551783149078 0.5460242765519012
2366 0.01072546820659668 0.5460233738408938
2367 0.0107254444610459 0.5460227289991449
2368 0.01072539536251057 0.5460218776410092
2369 0.01072536576488782 0.546021256778123
2370 0.01072533078447479 0.5460205161714928
2371 0.01072529806656664 0.5460198349355118
2372 0.0107252598822223 0.5460190507868491
2373 0.01072522391008841 0.5460183467653341
2374 0.01072518378710738 0.5460175546620275
2375 0.01072514905686723 0.5460169086661438
2376 0.01072511029607893 0.54601615201343
2377 0.0107250758647112 0.546015460012514
2378 0.01072503739009153 0.5460146804886249
2379 0.01072500393461192 0.5460140045348685
2380 0.01072496543172669 0.5460132392919174
2381 0.01072493175619383 0.5460125746834464
2382 0.01072489355137024 0.5460118243267984
2383 0.01072486042652521 0.5460111711394393
2384 0.0107248224705866 0.5460104301320982
2385 0.01072478922671529 0.5460097777644531
2386 0.01072475124044386 0.5460090372695861
2387 0.01072471752388797 0.5460083772681111
2388 0.01072467899462492 0.5460076284409615
2389 0.01072464519833032 0.5460069696427127
2390 0.01072460724729641 0.5460062284197291
2391 0.01072457359080761 0.5460055779228873
2392 0.01072453647109751 0.5460048488401019
2393 0.01072450328132023 0.546004208890323
2394 0.01072446611148942 0.5460034837987524
2395 0.0107244334226387 0.5460028863398746
2396 0.01072439588723369 0.5460021730634396
2397 0.01072436297725561 0.5460015249389052
2398 0.01072432387377025 0.5460007337931153
2399 0.01072429207034896 0.5460001100366243
2400 0.01072425418136554 0.5459993903276852
2401 0.01072422217890374 0.5459987817662315
2402 0.01072418469201241 0.5459980761135688
2403 0.01072415244896869 0.5459974604698349
2404 0.01072411551057824 0.5459967564605439
2405 0.01072408223500383 0.5459961311639294
2406 0.01072404588088918 0.5459954331357413
2407 0.01072401273844514 0.545994813958339
2408 0.01072397658852205 0.5459941211567136
2409 0.01072394366329769 0.545993508705358
2410 0.01072390748742392 0.5459928213797439
2411 0.01072387555006411 0.5459922182920274
2412 0.01072383695063966 0.5459914724813156
2413 0.01072380549079248 0.5459908708683882
2414 0.01072376765748458 0.5459901491338001
2415 0.01072374390517205 0.5459895910173123
2416 0.01072370544727028 0.5459889477782716
2417 0.01072366614444301 0.5459883553433507
2418 0.0107236376767412 0.5459876617619469
2419 0.01072359714662277 0.545987093598633
2420 0.01072356337318884 0.5459864607643384
2421 0.01072353027900576 0.5459858916386685
2422 0.01072349520402831 0.5459852116780948
2423 0.01072346211327187 0.5459845832694752
2424 0.01072342664996011 0.5459838912198486
2425 0.010723394763741 0.5459832952253713
2426 0.01072335894369289 0.545982627603528
2427 0.01072332813581693 0.5459820606214012
2428 0.01072329169931229 0.5459814031145342
2429 0.01072326137566172 0.5459808461442803
2430 0.01072322456078546 0.5459801942226064
2431 0.01072319491479099 0.5459796743813309
2432 0.01072315810862937 0.5459790370683792
2433 0.01072312643534691 0.5459784520175149
2434 0.01072308846421563 0.5459777390318262
2435 0.01072305726737292 0.5459771714739102
2436 0.01072302206509549 0.5459765375234383
2437 0.01072299027511757 0.5459759873771517
2438 0.01072295619721467 0.5459753711745317
2439 0.01072292428894673 0.5459748216827679
2440 0.01072288978169319 0.5459741981302839
2441 0.01072285813524144 0.5459736504205165
2442 0.01072282237532295 0.5459730186701164
2443 0.01072279224200083 0.5459725130738833
2444 0.01072275551693025 0.5459718907912746
2445 0.01072272575978131 0.5459713459659126
2446 0.01072268702244255 0.5459706509451734
2447 0.01072265793437647 0.5459701185728434
2448 0.01072262130081162 0.5459694978916675
2449 0.01072259178056476 0.5459689821123892
2450 0.01072255652318051 0.5459683839226767
2451 0.01072252540340041 0.5459678537423078
2452 0.01072249130472329 0.5459672598885447
2453 0.01072245885718563 0.5459667214213464
2454 0.01072242531636852 0.5459661299291694
2455 0.01072239339564608 0.5459656293966354
2456 0.01072235930803457 0.545965044099178
2457 0.0107223277212901 0.5459645108056175
2458 0.01072229115600297 0.545963854275805
2459 0.01072226239117569 0.5459633539182586
2460 0.01072222534920923 0.5459627471618672
2461 0.01072219726475537 0.5459622634286282
2462 0.01072215991799927 0.545961668790335
2463 0.01072213152842335 0.5459611765169149
2464 0.01072209517265606 0.5459605909838831
2465 0.01072206505885011 0.5459600837309424
2466 0.01072203046054843 0.5459595123569617
2467 0.01072199883846655 0.5459590250212724
2468 0.01072196584824358 0.5459584749043828
2469 0.01072193277243074 0.5459579468298815
2470 0.01072190030220217 0.5459573815335086
2471 0.01072186827743371 0.5459568719195934
2472 0.01072183401212173 0.5459563028902022
2473 0.01072180383993935 0.5459558146863789
2474 0.01072176728988395 0.5459552382360322
2475 0.0107217389261538 0.5459547646701299
2476 0.01072170163893233 0.5459541943969708
2477 0.01072167427535257 0.5459537267546218
2478 0.01072163705298731 0.5459531645645387
2479 0.01072160850511625 0.5459526852419107
2480 0.01072157268288775 0.5459521363126372
2481 0.01072154196517056 0.5459516444174418
2482 0.0107215086886706 0.5459511178690214
2483 0.01072147642988319 0.5459506224859927
2484 0.01072144375057457 0.5459500974083534
2485 0.01072141077223133 0.5459496030877621
2486 0.01072137795675351 0.5459490771280689
2487 0.01072134687662823 0.5459486044211727
2488 0.01072131207878615 0.5459480676346992
2489 0.01072128305622471 0.5459476111881526
2490 0.01072124601515424 0.5459470651285087
2491 0.01072121857227431 0.5459466184485084
2492 0.01072118065428177 0.5459460750719481
2493 0.01072115329981856 0.5459456273141227
2494 0.01072111640005156 0.5459450979384523
2495 0.01072108714082481 0.545944637350792
2496 0.01072105252114311 0.5459441274638522
2497 0.01072102099200108 0.5459436570413279
2498 0.01072098833076408 0.5459431605074961
2499 0.01072095521821532 0.5459426855049179
2500 0.01072092323295403 0.5459421922581118
2501 0.01072089092080222 0.5459417315800131
2502 0.01072085741761893 0.5459412282980645
2503 0.01072082738332986 0.5459407880716309
2504 0.01072079114291526 0.5459402695759762
2505 0.01072076314642491 0.5459398429255933
2506 0.01072072499418739 0.5459393188339178
2507 0.01072069811036895 0.5459388981863417
2508 0.01072066012206484 0.5459383836351316
2509 0.01072063193711429 0.5459379517202982
2510 0.01072059599798801 0.5459374573407222
2511 0.01072056547241682 0.5459370131300454
2512 0.01072053202449669 0.5459365374101043
2513 0.01072049887689181 0.5459360806067401
2514 0.01072046706205787 0.5459356145463782
2515 0.01072043393837601 0.5459351681303375
2516 0.01072040144765477 0.5459346959581013
2517 0.01072037002816831 0.5459342677312531
2518 0.01072033487413957 0.54593377828274
2519 0.0107203058986539 0.5459333685776134
2520 0.01072026797359467 0.5459328653148537
2521 0.01072024057750827 0.545932463820161
2522 0.01072020183166512 0.5459319641507128
2523 0.01072017442605162 0.5459315601792931
2524 0.0107201370834039 0.5459310784516851
2525 0.01072010765228472 0.545930661368092
2526 0.01072007283449184 0.5459302003295864
2527 0.01072004048793124 0.5459297676672688
2528 0.01072000783329576 0.5459293204405529
2529 0.01071997396618857 0.5459288856316659
2530 0.01071994185599839 0.5459284394191957
2531 0.01071990876069291 0.5459280180385077
2532 0.01071987488287157 0.5459275588439032
2533 0.01071984427646469 0.5459271591682889
2534 0.01071980736256894 0.5459266827803358
2535 0.0107197790345831 0.5459262978607904
2536 0.0107197400142605 0.5459258147934982
2537 0.01071971262452567 0.5459254327186936
2538 0.01071967379946884 0.5459249600393324
2539 0.0107196453228449 0.5459245689352417
2540 0.01071960869267846 0.545924116918759
2541 0.01071957724577447 0.5459237073840536
2542 0.01071954324535778 0.5459232742333577
2543 0.01071950930138461 0.5459228547649249
2544 0.01071947692983432 0.5459224296047579
2545 0.0107194424286086 0.5459220152781921
2546 0.01071940893431453 0.5459215735845069
2547 0.01071937615735366 0.5459211828933482
2548 0.01071934056597182 0.5459207302501939
2549 0.01071931100803353 0.5459203647805582
2550 0.01071927240561914 0.5459198976509585
2551 0.01071924454046977 0.5459195395068426
2552 0.0107192046305229 0.5459190718204219
2553 0.01071917673034104 0.5459187089202571
2554 0.01071913805936196 0.5459182567663551
2555 0.01071910763907455 0.5459178749117588
2556 0.0107190718175784 0.5459174451937158
2557 0.01071903819956301 0.5459170463311674
2558 0.01071900490128558 0.5459166322793223
2559 0.01071896972109761 0.5459162355035942
2560 0.01071893735365698 0.5459158286002549
2561 0.01071890272399191 0.5459154356477138
2562 0.01071886799843749 0.5459150084405047
2563 0.01071883636430718 0.5459146399807236
2564 0.01071879794577048 0.5459141905591353
2565 0.01071876848863053 0.5459138346287614
2566 0.01071872786932264 0.5459133795288624
2567 0.01071869977021937 0.545913029823765
2568 0.01071865933497391 0.5459125864094917
2569 0.01071862992040399 0.5459122245955841
2570 0.01071859197161672 0.5459118042158705
2571 0.01071855941723812 0.5459114230338628
2572 0.01071852447953959 0.5459110230790539
2573 0.01071848903815258 0.5459106292030521
2574 0.01071845568993985 0.5459102347978039
2575 0.01071841923734252 0.5459098420408863
2576 0.01071838536313109 0.545909439935081
2577 0.01071835129433483 0.5459090713502079
2578 0.01071831423633612 0.545908647713353
2579 0.0107182830945713 0.5459082998789544
2580 0.01071824261524003 0.5459078588561754
2581 0.01071821361004584 0.5459075213344529
2582 0.01071817174402884 0.5459070802952383
2583 0.01071814285285018 0.5459067385784434
2584 0.01071810245394497 0.545906315600786
2585 0.01071807087442269 0.5459059533300501
2586 0.01071803351625553 0.5459055535573801
2587 0.01071799836415464 0.5459051723375954
2588 0.0107179637677529 0.5459047879518912
2589 0.01071792626634462 0.5459043986295858
2590 0.01071789262036527 0.5459040156848451
2591 0.01071785617548504 0.5459036434456841
2592 0.01071782034026319 0.5459032423799365
2593 0.01071778692862113 0.5459028948901111
2594 0.01071774710584326 0.5459024691499723
2595 0.0107177164650012 0.5459021375622878
2596 0.01071767378611215 0.545901700125872
2597 0.01071764468257116 0.5459013738064059
2598 0.01071760209590921 0.5459009467816248
2599 0.0107175713622312 0.5459006034784333
2600 0.01071753144242327 0.5459002005667768
2601 0.01071749714605699 0.5458998344754116
2602 0.01071746057462293 0.5458994535641383
2603 0.01071742276740835 0.5458990700773684
2604 0.01071738839287836 0.5458986989522164
2605 0.01071734986354456 0.5458983206324066
2606 0.0107173148905528 0.5458979398498538
2607 0.01071727881691911 0.5458975858654771
2608 0.01071724012485275 0.545897178568497
2609 0.01071720724692941 0.5458968458730443
2610 0.01071716489635804 0.5458964216730514
2611 0.01071713432938147 0.5458960977633119
2612 0.01071709017726962 0.5458956701796471
2613 0.0107170596466035 0.5458953392829506
2614 0.01071701722785076 0.5458949318713385
2615 0.01071698422816967 0.5458945947857103
2616 0.01071694630671471 0.5458941951044106
2617 0.01071690784467265 0.5458938324264242
2618 0.01071687256204215 0.5458934492719725
2619 0.01071683124821522 0.5458930785634716
2620 0.01071679709384686 0.5458926987030378
2621 0.01071675722566163 0.5458923477727023
2622 0.0107167208745542 0.5458919486857864
2623 0.01071668415968598 0.5458916110749101
2624 0.010716643249901 0.5458912040567927
2625 0.01071661060533999 0.5458908825371656
2626 0.01071656639481568 0.5458904582431343
2627 0.01071653518382889 0.5458901356705652
2628 0.01071649086829792 0.5458897190336548
2629 0.01071645806850259 0.5458893802949384
2630 0.01071641665989249 0.5458889895874931
2631 0.0107163797543977 0.5458886248310708
2632 0.01071634201809288 0.5458882585243328
2633 0.01071630119094041 0.545887874441225
2634 0.01071626593090321 0.5458875190550796
2635 0.01071622428450403 0.5458871396418937
2636 0.0107161884176133 0.5458867730561506
2637 0.01071614940258781 0.5458864183958106
2638 0.01071610953887753 0.5458860223055974
2639 0.01071607428763297 0.5458856925823968
2640 0.01071602999558853 0.5458852714469818
2641 0.01071599740031662 0.5458849529792851
2642 0.01071595121084539 0.5458845286074806
2643 0.01071591886024154 0.5458842038951901
2644 0.01071587455847277 0.5458838011294304
2645 0.01071583909318973 0.5458834521612775
2646 0.01071579864277765 0.5458830771903909
2647 0.01071575849532473 0.5458827001743419
2648 0.01071572150509175 0.5458823437780413
2649 0.01071567844895305 0.5458819559080269
2650 0.01071564265434454 0.5458815993817976
2651 0.01071560065427063 0.5458812284866789
2652 0.01071556228655923 0.5458808488553034
2653 0.01071552410307145 0.5458805074507929
2654 0.01071548079717364 0.545880095725904
2655 0.01071544625047124 0.5458797746310067
2656 0.010715399308223 0.5458793463313112
2657 0.01071536650665817 0.545879028114034
2658 0.01071531951302395 0.5458786096980671
2659 0.01071528527726979 0.5458782749534198
2660 0.01071524171879357 0.5458778853877384
2661 0.01071520287678296 0.5458775191203957
2662 0.01071516343262638 0.5458771551222322
2663 0.01071512022030176 0.5458767661264669
2664 0.01071508352067194 0.545876412907141
2665 0.01071503907073806 0.5458760256770211
2666 0.01071500182445918 0.5458756602943983
2667 0.01071496018896059 0.5458752976638739
2668 0.01071491852977826 0.5458749032300392
2669 0.01071488135699676 0.5458745695753182
2670 0.01071483490195826 0.5458741468722607
2671 0.01071480087939111 0.5458738262480425
2672 0.01071475214014209 0.5458733983341382
2673 0.01071471847960059 0.5458730705326802
2674 0.01071467165415705 0.5458726648883775
2675 0.01071463460927542 0.5458723096399921
2676 0.01071459206981554 0.5458719342586976
2677 0.01071454982158248 0.5458715471533137
2678 0.01071451119091177 0.5458711920739105
2679 0.01071446560831295 0.5458707918442324
2680 0.01071442851548647 0.5458704373477589
2681 0.01071438398429206 0.5458700549595678
2682 0.01071434419344214 0.5458696751020403
2683 0.01071430392833535 0.5458693253990025
2684 0.01071425866755615 0.5458689094583982
2685 0.01071422245223121 0.5458685816655724
2686 0.01071417306346088 0.5458681462087189
2687 0.01071413896843858 0.5458678221928883
2688 0.01071408935386777 0.5458673962380067
2689 0.0107140538293037 0.5458670539660676
2690 0.01071400801333237 0.54586665968088
2691 0.01071396749161099 0.5458662827326989
2692 0.01071392628537576 0.5458659165455736
2693 0.01071388082881634 0.5458655132506719
2694 0.01071384283422454 0.5458651594764214
2695 0.01071379584783719 0.5458647569229973
2696 0.01071375747116849 0.5458643902835286
2697 0.01071371383638943 0.5458640190500618
2698 0.01071367065859847 0.5458636160103614
2699 0.01071363181445643 0.5458632759854333
2700 0.01071358193306317 0.5458628267383546
2701 0.01071354713811479 0.5458625097535362
2702 0.01071349541666787 0.5458620610754117
2703 0.01071346159478523 0.5458617391333923
2704 0.01071341212808006 0.545861314952396
2705 0.01071337445596302 0.5458609601216584
2706 0.01071332955153244 0.5458605698437874
2707 0.01071328588068888 0.5458601775852301
2708 0.01071324531198521 0.5458598089233344
2709 0.01071319783120725 0.5458594005644034
2710 0.01071315919105181 0.545859032837172
2711 0.01071311279307529 0.5458586434560204
2712 0.01071307131414451 0.545858247577854
2713 0.01071302980645913 0.5458578957065606
2714 0.01071298221435108 0.5458574590258115
2715 0.01071294533012786 0.5458571321892948
2716 0.01071289305384192 0.5458566729607943
2717 0.0107128587154009 0.5458563509725399
2718 0.0107128061234751 0.5458559018788945
2719 0.01071277031724896 0.5458555594052532
2720 0.01071272193875073 0.5458551453441771
2721 0.01071268059510085 0.5458547637451459
2722 0.0107126374212006 0.545854381197443
2723 0.01071259051881056 0.5458539689349128
2724 0.01071255131502442 0.5458536071000524
2725 0.0107125025347144 0.5458531906810036
2726 0.01071246274777285 0.5458528117853073
2727 0.0107124175872032 0.5458524288199623
2728 0.01071237250605712 0.5458520087500428
2729 0.01071233277444543 0.5458516611648575
2730 0.01071228154579217 0.5458512051130244
2731 0.01071224592866763 0.5458508750960235
2732 0.01071219184113791 0.5458504118999011
2733 0.01071215711705073 0.5458500748464015
2734 0.01071210537252536 0.5458496386729179
2735 0.01071206666246024 0.5458492676650047
2736 0.01071202034654823 0.5458488694048252
2737 0.01071197514627192 0.5458484575941132
2738 0.01071193380582387 0.5458480845734013
2739 0.01071188428982732 0.5458476541949635
2740 0.01071184518653533 0.545847282923686
2741 0.01071179676845362 0.5458468800797956
2742 0.01071175545049122 0.5458464698978202
2743 0.01071171161239123 0.5458461069799326
2744 0.01071166089737224 0.5458456190696975
2745 0.01071162224847899 0.5458452862196826
2746 0.01071156969092426 0.5458448082183679
2747 0.01071153532573316 0.5458445001200164
2748 0.01071148191753967 0.5458440316769632
2749 0.01071144538642569 0.5458436913594377
2750 0.0107113959587576 0.5458432630691969
2751 0.0107113530261757 0.5458428680697297
2752 0.0107113092677927 0.5458424730629399
2753 0.01071126000419739 0.5458420394301617
2754 0.0107112208601188 0.5458416637570728
2755 0.01071116942637932 0.5458412288156873
2756 0.01071113046273519 0.5458408402677093
2757 0.01071108294419286 0.5458404465705154
2758 0.01071103840994662 0.5458400122937542
2759 0.01071099746268357 0.5458396663947658
2760 0.01071094573464451 0.5458391869680268
2761 0.01071090956913827 0.5458388618153304
2762 0.01071085081116818 0.5458383305553198
2763 0.01071081647074799 0.5458379990127049
2764 0.01071076249560329 0.5458375287757108
2765 0.01071073043132972 0.5458371898856658
2766 0.01071067988466555 0.545836745821369
2767 0.01071063573058603 0.5458363636102431
2768 0.01071059130187085 0.5458359569075817
2769 0.01071053133952388 0.5458354760838044
2770 0.01071050280150855 0.5458351364148939
2771 0.01071045284895407 0.5458347365087753
2772 0.0107104091059009 0.54583431457859
2773 0.01071035975741426 0.5458339074123629
2774 0.01071031437412058 0.5458334505746788
2775 0.01071027473997519 0.5458331072520045
2776 0.01071022148210168 0.545832591544074
2777 0.01071018868101838 0.5458322992379819
2778 0.01071013004068651 0.5458317739641525
2779 0.01071009611736959 0.5458314397668556
2780 0.01071003869663324 0.5458309435076513
2781 0.01071000254848644 0.5458305694759354
2782 0.01070995304216015 0.5458301479878045
2783 0.01070990834658546 0.5458297130451526
2784 0.01070986679027197 0.5458293408992059
2785 0.01070981332928247 0.5458288627121375
2786 0.01070977786031601 0.545828505135838
2787 0.01070972114865751 0.5458280333337058
2788 0.0107096854323688 0.5458276433160943
2789 0.01070963468101906 0.5458272322340156
2790 0.0107095902310906 0.5458267721445708
2791 0.01070954927636017 0.5458264226044904
2792 0.01070949390984174 0.5458259028080225
2793 0.01070946140530424 0.5458255867651337
2794 0.0107093998959749 0.5458250530964102
2795 0.0107093702009879 0.5458247265245706
2796 0.01070931190635867 0.5458242380393568
2797 0.01070927535383862 0.54582385165535
2798 0.01070922779685932 0.5458234358316624
2799 0.01070917869675556 0.5458229738435878
2800 0.01070914161198639 0.5458226098822071
2801 0.01070908318741486 0.5458221079758692
2802 0.01070905159987826 0.5458217528441771
2803 0.01070899344978094 0.5458212774099033
2804 0.01070895972866328 0.5458209047111282
2805 0.01070891332632175 0.5458205209887039
2806 0.01070886193748988 0.5458200147978139
2807 0.01070882384848582 0.5458196579570155
2808 0.01070876221120246 0.5458190973208017
2809 0.01070873259539638 0.5458187722458026
2810 0.01070867001029719 0.5458182346950524
2811 0.01070863955721823 0.5458178883160129
2812 0.01070858736947646 0.5458174361703031
2813 0.0107085450369875 0.5458170252909148
2814 0.01070850475198699 0.545816622861004
2815 0.01070844939079523 0.5458161487964351
2816 0.01070841675840618 0.5458157769585507
2817 0.01070835721010733 0.5458152929034031
2818 0.01070832241311413 0.5458148859392842
2819 0.01070827185888138 0.5458144691831812
2820 0.01070822542719812 0.5458139801474017
2821 0.01070818645416286 0.5458136316985802
2822 0.01070812901115546 0.5458130820001325
2823 0.01070809747018354 0.5458127662615233
2824 0.010708037010287 0.5458122143018834
2825 0.01070800501460572 0.5458118815486903
2826 0.01070795294957371 0.5458113971811831
2827 0.01070791376210279 0.54581102973294
2828 0.01070787296521037 0.5458106306408274
2829 0.01070781872443162 0.5458101492495148
2830 0.01070777589225471 0.5458096764211474
2831 0.01070771946095711 0.545809185733786
2832 0.0107076832389039 0.5458087643912086
2833 0.01070763641646118 0.5458083639213355
2834 0.0107075921926388 0.5458078975745096
2835 0.01070755342578482 0.5458075499463867
2836 0.01070749925673223 0.5458070235358783
2837 0.01070746507223063 0.545806691269677
2838 0.01070740800713674 0.5458061538457458
2839 0.01070737575137908 0.5458058347320865
2840 0.01070732589077084 0.5458053673001793
2841 0.01070728157822122 0.5458049410205089
2842 0.01070723172512066 0.5458044223862553
2843 0.01070718128182835 0.5458039540273567
2844 0.01070714300858018 0.5458035261102525
2845 0.01070709236346653 0.5458030830495298
2846 0.01070705458535214 0.545802661691856
2847 0.01070700911686951 0.5458022647393368
2848 0.01070696385684429 0.5458017889310145
2849 0.01070692396175312 0.545801423036264
2850 0.01070687165914225 0.545800901275486
2851 0.01070683794749878 0.5458005789642772
2852 0.0107067849308423 0.5458000755160192
2853 0.01070674532333709 0.5457996732485744
2854 0.01070668993733132 0.5457991217447876
2855 0.01070664720687566 0.5457986870014108
2856 0.01070660384283439 0.5457982376673532
2857 0.01070655742773369 0.5457977984743256
2858 0.01070651830218718 0.5457973831258361
2859 0.01070647011763581 0.5457969421890208
2860 0.0107064296180978 0.545796509431098
2861 0.01070638765998956 0.5457961271691205
2862 0.01070634232169997 0.5457956707410151
2863 0.01070629975963349 0.5457952561386678
2864 0.0107062483445871 0.5457947413649112
2865 0.01070620935208364 0.5457943379295247
2866 0.0107061583300438 0.5457938323458177
2867 0.01070611877420524 0.545793421047144
2868 0.01070607097563847 0.5457929432370531
2869 0.01070602796763101 0.5457925115984454
2870 0.01070598463258717 0.5457920671012791
2871 0.01070593850591065 0.5457916190960673
2872 0.01070589748440177 0.5457911877009828
2873 0.01070585097069359 0.5457907394555139
2874 0.01070580882354341 0.5457902952962919
2875 0.01070576481793657 0.5457898635529639
2876 0.01070571923625768 0.5457893928811999
2877 0.01070567787047369 0.5457889759015275
2878 0.01070562957677493 0.5457884866619278
2879 0.01070558939506059 0.5457880732830982
2880 0.01070554137157385 0.5457875879029654
2881 0.01070550051682445 0.5457871677498322
2882 0.0107054548270834 0.5457866994461199
2883 0.01070541179277928 0.545786264062555
2884 0.01070536841414149 0.5457858105299556
2885 0.01070532370071581 0.5457853644023276
2886 0.01070528127510828 0.5457849150775442
2887 0.0107052369013566 0.5457844724034385
2888 0.01070519356355759 0.545784014326444
2889 0.01070515093764885 0.5457835836387724
2890 0.01070510564558467 0.545783110524735
2891 0.01070506454398894 0.5457826884210285
2892 0.01070501797388654 0.5457822046374216
2893 0.01070497732366961 0.5457817817363135
2894 0.01070493137658664 0.5457813188205982
2895 0.0107048899950688 0.5457808902758815
2896 0.01070484544341772 0.5457804178818862
2897 0.01070480262492522 0.5457799707074467
2898 0.01070475923402141 0.5457795098595507
2899 0.01070471582983365 0.545779063174195
2900 0.01070467266060184 0.5457786049294611
2901 0.01070462994260568 0.5457781650071766
2902 0.01070458598482648 0.5457776999142792
2903 0.01070454443963238 0.5457772671151281
2904 0.01070449949366012 0.5457767937504985
2905 0.01070445866902233 0.5457763636693829
2906 0.01070441343278288 0.5457758877755916
2907 0.01070437251533058 0.5457754548718083
2908 0.01070432782411251 0.5457749806529383
2909 0.01070428623934107 0.5457745407594174
2910 0.01070424244287071 0.5457740736171924
2911 0.0107042003401593 0.5457736314530749
2912 0.01070415605970659 0.545773156103143
2913 0.01070411412665028 0.545772714511765
2914 0.01070407073868816 0.545772247563036
2915 0.01070402986897985 0.5457718141020079
2916 0.0107039861147328 0.5457713439435918
2917 0.01070394571631689 0.5457709125515346
2918 0.01070390128562896 0.5457704364504185
2919 0.01070386089165419 0.5457700029431122
2920 0.01070381626194485 0.5457695241860515
2921 0.01070377561762687 0.5457690869941121
2922 0.01070373137972681 0.5457686098772702
2923 0.0107036904612372 0.545768169697125
2924 0.01070364679180386 0.545767695528441
2925 0.01070360578971839 0.545767254357575
2926 0.01070356242607464 0.5457667812222874
2927 0.01070352161169194 0.5457663410385939
2928 0.01070347815706335 0.5457658661311722
2929 0.01070343768263352 0.5457654276147988
2930 0.01070339394670237 0.5457649497083926
2931 0.01070335375847487 0.5457645120310577
2932 0.01070330986814234 0.5457640321510201
2933 0.01070326977815506 0.5457635938242438
2934 0.01070322601044902 0.5457631139411941
2935 0.01070318584293164 0.5457626738919582
2936 0.01070314237904314 0.5457621951742523
2937 0.01070310209483643 0.5457617534197688
2938 0.01070305890488927 0.545761275512384
2939 0.01070301861726516 0.5457608330294722
2940 0.01070297552320279 0.5457603546067201
2941 0.01070293539109795 0.5457599124686536
2942 0.01070289222327088 0.5457594323818348
2943 0.01070285231977782 0.5457589909002148
2944 0.01070280904773476 0.5457585090476796
2945 0.01070276931907086 0.5457580676636876
2946 0.01070272605027102 0.5457575848824041
2947 0.01070268637733733 0.5457571427329472
2948 0.01070264324911227 0.5457566599749775
2949 0.01070260354744305 0.545756216579241
2950 0.01070256061645631 0.5457557341539445
2951 0.0107025208936414 0.5457552897051248
2952 0.01070247810830521 0.5457548071821263
2953 0.01070243844338921 0.5457543623192016
2954 0.01070239570334887 0.5457538789872665
2955 0.01070235617807821 0.5457534342178731
2956 0.01070231341609731 0.5457529496397688
2957 0.01070227404839832 0.5457525049679278
2958 0.01070223127614042 0.5457520192544907
2959 0.01070219201962556 0.5457515742561193
2960 0.01070214930531709 0.5457510879075963
2961 0.01070211009430094 0.5457506421308747
2962 0.01070206750077035 0.5457501555705555
2963 0.01070202830242918 0.5457497088588523
2964 0.01070198583996693 0.54574922210804
2965 0.01070194667312105 0.5457487746562052
2966 0.01070190430027219 0.5457482873800641
2967 0.01070186521169267 0.5457478395221714
2968 0.01070182287436986 0.5457473513362153
2969 0.0107017838968635 0.5457469032546355
2970 0.01070174157017106 0.545746414012599
2971 0.01070170269912576 0.5457459656144943
2972 0.01070166040095339 0.545745475471559
2973 0.01070162160429403 0.5457450265020503
2974 0.01070157937383774 0.5457445357341609
2975 0.01070154062024905 0.5457440859851207
2976 0.01070149848420798 0.5457435947507804
2977 0.01070145976604574 0.5457431442002437
2978 0.01070141771980051 0.5457426524290785
2979 0.01070137905425229 0.5457422012170079
2980 0.01070133706974919 0.545741708685157
2981 0.0107012984804086 0.5457412569640077
2982 0.01070125653050019 0.5457407634880473
2983 0.01070121802769475 0.5457403113060635
2984 0.0107011761062749 0.5457398168610741
2985 0.01070113768144419 0.5457393641216812
2986 0.01070109580351078 0.5457388688153332
2987 0.01070105743756856 0.5457384153684276
2988 0.01070101562337465 0.5457379193338503
2989 0.01070097730204567 0.5457374650875599
2990 0.01070093556007205 0.5457369683651474
2991 0.01070089728304793 0.5457365133352003
2992 0.01070085560480416 0.5457360158417113
2993 0.01070081738307183 0.5457355601012537
2994 0.01070077575165172 0.5457350616986587
2995 0.01070073759620551 0.5457346053072466
2996 0.01070069599962687 0.5457341059110294
2997 0.01070065791072417 0.5457336488461036
2998 0.0107006163476406 0.5457331484384147
2999 0.01070057832152885 0.545732690650728
3000 0.01070053680554644 0.5457321893382616
3001 0.01070049882946819 0.545731730750647
3002 0.01070045736580789 0.5457312285699292
3003 0.01070041943199445 0.5457307691263602
3004 0.01070037802231931 0.5457302660591354
3005 0.01070034013381789 0.5457298057695444
3006 0.01070029877180875 0.5457293017478573
3007 0.01070026093458741 0.5457288406460231
3008 0.01070021961032742 0.5457283355923778
3009 0.01070018182800225 0.545727873692093
3010 0.01070014053622296 0.5457273675672548
3011 0.01070010280733437 0.545726904841955
3012 0.01070006154972646 0.5457263976534044
3013 0.01070002386856973 0.5457259340490818
3014 0.0106999826502495 0.5457254258239724
3015 0.01069994501086979 0.5457249612912671
3016 0.0106999038349476 0.5457244520379738
3017 0.0106998662348228 0.5457239865552256
3018 0.0106998250995403 0.545723476246135
3019 0.01069978753994875 0.5457230098165582
3020 0.01069974644002464 0.5457224984015929
3021 0.01069970892365735 0.5457220310342751
3022 0.01069966785400421 0.5457215184689597
3023 0.01069963038167894 0.5457210501564438
3024 0.01069958934034472 0.5457205364204963
3025 0.01069955190977931 0.5457200671328021
3026 0.01069951089813623 0.5457195522282349
3027 0.01069947350532522 0.5457190819255202
3028 0.01069943252585249 0.5457185658597824
3029 0.0106993951674765 0.5457180945099126
3030 0.01069935422086186 0.5457175772749591
3031 0.01069931689554774 0.5457171048599405
3032 0.0106992759794929 0.5457165864262175
3033 0.01069923868808192 0.5457161129434316
3034 0.01069919779961973 0.5457155932785294
3035 0.01069916054321639 0.5457151187267781
3036 0.0106991196787261 0.5457145977949986
3037 0.01069908245669012 0.5457141221593309
3038 0.01069904161449755 0.5457135999364378
3039 0.01069900442521138 0.5457131231944831
3040 0.01069896377238394 0.545712603942601
3041 0.01069892667057302 0.5457121231361181
3042 0.01069888582824555 0.5457116010637393
3043 0.01069884871169487 0.5457111180942638
3044 0.01069880784543609 0.5457105941827745
3045 0.01069877072868651 0.5457101100343388
3046 0.01069872987348881 0.5457095850619668
3047 0.01069869279690644 0.5457091002001656
3048 0.01069865198878671 0.545708574384469
3049 0.0106986149763808 0.5457080888071536
3050 0.01069857422243388 0.5457075619513314
3051 0.01069853726647943 0.5457070753523759
3052 0.01069849654624089 0.545706547091785
3053 0.01069845961768944 0.5457060591297636
3054 0.01069841890229937 0.5457055292035975
3055 0.01069838197808267 0.5457050397377994
3056 0.01069834125420779 0.5457045081277438
3057 0.01069830433350483 0.5457040172465093
3058 0.01069826360837504 0.545703484095991
3059 0.0106982267046094 0.5457029919552319
3060 0.01069818599225961 0.5457024573880953
3061 0.01069814911646682 0.5457019640526602
3062 0.01069810842549442 0.5457014280840191
3063 0.01069807158195687 0.5457009335274456
3064 0.01069803091235145 0.5457003961023553
3065 0.01069799409268018 0.5456999002219283
3066 0.01069795343228456 0.5456993612199983
3067 0.01069791662658915 0.545698863925356
3068 0.01069787596845736 0.5456983232942473
3069 0.01069783917329689 0.5456978245655768
3070 0.01069779851746537 0.545697282318429
3071 0.010697761733717 0.5456967821728667
3072 0.01069772108290489 0.5456962383315097
3073 0.01069768431335488 0.545695736785997
3074 0.0106976436687754 0.5456951913440429
3075 0.01069760691497624 0.545694688391927
3076 0.01069756627564106 0.5456941413216493
3077 0.01069752953597818 0.5456936369298596
3078 0.01069748890049939 0.5456930882058791
3079 0.01069745217162139 0.5456925823360542
3080 0.01069741153901076 0.5456920319416887
3081 0.01069737481891098 0.545691524574127
3082 0.0106973341879664 0.5456909724919696
3083 0.01069729747673014 0.5456904636224864
3084 0.01069725684612628 0.5456899098343342
3085 0.0106972201442862 0.5456893994583051
3086 0.01069717951335446 0.5456888439495714
3087 0.0106971428203851 0.5456883320513356
3088 0.01069710218906465 0.5456877748101854
3089 0.01069706550379204 0.5456872613701665
3090 0.01069702487167642 0.5456867023810863
3091 0.01069698819308939 0.5456861873829784
3092 0.0106969475591037 0.5456856266270407
3093 0.0106969108864869 0.5456851100574689
3094 0.01069687024936481 0.5456845475158942
3095 0.01069683358220022 0.5456840293631677
3096 0.01069679294111702 0.5456834650206523
3097 0.01069675627888402 0.5456829452728194
3098 0.01069671563333406 0.5456823791154406
3099 0.0106966789754802 0.5456818577584341
3100 0.01069663832573604 0.5456812897789359
3101 0.01069660167220485 0.5456807668031506
3102 0.01069656101791692 0.5456801969881954
3103 0.01069652436819183 0.545679672381134
3104 0.01069648506967778 0.5456791106389789
3105 0.01069644815982296 0.5456785963588674
3106 0.01069640789219141 0.5456780137827019
3107 0.01069637013279053 0.5456774885015898
3108 0.01069632955580596 0.5456768996501385
3109 0.0106962918972354 0.5456763727271189
3110 0.0106962516197762 0.5456757847214116
3111 0.01069621430257731 0.5456752595533614
3112 0.0106961743376824 0.5456746733009413
3113 0.01069613721008659 0.5456741488127081
3114 0.01069609682627384 0.5456735645596844
3115 0.01069605989176958 0.5456730233864932
3116 0.01069601949486808 0.5456724462308681
3117 0.01069598283984288 0.5456719068916404
3118 0.01069594249053802 0.5456713292173204
3119 0.01069590575688952 0.5456707880262794
3120 0.01069586527123123 0.5456702071678021
3121 0.01069582842481308 0.5456696628984999
3122 0.01069578784720487 0.5456690787682812
3123 0.0106957509568381 0.5456685319063826
3124 0.01069571036667964 0.5456679454144782
3125 0.0106956734916475 0.5456673967090495
3126 0.01069563292804957 0.5456668084730887
3127 0.01069559608311252 0.5456662582813775
3128 0.01069555553697856 0.545665668387788
3129 0.01069551871012354 0.5456651167020444
3130 0.01069547815670107 0.5456645249878442
3131 0.01069544133108065 0.5456639716312169
3132 0.01069540075860414 0.545663377946681
3133 0.01069536392381546 0.545662822753162
3134 0.01069532333577787 0.5456622270329248
3135 0.01069528649157081 0.5456616699427445
3136 0.01069524589476339 0.5456610721784154
3137 0.01069520904666614 0.5456605132228644
3138 0.01069516844471665 0.5456599134428926
3139 0.01069513159667456 0.5456593526689323
3140 0.01069509098963884 0.5456587509092404
3141 0.01069505414306698 0.5456581883471743
3142 0.01069501352779158 0.5456575846077332
3143 0.01069497668374886 0.5456570202727626
3144 0.01069493605713148 0.5456564145259978
3145 0.01069489921492262 0.5456558484028502
3146 0.01069485857765239 0.5456552406352978
3147 0.01069482173432336 0.5456546726848218
3148 0.01069478108997498 0.5456540629060553
3149 0.01069474424410106 0.5456534931077094
3150 0.01069470359438217 0.5456528813227596
3151 0.01069466674697597 0.5456523096817384
3152 0.01069462609160821 0.545651695889123
3153 0.01069458924424027 0.545651122416939
3154 0.01069454858248968 0.5456505066121303
3155 0.01069451173635009 0.5456499313186735
3156 0.01069447106692197 0.5456493134896887
3157 0.01069443422375793 0.5456487363871213
3158 0.01069439354574447 0.5456481165235422
3159 0.01069435670585716 0.5456475376078935
3160 0.01069431602070684 0.5456469157176166
3161 0.01069427918240266 0.5456463349706021
3162 0.01069423849327347 0.5456457110736403
3163 0.01069420165540941 0.5456451284863461
3164 0.01069416096344205 0.5456445025857207
3165 0.01069412412749108 0.5456439181711098
3166 0.01069408343204732 0.5456432902589896
3167 0.01069404660051379 0.5456427040348908
3168 0.01069400589987717 0.5456420740958219
3169 0.01069396907382071 0.5456414860665018
3170 0.01069392836820511 0.5456408541039623
3171 0.01069389154786675 0.5456402642695989
3172 0.01069385083854344 0.5456396302927601
3173 0.01069381402311751 0.5456390386459744
3174 0.01069377331217359 0.5456384026700904
3175 0.01069373650232413 0.5456378092177618
3176 0.01069369579116401 0.5456371712509464
3177 0.01069365898720474 0.545636575993833
3178 0.01069361827574971 0.5456359360332786
3179 0.01069358147937003 0.5456353389849937
3180 0.010693540768506 0.5456346970395395
3181 0.01069350398036187 0.5456340982033864
3182 0.01069346326930853 0.5456334542646715
3183 0.01069342649058985 0.5456328536504129
3184 0.01069338578216461 0.5456322077461755
3185 0.01069334901367748 0.5456316053604615
3186 0.01069330830664006 0.5456309574761845
3187 0.01069327154777824 0.5456303533159718
3188 0.01069323084578941 0.545629703490628
3189 0.01069319409864327 0.5456290975773986
3190 0.01069315340005202 0.545628445788406
3191 0.01069311666322534 0.5456278381083141
3192 0.01069307597165443 0.5456271843937717
3193 0.01069303925015228 0.5456265749946421
3194 0.01069299856481578 0.5456259193442801
3195 0.0106929618544466 0.5456253081831904
3196 0.01069292117512259 0.5456246506022803
3197 0.01069288448241735 0.5456240377458773
3198 0.01069284381368881 0.5456233782762021
3199 0.01069280713370421 0.5456227636744387
3200 0.01069276646948609 0.545622102256014
3201 0.01069272980837287 0.5456214859744146
3202 0.01069268916303645 0.5456208227547291
3203 0.01069265251839928 0.5456202047663219
3204 0.01069261230677791 0.5456195372334142
3205 0.01069257536536974 0.5456189322890673
3206 0.01069253519382316 0.5456182532844136
3207 0.01069249793700522 0.5456176425154267
3208 0.01069245765701179 0.545616959367176
3209 0.01069242046565729 0.545616346551305
3210 0.01069238033489049 0.5456156626976235
3211 0.01069234329929999 0.5456150496284231
3212 0.01069230325279573 0.5456143650080005
3213 0.01069226624936148 0.54561375084765
3214 0.01069222621940815 0.5456130649396773
3215 0.01069218924446682 0.5456124496514746
3216 0.01069214919152901 0.5456117618151949
3217 0.01069211216777034 0.5456111443447421
3218 0.01069207208670678 0.5456104542469166
3219 0.01069203512814045 0.5456098354443946
3220 0.01069199514111528 0.5456091440845723
3221 0.01069195819371135 0.5456085233041157
3222 0.01069191817473363 0.5456078293904546
3223 0.0106918812672041 0.5456072071054169
3224 0.01069184136783593 0.5456065124588787
3225 0.01069180450146821 0.5456058888171799
3226 0.01069176452708059 0.5456051914845775
3227 0.01069172764636885 0.5456045660158988
3228 0.0106916877410449 0.5456038675961536
3229 0.01069165096503621 0.5456032414011835
3230 0.01069161104786247 0.5456025408394973
3231 0.01069157423477016 0.5456019124624549
3232 0.01069153382067713 0.5456012111522726
3233 0.01069149747425376 0.5456005678111319
3234 0.01069145725899823 0.5455998763711216
3235 0.01069142126141843 0.5455992354419299
3236 0.01069138106602601 0.5455985438073953
3237 0.01069134501117697 0.5455979016710921
3238 0.0106913047924681 0.5455972082727226
3239 0.01069126864889726 0.5455965633585745
3240 0.01069122826953376 0.5455958658253767
3241 0.0106911921170957 0.5455952185440849
3242 0.0106911518734772 0.5455945198726203
3243 0.01069111588295193 0.5455938718303681
3244 0.01069107567354644 0.5455931710266354
3245 0.01069103969342473 0.5455925211427667
3246 0.01069099955881145 0.5455918193067678
3247 0.01069096368843129 0.5455911689509091
3248 0.01069092359967702 0.5455904659506651
3249 0.01069088767877826 0.5455898136164067
3250 0.01069084755129248 0.5455891086631199
3251 0.01069081169316306 0.5455884553697622
3252 0.01069077170906184 0.5455877500898993
3253 0.01069073589380522 0.545587095337262
3254 0.01069069585271152 0.5455863873857265
3255 0.01069066008201577 0.5455857312427015
3256 0.01069062019051563 0.5455850228756896
3257 0.01069058453390843 0.5455843660123653
3258 0.01069054461582311 0.5455836553464082
3259 0.0106905089364948 0.5455829966085607
3260 0.01069046908786703 0.5455822849870379
3261 0.01069043353579627 0.5455816258745709
3262 0.01069039374300429 0.5455809129771065
3263 0.01069035816764181 0.5455802519420226
3264 0.0106903183795224 0.5455795373474873
3265 0.01069028290161648 0.545578875606355
3266 0.010690242540006 0.545578145215814
3267 0.01069020669906146 0.5455774870156983
3268 0.01069016742997541 0.5455767658093407
3269 0.01069013212872999 0.5455761118590758
3270 0.01069009319625132 0.5455753927772452
3271 0.01069005795807243 0.5455747372776187
3272 0.01069001878838058 0.54557401343846
3273 0.01068998331637653 0.5455733535576551
3274 0.0106899440122569 0.5455726263422332
3275 0.01068990856288026 0.5455719648376962
3276 0.01068986924163638 0.5455712354451735
3277 0.0106898337695365 0.545570572119741
3278 0.01068979451477772 0.5455698418123027
3279 0.01068975922614953 0.5455691788079902
3280 0.01068972022702182 0.5455684494601032
3281 0.01068968502472181 0.5455677856205673
3282 0.01068964601275278 0.545567054326683
3283 0.01068961087890724 0.5455663896599067
3284 0.01068957203986997 0.5455656584969751
3285 0.01068953700768918 0.5455649931894681
3286 0.0106894981028358 0.5455642594683988
3287 0.0106894630457386 0.5455635924512441
3288 0.01068942425876014 0.5455628420892679
3289 0.01068938932703483 0.5455621757680498
3290 0.01068935070302455 0.5455614448718746
3291 0.01068931572436089 0.5455607810480991
3292 0.01068927709393488 0.545560047791785
3293 0.01068924221742008 0.5455593809417913
3294 0.01068920379049499 0.5455586451404137
3295 0.01068916896544057 0.5455579750632796
3296 0.01068913048347912 0.5455572357987513
3297 0.01068909571614434 0.5455565646388635
3298 0.01068905740313291 0.545555825735847
3299 0.01068902276899169 0.5455551544628526
3300 0.0106889844259342 0.5455544135174113
3301 0.01068894979862746 0.5455537411607649
3302 0.0106889115844638 0.5455530003600905
3303 0.01068887714476915 0.5455523285987239
3304 0.01068883978956556 0.5455515975345062
3305 0.01068880551170577 0.5455509290537726
3306 0.01068876722736741 0.5455501849595948
3307 0.01068873264684325 0.5455495083215757
3308 0.01068869440883096 0.5455487605782843
3309 0.01068865994276224 0.5455480823811113
3310 0.01068862180350265 0.545547334259176
3311 0.01068858757786245 0.5455466583143584
3312 0.01068854982141956 0.5455459140083
3313 0.01068851587737217 0.545545240413691
3314 0.0106884781924102 0.5455444957605567
3315 0.0106884442549885 0.5455438214403641
3316 0.01068840663572191 0.5455430762989278
3317 0.01068837281524557 0.5455424015827115
3318 0.01068833500560052 0.5455416608226192
3319 0.01068830114231994 0.5455409845061072
3320 0.01068826360656857 0.5455402345765745
3321 0.01068822994572248 0.5455395557246221
3322 0.01068819265457028 0.5455388067137076
3323 0.01068815905557304 0.5455381281277456
3324 0.0106881216677864 0.5455373783318097
3325 0.01068808807868952 0.5455367002587523
3326 0.01068805086322706 0.5455359519588073
3327 0.0106880174554987 0.5455352746606482
3328 0.01068798026804059 0.5455345249309059
3329 0.01068794687474627 0.5455338465335322
3330 0.01068790979363003 0.5455330965759222
3331 0.01068787657604254 0.5455324184916365
3332 0.01068783965010308 0.5455316684617831
3333 0.01068780657123863 0.5455309926294488
3334 0.01068776967031817 0.5455302383803685
3335 0.01068773652091824 0.5455295609774935
3336 0.01068769981234957 0.5455288070263812
3337 0.01068766674477305 0.5455281296230512
3338 0.01068762997131646 0.5455273778740726
3339 0.01068759734091056 0.5455266987332993
3340 0.01068756063997289 0.5455259448674439
3341 0.01068752813307769 0.5455252661834812
3342 0.01068749134742204 0.5455245110971888
3343 0.01068745873506944 0.5455238316437396
3344 0.01068742197940331 0.5455230769039731
3345 0.01068738953531699 0.5455223983458691
3346 0.01068735302830648 0.5455216446287996
3347 0.01068732069913596 0.5455209653692715
3348 0.01068728424543828 0.5455202105201299
3349 0.01068725205859231 0.5455195313661392
3350 0.0106872158601073 0.5455187777817172
3351 0.01068718383723132 0.5455180988168907
3352 0.01068714761404006 0.5455173434693275
3353 0.01068711557781932 0.5455166637351051
3354 0.01068707945197758 0.5455159087202042
3355 0.01068704759103343 0.5455152298766787
3356 0.01068701141222521 0.5455144736040479
3357 0.01068697962418255 0.545513791688237
3358 0.01068694354527836 0.545513037252461
3359 0.01068691197463458 0.5455123573717702
3360 0.01068687618141945 0.5455116050036057
3361 0.01068684469236309 0.5455109246406166
3362 0.0106868088543212 0.5455101702925185
3363 0.01068677742586533 0.5455094895288645
3364 0.01068674178534837 0.5455087360241903
3365 0.01068671053679206 0.5455080557368441
3366 0.01068667489764803 0.5455073006730919
3367 0.01068664363633305 0.5455066194736552
3368 0.01068660809079728 0.5455058647403793
3369 0.01068657702078049 0.5455051846583321
3370 0.01068654167020383 0.5455044308273316
3371 0.01068651063504494 0.5455037500151475
3372 0.01068647529208202 0.5455029954171878
3373 0.01068644436714554 0.5455023149762303
3374 0.01068640927358272 0.5455015620611662
3375 0.01068637850328898 0.5455008821086098
3376 0.01068634337315791 0.5455001276316539
3377 0.01068631262941558 0.5454994471298961
3378 0.01068627765463123 0.5454986936496458
3379 0.01068624712880029 0.5454980144405538
3380 0.01068621222919042 0.5454972601670215
3381 0.01068618168952512 0.5454965798494654
3382 0.01068614687593301 0.5454958258379828
3383 0.0106861165271952 0.5454951466481753
3384 0.0106860819599216 0.545494394237053
3385 0.01068605165598111 0.5454937145054697
3386 0.01068601702468754 0.5454929607026088
3387 0.01068598678425788 0.5454922812074138
3388 0.01068595237051416 0.5454915290514408
3389 0.01068592233845769 0.5454908506595788
3390 0.0106858879474908 0.5454900973772729
3391 0.01068585791999266 0.5454894183814604
3392 0.01068582363718572 0.5454886656424879
3393 0.0106857938055584 0.5454879878702537
3394 0.01068575972333465 0.5454872361736011
3395 0.01068572991055616 0.5454865576228051
3396 0.01068569581391073 0.5454858051390722
3397 0.01068566609652713 0.545485127059802
3398 0.01068563224627118 0.5454843765383275
3399 0.0106856026853658 0.5454836990757631
3400 0.01068556880047764 0.5454829471206667
3401 0.01068553926951401 0.5454822695737251
3402 0.01068550555058703 0.5454815188896797
3403 0.01068547625304614 0.5454808429726772
3404 0.0106854426141412 0.5454800919227294
3405 0.01068541328052995 0.5454794149967378
3406 0.01068537970077664 0.5454786642298155
3407 0.01068535054354533 0.5454779885143309
3408 0.01068531722597518 0.5454772396816616
3409 0.01068528811654957 0.5454765634624305
3410 0.01068525472920806 0.5454758132204637
3411 0.01068522568246875 0.5454751373820124
3412 0.01068519251006755 0.5454743889576096
3413 0.0106851636899881 0.5454737146423723
3414 0.0106851305470622 0.5454729653847462
3415 0.01068510170628365 0.5454722904303887
3416 0.0106850686422322 0.5454715417278599
3417 0.01068503997997102 0.5454708680729645
3418 0.01068500715264954 0.5454701211170382
3419 0.01068497851915876 0.5454694469035513
3420 0.01068494563876135 0.545468698863514
3421 0.01068491707371936 0.5454680251081854
3422 0.01068488442414198 0.5454672791166267
3423 0.01068485606792487 0.5454666067236602
3424 0.01068482341340497 0.5454658596409395
3425 0.01068479504157714 0.5454651868117447
3426 0.01068476247535778 0.5454644404627762
3427 0.01068473429339225 0.5454637691106987
3428 0.01068470193896751 0.5454630242421576
3429 0.0106846737667899 0.5454623522343002
3430 0.01068464137925831 0.5454616066436531
3431 0.01068461328524679 0.5454609352110807
3432 0.01068458114343462 0.5454601918871905
3433 0.01068455322367797 0.5454595214951647
3434 0.01068452104080769 0.5454587768583252
3435 0.0106844931223738 0.5454581063547446
3436 0.01068446106249243 0.5454573628661175
3437 0.01068443336037123 0.5454566941403658
3438 0.01068440142643614 0.5454559511411712
3439 0.01068437368839263 0.5454552815449705
3440 0.01068434177231017 0.5454545386367488
3441 0.01068431417115209 0.5454538701523131
3442 0.01068428253248148 0.5454531297397884
3443 0.01068425499941345 0.5454524611706718
3444 0.01068422325131701 0.5454517190893602
3445 0.01068419575213509 0.5454510509312491
3446 0.01068416421018051 0.5454503108991443
3447 0.01068413694808423 0.5454496446274187
3448 0.01068410542883187 0.5454489038953928
3449 0.01068407810804979 0.5454482368266464
3450 0.010684046634697 0.5454474966413948
3451 0.01068401946811758 0.5454468308853905
3452 0.01068398825973118 0.5454460930711211
3453 0.01068396113872866 0.5454454270615223
3454 0.01068392983545557 0.5454446878692947
3455 0.01068390275346883 0.5454440223478472
3456 0.01068387165451105 0.5454432852516494
3457 0.01068384479967636 0.5454426215714453
3458 0.01068381370669924 0.5454418836746691
3459 0.01068378678542741 0.5454412192072012
3460 0.01068375555337464 0.545440480315682
3461 0.01068372868605938 0.545439817275294
3462 0.0106836978895609 0.5454390819639211
3463 0.01068367117251814 0.5454384192107002
3464 0.01068364039402504 0.5454376831073766
3465 0.01068361376719644 0.5454370211152028
3466 0.01068358319825989 0.5454362871425646
3467 0.01068355676962683 0.5454356268173515
3468 0.01068352613867181 0.5454348916058964
3469 0.01068349956550299 0.5454342300444602
3470 0.01068346888816918 0.5454334949433716
3471 0.01068344240897086 0.5454328344986101
3472 0.01068341197349124 0.5454321018770626
3473 0.01068338554027509 0.5454314413092288
3474 0.01068335502380676 0.5454307074760119
3475 0.01068332864997633 0.5454300475739138
3476 0.01068329836569158 0.5454293160242903
3477 0.01068327224575499 0.5454286581418389
3478 0.01068324198386678 0.5454279258961708
3479 0.01068321577650126 0.5454272670507664
3480 0.01068318551970698 0.5454265351914022
3481 0.01068315942576921 0.5454258775365888
3482 0.01068312940858658 0.545425148143865
3483 0.01068310333341392 0.5454244902096312
3484 0.01068307335233599 0.5454237610907189
3485 0.0106830473968744 0.5454231034477359
3486 0.01068301743670637 0.5454223747806111
3487 0.01068299158701038 0.5454217185187217
3488 0.01068296151867535 0.5454209888373269
3489 0.01068293552306681 0.5454203315554562
3490 0.01068290546622824 0.5454196025399823
3491 0.01068287963569888 0.5454189468298116
3492 0.01068284990434078 0.5454182207732459
3493 0.01068282416911088 0.5454175651459011
3494 0.01068279436404983 0.5454168376929818
3495 0.01068276867484287 0.5454161826087092
3496 0.01068273906216168 0.5454154572058509
3497 0.01068271358396153 0.5454148040091004
3498 0.01068268393568326 0.5454140777030561
3499 0.01068265831336835 0.5454134232880725
3500 0.01068262862577819 0.5454126972539082
3501 0.01068260309778524 0.5454120440192689
3502 0.01068257365296039 0.5454113206042948
3503 0.01068254815247944 0.5454106671917144
3504 0.01068251857289133 0.5454099421673378
3505 0.01068249308994042 0.5454092892572997
3506 0.01068246370017115 0.545408566342368
3507 0.01068243844995017 0.5454079154846097
3508 0.010682409059725 0.5454071918156186
3509 0.01068238369399683 0.5454065398243929
3510 0.01068235429018125 0.5454058164754869
3511 0.01068232902987148 0.5454051656586459
3512 0.01068229986972379 0.5454044448998815
3513 0.01068227462214482 0.5454037938004858
3514 0.01068224529708731 0.5454030712578863
3515 0.01068222003754624 0.5454024205320022
3516 0.0106821908743791 0.5454017000230083
3517 0.01068216583009655 0.5454010513139673
3518 0.0106821366564259 0.5454003300821413
3519 0.01068211148607435 0.5453996801640998
3520 0.01068208230465238 0.5453989594425179
3521 0.01068205726694783 0.5453983109807948
3522 0.01068202826853751 0.5453975915157616
3523 0.0106820032880587 0.5453969435147979
3524 0.01068197419741818 0.5453962240530167
3525 0.01068194918008398 0.5453955755231022
3526 0.0106819201247243 0.5453948557827937
3527 0.01068189524745419 0.5453942092213806
3528 0.01068186624594589 0.5453934899508854
3529 0.01068184126004634 0.5453928422151053
3530 0.01068181227158679 0.5453921236426361
3531 0.01068178740756735 0.5453914771853359
3532 0.01068175867994956 0.5453907613419064
3533 0.01068173379951506 0.5453901142245891
3534 0.01068170486382033 0.5453893961687182
3535 0.0106816799439504 0.5453887492316888
3536 0.01068165112421349 0.5453880327616794
3537 0.01068162639290706 0.5453873876836277
3538 0.0106815975827052 0.5453866708080152
3539 0.01068157273478669 0.5453860246360438
3540 0.01068154391367075 0.5453853081968318
3541 0.01068151917889693 0.5453846633064322
3542 0.01068149060011747 0.5453839493799328
3543 0.01068146588179996 0.5453833043828621
3544 0.01068143707178216 0.5453825881975798
3545 0.01068141230273637 0.5453819431809789
3546 0.01068138353884437 0.54538122763132
3547 0.01068135901731672 0.5453805853341942
3548 0.01068133028506 0.5453798697553541
3549 0.01068130553216803 0.5453792248580579
3550 0.01068127673573169 0.5453785088025082
3551 0.01068125220070828 0.5453778668221347
3552 0.01068122374596428 0.5453771547416216
3553 0.01068119908839082 0.5453765107534929
3554 0.01068117038859064 0.5453757963696169
3555 0.0106811457340091 0.5453751531618398
3556 0.01068111707670769 0.545374439052945
3557 0.01068109239844724 0.5453737951717595
3558 0.0106810638771909 0.5453730826066013
3559 0.01068103921982964 0.545372439204713
3560 0.01068101064859774 0.545371726487565
3561 0.01068098625398061 0.5453710863259311
3562 0.01068095788663185 0.5453703766034511
3563 0.01068093338902055 0.5453697338584755
3564 0.01068090461808622 0.5453690185781517
3565 0.01068087991409952 0.5453683757739285
3566 0.0106808512921736 0.5453676631157351
3567 0.01068082677312521 0.5453670218190836
3568 0.01068079826025742 0.5453663098732476
3569 0.01068077367817887 0.5453656678357472
3570 0.01068074517796754 0.5453649565630748
3571 0.01068072073652725 0.5453643161504257
3572 0.01068069245780107 0.5453636072179642
3573 0.01068066789313388 0.5453629651704741
3574 0.01068063931596026 0.5453622533509482
3575 0.01068061460340639 0.5453616103911325
3576 0.01068058616602373 0.5453609014916512
3577 0.01068056183453469 0.5453602617469616
3578 0.01068053323192665 0.545359548755638
3579 0.01068050865559706 0.545358907881159
3580 0.01068048009261597 0.5453581966442549
3581 0.01068045562698667 0.5453575568643805
3582 0.01068042733696343 0.5453568486163473
3583 0.01068040278681116 0.5453562074579009
3584 0.01068037423275559 0.5453554965996001
3585 0.01068034960620247 0.5453548553150718
3586 0.01068032112380568 0.5453541455971767
3587 0.01068029655359613 0.5453535046405589
3588 0.01068026823371888 0.5453527965551602
3589 0.01068024381773293 0.5453521575011325
3590 0.01068021526701812 0.5453514473466896
3591 0.01068019084054253 0.5453508081015314
3592 0.01068016243742343 0.5453500988947341
3593 0.01068013782758165 0.5453494580399725
3594 0.01068010920027008 0.5453487472121223
3595 0.01068008453738352 0.5453481064119313
3596 0.01068005602399684 0.5453473971796265
3597 0.01068003154515448 0.5453467581164727
3598 0.01068000313166655 0.5453460495124283
3599 0.01067997845919182 0.5453454081909292
3600 0.01067995008403456 0.5453447006646837
3601 0.0106799256948829 0.5453440628584191
3602 0.01067989740518835 0.5453433569051549
3603 0.01067987289622694 0.5453427167382542
3604 0.01067984415106348 0.5453420047779111
3605 0.01067981941376308 0.5453413641302208
3606 0.01067979077689192 0.5453406544029752
3607 0.01067976620877474 0.5453400152692192
3608 0.01067973775212349 0.545339307138588
3609 0.01067971313419217 0.545338667212491
3610 0.01067968464160675 0.5453379591310216
3611 0.01067966005848097 0.545337319728366
3612 0.01067963177545344 0.5453366140668817
3613 0.01067960728118094 0.5453359755715758
3614 0.01067957865082219 0.5453352660694226
3615 0.01067955383517022 0.5453346248071252
3616 0.01067952520923737 0.5453339162117067
3617 0.01067950057580776 0.5453332768291835
3618 0.01067947203806516 0.5453325687552835
3619 0.01067944709957537 0.5453319257109756
3620 0.01067941872605295 0.5453312195648882
3621 0.01067939384268018 0.5453305797974011
3622 0.0106793655929386 0.5453298747821891
3623 0.01067934098759539 0.5453292373092768
3624 0.01067931257484959 0.5453285297653153
3625 0.01067928781566366 0.5453278896280793
3626 0.01067925912961459 0.5453271778460058
3627 0.01067923427852114 0.5453265385061752
3628 0.01067920585629896 0.5453258310249854
3629 0.01067918096051318 0.5453251912719138
3630 0.01067915242901719 0.5453244831539249
3631 0.01067912746429635 0.5453238431489339
3632 0.01067909913156588 0.5453231378035598
3633 0.01067907429365888 0.5453224987158637
3634 0.01067904579637794 0.5453217910727829
3635 0.01067902094664367 0.5453211521274791
3636 0.01067899226547807 0.5453204423632118
3637 0.01067896729120575 0.5453198021892528
3638 0.01067893879300199 0.5453190931071844
3639 0.01067891382126345 0.5453184527986132
3640 0.01067888529784435 0.545317743858131
3641 0.01067886062339516 0.5453171079280907
3642 0.01067883201037931 0.5453163994316172
3643 0.01067880725336516 0.5453157632465796
3644 0.01067877841497117 0.5453150526922875
3645 0.01067875333225027 0.5453144133371715
3646 0.01067872440156856 0.5453137021929344
3647 0.01067869940003754 0.5453130633277328
3648 0.01067867082049144 0.5453123558021098
3649 0.01067864595227332 0.5453117171937155
3650 0.01067861714612527 0.5453110058628333
3651 0.01067859216982652 0.5453103681208589
3652 0.01067856370963249 0.5453096628619775
3653 0.01067853884553892 0.5453090243585363
3654 0.01067850782062298 0.5453082307631344
3655 0.01067848299954086 0.5453075894538797
3656 0.01067845471196421 0.5453068882281096
3657 0.01067843150649525 0.5453063383282456
3658 0.01067840386167358 0.5453056790936132
3659 0.01067837872075041 0.545305034434413
3660 0.01067834752233375 0.5453042188611286
3661 0.01067832314823621 0.5453035773707607
3662 0.01067829455291629 0.5453028646398347
3663 0.01067827126803629 0.5453023113868966
3664 0.01067824324973075 0.5453016501330891
3665 0.01067821772842599 0.5453010033443727
3666 0.0106781886466288 0.5453002738687146
3667 0.01067816279129372 0.5452996070512638
3668 0.01067813135062815 0.5452987915148066
3669 0.01067810647527818 0.5452981561314947
3670 0.01067807742232971 0.5452974449538375
3671 0.01067805343327834 0.5452968449081828
3672 0.01067802548600227 0.5452961591792334
3673 0.01067800161699672 0.5452955471896096
3674 0.01067797310929835 0.5452948445312685
3675 0.01067794805211721 0.5452942094303765
3676 0.01067791855276334 0.5452934923025662
3677 0.01067789385968184 0.5452929064990502
3678 0.01067786510833136 0.5452922190400523
3679 0.01067783907327833 0.5452915551299664
3680 0.0106778073166561 0.5452907289974129
3681 0.01067778259295408 0.5452900843281991
3682 0.01067775380030371 0.5452893656975347
3683 0.01067772967599571 0.5452887571909611
3684 0.01067770118696534 0.54528806292411
3685 0.01067767657633368 0.5452874430017878
3686 0.01067764774311363 0.54528673920975
3687 0.01067762276557809 0.5452861073955536
3688 0.01067759365114177 0.5452853971084242
3689 0.01067756930137483 0.5452848166027079
3690 0.01067754025870279 0.5452841271670763
3691 0.01067751391313607 0.5452834615387567
3692 0.01067748229784742 0.545282639256493
3693 0.01067745769326539 0.5452819967907716
3694 0.01067742881359267 0.5452812780169706
3695 0.01067740425022923 0.5452806651822604
3696 0.01067737558531496 0.5452799704560209
3697 0.01067735082547485 0.5452793494822368
3698 0.01067732223624322 0.5452786496330589
3699 0.0106772974519881 0.5452780204438338
3700 0.01067726807900462 0.545277307265137
3701 0.01067724343965217 0.5452767248429211
3702 0.01067721431589123 0.5452760361959244
3703 0.01067718811515793 0.5452753732778726
3704 0.01067715650638017 0.5452745523066999
3705 0.01067713167581903 0.5452739074669835
3706 0.01067710252391057 0.5452731863735031
3707 0.01067707791591229 0.545272574062068
3708 0.01067704921513871 0.5452718800379385
3709 0.01067702447183749 0.5452712600917825
3710 0.01067699602860442 0.5452705626762911
3711 0.01067697114995849 0.5452699334401444
3712 0.01067694172095668 0.5452692212849773
3713 0.01067691712773479 0.5452686404858051
3714 0.01067688821449509 0.5452679555471148
3715 0.01067686188364731 0.5452672915129203
3716 0.01067682984217817 0.5452664658574675
3717 0.01067680478093324 0.5452658195963739
3718 0.01067677562370811 0.545265099486236
3719 0.01067675121306384 0.5452644902110669
3720 0.01067672282137348 0.5452638007360555
3721 0.01067669595417895 0.5452631599919913
3722 0.01067666436791097 0.5452624331907242
3723 0.01067664126885949 0.5452618315112353
3724 0.01067661173934455 0.5452611135695634
3725 0.01067659034913667 0.5452605650763978
3726 0.01067656067638972 0.5452598680273515
3727 0.01067653616611782 0.5452592221726246
3728 0.01067650297062391 0.5452583837240845
3729 0.01067648271981276 0.5452577847517577
3730 0.01067645544812212 0.5452570752461168
3731 0.01067642979334372 0.5452564563128767
3732 0.01067639915753098 0.5452557421354699
3733 0.01067637153315134 0.5452551112435138
3734 0.01067634142402905 0.5452543987949172
3735 0.01067631504133828 0.5452537689173015
3736 0.0106762866037172 0.5452530625457918
3737 0.01067626224201159 0.5452524915510416
3738 0.01067623439974383 0.5452518109619499
3739 0.01067620809078343 0.5452511510561355
3740 0.01067617676986901 0.545250325685265
3741 0.01067615159126436 0.5452496872008887
3742 0.0106761229738061 0.5452489674323516
3743 0.01067609786062586 0.5452483599253007
3744 0.01067606945673546 0.5452476662248475
3745 0.01067604416003727 0.5452470520466257
3746 0.01067601586336852 0.5452463532052201
3747 0.01067599052326196 0.5452457310176059
3748 0.01067596198717097 0.545245023857699
3749 0.0106759370991502 0.5452444500684357
3750 0.01067590868834533 0.5452437672991395
3751 0.01067588169613166 0.5452431041775417
3752 0.01067585002669844 0.5452422783774883
3753 0.01067582441230063 0.5452416366209843
3754 0.01067579591589539 0.5452409196522354
3755 0.01067577113317522 0.5452403166778502
3756 0.01067574324555178 0.5452396291591517
3757 0.01067571853309975 0.5452390213471492
3758 0.01067569030194617 0.5452383237823598
3759 0.01067566480133555 0.5452377004140464
3760 0.01067563615963165 0.5452369946315796
3761 0.0106756113112806 0.5452364226848971
3762 0.01067558290870243 0.5452357416110133
3763 0.01067555607506302 0.545235081388793
3764 0.01067552429960194 0.545234254692834
3765 0.01067549868116318 0.5452336145338894
3766 0.01067547032929505 0.5452329009689262
3767 0.010675445545846 0.5452322994064489
3768 0.01067541809188541 0.5452316179510178
3769 0.01067539347413939 0.5452310124914829
3770 0.01067536532562256 0.5452303174401983
3771 0.01067533998582488 0.5452296978962256
3772 0.01067531137064269 0.545228994802878
3773 0.01067528571841948 0.5452283711627322
3774 0.01067525755764208 0.5452276719757516
3775 0.01067523173201299 0.5452270423093055
3776 0.01067520289984912 0.5452263306974903
3777 0.01067517658055271 0.5452256923337967
3778 0.01067514778832496 0.5452249805336933
3779 0.01067512209745959 0.5452243500555392
3780 0.01067509385388417 0.5452236467230492
3781 0.01067506869495887 0.5452230250020031
3782 0.01067504055955995 0.5452223262080159
3783 0.01067501544884506 0.5452217084855334
3784 0.01067498780984974 0.5452210185163298
3785 0.01067496352225205 0.5452204552804873
3786 0.01067493589954454 0.5452197875087414
3787 0.01067490843791596 0.5452190708976414
3788 0.01067487958267615 0.5452183397235982
3789 0.01067485369056379 0.5452176978439287
3790 0.01067482543114474 0.5452170073855966
3791 0.01067479972784714 0.5452163895086335
3792 0.01067477172571366 0.5452157037225182
3793 0.01067474673139516 0.5452150913519133
3794 0.01067471935825748 0.5452144059909528
3795 0.01067469562123056 0.5452138486764277
3796 0.01067466819468246 0.5452131834159286
3797 0.01067464236025445 0.5452125397053512
3798 0.01067461121582769 0.5452117313138303
3799 0.0106745860875317 0.5452111035939852
3800 0.01067455775764478 0.5452103968801231
3801 0.01067453311973965 0.5452098008688129
3802 0.01067450553732106 0.5452091215740931
3803 0.01067448107780034 0.5452085188544075
3804 0.01067445341134873 0.5452078355164687
3805 0.01067442848935244 0.5452072211951761
3806 0.01067440059232002 0.5452065325114566
3807 0.01067437655393711 0.5452059706936473
3808 0.0106743487866272 0.5452053057578302
3809 0.01067432300319313 0.5452046622132364
3810 0.01067429198959616 0.5452038586234643
3811 0.01067426723177712 0.5452032332986709
3812 0.01067423928821245 0.5452025350260741
3813 0.01067421533955104 0.5452019460673163
3814 0.01067418813773867 0.5452012761204419
3815 0.01067416393866645 0.54520067836334
3816 0.01067413645257551 0.5451999996600275
3817 0.01067411165468697 0.5451993890719748
3818 0.01067408401487875 0.5451987064291413
3819 0.01067406016518803 0.5451981485388047
3820 0.01067403268873004 0.5451974883453988
3821 0.01067400684194221 0.545196846443032
3822 0.01067397605280291 0.545196047675694
3823 0.01067395148765934 0.5451954261874985
3824 0.01067392398785594 0.5451947353468589
3825 0.01067390031544578 0.545194151130558
3826 0.01067387335514074 0.5451934863369569
3827 0.01067384943417657 0.545192894195758
3828 0.01067382224538714 0.5451922218429692
3829 0.01067379780789336 0.5451916181164072
3830 0.01067377018302543 0.5451909385299925
3831 0.01067374664894229 0.5451903868462592
3832 0.0106737194341605 0.5451897321047076
3833 0.01067369371335405 0.5451890934321704
3834 0.01067366315292341 0.5451882995280282
3835 0.01067363891751577 0.545187683803961
3836 0.01067361187655212 0.5451870008196998
3837 0.010673588386978 0.5451864208535089
3838 0.01067356158025101 0.5451857609118167
3839 0.01067353786240144 0.5451851741808169
3840 0.01067351099320764 0.5451845086678541
3841 0.01067348704801214 0.5451839129142038
3842 0.01067345997563171 0.5451832420345825
3843 0.01067343655962542 0.5451826939362836
3844 0.01067340943827509 0.5451820437582729
3845 0.01067338367939078 0.545181407348959
3846 0.01067335376260783 0.5451806237005925
3847 0.01067332992429094 0.5451800143554594
3848 0.01067330288513789 0.5451793336784686
3849 0.01067327951740848 0.5451787586901328
3850 0.01067325305459219 0.5451781064519579
3851 0.01067322993020466 0.5451775293374223
3852 0.01067320357398243 0.5451768723263574
3853 0.01067317976185817 0.5451762806292668
3854 0.01067315277623798 0.5451756141159467
3855 0.01067312953074081 0.5451750709509514
3856 0.01067310286102008 0.5451744297014205
3857 0.01067307784513062 0.5451738038735696
3858 0.01067304778638257 0.5451730215216308
3859 0.0106730240520465 0.5451724159585848
3860 0.01067299730129147 0.545171741784798
3861 0.0106729742850011 0.5451711740258707
3862 0.01067294818517194 0.5451705295101302
3863 0.01067292532177399 0.5451699586112917
3864 0.010672899362411 0.5451693094069564
3865 0.01067287585824804 0.5451687251431254
3866 0.01067284976873751 0.5451680747930678
3867 0.01067282702516418 0.5451675346891122
3868 0.01067280022430044 0.5451668993871962
3869 0.01067277513670596 0.5451662717862884
3870 0.01067274495062775 0.5451654980197208
3871 0.01067272167185954 0.5451648943807824
3872 0.01067269515465388 0.5451642320027044
3873 0.01067267271899523 0.545163667361398
3874 0.0106726471116399 0.5451630371957586
3875 0.01067262473568382 0.5451624701370391
3876 0.01067259875513688 0.545161831430796
3877 0.01067257598453582 0.5451612537062497
3878 0.01067255174209853 0.5451606775693014
3879 0.01067252778621379 0.5451600939555871
3880 0.01067250013906838 0.5451594209790888
3881 0.01067247433841851 0.5451587333758492
3882 0.01067244709607504 0.5451580577973728
3883 0.01067242328976381 0.5451574592911897
3884 0.0106723974748335 0.5451568331185669
3885 0.01067237510517155 0.5451562671692282
3886 0.01067234980018753 0.5451556435709898
3887 0.01067232781816252 0.545155076563864
3888 0.01067230211782895 0.5451544413354019
3889 0.01067227939432103 0.5451538653846127
3890 0.01067225316697843 0.5451532246038604
3891 0.01067223102884279 0.5451526977058615
3892 0.01067220517627555 0.5451520797993243
3893 0.01067217970610712 0.5451514047339494
3894 0.01067215301073739 0.5451507319232147
3895 0.01067212973558563 0.5451501347973731
3896 0.01067210369791945 0.5451495040388499
3897 0.01067208091065383 0.5451489356063931
3898 0.01067205574870372 0.5451483178823794
3899 0.01067203364496784 0.5451477547033985
3900 0.01067200846764967 0.5451471309105747
3901 0.01067198704109862 0.545146614618085
3902 0.01067196166969799 0.545146007596186
3903 0.01067193822522845 0.5451454108846384
3904 0.01067190980860427 0.5451446753350443
3905 0.01067188717194569 0.5451440910631367
3906 0.01067186112574713 0.5451434470918668
3907 0.01067183891001037 0.5451428948204331
3908 0.0106718135579125 0.5451422778024908
3909 0.01067179157260051 0.5451417240934385
3910 0.01067176671297393 0.5451411083885584
3911 0.0106717448644594 0.5451405500412804
3912 0.01067171940670763 0.545139925550945
3913 0.01067169780451276 0.5451394102835282
3914 0.0106716723525334 0.5451388057520784
3915 0.01067164875401911 0.5451382116848799
3916 0.01067162055044369 0.5451374824323232
3917 0.01067159842459245 0.5451369076736011
3918 0.01067157295975307 0.5451362746164456
3919 0.01067155154371813 0.5451357353898864
3920 0.01067152670188792 0.5451351293392399
3921 0.0106715051567948 0.545134585120572
3922 0.01067148012781076 0.5451339730246219
3923 0.01067145800904915 0.5451334167327565
3924 0.01067143317329612 0.5451328045918789
3925 0.01067141191029717 0.5451322973008307
3926 0.01067138692420296 0.5451317026874536
3927 0.01067136372404761 0.5451311169831164
3928 0.01067133546358976 0.5451303913934683
3929 0.01067131307559053 0.5451298259707794
3930 0.01067128811594309 0.5451292015516607
3931 0.01067126684341036 0.54512866730869
3932 0.01067124267578776 0.5451280699562336
3933 0.0106712213817445 0.5451275333960998
3934 0.01067119703106889 0.5451269320982322
3935 0.01067117538990506 0.545126388631014
3936 0.01067115025534277 0.5451257768399627
3937 0.01067112883420159 0.5451252752827712
3938 0.010671104296254 0.5451246896591622
3939 0.0106710813878116 0.5451241132956193
3940 0.01067105360913503 0.5451233953977407
3941 0.0106710317186521 0.5451228268423766
3942 0.01067100676008962 0.545122204769342
3943 0.01067098543578724 0.545121684036272
3944 0.01067096198209706 0.5451210802815694
3945 0.01067094038022484 0.5451205917938546
3946 0.01067091713069422 0.5451199685023612
3947 0.01067089494038691 0.5451194651035051
3948 0.01067087085554646 0.5451188269103533
3949 0.01067084915236647 0.5451183392812022
3950 0.01067082371686117 0.5451177673825693
3951 0.01067080165972639 0.5451171988028759
3952 0.01067077398406416 0.5451164982032598
3953 0.01067075332488926 0.5451159394645272
3954 0.01067072825302779 0.5451153313841252
3955 0.01067070830872754 0.5451148102260056
3956 0.01067068347647261 0.5451142281704052
3957 0.01067066326233448 0.5451137033261791
3958 0.01067063838167789 0.5451131189098599
3959 0.01067061803627364 0.5451125879333502
3960 0.01067059260980424 0.5451119963204689
3961 0.0106705727534919 0.5451115097170065
3962 0.01067054771405069 0.5451109400929364
3963 0.0106705258750029 0.5451103768342176
3964 0.01067049767110839 0.5451096763131851
3965 0.01067047674245425 0.545109123309508
3966 0.01067045151438245 0.5451085232735062
3967 0.0106704317581984 0.5451080116538973
3968 0.01067040765003167 0.5451074450137136
3969 0.01067038775888709 0.5451069287615962
3970 0.01067036341152348 0.5451063554738304
3971 0.01067034314955584 0.5451058300069639
3972 0.0106703177221551 0.5451052426878237
3973 0.01067029768815367 0.5451047587258138
3974 0.01067027282903692 0.5451041956624131
3975 0.01067025040654382 0.5451035849335513
3976 0.01067022486570903 0.5451029691012068
3977 0.01067020407345538 0.5451024234383089
3978 0.01067017885939469 0.5451018444167791
3979 0.01067015811166604 0.5451013197796369
3980 0.01067013336776321 0.5451007499864106
3981 0.0106701133613919 0.545100232383692
3982 0.01067008880958727 0.5450996599446608
3983 0.01067006908344752 0.545099142798691
3984 0.01067004445785836 0.5450985693346044
3985 0.0106700242591988 0.5450980495449647
3986 0.01066999937846129 0.5450974735342123
3987 0.01066997864647078 0.5450969466557362
3988 0.01066995341577093 0.5450963633108915
3989 0.01066993267876656 0.5450958334675727
3990 0.01066990714550366 0.5450952463948266
3991 0.01066988671679221 0.5450947207634917
3992 0.01066986164757851 0.5450941418202211
3993 0.01066984142052767 0.5450936215174569
3994 0.01066981667848582 0.5450930498827932
3995 0.01066979654714069 0.5450925341167733
3996 0.01066977202309429 0.5450919683215568
3997 0.01066975223951199 0.5450914596765974
3998 0.01066972803968801 0.5450908978855211
3999 0.01066970784668957 0.5450903829220199
4000 0.01066968264130036 0.5450898056813251
4001 0.01066966168860581 0.5450892788411987
4002 0.01066963611218839 0.5450886969070747
4003 0.01066961533813785 0.5450881732468303
4004 0.01066959058142119 0.5450876036844554
4005 0.01066957056950222 0.5450870913718472
4006 0.01066954599847885 0.5450865273176384
4007 0.01066952620222087 0.5450860203642433
4008 0.0106695017748312 0.5450854611576476
4009 0.0106694819684774 0.5450849573039648
4010 0.01066945778187152 0.5450844011290603
4011 0.0106694372634459 0.5450838875546791
4012 0.01066941228883656 0.5450833184216978
4013 0.0106693913138002 0.5450827966279811
4014 0.01066936606963338 0.545082224623651
4015 0.0106693454225356 0.5450817076375674
4016 0.01066932035102752 0.5450811407759841
4017 0.01066930009738528 0.5450806305397159
4018 0.01066927567751278 0.5450800742927689
4019 0.01066925618540808 0.5450795761879769
4020 0.01066923214174545 0.5450790269122021
4021 0.01066921235651711 0.5450785288628864
4022 0.01066918783787245 0.5450779737320764
4023 0.0106691672990519 0.5450774648658367
4024 0.01066914206261304 0.545076898200237
4025 0.01066912136994108 0.54507638494317
4026 0.01066909599096829 0.5450758175097482
4027 0.01066907573889967 0.5450753098148703
4028 0.01066905082201314 0.5450747501931104
4029 0.01066903083282417 0.5450742483710398
4030 0.01066900594079561 0.5450736900657535
4031 0.0106689857433322 0.5450731916750111
4032 0.01066896168759641 0.5450726466091217
4033 0.01066894218059633 0.5450721590575642
4034 0.01066891811821722 0.5450716126492623
4035 0.01066889764773975 0.5450711113883383
4036 0.01066887262106556 0.5450705501866285
4037 0.01066885159280714 0.5450700401788653
4038 0.01066882629451977 0.5450694771521829
4039 0.01066880571099967 0.5450689736487472
4040 0.01066878073677666 0.5450684172350797
4041 0.01066876048115779 0.545067919615284
4042 0.01066873606965488 0.5450673725664975
4043 0.0106687162812403 0.5450668832616334
4044 0.01066869231010565 0.5450663444455123
4045 0.01066867267560662 0.5450658601503711
4046 0.01066864807817075 0.545065312399495
4047 0.0106686273968419 0.545064813625315
4048 0.01066860184621918 0.5450642519157451
4049 0.01066858081687334 0.5450637468561647
4050 0.01066855578542758 0.5450631923570999
4051 0.01066853521938762 0.54506269435192
4052 0.01066851060472713 0.5450621468670679
4053 0.01066849062570608 0.5450616592998211
4054 0.01066846718903513 0.5450611329587852
4055 0.01066844669283491 0.545060633988264
4056 0.01066842244802527 0.5450601032473247
4057 0.01066840159092295 0.5450596035483306
4058 0.01066837690791543 0.5450590666379763
4059 0.01066835568822523 0.5450585594572683
4060 0.01066833085565217 0.5450580177155648
4061 0.01066830921401473 0.5450575039656982
4062 0.01066828477534941 0.5450569672393332
4063 0.01066826388586613 0.5450564638688666
4064 0.01066823957595423 0.5450559321062504
4065 0.0106682189095958 0.5450554340091134
4066 0.0106681946917315 0.5450549069856312
4067 0.0106681740432285 0.5450544125055784
4068 0.01066814996469106 0.5450538894456635
4069 0.01066812943085964 0.5450533981724527
4070 0.01066810523992681 0.5450528713340913
4071 0.01066808401669538 0.5450523686743477
4072 0.01066805887591018 0.5450518282933523
4073 0.01066803736311965 0.5450513208363829
4074 0.01066801220354328 0.545050781641267
4075 0.01066799110994708 0.5450502808072683
4076 0.01066796678898952 0.545049754370093
4077 0.01066794589234016 0.5450492586297223
4078 0.01066792195061388 0.5450487391236616
4079 0.01066790137826075 0.5450482502846627
4080 0.01066787738114891 0.5450477326757358
4081 0.01066785657021398 0.5450472428747637
4082 0.01066783178723377 0.5450467143133152
4083 0.01066781010382373 0.5450462109210852
4084 0.01066778470732544 0.5450456727345949
4085 0.01066776332157286 0.5450451710600124
4086 0.01066773839235768 0.5450446397244164
4087 0.01066771725324758 0.5450441428297063
4088 0.01066769257369384 0.5450436171887189
4089 0.01066767146479487 0.5450431230729518
4090 0.01066764725609269 0.5450426058115553
4091 0.01066762679789408 0.5450421228332166
4092 0.01066760254683102 0.5450416075829366
4093 0.01066758179027207 0.5450411219981283
4094 0.0106675568836967 0.5450405962833285
4095 0.0106675350228931 0.5450400949382636
4096 0.01066750949274921 0.5450395599892959
4097 0.01066748767625765 0.545039058682939
4098 0.01066746226719305 0.5450385265702041
4099 0.01066744108458904 0.5450380333140672
4100 0.01066741652321994 0.5450375136441713
4101 0.01066739557845335 0.5450370261144647
4102 0.01066737129864751 0.5450365124058061
4103 0.01066735031540284 0.5450360279014
4104 0.01066732597883935 0.5450355153986451
4105 0.01066730461618819 0.545035027727188
4106 0.01066727962750257 0.5450345052751727
4107 0.0106672577396242 0.5450340081081247
4108 0.01066723200439184 0.5450334751585586
4109 0.01066720995347061 0.5450329748734112
4110 0.01066718445052772 0.5450324460325632
4111 0.01066716315789098 0.5450319558481228
4112 0.01066713848977814 0.5450314395787126
4113 0.01066711724360825 0.5450309527868592
4114 0.01066709276762945 0.5450304410554846
4115 0.01066707168595979 0.5450299593776994
4116 0.01066704713858525 0.5450294490014788
4117 0.01066702569597995 0.5450289643159797
4118 0.01066700027822454 0.5450284410473297
4119 0.01066697789471393 0.5450279417728066
4120 0.01066695208660306 0.5450274120868677
4121 0.01066693025596534 0.5450269181990173
4122 0.01066690484742618 0.5450263947852443
4123 0.01066688327134556 0.5450259055607114
4124 0.0106668580898372 0.5450253873350349
4125 0.01066683658110843 0.5450249013426391
4126 0.01066681181845 0.545024390886129
4127 0.01066679074516817 0.5450239133059459
4128 0.01066676590548206 0.5450234037892615
4129 0.01066674447464517 0.5450229219638526
4130 0.01066671889628345 0.5450224007155208
4131 0.01066669663520039 0.5450219062614544
4132 0.01066667047096342 0.5450213765429858
4133 0.01066664799708209 0.5450208794101074
4134 0.01066662214645189 0.5450203550326665
4135 0.01066659999993524 0.5450198630096474
4136 0.01066657518676853 0.5450193527495912
4137 0.01066655399348204 0.5450188741493533
4138 0.01066652903433755 0.5450183651575113
4139 0.01066650766384121 0.5450178875163597
4140 0.01066648246128307 0.5450173771602422
4141 0.01066646039883533 0.5450168920344738
4142 0.01066643473479114 0.5450163729598037
4143 0.01066641221002165 0.5450158791726805
4144 0.01066638609097399 0.5450153537493664
4145 0.01066636386892907 0.5450148627010846
4146 0.01066633783923408 0.5450143396201003
4147 0.01066631581441471 0.545013852216641
4148 0.01066629017140563 0.545013336730341
4149 0.0106662684777048 0.5450128557222482
4150 0.01066624318140565 0.5450123469059875
4151 0.01066622156991034 0.5450118700265069
4152 0.01066619636650666 0.5450113628888931
4153 0.0106661741930876 0.5450108794246158
4154 0.01066614833169078 0.5450103613658326
4155 0.01066612572674578 0.5450098693742237
4156 0.01066609935393152 0.5450093444493423
4157 0.01066607694510493 0.5450088543660921
4158 0.0106660507954922 0.5450083336998042
4159 0.01066602846951083 0.5450078461027658
4160 0.01066600263339786 0.545007331589446
4161 0.01066598062115232 0.5450068500956676
4162 0.01066595509466788 0.5450063417318146
4163 0.01066593349908309 0.5450058676880637
4164 0.01066590822010111 0.545005363237716
4165 0.01066588583618749 0.5450048799712874
4166 0.01066585982519469 0.5450043632718379
4167 0.0106658369540829 0.5450038716353582
4168 0.01066581029694484 0.5450033461380902
4169 0.01066578757369828 0.5450028557260582
4170 0.01066576115814579 0.5450023351364521
4171 0.01066573878114578 0.5450018497162339
4172 0.01066571290473874 0.5450013378139245
4173 0.01066569065466278 0.5450008563251926
4174 0.01066566518710359 0.5450003516244687
4175 0.01066564324412012 0.5449998773426101
4176 0.01066561757931768 0.5449993706140763
4177 0.0106655949881153 0.5449988877298981
4178 0.01066556883088324 0.5449983720986611
4179 0.0106655456602542 0.5449978797649065
4180 0.0106655190155317 0.5449973571472053
4181 0.01066549594618469 0.5449968653907833
4182 0.01066546953953178 0.5449963476556848
4183 0.01066544679564915 0.5449958611200041
4184 0.01066542071583299 0.5449953496952309
4185 0.0106653982576473 0.5449948686042725
4186 0.01066537270728684 0.5449943653295214
4187 0.01066535080154408 0.5449938934245421
4188 0.01066532500520489 0.5449933884891838
4189 0.01066530253468242 0.5449929089092433
4190 0.01066527582282796 0.5449923898332338
4191 0.01066525256395228 0.5449918985674657
4192 0.01066522539618188 0.5449913731737739
4193 0.01066520211144996 0.544990881803182
4194 0.01066517538229735 0.5449903630737336
4195 0.0106651525202226 0.5449898775198337
4196 0.01066512664439559 0.5449893703418592
4197 0.01066510454595784 0.5449888956194808
4198 0.01066507867416834 0.5449883914400846
4199 0.01066505648555456 0.5449879182709013
4200 0.01066503037608694 0.5449874120950191
4201 0.01066500752843485 0.5449869309207734
4202 0.01066498062389502 0.5449864122790582
4203 0.01066495718212123 0.5449859214549158
4204 0.01066493000124266 0.5449853981392456
4205 0.0106649064725117 0.5449849057895565
4206 0.01066487971240976 0.5449843888353563
4207 0.01066485683869704 0.5449839051491984
4208 0.01066483087155547 0.5449833996397601
4209 0.01066480843094096 0.5449829233783861
4210 0.01066478257187875 0.5449824212947311
4211 0.01066476009862103 0.5449819474010366
4212 0.01066473386543891 0.5449814418870342
4213 0.01066471063895477 0.5449809585440951
4214 0.01066468380113325 0.5449804422846756
4215 0.01066466029209448 0.5449799525947254
4216 0.01066463304281989 0.544979430958313
4217 0.01066460983781684 0.5449789440339502
4218 0.01066458286701142 0.5449784268308338
4219 0.01066456004804791 0.5449779460880986
4220 0.01066453349823921 0.544977436489401
4221 0.0106645107305609 0.5449769585771652
4222 0.01066448445103655 0.5449764538781029
4223 0.01066446159750796 0.5449759776023375
4224 0.01066443577020934 0.5449754781593922
4225 0.01066441297476438 0.5449750018440651
4226 0.01066438607524619 0.5449744867469147
4227 0.01066436237941287 0.5449739963390916
4228 0.01066433482029934 0.544973473069893
4229 0.01066431131553654 0.5449729846997996
4230 0.01066428419107013 0.5449724683835355
4231 0.01066426117373643 0.544971987227833
4232 0.0106642345893846 0.5449714790573907
4233 0.01066421188999186 0.544971003594093
4234 0.01066418563014254 0.5449705012171322
4235 0.01066416295595811 0.5449700285338747
4236 0.01066413666567139 0.5449695257743021
4237 0.01066411371821503 0.5449690486687929
4238 0.01066408657765497 0.5449685330301658
4239 0.0106640628818137 0.5449680447943714
4240 0.01066403541099708 0.5449675244069216
4241 0.01066401168306822 0.5449670355133061
4242 0.0106639845712115 0.5449665205888692
4243 0.0106639617015799 0.5449660424890216
4244 0.01066393523436372 0.5449655373026489
4245 0.01066391256503564 0.5449650641930757
4246 0.01066388617014304 0.5449645620088533
4247 0.01066386325401654 0.5449640883592771
4248 0.01066383675624356 0.5449635849356986
4249 0.01066381347059733 0.5449631057562172
4250 0.01066378660053139 0.5449625949052364
4251 0.01066376273300868 0.5449621066717023
4252 0.0106637354874844 0.5449615898098491
4253 0.0106637116862911 0.5449611018079259
4254 0.01066368475619028 0.5449605903203102
4255 0.01066366135169645 0.5449601082907899
4256 0.01066363489732675 0.5449596049378185
4257 0.01066361200643068 0.544959130873384
4258 0.01066358556477794 0.5449586296773591
4259 0.0106635628144883 0.5449581595532728
4260 0.0106635364777148 0.544957659670488
4261 0.01066351338368907 0.54495718404271
4262 0.01066348621290439 0.544956671172117
4263 0.01066346231816156 0.5449561832270805
4264 0.01066343494349318 0.5449556671672674
4265 0.01066341148594735 0.5449551848484496
4266 0.0106633842871564 0.5449546723868227
4267 0.01066336089354175 0.5449541919001754
4268 0.01066333410782829 0.5449536862689671
4269 0.01066331134918453 0.544953214632262
4270 0.01066328525913441 0.5449527190374982
4271 0.01066326243794584 0.5449522498221091
4272 0.01066323633322532 0.5449517535188027
4273 0.01066321290188548 0.5449512759606636
4274 0.01066318586089566 0.5449507657771933
4275 0.01066316186451665 0.5449502790591847
4276 0.0106631343446671 0.544949762765796
4277 0.0106631105796835 0.5449492781485848
4278 0.01066308347568755 0.5449487682168783
4279 0.01066306031323145 0.5449482914179036
4280 0.01066303402924271 0.544947792781455
4281 0.01066301115066827 0.5449473215684655
4282 0.0106629850769922 0.5449468273349858
4283 0.01066296240864822 0.5449463609742002
4284 0.01066293609486812 0.5449458643657052
4285 0.01066291265359843 0.5449453881713325
4286 0.0106628852951669 0.5449448761446907
4287 0.01066286110726559 0.5449443883380038
4288 0.01066283404847661 0.5449438784694592
4289 0.01066281072453747 0.5449434003979566
4290 0.01066278392210285 0.5449428951844509
4291 0.01066276099260531 0.5449424222543635
4292 0.01066273435581792 0.5449419211600309
4293 0.01066271129500965 0.5449414493157797
4294 0.01066268486263097 0.5449409529799374
4295 0.01066266208829177 0.544940487292357
4296 0.01066263593295718 0.5449399938505471
4297 0.01066261294435844 0.5449395236916231
4298 0.01066258587214981 0.5449390162370088
4299 0.01066256254225929 0.5449385318568919
4300 0.01066252834587788 0.5449379634827446
