"rf_coeffs"
"Iteration" "cd etc.."
("Iteration" "cd" "cl")
1 13.30650665809208 24.81159742069146
2 9.682818290129894 18.90829410711939
3 6.439934533293746 13.01339332624666
4 4.458240277548687 9.012233555793305
5 2.903237354960115 5.772215213168562
6 1.909832161864547 3.717344001232822
7 1.222189268887314 2.337930399910759
8 0.726182238737127 1.348819434158783
9 0.4069895729596879 0.7634697136596358
10 0.2048689561571575 0.4150478914623406
11 0.0895654982864876 0.2402238878788194
12 0.03281382586025255 0.1859593539333357
13 0.009897161164897467 0.1898678995588382
14 0.007359980505240578 0.2240640773704822
15 0.02005170197641867 0.2811427345152891
16 0.04114811054351589 0.3486767988226933
17 0.06253772340231505 0.4105318839484862
18 0.08086415087037084 0.4575715105403502
19 0.09889548888698525 0.502767058554913
20 0.1137070291232865 0.5393838827167994
21 0.1266815426345669 0.5722150104672663
22 0.1378001676341833 0.6023039910839064
23 0.1469754223488536 0.628589969909058
24 0.1530098947100068 0.6481710233468247
25 0.1587930773641247 0.6688778309233051
26 0.16247149449965 0.685450601587803
27 0.1656814541253534 0.7018310393866476
28 0.1686345795858135 0.7179312987244959
29 0.171024909672932 0.7333439225809062
30 0.1731748760305752 0.7483560707421644
31 0.1749444054971434 0.7621524455313736
32 0.1765639373801075 0.7756621973593097
33 0.1782015349020226 0.7887954785499565
34 0.1796997099245319 0.8014399728418324
35 0.1811788626384243 0.8136981859989898
36 0.1827443618466877 0.825889918253815
37 0.1840879530793047 0.837068206671714
38 0.1854481366454575 0.8480920376247897
39 0.1867288978384977 0.8586756244180719
40 0.1880385881991264 0.8686450556287953
41 0.1892341575595941 0.8783468453922088
42 0.1904879645798386 0.8879530042919949
43 0.1917144636780434 0.8973611940016754
44 0.1929331109236975 0.9064393243826785
45 0.1941506341576252 0.9155068625125502
46 0.1952683795052984 0.9239572869060804
47 0.1964010614196707 0.932433145543116
48 0.1975218138770791 0.9407034265791188
49 0.1986640867331619 0.9490213212017131
50 0.1997965188500763 0.9571593702301961
51 0.2009103522478741 0.9651178392440587
52 0.2019863248733554 0.9729402909319019
53 0.2031506750989888 0.9809301747664502
54 0.204236844521615 0.9886415376107878
55 0.2053240712039201 0.9963065359750549
56 0.2064039864709331 1.003811917437341
57 0.2075165242648142 1.011562683918128
58 0.208564050832694 1.018732556075702
59 0.2094947322558993 1.025756678817152
60 0.2105646145824474 1.033268516714016
61 0.2115447035883655 1.040269505541078
62 0.2124007254089456 1.046853138583553
63 0.2131350887467844 1.053370169016713
64 0.2141237615595594 1.060219889077755
65 0.2149528857700179 1.066839396924734
66 0.2158301884122288 1.073413810163002
67 0.2166569601189509 1.080000514050529
68 0.2173385217403326 1.085993825555599
69 0.2179295685386425 1.0918723928741
70 0.2186482450506584 1.097864687725821
71 0.2193332858766654 1.104033851044768
72 0.2198480640240353 1.109438325994156
73 0.2204617645797746 1.115201454557321
74 0.2210662872304096 1.120971252149188
75 0.22161731232978 1.126605274314968
76 0.22200685799586 1.131687414775989
77 0.2224702131867813 1.137080934075622
78 0.2228999688697594 1.142226804293007
79 0.2233733126878314 1.147695177146118
80 0.2237272787538389 1.152539518719881
81 0.2239873757932367 1.157384346264899
82 0.2243952302246581 1.162509121503897
83 0.2246426768549474 1.16716940514087
84 0.2248266360861604 1.171747799903813
85 0.2250623808872381 1.176408081784003
86 0.2253284734306461 1.181119935854416
87 0.225507376022477 1.185612321659497
88 0.2257129148086014 1.190260949306528
89 0.2260364709230022 1.195098772743141
90 0.2261021155239972 1.199248884724325
91 0.226171554753369 1.20352436006294
92 0.2263523118531916 1.208032481040832
93 0.2264523934866765 1.212365122375339
94 0.2264315835766189 1.216425755210944
95 0.2264386737301787 1.220491263746214
96 0.2265041312337619 1.224774813810431
97 0.2264616921003405 1.228632191347802
98 0.2264564832037074 1.232622402760309
99 0.2264648159332968 1.236724863587866
100 0.2263929163758017 1.240676783060657
101 0.2263508783945582 1.244560257129776
102 0.2261796393480807 1.248295115005031
103 0.2260777532491246 1.252075556890619
104 0.2259417713657242 1.255761438900487
105 0.2258522380487821 1.259589375100111
106 0.225693757035043 1.263276966053418
107 0.225655403724384 1.26725747013344
108 0.2253775029061565 1.270708756269239
109 0.225222878591313 1.274202334497001
110 0.2251118009159069 1.278149417040272
111 0.2248184314699414 1.281445601274394
112 0.2247216834594133 1.285270054886682
113 0.2243540672759313 1.288383098988157
114 0.2241404421969218 1.291980169754175
115 0.223891616379494 1.295280429912186
116 0.2237033272679581 1.298904791062889
117 0.2234848329594848 1.302245815077419
118 0.2232451238362839 1.30572835501623
119 0.2229338513206177 1.308840107971411
120 0.2226644551526043 1.312159001705803
121 0.2223444287915242 1.315413497473636
122 0.222137782542802 1.318766347231579
123 0.2218758316959596 1.321962504168026
124 0.221499316980705 1.324871168030571
125 0.2212237599514648 1.328012353623774
126 0.22105836820637 1.331549314773223
127 0.220765412430963 1.33456739707095
128 0.2204179815189856 1.337551393599098
129 0.2201314421887476 1.340599207167438
130 0.2199048694552536 1.343805826055714
131 0.2195971934828989 1.346734801336145
132 0.2192185919565735 1.349530017601289
133 0.2189176924611365 1.352462422846733
134 0.2186172874334564 1.355356884307338
135 0.2183492753750563 1.358337042765141
136 0.2181265821440646 1.361374077984207
137 0.2178036511844542 1.364177900940877
138 0.2175525955002914 1.367141029447239
139 0.2172511831348846 1.369972263752083
140 0.2169500536685857 1.372758009921518
141 0.2166804935348535 1.375608541919311
142 0.2163575705346145 1.378345370863629
143 0.2160411403085198 1.380993407462231
144 0.2157395637062763 1.383756291521074
145 0.2154015660662522 1.386382481011672
146 0.2150731725348226 1.388979525426991
147 0.2147851406266033 1.391695389408695
148 0.2144769512438852 1.394305576757682
149 0.2141416581145787 1.39701076270048
150 0.2137790378164301 1.399365555808527
151 0.2134812550006699 1.402048226557693
152 0.213120797325751 1.404508464309003
153 0.2127149671003498 1.406831473786325
154 0.2124103886894792 1.40941736419025
155 0.2120440811663183 1.411857182479467
156 0.2116387599866422 1.414140612273565
157 0.2112479513864872 1.416463799560095
158 0.2108748561055045 1.418809302094536
159 0.2104529570153846 1.421059018141493
160 0.2100606555816013 1.423323420032706
161 0.2096627664870022 1.425600028668247
162 0.2092572487238707 1.42785179395074
163 0.2088290683312562 1.430024456616175
164 0.2084135736590323 1.432234772091801
165 0.2079915119652548 1.434406553059797
166 0.2075586839558451 1.436619389672299
167 0.2071311119911083 1.43866581769447
168 0.206674907022585 1.440759592379557
169 0.2062449457746999 1.442880787709481
170 0.2057834712715343 1.444792353427924
171 0.205308841638027 1.446789656211291
172 0.2048630121162668 1.448826098050672
173 0.2043583435796263 1.450617186339014
174 0.203903401174566 1.452640161415184
175 0.2033771973004059 1.454365261941406
176 0.2028643355001874 1.456167248328126
177 0.2024142214278981 1.458070215249799
178 0.2018423345738478 1.459688721348624
179 0.2013207114544869 1.461367061636878
180 0.2007987738392469 1.463059597290931
181 0.2002764936204 1.464752521014453
182 0.1997134440962553 1.466315272881499
183 0.1992449745650379 1.468087879817997
184 0.1986597229596302 1.469544587173039
185 0.198076592557767 1.470976172551972
186 0.1974795197629134 1.47237296113604
187 0.1969072005186874 1.473772857149319
188 0.1963345487146422 1.475213054174507
189 0.1956866987417248 1.476373814852335
190 0.1950709194218542 1.477616609500907
191 0.1944443435608727 1.478866433216133
192 0.1938769821613283 1.480186551037644
193 0.1932107836777792 1.481294285344754
194 0.1925589396545383 1.482273138312334
195 0.1919098318309914 1.483381015331641
196 0.1911977283241437 1.484240397533713
197 0.1905175463633487 1.485144729609121
198 0.1898535212990482 1.486161193976439
199 0.189169605875991 1.487028380244863
200 0.1884398625577763 1.487756179929126
201 0.1877286854708512 1.488503899277291
202 0.1870317036535102 1.489266763238453
203 0.1863192394676702 1.489920349409969
204 0.185576082411134 1.490550434831295
205 0.1848420866145687 1.491177011569154
206 0.184113129530388 1.491712783741053
207 0.1833738414870691 1.492314504649077
208 0.1826240698203903 1.492730058654377
209 0.181880269662167 1.493296555485402
210 0.1811377152617627 1.493665192991392
211 0.1803896836218788 1.494074059478243
212 0.1796030890987958 1.494446177469296
213 0.1788667556806979 1.494783270322213
214 0.1781227390767103 1.495102753127491
215 0.1773729941284609 1.495436034443222
216 0.1766249732482911 1.495728070393348
217 0.1758725793562092 1.495973994211736
218 0.1751288169779378 1.496221895765013
219 0.1743779669857535 1.496419163059941
220 0.17365395884078 1.496674623134674
221 0.1729122625466893 1.496863634060325
222 0.1721889682294182 1.497062489050718
223 0.1714704246686664 1.497292800310528
224 0.1707781731470807 1.497424025965616
225 0.1700486844241112 1.497583928737696
226 0.1693408418556614 1.497725820493383
227 0.1686483869104248 1.497865785518947
228 0.1679822284565675 1.498004104225795
229 0.1672782457103891 1.498129438102885
230 0.1666166539926333 1.498277778806156
231 0.1659567163293459 1.498401808008387
232 0.165296492023099 1.498505099325725
233 0.1646289975655231 1.498572191660038
234 0.1639788269529327 1.498655093377408
235 0.1633506858880807 1.498771460479329
236 0.1627218187127419 1.498859112391886
237 0.1620795853191945 1.498932563511152
238 0.1614741286165213 1.498983247890876
239 0.1608770201934819 1.499061770168602
240 0.1602633228598702 1.499135783637972
241 0.1596930004413123 1.499204911583034
242 0.1591052889900325 1.499278871891133
243 0.1585475702374796 1.499360958563964
244 0.1579942642488858 1.499432977181861
245 0.1574640434328131 1.499495669739526
246 0.1569084955917022 1.499564951504696
247 0.1563983588943378 1.499652159121155
248 0.155883951081892 1.499734248273433
249 0.1553577034722342 1.499806527358618
250 0.1548679419523141 1.499882714378374
251 0.1543760142564403 1.499951918289471
252 0.1538928523328594 1.500020166077222
253 0.1534145829088064 1.500067662827427
254 0.1529368629433617 1.500114289630377
255 0.1524691547732439 1.500190503663166
256 0.1520508015515028 1.500271279636326
257 0.1516076033092865 1.500371157256451
258 0.151193859643636 1.50042449277931
259 0.1507761210977708 1.500499235590099
260 0.1503740226653628 1.500567075091233
261 0.1499629559653531 1.500648181279025
262 0.1495876225026911 1.500729505229122
263 0.1491933708451238 1.50080538617832
264 0.1488299179760545 1.500878350346377
265 0.1484688110872181 1.500964493799768
266 0.1481192699203257 1.501059425602929
267 0.1477706199000783 1.501129841242633
268 0.1474342874826185 1.501212727462883
269 0.1470901081615662 1.501301413064298
270 0.1467749765864087 1.50136918480308
271 0.1464693726027007 1.501455762160725
272 0.1461676642771497 1.501542482147811
273 0.1458762303418274 1.501625893042843
274 0.1456090116338188 1.501728466966966
275 0.1453343342961659 1.501840154386155
276 0.1450820325245265 1.501946290932709
277 0.1448103596880547 1.502042997516841
278 0.1445623991889302 1.502129189070184
279 0.144322154311726 1.502220755493306
280 0.1441061516673307 1.502332736181224
281 0.1438726141439954 1.502429530649301
282 0.1436520489384185 1.502531182876869
283 0.1434459400977333 1.50262835201613
284 0.1432571704367061 1.502750970456622
285 0.143071705619882 1.502853124592546
286 0.1428818984173253 1.502961509864675
287 0.1427059131364396 1.503076756859563
288 0.1425398385493248 1.503181516687085
289 0.1423808728414739 1.503290389358906
290 0.1422312304048883 1.503404793330149
291 0.1420840812861436 1.503515554523104
292 0.1419500439345168 1.503631212986083
293 0.1418224045639608 1.50375299714047
294 0.1417006998545818 1.503871441468738
295 0.1415860215337699 1.503987440250123
296 0.141482186087915 1.504119550203163
297 0.1413859298595503 1.504242751731225
298 0.1412925716612952 1.504365174152736
299 0.1412059006644755 1.504485092402133
300 0.1411302009009483 1.504615498252606
301 0.1410607732209109 1.50474694838471
302 0.1409945375865086 1.504871821104926
303 0.1409361018008666 1.505005029492635
304 0.1408823580255575 1.505126142376779
305 0.140838011947913 1.505259682938649
306 0.1408013580732064 1.505397494656013
307 0.1407722820031517 1.505533397429162
308 0.1407461233495629 1.505669099770533
309 0.1407238561468339 1.505795113574545
310 0.1407098185840562 1.505928151362056
311 0.1407038285378605 1.506068444086241
312 0.1407054027737521 1.506214641211139
313 0.1407199600735157 1.50637992997913
314 0.1407321098925622 1.506525134362605
315 0.140749703036042 1.506671643401108
316 0.1407716385971176 1.506816768874363
317 0.1407997252244428 1.506965630147549
318 0.1408236425362842 1.507090054996097
319 0.1408693174232873 1.507259345705819
320 0.1409114871573253 1.507402905964156
321 0.140961168272298 1.507556506242899
322 0.14102296464819 1.507720864678767
323 0.1410815071707761 1.507873627892564
324 0.1411453887105429 1.508029478630489
325 0.1412110236128003 1.508175155487756
326 0.1412817749467052 1.508323963543886
327 0.1413581342612502 1.508476095214184
328 0.1414407017660256 1.508635448482307
329 0.1415271822584405 1.508793658407566
330 0.1416045697383858 1.508922775173146
331 0.1417075505537848 1.509101686761022
332 0.1418112308210144 1.509271904422232
333 0.1419169278621103 1.509438306509639
334 0.1420304785933725 1.509614807130962
335 0.142140308064884 1.509774484024974
336 0.1422563312623478 1.50993886399669
337 0.14237752453362 1.510108862927912
338 0.142502190558167 1.510279486031471
339 0.14263345239989 1.510458479248802
340 0.1427662975456722 1.510637592515916
341 0.1428941975041145 1.510794681707102
342 0.1430350785204222 1.510975335378345
343 0.1431703195715535 1.511131687494152
344 0.143320397724247 1.511320841641762
345 0.143467603010429 1.511494369192551
346 0.1436191541042404 1.511676515034329
347 0.1437752856946686 1.51186121113645
348 0.1439345895167465 1.51204811736899
349 0.1440978402866241 1.512239150253798
350 0.1442625252945544 1.512424483779297
351 0.1444337655233676 1.51262248994273
352 0.1446054612633567 1.512818967031419
353 0.1447788661454745 1.51301435011036
354 0.1449541291519454 1.513210083053153
355 0.145131516932961 1.513405724579346
356 0.1453264078148928 1.513644198673888
357 0.1454934791241754 1.513801575040611
358 0.1456884259587884 1.514025177106992
359 0.1458725969231218 1.514217223086072
360 0.1460599145787171 1.514415122327542
361 0.1462497707353871 1.514617253203738
362 0.1464286154804293 1.514787973633105
363 0.1466224750962378 1.514993265711394
364 0.1468211855142119 1.51520767699368
365 0.1470249910607169 1.515433302013281
366 0.1472282983192603 1.515652600119187
367 0.1474271167701174 1.515863892470433
368 0.1476340696077452 1.516086801198228
369 0.1478429792682324 1.516310021279285
370 0.1480531948563226 1.516534405545507
371 0.1482684899618948 1.516778364957639
372 0.1484828548280552 1.517004746325848
373 0.1486997642408089 1.517237193383326
374 0.148900180057683 1.517435170642782
375 0.1491130234193075 1.517660520140427
376 0.1493298811231523 1.517892277316186
377 0.1495473735893392 1.518126931273708
378 0.1497661065899592 1.518364345641779
379 0.1499902234149141 1.518615596980285
380 0.1502082742068376 1.518845565520727
381 0.1504292964288403 1.519085417339788
382 0.1506489656603382 1.519324170543994
383 0.150871195333397 1.519566088797379
384 0.1510939720432205 1.519810640037695
385 0.1513168185835542 1.520055839369461
386 0.1515408474168946 1.520303117099301
387 0.1517672098483996 1.520556930836186
388 0.1519917511489627 1.520807032940839
389 0.1522168582752619 1.521058418278524
390 0.1524414001847265 1.521308610081648
391 0.1526695276669913 1.521566287696517
392 0.1528947450067199 1.52182005931935
393 0.1531230684331098 1.522085854229149
394 0.1533437682326671 1.52232985417631
395 0.1535735728872095 1.522598707913249
396 0.1537950786587779 1.522844519444168
397 0.1540222076557372 1.523108797700564
398 0.1542495936429342 1.523375928130223
399 0.15447472249566 1.523636280571876
400 0.1546937655279785 1.523883555563315
401 0.154918541438484 1.524149082121
402 0.1551426924893269 1.524414194450787
403 0.1553678387618213 1.52468294767691
404 0.1555923710953824 1.524952628052161
405 0.1558157733021202 1.525218407859284
406 0.1560374570030086 1.525485097826409
407 0.1562548607369492 1.525745397885329
408 0.1564796295419426 1.526023745394133
409 0.1566997231190206 1.526290595296918
410 0.1569151227904231 1.526546506794583
411 0.1571355815215497 1.526822677112597
412 0.1573524558734248 1.527087932982709
413 0.1575811965448848 1.527374804890611
414 0.1577826867496089 1.527620773206993
415 0.1579977409683827 1.527888037286139
416 0.1582095170977902 1.528147629214782
417 0.1584217081320945 1.528422851316647
418 0.1586280875986956 1.52867654955882
419 0.1588327140796211 1.528928284688525
420 0.1590436388460049 1.529203371548966
421 0.1592474670154896 1.529460107461599
422 0.1594486820791078 1.529713423315845
423 0.1596500797555109 1.529966154171618
424 0.1598496841469806 1.530223923653913
425 0.1600540206041592 1.530486463151084
426 0.1602438129373505 1.530729359886925
427 0.1604336604019319 1.530973055137411
428 0.160625312538118 1.53122152985224
429 0.1608168471102488 1.531469195515218
430 0.1610059787692604 1.531714930126066
431 0.1611938270376117 1.531959460590276
432 0.1613800631755919 1.532204004279925
433 0.1615643935372275 1.532447424602
434 0.1617447240467979 1.532684388888439
435 0.161931004970034 1.532931099139709
436 0.162103737472933 1.533163559043473
437 0.1622774661670389 1.533393698766085
438 0.1624502183688137 1.533623067121141
439 0.1626209242627665 1.53385121989386
440 0.1627900228410508 1.534077563299411
441 0.1629566206163161 1.534303090014399
442 0.1631206446074482 1.534523098756552
443 0.1632821876152549 1.534741101940031
444 0.163441748736012 1.534956100895285
445 0.1635991965257198 1.535170723061515
446 0.1637544622544261 1.535384008058011
447 0.16390561818958 1.535589439695918
448 0.16405732008261 1.535794905378715
449 0.1642021350336134 1.535990244026569
450 0.1643460505469919 1.536186668907561
451 0.1644890357455792 1.536382966951101
452 0.1646316218956365 1.536582857744657
453 0.1647689666593876 1.536772434876561
454 0.16490383441563 1.536958231061435
455 0.1650353598110106 1.537137289134253
456 0.165164949533554 1.537315778488339
457 0.1652930894754955 1.537495205063017
458 0.1654148915782161 1.537660440934476
459 0.1655377824328501 1.537829297418249
460 0.1656576375885576 1.537996626234354
461 0.1657751555523123 1.538159124291844
462 0.1658897395599379 1.538320736131928
463 0.1660026506823549 1.538476286185216
464 0.1661119284689953 1.538630256961628
465 0.1662191372780391 1.538778562880007
466 0.1663236571820045 1.538926323609301
467 0.1664250243657711 1.539068489212485
468 0.1665239488559191 1.539209176062453
469 0.166620262706519 1.539342894590181
470 0.1667148762197966 1.539475724441812
471 0.1668062124190061 1.539605183843012
472 0.1668898558274764 1.539721736341567
473 0.1669748635016434 1.539837726774766
474 0.1670608032185859 1.539958570174957
475 0.1671428109012385 1.540074888491675
476 0.1672226454027565 1.540189297068306
477 0.1672992780607392 1.540297867889795
478 0.1673731766056989 1.540402341325355
479 0.1674433057774924 1.540501397891876
480 0.1675148065672947 1.540601472693083
481 0.1675799907000685 1.540696273059675
482 0.1676456969673369 1.540788443279766
483 0.1677083199333388 1.540879292003525
484 0.1677643296738523 1.54095852403179
485 0.1678225141418933 1.541041773198271
486 0.1678785486255545 1.541123304000389
487 0.1679310738630572 1.541197380044887
488 0.1679779248760543 1.541263484068729
489 0.1680243349070668 1.541329872724649
490 0.1680695433024411 1.541395333675734
491 0.1681145546877506 1.541461243976819
492 0.1681546011936053 1.541521848080932
493 0.1681940409701399 1.541581162657617
494 0.1682300549328634 1.541632648129591
495 0.1682631201350628 1.541682442196429
496 0.1683001694980733 1.541741750610825
497 0.1683274662089556 1.541778268364298
498 0.1683557800361871 1.541819904165851
499 0.1683876206918298 1.541871445728437
500 0.1684079289746696 1.541897070781514
501 0.1684354296182132 1.541943491481522
502 0.1684521971813816 1.54196458223273
503 0.1684741025726748 1.541997311095118
504 0.168488671864164 1.542018512743441
505 0.1685079849348411 1.542054187876624
506 0.1685179954930507 1.5420664345582
507 0.1685281272632114 1.542080624680441
508 0.1685424957927633 1.542108424044522
509 0.168547302155542 1.542111352473399
510 0.1685576944056304 1.542132732425234
511 0.1685606073810905 1.542134874960493
512 0.1685644267828962 1.542142903897407
513 0.1685655860125904 1.542145543009748
514 0.1685703132350528 1.542159248156892
515 0.1685661036582548 1.54214837928121
516 0.1685684712713937 1.542158708995337
517 0.1685598472797105 1.542140401920433
518 0.1685572469270955 1.542140417711253
519 0.168546762600248 1.542119339438059
520 0.1685387699080581 1.542106178706533
521 0.1685289875883212 1.542091158471657
522 0.168518843271345 1.542076074574545
523 0.1685066306564066 1.542057360002182
524 0.1684979851460634 1.542048913136232
525 0.1684805299460808 1.54201650111224
526 0.1684657992165894 1.541995247598097
527 0.168448036344238 1.541965441090646
528 0.1684289194136369 1.541932773956334
529 0.1684096947253892 1.541900260759915
530 0.1683894370166185 1.541866737582943
531 0.1683705602649852 1.541836175033288
532 0.1683502834881528 1.541801938572438
533 0.1683263298399573 1.541758173675519
534 0.1683008254909339 1.541712013922846
535 0.168277673652981 1.541673562241002
536 0.1682526302028799 1.541629328030563
537 0.1682240548958353 1.541575115063029
538 0.1681944328456039 1.541519382747448
539 0.1681690368779385 1.541474475426411
540 0.1681394029349858 1.541420523197783
541 0.1681120778708281 1.541373118920301
542 0.1680824501817835 1.54131862526476
543 0.1680510228872494 1.541258809411422
544 0.1680146958138191 1.541185916848618
545 0.1679806546260957 1.541119537597647
546 0.1679454081381793 1.541049650982105
547 0.1679109969720383 1.540979262340752
548 0.1678753650698163 1.540906176811469
549 0.1678397669416583 1.540836429192513
550 0.1678024386752296 1.540759309018752
551 0.1677657461156904 1.540684365357708
552 0.1677308427639659 1.540613035159483
553 0.1676948765040581 1.540538168211204
554 0.1676522400261288 1.540446925223113
555 0.1676126164629925 1.54036108928558
556 0.1675723434680534 1.540273187007161
557 0.1675363087837477 1.540194028132112
558 0.1674909682924347 1.54009487012598
559 0.1674492923075903 1.539999019623532
560 0.1674067912962943 1.539901318324635
561 0.1673649258795081 1.539804395151771
562 0.1673219356406129 1.539703996913144
563 0.1672797714048824 1.539603711165271
564 0.1672364961649213 1.539501933636208
565 0.1671923606332521 1.539394553633731
566 0.1671467379973989 1.539282582847482
567 0.1671013114240687 1.539168551263398
568 0.1670590734267571 1.539060503667071
569 0.1670132038057623 1.538945144305479
570 0.16696556837955 1.538824634682115
571 0.1669138133772179 1.538690279184258
572 0.1668664547007613 1.538563871498841
573 0.1668199786275318 1.538438229107765
574 0.1667725084982878 1.538308981169568
575 0.1667238989648349 1.538175668045961
576 0.1666748396666839 1.538037614918422
577 0.1666258769079069 1.537900645425758
578 0.1665784186320549 1.537762251956797
579 0.1665293169164489 1.537621512210265
580 0.1664797113048174 1.537477320760285
581 0.1664354693522472 1.537342158751972
582 0.1663793906216418 1.537180928718616
583 0.1663284456405223 1.53702631100075
584 0.1662821994025993 1.536879488623132
585 0.1662254958495201 1.536709053625145
586 0.1661751501139231 1.536549626203712
587 0.1661238516082113 1.536387002246164
588 0.1660659291998138 1.536207708446527
589 0.166013649940019 1.536034547788283
590 0.1659624085905972 1.535863564032415
591 0.1659110044712467 1.535690149154744
592 0.1658602137807686 1.535512947008494
593 0.1658055612738777 1.535330662621057
594 0.165754193336667 1.535148078287446
595 0.1657041485073263 1.534967669534361
596 0.1656494208381709 1.534774185371914
597 0.1655965826717591 1.534582053651987
598 0.1655454488875519 1.534392076240582
599 0.1654900428976729 1.534189040217623
600 0.1654401961492039 1.533996849762349
601 0.1653844848384942 1.53378650171252
602 0.1653329774577337 1.53358451570145
603 0.1652764617864566 1.533366814153932
604 0.1652242142446333 1.533158060040837
605 0.1651678974719351 1.532933269230478
606 0.1651142639247132 1.532716173473681
607 0.165058804025168 1.532489845293855
608 0.1650060852583164 1.532267625140042
609 0.1649515856660456 1.532038890651336
610 0.1648977987634874 1.531808298498898
611 0.1648427519535786 1.531571922976897
612 0.1647877669861321 1.531332337047314
613 0.1647328719630686 1.531089460055243
614 0.1646776832109314 1.530843246947057
615 0.1646224346280971 1.530593359854214
616 0.1645623320534529 1.530327516920832
617 0.1645080997803531 1.530072160811761
618 0.1644545200111703 1.529816118529783
619 0.1644032857793924 1.529562532117178
620 0.1643483339238533 1.529297586555119
621 0.1642947103695762 1.529033564603347
622 0.1642349709801701 1.528750311072673
623 0.1641801963371385 1.528475072519831
624 0.1641258634364468 1.528203054400118
625 0.1640731293661803 1.527922348969361
626 0.1640204222715404 1.527643021055983
627 0.163966034477163 1.527351903690699
628 0.1639122968646904 1.527061028331239
629 0.1638585448513617 1.52676670330507
630 0.16380678687519 1.526471879605308
631 0.1637530437199443 1.526171091334239
632 0.1636989072651927 1.525865526247943
633 0.1636448752112019 1.525556442529623
634 0.1635918919506566 1.525242878098116
635 0.1635377469730889 1.524926686397598
636 0.1634838387934544 1.524607577224474
637 0.1634314817461551 1.52429088069476
638 0.1633813184261309 1.523968076989754
639 0.1633275382794025 1.523639740336515
640 0.1632737092547978 1.523306319663914
641 0.1632202207214755 1.522969223982571
642 0.163165862510349 1.522629355930305
643 0.1631083798781749 1.522272556331636
644 0.1630544042780754 1.521918767847542
645 0.1630028635810005 1.521569221392363
646 0.1629492153184699 1.52121273327414
647 0.1628985356228133 1.520858953736269
648 0.1628478937203676 1.520499859530018
649 0.1627949300953621 1.520126654982387
650 0.1627465641399804 1.519767220766636
651 0.1627015157279467 1.519412023720329
652 0.1626464387474219 1.519028528499213
653 0.1625961276781426 1.518648291393069
654 0.1625454473087559 1.518267405176164
655 0.1624950324820864 1.517884150504051
656 0.1624449633086337 1.517495779032099
657 0.1623949413934112 1.517103643488268
658 0.1623451125175311 1.51670781994572
659 0.1622976584931103 1.516313874839789
660 0.1622501136083903 1.515916426737941
661 0.1621954960813705 1.515495962159447
662 0.162146781296098 1.515083837397684
663 0.1621008603563258 1.514682139383542
664 0.1620518472990253 1.514271329020123
665 0.162000432642926 1.513831869994297
666 0.161954294454796 1.513406669028289
667 0.1619064685907826 1.512980272823433
668 0.1618593544976769 1.512550765848697
669 0.1618123976340888 1.512116950253303
670 0.1617650508435152 1.511679695549514
671 0.1617189580895902 1.511237590661695
672 0.1616755367926599 1.510802919791634
673 0.1616261032445395 1.510344498921023
674 0.1615779396146394 1.509882777121672
675 0.1615322047196598 1.509426102486803
676 0.1614906517411759 1.508979546562918
677 0.1614413936122777 1.508502343985367
678 0.1613969869822186 1.508034565832201
679 0.1613558022341819 1.507577400424164
680 0.1613136466454007 1.507116525469785
681 0.1612700629279971 1.506640257865015
682 0.1612259905370171 1.50615758596339
683 0.1611819107395377 1.505670573405504
684 0.1611379880038935 1.505179983202317
685 0.1610906590617579 1.504662756141954
686 0.1610503754942186 1.504183004952715
687 0.1610111756000615 1.503682291915278
688 0.1609714508827667 1.503189878186899
689 0.160930293986147 1.502694084652744
690 0.1608854509259413 1.502173889307108
691 0.1608479759924955 1.501676751030067
692 0.1608084015517591 1.501166986698738
693 0.1607676925961499 1.500647833224743
694 0.1607284699438191 1.500132559463689
695 0.1606872672630392 1.499602427057154
696 0.1606485647808182 1.499076027054118
697 0.1606041064292645 1.498523006548737
698 0.1605667381792865 1.49799394741235
699 0.160530384109065 1.497466540282906
700 0.1604886087464128 1.496908666717001
701 0.1604544878860345 1.496379217023287
702 0.1604180675792827 1.4958359603521
703 0.1603811450406777 1.495285537348412
704 0.1603442090076657 1.494730772954819
705 0.160306991271256 1.494171782038947
706 0.1602707373664863 1.493610583106203
707 0.1602307479547362 1.493027689959967
708 0.1601975164743417 1.4924697883222
709 0.1601612936447827 1.491895620009841
710 0.1601289160964041 1.491332798981806
711 0.1600974124072623 1.490770411333734
712 0.160058729751185 1.49017718826159
713 0.1600173667250804 1.489574496919136
714 0.1599871809926251 1.488999943903575
715 0.1599568832055999 1.48842523804938
716 0.1599228665090393 1.487819393696066
717 0.1598937269811904 1.487237709386373
718 0.1598620371715116 1.486638273078645
719 0.1598279435988419 1.486035131573269
720 0.15979850150879 1.485443043252245
721 0.1597687579894414 1.484839629440295
722 0.1597375381068079 1.484224585490656
723 0.1597088162591016 1.483621879854924
724 0.1596794635719017 1.483008521403946
725 0.1596502424846792 1.482392096931965
726 0.1596215783510219 1.481773730295803
727 0.1595927000274548 1.481151235601163
728 0.1595611529500605 1.480513136601045
729 0.1595401573556754 1.479898955965341
730 0.1595124702182895 1.479270869198511
731 0.1594844495444331 1.478638910752197
732 0.1594551363834273 1.477998891547685
733 0.1594310451214702 1.477380932093482
734 0.1594017657838934 1.476723744825372
735 0.1593744410592829 1.476076220803444
736 0.1593428406408568 1.475416384869573
737 0.1593166521168231 1.474766634152712
738 0.1592932009709198 1.474121551376556
739 0.159270746709243 1.47348576705306
740 0.1592464802417456 1.472829990182908
741 0.1592157971313615 1.472132231410158
742 0.1591951574283357 1.471502046193728
743 0.1591731595132751 1.470842794987028
744 0.1591503659657069 1.470175284395987
745 0.1591264837268889 1.469495684593887
746 0.1591036606082365 1.468824559088409
747 0.1590823398391357 1.468146597232793
748 0.159060561131974 1.467472446760188
749 0.1590386944170054 1.466795208352246
750 0.1590173615803658 1.466117870672342
751 0.1589958366547812 1.465434849038388
752 0.1589748892074716 1.464751891281433
753 0.1589540987543197 1.464064880024507
754 0.158933688608674 1.463376815610502
755 0.158914529761218 1.462687896779076
756 0.1588945492636442 1.46199542297682
757 0.1588745637596299 1.461298635617759
758 0.1588549647119829 1.460600946678654
759 0.1588354897953698 1.459899101202025
760 0.1588163358597377 1.459194462818801
761 0.1587978210166211 1.458490222607242
762 0.1587797681535517 1.457784915726147
763 0.1587623055285478 1.457077792664728
764 0.1587448655130939 1.456368175709291
765 0.1587275710119735 1.455656525207423
766 0.1587107430999253 1.454943822497595
767 0.1586937175167451 1.454227225261335
768 0.1586770492618881 1.453509435889338
769 0.15866067049487 1.452789705850074
770 0.1586396354847585 1.452057165148924
771 0.1586242323354994 1.451333925995632
772 0.1586105647678953 1.450613191252027
773 0.1585961131806645 1.449888419218168
774 0.1585816728275075 1.449162076485605
775 0.158567237787123 1.448432752230675
776 0.1585529553031998 1.44770169196368
777 0.158538824317759 1.44696882084227
778 0.1585253785349376 1.446232952754353
779 0.1585116845560865 1.445497507794989
780 0.1584979425517246 1.444759500352903
781 0.1584843584598716 1.444019278671562
782 0.1584723901032889 1.44328126091183
783 0.1584600191065247 1.442540688730804
784 0.1584465899076798 1.441794719398185
785 0.1584326339451038 1.441043735986701
786 0.1584232867884302 1.440302207856286
787 0.1584100593594596 1.439551709443283
788 0.1583968489726351 1.438798757714529
789 0.1583825321065165 1.438040260869796
790 0.158369620384939 1.437283622451304
791 0.1583576515106971 1.436527346442395
792 0.1583461763046902 1.43577087930354
793 0.1583351016782138 1.435013210483667
794 0.1583243299559547 1.434254753181002
795 0.1583163090289289 1.433489272070934
796 0.1583052801988381 1.432728684382458
797 0.1582993828653908 1.431976285469673
798 0.1582891381759006 1.431215526533208
799 0.1582786211289826 1.430451073328523
800 0.1582649504347687 1.429676652933314
801 0.158254615595793 1.428908159091506
802 0.1582435255373019 1.428136300739398
803 0.1582342230633375 1.427366666273103
804 0.1582252240717802 1.426596374829566
805 0.1582168842434321 1.425825666912458
806 0.1582081705862258 1.425053338113199
807 0.1581978435848229 1.424274199165927
808 0.158189558241565 1.423499740057379
809 0.1581828074326587 1.422729449790359
810 0.1581746530998499 1.421952605442346
811 0.1581666516637331 1.421174795804193
812 0.1581592090357515 1.420397194251058
813 0.158151354624203 1.419617301450718
814 0.158143547702902 1.41883620648738
815 0.1581358483261765 1.418054096266147
816 0.1581282504358862 1.417271061330079
817 0.1581207990257442 1.416486426741563
818 0.15811323263968 1.415701420073986
819 0.1581057225850118 1.414916359957217
820 0.158098742039421 1.414130289216469
821 0.1580917134576798 1.413342988009979
822 0.1580847975025679 1.412555194401229
823 0.1580767854249177 1.411763842463288
824 0.1580700516443719 1.410974376434359
825 0.1580636119734397 1.410184931233961
826 0.1580573326926749 1.409394991707977
827 0.158051545128305 1.408605943897565
828 0.1580457085103076 1.407815430513291
829 0.158040173837463 1.407023787776814
830 0.1580338636990117 1.406230715586081
831 0.1580277373928686 1.405436862924638
832 0.1580206080777677 1.404638673891786
833 0.1580153738337317 1.40384732524424
834 0.1580099055566359 1.403052331607165
835 0.1580042268055582 1.402256439787857
836 0.1579987860801255 1.401458915351055
837 0.1579931022666683 1.400662635748053
838 0.1579874956951468 1.39986501053394
839 0.1579779446243801 1.39905890719144
840 0.1579764026461188 1.398270456458081
841 0.1579712432904168 1.39747221483359
842 0.1579657371282103 1.396672439362315
843 0.1579602092010848 1.395872073902534
844 0.1579547281748168 1.395071338249949
845 0.1579493327667659 1.394270299937685
846 0.1579440017641366 1.393468944977831
847 0.157938720785976 1.392667310596013
848 0.1579325955817448 1.391861373753962
849 0.1579274943081519 1.391059775882091
850 0.1579210301608546 1.390245080802941
851 0.1579174662902562 1.389457282830335
852 0.1579131333833906 1.388657851164377
853 0.1579084675423383 1.387854946032652
854 0.157903581363794 1.387050963257068
855 0.1578985922612742 1.386246661020168
856 0.1578935264820908 1.38544208357182
857 0.1578897357166919 1.384637895558021
858 0.1578848351688966 1.383833793326603
859 0.1578785311099074 1.383016537320323
860 0.1578750623571863 1.382225456690038
861 0.1578705609841599 1.38142280723039
862 0.1578657349335288 1.380617414632245
863 0.1578607395634802 1.379811545255585
864 0.1578556450535651 1.379005344459644
865 0.1578486299461464 1.378194963542102
866 0.1578457973288845 1.377395528228431
867 0.1578377095012856 1.37658331243189
868 0.1578330429078733 1.375776421875774
869 0.15782845192812 1.374970225530064
870 0.1578238373148449 1.374164131049359
871 0.1578189275538075 1.373355244162789
872 0.1578128000484094 1.372536834369256
873 0.1578092867820625 1.371745734418606
874 0.1578052534784772 1.370942793627077
875 0.1578018903470263 1.3701429014434
876 0.157797218443635 1.369335898145249
877 0.1577919841339119 1.368527854393983
878 0.1577864980632408 1.367719921318544
879 0.1577794835449035 1.366898171882355
880 0.1577748842167142 1.366103943184399
881 0.1577701022891121 1.365299705873245
882 0.157765007335235 1.364493269671504
883 0.1577595732097226 1.363685855335596
884 0.1577522064112183 1.362864419691975
885 0.1577458447560553 1.362056645474581
886 0.1577405701826306 1.361253574100239
887 0.1577354929505178 1.360450558442513
888 0.1577304358675291 1.359646871721157
889 0.1577252578838679 1.358842977899636
890 0.1577198377377639 1.358038110321444
891 0.1577142829622143 1.357233420919959
892 0.1577086223240695 1.356428194570982
893 0.1577027786753869 1.355623045930296
894 0.1576967027064309 1.354817287744494
895 0.1576905387910421 1.354011803053787
896 0.1576873131173183 1.353219418230154
897 0.1576806507315397 1.352413218119394
898 0.1576721627695379 1.351599355816879
899 0.1576615002559551 1.350768683360519
900 0.1576617967711377 1.350000991063558
901 0.1576544657417767 1.349189322253417
902 0.1576469339031869 1.348382543550793
903 0.157639356178975 1.347575943271772
904 0.1576333158478994 1.346779738289211
905 0.1576233997061249 1.345961310106628
906 0.1576158374976513 1.345155884007234
907 0.1576085358591068 1.344352199518123
908 0.157601308239337 1.343549046225873
909 0.1575940299905188 1.342746028030524
910 0.1575867383196549 1.341943318993675
911 0.1575793860748396 1.34114083406649
912 0.1575719462386838 1.340338569996771
913 0.1575646946746322 1.339537606859787
914 0.1575576559671125 1.338738435113701
915 0.1575477970658761 1.33792183847949
916 0.1575421619740179 1.337135129053925
917 0.1575344901081381 1.33633580939609
918 0.1575264474825447 1.33553449326213
919 0.1575181687249255 1.334733103252432
920 0.1575097481201918 1.333932032393212
921 0.1575012314125752 1.333131376648141
922 0.1574926515028723 1.33233116480179
923 0.1574818351920222 1.331516896531661
924 0.15747484171003 1.330731870877549
925 0.1574667682756262 1.329935416973222
926 0.1574581648586221 1.329137088738777
927 0.1574492394980808 1.328338557487231
928 0.1574401006914457 1.327540080383495
929 0.1574308098769097 1.326741995352156
930 0.157419229868344 1.325929826606582
931 0.1574113476031738 1.325146365750179
932 0.1574024976216889 1.324352039906767
933 0.1573931484401568 1.323556006632456
934 0.1573834585271622 1.32275979228344
935 0.1573735690182845 1.321963800253962
936 0.157361395721518 1.321153811673455
937 0.1573461187140613 1.320357319482862
938 0.1573368479665926 1.319564980964253
939 0.1573279861555304 1.318773273050012
940 0.1573186298250683 1.317981287889143
941 0.1573095326338809 1.317187835332137
942 0.1572997411748227 1.316397093123515
943 0.1572896450800644 1.315605973260708
944 0.1572792703094494 1.314814837947895
945 0.1572686353806887 1.314023715809757
946 0.1572577475510935 1.313232658742848
947 0.1572455797796807 1.312430723189358
948 0.15723487245547 1.311651158677789
949 0.1572238570663033 1.310862611593649
950 0.1572124336555727 1.310072544003392
951 0.1572007627542233 1.309282651394114
952 0.1571889172497973 1.308493317117668
953 0.1571767331173611 1.307703757436342
954 0.1571644136910261 1.30691456693944
955 0.1571520025473575 1.306125873740039
956 0.1571394853948809 1.305337675725371
957 0.1571257197230558 1.304538587735266
958 0.1571132724917538 1.303763137451531
959 0.1571014000732839 1.302978605082443
960 0.1570889169118818 1.302192729386872
961 0.157075916679415 1.30140665588143
962 0.157062709787104 1.30062074378542
963 0.1570503162872931 1.29983757413828
964 0.157036780063867 1.299052701037159
965 0.1570229598078716 1.298267923736249
966 0.1570089876951474 1.297483540729519
967 0.1569936643739946 1.296687993341338
968 0.1569800828638759 1.295915790654725
969 0.1569671530585306 1.295135348827108
970 0.1569527526013307 1.294353576938557
971 0.156938140147936 1.293571517376827
972 0.1569233748835104 1.292789698174178
973 0.1569085087578634 1.292008562584378
974 0.1568936105631861 1.291228184879775
975 0.1568785217792729 1.290447922199689
976 0.1568632812202115 1.289667732328017
977 0.1568465676486679 1.288876899174302
978 0.1568319277606463 1.288108570022817
979 0.1568172263284479 1.287333473362532
980 0.1568019789897184 1.286556560909068
981 0.1567863098758425 1.285780545553945
982 0.1567705008165259 1.285002789506096
983 0.1567542835663756 1.284226092515769
984 0.1567379864008074 1.283449786358768
985 0.1567215876296307 1.282674007966845
986 0.1567050878925488 1.28189880818526
987 0.1566887989159154 1.281124840747492
988 0.1566717621934663 1.280349977698366
989 0.1566549418002589 1.279576432864482
990 0.1566380330872752 1.278803490464654
991 0.1566209998397257 1.278031061863184
992 0.1566038383971935 1.277259129830406
993 0.1565865508292227 1.276487817896629
994 0.156569127418997 1.275716806885853
995 0.1565515608529424 1.274946237710892
996 0.1565338567184756 1.274176151434889
997 0.1565160212783858 1.273406548097553
998 0.1564980554249021 1.272637423072251
999 0.1564799923733221 1.27186875208722
1000 0.1564615536267089 1.2711001557161
1001 0.1427666280478637 1.243584713807736
1002 0.1327795359146854 1.223775126197555
1003 0.1263357703920209 1.210999970456837
1004 0.1217300221979659 1.202399493036143
1005 0.1186257191227286 1.197187595290307
1006 0.1166698935396767 1.194584464591087
1007 0.1154177710721363 1.193436611852616
1008 0.1145789066530633 1.193370864060386
1009 0.1142501701877381 1.194241143965385
1010 0.1142783512898199 1.195709956988764
1011 0.1145020003271647 1.197516678926069
1012 0.114857840417894 1.199498033856133
1013 0.1152339617130172 1.201494667257884
1014 0.1156270269486845 1.203447732211101
1015 0.116011092810012 1.205376998063667
1016 0.1163603211970627 1.20714401045878
1017 0.1166527044990398 1.20877821350483
1018 0.1168834648764381 1.210268402222767
1019 0.1170651727762985 1.211663144379553
1020 0.1171926900305379 1.212927031598475
1021 0.1172783604498222 1.214078986863271
1022 0.1173245604825366 1.215240544648974
1023 0.1173478823422987 1.216309442076919
1024 0.1173374126828293 1.217262758091814
1025 0.1172828526381222 1.218199172040536
1026 0.1172266876439564 1.219078174256391
1027 0.1171474365647939 1.219911222991518
1028 0.1170551278148156 1.220696824204872
1029 0.1169558195980188 1.221457800985611
1030 0.1168475598120889 1.222182192479161
1031 0.1167377474916687 1.222884472843359
1032 0.1166207036319577 1.223548879210995
1033 0.1164990282837933 1.224184859005157
1034 0.1163793278451417 1.224790633922503
1035 0.1162607327505065 1.225370495432685
1036 0.1161432960655648 1.225924041074213
1037 0.1160285022286302 1.226451462491831
1038 0.1159164575702228 1.226954713539543
1039 0.1157990657965643 1.227434335401384
1040 0.1157009766736023 1.227878566637849
1041 0.1156015774082934 1.228307634877677
1042 0.1155077437759012 1.228727523790922
1043 0.1154166823403268 1.229114758082057
1044 0.1153198905891835 1.229454739064316
1045 0.1152378912443838 1.229797841292843
1046 0.1151625606080218 1.230125241962512
1047 0.1150929723875522 1.230434948988302
1048 0.1150293016763736 1.230726899830788
1049 0.1149702505487116 1.231001432956496
1050 0.114921731964714 1.231278690891945
1051 0.1148654055124824 1.231500899955822
1052 0.1148208653241003 1.23172437921911
1053 0.1147827330163579 1.231938231457693
1054 0.11474992897389 1.232139497194229
1055 0.11472439052127 1.232318210545823
1056 0.1146950250502282 1.23249498499438
1057 0.1146774541695678 1.232653768648822
1058 0.1146666587945832 1.232820710408885
1059 0.1146561803893064 1.232966306419111
1060 0.1146500965419842 1.233098851188984
1061 0.1146481925334526 1.233220662234993
1062 0.1146566275136548 1.233349852314236
1063 0.1146632149211451 1.233453899061844
1064 0.1146720358471535 1.233544710285163
1065 0.1146807178703516 1.233618068435154
1066 0.114707523836575 1.23371378492443
1067 0.1147147854174356 1.233752512777952
1068 0.1147337811699391 1.233803312482398
1069 0.1147594489031877 1.233853876727967
1070 0.1147858008887134 1.233892620007272
1071 0.1148122982507509 1.233917444177889
1072 0.1148430741527812 1.233938932046744
1073 0.1148817714441249 1.233964949253444
1074 0.1149183916556213 1.233974954322634
1075 0.1149523811048129 1.233963279127622
1076 0.1149925307009737 1.233958433118196
1077 0.1150278933344422 1.233929867481905
1078 0.1150698129704291 1.233906774272977
1079 0.1151117017551423 1.233876262866528
1080 0.1151504352884073 1.233820077185929
1081 0.1151934302281385 1.233766457755068
1082 0.1152390266914129 1.233715678314912
1083 0.1152792609873439 1.233636315742883
1084 0.1153231740176858 1.233560064164179
1085 0.1153695950025929 1.233487428627039
1086 0.1154091040988432 1.233382644614786
1087 0.1154534641569915 1.233283262106335
1088 0.1154995730643061 1.23318890967641
1089 0.1155421162543011 1.233066466592799
1090 0.1155860802350888 1.232946954690654
1091 0.115632059909636 1.23283413575674
1092 0.1156720031880008 1.232686443282753
1093 0.1157160342119482 1.232558980091908
1094 0.1157544095793123 1.232396504319836
1095 0.1157968885254653 1.232254247142489
1096 0.11583572137385 1.232092852522065
1097 0.1158731217422576 1.231921884854415
1098 0.1159098831982146 1.231744549644938
1099 0.1159413500179628 1.23155015283049
1100 0.115975293666639 1.231360883696707
1101 0.1160095762430748 1.231169064187982
1102 0.1160426408690034 1.230972290718557
1103 0.1160744738421686 1.230769794041852
1104 0.116104809054006 1.230559979236332
1105 0.116133608738238 1.230344605435801
1106 0.1161609397291795 1.230123755207494
1107 0.1161854862348332 1.229894846330594
1108 0.1162089400326918 1.22966179254661
1109 0.1162309816179475 1.229423011810733
1110 0.1162527489335903 1.229181200722226
1111 0.116272016720522 1.228933474382163
1112 0.1162888362893707 1.228679729805598
1113 0.1163062421079025 1.228425112637992
1114 0.1163192861026115 1.22816212899693
1115 0.1163301038925596 1.227893048605067
1116 0.1163390806188444 1.227618683545149
1117 0.1163462789616416 1.227339746773383
1118 0.1163517063030922 1.227055822559064
1119 0.1163543840908886 1.226765822203145
1120 0.1163562151890227 1.226473680094247
1121 0.1163562704868827 1.226179100540852
1122 0.1163545359460857 1.225878994125935
1123 0.1163505508551471 1.225575841564642
1124 0.1163449078683811 1.225268126692516
1125 0.1163451898128862 1.224973267701012
1126 0.1163366536425893 1.224658421380444
1127 0.1163144022932751 1.224321763075621
1128 0.1163059342134022 1.223995360159168
1129 0.1162844397072963 1.223664763203366
1130 0.1162718951267206 1.223354314815004
1131 0.1162483698118545 1.223005848788447
1132 0.1162331298330965 1.222666291677815
1133 0.116203780017948 1.222319855320993
1134 0.1161776438743841 1.221976684635954
1135 0.1161534980782694 1.221644871723214
1136 0.1161183244528283 1.221276748733747
1137 0.1160830152328002 1.220912114398329
1138 0.116050438288737 1.220565302522803
1139 0.1160064648532074 1.220177893330382
1140 0.1159642381274356 1.219798610345991
1141 0.1159166800049114 1.219417788205545
1142 0.1158678053596424 1.219034636367026
1143 0.1158159749917873 1.218645884608678
1144 0.1157671611437907 1.218268089382516
1145 0.1157041444950722 1.217855677897609
1146 0.1156451909042683 1.21745182638461
1147 0.1155769687724051 1.217031647861714
1148 0.1155107961516545 1.216619994945801
1149 0.1154393003710632 1.216198573930314
1150 0.1153648591158598 1.215772290006232
1151 0.115287047079409 1.21533981164751
1152 0.1152056224321319 1.214901765292378
1153 0.1151221661350507 1.214458738569905
1154 0.1150334863287739 1.214008307554093
1155 0.114941062271074 1.213551421516398
1156 0.1148448820692895 1.213088067425675
1157 0.1147449551654631 1.212618282546751
1158 0.1146410510092898 1.212142782315864
1159 0.1145318962489447 1.211658436968426
1160 0.1144198655259125 1.211167424642269
1161 0.114303371349385 1.210669064500524
1162 0.1141768680311816 1.210155742895789
1163 0.1140495711349081 1.209633036926357
1164 0.1139245022593567 1.209121051737495
1165 0.1137960814517141 1.20859504581522
1166 0.1136603353295042 1.208064828959343
1167 0.1135275345463931 1.207536661680884
1168 0.1133734683636301 1.206974803452063
1169 0.1132391683423665 1.206451032560062
1170 0.1130708773810168 1.20586019401782
1171 0.1129232587252362 1.205302244930034
1172 0.1127482221884035 1.204701175867215
1173 0.1125799516442721 1.204118995883747
1174 0.1124112120788173 1.203524834177825
1175 0.1122386106465854 1.202922379094739
1176 0.112067850907754 1.202313642665936
1177 0.1118897919944433 1.201706837022922
1178 0.1117072858633936 1.201092836052885
1179 0.1115176373844221 1.200461627349283
1180 0.1113231960545574 1.19980968278663
1181 0.1111271197794061 1.199176829051634
1182 0.1109284650907754 1.198529123993242
1183 0.1107204359813722 1.197848273875408
1184 0.1105174806347638 1.197200163947512
1185 0.1103106949181156 1.196535659837211
1186 0.1100971511289278 1.195855645033589
1187 0.1098805646741774 1.195166991917402
1188 0.1096481088555241 1.194431666623001
1189 0.1094349028836018 1.193764168646622
1190 0.1092158595250555 1.193076532060787
1191 0.1089903407602266 1.192370982139918
1192 0.1087601362662776 1.191650906339631
1193 0.1085298086023137 1.190934491066589
1194 0.1082930741604945 1.190196076116714
1195 0.1080599060000843 1.189474264529215
1196 0.1078248112585175 1.188748065326599
1197 0.1075887610501906 1.188018961428296
1198 0.1073564088565869 1.187303700571166
1199 0.1071177518087639 1.186566175163603
1200 0.1068765827421508 1.185822536319082
1201 0.1066380576211692 1.185083760459953
1202 0.1063979318917791 1.184341944059531
1203 0.1061551313871787 1.183593294021932
1204 0.105909816855602 1.182841162453792
1205 0.1056659007671738 1.182087257662729
1206 0.1054257987012015 1.181343504418793
1207 0.1051832505623591 1.18059064888667
1208 0.1049389294406059 1.179833493142138
1209 0.1046946526054739 1.179075058917534
1210 0.1044425767290849 1.178293733861044
1211 0.1041985479533015 1.17754397316345
1212 0.1039499194259106 1.176758732113452
1213 0.1037138481680721 1.176024257113028
1214 0.103469883677671 1.175248560259576
1215 0.1032373754664749 1.174521353082413
1216 0.102996163510006 1.173749921427664
1217 0.1027662852537545 1.173026469858632
1218 0.1025371463943895 1.172292273495666
1219 0.1022951586220483 1.171511790410698
1220 0.1020706437133782 1.170796846438845
1221 0.1018363889645442 1.170032559901833
1222 0.101612747192357 1.169315500511849
1223 0.1013733683093315 1.168535677961832
1224 0.1011654545997783 1.167849394736411
1225 0.1009346149357835 1.167086234377861
1226 0.100731043469581 1.16640681215226
1227 0.1005237661603047 1.165707305622644
1228 0.1002949462004511 1.164940492143525
1229 0.1000887146286986 1.164241314963449
1230 0.09989485252532873 1.163574431313104
1231 0.09970207769946013 1.162883542548699
1232 0.09950850869476587 1.162206567139829
1233 0.09931080239115679 1.161516876159429
1234 0.09911384211137672 1.160826682944589
1235 0.09891909609865986 1.160139822514089
1236 0.09872031762915578 1.159438107968066
1237 0.09853315040054889 1.158774933719794
1238 0.09835600185771655 1.158111827428681
1239 0.09817747917958289 1.157452325664181
1240 0.09800236190943996 1.156798934649327
1241 0.09782435577584049 1.156140072449869
1242 0.09766049615193964 1.155509467803491
1243 0.09751042383405756 1.15491485814907
1244 0.0973341947110121 1.154227234529318
1245 0.09717687250432747 1.153615015284684
1246 0.09703403325765629 1.153035592862014
1247 0.0968715563679447 1.152379306471965
1248 0.09672665799920756 1.151784195471507
1249 0.09658568208522331 1.151190280852917
1250 0.09645794538263558 1.150635193673792
1251 0.09631137536692463 1.150010448743763
1252 0.09617967534956404 1.149438771570971
1253 0.09605026749932576 1.148860553766215
1254 0.09592835396077941 1.148307837109749
1255 0.09580506511061926 1.147741115901079
1256 0.09568929314121927 1.147199499992568
1257 0.09555022426235063 1.146599366243483
1258 0.0954354447940122 1.146052201260363
1259 0.09533170641581945 1.145528539858924
1260 0.09523285580814911 1.145012799797342
1261 0.09511971157324821 1.144454458343148
1262 0.0950250886159769 1.143945117185946
1263 0.09497893649891008 1.143565015654995
1264 0.09489951605658806 1.143088013869682
1265 0.09481492460129447 1.14259738812803
1266 0.0947310717751166 1.142107749202349
1267 0.09464896850618262 1.141621369819712
1268 0.09456877428634125 1.141139389274195
1269 0.09449066463834083 1.140660973237742
1270 0.09441528758822801 1.140189386411345
1271 0.09435061561550774 1.139739585333124
1272 0.09427592359158762 1.139268357339436
1273 0.09420963198600985 1.138816796873689
1274 0.09413452665229009 1.13834514382486
1275 0.09406685375018933 1.137888723608196
1276 0.0940049574980292 1.137444392465633
1277 0.09394624214779186 1.137007394809255
1278 0.09388997942586691 1.136575979727914
1279 0.09383302137025318 1.136145841343951
1280 0.09377408096164203 1.135697665883399
1281 0.09372379527582109 1.135271921011975
1282 0.0936772153743341 1.134870813606191
1283 0.09363144350694823 1.134465122437632
1284 0.09358598001120563 1.134059128882982
1285 0.09354084798731127 1.133654233556239
1286 0.0934961378774827 1.133250989812241
1287 0.09344357269078479 1.132827536884037
1288 0.09339699828117858 1.132420415060047
1289 0.09335241233983904 1.132018734494647
1290 0.0933085014274294 1.131619275567151
1291 0.09326369442715803 1.131218270043343
1292 0.0932336439200962 1.130859549336629
1293 0.0931905524972922 1.130462264593862
1294 0.09314458240292192 1.130059202394564
1295 0.09309778680539822 1.129655877533003
1296 0.09305083163336732 1.129253141733765
1297 0.09300331602170019 1.128851073226496
1298 0.09295523559479452 1.128448481482131
1299 0.09290701472507101 1.128046290939614
1300 0.09285812287283159 1.127647179091868
1301 0.09280885997999277 1.127244648945254
1302 0.09273856266828624 1.126792070791196
1303 0.09268620676635103 1.126382666900178
1304 0.09263775633788925 1.125984371261962
1305 0.09259003796207307 1.125589340655424
1306 0.09254149226204575 1.1251937349035
1307 0.09249209895237391 1.124797045464381
1308 0.09244163850016705 1.12439865743921
1309 0.09238666194615558 1.123992692716951
1310 0.09233371444459204 1.123586846231508
1311 0.0922800397815793 1.12318464309153
1312 0.09222954593411156 1.122794015010319
1313 0.09217430351426036 1.122390326311351
1314 0.09211714461688174 1.121983367554563
1315 0.09205860801847425 1.121573586057208
1316 0.09199842095405944 1.121161163418825
1317 0.09194044726804131 1.120755269125381
1318 0.09187949498823744 1.120344892742013
1319 0.09181674811685751 1.119930240092615
1320 0.09175230194717474 1.119512853521772
1321 0.09168666761095615 1.119093438568881
1322 0.09161993819694945 1.118672702273769
1323 0.09155193182764346 1.11825046425698
1324 0.09148302643508692 1.117826768951901
1325 0.09141306724909556 1.117402258860323
1326 0.09134247179882514 1.116976976499274
1327 0.09127134682682705 1.116550736242413
1328 0.09119940124320869 1.116123621906755
1329 0.09112657767627624 1.115695417878428
1330 0.09105276060501052 1.115265335398753
1331 0.09097319327423424 1.114823577326227
1332 0.09089767908818801 1.114392377627332
1333 0.0908232372489564 1.113963671809097
1334 0.09074873318550551 1.113535990344119
1335 0.09067460018724743 1.113110393633771
1336 0.09059949462893072 1.112682693100681
1337 0.09052367708713127 1.112254233678154
1338 0.09044752834575012 1.111824637937712
1339 0.0903703314647966 1.11139451412742
1340 0.09029273806421509 1.110963352334233
1341 0.09021409283921743 1.110531967541894
1342 0.09013415761341129 1.110096246147157
1343 0.0900546978167585 1.10966340865879
1344 0.08997541468583929 1.10923156805897
1345 0.08989606191956073 1.108800127915905
1346 0.08981716358443007 1.108366558621567
1347 0.08973680254750774 1.10793493780802
1348 0.08966811625832288 1.107523992652101
1349 0.08958686572499922 1.107090456408403
1350 0.0895096913971787 1.106670339392409
1351 0.08942508827199407 1.106232708459729
1352 0.0893449595306018 1.105803705085391
1353 0.08926458422516613 1.105377518572918
1354 0.08918832000688667 1.104958083563153
1355 0.08909316841029825 1.104491065344433
1356 0.08902023676939669 1.104081872059546
1357 0.08892938675287347 1.103629392518069
1358 0.0888474269233599 1.1031978702221
1359 0.08876721629316761 1.102770386868001
1360 0.08868620077830656 1.102346328622781
1361 0.08860577700108692 1.101919620086206
1362 0.08852574561470135 1.101493541014691
1363 0.08843956206681827 1.101040423069685
1364 0.08836296583018922 1.10063583128111
1365 0.08829378699056495 1.100241142604159
1366 0.08820708127949864 1.099793720852288
1367 0.08812687393641368 1.099371736271843
1368 0.08803990043575058 1.098938083709787
1369 0.08796344820502354 1.09852615397252
1370 0.08788754038686021 1.098110760942101
1371 0.08781172729191511 1.097695454952021
1372 0.08773216965686574 1.097266515325311
1373 0.08765963094406798 1.096857557367462
1374 0.08757946037462024 1.096435693852859
1375 0.0875085872787166 1.096032351734877
1376 0.08743573895072444 1.095630070586601
1377 0.08735598940574783 1.095216499719217
1378 0.08728172581168872 1.09480970384838
1379 0.08718396257638075 1.094340451963024
1380 0.0871080237249023 1.093922569820333
1381 0.08704492406432707 1.093546615411871
1382 0.08696773014702591 1.093133868041577
1383 0.08689687716636316 1.092729180622506
1384 0.08682683832759817 1.092331323308489
1385 0.08677742164866344 1.091984652339047
1386 0.08670897830918388 1.091591277510394
1387 0.08663707484086726 1.091190338379519
1388 0.08656462144869892 1.090787369300943
1389 0.0864929073641381 1.090386135174412
1390 0.08642081660629197 1.089984656749523
1391 0.08634878526855994 1.089583743049508
1392 0.08627709461112804 1.089183475286376
1393 0.08620570579489577 1.088784214824798
1394 0.08613460780725826 1.088385993884818
1395 0.08606437129015652 1.087989622748097
1396 0.08599735868020535 1.087601136821661
1397 0.08592817388882366 1.087207346637488
1398 0.08585944889832908 1.086814018500156
1399 0.08579118662923803 1.086422034316978
1400 0.08572345315164553 1.086033568886372
1401 0.08565646479585212 1.085645239601949
1402 0.08558951402125715 1.085256231107902
1403 0.08552056423883353 1.084858413487873
1404 0.08545674922929491 1.08447648385171
1405 0.08539109318417576 1.084092743891579
1406 0.08532504756412926 1.083707175550928
1407 0.0852599119637243 1.083324970781068
1408 0.08519529004014846 1.082943111085418
1409 0.0851310639631923 1.082562753834542
1410 0.08506743448501297 1.082182404360216
1411 0.08500263578413726 1.081800224016115
1412 0.08493911355263357 1.081420911831893
1413 0.08487557526311296 1.081041019813917
1414 0.08481264250522597 1.080663213297314
1415 0.08475063335860784 1.080286475581204
1416 0.08468842849927188 1.079910232576841
1417 0.08462631596573481 1.079534039573852
1418 0.08456749984878131 1.07916702610418
1419 0.08450662483153834 1.078795991268023
1420 0.08444388057027197 1.078417088941949
1421 0.08438202244086583 1.078041728415316
1422 0.08432051769280249 1.07766718622255
1423 0.08425917582480458 1.077293204539893
1424 0.08419870732151291 1.076921944077312
1425 0.08413757050848708 1.076548526320923
1426 0.08407661488788649 1.076175538333878
1427 0.0840155725399709 1.075803576223473
1428 0.08395492482763138 1.075431895573141
1429 0.08389245412946292 1.075058478114986
1430 0.08383602890200652 1.074696752229839
1431 0.08377663385660176 1.074320942630686
1432 0.08371731334320183 1.07395768883703
1433 0.08366003425669752 1.073595207131995
1434 0.08359502590783349 1.073200537143766
1435 0.08353788890190252 1.072845094491145
1436 0.0834813308116307 1.072486496039045
1437 0.08341679136100881 1.072095035421042
1438 0.08336038297984998 1.071742965544556
1439 0.08330435057965134 1.071384750024586
1440 0.08324011724773188 1.070994191772217
1441 0.08318347422075167 1.070639937315325
1442 0.08312851754038449 1.070283140635945
1443 0.08306560410465164 1.069894727638132
1444 0.08300812957116613 1.069540546067211
1445 0.08295256632985434 1.069183015333811
1446 0.08288985031433314 1.068794958010144
1447 0.08283430956879476 1.068443705363204
1448 0.08277927365654182 1.068088132926541
1449 0.0827226315380104 1.067725625974523
1450 0.08265894930082725 1.067334085083578
1451 0.08260358964546002 1.066984920741208
1452 0.08254906309980749 1.066630425009182
1453 0.08249279357085168 1.066269117485102
1454 0.08243582229495354 1.065904736534178
1455 0.08237351884668294 1.065520815840245
1456 0.08231975731140233 1.065172970247308
1457 0.08226369951009534 1.064812545321602
1458 0.08220224326367841 1.064429946946881
1459 0.0821449098672101 1.064065617132971
1460 0.0820915404761563 1.063720562556616
1461 0.0820372201471022 1.063364155697065
1462 0.08197665765869405 1.062982975246488
1463 0.08191798960065647 1.062609951609593
1464 0.08186515119186327 1.062268207351596
1465 0.08180674640386643 1.061896483123347
1466 0.08175395146348979 1.061550368906151
1467 0.08169445611482457 1.061173454606619
1468 0.08163717443802369 1.060802687617656
1469 0.08158503129769115 1.060461562357952
1470 0.08152733285942318 1.060089592684693
1471 0.08147044963799641 1.059725579129237
1472 0.08141368896540338 1.059358144696948
1473 0.08136206024479002 1.05901830938421
1474 0.08130516503266652 1.058649518378549
1475 0.0812489620179128 1.058285250369974
1476 0.08119148003155938 1.05791537096442
1477 0.08113656751937853 1.057559828212526
1478 0.08108345442371842 1.05720471387994
1479 0.08102582755621958 1.056834149825152
1480 0.08097108127389026 1.056477408165918
1481 0.08091879988640613 1.056123663957158
1482 0.08086418860384384 1.055764335896166
1483 0.08080885977423358 1.055403395902109
1484 0.08075378352023395 1.055042302836138
1485 0.08069805871250015 1.054680237651643
1486 0.08064282159234577 1.054318296307274
1487 0.0805875224567645 1.053956239085464
1488 0.08053222304924168 1.053594211733522
1489 0.0804769408374949 1.053231684201062
1490 0.08042186504608884 1.052869762918207
1491 0.08036697113023344 1.052508036040309
1492 0.08031186498686509 1.052146041529175
1493 0.0802566387905721 1.051783732028304
1494 0.08020025127550727 1.051419381751789
1495 0.08014549820834831 1.051056320660701
1496 0.08009100108964366 1.050694627936357
1497 0.08003631423017502 1.050332667673126
1498 0.07998179322124417 1.049970749211675
1499 0.07992743750295703 1.049609514782553
1500 0.07987285870664311 1.04924731066886
1501 0.07981853128487429 1.048885457577759
1502 0.07976413022941375 1.04851704784854
1503 0.07970915191031773 1.048159781941439
1504 0.07965590545348909 1.0478013126816
1505 0.07960264340499731 1.047440910486557
1506 0.07954854730145183 1.047078605539223
1507 0.0794923772195732 1.046700991087758
1508 0.07943875611736281 1.046348551485986
1509 0.07938181868589264 1.045982285872266
1510 0.07932346492252521 1.045598701561461
1511 0.07927704183417353 1.04526065100462
1512 0.07922415204568392 1.044901442449599
1513 0.07916394458425122 1.044515077738339
1514 0.07911831326875776 1.044176598116803
1515 0.07906738708339776 1.04382187272026
1516 0.07901502053301587 1.043462698805504
1517 0.07896213344117876 1.043100016770073
1518 0.07890879747639809 1.042737341748084
1519 0.07885527663483483 1.042373139616483
1520 0.07879830240010371 1.041994743241174
1521 0.07874600050553217 1.041636513016678
1522 0.07869194771865737 1.041269184018784
1523 0.07863675346105434 1.040897815655502
1524 0.07858616761670857 1.040543402753128
1525 0.07852851784933902 1.040165652768634
1526 0.07847726424084449 1.039807488737105
1527 0.07842409901805371 1.039445554297119
1528 0.07836899035102318 1.03907381872075
1529 0.07831898454156565 1.038717632236385
1530 0.07826734913122078 1.038356677243423
1531 0.07821275606812504 1.037985257883398
1532 0.07816284497350008 1.037627999100878
1533 0.07811135944705047 1.037266353969705
1534 0.07805627668011322 1.036892846742828
1535 0.07800801491721468 1.036545478079217
1536 0.07795500134570894 1.036169861934667
1537 0.07790131503730688 1.035801394714957
1538 0.07784945882235153 1.035435952730875
1539 0.07779640886133075 1.035069926146934
1540 0.07774501406643639 1.034704674670812
1541 0.07769258760103703 1.034339295153354
1542 0.07764155766594845 1.033973342100461
1543 0.07758938563640597 1.033607772928415
1544 0.07753868987777442 1.033243513576499
1545 0.07748618189517388 1.032875611134313
1546 0.07743575236694221 1.032510954273303
1547 0.07738319395230339 1.032142520697389
1548 0.07733283386339258 1.0317774801976
1549 0.07728020092816076 1.031406542555711
1550 0.07722890087737133 1.031040325385227
1551 0.07717790356395528 1.030674180204506
1552 0.07712645613295514 1.030308607945478
1553 0.07707591871455761 1.029941350181883
1554 0.07702512994345478 1.029573808154562
1555 0.07697438156601041 1.029206033503933
1556 0.07692334157840458 1.028837956023845
1557 0.0768721668534873 1.028469465996939
1558 0.07682099405327383 1.028100007784555
1559 0.0767698507906605 1.027729761708805
1560 0.07671900659463278 1.027360625431955
1561 0.07666862353818203 1.026992723270843
1562 0.07661780699184105 1.026623269482139
1563 0.07656694377161781 1.026253080478266
1564 0.07651554984520535 1.02588080197506
1565 0.07646500128664614 1.025510676375209
1566 0.07641474961226158 1.025140987167149
1567 0.07636450633761337 1.024770817834431
1568 0.07631438228980186 1.024400724391735
1569 0.07626422784913163 1.024029878749726
1570 0.07621414412194752 1.02365886861015
1571 0.07616365272880661 1.023287356974622
1572 0.07611340353233784 1.022915079423523
1573 0.07606341722328568 1.022543160788707
1574 0.07601335135426719 1.022170822625873
1575 0.07596333335505077 1.021796998285553
1576 0.075912765839303 1.021423928593342
1577 0.07586293348983561 1.021051351899713
1578 0.07581314967640473 1.020678150917416
1579 0.07576374329173552 1.020304960418245
1580 0.07571378756783584 1.019929986600329
1581 0.07566491992226945 1.019558226469914
1582 0.07561383334291633 1.019180476710953
1583 0.07556454192650537 1.0188076542015
1584 0.07551560891178991 1.018434242098183
1585 0.07546815891637626 1.018063502937864
1586 0.07541949124551513 1.017689498049436
1587 0.07537030428960988 1.017313833902368
1588 0.07532105513886028 1.016938501218933
1589 0.0752718761052258 1.01656274085387
1590 0.07522172659402253 1.016183665979211
1591 0.07517114986976305 1.015802815106263
1592 0.07512278213913963 1.015427763301814
1593 0.0750743089292159 1.015052245664094
1594 0.07502525256591594 1.014675136502132
1595 0.07497630615196037 1.014298199690261
1596 0.07492799018230745 1.013920728555846
1597 0.07487949174521241 1.01354297266136
1598 0.07483075006344794 1.013164725796889
1599 0.07478211471719956 1.012786339772885
1600 0.07473365485398729 1.012407806542617
1601 0.07468469699175836 1.012027782069054
1602 0.0746365424139859 1.01164878590014
1603 0.07458867266959225 1.011269843257661
1604 0.07454083138651027 1.010890648547443
1605 0.07449540488918455 1.010515549327706
1606 0.07444768411563105 1.010136908235554
1607 0.07439935266774206 1.00975572059231
1608 0.0743511387146002 1.009374764272699
1609 0.07430320667587742 1.008993615026027
1610 0.07425286320835983 1.008604177784652
1611 0.07420096722215729 1.008214566280921
1612 0.07415429896090062 1.007835517320573
1613 0.07410737594290775 1.007454489335908
1614 0.07406032439089925 1.007073887701511
1615 0.07401329801382425 1.006692123972322
1616 0.07396657699332958 1.006311174432706
1617 0.07392005863722666 1.005928634398983
1618 0.07387290071417285 1.005545792888
1619 0.07382600743986836 1.005162234710738
1620 0.07377908352037463 1.004778760228663
1621 0.0737323163911639 1.00439501828304
1622 0.07368611675155214 1.004011183763502
1623 0.07363840285663355 1.003621558484222
1624 0.07359143157689838 1.00323629281938
1625 0.07354461683159934 1.002851448207788
1626 0.0734979689792381 1.002466145196723
1627 0.07345145729772358 1.002081570670293
1628 0.07340557565445746 1.001696225262025
1629 0.0733595127147578 1.001310259113112
1630 0.0733134236288121 1.000923456502583
1631 0.07326721375086168 1.000536565099341
1632 0.07322087709288588 1.000149001323344
1633 0.07317477200361805 0.9997611436166608
1634 0.07312861634228573 0.9993728499158598
1635 0.07308243845509493 0.9989840995331249
1636 0.07303638180706808 0.9985952074912493
1637 0.07299041584433505 0.9982057753317904
1638 0.07294462189305187 0.9978170590241089
1639 0.07289871602493757 0.9974267517109356
1640 0.07285296000592643 0.9970357307028909
1641 0.07280712333765256 0.9966449333879087
1642 0.07276204115921285 0.996255114682064
1643 0.07271622485425863 0.9958640291688525
1644 0.07267083351315876 0.9954725943870428
1645 0.07262670534164119 0.9950864081833228
1646 0.07258104746976929 0.9946895757745471
1647 0.07253162768940412 0.9942830672442547
1648 0.07248645888384292 0.9938967697361748
1649 0.07244194621879946 0.9935062768783289
1650 0.07239686895374484 0.9931065022416109
1651 0.07235264537460537 0.9927201878315671
1652 0.07230930568308094 0.9923332847514093
1653 0.0722647028507838 0.9919346064936764
1654 0.07222009774760138 0.9915393762276893
1655 0.0721745463919604 0.9911444836549753
1656 0.07212962536489509 0.9907426609213162
1657 0.07208525686844801 0.9903534833625174
1658 0.0720384295273761 0.9899427319710484
1659 0.07199707127117691 0.9895665977726963
1660 0.07195221962436732 0.9891594498374956
1661 0.07190841013251413 0.9887693519067824
1662 0.07186463781322706 0.9883722395263488
1663 0.07182102724853759 0.9879791488662867
1664 0.07177821997641978 0.9875810189384866
1665 0.07173269812697355 0.9871770150856689
1666 0.07168703265544185 0.9867730834698319
1667 0.07164224893371958 0.9863677681283592
1668 0.07159806503786824 0.9859700473404055
1669 0.07155465126708323 0.9855715553495861
1670 0.07151154576812367 0.9851692040559802
1671 0.07146571362674375 0.9847608587855583
1672 0.07142367214713322 0.9843746033644307
1673 0.07138047054513681 0.9839685587667053
1674 0.07133699712150206 0.9835698853886239
1675 0.07129520132342687 0.9831699919669478
1676 0.07125229120905087 0.9827648818168015
1677 0.07120928744366771 0.9823660141204201
1678 0.07116628536647665 0.9819631887002366
1679 0.07112454660186383 0.9815639029697354
1680 0.07108151845868867 0.9811598225355904
1681 0.07103788036629359 0.9807535191669091
1682 0.07099313453299516 0.9803397988975335
1683 0.07094933649148373 0.9799332950638986
1684 0.07090662585988482 0.9795292297350692
1685 0.07086387287062144 0.9791197540988733
1686 0.07081945405695655 0.9787065029948192
1687 0.07077949174437125 0.9783165936171843
1688 0.07073751103222473 0.9779065559492813
1689 0.07069405297851046 0.977495318969302
1690 0.07065179160240796 0.9770883334359247
1691 0.07060973899071349 0.9766806017140082
1692 0.07056789372515149 0.9762731906267328
1693 0.07052615254357043 0.9758653046504481
1694 0.07048449996167901 0.9754576306952126
1695 0.07044472230029412 0.9750582519137937
1696 0.07040502656466764 0.9746552805335238
1697 0.07036283164977941 0.9742407080858523
1698 0.07031864283529278 0.9738182015346317
1699 0.07027652467306386 0.9734097210669531
1700 0.07023517042563289 0.9729998185759894
1701 0.07019477521303237 0.9725917738022261
1702 0.0701542840708657 0.9721824377733925
1703 0.07011086098178446 0.9717632485681867
1704 0.07006866371431861 0.9713422922398547
1705 0.07002775524681584 0.9709327116440372
1706 0.06998690657141154 0.9705209556007452
1707 0.06994559788027264 0.9701031158055196
1708 0.06990543274120636 0.969694398290646
1709 0.06986486130808384 0.9692810719318398
1710 0.06982542209190147 0.9688713324591549
1711 0.06978493352736485 0.9684564093145915
1712 0.06974413938809189 0.9680399516522127
1713 0.06970174279594037 0.967613387221077
1714 0.06966105167730284 0.9671996080034222
1715 0.06962168948320217 0.9667878592243814
1716 0.06958169606361146 0.9663672525479633
1717 0.06954050314187185 0.9659490182210444
1718 0.06950032245902171 0.9655288197392276
1719 0.06945961338254633 0.9651162294295382
1720 0.06942021672283061 0.9646941810991962
1721 0.06938041400062715 0.964276590867548
1722 0.0693406029190933 0.9638579539320419
1723 0.0693009790964414 0.9634398103714645
1724 0.06926150197104299 0.9630197857699441
1725 0.06922214731797709 0.9625996318342055
1726 0.06918359013247191 0.9621801928328633
1727 0.06914419273735579 0.9617593634964111
1728 0.06910493563950043 0.9613384828372432
1729 0.06906599420574705 0.9609171174265652
1730 0.06902550911203247 0.9604931506311315
1731 0.06898845327694804 0.9600759144774611
1732 0.0689492273110686 0.959652303109249
1733 0.06891023498673096 0.9592290977436899
1734 0.06887178071881252 0.9588054472480051
1735 0.06883292025496558 0.9583810833888321
1736 0.06879389606632814 0.9579566979274252
1737 0.06875525118737123 0.9575322415685878
1738 0.0687145526085506 0.9571018554608984
1739 0.06867600640145699 0.9566764318630124
1740 0.06863796931769356 0.9562508925155168
1741 0.06859983168739192 0.9558258580284196
1742 0.06856190683225261 0.9554003871186657
1743 0.06852411133754553 0.9549745476873858
1744 0.06848641939022079 0.9545484084229934
1745 0.06844886581596923 0.9541217268670081
1746 0.06841121769807722 0.9536947329849494
1747 0.06837378408825925 0.9532675120007369
1748 0.06833626672698115 0.9528396527297414
1749 0.0682991293388741 0.9524122909712927
1750 0.068260886276723 0.9519827048706013
1751 0.06822328670275075 0.9515530312554243
1752 0.06818594804483008 0.9511231546553058
1753 0.06814884762564448 0.9506929949565041
1754 0.06811168198868511 0.9502624830250527
1755 0.06807460899055795 0.9498308839069958
1756 0.06803763797750365 0.9494000711917399
1757 0.06800105899689124 0.9489686465948878
1758 0.06796427634425287 0.9485367807199953
1759 0.06792824936528649 0.948106521300719
1760 0.06789134545551966 0.9476740095390594
1761 0.06785476896678222 0.9472416780417103
1762 0.06781827362318836 0.9468091052323321
1763 0.0677820150035473 0.9463763030304038
1764 0.06774589583834417 0.945943111189256
1765 0.06770975030348925 0.9455091274059072
1766 0.06767383802607031 0.9450752252286245
1767 0.06763766828210414 0.9446406965008203
1768 0.06760172189223904 0.9442058684618417
1769 0.06756562258991426 0.9437708545228466
1770 0.06752972945132382 0.9433356511205947
1771 0.06749409323096535 0.9429004153291914
1772 0.06745862961523033 0.9424650501508364
1773 0.06742333289674327 0.9420290522267557
1774 0.06739089540233274 0.9415974137483705
1775 0.06735536524751126 0.941161414236979
1776 0.06731958420261701 0.9407238121004661
1777 0.0672840067392802 0.9402857378513341
1778 0.06724863323800005 0.9398470625957378
1779 0.06721356696762082 0.9394088890205229
1780 0.06717829644758619 0.938969548566788
1781 0.06714343595625415 0.9385310244072814
1782 0.06710847681216592 0.9380921440983675
1783 0.06707175375145109 0.9376483129363309
1784 0.06703799073493404 0.9372102980343757
1785 0.0670039307780704 0.9367717260014875
1786 0.06696986248312983 0.9363315351184328
1787 0.06693718172747461 0.9358949204425488
1788 0.06690047507175687 0.9354479024937448
1789 0.06686789139762618 0.9350174535654878
1790 0.06683626618251279 0.9345820549750603
1791 0.0668018138063529 0.9341367955223719
1792 0.06676935549767635 0.9336989769687298
1793 0.06673455048414127 0.9332529205437007
1794 0.0667021011136275 0.9328144037836439
1795 0.06666605779554055 0.9323593736127085
1796 0.0666339580321382 0.9319264773674089
1797 0.06660228973355145 0.931489473800205
1798 0.06656806437232973 0.9310427776119142
1799 0.06653596417448271 0.9306034316468645
1800 0.06650112655854068 0.9301544577943691
1801 0.06646817902793203 0.9297112162959915
1802 0.06643533858476847 0.9292620271223128
1803 0.06640147125507918 0.9288182433571159
1804 0.06636906143179562 0.928375970642129
1805 0.06633971247784858 0.9279426372858978
1806 0.06630676794853883 0.9274961621139807
1807 0.06627567966515771 0.9270550454627587
1808 0.0662411694062329 0.9265975559960733
1809 0.06620963819964802 0.9261607200126259
1810 0.06617797030888437 0.9257110507086421
1811 0.06614493909627016 0.9252661296750171
1812 0.06611318487863309 0.9248221607303098
1813 0.06608432950764594 0.9243865096289519
1814 0.06605213250265311 0.923938082618693
1815 0.06602061702997809 0.9234863341882923
1816 0.06598791440094891 0.9230396725068927
1817 0.06595617620522151 0.9225909419742182
1818 0.06592585105400826 0.9221483016390626
1819 0.06589435558453416 0.9217008513960359
1820 0.06586415298234034 0.9212554989807603
1821 0.06583351021659385 0.9208095937654226
1822 0.06580303089632958 0.9203632120090399
1823 0.0657725826873875 0.919917184593313
1824 0.06574263995125962 0.9194709614060551
1825 0.0657121255265227 0.9190231786085741
1826 0.06568199216677788 0.9185764539679814
1827 0.06565178620704468 0.9181283407747476
1828 0.0656215587992172 0.917680861499534
1829 0.06559150562278225 0.9172330148249921
1830 0.06556169520747482 0.9167858436085291
1831 0.06553560848356782 0.9163459576936195
1832 0.06550442376431204 0.9158974055749809
1833 0.06547670156522276 0.9154591628986527
1834 0.0654451598378083 0.9150023097813621
1835 0.06541513803714437 0.914552902834499
1836 0.06538562643504016 0.9141023394178918
1837 0.06535594791781445 0.913646489842498
1838 0.06532414789796301 0.9131925985501074
1839 0.06529853001625646 0.9127582875581943
1840 0.06526665970690604 0.9122957083807669
1841 0.0652413469121501 0.9118598392099423
1842 0.06521044753545446 0.9114026060399304
1843 0.06518435114654894 0.9109616606249564
1844 0.06515312005144734 0.9105022001083191
1845 0.06512603033795723 0.9100516835576126
1846 0.06509517278562151 0.9095980606365303
1847 0.0650705352652327 0.9091629805188456
1848 0.06504032107851206 0.9086995039973587
1849 0.06501208709219712 0.9082500672759822
1850 0.06498410053280541 0.9078016219482808
1851 0.06495778824142789 0.9073636644732712
1852 0.06493130171626192 0.9069109351367192
1853 0.06490256214026391 0.9064597906807792
1854 0.06487718444942348 0.9060119975130138
1855 0.06484807208067057 0.9055613805602087
1856 0.06482412765092821 0.9051181176088342
1857 0.06479475313843334 0.904662296243253
1858 0.06477112785476784 0.9042299336986306
1859 0.06473998558803894 0.9037561258329498
1860 0.0647143624977706 0.9033118742136648
1861 0.06468585963279634 0.9028557321104715
1862 0.06465942665949911 0.9024077093758689
1863 0.06463436323480828 0.9019646930085184
1864 0.06460648412887966 0.9015063071820265
1865 0.06457975982004635 0.9010564825099905
1866 0.06455379709040494 0.9006086427299516
1867 0.06452942904670352 0.9001676685279113
1868 0.06450498940396084 0.8997213246798907
1869 0.06447767546512648 0.8992614632976828
1870 0.06445080128214081 0.8988093819264085
1871 0.06442576202153552 0.898362628870065
1872 0.0644014268630593 0.8979218847045551
1873 0.06437866860717198 0.8974847861007555
1874 0.06435365061588504 0.8970285543250373
1875 0.06432408123995559 0.8965644252701408
1876 0.0643018611990811 0.8961198333079549
1877 0.0642737978705127 0.895664682641016
1878 0.06425124291914698 0.8952236690382782
1879 0.06422697008078064 0.8947753317171937
1880 0.06420138125050705 0.8943236329095232
1881 0.06417790840309075 0.893872046937996
1882 0.06415107560525124 0.8934211250206729
1883 0.06413031640791146 0.8929842999508054
1884 0.06410594837208015 0.892533341070998
1885 0.06408230122216436 0.8920848415707835
1886 0.06405625101985203 0.8916289214148108
1887 0.06403423665761501 0.8911827024869123
1888 0.06400736391688948 0.8907291225781582
1889 0.06398394678374404 0.8902829010698129
1890 0.06396263326160881 0.8898375666592284
1891 0.0639381467453199 0.8893898029636231
1892 0.06391521673890724 0.8889431074302684
1893 0.06389429797901949 0.8884976162251003
1894 0.06386955202444386 0.8880489483837624
1895 0.06384685919288402 0.8876021520079677
1896 0.06382579365443575 0.8871565773865726
1897 0.06380138725748029 0.8867089187070503
1898 0.06378277942561192 0.8862761125215788
1899 0.06375714095095539 0.8858187289268683
1900 0.06373823952102925 0.8853773020556046
1901 0.06371270716383699 0.8849240413354417
1902 0.06369379060979587 0.8844843094259435
1903 0.06366870884563237 0.8840324429568513
1904 0.06365038810632094 0.8835941295254385
1905 0.06362643535981159 0.8831432700559755
1906 0.06360876193657194 0.8827151041208515
1907 0.06358726131156139 0.8822701537228466
1908 0.06356563686061481 0.8818233373668116
1909 0.06354373431787795 0.88137568428889
1910 0.06352086788037498 0.8809293127816124
1911 0.06349843878640017 0.880472064136946
1912 0.06347227496694802 0.8800095497206515
1913 0.06345552429943223 0.8795830123268675
1914 0.06342994014487038 0.8791228228044239
1915 0.06341189031840071 0.8786827122193526
1916 0.06338919436097094 0.8782389347519793
1917 0.06337128408885806 0.877808995193997
1918 0.06335335587199149 0.8773618109362434
1919 0.06333039431391575 0.8769183773584593
1920 0.06330937189778808 0.8764675981923225
1921 0.06329479961546353 0.8760437096278978
1922 0.06327555131248812 0.8756061928947179
1923 0.06325483870568548 0.8751597332538954
1924 0.06323052872557515 0.8747004395623719
1925 0.06321441696420668 0.8742677993983827
1926 0.06319149944186385 0.8738186730879826
1927 0.06317239778732002 0.8733804142892093
1928 0.06315634444080201 0.872947279510742
1929 0.0631353301855663 0.8725034979806598
1930 0.0631168331800433 0.872065373831736
1931 0.06309909509342508 0.8716269298179028
1932 0.06307995071624586 0.8711890475863403
1933 0.06306181558036927 0.8707514566408655
1934 0.06304497462790414 0.8703192266686169
1935 0.06302652673354665 0.8698758812415472
1936 0.06300761444639684 0.8694385715681242
1937 0.06298934258730543 0.869001549954856
1938 0.06297231307691264 0.8685593931550772
1939 0.06295393596469154 0.8681286955097707
1940 0.06293617604046449 0.8676925465615261
1941 0.06291906263172917 0.8672498712591163
1942 0.06290110651442143 0.8668226093557087
1943 0.06288419398641029 0.8663872154450148
1944 0.06286816743826683 0.8659559232241225
1945 0.06285120128310284 0.8655199573655509
1946 0.06283378961431159 0.8650836809082769
1947 0.0628158931579314 0.8646416299147416
1948 0.06279757856492309 0.8642078688950473
1949 0.06278076320291012 0.8637747950387655
1950 0.06276500614158874 0.8633432296980558
1951 0.06274749650480761 0.862906514521649
1952 0.0627338488542778 0.8624816937761238
1953 0.06271701402329014 0.8620435137653925
1954 0.06269852137343865 0.8616103489066538
1955 0.0626826709852643 0.8611800702203991
1956 0.06266828323582302 0.860754000420913
1957 0.06265386545657908 0.8603271725910333
1958 0.06263677535158775 0.8598879229888379
1959 0.06262084832692882 0.8594611150722663
1960 0.06260562635776742 0.8590321971263455
1961 0.06259222059848447 0.858603524102213
1962 0.06257516397501078 0.8581755599257
1963 0.06256004756842415 0.8577473592474781
1964 0.06254659094890996 0.8573196636419512
1965 0.06252982153081617 0.8568930301906713
1966 0.06251602920851547 0.8564700901011175
1967 0.0625047859427638 0.8560534784287911
1968 0.06248746974842573 0.8556162129641012
1969 0.06247289016626568 0.8551898592574868
1970 0.06246171879954465 0.8547739820754645
1971 0.0624440160426218 0.8543384038122707
1972 0.06242948737209968 0.8539137351560294
1973 0.06241978708350145 0.8535099335587468
1974 0.06240178136092155 0.8530656439228221
1975 0.06238808594897718 0.8526420949986219
1976 0.06237880609705407 0.8522343479446958
1977 0.06236075440340846 0.8517960574171025
1978 0.06235078847112974 0.8513867903932734
1979 0.06233440585883097 0.8509558092513427
1980 0.06232096326000695 0.8505351000056903
1981 0.06231021176553638 0.850124122392065
1982 0.06229542385876419 0.8496978154613101
1983 0.06228535149437876 0.8492897587767445
1984 0.06227022925535235 0.8488602454334446
1985 0.06226108437726539 0.8484555251116984
1986 0.06224485070771722 0.8480208653932627
1987 0.06223455002972076 0.847608351126894
1988 0.06222106645371984 0.8471914184098173
1989 0.06220902884686116 0.8467774310889518
1990 0.0622001531518713 0.8463678838064604
1991 0.06218428415973594 0.8459465242711608
1992 0.06217539250014945 0.8455352816931443
1993 0.06216109500437584 0.8451171129679246
1994 0.06214991157207304 0.8447054670881331
1995 0.06213926761028445 0.8442946271384614
1996 0.06212877444761848 0.8438840601445831
1997 0.06211800242103319 0.8434731688804199
1998 0.06211117861568054 0.8430713717236835
1999 0.06209594628527202 0.8426521149406095
2000 0.06209054112824818 0.8422521597336479
2001 0.06207651403297323 0.841837519848691
2002 0.06206571329244782 0.8414277300106909
2003 0.06205783848674088 0.8410262236196695
2004 0.06204788265879596 0.8406152643678262
2005 0.06203503197282629 0.8402043690839829
2006 0.0620247947948652 0.8397979943263799
2007 0.06201824589795595 0.8394028276017366
2008 0.06200726409931039 0.8389900670033965
2009 0.06199472838898031 0.838581220707313
2010 0.06198530232560456 0.8381777012637019
2011 0.06197875826262078 0.8377778966900337
2012 0.06196714473956535 0.8373734039967312
2013 0.06195801161850834 0.8369716228495835
2014 0.06195103147395196 0.8365715051660008
2015 0.06194018224216846 0.8361702889506867
2016 0.0619318749577577 0.8357700410537392
2017 0.06192496377602329 0.8353719359005181
2018 0.0619134462257293 0.8349686140755823
2019 0.06190547918343674 0.8345722535200288
2020 0.06190014897948869 0.8341796531993505
2021 0.06189045162231199 0.8337834672328904
2022 0.06188271311619783 0.8333836031280281
2023 0.06187471873128787 0.8329881825331746
2024 0.06186681118358252 0.8325935221893975
2025 0.06185917068664153 0.8321991415740236
2026 0.06185082979075312 0.8318035855954337
2027 0.06184782938143627 0.8314191629863054
2028 0.06183618042844671 0.8310214818814688
2029 0.061831493833683 0.8306294290233897
2030 0.06182091075575898 0.8302365496680467
2031 0.0618149128116012 0.8298452379927336
2032 0.06180826483858935 0.8294566206845009
2033 0.06180161320077399 0.8290672022909538
2034 0.06179806499840472 0.82868472069627
2035 0.06179051940147467 0.828294752584668
2036 0.06178172767226991 0.827905280269556
2037 0.06177685488938167 0.8275186646327863
2038 0.06176907681694582 0.8271325314882598
2039 0.06176281437709115 0.826744401173529
2040 0.06175883095684116 0.8263631643734454
2041 0.06175231646613584 0.8259802622749809
2042 0.061748322849212 0.8256017871809469
2043 0.06174212455588982 0.8252174489762879
2044 0.06173737042367262 0.8248405173287285
2045 0.06173318041919825 0.8244644881557202
2046 0.06172795377466454 0.8240826474304244
2047 0.06172228684567137 0.8237005661415002
2048 0.06171653790849384 0.8233191543332488
2049 0.06171071491921313 0.8229390692600084
2050 0.06170532945719057 0.8225602855306802
2051 0.06170037422816826 0.8221829215548296
2052 0.06169540031702136 0.8218060816912446
2053 0.06169118338303951 0.8214309931558846
2054 0.06168290639602811 0.8210418762445986
2055 0.06168307371538074 0.8206838048894635
2056 0.06167642626318078 0.8203035805088343
2057 0.06167570804204082 0.8199448326471481
2058 0.06167272275449268 0.8195757562933854
2059 0.06166910653032295 0.8192000809768774
2060 0.06166495227056423 0.818828356336128
2061 0.06166174813786009 0.8184622832247147
2062 0.06165821398030871 0.8180941790173095
2063 0.06165446675669076 0.8177237832591256
2064 0.06165087153911941 0.8173503303304106
2065 0.06164778455633837 0.8169901848362938
2066 0.06164055208915718 0.8166035577745175
2067 0.0616398594834277 0.8162503083527062
2068 0.0616372005698468 0.8158908767428402
2069 0.06163508602525636 0.8155288966412433
2070 0.06162950528980866 0.8151540537163754
2071 0.06162979605986873 0.814801089733497
2072 0.06162456528425544 0.8144307976512463
2073 0.06162559732788554 0.8140829219794511
2074 0.06162192755760864 0.8137165061741837
2075 0.06162472407888422 0.8133753539777263
2076 0.06161788888021553 0.8130042969998096
2077 0.06161589421223528 0.812650485165952
2078 0.06162035251332153 0.8123107884047461
2079 0.06161207917190425 0.8119364659182208
2080 0.06161879582714493 0.8116017879298074
2081 0.06161079805646837 0.811226359913635
2082 0.06161810716612014 0.8108998334222397
2083 0.06161641322425099 0.8105460459609556
2084 0.06161511805317887 0.8101924161436166
2085 0.06161358429243682 0.8098392093226849
2086 0.06161356850529533 0.8094861615049889
2087 0.06161165401070201 0.8091348845109596
2088 0.06161172383431531 0.8087941069051755
2089 0.06161065806228005 0.8084383182680435
2090 0.06160929164246679 0.8080897267135697
2091 0.06160920104852101 0.8077513801273909
2092 0.06160836484071191 0.8073984946054541
2093 0.06160768212770484 0.8070534591546611
2094 0.06160623076607792 0.8067080244101315
2095 0.06160791945177775 0.8063722061186385
2096 0.06160867102679107 0.8060308009363636
2097 0.06160823424225366 0.8056848276779849
2098 0.06161024774589074 0.8053510924284262
2099 0.06161031308135911 0.8050074704352169
2100 0.06160665287844738 0.8046539002549975
2101 0.06161422714131477 0.8043409842231838
2102 0.06161535189690272 0.8040047912906781
2103 0.06161577762237782 0.8036714895547059
2104 0.06161769117976198 0.8033366820660556
2105 0.06161950370365654 0.8030022436870619
2106 0.06162120839225334 0.8026684837828759
2107 0.06162336535193887 0.8023326135130835
2108 0.06162397728091662 0.8020033897239734
2109 0.0616263546429871 0.8016656186571007
2110 0.06162284627314783 0.8013222487927839
2111 0.06162470352165767 0.8009928412789612
2112 0.0616316455050458 0.8006827933330545
2113 0.0616290240640187 0.8003424571484991
2114 0.06163683175960419 0.800033713003287
2115 0.06163570004915063 0.7996957307402925
2116 0.06164356166673315 0.7993890902444571
2117 0.06164250577520083 0.7990525841711654
2118 0.06165027740908428 0.7987466842356363
2119 0.06164925307900913 0.7984110011444433
2120 0.06165698888423701 0.7981059331973366
2121 0.06165563832999191 0.7977717526086449
2122 0.06165976739980816 0.7974533391959416
2123 0.06166780734194264 0.7971493947418132
2124 0.06166707776404481 0.7968214662275916
2125 0.0616755915576962 0.796519194218866
2126 0.06167484074959279 0.7961956003536976
2127 0.06167873603280748 0.7958756615958904
2128 0.06168741244618314 0.7955771437233899
2129 0.06168636824296784 0.795250952927134
2130 0.06169352971183142 0.7949489759691633
2131 0.06169504496631734 0.7946251072333999
2132 0.06169811239379887 0.7943137385205975
2133 0.06170635260292446 0.7940192966709517
2134 0.06170822180506266 0.7936998725311385
2135 0.06171642248054407 0.7934070998248263
2136 0.0617186433233279 0.7930901031887031
2137 0.06172732095147251 0.7927977337037814
2138 0.06172905401078171 0.7924795428252619
2139 0.06173398825132611 0.7921749669361634
2140 0.06174329686848123 0.7918886917410949
2141 0.06174511093923035 0.7915741823544925
2142 0.06175434256070482 0.79128726291163
2143 0.06175644896787523 0.7909735457614918
2144 0.06176550094476112 0.790688340060643
2145 0.06176698951549547 0.7903766671614861
2146 0.06177663954213088 0.7900922551303715
2147 0.06177939371654385 0.7897845079343546
2148 0.06178917695678999 0.7895017920493282
2149 0.06179191144473241 0.7891955769218536
2150 0.06180206812715999 0.7889147118809559
2151 0.06180784478515293 0.7886193463097996
2152 0.06181495645764743 0.7883328587501373
2153 0.06181808092224426 0.788028055149943
2154 0.06182825548901873 0.7877512443744866
2155 0.06183162827462627 0.7874510265567837
2156 0.06184200607776328 0.7871757864623427
2157 0.06184553514386856 0.7868777200428448
2158 0.06185633934844461 0.7866044111917888
2159 0.06186411255151703 0.7863180415529285
2160 0.06186784114974384 0.7860250247154851
2161 0.06187879723793293 0.7857550222144299
2162 0.06188323743865856 0.7854610862632448
2163 0.06189401047827685 0.7851919987369235
2164 0.06190125560291384 0.7849092170178751
2165 0.06190674166018705 0.784623044731674
2166 0.06191806012287526 0.7843556585743583
2167 0.06192283957315151 0.7840661788627141
2168 0.0619340155227375 0.783802548051021
2169 0.06193921385190283 0.7835159921511554
2170 0.06195095869338561 0.783254501130134
2171 0.0619567742189681 0.782970291763987
2172 0.06196842221865055 0.7827091767222845
2173 0.06197413353591293 0.7824272123929662
2174 0.0619859871821376 0.7821681736903301
2175 0.06199216027371799 0.7818883511566398
2176 0.06200426133978747 0.781630626179069
2177 0.06201287699449042 0.7813605055170531
2178 0.06201899728552998 0.7810857682170066
2179 0.06203143049990482 0.780831339986946
2180 0.06203755345652529 0.7805568315356504
2181 0.06205051739862404 0.7803039749226669
2182 0.06205707652153523 0.7800317959533435
2183 0.06207005199487171 0.7797797852060639
2184 0.06207954115668607 0.7795173959964351
2185 0.06208641675227013 0.7792519279518391
2186 0.06209989502890243 0.7790030407797197
2187 0.06210630684104326 0.7787343228165964
2188 0.06212035501598046 0.7784883715929021
2189 0.0621272617664667 0.7782227538033226
2190 0.0621411615252457 0.7779787160181818
2191 0.06214825695977297 0.7777149921638802
2192 0.06216268762131966 0.7774731831831134
2193 0.06217025476339875 0.7772098017593941
2194 0.06218432532510831 0.7769714843405906
2195 0.06219164357978756 0.7767117994213989
2196 0.0622071924425482 0.7764760096459989
2197 0.06221708386033033 0.7762217326618466
2198 0.06223040641448065 0.7759830268026604
2199 0.0622380253770124 0.7757249750740631
2200 0.0622515104258457 0.7754895477963357
2201 0.06226068872242314 0.7752387216790166
2202 0.06227465739546963 0.7750043695984375
2203 0.0622843878533719 0.774755437480023
2204 0.06229892203901616 0.7745226595345844
2205 0.06230859539746992 0.7742751249480724
2206 0.06232288374074766 0.7740443163420473
2207 0.0623323220338191 0.7737986516222677
2208 0.06234667349494318 0.7735700997697079
2209 0.06235677502288216 0.773327020978306
2210 0.0623720068067265 0.7731016246048265
2211 0.06238306825341467 0.7728618671800146
2212 0.06239630628337486 0.772633366811648
2213 0.06240617741475298 0.7723920868695691
2214 0.06242232416640379 0.772171340001257
2215 0.06243272021259943 0.7719332350696829
2216 0.06244840464381141 0.7717143697699153
2217 0.0624587640199662 0.7714784146331412
2218 0.06247504038194513 0.7712618078384881
2219 0.06248581969745991 0.7710280111894042
2220 0.0625033517911802 0.7708153348200708
2221 0.06251384527239488 0.7705819995938411
2222 0.06253074419377555 0.7703696835704535
2223 0.06254137735803943 0.7701384415917359
2224 0.0625581820014241 0.7699277411644277
2225 0.06256877222487635 0.7696979207850264
2226 0.06258555588568486 0.7694897341571655
2227 0.06260010263887751 0.7692743867584894
2228 0.06261132358226272 0.7690455436476843
2229 0.0626283030253199 0.7688413680190176
2230 0.06264385207521066 0.7686303652553034
2231 0.06265468054834591 0.7684033020355145
2232 0.06267248696936373 0.7682033140829763
2233 0.0626842150171841 0.7679806802178595
2234 0.06270204389407089 0.7677823498969565
2235 0.06271408502514562 0.7675623811289665
2236 0.06273242910992677 0.7673664183879371
2237 0.06274450769533785 0.767148615212116
2238 0.06276293215872777 0.7669543497900296
2239 0.0627786946863482 0.766751202592493
2240 0.06279054814308245 0.7665337885816285
2241 0.06280915867302622 0.7663432488057753
2242 0.06282179969717777 0.7661304494840729
2243 0.06284068838615126 0.7659415922449395
2244 0.06285720573053565 0.7657437418605332
2245 0.06287314549967854 0.7655446609840519
2246 0.06288544448459853 0.7653329873900162
2247 0.06290436448315308 0.7651531389084631
2248 0.06291794145454062 0.7649428067300754
2249 0.06293877956412051 0.7647627183446678
2250 0.06295589255870893 0.7645754429089375
2251 0.06297245613105822 0.7643828738104941
2252 0.06298484410010921 0.7641729665272246
2253 0.06300355718380608 0.7639954936678794
2254 0.06302147668557083 0.7638084500751915
2255 0.06303848955197135 0.7636194397570235
2256 0.06305208744811065 0.7634164255967641
2257 0.0630705445289951 0.7632420901164588
2258 0.06308642773578887 0.7630466229589453
2259 0.06310625615361327 0.7628762392661133
2260 0.06312469969370121 0.7626962984880695
2261 0.06314242368085304 0.7625146087491934
2262 0.06315989124789204 0.762333185390784
2263 0.06317467523305263 0.7621384534202279
2264 0.06319469520201977 0.761969007400319
2265 0.0632133121974638 0.7617955827782696
2266 0.06323108291918797 0.7616189378097796
2267 0.06324940035906933 0.7614477366489238
2268 0.06326794064149034 0.7612742783878044
2269 0.06328637998958947 0.7610998076977122
2270 0.06330426049438448 0.7609243115278056
2271 0.0633226553278587 0.7607521201726922
2272 0.06334132350765494 0.7605816299728826
2273 0.06335632808993504 0.7603994251913412
2274 0.0633782947932746 0.7602436533525021
2275 0.06339487633994487 0.7600641273688284
2276 0.06341641003472438 0.7599116671938316
2277 0.06343619699348813 0.7597501272367013
2278 0.06345548267502826 0.7595868124354895
2279 0.0634751041964014 0.7594235961756991
2280 0.06349438821575165 0.7592614642327133
2281 0.06351358036882337 0.7590999589718246
2282 0.06353294687182484 0.7589405735153567
2283 0.06355303841884967 0.7587821045126412
2284 0.06357273135516547 0.7586244027856216
2285 0.063592347652157 0.7584677179072561
2286 0.06361215058459137 0.7583122289511595
2287 0.06363198353866163 0.7581574274313509
2288 0.06365205680227876 0.7580044929313697
2289 0.06367262588615748 0.7578526079024326
2290 0.06369319024628546 0.757701251193116
2291 0.06371373385396499 0.757551643430172
2292 0.06373390453369807 0.7574014274074121
2293 0.06375451481810679 0.7572532551314339
2294 0.06377557128874814 0.7571072610896359
2295 0.06379677584606609 0.7569626412928893
2296 0.06381778151450948 0.7568184234293595
2297 0.06383864709455206 0.7566793633927694
2298 0.06385953036163408 0.7565310284817959
2299 0.0638803645576444 0.7563886035008922
2300 0.06390126700433856 0.7562466856234596
2301 0.06392262254755988 0.7561078424050286
2302 0.06394392633629183 0.7559689346668131
2303 0.06396531208830254 0.7558314125706246
2304 0.06398692039092238 0.7556942610919279
2305 0.06400841565143361 0.7555587306504949
2306 0.06403017550888938 0.7554283272349767
2307 0.0640525649659686 0.7552910028143731
2308 0.06407438537910774 0.755158186314335
2309 0.06409622968502306 0.755026418012278
2310 0.06411796965011034 0.7548964627641018
2311 0.06414003280226552 0.7547674847024854
2312 0.06416247749191566 0.7546440626147253
2313 0.06418556844710092 0.7545137492728295
2314 0.06420812236942959 0.7543875154263885
2315 0.06423083593909894 0.7542664641327463
2316 0.06425401350810359 0.7541392955224513
2317 0.06427646871519015 0.7540157483087814
2318 0.06429919053989211 0.7538974986557473
2319 0.06432204232543702 0.7537736041989238
2320 0.06434489180277607 0.7536541625955395
2321 0.06436813359132676 0.7535398303951107
2322 0.06439175006171938 0.753419983189857
2323 0.06441519523319893 0.7533036556552969
2324 0.06443811248610325 0.7531907575496336
2325 0.06446217682387288 0.7530733798996596
2326 0.06448574079026341 0.7529637293904968
2327 0.06450964788968871 0.7528481614002998
2328 0.06453301196409536 0.7527400806420366
2329 0.06455696715937247 0.7526303665473899
2330 0.06458114166775354 0.7525214693028719
2331 0.06460570525708956 0.7524097403271176
2332 0.06462919868265414 0.7523057690914712
2333 0.06465374965771351 0.7522007288539353
2334 0.06467834057965099 0.7520968479522248
2335 0.06470311363033213 0.7519897132538086
2336 0.06472725184072796 0.7518901503239105
2337 0.06475195461268739 0.7517891143384654
2338 0.06477680443006872 0.7516883026156143
2339 0.06480199285952151 0.7515892611809408
2340 0.06482694508634881 0.7514909023787569
2341 0.06485180614271904 0.7513933702131143
2342 0.06487694474075575 0.7512972692449088
2343 0.06490206580958709 0.7512022855226376
2344 0.06492752508512933 0.7511081326329261
2345 0.06495273271891998 0.7510149765199233
2346 0.06497821069777748 0.7509227374840743
2347 0.06500345446604847 0.7508316184518414
2348 0.0650288402025181 0.7507404073955446
2349 0.06505456114102071 0.7506521312097022
2350 0.06508059320012617 0.7505642662404838
2351 0.06510686162626088 0.7504783250712431
2352 0.0651331162628878 0.7503933665028522
2353 0.06515924534572305 0.7503092558331677
2354 0.06518556936265459 0.7502260097483411
2355 0.06521183294972878 0.7501437370304213
2356 0.06523838657991127 0.750063835604008
2357 0.06526485833220666 0.7499834476429503
2358 0.06529169601202012 0.7499043733662212
2359 0.06531816938964656 0.7498263374408911
2360 0.0653450299407151 0.7497494306558722
2361 0.06537199889718373 0.7496730805648791
2362 0.06539902648660204 0.7495983610534528
2363 0.06542598254427968 0.749524333026041
2364 0.06545290645645853 0.7494505563667292
2365 0.06548035695213511 0.7493789986058845
2366 0.06550774440602426 0.7493086240092484
2367 0.06553526304943925 0.749239337862754
2368 0.06556281489056252 0.7491711175146321
2369 0.06559075246711775 0.749104846914299
2370 0.06561874242435543 0.7490387814622894
2371 0.06564651237575796 0.7489731238956425
2372 0.06567440835306648 0.7489089510231267
2373 0.06570234091946661 0.7488459515977787
2374 0.06573073516365709 0.7487839530636414
2375 0.06575887315041212 0.7487232044322057
2376 0.06578730705066241 0.7486635076657048
2377 0.06581579846186056 0.7486048208779545
2378 0.0658442310132541 0.7485468786135357
2379 0.06587285656932274 0.7484905051804225
2380 0.06590170119447597 0.7484350635791182
2381 0.06593068564783559 0.7483810453682918
2382 0.06595979123244411 0.7483280648988663
2383 0.06598897615178093 0.7482760665289397
2384 0.06601830655958887 0.7482245740578406
2385 0.06604715298593303 0.7481735654061499
2386 0.06607621666713009 0.7481234996200474
2387 0.06610621110526944 0.7480768128967485
2388 0.06613545798539626 0.7480294614264601
2389 0.06616388732142449 0.7479868033350456
2390 0.06619462417297875 0.7479377076284555
2391 0.06622410887370758 0.7478917323697654
2392 0.06625351803612932 0.7478482877040928
2393 0.06628311304311661 0.7478061283022497
2394 0.06631234311624055 0.7477666678411328
2395 0.06634245806253757 0.7477260186201559
2396 0.06637256062059484 0.7476864357559491
2397 0.0664028178944337 0.7476480983422098
2398 0.06643308486672433 0.7476109677081225
2399 0.06646281760895066 0.7475767269837489
2400 0.06649395423304337 0.7475406713704947
2401 0.06652442255207143 0.7475064212822774
2402 0.06655458058029907 0.7474730587343773
2403 0.06658466795075005 0.7474429198366704
2404 0.06661626382143022 0.7474114516045828
2405 0.06664660799189832 0.7473833279917045
2406 0.06667774066213653 0.7473544129872071
2407 0.06670891329582312 0.7473262081219472
2408 0.0667402179977961 0.7472995809476374
2409 0.06677135658349698 0.7472744124264419
2410 0.06680268497667455 0.7472503562231464
2411 0.06683425463778053 0.7472277084716097
2412 0.06686631826589957 0.7472057140703547
2413 0.06689784370383757 0.7471846833566255
2414 0.06692958003086009 0.7471645508522242
2415 0.06696152953920305 0.7471460314896557
2416 0.0669933111293091 0.7471281430320058
2417 0.06702513759424612 0.7471110620230762
2418 0.0670572332938519 0.7470955096907724
2419 0.06708956088606936 0.7470805808806884
2420 0.06712178727442296 0.7470669122165601
2421 0.0671542679025572 0.7470544399060752
2422 0.06718660930580712 0.7470426825872799
2423 0.06721891432384194 0.7470309202555474
2424 0.06725120926882462 0.7470207817436918
2425 0.06728379085386448 0.7470126011364927
2426 0.06731591679172534 0.7470045034851981
2427 0.06734899442654427 0.7469983816648609
2428 0.06738219425822181 0.7469930807107696
2429 0.06741546818222906 0.7469887541089234
2430 0.06744885291410165 0.746985513487005
2431 0.06748208302373193 0.7469833534374286
2432 0.06751531774861014 0.7469816484172577
2433 0.06754841711796604 0.7469812228546909
2434 0.06758161903914937 0.7469817483326998
2435 0.06761515184992584 0.7469836464642007
2436 0.06764906645998472 0.7469867441377787
2437 0.0676828332080828 0.7469905205398676
2438 0.06771649203827917 0.7469948082576101
2439 0.06775096220569997 0.7470022044704
2440 0.0677846911814516 0.7470090096417284
2441 0.06781859427663363 0.7470165859655699
2442 0.06785243420653908 0.7470244987786784
2443 0.06788644160949849 0.7470341154936672
2444 0.06792076680909748 0.7470447332115111
2445 0.06795491030459574 0.7470564558881225
2446 0.06798911448367231 0.7470688947407422
2447 0.06802374353210859 0.7470828096439575
2448 0.06805809593994756 0.7470975364603936
2449 0.06809282981282286 0.7471132564036053
2450 0.06812733318531539 0.7471299306905554
2451 0.06816202253617261 0.7471480661229422
2452 0.06819679381557617 0.7471671172054709
2453 0.06823166871638403 0.7471863486347629
2454 0.06826682794397812 0.7472072348260932
2455 0.06830234305366048 0.7472303057686955
2456 0.0683377673303853 0.747253657726339
2457 0.06837178390953152 0.7472771571182036
2458 0.06840847718787103 0.7473033988362893
2459 0.06844392757196482 0.7473292775304414
2460 0.06847952147910627 0.7473562701744805
2461 0.06851498626270237 0.747384098439737
2462 0.06854944043037629 0.7474122109497243
2463 0.06858627493913229 0.747442671377567
2464 0.0686219614679688 0.7474734500206787
2465 0.06865642607740285 0.7475039903929176
2466 0.06869378159520721 0.7475381754007158
2467 0.06872839508974667 0.7475707505544547
2468 0.06876589274665756 0.7476072533949404
2469 0.0688010383840745 0.747642389878638
2470 0.06883872126939207 0.7476808241188027
2471 0.06887310675387075 0.747715494101695
2472 0.06891084620872683 0.7477559099843655
2473 0.06894602456899318 0.7477946011021533
2474 0.06898275565632062 0.7478356850731818
2475 0.06901945853593421 0.7478775929734101
2476 0.06905641707333841 0.7479213955712594
2477 0.06909387382816078 0.747965731174857
2478 0.06913098844501109 0.7480108269971005
2479 0.0691678567624984 0.7480570180406314
2480 0.06920520872983589 0.7481051868211072
2481 0.0692421957347148 0.7481527514630751
2482 0.0692792912529972 0.748201955673235
2483 0.06931671266073583 0.7482518948507973
2484 0.06935441801073799 0.7483026409109522
2485 0.0693918731825026 0.748354661133564
2486 0.06942938767769631 0.7484072166479454
2487 0.06946662935352946 0.7484608983772644
2488 0.06950402922066855 0.7485157315912676
2489 0.06954160170838268 0.748571361630569
2490 0.06957947580686656 0.7486287812931888
2491 0.06961762998015834 0.7486868031057621
2492 0.06965581863708406 0.7487454749203847
2493 0.06969390943230092 0.7488051888184036
2494 0.06973188156279321 0.7488655604552045
2495 0.06976968079125716 0.7489271082202841
2496 0.06980771527872265 0.7489898262824806
2497 0.06984601164984064 0.7490537611354757
2498 0.06988447623145186 0.7491188128356663
2499 0.06992318841995253 0.7491845358953494
2500 0.06996191161321723 0.7492516326134888
2501 0.07000062511182861 0.749319087719774
2502 0.07003938074331399 0.7493878081958162
2503 0.07007822996496696 0.7494573543102707
2504 0.07011696119564037 0.7495278026557933
2505 0.0701543080103376 0.749595928490301
2506 0.0701932074600919 0.7496681273964564
2507 0.07023261811794032 0.7497419247092975
2508 0.07027194755312452 0.7498167361588085
2509 0.07031112469431332 0.7498919583173295
2510 0.07035051362337109 0.7499684903688767
2511 0.07039011411704119 0.7500467243038276
2512 0.07042983030947023 0.7501254167109932
2513 0.07046947518527358 0.7502051549015292
2514 0.07050927955038939 0.750285524018244
2515 0.07054924580748885 0.7503667983976157
2516 0.0705889748971925 0.7504491466043977
2517 0.07062877525061151 0.7505323130123192
2518 0.07066786891947922 0.7506153467205924
2519 0.07070769876423534 0.7507000811222754
2520 0.07074781087136127 0.7507858202843789
2521 0.07078800263969384 0.7508726571576406
2522 0.07082858184122545 0.7509613523220525
2523 0.0708687158536816 0.7510505150243767
2524 0.07090928208759988 0.751140836882527
2525 0.07094978726310171 0.7512315048812384
2526 0.07099189716522512 0.7513283292604791
2527 0.0710306800617599 0.7514156050574444
2528 0.07107071664990861 0.7515074064766559
2529 0.07111159643020837 0.7516020602289631
2530 0.07115250532642206 0.7516979879136614
2531 0.07119336815336737 0.7517950219264832
2532 0.07123440924332426 0.7518929712470417
2533 0.0712761092666022 0.7519945710082652
2534 0.07131470541970782 0.7520871461955402
2535 0.07135642274105371 0.7521880980097226
2536 0.07139839948931252 0.7522913140412893
2537 0.07144013553505078 0.7523944355869209
2538 0.07148178083681005 0.7525008744810324
2539 0.0715236096772431 0.7526041676275024
2540 0.07156468599671438 0.7527080360904518
2541 0.07160621490864397 0.7528138297162116
2542 0.07164770069840465 0.7529207386533228
2543 0.07168931559304441 0.753028440798989
2544 0.07173116057765179 0.7531370560235572
2545 0.07177259744019791 0.753246334508051
2546 0.07181423569408399 0.7533564899081944
2547 0.07185624018108709 0.7534678419259806
2548 0.0718980598487137 0.7535801805005251
2549 0.07194048370751155 0.7536959727103792
2550 0.07198253475590255 0.7538087425208239
2551 0.07202400315629885 0.7539221951413175
2552 0.07206616960773723 0.754038485753583
2553 0.07210868496960075 0.7541551406589805
2554 0.07215107664507757 0.7542733479856312
2555 0.0721932797618275 0.7543919296939293
2556 0.07223670596104274 0.7545156794435249
2557 0.07227898268071946 0.7546344980608263
2558 0.07232109003649226 0.7547543012250933
2559 0.07236377064093406 0.7548763779731151
2560 0.07240696592362331 0.7550008789448344
2561 0.07244984906819836 0.7551259883278945
2562 0.07249287451484168 0.7552517739597419
2563 0.0725365418352172 0.7553788947807026
2564 0.0725806081484152 0.7555109148695961
2565 0.07262324713776455 0.755636006299407
2566 0.07266555827253209 0.7557624913432752
2567 0.07270859403340695 0.7558925598715786
2568 0.07275202243061968 0.7560232378754479
2569 0.07279544681270407 0.7561553240338089
2570 0.07283897419475292 0.7562882699716467
2571 0.07288240913724245 0.7564221513538675
2572 0.07292600184816568 0.7565569193207595
2573 0.07296961010114496 0.7566925891646143
2574 0.07301423902296739 0.756833398515641
2575 0.07305749228470114 0.7569675047722032
2576 0.07310063753762458 0.7571028493458007
2577 0.07314460398603295 0.7572417284621901
2578 0.0731882756947427 0.7573815944450053
2579 0.07323217277589893 0.7575227225397818
2580 0.07327640553923757 0.7576653755399542
2581 0.07332015355199553 0.7578072758817747
2582 0.07336444506966672 0.7579508871988566
2583 0.07340872072661572 0.7580949237725728
2584 0.07345326106457888 0.7582409817807765
2585 0.07349749892712734 0.7583874076784378
2586 0.07354203380598279 0.7585345952605381
2587 0.07358716181833759 0.7586860375777421
2588 0.07362917336258672 0.7588258072160524
2589 0.07367456243739752 0.7589778139156277
2590 0.07372000289526805 0.7591303226558969
2591 0.07376529647562052 0.7592829805888606
2592 0.07381029059334011 0.7594362425495398
2593 0.07385636955109842 0.7595945597575233
2594 0.07389832031333239 0.7597380827026063
2595 0.07394420610044705 0.7598954064595449
2596 0.0739900642650191 0.7600533636348991
2597 0.07403652635372376 0.7602165731521626
2598 0.07408108212088731 0.7603714061107838
2599 0.07412565768173371 0.7605279515165095
2600 0.07417030780257096 0.7606850260751452
2601 0.07421303089670359 0.7608378792693186
2602 0.07426012177089975 0.7610037810423277
2603 0.07430676378003964 0.7611693573756936
2604 0.07435030653143064 0.7613254202445738
2605 0.07439781892262834 0.7614958177389777
2606 0.07444482603175902 0.7616644917090932
2607 0.07449061068545493 0.7618322355391007
2608 0.07453464242029709 0.7619913410163599
2609 0.07458136602501429 0.7621611538292683
2610 0.07462563460151363 0.7623243109339825
2611 0.074673304184141 0.7624984594657758
2612 0.07471786014635193 0.7626641712260336
2613 0.07476534532641529 0.7628395520364997
2614 0.07481080714366602 0.76300913379474
2615 0.07485570741921115 0.7631777854927198
2616 0.07490456689445553 0.7633594740697309
2617 0.07494907834432447 0.7635290024957956
2618 0.07499604523275076 0.7637064220452513
2619 0.07504044001832692 0.7638764316483491
2620 0.07508872783810962 0.764058335360323
2621 0.07513340159510754 0.7642300038343378
2622 0.0751818089064402 0.7644140302169492
2623 0.07522650717279544 0.7645868554526198
2624 0.07527509333590096 0.764773851990585
2625 0.07532316019881191 0.7649572962136152
2626 0.0753699610035775 0.7651398068829389
2627 0.0754167626154756 0.7653219768267832
2628 0.07546315760715694 0.7655044807928469
2629 0.07550960249201868 0.7656878026454402
2630 0.07555360349286161 0.7658635075405783
2631 0.07560191042609324 0.7660538731179449
2632 0.07565012567765524 0.7662439220293276
2633 0.07569781186082444 0.7664331893457222
2634 0.07574534711969565 0.7666222622728585
2635 0.07579280936240949 0.7668117761999029
2636 0.07584022600632814 0.7670018423536267
2637 0.07588742292781245 0.7671926340567011
2638 0.07593447058581233 0.7673837367215306
2639 0.07598176927168439 0.7675759826495225
2640 0.07602945253856089 0.7677690993567967
2641 0.07607702128531885 0.7679631943931354
2642 0.0761246459627434 0.7681585168044777
2643 0.07617260922392047 0.7683546654210974
2644 0.0762204687232548 0.7685518571866464
2645 0.07626849697913927 0.7687496020281257
2646 0.07631621964228363 0.7689483003890245
2647 0.0763639566896971 0.7691471975123646
2648 0.07641197244442674 0.7693476712917207
2649 0.07646031081719087 0.7695483691360088
2650 0.0765086006656701 0.7697505407438535
2651 0.07655771807878599 0.7699547926735644
2652 0.07660616963566685 0.7701590454083899
2653 0.07665468775536753 0.770365007793951
2654 0.07670302639566609 0.7705704807259798
2655 0.07675135179887328 0.7707764405020785
2656 0.07679995378876558 0.7709831446448214
2657 0.07684856072975266 0.7711907247276438
2658 0.07689707816291949 0.7713991153035912
2659 0.07694581196541407 0.7716083453268828
2660 0.07699443988722621 0.7718183576653982
2661 0.07704331173545298 0.772029451557208
2662 0.07709227808033864 0.7722409792987635
2663 0.07714094467554383 0.7724533253199947
2664 0.0771897704176125 0.7726668136193354
2665 0.07723868608265252 0.7728811699482259
2666 0.07728803325407192 0.7730961490959408
2667 0.07733726834426941 0.7733119872767467
2668 0.07738640394478606 0.7735287408664387
2669 0.07743526806027078 0.7737455138231478
2670 0.0774846407264885 0.7739643425878793
2671 0.07753446480376879 0.7741835243239437
2672 0.07758373784279121 0.7744034648924301
2673 0.07763323821531638 0.7746240825973948
2674 0.07768265593408008 0.7748455528963517
2675 0.07773216346086412 0.7750679458779983
2676 0.07778164326263165 0.7752906401160631
2677 0.07783194736993468 0.77551617375842
2678 0.07788185654477006 0.7757411709817735
2679 0.07793167040064942 0.775965923929237
2680 0.07798138829642927 0.776191946041542
2681 0.07803122354975225 0.7764192999575205
2682 0.07808113876773075 0.7766467799844013
2683 0.07813102707437992 0.7768758784316198
2684 0.07818143477503361 0.7771052618475327
2685 0.07823122739095538 0.7773349231501072
2686 0.07828123934828561 0.7775654602934927
2687 0.0783307289477042 0.777795399686265
2688 0.07838072253318462 0.7780277684606408
2689 0.07843093935782315 0.7782610394998436
2690 0.07848152464600835 0.7784963081142953
2691 0.07853259853257261 0.7787327036090065
2692 0.07858332862354971 0.7789684994238915
2693 0.07863383222009028 0.7792046409047159
2694 0.07868436594867698 0.7794425170853545
2695 0.07873785302271795 0.7796910593465816
2696 0.07878566698415024 0.7799185193256314
2697 0.07883577310114272 0.7801560780693063
2698 0.07888666896729529 0.7803965640868507
2699 0.07894032893158306 0.7806491191227345
2700 0.07898893910759373 0.7808820592717751
2701 0.07903947378013781 0.7811231558999205
2702 0.07909031833294268 0.7813667540113092
2703 0.07914141271357766 0.7816114924328722
2704 0.07919239016613863 0.7818566776196405
2705 0.07924357852419546 0.7821027197261262
2706 0.07929491880253794 0.7823491650464307
2707 0.07934630420732842 0.7825976947158734
2708 0.07939730520869287 0.7828455546990218
2709 0.07944840828358536 0.7830942687977872
2710 0.07949968465167262 0.7833438514648662
2711 0.07955380643466593 0.7836036499896047
2712 0.07960246986131753 0.7838435459899419
2713 0.0796564761096074 0.7841045080066518
2714 0.07970603155064898 0.7843490111331924
2715 0.07975685764457291 0.7846001592402159
2716 0.07981067695750819 0.7848637481653586
2717 0.07985967422185924 0.785108018386329
2718 0.0799109200629166 0.7853617315625839
2719 0.0799644634073719 0.785626923508325
2720 0.08001662734377775 0.7858848824858023
2721 0.08006594940090746 0.7861320725299118
2722 0.08011947851676217 0.7863984158069093
2723 0.08017145244577584 0.7866575471294085
2724 0.08022080660366213 0.7869075378337423
2725 0.08027494017293677 0.787176417383419
2726 0.08032439374564157 0.7874269533016938
2727 0.08037839766373557 0.7876978176257825
2728 0.0804305560759348 0.7879621065926088
2729 0.08048186121902845 0.7882232268330946
2730 0.08053108649778158 0.7884757891513399
2731 0.08058532529749632 0.7887499713402784
2732 0.08063828196391454 0.7890174457508302
2733 0.08069081515138675 0.7892849058933288
2734 0.080740309475704 0.7895399288042882
2735 0.08079525535598403 0.7898186112878941
2736 0.08084816721978882 0.790089351755449
2737 0.08090070354618002 0.7903590881964359
2738 0.08095302989619291 0.7906282757531509
2739 0.08100532928504009 0.7908983172348421
2740 0.08105740091926791 0.7911682454751527
2741 0.08110966071208853 0.7914394596356041
2742 0.0811627079745524 0.791714917654936
2743 0.08121526747006667 0.7919876878850407
2744 0.08126787653073021 0.7922616576504987
2745 0.08132062616826918 0.7925363612940255
2746 0.08137351734768011 0.7928115407506302
2747 0.08142600539239966 0.7930873992620284
2748 0.08147809372236119 0.7933627210304799
2749 0.08153062397642115 0.7936393498693278
2750 0.08158309306013525 0.7939174728250734
2751 0.08163626826555179 0.7941976292738545
2752 0.08168936697102612 0.7944784998786546
2753 0.0817425576818835 0.7947593152840204
2754 0.08179574174852249 0.7950405850856239
2755 0.08184879642449262 0.7953221568296435
2756 0.08190202267609004 0.7956046489637998
2757 0.08195494746145854 0.795887826649228
2758 0.08200805863185377 0.7961715082155207
2759 0.08206082943835641 0.7964557669211461
2760 0.08211387287813364 0.7967412679698551
2761 0.08216707257068008 0.7970275260021654
2762 0.0822203433424617 0.7973144383842499
2763 0.0822737099758109 0.7976016402432631
2764 0.08232698273881311 0.7978891409778155
2765 0.08238047230402586 0.7981782453802407
2766 0.08243374804867419 0.7984678135722881
2767 0.08248915870582231 0.7987666298712577
2768 0.08254131938218717 0.7990509434442056
2769 0.08259374705116337 0.7993383168955747
2770 0.08264729621346505 0.7996302208271582
2771 0.08270038648241644 0.7999221204584449
2772 0.08275395572260943 0.8002166464255407
2773 0.08280802538816566 0.8005108268691494
2774 0.08286158707297424 0.8008059320946204
2775 0.08291658241693611 0.8011055401060335
2776 0.08297018051086896 0.8014017752078878
2777 0.08302363552641069 0.8016982175580264
2778 0.08307700681010702 0.8019946464239499
2779 0.0831306710070034 0.8022929810742248
2780 0.08318389181723479 0.8025904277720728
2781 0.08323788479314373 0.8028888810873884
2782 0.08329180031759767 0.8031891857293718
2783 0.08334587859419686 0.8034905731801485
2784 0.08340014154061683 0.8037922806511489
2785 0.08345446642506302 0.8040948986706958
2786 0.08350843594663271 0.8043976303609626
2787 0.08356233591563902 0.8047011483840144
2788 0.08361627693330795 0.8050053338521621
2789 0.08367050400884815 0.8053107730561401
2790 0.083724831123031 0.8056165507662106
2791 0.08377914944260176 0.8059226757459078
2792 0.08383339289940878 0.8062292391035412
2793 0.08388773733694831 0.8065365285832087
2794 0.08394200630723068 0.8068442967765983
2795 0.08399606977768191 0.8071525329237369
2796 0.0840514672054231 0.8074684412452444
2797 0.08410611377358496 0.8077790099556442
2798 0.08416048602847044 0.8080885547472644
2799 0.08421458985041537 0.8083985400741438
2800 0.08426840064817821 0.8087086640189473
2801 0.08432270221424111 0.8090207635658421
2802 0.08437737148053331 0.8093334304835649
2803 0.08443134794838768 0.8096458165413873
2804 0.0844839454358768 0.8099523949362256
2805 0.08453881519511965 0.8102689209623023
2806 0.08459381271656705 0.8105871156851168
2807 0.08464930055044644 0.8109053224562149
2808 0.0847042032153255 0.8112233519190638
2809 0.08475905804208343 0.811540928051585
2810 0.08481360723482735 0.8118588949962798
2811 0.08486655273507743 0.8121700947661294
2812 0.08492216864833151 0.8124929032643716
2813 0.0849774257778044 0.8128155442760286
2814 0.08503274001027267 0.813137566324432
2815 0.08508730842780758 0.8134582828716636
2816 0.08514204255083214 0.8137804236570212
2817 0.08519631995544004 0.8141021278933568
2818 0.08525129340147986 0.8144251703951798
2819 0.08530644422487851 0.8147485813759953
2820 0.08536137788428898 0.81507265685789
2821 0.08541644826303578 0.8153975463612393
2822 0.08547161946877721 0.8157234098397663
2823 0.08552674967645314 0.8160499595454259
2824 0.08558223722867767 0.8163793780363433
2825 0.08563713169727771 0.8167066565577186
2826 0.08569295250835857 0.8170367286258834
2827 0.08574821029353884 0.8173652086553856
2828 0.0858032768476472 0.8176939259222962
2829 0.08585822025002116 0.8180228804469382
2830 0.08591294701819666 0.8183526443500011
2831 0.085967882282191 0.8186834217186373
2832 0.08602306391948865 0.8190152777514149
2833 0.0860781805952117 0.819347857737652
2834 0.08613332381342298 0.8196798422946538
2835 0.08618870541238582 0.8200124897200891
2836 0.08624425492952223 0.8203469445928665
2837 0.08629985108283904 0.820682008285725
2838 0.08635530133069419 0.8210176423743109
2839 0.08641076788145756 0.8213537269061882
2840 0.0864660484294817 0.8216897593786366
2841 0.08652153059588728 0.8220269661168444
2842 0.08657709401234016 0.8223649930922565
2843 0.08663284207593992 0.8227028740164318
2844 0.08668823365356902 0.823041384337042
2845 0.0867438573411167 0.8233810573997997
2846 0.08679952349676556 0.8237212654196764
2847 0.08685578776722266 0.8240642196200934
2848 0.08691134801678725 0.8244050200296504
2849 0.08696706932535989 0.8247471324094791
2850 0.08702257561225468 0.8250896401899662
2851 0.08707822049789625 0.8254324630493798
2852 0.08713375146008982 0.8257752375770525
2853 0.08718952226958519 0.8261195414070812
2854 0.08724504379456562 0.8264636437554492
2855 0.08730075450287821 0.8268092960886931
2856 0.08735699028466559 0.8271552093006236
2857 0.08741255877270185 0.8275014873515558
2858 0.08746832750322907 0.827848096416766
2859 0.08752395188095145 0.8281953653252608
2860 0.08757966986821827 0.8285433945976223
2861 0.08763536601624052 0.8288916136080758
2862 0.08769128072523866 0.8292415268329508
2863 0.08774692023716128 0.8295900482197943
2864 0.08780325893888759 0.8299404480833066
2865 0.0878587195103098 0.8302880387474334
2866 0.08791465311791223 0.8306394306741067
2867 0.08797033859952237 0.8309923191684648
2868 0.08802633898843926 0.8313457699627402
2869 0.08808258047846025 0.8316999019540643
2870 0.08813893338151167 0.8320546305364571
2871 0.08819543297315474 0.8324094921070173
2872 0.08825104210672692 0.8327635032718566
2873 0.08830703922974178 0.8331181762287228
2874 0.08836349342969319 0.8334745542299801
2875 0.08841961761846839 0.8338317258783968
2876 0.08847779278231883 0.8341978878865143
2877 0.08853192825917361 0.8345450098440372
2878 0.08858819277037075 0.8349025991257734
2879 0.08864662218400626 0.8352704409089434
2880 0.08870126306251702 0.8356224274205999
2881 0.08875710721430474 0.8359803983336043
2882 0.08881292236571321 0.8363403957008138
2883 0.08887075977608938 0.8367101115765948
2884 0.0889252414715868 0.8370627252639001
2885 0.08898176407002639 0.8374258361889851
2886 0.08903834095848497 0.8377886517696864
2887 0.08909649115966721 0.8381599262530878
2888 0.08915105293310648 0.8385148711482865
2889 0.08920671659753696 0.8388767634802536
2890 0.08926161032059868 0.8392379160166872
2891 0.08932006718693705 0.8396123889197117
2892 0.08937482225300918 0.8399704302933
2893 0.08943125202419035 0.8403355150476106
2894 0.08948780423081835 0.8407024269947422
2895 0.08954422326466252 0.8410696305276835
2896 0.08960238295108412 0.8414467551353689
2897 0.08965693165744108 0.841806093982298
2898 0.08971507325034822 0.8421830208785289
2899 0.08977010478841474 0.8425446399376399
2900 0.08982663935547594 0.8429139597730312
2901 0.08988501088777411 0.8432928180692227
2902 0.08993987003471011 0.8436553715463343
2903 0.08999796361448566 0.844034413228047
2904 0.09005354228440293 0.8444012625549336
2905 0.09011183284984887 0.844781270451583
2906 0.09016671275465045 0.8451449643080432
2907 0.09022439968762103 0.8455256911558101
2908 0.09027886900342222 0.8458907209366894
2909 0.09033675541671141 0.8462729653845315
2910 0.09039159008221298 0.8466390958778618
2911 0.09045009578718381 0.847022562697178
2912 0.09050483450749562 0.8473897026824529
2913 0.09056302645627816 0.8477740530030461
2914 0.09061766880106197 0.8481419730905151
2915 0.09067564443073621 0.8485274957676817
2916 0.09073178396102786 0.8489000660248186
2917 0.09078798513073201 0.8492781672352772
2918 0.09084464091263597 0.8496571080113079
2919 0.09090125954680937 0.8500360320484064
2920 0.0909599161171038 0.8504258157888377
2921 0.09101672546923285 0.8508057737685152
2922 0.09107176493662994 0.8511778138205989
2923 0.09112953510163278 0.8515669244411564
2924 0.0911847881164955 0.8519405828948123
2925 0.09124130202710254 0.8523213439332432
2926 0.09129978677960372 0.8527132694423177
2927 0.0913564798550178 0.853096926796227
2928 0.09141154173774718 0.8534719345301102
2929 0.09146764887048627 0.8538543218739691
2930 0.09152593466485894 0.854247821718745
2931 0.09158287632430379 0.8546333351859474
2932 0.09163860809768945 0.8550126803452535
2933 0.09169660997968868 0.8554061191441219
2934 0.09175197120662881 0.8557844434634371
2935 0.0918102521849435 0.8561790674104326
2936 0.09186566538567262 0.8565594005288631
2937 0.09192193986200531 0.8569462105121494
2938 0.09197864831222011 0.8573358210648764
2939 0.09203734565140842 0.8577323028419277
2940 0.09209408491820859 0.8581212139935986
2941 0.09214997444048231 0.8585053390810589
2942 0.09220783128608558 0.8589031411661665
2943 0.09226451012128174 0.8592933834791553
2944 0.09231999046861065 0.8596774573397638
2945 0.09237816545597645 0.8600766827630599
2946 0.09243361736215076 0.8604603123954988
2947 0.0924920624377602 0.8608610504849026
2948 0.09254815915568726 0.8612526960785719
2949 0.0926032790732476 0.8616369278314748
2950 0.09266140133773347 0.8620393445224991
2951 0.09271858978133939 0.8624351531784187
2952 0.09277580444155827 0.862831252108588
2953 0.0928328131477827 0.8632265297225771
2954 0.09288995605738128 0.8636224714310399
2955 0.09294696170001089 0.8640184047351546
2956 0.09300407674374696 0.8644151983776874
2957 0.09306098391239606 0.8648123737953844
2958 0.093117783560551 0.8652096954607597
2959 0.0931743551849083 0.8656076506300772
2960 0.09323112963585023 0.8660063579579093
2961 0.09328813040312345 0.8664059225296441
2962 0.09334513495606092 0.8668056978097293
2963 0.0934017693066761 0.86720410812677
2964 0.09345855006656914 0.8676040300973369
2965 0.09351576335219466 0.868005404560422
2966 0.09357249211911933 0.8684065102133569
2967 0.09362946153126055 0.868809218025779
2968 0.09368697702848455 0.8692116842884041
2969 0.09374393208742986 0.8696147162207617
2970 0.09380094821886237 0.8700180233762569
2971 0.09385739033109405 0.8704206435763197
2972 0.0939143722271341 0.8708250244567531
2973 0.09397145563817576 0.8712299141240306
2974 0.09402871899560143 0.8716358517645311
2975 0.09408611416340042 0.8720418914852534
2976 0.09414310461724051 0.872447100129307
2977 0.0942002038606297 0.8728536487820943
2978 0.09425747709564918 0.8732607927335911
2979 0.09431494596825703 0.8736694991016279
2980 0.09437197657198633 0.8740771890648171
2981 0.09442878740427782 0.8744852320857438
2982 0.09448591649466576 0.8748950070707485
2983 0.09454294537689757 0.8753040420704554
2984 0.09459988535270897 0.8757125381380547
2985 0.09465673708745007 0.8761217293047321
2986 0.0947139261184456 0.8765314502456517
2987 0.09477089210705356 0.8769427295487733
2988 0.09482803848137637 0.8773539689193458
2989 0.09488512476285946 0.8777656611874948
2990 0.09494227058298001 0.8781776416725068
2991 0.09499913915624184 0.8785894510916273
2992 0.09505605318495096 0.8790027897767733
2993 0.09511350634998671 0.8794163139556784
2994 0.09517043575877043 0.8798298855559493
2995 0.09522760798366084 0.8802444752777645
2996 0.09528450505894613 0.8806585893410993
2997 0.09534138836804204 0.8810732891228976
2998 0.09539824291091435 0.8814880830102696
2999 0.09545534420832757 0.8819042780781688
3000 0.09551263941653422 0.8823204989915038
3001 0.09556985676655491 0.8827368071879007
3002 0.09562675994776941 0.8831532575577767
3003 0.09568368743360606 0.8835711424739823
3004 0.09574118316280415 0.8839887772084954
3005 0.09579814301551104 0.8844068759675641
3006 0.09585508657761944 0.8848251727108887
3007 0.09591189707228159 0.8852439927873469
3008 0.09596879742584465 0.8856633026222459
3009 0.0960257548072396 0.8860830473850875
3010 0.09608295226388469 0.8865034916724892
3011 0.09614016069664623 0.8869241207096866
3012 0.09619714811978514 0.8873449174845682
3013 0.09625407970710173 0.8877655863034838
3014 0.09631122285971548 0.8881871044339633
3015 0.09636807145121452 0.8886093503601677
3016 0.09642510374217267 0.8890319006303844
3017 0.09648206896264491 0.8894543832887911
3018 0.09653939525218576 0.8898792673089457
3019 0.09659672006411341 0.8903029290683769
3020 0.09665353938271053 0.8907266837088109
3021 0.09671048639457726 0.8911508850495794
3022 0.09676723461562189 0.8915752252700616
3023 0.09682313637638015 0.8919984253858338
3024 0.09688033492996054 0.8924237130142121
3025 0.09693757766174746 0.8928500429112601
3026 0.0969946784534523 0.8932765915513011
3027 0.09705189631637685 0.8937034510370784
3028 0.09710885039987949 0.8941305261861281
3029 0.0971658263827096 0.8945581262566789
3030 0.09722283629905099 0.8949861723931535
3031 0.09727990323981447 0.8954145967860324
3032 0.09733699257015525 0.8958430376052038
3033 0.09739383506066851 0.896271897309959
3034 0.09745058384641453 0.8967012409690536
3035 0.09750729813032576 0.8971306507189255
3036 0.09756429425607797 0.8975612588929647
3037 0.0976216848254257 0.897992113628618
3038 0.09767850131053599 0.8984231697808186
3039 0.09773523916639876 0.898853771662357
3040 0.09779233774265918 0.8992853422238398
3041 0.09784931414756029 0.8997175518648278
3042 0.09790616440775068 0.9001496184727059
3043 0.09796328301185094 0.9005829384383341
3044 0.09802006612769569 0.9010162663818657
3045 0.09807719225018095 0.9014502812985887
3046 0.09813404144474867 0.9018835526885687
3047 0.09819175728231293 0.9023198925975705
3048 0.09824884004060995 0.9027543545094708
3049 0.09830544815914437 0.9031892357762964
3050 0.09836228340886739 0.9036239110032999
3051 0.09841878563821063 0.9040591416874219
3052 0.09847527041805461 0.9044948132274585
3053 0.09853196442618388 0.9049311617534527
3054 0.09858875956122154 0.9053680299955373
3055 0.09864587391891047 0.9058047569422611
3056 0.09870272354034672 0.9062421177912957
3057 0.09875950641799237 0.9066795573827782
3058 0.09881595858857554 0.9071171733447213
3059 0.09887243133980729 0.9075554687804074
3060 0.09892901970337413 0.9079939649649015
3061 0.09898587006325209 0.9084338346421614
3062 0.09904276871056247 0.9088733471203149
3063 0.09909969058729155 0.9093127477435121
3064 0.09915818891777267 0.9097614393848044
3065 0.09921346249925862 0.910194295000549
3066 0.09926985540839507 0.9106337401769078
3067 0.09932809004773763 0.9110832803520235
3068 0.09938326385875271 0.9115170497728536
3069 0.09943888048866745 0.9119550935750973
3070 0.09949563332335493 0.912398429061374
3071 0.09955228026325245 0.9128411623471984
3072 0.09960903613988618 0.9132847035734476
3073 0.0996656571217948 0.9137278489838165
3074 0.09972242349304153 0.9141715650131303
3075 0.0997791273603874 0.9146153957444678
3076 0.09983529471711192 0.915058744573116
3077 0.09989155432975674 0.9155024451507756
3078 0.09994803035417602 0.9159473862318566
3079 0.1000045515481697 0.9163925733114342
3080 0.1000630917236328 0.9168471580092026
3081 0.1001183549809 0.9172852182026693
3082 0.1001744434765893 0.9177290334820478
3083 0.100230955374036 0.9181763456664549
3084 0.1002871944465184 0.9186228486223434
3085 0.1003434371111387 0.919069448062951
3086 0.1003989624251334 0.9195143212736667
3087 0.1004573226887243 0.9199715818069697
3088 0.1005142840498449 0.9204202237231175
3089 0.1005708735552781 0.9208680323993944
3090 0.1006271952374439 0.9213155160692651
3091 0.10068320474079 0.9217629975935003
3092 0.1007375248015266 0.9222028379179121
3093 0.1007946443444395 0.922657331844887
3094 0.100849090723676 0.9230988587108155
3095 0.1009049541858365 0.9235488132361469
3096 0.1009635778181428 0.9240090337565527
3097 0.1010201449668762 0.9244608706897042
3098 0.1010762993104234 0.9249115249241279
3099 0.1011322298950513 0.9253620783707585
3100 0.1011881378886747 0.9258126880447388
3101 0.1012425553060104 0.9262561114721993
3102 0.1012997145157273 0.9267143221653702
3103 0.1013562033075294 0.9271680371204641
3104 0.1014125789669552 0.9276213194335805
3105 0.1014688884586789 0.9280744675751809
3106 0.101525014112434 0.9285276241468107
3107 0.1015792388809595 0.9289729814847679
3108 0.1016334312164591 0.9294227696401475
3109 0.1016897611785666 0.9298795961790065
3110 0.1017466562018943 0.9303352803182059
3111 0.1018050499849629 0.930801073734206
3112 0.1018613981564572 0.9312576043682974
3113 0.1019173932216712 0.9317130431920704
3114 0.1019716290266265 0.9321602770325966
3115 0.1020267131498714 0.9326126411358407
3116 0.1020848408646659 0.9330790509373984
3117 0.102139401550734 0.9335291796945208
3118 0.1021967965964307 0.9339934289486601
3119 0.1022531364522091 0.9344520494549132
3120 0.1023092396464808 0.9349097803870239
3121 0.1023652195680709 0.9353671882673777
3122 0.1024192207697296 0.9358167446886817
3123 0.1024761225400575 0.9362811448022269
3124 0.1025321316370416 0.936741026597274
3125 0.102587882943644 0.9372002913150855
3126 0.1026435859475073 0.9376595510989261
3127 0.1026992187982892 0.938118877030694
3128 0.1027550345923342 0.9385781305735151
3129 0.1028105861414423 0.9390377407602204
3130 0.1028643648755278 0.9394889900608484
3131 0.1029198041050614 0.9399487479788615
3132 0.1029781015274098 0.9404216436235534
3133 0.1030325168255918 0.9408762939025537
3134 0.1030876847770065 0.9413363302733038
3135 0.1031450177702803 0.9418081490817394
3136 0.1031990852485488 0.9422619284972915
3137 0.1032538240138447 0.9427220115682174
3138 0.1033095979476531 0.9431855945946358
3139 0.1033652470761049 0.9436483209761966
3140 0.1034215548674808 0.9441132732449937
3141 0.1034773717106926 0.9445768565655115
3142 0.1035327209917989 0.9450410710789111
3143 0.1035882111520504 0.945504743876539
3144 0.1036432908185599 0.9459682640909048
3145 0.1036985202559583 0.9464325126244832
3146 0.1037532630579485 0.9468952393271124
3147 0.1038083615826782 0.9473594816368642
3148 0.1038660375136359 0.9478348941895656
3149 0.1039198340310216 0.948291817608254
3150 0.1039746195901949 0.948755615043256
3151 0.104031862586137 0.9492317837153219
3152 0.1040875021847926 0.9496982720411918
3153 0.1041427148117014 0.9501639256647932
3154 0.1041975375693208 0.950629163152706
3155 0.1042507151495567 0.9510867657085229
3156 0.1043051396603362 0.9515502901548311
3157 0.1043620582787314 0.9520290725427714
3158 0.1044177437430516 0.9524985428527322
3159 0.1044730601073515 0.952966418933976
3160 0.1045280880217631 0.9534342254208298
3161 0.104583043532789 0.9539017259816405
3162 0.1046361740019963 0.9543618574653163
3163 0.1046903791277519 0.9548269146763068
3164 0.1047479099032154 0.9553086158225793
3165 0.104803397513615 0.9557795553820151
3166 0.1048581400670465 0.9562493291334732
3167 0.1049127138728171 0.9567187723029045
3168 0.1049674149811489 0.9571885338521372
3169 0.1050218744098032 0.957653428558639
3170 0.1050776483600885 0.9581295325212564
3171 0.1051326482812512 0.9586017296124347
3172 0.1051873770610269 0.9590732880650362
3173 0.1052406238346332 0.9595363317279476
3174 0.1052963884217224 0.9600145716352527
3175 0.1053514562281184 0.9604879046423017
3176 0.1054048022222457 0.9609527643080263
3177 0.1054583563549728 0.9614220059231358
3178 0.1055146867062874 0.9619053731142905
3179 0.1055686718102318 0.9623713950686887
3180 0.1056245735215949 0.9628512100308887
3181 0.10567930469531 0.9633256855723326
3182 0.1057337647547103 0.9637993490969488
3183 0.1057880618725008 0.9642724409819652
3184 0.1058422883524009 0.9647460051464236
3185 0.1058967427720131 0.9652192651723812
3186 0.1059511499307349 0.9656927793257057
3187 0.1060043027045902 0.9661648769675241
3188 0.1060585782936619 0.9666390109123566
3189 0.1061128438542114 0.9671137157243518
3190 0.1061672833625961 0.9675889823118999
3191 0.106221798290688 0.9680651814526433
3192 0.1062761240404191 0.9685412721748661
3193 0.1063305197722683 0.9690175647145156
3194 0.1063845852763426 0.9694918189567076
3195 0.1064389197797921 0.969968829255954
3196 0.1064934097654096 0.9704459568187684
3197 0.1065475889023169 0.9709234243529591
3198 0.1066014946953373 0.9713997814094776
3199 0.1066555988686232 0.9718779444645641
3200 0.1067102443735745 0.9723558302306781
3201 0.1067644034779092 0.9728337679410705
3202 0.1068187826209727 0.973311924922463
3203 0.1068724427425159 0.9737902082415507
3204 0.1069263292167543 0.9742690850420068
3205 0.1069803609820511 0.9747484322694907
3206 0.1070355365119317 0.9752302797180437
3207 0.1070893853876902 0.9757091401608502
3208 0.1071431054176596 0.9761878312742787
3209 0.1071969641912641 0.9766669382731437
3210 0.1072504332453409 0.9771462409511956
3211 0.1073038274246564 0.9776249170927561
3212 0.1073576104145078 0.9781049218494625
3213 0.1074112607577022 0.9785850380598103
3214 0.1074648097694943 0.979065212270264
3215 0.107518220275498 0.9795463966069439
3216 0.1075717875966594 0.9800271802641312
3217 0.107625371418102 0.980508341316742
3218 0.1076791162334379 0.980989221775716
3219 0.1077329466204418 0.98147065194252
3220 0.1077865824825802 0.9819526671993892
3221 0.1078394008065187 0.9824328451179745
3222 0.1078927058388631 0.9829148659010446
3223 0.1079459590320555 0.9833970591135726
3224 0.1079996734598985 0.9838808423175497
3225 0.1080537728272344 0.9843645117463844
3226 0.1081070202657789 0.9848480012498981
3227 0.1081603891021563 0.9853309835934866
3228 0.1082136960211663 0.9858142215908257
3229 0.1082673929490613 0.9862975604170773
3230 0.108320605903226 0.9867814423272195
3231 0.1083739521621451 0.9872653547245177
3232 0.1084270525823072 0.9877492736315626
3233 0.1084799879809539 0.9882334955601263
3234 0.1085329952643939 0.9887180622848933
3235 0.1085853977988021 0.9892005173862176
3236 0.1086386728254079 0.98968604048535
3237 0.1086920052700761 0.9901709229173559
3238 0.1087450375221786 0.9906569726707424
3239 0.1087982406740222 0.9911428705410366
3240 0.1088513769587994 0.991628899091349
3241 0.1089049862857391 0.9921170783772938
3242 0.1089578171221037 0.9926020050438783
3243 0.1090108678674663 0.9930890433847348
3244 0.1090637861644904 0.99357548475557
3245 0.1091167140341931 0.9940618496443878
3246 0.1091693949246784 0.9945483086827633
3247 0.1092218074946019 0.9950348482657373
3248 0.1092744391966098 0.9955220651600397
3249 0.1093271982834725 0.9960096895573175
3250 0.109380208751399 0.9964969187902155
3251 0.1094320514647075 0.9969836755957743
3252 0.1094838339450107 0.9974692775220072
3253 0.1095366200739269 0.9979572721481227
3254 0.1095894791567179 0.9984464021861523
3255 0.1096423093252617 0.9989350217658501
3256 0.10969511525021 0.9994241192163766
3257 0.1097479216352079 0.9999128891612969
3258 0.1098003036788079 1.000401910856507
3259 0.1098526858642588 1.000892635447083
3260 0.1099050084012847 1.001375373077805
3261 0.1099587121620767 1.001873341893939
3262 0.1100113569664585 1.002364258598214
3263 0.1100637726480378 1.002853870107059
3264 0.1101142246555524 1.003334676059959
3265 0.1101684441727159 1.003834607403608
3266 0.1102199473430827 1.00432115942206
3267 0.1102735489353189 1.004818947142476
3268 0.1103253832409381 1.005309112067504
3269 0.1103771037677468 1.00579898766225
3270 0.1104271381125616 1.006280026061677
3271 0.1104785261822382 1.006769523692948
3272 0.1105327068831754 1.007271380186288
3273 0.1105834145743034 1.007754455771491
3274 0.1106367475632532 1.008253937882187
3275 0.1106868120640408 1.008736872847416
3276 0.1107399939578252 1.009237538349601
3277 0.1107901897929196 1.009720869835523
3278 0.1108417232120898 1.010212735210763
3279 0.1108956775176081 1.010715645362711
3280 0.1109460557490706 1.011199032012287
3281 0.1109973617925321 1.011691167355761
3282 0.1110493091032043 1.012185062715966
3283 0.1111032583885559 1.012691350574407
3284 0.1111549871884942 1.013181942281618
3285 0.1112065297249538 1.013672814576367
3286 0.1112569383006284 1.014163807707174
3287 0.1113070274310016 1.014654356612755
3288 0.1113581301009989 1.015146923488881
3289 0.1114081494182489 1.015632533064729
3290 0.1114602933912206 1.016129226071961
3291 0.1115142886025299 1.016635761158734
3292 0.1115646887997833 1.017122729606207
3293 0.1116158850697433 1.017616198138144
3294 0.1116679920832828 1.018113566695989
3295 0.1117194308701174 1.018609558017941
3296 0.1117729847099315 1.019115725011398
3297 0.111823158842334 1.019602744672754
3298 0.1118756775927278 1.020105939765448
3299 0.1119253840252907 1.020592260408213
3300 0.1119762685873779 1.021087676651153
3301 0.1120293208239883 1.021593267457194
3302 0.1120780151453493 1.02207776919466
3303 0.1121285815455079 1.022571990131913
3304 0.1121799119898716 1.0230745996844
3305 0.1122290327341084 1.023561250606408
3306 0.1122798743311365 1.02405782223959
3307 0.1123312365167198 1.024556994822305
3308 0.1123849687097133 1.025066165988885
3309 0.1124341152066674 1.025553060960721
3310 0.11248700162668 1.026061140002522
3311 0.1125381202276703 1.026558817034326
3312 0.1125887871149648 1.027055669585339
3313 0.112639241667492 1.027552269114011
3314 0.1126895954807032 1.028048897734337
3315 0.1127398690935436 1.028545556298013
3316 0.1127901880984486 1.02904260293258
3317 0.1128404845831249 1.029539983606762
3318 0.1128907920661758 1.030037639545367
3319 0.1129411222181422 1.030535564588269
3320 0.1129914910532256 1.03103377126212
3321 0.1130419003812776 1.031532330981028
3322 0.1130921774808417 1.032030934569807
3323 0.113143164198255 1.032531888103669
3324 0.1131932877779496 1.033030150978565
3325 0.113243453104783 1.033529062264997
3326 0.1132936255816097 1.034028188687979
3327 0.1133437512291426 1.034527502113805
3328 0.1133938712351293 1.035026977347906
3329 0.1134439910711262 1.03552661682565
3330 0.1134940408778305 1.036026252826882
3331 0.1135441981736912 1.036526344531002
3332 0.1135942340486856 1.037026528281525
3333 0.113644268884662 1.037526854503457
3334 0.1136943627395332 1.038027004764202
3335 0.1137443019009336 1.038527629599955
3336 0.1137940681402985 1.039028410607446
3337 0.1138427156305388 1.03952632079559
3338 0.1138917729810642 1.040025856828377
3339 0.1139415385066527 1.04052676542214
3340 0.1139913177996376 1.041027739042854
3341 0.114041426459477 1.041529569328204
3342 0.1140917340342914 1.042032086527735
3343 0.1141416751332276 1.042534018385444
3344 0.1141915559861027 1.043035980714689
3345 0.1142415833569159 1.043538405596693
3346 0.1142917034000943 1.04404120214597
3347 0.1143417699285194 1.044544165567557
3348 0.1143917335708086 1.045047096634308
3349 0.1144413984588754 1.045549614206558
3350 0.1144908636343832 1.046051882944613
3351 0.1145403112738084 1.04655433442211
3352 0.1145897648366756 1.047057119889516
3353 0.1146392789191888 1.047560110783196
3354 0.1146888281480359 1.048063311667908
3355 0.1147383882349081 1.048566701991776
3356 0.1147902175525542 1.049077660343629
3357 0.1148395209163076 1.049580800661922
3358 0.1148885028192997 1.050083212360192
3359 0.1149374530434949 1.050585729279887
3360 0.1149864036695451 1.051088469894074
3361 0.1150351740398235 1.051591184179869
3362 0.1150817624119388 1.052088335497821
3363 0.1151306956308506 1.052591681711687
3364 0.1151798171556434 1.053096064741697
3365 0.115228890012894 1.053600653612285
3366 0.1152778845194716 1.054105280456102
3367 0.1153267557627743 1.054609905250933
3368 0.1153755618837223 1.055114522240084
3369 0.1154243043809965 1.05561912155986
3370 0.1154731060672767 1.056123858151669
3371 0.1155217950673636 1.056628686078626
3372 0.1155714813689467 1.057134513358074
3373 0.115619789427081 1.057639757534308
3374 0.1156680658856189 1.058144583401013
3375 0.1157164093411501 1.058649459415692
3376 0.1157647802548779 1.059154467402224
3377 0.1158131059584938 1.059659597392363
3378 0.1158614230265244 1.060164851179225
3379 0.1159096912807529 1.060669869397963
3380 0.1159580343382761 1.061175550571869
3381 0.1160063475393423 1.061681312833187
3382 0.1160545725271694 1.062187224605143
3383 0.1161027825838335 1.062693142483023
3384 0.1161513996020655 1.063201373615089
3385 0.1161996500670585 1.06370742705577
3386 0.1162477943520669 1.064213436361123
3387 0.1162958035620809 1.06471945283902
3388 0.1163437491481475 1.065225482975578
3389 0.1163916459859169 1.065731677498075
3390 0.1164395382397661 1.066237766676622
3391 0.1164873935984519 1.066744030040467
3392 0.1165349410747012 1.067249995684751
3393 0.1165837891393832 1.067760962568881
3394 0.1166315063994024 1.068267088344704
3395 0.1166790851642731 1.06877314369474
3396 0.1167259183131572 1.069276481141771
3397 0.1167734579664832 1.069783323939668
3398 0.1168210665266248 1.070290518926441
3399 0.1168686820693423 1.070797866122168
3400 0.116916297672427 1.071305332510937
3401 0.1169638652957472 1.071812882781015
3402 0.1170113202643661 1.072320492458807
3403 0.1170587446306091 1.072828137849852
3404 0.1171061415216216 1.073335855263127
3405 0.1171535173663952 1.073843673450157
3406 0.1172007898229578 1.074352697108194
3407 0.1172481285940166 1.074860436669658
3408 0.1172953840764323 1.075368298359606
3409 0.1173425898152738 1.075876285853164
3410 0.1173897847184621 1.076384411205821
3411 0.1174369344602804 1.076892673354561
3412 0.1174844221285923 1.077401828919778
3413 0.1175314126005099 1.077910219502176
3414 0.1175783368149285 1.078418574790725
3415 0.1176252301967931 1.078926983952659
3416 0.117672087232402 1.07943545908831
3417 0.1177188587882158 1.079943993267975
3418 0.1177656043338772 1.080452211681728
3419 0.1178126917544854 1.080962241211495
3420 0.117859326000473 1.081470853160971
3421 0.1179059237339078 1.081979546249416
3422 0.11795242010792 1.082488314521437
3423 0.1179992992816046 1.082997953565386
3424 0.1180457402511093 1.083506981256332
3425 0.1180921529796943 1.08401599077161
3426 0.1181385523941788 1.08452510003981
3427 0.1181848840967214 1.085034319233751
3428 0.118231198377607 1.085543640519591
3429 0.1182790923946394 1.08605767040789
3430 0.1183250148561913 1.086565549469833
3431 0.1183711957521701 1.087076220450996
3432 0.118416821188447 1.087584111986744
3433 0.1184629177330684 1.088094402936991
3434 0.1185088071956005 1.088603329128608
3435 0.118554885859409 1.089113483414946
3436 0.1186009078356186 1.089623218430857
3437 0.1186470662515511 1.090132768321023
3438 0.1186931086022693 1.090643791064361
3439 0.11873772018765 1.09114633460868
3440 0.1187842991378648 1.091663412347184
3441 0.1188295000409875 1.092172213703349
3442 0.118875458854733 1.09268301659953
3443 0.1189210607426831 1.093193135505506
3444 0.1189669423827547 1.093703826358928
3445 0.1190127149211753 1.094214366134642
3446 0.1190584633722474 1.094725203157496
3447 0.1191033325340353 1.09523243865192
3448 0.119148892424668 1.095743643378759
3449 0.1191945702964854 1.096255234937062
3450 0.1192402553854608 1.09676685032244
3451 0.1192864873465697 1.097280713007796
3452 0.11933193623377 1.097792038383062
3453 0.1193779392956533 1.098303808886999
3454 0.1194230397559746 1.098814632114049
3455 0.1194681624396484 1.099325868618159
3456 0.1195132963893706 1.09983708364638
3457 0.1195584008715538 1.100348471454774
3458 0.1196039372944264 1.100862796414365
3459 0.1196488289356381 1.101373392768158
3460 0.1196938630785359 1.101884342167437
3461 0.119738861415496 1.102395597625778
3462 0.1197837243015185 1.102906880334277
3463 0.1198285782713999 1.103418316795042
3464 0.1198734081905418 1.103929799026663
3465 0.119918228903383 1.104441455247419
3466 0.119963040121542 1.104953234240687
3467 0.1200077629151889 1.105465079669043
3468 0.1200522136260145 1.105976335070544
3469 0.1200969267346364 1.106488412497128
3470 0.1201416314049335 1.107000540256261
3471 0.1201862927767308 1.107512814666722
3472 0.1202308482598248 1.108024431545134
3473 0.1202753287648788 1.108536913434604
3474 0.1203198287997525 1.109049413743044
3475 0.1203643097084065 1.109561973824411
3476 0.1204087478853091 1.110074491480997
3477 0.120453096010242 1.110587067830716
3478 0.120497387619739 1.111099571611691
3479 0.120540604383247 1.111605059317395
3480 0.1205855310036575 1.112124383157923
3481 0.1206289440916342 1.112635453617209
3482 0.1206733314642293 1.113148992713846
3483 0.1207175174441333 1.113661445310615
3484 0.1207617369771227 1.114174656417758
3485 0.1208058037473436 1.114687254831481
3486 0.1208499054926 1.115200437285494
3487 0.1208938218312885 1.115713178219433
3488 0.1209377211811216 1.116226199769288
3489 0.1209815312341363 1.116738936657681
3490 0.1210244167646828 1.117245522813519
3491 0.1210691075999904 1.117766295037447
3492 0.1211116490512743 1.118271879706693
3493 0.1211563940653805 1.118792727854127
3494 0.121199026064847 1.119298947236724
3495 0.1212437134402037 1.119819727981665
3496 0.1212861523124674 1.120325391946202
3497 0.1213306712563462 1.120846112609385
3498 0.1213730091120333 1.121352063105822
3499 0.1214158070694762 1.121863753106316
3500 0.1214591589560619 1.122377788193232
3501 0.121502618997264 1.12289219916005
3502 0.1215460053365334 1.123406529992885
3503 0.121589341822606 1.12392062747079
3504 0.1216338174374061 1.124438647233157
3505 0.1216780785074871 1.124958941158206
3506 0.1217209674363835 1.125470126633176
3507 0.121764286836785 1.125984655011235
3508 0.1218068769133731 1.126496060182701
3509 0.1218494309003622 1.127008570645304
3510 0.1218919841813258 1.127520894538873
3511 0.1219346644389665 1.128034257451442
3512 0.12197718444691 1.128547215102502
3513 0.1220197577081354 1.129060573167517
3514 0.12206229546245 1.129573841331315
3515 0.1221048486002402 1.130087328397441
3516 0.1221473767416143 1.130600860034547
3517 0.12218984651122 1.131114518362015
3518 0.1222322789104375 1.131628208114571
3519 0.1222747049028041 1.132142005495962
3520 0.1223171235401203 1.132655866108375
3521 0.1223595778125262 1.13317007129471
3522 0.122401970276655 1.133684392113208
3523 0.1224442161247543 1.134198340721308
3524 0.1224864404628343 1.134712363987421
3525 0.1225286322619319 1.135226368564074
3526 0.1225711755572826 1.13574134357894
3527 0.1226131163828618 1.136255806992086
3528 0.122655180153663 1.136769861016849
3529 0.1226971681375113 1.137283921961863
3530 0.1227391437426175 1.137798091820601
3531 0.1227810453423729 1.138312259012788
3532 0.1228228512007534 1.138826510554005
3533 0.1228646210353931 1.139340730573122
3534 0.1229063637906479 1.139854999205669
3535 0.1229480709686681 1.140369271895846
3536 0.1229897517557344 1.140883618097899
3537 0.1230313390886915 1.141397957083222
3538 0.1230728914855585 1.141912342529392
3539 0.1231144130723861 1.142426734376088
3540 0.1231559394126569 1.142941311987359
3541 0.1231974493938901 1.143455892883409
3542 0.1232388391824516 1.143970502139883
3543 0.123280191865821 1.144485042591659
3544 0.1233215172300846 1.144999649752247
3545 0.1233628152521451 1.14551424127656
3546 0.1234040814600392 1.146028927514842
3547 0.1234442762281257 1.146536902771346
3548 0.123486171036252 1.147058420508743
3549 0.1235274295399033 1.147573650502747
3550 0.1235686760307024 1.148088676209077
3551 0.1236097021502991 1.148602971284574
3552 0.123650629469794 1.149117631531151
3553 0.1236914547562095 1.149631996085853
3554 0.1237322840795743 1.150146607237907
3555 0.1237730464179382 1.15066108215748
3556 0.1238138166898815 1.1511757922282
3557 0.1238540780527197 1.151688578249196
3558 0.123894717959576 1.152203510489533
3559 0.1239353632383276 1.152718446799322
3560 0.1239760622087337 1.153233664627848
3561 0.1240166730981207 1.15374870234633
3562 0.1240572104505138 1.154263932935913
3563 0.1240976669450463 1.154778907272803
3564 0.1241381225104878 1.155294043647613
3565 0.1241785001937645 1.155808965393969
3566 0.124218868344978 1.156324076926783
3567 0.1242590861028699 1.156838947327434
3568 0.1242992933526801 1.157353969766232
3569 0.1243392038883166 1.157868352251403
3570 0.1243794396577608 1.158383498350347
3571 0.1244196136030493 1.158898695264073
3572 0.1244596320498682 1.159413807315257
3573 0.1244996010184121 1.159928832793687
3574 0.124539510223007 1.160443774230697
3575 0.124579377100348 1.160958690677983
3576 0.1246191866923909 1.16147355676646
3577 0.1246589010300414 1.16198841245311
3578 0.1246985488884577 1.162503192511995
3579 0.124738158632228 1.163017963038277
3580 0.12477773284904 1.163532684848184
3581 0.1248172426186296 1.164047375761996
3582 0.1248566131337616 1.164561962752512
3583 0.1248959388514034 1.165076502474409
3584 0.1249352165939788 1.165590980493335
3585 0.1249744697294199 1.166105503235176
3586 0.1250136732575246 1.166620005779065
3587 0.1250527872072068 1.16713454545291
3588 0.1250918591301764 1.167649047883538
3589 0.1251309147648298 1.168163618115207
3590 0.1251699624018183 1.168678214691213
3591 0.1252089655678048 1.169192872305385
3592 0.1252478561906519 1.169707520582643
3593 0.1252867320043512 1.170222201103281
3594 0.1253255798610622 1.170736881237433
3595 0.1253644087210022 1.171251620094649
3596 0.1254032815036696 1.171766389956187
3597 0.1254419851528421 1.1722811827475
3598 0.1254806294850023 1.17279590888875
3599 0.1255192535328777 1.173310661732986
3600 0.1255578604080348 1.173825415209782
3601 0.1255964233879438 1.174340204649404
3602 0.1256348665838015 1.174854961896797
3603 0.1256742396490466 1.175373444702161
3604 0.1257125945099085 1.175887811175891
3605 0.1257508257681876 1.176402025892055
3606 0.1257890030713406 1.176916221265684
3607 0.1258270956347355 1.177430536356586
3608 0.1258651414471206 1.177944807245618
3609 0.1259031898843812 1.17845924285516
3610 0.1259412351156027 1.178973699439064
3611 0.1259791757067631 1.179488052689917
3612 0.1260170706372192 1.180002592296851
3613 0.1260549690958165 1.180517246214114
3614 0.1260928371979397 1.181031852459765
3615 0.1261309986541083 1.181547119467198
3616 0.1261687605381148 1.182061788339757
3617 0.1262064230602035 1.182576394086676
3618 0.1262440452586658 1.183090900674263
3619 0.1262816632885162 1.183605501022809
3620 0.1263194277488963 1.184120984309892
3621 0.1263569905887646 1.184635388668585
3622 0.1263944095019724 1.185149727763542
3623 0.1264318129760701 1.185664184087786
3624 0.1264691933036261 1.186178648179876
3625 0.1265068173185586 1.186693513623592
3626 0.126544084091053 1.187208075635879
3627 0.126580075695541 1.187719657695024
3628 0.1266174034066946 1.188234392977572
3629 0.1266547912734783 1.188749485820501
3630 0.1266921343511115 1.189264577848782
3631 0.1267293935118436 1.189779625045936
3632 0.1267665091968586 1.190294591636235
3633 0.1268035756911758 1.190809471440265
3634 0.1268397612006006 1.191321841466853
3635 0.1268768332476221 1.191836961532012
3636 0.1269139051970617 1.192352107493156
3637 0.1269508496631127 1.192867137386866
3638 0.1269877147268531 1.193382025283604
3639 0.1270245245273614 1.193896849560331
3640 0.1270613332551365 1.194411702292709
3641 0.1270980260401244 1.194926414602396
3642 0.1271345773666538 1.195441030038765
3643 0.1271710891057584 1.195955589482921
3644 0.1272075575034373 1.196470096302732
3645 0.1272450287698787 1.196987337392243
3646 0.1272814637457192 1.19750176040886
3647 0.1273173790871536 1.198015403738124
3648 0.127353428214431 1.198529374734956
3649 0.1273895391274716 1.199043531263122
3650 0.1274255250267139 1.199557393095783
3651 0.1274607932874046 1.200070133255699
3652 0.1274953149600452 1.200581409887777
3653 0.127529291008314 1.201091340340513
3654 0.1275647782881138 1.201604612179641
3655 0.1276019714795625 1.202123077603252
3656 0.1276376656543769 1.202636945737489
3657 0.1276716944119595 1.203146742429724
3658 0.1277074302363921 1.203660453909627
3659 0.1277436606114849 1.204175480252198
3660 0.1277801176802988 1.204691046793195
3661 0.1278165980769002 1.205206849176162
3662 0.127852912276943 1.205722521297345
3663 0.1278891180035921 1.206238013313425
3664 0.1279251523167033 1.206753213602491
3665 0.1279610461901682 1.207268219664595
3666 0.1279967829293037 1.207782942593337
3667 0.1280323431620025 1.208297511822891
3668 0.128067750022627 1.208811933126082
3669 0.128103094121995 1.209326054304373
3670 0.1281383850379334 1.209840040900485
3671 0.1281736019461635 1.210354012955494
3672 0.1282086764180907 1.210867874798653
3673 0.1282437094496153 1.211381704337418
3674 0.1282786538602352 1.21189536532634
3675 0.1283136154643622 1.212409155227593
3676 0.1283485024209747 1.212922833732101
3677 0.1283832633975576 1.213436467287732
3678 0.1284176783410952 1.213949378293536
3679 0.1284522738639967 1.214462764917214
3680 0.1284868153647911 1.214976034920739
3681 0.1285212766731396 1.2154892771745
3682 0.1285555864791309 1.216002362037625
3683 0.1285902305208223 1.216515704670774
3684 0.1286243297774316 1.21702865672314
3685 0.1286584499969092 1.217541562765852
3686 0.1286923648903633 1.218053768317297
3687 0.1287264034607237 1.218566688811415
3688 0.1287603522359136 1.219079264596435
3689 0.1287943070678774 1.219591972780757
3690 0.1288281982150518 1.220104451052543
3691 0.1288612633166169 1.220615079164566
3692 0.1288962621122011 1.221131687515314
3693 0.1289300070134198 1.221644092639767
3694 0.1289636115664856 1.222156201010557
3695 0.1289971848937155 1.22266839362915
3696 0.1290307340569095 1.223180586077658
3697 0.1290642044952088 1.22369286668901
3698 0.1290976385082463 1.22420510227657
3699 0.1291312774995563 1.224717910009382
3700 0.1291646488360874 1.225230159903854
3701 0.1291979793487273 1.22574244244894
3702 0.1292311971621159 1.226254674639455
3703 0.1292643875579359 1.226766905839134
3704 0.1292975477857312 1.227279080277591
3705 0.1293306795965308 1.227791278611561
3706 0.129363772027557 1.228303433868507
3707 0.129396764728195 1.2288155791443
3708 0.129429726775629 1.229327650484783
3709 0.1294626641155321 1.229839750325125
3710 0.1294955946253556 1.23035182393856
3711 0.1295284600713632 1.23086387643337
3712 0.129561209657973 1.231375859572275
3713 0.1295939302193685 1.231887831089271
3714 0.1296266204783409 1.232399750347992
3715 0.1296592548736445 1.232911504743029
3716 0.1296918881685984 1.233423453757512
3717 0.1297244399293177 1.233935384753658
3718 0.1297568805623166 1.23444701517932
3719 0.1297893448157225 1.234958846579991
3720 0.1298218012662417 1.235470689966551
3721 0.1298542186587296 1.235982537186726
3722 0.1298865242704063 1.236494311961071
3723 0.1299187861364536 1.237006038559635
3724 0.1299511025102862 1.237516612232948
3725 0.1299832826567273 1.238028619277891
3726 0.1300153398229269 1.238540268429849
3727 0.1300474363398157 1.239052179202293
3728 0.130079390975505 1.239563691872067
3729 0.1301114311783306 1.240075455829241
3730 0.1301433288549579 1.240586853535825
3731 0.1301752899027707 1.241098522126242
3732 0.1302070194722462 1.241609802155725
3733 0.1302388258411739 1.242121324488123
3734 0.1302704804653699 1.24263249415913
3735 0.1303022315137026 1.243143965484941
3736 0.1303338109046716 1.243655086001603
3737 0.1303654058109006 1.244166499112375
3738 0.1303968394025878 1.244677517188068
3739 0.13042835955657 1.245188823577476
3740 0.1304597319201628 1.245699782297991
3741 0.1304911712532461 1.246211035594434
3742 0.1305223769439055 1.246721900334297
3743 0.1305536619350151 1.247233015494314
3744 0.1305847948135598 1.247743784482601
3745 0.1306160301869302 1.248254879307297
3746 0.1306466157024338 1.248765259940067
3747 0.130677792829006 1.249276222303678
3748 0.1307088074846819 1.249786904937391
3749 0.1307398740304377 1.250297863997511
3750 0.130770786207423 1.250808496928862
3751 0.130801751728835 1.251319404656213
3752 0.1308324841025187 1.251829940752379
3753 0.130863281638717 1.252340708448044
3754 0.1308939234428169 1.25285112278864
3755 0.1309246496552741 1.253361791452631
3756 0.1309551910983142 1.253872109291321
3757 0.1309858013050931 1.254382875458684
3758 0.1310162064136948 1.254893070019733
3759 0.1310465386765444 1.255403215526059
3760 0.1310767544966755 1.255913075228475
3761 0.1311069275886681 1.256422877580341
3762 0.1311369845681097 1.256932556104432
3763 0.1311670739497942 1.257442360104021
3764 0.1311971637430507 1.257952215758059
3765 0.1312275769600274 1.258462992933946
3766 0.1312576248949729 1.258972979200256
3767 0.1312876561510676 1.259483194141868
3768 0.1313175531778191 1.259992975000699
3769 0.131347501820559 1.260502992940688
3770 0.1313773190588112 1.261012662579558
3771 0.131407180683475 1.26152262199961
3772 0.1314368351783698 1.262032241950781
3773 0.1314665398509367 1.262542067182535
3774 0.1314961004800519 1.263051539007164
3775 0.1315257397818368 1.26356125522402
3776 0.13155519892771 1.264070593732185
3777 0.1315838249542587 1.264576194132613
3778 0.1316129996783479 1.265085246385228
3779 0.1316424580757071 1.265595117730611
3780 0.1316719116172467 1.266104986281038
3781 0.1317012843420579 1.266614671921474
3782 0.1317306318126412 1.267124818291379
3783 0.1317597664571122 1.267633990017399
3784 0.131788827188587 1.268142973851426
3785 0.1318177592674288 1.268651604891485
3786 0.1318467152390413 1.269160483854238
3787 0.1318755404317455 1.269669283011887
3788 0.1319043202137181 1.270177966384826
3789 0.1319336946948895 1.270688225712946
3790 0.1319623147994753 1.271196733909636
3791 0.1319908228356579 1.271704856103713
3792 0.1320188073207532 1.272211571349243
3793 0.1320472061515178 1.272719632128859
3794 0.1320756220210843 1.273227774148965
3795 0.1321040198024257 1.273735912909881
3796 0.1321323893183485 1.274243995268484
3797 0.1321606489892128 1.274752019062721
3798 0.1321888531344702 1.275259980722366
3799 0.132217013637377 1.275767872168859
3800 0.1322451217901877 1.276275638478822
3801 0.1322732090967004 1.276783405707828
3802 0.1323011983610125 1.277291133310136
3803 0.1323291735195065 1.277798907888807
3804 0.1323570425425216 1.278306458123792
3805 0.1323848673013286 1.278813933572585
3806 0.1324126649028945 1.279321355315716
3807 0.1324395775578816 1.279826600101352
3808 0.132467303950398 1.280334001634614
3809 0.132495077129244 1.280841616424262
3810 0.1325226706617595 1.281348909714602
3811 0.1325502728276634 1.281856283138693
3812 0.1325778077233064 1.282363568969172
3813 0.1326052096388634 1.282870716609534
3814 0.132632510299889 1.283377645971724
3815 0.1326597910860864 1.283884494110337
3816 0.1326870530093024 1.284391301958473
3817 0.1327142527800863 1.284898023523637
3818 0.1327413376204362 1.285404651984823
3819 0.1327683022736397 1.28591172507138
3820 0.132795317971698 1.286418089469138
3821 0.1328222756965282 1.28692434978646
3822 0.1328491584339893 1.287430552054593
3823 0.1328759233975283 1.287936707161938
3824 0.1329026576750164 1.28844281914198
3825 0.1329293551392175 1.288948868025304
3826 0.1329560196038067 1.289454882939751
3827 0.1329826358854865 1.289960860387621
3828 0.1330091383994046 1.290466543997243
3829 0.1330355763134893 1.2909723967531
3830 0.133061994024596 1.291478205417118
3831 0.1330883972964044 1.291983964523684
3832 0.1331147310276001 1.292489636936015
3833 0.1331409366695658 1.292995222442865
3834 0.1331671063489191 1.29350072033301
3835 0.1331932313104789 1.294006145202499
3836 0.1332193189279342 1.294511519005485
3837 0.1332453754052409 1.295016855058873
3838 0.1332713540676662 1.295522140670967
3839 0.1332972589410025 1.296027359160535
3840 0.1333231194911667 1.296532486645249
3841 0.1333489452158068 1.297037558791483
3842 0.1333747479915084 1.297542582864484
3843 0.1334003887024042 1.298047468594075
3844 0.1334260301004389 1.298552357960232
3845 0.1334516302591713 1.299057173423457
3846 0.1334771905127748 1.299561933316009
3847 0.1335027244274657 1.300066633814315
3848 0.1335281908718014 1.30057124526189
3849 0.1335549344442792 1.30107846516471
3850 0.1335801209649856 1.301582940204252
3851 0.1336051679895285 1.302086987823687
3852 0.1336302058826194 1.302590956839764
3853 0.1336552183224163 1.303094893850465
3854 0.1336801462927833 1.303598791608781
3855 0.1337050478418319 1.304102634283476
3856 0.133729931242251 1.304606451627499
3857 0.1337548144296308 1.305110260607636
3858 0.1337796510557049 1.305614047976879
3859 0.1338043798402298 1.306117789431361
3860 0.1338290884059666 1.306621475037192
3861 0.1338537664170427 1.307125100027822
3862 0.1338784180024836 1.307628698793424
3863 0.1339030390726687 1.308132266686198
3864 0.1339275739950329 1.308635782503859
3865 0.1339520557233216 1.309139224191788
3866 0.1339765074033083 1.309642623379945
3867 0.1340009460917682 1.310146005856514
3868 0.1340253502294265 1.310649364980851
3869 0.1340496347738257 1.311152610252453
3870 0.1340738864583153 1.311655792571297
3871 0.1340982527884512 1.312159693358746
3872 0.134122434718717 1.312662699948123
3873 0.1341466127455828 1.313165635478976
3874 0.1341706013999359 1.313668453339967
3875 0.1341945518118164 1.314171181821084
3876 0.1342184715191653 1.314673866128779
3877 0.134242158140932 1.3151757769185
3878 0.1342651947388248 1.315676930639739
3879 0.1342890970845375 1.316179766751837
3880 0.1343131565158181 1.316683248883835
3881 0.1343369991703202 1.317185887639645
3882 0.1343605982085396 1.317688230961519
3883 0.1343843350508847 1.318190921925145
3884 0.1344077672726968 1.318692754456851
3885 0.1344311826861304 1.319194835811472
3886 0.1344545425037057 1.319696650652737
3887 0.1344780094565438 1.3201990621972
3888 0.1345013307055217 1.32070101170995
3889 0.1345245654301824 1.321203048841824
3890 0.1345477042996132 1.321704709209454
3891 0.1345706951849718 1.322205541802318
3892 0.1345935296175543 1.322706797084487
3893 0.1346165835585264 1.323208451790223
3894 0.1346395594281853 1.323710091179851
3895 0.1346624646388969 1.324211751108876
3896 0.1346853459215352 1.324713063428109
3897 0.13470819867966 1.325214336739694
3898 0.134731211380936 1.325716468739169
3899 0.1347538519206194 1.326217497023795
3900 0.134776616451497 1.326718771071351
3901 0.1347990936226042 1.327219444139487
3902 0.134821367448161 1.327719438850194
3903 0.1348437460853616 1.328219962094371
3904 0.1348641647889401 1.328715792393201
3905 0.1348866855100597 1.329217037797449
3906 0.1349091847584208 1.329717908686503
3907 0.1349318345259134 1.330219165661862
3908 0.1349542164027204 1.330719938621269
3909 0.134975994750546 1.331219404163641
3910 0.1349985424622608 1.331720828009507
3911 0.1350205774309345 1.332221068651527
3912 0.1350425559609204 1.332721154065545
3913 0.1350633801948641 1.33321308509188
3914 0.1350868717435894 1.333726995711899
3915 0.1351076010794433 1.334215363661938
3916 0.135129867077663 1.334721343201817
3917 0.1351518200448114 1.335221579580291
3918 0.1351733638115272 1.335720676499469
3919 0.1351948705678163 1.336220065201358
3920 0.1352162418486927 1.336719184889988
3921 0.1352372933816467 1.337217145724257
3922 0.1352585333876507 1.337715919286711
3923 0.1352797826229966 1.338214748014941
3924 0.1353009965790201 1.33871358143725
3925 0.135322112116132 1.339212346450692
3926 0.1353431679215936 1.339711278302504
3927 0.1353642226066573 1.340209618917988
3928 0.1353852290905738 1.34070817059003
3929 0.1354062046392379 1.341206718041366
3930 0.1354258356546113 1.341702701341735
3931 0.1354468590924835 1.342201376244028
3932 0.1354677717079901 1.342699903397021
3933 0.1354886142633134 1.343198300770247
3934 0.1355094033573241 1.343696612611638
3935 0.1355300891439856 1.344194743596613
3936 0.1355506729880618 1.344692757096428
3937 0.1355711948310931 1.345190620295204
3938 0.1355916643100187 1.34568840268187
3939 0.1356120999317783 1.346186079693742
3940 0.1356324373162995 1.346683674107023
3941 0.1356526616172393 1.3471811184274
3942 0.1356728723511086 1.347678516942655
3943 0.1356929951604808 1.348175717509646
3944 0.13571392970119 1.348674675269829
3945 0.1357338898937787 1.34917167792183
3946 0.1357536662861057 1.349668405918802
3947 0.1357734083773488 1.350164985528923
3948 0.135793121290823 1.350661508329169
3949 0.1358128175167407 1.351157964185218
3950 0.1358324679291772 1.351654410901662
3951 0.1358520167026217 1.352150776022512
3952 0.1358715373740212 1.352647090353405
3953 0.1358910318313275 1.353143324394976
3954 0.1359105054009507 1.353639539291256
3955 0.1359299317804923 1.354135668376103
3956 0.1359494098996306 1.354632068472762
3957 0.1359686907952054 1.355128032912097
3958 0.1359879330161231 1.355623933958551
3959 0.1360068985642917 1.356118554487139
3960 0.1360268036999414 1.356620235262199
3961 0.1360451693529063 1.357108802368242
3962 0.1360643573412154 1.357605968743903
3963 0.1360833846506134 1.358102439499438
3964 0.1361022733359753 1.358597492034981
3965 0.1361212082494753 1.359093171873219
3966 0.1361406282625012 1.359593350680084
3967 0.1361588546083428 1.360082757299159
3968 0.1361772987400365 1.360576750231807
3969 0.1361958788931045 1.361071900329413
3970 0.1362151109299638 1.361572648002795
3971 0.1362329252904585 1.362060682952012
3972 0.1362514996035156 1.362556644513316
3973 0.1362703807788991 1.363055905248773
3974 0.1362881731128501 1.363544490116364
3975 0.1363066517575524 1.364040219695866
3976 0.1363248664900318 1.364534959591152
3977 0.1363432327568132 1.365029791874853
3978 0.1363614003530903 1.365524090485073
3979 0.1363795378017058 1.366018213665246
3980 0.136397633019345 1.366512420489228
3981 0.1364155860166543 1.367006330727546
3982 0.136433524582756 1.367500336129263
3983 0.1364513908669467 1.36799401569733
3984 0.1364692306128438 1.368487806089265
3985 0.1364870132103677 1.36898130554044
3986 0.1365046149598987 1.369474622054016
3987 0.1365222212504386 1.369967897384086
3988 0.1365398145777825 1.370461294850335
3989 0.1365566298231609 1.370952602559537
3990 0.1365737514821461 1.371443385951047
3991 0.1365926779009948 1.371940955898416
3992 0.1366098335966168 1.372433352862466
3993 0.1366266479884073 1.372924133913493
3994 0.1366447548904363 1.373423442485429
3995 0.1366614734525223 1.373910285649142
3996 0.1366789185203497 1.374404566095589
3997 0.1366953782459899 1.374894862853519
3998 0.1367128102802299 1.375389179113969
3999 0.1367298312871906 1.3758820616864
4000 0.136748172964868 1.376381522302273
4001 0.1367644233821602 1.376866983152081
4002 0.1367812948307279 1.377363390449877
4003 0.1367973816485082 1.377850037416215
4004 0.1368135206795895 1.378340046615463
4005 0.1368306108003649 1.378837635009931
4006 0.1368467373782093 1.379323492292597
4007 0.1368635567107737 1.379819547977497
4008 0.1368796271553524 1.380306280810792
4009 0.1368956221154263 1.380796219485794
4010 0.1369118247293128 1.381287674936584
4011 0.1369281246393279 1.381779247490079
4012 0.1369451096684527 1.382276708329072
4013 0.1369608587052079 1.382761672686885
4014 0.1369766141420762 1.383251167529207
4015 0.1369928183227703 1.383742955853489
4016 0.1370088889163391 1.384234399036639
4017 0.1370248997069387 1.384725372173375
4018 0.1370407830840729 1.385216019365068
4019 0.1370572661689702 1.385712362651074
4020 0.1370726825489509 1.386196645468157
4021 0.1370881386097486 1.386685589267538
4022 0.1371037283282323 1.387176089824777
4023 0.1371196133979941 1.387671013889081
4024 0.1371347133160554 1.388154871628221
4025 0.137150510539104 1.388649293785339
4026 0.1371655747125751 1.389134019799636
4027 0.1371812811585953 1.389628351515769
4028 0.1371962078247491 1.390112645013318
4029 0.1372116629815836 1.390603144965486
4030 0.1372266944462527 1.391092693024603
4031 0.1372417623500034 1.391581901013067
4032 0.1372568191290321 1.392071112445926
4033 0.1372718004200109 1.392559997131427
4034 0.137286719587161 1.393049047512139
4035 0.1373015947574056 1.393537630811927
4036 0.1373164356864072 1.39402646564731
4037 0.1373313205941063 1.394513968056617
4038 0.1373459749397787 1.395002619950515
4039 0.1373605146834415 1.395490897692048
4040 0.1373750559960465 1.395979414225039
4041 0.1373895892608555 1.396467484189254
4042 0.1374037581442626 1.396954778020255
4043 0.1374182205539083 1.397442599031986
4044 0.1374326186532277 1.397930777042513
4045 0.1374469701460484 1.398418500124534
4046 0.1374612756480174 1.398906429479927
4047 0.1374755347474734 1.399393906653647
4048 0.1374897302881597 1.399881595902691
4049 0.1375038038370702 1.400368800582324
4050 0.1375178248581547 1.400856193824743
4051 0.1375317993902777 1.40134313799215
4052 0.1375457462027399 1.40183031997668
4053 0.137559623812136 1.402317062563784
4054 0.1375733797155674 1.402804007628873
4055 0.1375870905642724 1.403290492126571
4056 0.1376007617838845 1.403777192681763
4057 0.1376143921158364 1.404263476225154
4058 0.1376279481735111 1.404750242224335
4059 0.1376416194613122 1.405236733552062
4060 0.1376550779653032 1.405723056223835
4061 0.1376684408963941 1.406208795377438
4062 0.1376819145027713 1.40669503558417
4063 0.1376951412847606 1.407180538769103
4064 0.1377082722205809 1.407666336644816
4065 0.13772139254684 1.408151743140779
4066 0.1377346302669406 1.408638016328671
4067 0.1377476330365223 1.409123103664563
4068 0.137760594293106 1.40960842237143
4069 0.1377734717071431 1.410093301026742
4070 0.1377862965039089 1.410578440722594
4071 0.1377990786710603 1.411063149436225
4072 0.1378118451696254 1.411548155780556
4073 0.1378245704142346 1.41203274140032
4074 0.1378374680676058 1.412517908165054
4075 0.1378500358199269 1.413002472136494
4076 0.137862514160301 1.4134870877636
4077 0.1378749669869481 1.41397125342456
4078 0.1378873751701964 1.414455634155143
4079 0.1378995033529526 1.41493936064261
4080 0.1379117547994604 1.415423525632521
4081 0.1379239998770316 1.415907307622159
4082 0.1379362190600592 1.416391328845408
4083 0.1379484450864247 1.416875123028284
4084 0.1379603674628209 1.417358693773253
4085 0.1379723543305013 1.417841994745621
4086 0.1379843222731404 1.418325566068875
4087 0.137996267962519 1.418808752910477
4088 0.1380081594751115 1.419292184446193
4089 0.1380199360736424 1.419775181177389
4090 0.1380316700902338 1.420258380002072
4091 0.1380433644929834 1.420741155202755
4092 0.1380550293156995 1.421224171475375
4093 0.1380666524384217 1.421706858537954
4094 0.1380781479554496 1.42218966099839
4095 0.1380895897351838 1.422672001631862
4096 0.1381009790953193 1.423154504110086
4097 0.1381123142596759 1.423636574971683
4098 0.1381236104541368 1.424118879086163
4099 0.1381347918817752 1.424600771895749
4100 0.1381458449173014 1.425082563231128
4101 0.1381569342513154 1.425564160395918
4102 0.1381680144345947 1.426046091346365
4103 0.1381790422872545 1.426527607381925
4104 0.1381899618080443 1.427009347325764
4105 0.1382007409144166 1.427490115593865
4106 0.138211578994809 1.427971660223157
4107 0.1382227262304154 1.428454580668697
4108 0.138233681673496 1.428939527476601
4109 0.1382446650607171 1.429420821911245
4110 0.1382547978989456 1.4298955383423
4111 0.1382654673255488 1.43038014311564
4112 0.1382755453313771 1.43085566130423
4113 0.1382860264743564 1.43133690588745
4114 0.1382964322537222 1.431821563880758
4115 0.1383064793693412 1.432297023366418
4116 0.138316869570471 1.432777890834262
4117 0.1383265655567494 1.433256598390969
4118 0.1383367465041141 1.433736894812734
4119 0.1383468623544441 1.434217236705737
4120 0.1383569950951962 1.43469749029846
4121 0.1383670678728818 1.435177676067864
4122 0.1383771199979516 1.435657562811357
4123 0.138387088276537 1.436137447868521
4124 0.1383969308877702 1.436617154007317
4125 0.1384067359149156 1.437096638362593
4126 0.1384164940127135 1.437575788749631
4127 0.1384263096142731 1.438055181924544
4128 0.1384359421363853 1.43853409028211
4129 0.1384454282954042 1.439013026712068
4130 0.1384548857088566 1.439491594631938
4131 0.1384641028668932 1.439969580926917
4132 0.1384734860815158 1.440447931144898
4133 0.1384828367349113 1.440926506187859
4134 0.1384920714332258 1.441404700932579
4135 0.1385013766084067 1.441883281846574
4136 0.1385099334024909 1.442360496806113
4137 0.1385193199683181 1.442837631382385
4138 0.1385283945337528 1.443315682844154
4139 0.1385375073665021 1.443794318307211
4140 0.1385464614696467 1.444272016940382
4141 0.1385553563166476 1.444749790625472
4142 0.1385641972183777 1.445227098595817
4143 0.1385729871608786 1.445704589482681
4144 0.1385816598071214 1.446181619910789
4145 0.1385902870856849 1.44665881598077
4146 0.1385988694318958 1.447135584259359
4147 0.1386060914911564 1.447609239723388
4148 0.1386146644014204 1.448085917332219
4149 0.138623251311052 1.448563150153177
4150 0.1386317389658767 1.449039799014795
4151 0.1386402213490405 1.449516752797907
4152 0.1386517107657005 1.450001692465933
4153 0.1386597819967345 1.450477714488488
4154 0.1386675122849205 1.450952501290479
4155 0.1386752100993046 1.451427556244879
4156 0.1386828682004314 1.45190220746293
4157 0.1386905602528615 1.452377259276304
4158 0.1386982323083159 1.452851939305526
4159 0.1387059002767002 1.453327002962655
4160 0.1387134462466951 1.453801636025421
4161 0.1387210162209801 1.454276606009692
4162 0.1387285369673207 1.454751135577556
4163 0.1387360791412177 1.455226023656919
4164 0.1387435896283777 1.455700538055138
4165 0.1387510205253544 1.456175305932528
4166 0.13875838272006 1.456649570416832
4167 0.138765740331648 1.4571241396886
4168 0.138772487599541 1.457596375994762
4169 0.1387799995469612 1.458071304521458
4170 0.1387872889504141 1.458545754213061
4171 0.1387945329169185 1.459020169547169
4172 0.1388016604358357 1.459494150193771
4173 0.1388087591295314 1.45996818153408
4174 0.1388157798195438 1.460441847723383
4175 0.1388227590976622 1.460915591482168
4176 0.1388295944928857 1.461388945949838
4177 0.1388364147128179 1.461862379712848
4178 0.1388431229159022 1.46233541858447
4179 0.1388498883928805 1.462808673934614
4180 0.1388565488458023 1.463281542233259
4181 0.1388631213891374 1.463754501002237
4182 0.1388696192324738 1.46422709670799
4183 0.1388761068165968 1.464699780648759
4184 0.1388825265512376 1.465172145233802
4185 0.1388889277965493 1.465644626486015
4186 0.1388951883180616 1.466116755404193
4187 0.1389015381221228 1.466589357761581
4188 0.1389077093206852 1.467061222929612
4189 0.1389138858506007 1.467533186396229
4190 0.1389199647748025 1.468004818061496
4191 0.1389259633040769 1.468476569153547
4192 0.138931880873744 1.468947928534019
4193 0.138937792465265 1.469419396029459
4194 0.1389436315444507 1.469890536308916
4195 0.1389503027274172 1.470365125578859
4196 0.1389559479909496 1.47083572002053
4197 0.1389614665135358 1.471306100140227
4198 0.1389669307095799 1.471776212491661
4199 0.1389724192387047 1.472246530270343
4200 0.1389773030706715 1.472715437775264
4201 0.1389827547737772 1.47318572911268
4202 0.1389881740010313 1.473655941489179
4203 0.1389935892376657 1.474126329226601
4204 0.138998934348277 1.474596416614106
4205 0.1390042573552296 1.475066608285577
4206 0.139009433701542 1.475536439958134
4207 0.1390145925717648 1.476006332666565
4208 0.1390196766799641 1.476475886763871
4209 0.139024764705734 1.476945540190878
4210 0.1390297491459796 1.477414848496964
4211 0.1390346407713431 1.477884226798804
4212 0.1390394668749806 1.478353255420076
4213 0.1390441483905164 1.478822125741379
4214 0.1390489162659819 1.479290855301211
4215 0.1390536949557458 1.479759837365539
4216 0.1390583029420154 1.480228422425318
4217 0.1390631284092146 1.480697298362287
4218 0.1390689542393694 1.481168017997655
4219 0.1390731508157115 1.481636253863752
4220 0.1390770997568941 1.482103362777105
4221 0.1390811814970558 1.482571106759189
4222 0.1390853026562708 1.483038559842557
4223 0.1390894283346192 1.483506288812277
4224 0.1390935383725766 1.48397365455376
4225 0.1390976516853082 1.484441281330459
4226 0.1391017087335586 1.48490852019675
4227 0.139105690512346 1.485375962235849
4228 0.1391096293477654 1.485842972810801
4229 0.1391135451601243 1.486310192216618
4230 0.139115805449717 1.486772717894503
4231 0.1391199124254048 1.487240141199107
4232 0.13912391195865 1.487707574045318
4233 0.1391278748972879 1.488174952792475
4234 0.1391317079151897 1.48864192042996
4235 0.1391355160565093 1.48910886545544
4236 0.1391391996133054 1.489575426619563
4237 0.1391428030172268 1.490041963468384
4238 0.1391462875968067 1.490508104107016
4239 0.1391497649384145 1.490974265857996
4240 0.1391531620107559 1.491440104915814
4241 0.1391565305773505 1.491905975639753
4242 0.1391597199248482 1.492371500149888
4243 0.1391629147079155 1.492837038763563
4244 0.139166008266362 1.493302246414829
4245 0.1391690693079785 1.493767439374614
4246 0.1391721502231473 1.494232564169441
4247 0.1391751710807677 1.494697669990031
4248 0.1391780239261171 1.495162386941326
4249 0.1391808814469818 1.495627306576525
4250 0.1391836505523637 1.496091714218807
4251 0.1391864506492826 1.496556262912194
4252 0.1391891183964105 1.497020391781268
4253 0.1391917111749181 1.497484654363683
4254 0.1391942211214407 1.497948480113634
4255 0.1391967620719471 1.498412526011055
4256 0.1391992218223455 1.498876197733562
4257 0.1392016924930043 1.499340061873449
4258 0.1392040087669847 1.499803505635047
4259 0.1392063343634136 1.500267098248742
4260 0.1392085690081391 1.500730285878168
4261 0.1392108408445946 1.501193662541079
4262 0.139212983243382 1.501656614676831
4263 0.1392150655967836 1.502119731256394
4264 0.1392170564506495 1.502582406636181
4265 0.1392190575767213 1.503045241045317
4266 0.1392209643586831 1.503507674839381
4267 0.1392228993674106 1.503970298122066
4268 0.1392243489088963 1.504431645130594
4269 0.1392265054853813 1.504894955689907
4270 0.139228230726618 1.505356985393337
4271 0.1392299473385328 1.505819137755823
4272 0.1392315626806643 1.506280843194572
4273 0.1392331842354834 1.506742743350304
4274 0.139235010125857 1.507205363738787
4275 0.1392364416576569 1.507666965888574
4276 0.139237742192246 1.50812802392305
4277 0.1392390683083614 1.508589136007015
4278 0.1392403139089814 1.509049977654189
4279 0.1392415285828162 1.509510910947479
4280 0.1392426504761433 1.509971550188351
4281 0.1392436832912139 1.510431999115227
4282 0.1392447681447568 1.510892410261245
4283 0.1392458748875088 1.511353058683436
4284 0.1392468184475799 1.511813364710034
4285 0.1392477830663323 1.512273788812949
4286 0.1392486585145812 1.512733837486265
4287 0.1392495403604305 1.513194005321193
4288 0.1392503391900998 1.513653822904669
4289 0.1392510912529887 1.514113760438698
4290 0.1392520428445378 1.514574076147478
4291 0.1392526668608945 1.515033595731448
4292 0.1392532129332674 1.515492796465973
4293 0.1392537497060858 1.515952111084139
4294 0.1392541291671514 1.516411098449594
4295 0.1392545280625939 1.516870164803165
4296 0.1392548420330492 1.517328892781128
4297 0.1392551693106443 1.517787729896129
4298 0.1392554231781217 1.518246249461652
4299 0.1392556524011601 1.518704865543132
4300 0.1392557559925862 1.519163134014889
4301 0.1392558656925335 1.519621476867368
4302 0.1392558972500891 1.520079493414867
4303 0.1392561073568654 1.520538077151497
4304 0.1392560362832998 1.520995863366894
4305 0.139255889264429 1.521453646986097
4306 0.1392556649618134 1.521911071103705
4307 0.1392554565489083 1.522368594510089
4308 0.1392551799328361 1.5228258198444
4309 0.1392549045418898 1.523283154225762
4310 0.1392544847031212 1.523740150324389
4311 0.1392540690435516 1.524197212771358
4312 0.1392535299238306 1.524653684541788
4313 0.1392530499407901 1.525110535483079
4314 0.1392524804640255 1.525567091539245
4315 0.1392519539540197 1.526024150414
4316 0.1392512316487477 1.526480378596453
4317 0.1392505032262638 1.526936638719337
4318 0.1392496906045899 1.527392561362394
4319 0.1392488800268959 1.527848578410774
4320 0.1392479257401426 1.5283042473493
4321 0.1392469664377377 1.528759972662943
4322 0.1392459233940695 1.529215359663061
4323 0.1392449091761174 1.529670853966089
4324 0.1392437857127825 1.530126009622209
4325 0.139242589463631 1.530581238559118
4326 0.1392413147844515 1.531036105258436
4327 0.1392400440653194 1.531491054058471
4328 0.1392386898369289 1.53194566009101
4329 0.1392373491977774 1.532400373573955
4330 0.1392358900349055 1.532854736042315
4331 0.1392334766470796 1.533307094101085
4332 0.139231953833723 1.533761239768183
4333 0.1392305259932236 1.534215742139318
4334 0.139229006799657 1.534669828907831
4335 0.1392274643026569 1.535124057592761
4336 0.1392257421558097 1.5355778175021
4337 0.1392240338216574 1.536031687815992
4338 0.1392222659551036 1.536485554016093
4339 0.1392213758166259 1.536940689841967
4340 0.1392194159669829 1.537393766817112
4341 0.1392173121189213 1.537846768331831
4342 0.1392153764474049 1.538300215899807
4343 0.139213190067398 1.53875293793748
4344 0.1392108909306793 1.539205097961511
4345 0.1392085878854946 1.539657392716191
4346 0.1392061206979395 1.540109287134834
4347 0.1392036909839117 1.540561344255994
4348 0.1392011849523156 1.541013030078588
4349 0.1391987215396274 1.541464924071251
4350 0.1391961749314138 1.541916460056009
4351 0.1391936077701784 1.542368179528557
4352 0.1391909492396939 1.542819496341752
4353 0.1391883274221466 1.543271003475079
4354 0.1391856400616684 1.543722139221074
4355 0.1391829587119409 1.544173454653559
4356 0.1391801059094558 1.544624352488219
4357 0.1391772848296042 1.54507539163467
4358 0.1391743637746951 1.54552600692891
4359 0.1391714661535424 1.545976791124844
4360 0.1391684817776878 1.546427171573498
4361 0.1391654870719976 1.546877709546809
4362 0.1391623454281056 1.547327807897003
4363 0.139159219667181 1.547778036138737
4364 0.1391559990555809 1.548227846083367
4365 0.1391528181255769 1.548677828831757
4366 0.1391495146543231 1.549127395540987
4367 0.1391461564247077 1.549577104438655
4368 0.1391427062544019 1.550026368543927
4369 0.1391392788523751 1.550475783957325
4370 0.1391357615055247 1.550924792264513
4371 0.1391322582550127 1.551373963778069
4372 0.1391286010772171 1.551822702055119
4373 0.1391249563660368 1.552271576339916
4374 0.1391212204393843 1.552720034783756
4375 0.1391175280343037 1.553168674268956
4376 0.1391137170749795 1.553616895325755
4377 0.1391098474353393 1.554065262813885
4378 0.1391055259158104 1.554512574669727
4379 0.1391016666388657 1.554960678832718
4380 0.1390977048976225 1.555408452638078
4381 0.1390938320350974 1.555856826486005
4382 0.1390897383977862 1.556304241205266
4383 0.1390854161980926 1.556751392104938
4384 0.1390811351238502 1.557198385522751
4385 0.1390769164445876 1.557645608273204
4386 0.139072633896139 1.558092540277461
4387 0.1390683565483305 1.558539606981435
4388 0.1390639044528736 1.55898628492403
4389 0.139059739066791 1.559432907725589
4390 0.1390550971291912 1.55987927312631
4391 0.1390505282757809 1.560325775262245
4392 0.1390458678973573 1.560771888781278
4393 0.139041182313758 1.561218084526818
4394 0.139036391315331 1.561663858207532
4395 0.1390316305651256 1.562109760755018
4396 0.1390267927414962 1.562555276873228
4397 0.1390219598315943 1.563000874645716
4398 0.1390169590855471 1.563446116592772
4399 0.139011983794009 1.563891403966625
4400 0.1390069714488501 1.564336469162952
4401 0.1390019132203857 1.564781462139948
4402 0.1389967651704485 1.565226122571955
4403 0.1389915934493759 1.565670843499218
4404 0.1389862992254025 1.566115212764935
4405 0.1389810198418516 1.566559633439332
4406 0.138975658450076 1.567003733131515
4407 0.1389703274386278 1.567447915727344
4408 0.1389648470002222 1.567891757929759
4409 0.1389593542896448 1.568335648443005
4410 0.138953770507649 1.568779182330547
4411 0.1389482072400093 1.569222792520224
4412 0.1389425731638192 1.569666084037197
4413 0.1389367651898629 1.570108801446599
4414 0.138930884790459 1.570550754171159
4415 0.1389250426158377 1.57099385921484
4416 0.138919201680304 1.57143688269437
4417 0.138912779217999 1.57187974959989
4418 0.1389070359131659 1.572322296224884
4419 0.1389012109659417 1.57276501225384
4420 0.1388952864705534 1.573207454400214
4421 0.1388893113008578 1.573649852380144
4422 0.1388832707167225 1.574091952742124
4423 0.1388771689499619 1.574534000550056
4424 0.1388709256294505 1.574975731669164
4425 0.1388668254066607 1.57542137283215
4426 0.1388599871777886 1.57586234187861
4427 0.1388529926997244 1.576302879480644
4428 0.138846122471822 1.57674329432698
4429 0.1388393049623335 1.577183794826872
4430 0.1388325232186906 1.577624141219875
4431 0.1388257763227353 1.578064535338897
4432 0.1388190365490175 1.578504776909486
4433 0.138812667101685 1.578945499167892
4434 0.1388057213471923 1.579385562045271
4435 0.1387987711627497 1.579825498487127
4436 0.1387918183875582 1.580265223067771
4437 0.1387848771321867 1.580704970683275
4438 0.1387778987574738 1.581144517936757
4439 0.1387708503845202 1.581584051293775
4440 0.1387637593882064 1.582023337822862
4441 0.1387566554822653 1.5824626134286
4442 0.138749552798719 1.582901730087698
4443 0.138742484497361 1.583341765048615
4444 0.1387352416530119 1.58378057326138
4445 0.1387279756861464 1.584219246013097
4446 0.138720599827244 1.584657548742603
4447 0.1387132176251302 1.58509589022685
4448 0.1387057512396644 1.585533938692946
4449 0.1386982431587788 1.585972029578185
4450 0.1386906336334984 1.586409806347452
4451 0.1386830390973509 1.586847638263752
4452 0.1386753867562254 1.587285199793169
4453 0.1386677470703907 1.587722821987437
4454 0.138659731916157 1.588158843206764
4455 0.1386519073822356 1.588596112976144
4456 0.138644083508874 1.58903333869963
4457 0.1386362747167787 1.589470612778621
4458 0.1386284106016739 1.58990761502958
4459 0.1386204532276395 1.590344552208908
4460 0.1386124422540135 1.59078117092336
4461 0.1386044060065545 1.591217732483404
4462 0.1385963272667924 1.59165402522878
4463 0.138588205115182 1.592090269309175
4464 0.1385799454180237 1.592526176264385
4465 0.1385716781806519 1.592962069217415
4466 0.1385633636990137 1.593397697975033
4467 0.138555038142945 1.593833301510539
4468 0.1385466457664207 1.594268643437318
4469 0.1385381577570867 1.594703934855543
4470 0.1385296199355567 1.595138940073721
4471 0.1385210629768398 1.595573912235612
4472 0.1385124693674823 1.596008643853911
4473 0.138503735147209 1.596443048351673
4474 0.1384949917569596 1.596877450723731
4475 0.1384862389067329 1.597311865191526
4476 0.1384772754515284 1.597745636715352
4477 0.1384685185673749 1.598179866739945
4478 0.1384596805716481 1.598613833672962
4479 0.1384507340736093 1.599047741944499
4480 0.1384417149721273 1.599481302299583
4481 0.1384326666966874 1.5999148162777
4482 0.1384235671093933 1.60034804238251
4483 0.1384144350514884 1.600781253717059
4484 0.1384051909368336 1.601214175105936
4485 0.1383959342624379 1.601647072955977
4486 0.1383864791690702 1.602079448162592
4487 0.1383771977843906 1.602512188311813
4488 0.1383684296916012 1.602945968266648
4489 0.138358811397414 1.603378009750412
4490 0.1383487798719434 1.603809125882559
4491 0.1383392519905623 1.604240826428373
4492 0.1383297178863196 1.604672519658794
4493 0.138320155544586 1.60510421743764
4494 0.1383104802085282 1.605535696850734
4495 0.1383007805904128 1.605967114701734
4496 0.1382910315140252 1.606398295962496
4497 0.1382812814375473 1.606829449741635
4498 0.1382714554764125 1.607260358725073
4499 0.1382618917762896 1.607692272581903
4500 0.1382518961154834 1.608122793307788
4501 0.1382418387973453 1.608553126548065
4502 0.1382317422753611 1.608983232118514
4503 0.1382216140352531 1.609413279273607
4504 0.1382113886967859 1.609843099679621
4505 0.1382011347398114 1.610272848270531
4506 0.1381908460812911 1.610702391250844
4507 0.138180558125503 1.611131901792686
4508 0.1381702046112482 1.611561192940187
4509 0.1381597513009158 1.611990412438698
4510 0.1381492675127057 1.612419398474323
4511 0.1381387571941354 1.612848317250714
4512 0.1381282073802281 1.613277024291739
4513 0.1381176460557534 1.613705684747905
4514 0.1381070154088485 1.614134122762808
4515 0.1380963120021321 1.614562480202678
4516 0.1380855629469465 1.614990588798947
4517 0.1380747949193062 1.615418634785777
4518 0.1380640047165952 1.615846472844379
4519 0.1380531700275987 1.616274241408904
4520 0.1380422121833293 1.616701765131621
4521 0.1380313320496021 1.617129420403245
4522 0.138020311058314 1.617556678272498
4523 0.1380092561785512 1.617983766527804
4524 0.1379981491465581 1.618410619793818
4525 0.1379869639272089 1.618837379002176
4526 0.1379757271560731 1.619263855210175
4527 0.1379644709851091 1.619690310135093
4528 0.1379532025196456 1.620116589240175
4529 0.1379418903094672 1.620542792060328
4530 0.1379304615821756 1.620968775170703
4531 0.1379190166422244 1.621394649992284
4532 0.1379075249682128 1.621820302004199
4533 0.137896009995451 1.622245871670859
4534 0.1378844734228079 1.622671271578514
4535 0.1378728710604038 1.623096576070222
4536 0.1378611771620012 1.623521623283954
4537 0.1378494547503406 1.623946552185226
4538 0.1378376954970461 1.624371274108382
4539 0.1378259308272383 1.624795921852889
4540 0.137814100984143 1.625220358239621
4541 0.1378021699280389 1.625644684876035
4542 0.1377902009639758 1.626068772416725
4543 0.1377782095522963 1.626492761467333
4544 0.1377661828671774 1.626916551627023
4545 0.1377541244172072 1.627340250984174
4546 0.1377417852101598 1.627763124523649
4547 0.1377296126381588 1.628186469951878
4548 0.1377174182209046 1.628609736058294
4549 0.1377052229391879 1.629032900541063
4550 0.1376929516506055 1.629455871651508
4551 0.1376805772470859 1.62987868162257
4552 0.1376681584736107 1.630301270651111
4553 0.1376557094546137 1.630723700188996
4554 0.1376432107493182 1.631145942006686
4555 0.1376306989352817 1.631568056131392
4556 0.1376181088554347 1.631989980078223
4557 0.1376054495550488 1.632411750632599
4558 0.1375927382383538 1.632833310602623
4559 0.1375800111465484 1.633254742853642
4560 0.1375672581394471 1.633676012013654
4561 0.1375544609457097 1.634097153493687
4562 0.1375415442653095 1.634518097659127
4563 0.1375286113365552 1.634938882672055
4564 0.1375156354627199 1.63535948226745
4565 0.1375026447251681 1.635779956288627
4566 0.1374896007369411 1.636200253569614
4567 0.1374764794570104 1.636620398202522
4568 0.1374633056073905 1.637040338970278
4569 0.1374501160941503 1.637460148071579
4570 0.1374369036137461 1.637879798391735
4571 0.1374236444132524 1.638299305939921
4572 0.1374102674525363 1.638718630232413
4573 0.1373968777573879 1.639137795715152
4574 0.1373835115847138 1.639557078220963
4575 0.1373700587041523 1.639976145359106
4576 0.137356555820376 1.640394711156995
4577 0.1373429953036844 1.640813151034931
4578 0.1373293490073507 1.64123139644793
4579 0.1373156807744888 1.641649512220952
4580 0.137301967578022 1.642067448795193
4581 0.137288252991969 1.64248528276553
4582 0.1372744370430357 1.642902925295598
4583 0.1372605733824042 1.643320431843136
4584 0.1372466596577658 1.643737723612319
4585 0.1372327348115155 1.64415490106593
4586 0.1372187825224235 1.644571904791093
4587 0.1372047899020793 1.644988788638603
4588 0.1371906791021357 1.645405459939226
4589 0.1371765425433178 1.645821956975372
4590 0.1371623481008847 1.646238230293034
4591 0.1371481414966058 1.646654384071664
4592 0.1371338809404788 1.647070351240988
4593 0.1371195602223691 1.647486208813459
4594 0.1371053024983158 1.647901851789564
4595 0.1370909139051091 1.64831747492937
4596 0.1370758781522902 1.648732117722224
4597 0.1370616397833064 1.649147411117742
4598 0.1370472560469209 1.6495626668752
4599 0.1370328149321518 1.649977764651015
4600 0.1370182880344235 1.650392615682004
4601 0.1370037263897851 1.650807307997074
4602 0.1369890936482365 1.651221771939961
4603 0.1369743834570059 1.651636069611407
4604 0.1369595940789485 1.652050117387937
4605 0.1369459455924341 1.652469331543041
4606 0.1369274551473188 1.652866074968636
4607 0.1369124048720426 1.653279376054251
4608 0.1368985024036709 1.653692460854391
4609 0.1368870660708676 1.654130691500794
4610 0.1368688062378206 1.654525626754832
4611 0.136853516986838 1.654936777480681
4612 0.1368386192235379 1.655350479988818
4613 0.136823703331896 1.655764169505521
4614 0.1368087071698022 1.656177445036852
4615 0.1367937068186017 1.656590573039189
4616 0.136778665815933 1.657003475285316
4617 0.1367647575559459 1.657418770917178
4618 0.1367493656067277 1.657830760000987
4619 0.1367338719245025 1.658242323107246
4620 0.1367183352689837 1.658653693379276
4621 0.1367027552291649 1.659064771293648
4622 0.1366871252526227 1.659475682062904
4623 0.1366713995724039 1.65988631074354
4624 0.1366556326639016 1.660296775500622
4625 0.1366400267765724 1.660713733537555
4626 0.1366273992638088 1.661131634350423
4627 0.136608593434864 1.661527023259188
4628 0.1365921090229977 1.661932911970028
4629 0.1365758498059335 1.662342638670845
4630 0.1365597705262038 1.662752706350416
4631 0.1365438284286794 1.663162687982758
4632 0.1365278700497045 1.663572390058388
4633 0.1365118806259638 1.663981837228391
4634 0.1364958384814114 1.664391125697868
4635 0.1364798051092262 1.664800353106571
4636 0.1364637002147011 1.665209199602035
4637 0.1364475701052319 1.665617780509978
4638 0.1364313564761411 1.666026208486704
4639 0.1364150593891355 1.666434362822847
4640 0.1363986694527755 1.66684793443832
4641 0.1363866397535479 1.667266023913196
4642 0.1363660809544139 1.6676562701141
4643 0.1363488999179512 1.668060976905946
4644 0.1363321729896226 1.668468432249254
4645 0.1363155990879864 1.668875977861318
4646 0.1362990725019891 1.669283401266717
4647 0.1362825499319204 1.669690539127178
4648 0.1362659837073883 1.670097490698329
4649 0.1362493162652474 1.67050414026313
4650 0.1362300301129164 1.670911178116418
4651 0.136216755518677 1.671325241118386
4652 0.1361970120960352 1.671715810708626
4653 0.13617975790824 1.672120007961411
4654 0.1361642701293423 1.672529692806699
4655 0.1361475318195755 1.672936396236986
4656 0.1361306389997012 1.673342282392038
4657 0.1361137171386348 1.67374770511948
4658 0.136096742861368 1.67415288297197
4659 0.1360796615764919 1.674557731598997
4660 0.136062527177535 1.674962367989452
4661 0.1360453488888293 1.675366722749996
4662 0.1360285820245928 1.675771178327789
4663 0.1360112912452517 1.67617532991656
4664 0.1359937095623451 1.676578659949685
4665 0.1359762459072707 1.676982100114507
4666 0.1359587643470892 1.677385443110105
4667 0.1359412519613451 1.67778854439146
4668 0.135923693458447 1.678191499762321
4669 0.1359060450758847 1.678594190751063
4670 0.1358883612408278 1.678996724581226
4671 0.1358706545559731 1.679399028234926
4672 0.1358529432821989 1.679801229634136
4673 0.1358351828016729 1.680203205811195
4674 0.1358173241226987 1.680605048573082
4675 0.1357994465140422 1.681006643055756
4676 0.1357815456553922 1.681408117465951
4677 0.135763625144565 1.681809379419346
4678 0.1357456767684078 1.682210533097039
4679 0.1357276511192434 1.682611450576966
4680 0.1357095867962419 1.683012225160649
4681 0.1356914994483523 1.683412773851449
4682 0.1356734026437384 1.683813220448332
4683 0.1356552613724957 1.684213439217109
4684 0.135637016673559 1.68461352127414
4685 0.1356187470745918 1.685013344263338
4686 0.1356004518971024 1.685413039355268
4687 0.1355821348282904 1.685812511590034
4688 0.1355637803597024 1.686211861258313
4689 0.1355453404895347 1.686610960694598
4690 0.1355269740256536 1.687016684657639
4691 0.1355102322286486 1.687416214109956
4692 0.1354901699204492 1.687805694850885
4693 0.135471067414575 1.688202940555771
4694 0.1354522157065787 1.688601586183917
4695 0.1354334726421128 1.68899995652735
4696 0.1354146989263276 1.689397951243121
4697 0.1353957005870287 1.689795800102854
4698 0.1353769688630975 1.690193173439539
4699 0.1353581616456194 1.690590404371285
4700 0.1353393285474284 1.690987581679084
4701 0.1353207756957955 1.691390847036004
4702 0.135305798440161 1.691798401130381
4703 0.1352830704191458 1.692177244097099
4704 0.1352633208584326 1.692571078836082
4705 0.1352440797100636 1.692967505070556
4706 0.1352249938368413 1.693364029784949
4707 0.1352059497871362 1.693760253007911
4708 0.1351869321113202 1.694156311363937
4709 0.1351677557759706 1.694551964030733
4710 0.1351485251502859 1.694947390474527
4711 0.1351294847418869 1.695343225766067
4712 0.135110174655635 1.695738250748662
4713 0.1350908700507991 1.696138462878065
4714 0.1350752270708913 1.696543459533437
4715 0.1350519095954959 1.696919969241697
4716 0.1350316602373107 1.697311507605669
4717 0.1350119074978112 1.697705555579962
4718 0.1349923012292274 1.698099732919099
4719 0.1349726815804154 1.698493602328652
4720 0.1349530475471344 1.698887215868512
4721 0.1349333879974096 1.699280515148009
4722 0.1349137127002235 1.69967365268526
4723 0.1348939777515103 1.700066517234938
4724 0.1348746540726127 1.700464826264336
4725 0.1348548432512578 1.700850379426089
4726 0.1348383261495309 1.701260196656436
4727 0.134814452686429 1.701634080497519
4728 0.1347938103846472 1.702023606060302
4729 0.134773594814374 1.702415586880882
4730 0.1347535049868584 1.70280748887112
4731 0.1347334429934876 1.703199011365321
4732 0.1347132320194531 1.703589630441291
4733 0.1346930934524787 1.703980543577642
4734 0.1346726786700878 1.704370922237685
4735 0.1346524522541095 1.704761484197524
4736 0.134632269152218 1.705157573074191
4737 0.1346122946512517 1.705541066477199
4738 0.13459553960024 1.705948753448581
4739 0.1345712111407631 1.706320386983459
4740 0.1345500862284446 1.706707519345124
4741 0.1345294697478077 1.707097188266184
4742 0.1345083224209978 1.707485073371451
4743 0.1344878576952541 1.707874301912452
4744 0.1344673758853253 1.708263445701022
4745 0.1344468593150424 1.708652231438449
4746 0.1344262975137095 1.70904083319633
4747 0.1344056975518652 1.709429169339401
4748 0.1343852115009942 1.709823303861049
4749 0.1343630464939318 1.710201217355135
4750 0.1343425509595323 1.710585464729262
4751 0.1343211738733799 1.710976329479785
4752 0.1343007250908594 1.711365240453772
4753 0.1342801941309046 1.711753011467533
4754 0.1342594235405979 1.712140146258897
4755 0.1342382548518624 1.712526259484727
4756 0.1342172887375208 1.71291252941857
4757 0.1341962766625661 1.713298601292602
4758 0.1341751859866648 1.713684530383067
4759 0.1341539812528647 1.714070175465734
4760 0.1341327314835491 1.714455636901058
4761 0.1341118802084877 1.714847240804021
4762 0.1340904978886679 1.715224891770939
4763 0.1340687706913013 1.715608715090291
4764 0.1340471399376394 1.715993704461338
4765 0.1340257676888169 1.716379167370417
4766 0.1340043136844491 1.716763628633216
4767 0.1339828116208116 1.717147600464215
4768 0.1339612512982912 1.71753130827498
4769 0.133939592743677 1.717914688401375
4770 0.13391782712324 1.718297728120975
4771 0.1338961141435586 1.71868069001716
4772 0.13387440307274 1.719063563780858
4773 0.1338530591625637 1.719452457805667
4774 0.1338311212226534 1.719827441549357
4775 0.1338091491436551 1.720205784631591
4776 0.1337864073034917 1.72059087529978
4777 0.1337646654361095 1.720973977602195
4778 0.1337428213503179 1.721355954221422
4779 0.1337206851469764 1.721737025100677
4780 0.133698515639487 1.722117878505629
4781 0.1336764092734344 1.722498635050258
4782 0.1336543734878992 1.722879433830912
4783 0.1336323380231702 1.723260088388417
4784 0.1336102220762121 1.723640634704272
4785 0.1335880797353941 1.724020899944136
4786 0.1335657937732009 1.724400811680803
4787 0.1335439663847817 1.72478677963448
4788 0.1335216207607451 1.725159085427199
4789 0.1334988832451443 1.725537459122282
4790 0.133476302480868 1.725916972412057
4791 0.1334550482918012 1.72629885353874
4792 0.1334323336959821 1.726677438331244
4793 0.1334095849163001 1.727055642450734
4794 0.1333871002711773 1.727439584592075
4795 0.133364462099076 1.727810593241947
4796 0.1333413854030903 1.728187242948179
4797 0.1333184438313004 1.728564912079306
4798 0.1332956326239758 1.728942543649054
4799 0.1332728216026359 1.729319791941413
4800 0.1332500018462439 1.729696748083871
4801 0.1332286884530339 1.730076819766265
4802 0.1332058187813689 1.730458561985314
4803 0.1331830523838101 1.730828304212711
4804 0.1331595400909256 1.731202991264537
4805 0.1331361427786985 1.731578651147409
4806 0.1331128937530526 1.731954277920309
4807 0.1330897195253203 1.732329576095256
4808 0.1330665587560918 1.732704639009634
4809 0.1330433433977574 1.733079376374258
4810 0.1330201593472335 1.733459320872476
4811 0.1329972149778378 1.733827469786454
4812 0.1329736710915186 1.734200869440277
4813 0.1329501953127989 1.734575225677002
4814 0.1329267841513078 1.734949512955695
4815 0.1329034331267471 1.735323401559687
4816 0.1328800885267811 1.73569701197483
4817 0.1328567315259157 1.736070278687847
4818 0.1328333624771508 1.736448686232695
4819 0.1328102150390162 1.736815481113464
4820 0.1327864401387038 1.737187320576548
4821 0.1327627226207262 1.73756001825797
4822 0.1327391343765177 1.737932624005267
4823 0.1327155680031295 1.738304818364436
4824 0.1326919197954831 1.738676690057011
4825 0.1326682411841594 1.739048158051246
4826 0.1326445938207716 1.739424764083024
4827 0.1326211726777237 1.739789617920321
4828 0.1325971053983334 1.740159620901747
4829 0.1325730506366641 1.740530518919529
4830 0.1325491283765962 1.74090124583541
4831 0.1325252340807703 1.741271632382667
4832 0.1325013544306154 1.741641723683783
4833 0.1324774336875891 1.742011451438486
4834 0.1324534682429321 1.7423863006603
4835 0.1324297775530658 1.742749603960718
4836 0.1324054368908456 1.743117864578127
4837 0.1323811531886501 1.743486967260606
4838 0.1323569782300159 1.74385596889056
4839 0.1323327964230103 1.744224551442537
4840 0.1323083843162563 1.744592756155037
4841 0.1322842529317558 1.744960644975837
4842 0.1322601502971066 1.745327986775023
4843 0.1322358924218315 1.745700884739245
4844 0.1322118260420037 1.746061866120751
4845 0.1321871261447236 1.746428147922482
4846 0.1321625138287305 1.746795319984037
4847 0.1321380340851042 1.747162274688999
4848 0.1321135986141801 1.747528955353692
4849 0.1320891094796368 1.747895221390907
4850 0.1320653895359348 1.748261966936642
4851 0.1320406689083945 1.748627800106987
4852 0.1320158114861225 1.748998369977646
4853 0.1319915321442457 1.749357227906921
4854 0.1319664479853587 1.749721418858379
4855 0.1319414333505054 1.75008625021228
4856 0.1319165515852412 1.750450971284887
4857 0.1318917362905876 1.750815337330583
4858 0.1318662065847969 1.751178519547654
4859 0.1318414850518365 1.751547489176636
4860 0.1318171262625443 1.751904951261387
4861 0.1317920371656259 1.752267719486908
4862 0.1317670085575677 1.752631368056221
4863 0.1317420654654439 1.752994760300099
4864 0.1317170810397056 1.753357827019137
4865 0.1316920818899582 1.753720431682017
4866 0.1316670497430588 1.754082757361138
4867 0.1316419852165832 1.754450039268883
4868 0.1316172506257193 1.754805717693763
4869 0.1315917128883802 1.755166180427262
4870 0.1315663097867099 1.755527794695785
4871 0.1315410294670798 1.755889188455452
4872 0.1315158122689784 1.756250311863713
4873 0.1314905648303096 1.756611028156499
4874 0.1314652296540677 1.756976807653492
4875 0.1314402461608058 1.757330629691157
4876 0.1314145537300287 1.757689800274338
4877 0.1313889374729232 1.758049737072417
4878 0.1313634364824499 1.758409525991276
4879 0.1313379349247537 1.758768962539889
4880 0.1313124276062733 1.759128098964416
4881 0.1312869024652128 1.759492188941185
4882 0.1312617540928935 1.759844730192158
4883 0.1312359022423744 1.760202306545124
4884 0.1312100416045707 1.760560689705682
4885 0.1311842991238587 1.760918809412442
4886 0.1311586054279114 1.761276645026545
4887 0.1311329146061806 1.761639397449774
4888 0.1311075946844461 1.761990403865673
4889 0.131081499990666 1.762346519308344
4890 0.1310554616603994 1.762703468556434
4891 0.1310295507523382 1.763060193755922
4892 0.1310037107501082 1.763416657225406
4893 0.1309778337588844 1.763777989271791
4894 0.1309522689854525 1.764127809980671
4895 0.1309260201776082 1.764482503218701
4896 0.1308998263048159 1.764838000485626
4897 0.1308737497599632 1.765193260714359
4898 0.1308477085759006 1.765548229501201
4899 0.1308216002622073 1.765908009072057
4900 0.1307958793032106 1.766256108750103
4901 0.1307714574099126 1.766624202844856
4902 0.1307428162751373 1.766963354743877
4903 0.1307163144985032 1.767314958829944
4904 0.1306900348192773 1.767668452260669
4905 0.1306637948301392 1.76802168304185
4906 0.1306371232919065 1.76837395770807
4907 0.1306109452213924 1.768726567362475
4908 0.1305847294748903 1.769079035519959
4909 0.1305583968448162 1.769431114026185
4910 0.1305320062139114 1.769782922713072
4911 0.1305055801859996 1.770134387234736
4912 0.130479140254929 1.770485645672917
4913 0.1304526435811872 1.770836564901708
4914 0.130426052050417 1.771187248836215
4915 0.1303994368476988 1.771537569134563
4916 0.1303727985515818 1.771887669250421
4917 0.1303461414899592 1.772237446805718
4918 0.1303194500899102 1.772587015300267
4919 0.1302924846096622 1.772934809020168
4920 0.1302656357667553 1.773283954201613
4921 0.13023882445499 1.773632863141152
4922 0.1302121299564149 1.773981740064731
4923 0.1301852884996146 1.774330155828459
4924 0.1301583942907208 1.774678299069318
4925 0.1301314729827833 1.775026059123436
4926 0.130104502886046 1.77537346212014
4927 0.1300775514402061 1.775720717037824
4928 0.130050554966624 1.776067747590896
4929 0.1300234753879846 1.776414418966782
4930 0.1299962823423938 1.776760784371375
4931 0.1299691539550827 1.777106844263426
4932 0.1299420460339626 1.777452780920229
4933 0.1299149069866422 1.777798438709002
4934 0.1298876856357342 1.778143904120212
4935 0.1298604509539824 1.778489033801481
4936 0.1298332035613498 1.778833970545328
4937 0.1298059468045928 1.779178438155478
4938 0.1297786635648255 1.779522952368668
4939 0.1297513132030185 1.779867106748984
4940 0.1297239428768232 1.780211036391903
4941 0.1296965580742273 1.780554648469134
4942 0.1296691736042946 1.780898074828316
4943 0.1296418713619384 1.781241353361656
4944 0.1296143690348725 1.781584298480076
4945 0.1295876725216965 1.781925204838657
4946 0.1295619240263829 1.782281005989694
4947 0.1295315633416488 1.78261165745546
4948 0.1295036724243743 1.782951732878937
4949 0.129477553244506 1.783293415349902
4950 0.1294520121063032 1.783651400407606
4951 0.1294211292090989 1.783975473102412
4952 0.1293962854461435 1.784329758938259
4953 0.1293652516634512 1.784655823862959
4954 0.1293363377671649 1.784992589448092
4955 0.1293085725810996 1.785333245944587
4956 0.1292813749496076 1.785671457786852
4957 0.1292555518734947 1.78602718211374
4958 0.1292253857496373 1.786352762718435
4959 0.1291998964569226 1.786703643838281
4960 0.1291695849595893 1.787030419186136
4961 0.1291414185295333 1.787367385504626
4962 0.1291141275956833 1.787704103491016
4963 0.1290881844422851 1.788058288797469
4964 0.1290578953647889 1.788383032287215
4965 0.1290322396842007 1.788732169409427
4966 0.1290018187009382 1.789057515822113
4967 0.1289734471896813 1.789392845122272
4968 0.1289459458780604 1.789727932243229
4969 0.1289197551076815 1.790080356664674
4970 0.1288893315037805 1.790403607334855
4971 0.1288634869246059 1.790750998278503
4972 0.1288329514790708 1.791074796376957
4973 0.1288044525532751 1.791408606940985
4974 0.1287767247242814 1.791742065907418
4975 0.1287503437814181 1.792092750610147
4976 0.1287196813372449 1.792415031048237
4977 0.1286915818022684 1.792751580154366
4978 0.1286632102633384 1.793082677475748
4979 0.1286348734876575 1.793417149045611
4980 0.1286059717372856 1.79375004448823
4981 0.1285772052507451 1.79408272772708
4982 0.1285487737284646 1.794415712001765
4983 0.1285204849681071 1.794748611175343
4984 0.1284916166915441 1.795080305923204
4985 0.1284629210264854 1.795411996701317
4986 0.1284344786884118 1.795744017294439
4987 0.1284090357019524 1.796089344259362
4988 0.1283777160317549 1.796406277756615
4989 0.1283507762727278 1.796747841769801
4990 0.1283198085912603 1.797067002830798
4991 0.1282910172991862 1.797396286411749
4992 0.1282620420944303 1.79772642481273
4993 0.1282334454191247 1.798056623113373
4994 0.1282049088993332 1.798387176192014
4995 0.1281765025301642 1.798717589395989
4996 0.1281481368742211 1.799047797166726
4997 0.1281197256946908 1.799377553635161
4998 0.1280912229293723 1.799706927907947
4999 0.1280625814722436 1.800035776950806
5000 0.1280338537543561 1.800364227734785
5001 0.1280050304917218 1.800692258757224
5002 0.1279762069636003 1.801019925757276
5003 0.1279472948135295 1.801347205283208
5004 0.1279182648146375 1.801674075739483
5005 0.1278892115632645 1.802000558437912
5006 0.1278601387794525 1.802326805459554
5007 0.1278310525099451 1.802652710174945
5008 0.1278019377600612 1.802978390076432
5009 0.1277727556722369 1.803303712895052
5010 0.1277435556974218 1.80362879592365
5011 0.127714348530019 1.803953545391807
5012 0.1276851490386071 1.804278097569644
5013 0.1276559160992712 1.804602319666897
5014 0.1276245411084107 1.804922295773169
5015 0.1275955144272175 1.805246159581902
5016 0.1275665404913567 1.805570144851325
5017 0.1275375004868248 1.805893785289409
5018 0.1275084483985404 1.806217443648896
5019 0.1274792620998013 1.806540402560531
5020 0.1274500339526697 1.806863099295512
5021 0.1274208808301358 1.807185793742132
5022 0.1273916089160805 1.807507882633694
5023 0.1273622646296729 1.807829535274895
5024 0.127332827179493 1.808150918560049
5025 0.1273045647545794 1.808474350421002
5026 0.1272748849745398 1.808794946532411
5027 0.1272451339055752 1.809114910109863
5028 0.1272154187766338 1.80943469417568
5029 0.1271856884310252 1.809754171369619
5030 0.1271559664138542 1.810073436917954
5031 0.1271262582777697 1.810392418733648
5032 0.1270964783813172 1.810710866392996
5033 0.127066791736718 1.811029377738116
5034 0.1270370462823767 1.811347737722196
5035 0.1270073119749615 1.811665803270616
5036 0.1269783853746547 1.811985299668248
5037 0.1269485769790566 1.81230271394552
5038 0.1269186948644792 1.81261974049641
5039 0.1268887952874364 1.812936517346191
5040 0.1268589248379646 1.81325313034913
5041 0.1268290667114593 1.813569370708878
5042 0.1267991934349272 1.813885375199859
5043 0.126769295024383 1.814201103225425
5044 0.1267392477488755 1.814516474743279
5045 0.1267090279766217 1.814831073703177
5046 0.1266787822070616 1.815145405758533
5047 0.126648592282757 1.815459589202731
5048 0.1266185107335116 1.815773844522302
5049 0.1265884818277476 1.816087855528204
5050 0.1265584837523571 1.816401656134629
5051 0.126528526562296 1.816715257944557
5052 0.1264986369210826 1.817028800125299
5053 0.1264687473012164 1.817342011190063
5054 0.1264387619710163 1.817654880552561
5055 0.1264087496472057 1.817967376583773
5056 0.1263787525256425 1.818279753876666
5057 0.1263488092344656 1.818591849787139
5058 0.1263186843187749 1.818903249874493
5059 0.1262885807259485 1.819214565065954
5060 0.1262584843646729 1.819525711966155
5061 0.1262283778636155 1.819836495900938
5062 0.1261982659693532 1.820147036708373
5063 0.1261681385103176 1.820457291907793
5064 0.1261378666251854 1.820767074917023
5065 0.1261076254544941 1.821076491077691
5066 0.1260773746312837 1.821385770183246
5067 0.1260471300205541 1.821694760299806
5068 0.1260168926411368 1.822003574594325
5069 0.1259867175118354 1.822312278889842
5070 0.1259563623994824 1.822620315486106
5071 0.1259259762954571 1.822927985898329
5072 0.1258956458997572 1.823235535505102
5073 0.125865304008156 1.823542682880658
5074 0.1258348552210695 1.823849491002832
5075 0.1258043873121941 1.824155971664544
5076 0.1257739469638973 1.824462332689582
5077 0.1257435424605479 1.824768340871529
5078 0.1257131000893905 1.825074018100048
5079 0.1256823248059816 1.825378784185873
5080 0.1256518066446403 1.825683882248572
5081 0.125621327558676 1.825988726917208
5082 0.125590862664803 1.826293347152781
5083 0.1255603638901129 1.826597628491561
5084 0.12552980926096 1.826901708780013
5085 0.1254992511606866 1.827205358474867
5086 0.1254686631849183 1.827508735580842
5087 0.1254380789306308 1.82781178612313
5088 0.1254074902025443 1.828114640488507
5089 0.1253768605225586 1.828417098463855
5090 0.1253461805671641 1.828719215679542
5091 0.1253154996965148 1.829021039561785
5092 0.1252848643634729 1.829322707914821
5093 0.1252542061377502 1.829623947269426
5094 0.1252234450721502 1.829924873953666
5095 0.1251926576642863 1.830225439103088
5096 0.1251619103118286 1.830525886881483
5097 0.1251311946528175 1.830825963158719
5098 0.1251007602134506 1.831126774479173
5099 0.1250699114892528 1.831426124154007
5100 0.125039031788292 1.831725175413094
5101 0.1250081798375043 1.832023873880724
5102 0.1249773339575695 1.832322291332383
5103 0.1249464831503881 1.832620516950172
5104 0.1249155584844408 1.832918449439822
5105 0.1248846495745106 1.833215991791729
5106 0.1248537289325081 1.833513273191597
5107 0.1248228144306348 1.833810241744972
5108 0.1247919088179152 1.834107034629345
5109 0.1247609670356395 1.834403468234793
5110 0.124729983776518 1.834699553790705
5111 0.1246990355726431 1.834995423867438
5112 0.124668109529728 1.835291130980856
5113 0.1246371728525369 1.835586395982528
5114 0.1246061334885089 1.835881290186702
5115 0.1245750719543552 1.836175856199542
5116 0.1245440355103772 1.836470231875928
5117 0.1245130213858323 1.83676425315912
5118 0.1244819867149282 1.837058005868383
5119 0.1244508902793239 1.83735137994216
5120 0.1244198131089802 1.837644595525274
5121 0.1243887474882686 1.837937400160961
5122 0.1243576729071488 1.838229945653708
5123 0.1243265736411307 1.838522136227306
5124 0.1242954192588366 1.838814098016761
5125 0.124264281367905 1.839105697755741
5126 0.1242331194026272 1.839396966597719
5127 0.1242019566687258 1.839687921281245
5128 0.1241708150515051 1.839978719003623
5129 0.1241378313932439 1.840263493266554
5130 0.1241068377375416 1.840554268320188
5131 0.1240759283502465 1.840844887829153
5132 0.1240450045568641 1.841135258648192
5133 0.1240140447960369 1.84142509283993
5134 0.1239832597259096 1.841715150780086
5135 0.1239521161291995 1.842004055137555
5136 0.1239209404583975 1.842292661911112
5137 0.1238897695393659 1.84258080327201
5138 0.1238584678643779 1.84286833184471
5139 0.1238274651120523 1.843156414844481
5140 0.1237962017440068 1.843443643296042
5141 0.1237648692138571 1.843730312858241
5142 0.123733544378709 1.844016718781942
5143 0.1237022051893653 1.844302778828907
5144 0.1236708250384695 1.844588616690803
5145 0.1236394582456851 1.844874015046169
5146 0.1236080477964089 1.845159102651818
5147 0.1235766528543133 1.845443893711194
5148 0.1235452809059931 1.845728512434252
5149 0.1235138698623178 1.846012708295395
5150 0.1234826797540125 1.846299450987199
5151 0.1234517264874697 1.846582486677792
5152 0.123419491977668 1.846862817443217
5153 0.1233881274752819 1.847142877585992
5154 0.123356404156568 1.847425703090614
5155 0.1233248044318287 1.847708743312213
5156 0.1232933684362468 1.847991668259099
5157 0.1232620045432359 1.84827407397484
5158 0.1232304393539646 1.848558738794354
5159 0.1231994293935819 1.84883758478879
5160 0.1231678857946179 1.849118153945235
5161 0.1231363262239072 1.849398827727847
5162 0.123104635369097 1.849681995903747
5163 0.12307354356117 1.849959418298934
5164 0.1230418763850157 1.850238649297527
5165 0.1230098058478444 1.850520721729628
5166 0.1229786338361982 1.85079979477537
5167 0.1229472289141647 1.851077995931819
5168 0.1229157097650796 1.851355992989917
5169 0.1228840851472646 1.851633635995349
5170 0.1228524312065596 1.851911070995617
5171 0.1228207842242223 1.852188242904573
5172 0.122789231207287 1.852469838601342
5173 0.1227600575737925 1.852749498673802
5174 0.1227257887011394 1.853016304717097
5175 0.1226960833682612 1.853303612514306
5176 0.1226615229598083 1.853565938558672
5177 0.1226295703794022 1.853839699588049
5178 0.1225985189312362 1.854113326394643
5179 0.1225692123546262 1.854406089159931
5180 0.122534890552116 1.854667404351856
5181 0.1225030786858312 1.854939939769283
5182 0.12247209389978 1.855212195054427
5183 0.1224402402288386 1.855486525474086
5184 0.1224084819972925 1.85576120438125
5185 0.1223768828200538 1.856035383984195
5186 0.1223453241458598 1.856309121704254
5187 0.1223137951167537 1.856582368534855
5188 0.1222822654262874 1.856855243856954
5189 0.1222506737345088 1.857127566604473
5190 0.1222190184029589 1.857399431271042
5191 0.1221873328444999 1.857670852562642
5192 0.1221556861496362 1.857942083261881
5193 0.1221240406247363 1.85821286221731
5194 0.1220922855949221 1.858483191450796
5195 0.12206050488631 1.858753126043313
5196 0.1220287445611068 1.859022844567588
5197 0.1219970014085421 1.859292158220954
5198 0.1219652442153066 1.859561193856906
5199 0.1219334321809162 1.859829821603927
5200 0.1219016502554345 1.860098273726188
5201 0.1218698856599293 1.860366304998986
5202 0.1218380982619819 1.860634010264316
5203 0.1218062899578632 1.860901382756171
5204 0.1217744635985179 1.861168603673188
5205 0.1217426710042015 1.861435403573794
5206 0.1217108607667419 1.861701841563304
5207 0.1216790517201214 1.861967984879947
5208 0.1216472563518177 1.862233964319945
5209 0.1216154415649959 1.862499536612205
5210 0.1215835994898055 1.862764732820533
5211 0.1215517529179365 1.863029621162067
5212 0.1215199618450098 1.863294353624831
5213 0.1214881771761575 1.863558679759334
5214 0.1214563083000254 1.863822673451086
5215 0.1214244376125301 1.864086255982252
5216 0.1213926047724687 1.864349695750473
5217 0.1213607899164611 1.864612740282052
5218 0.1213289447590148 1.864875454518767
5219 0.1212970449946969 1.865137818055657
5220 0.1212650978624868 1.865399837262904
5221 0.1212332622118033 1.865661588388368
5222 0.1212014364708158 1.865923019259876
5223 0.1211695839567231 1.866184180577558
5224 0.1211375901470614 1.866444863217139
5225 0.1211057139049729 1.866705335906
5226 0.1210738485795285 1.866965581532396
5227 0.121042001678438 1.867225515643153
5228 0.1210101849860244 1.867485298287405
5229 0.1209783467287699 1.867744666781028
5230 0.1209464777480557 1.868003670781519
5231 0.1209146091520842 1.868262304343735
5232 0.1208828878690499 1.868521039300053
5233 0.1208525824035688 1.868784060475957
5234 0.120820543468805 1.869041253967991
5235 0.1207883487334444 1.8692977673598
5236 0.1207562011068608 1.869554205567465
5237 0.1207241219808015 1.869810361183443
5238 0.1206920424336285 1.870066248973025
5239 0.120659927756102 1.870321864057403
5240 0.1206278795957238 1.870577376704144
5241 0.1205952147071961 1.870834083062256
5242 0.1205642246770216 1.871087536340197
5243 0.1205321727541382 1.871341704283011
5244 0.1205000305322493 1.871596121114905
5245 0.1204679915688155 1.871850269851528
5246 0.120436005440814 1.87210415525718
5247 0.1204040612154607 1.872357733064258
5248 0.1203721647260277 1.872611177601855
5249 0.1203402635154711 1.872864205019778
5250 0.1203083371131521 1.873116861422426
5251 0.1202764098222714 1.873369185227218
5252 0.1202445470368564 1.873621361469502
5253 0.1202120273357781 1.873874663537817
5254 0.1201810638490263 1.874124655932355
5255 0.120149056165839 1.874375278210867
5256 0.1201170488703989 1.874626203233159
5257 0.1200850912676741 1.874876737025974
5258 0.1200531483663294 1.875126955757023
5259 0.1200211810700136 1.875376806419475
5260 0.1199892535811007 1.87562646098392
5261 0.1199573235205764 1.875876054335889
5262 0.1199254634751405 1.87612482858129
5263 0.1198935353278623 1.876373035406
5264 0.1198616137124854 1.876621416410376
5265 0.1198291764714189 1.876871197000481
5266 0.1197981178830262 1.877117168349574
5267 0.1197673734719678 1.877376571372519
5268 0.1197337996744484 1.877612365163486
5269 0.1197017292969609 1.877857040094294
5270 0.1196702847599731 1.878101358623197
5271 0.11963808436179 1.878347983258786
5272 0.1196060093953625 1.878594195379228
5273 0.1195736585136929 1.878841764269695
5274 0.1195425648863676 1.879085718684991
5275 0.1195100980692843 1.879331919752527
5276 0.1194789206596553 1.879575171348876
5277 0.1194469556886953 1.879819106996987
5278 0.119414464173841 1.880064820002191
5279 0.1193832981384809 1.880307057410141
5280 0.1193513316438495 1.88055013804575
5281 0.1193188597810877 1.880794855501652
5282 0.1192877501442621 1.881036210357984
5283 0.1192552814027529 1.881279798352312
5284 0.1192240391842565 1.881520506202973
5285 0.1191920353596127 1.88176188965159
5286 0.1191595193271514 1.882004960326724
5287 0.1191283664454494 1.882244654138757
5288 0.1190964311500249 1.882485212667872
5289 0.1190639305235726 1.882727314810626
5290 0.1190327571986642 1.882966083483743
5291 0.1190007708562534 1.883205491157654
5292 0.1189683222959648 1.883446766157522
5293 0.1189372387500447 1.883684652474649
5294 0.1189052518241059 1.883923165611556
5295 0.118872750809059 1.884163322650219
5296 0.1188416406704871 1.884400357222714
5297 0.1188097406435711 1.884637944889366
5298 0.1187772811698873 1.884877199186624
5299 0.1187461255853872 1.885113128522998
5300 0.1187136867383096 1.885351420841033
5301 0.1186825358109604 1.885586705561242
5302 0.1186505912420399 1.885822709294855
5303 0.1186186123011508 1.886058789690823
5304 0.1185862041859511 1.886296419455679
5305 0.1185551636721099 1.886530563599009
5306 0.1185227795914533 1.886766865921659
5307 0.1184916254315906 1.887000218826788
5308 0.1184597045987278 1.887234463885064
5309 0.1184277603961193 1.887468702296295
5310 0.1183953853918214 1.887704289134588
5311 0.1183643365888895 1.887936505578378
5312 0.1183320215035807 1.888171071336185
5313 0.1183009447214135 1.88840264718854
5314 0.1182689961377541 1.888634892125704
5315 0.1182365413604002 1.88886874645056
5316 0.1182054879524186 1.88909958082825
5317 0.1181736711469161 1.889330953882167
5318 0.1181413020646569 1.889563920697281
5319 0.1181102145539049 1.889793604685914
5320 0.1180783454618657 1.89002407648944
5321 0.1180464907220198 1.890254548132644
5322 0.1180142242402202 1.890486351180837
5323 0.1179832436891379 1.890714832816795
5324 0.1179509255040857 1.890945601643275
5325 0.1179198621754403 1.891173375937135
5326 0.1178879919900664 1.891401846788959
5327 0.1178556307039205 1.89163192564912
5328 0.1178246467674565 1.891859027576859
5329 0.1177928528311756 1.892086680640035
5330 0.1177605237635213 1.892315854975811
5331 0.117729525037606 1.892541893302871
5332 0.1176977862081145 1.892768717647628
5333 0.1176655381943367 1.892996997126478
5334 0.1176345334291218 1.893222140831742
5335 0.1176027363110595 1.893447848225736
5336 0.1175704627923543 1.893675263604604
5337 0.1175395528326346 1.893899484104766
5338 0.1175078195552046 1.894124306732843
5339 0.1174755187967034 1.89435064669024
5340 0.1174445772283316 1.894574019020131
5341 0.1174123923340516 1.894799406933635
5342 0.1173812247724373 1.895025687926535
5343 0.1173511215110658 1.895253946316306
5344 0.1173174694597964 1.895467614732665
5345 0.1172874071872664 1.89570142596251
5346 0.1172542729336048 1.895912465915966
5347 0.1172226819498324 1.896134859569057
5348 0.1171910327498954 1.896357338857082
5349 0.1171594427130995 1.896579426202919
5350 0.1171278835654122 1.896801114773649
5351 0.1170963450058164 1.897022399172052
5352 0.1170648638174142 1.897243476184187
5353 0.1170333980250681 1.897464100731527
5354 0.1170018470243974 1.89768429483337
5355 0.1169702789261508 1.89790410480734
5356 0.1169390187779938 1.898126008007327
5357 0.1169088249648309 1.89835165199346
5358 0.1168758701045267 1.89856152199894
5359 0.1168440300797567 1.898779311693844
5360 0.1168124423762848 1.898998088927263
5361 0.1167809760495742 1.899216467618213
5362 0.1167495459243751 1.899434429296984
5363 0.1167180991598626 1.899651914725998
5364 0.1166866241176067 1.899869135708419
5365 0.1166551611222172 1.900085695327558
5366 0.1166236732017521 1.900302041748309
5367 0.1165941254806815 1.900525548006633
5368 0.1165605489813233 1.900733686925884
5369 0.1165305452012392 1.900956575154569
5370 0.1164972420201773 1.901162923548769
5371 0.1164674841393562 1.901385098360753
5372 0.1164341835550126 1.901592369208755
5373 0.1164027233171741 1.901805960586135
5374 0.1163718558423815 1.902019011412994
5375 0.116341537075505 1.90224462878221
5376 0.1163087406723605 1.902448917239451
5377 0.1162773375167037 1.902661154936059
5378 0.1162465382864304 1.902872847251388
5379 0.1162162153390908 1.903097029237778
5380 0.1161833363871143 1.903299844942929
5381 0.1161519120758818 1.903510710032866
5382 0.1161228566628094 1.903731764096515
5383 0.1160895417218497 1.903934005114103
5384 0.1160598608191199 1.9041543266281
5385 0.1160267601494976 1.904355372777114
5386 0.1159970363881874 1.904574425621681
5387 0.1159639827406152 1.904775211004399
5388 0.1159324920676081 1.904984192038674
5389 0.1159031343839407 1.905202567021689
5390 0.1158699081532 1.905403262504581
5391 0.1158402614477726 1.905621309093846
5392 0.1158073915695063 1.905820788824134
5393 0.1157760220529266 1.906028403575909
5394 0.1157465595796355 1.906246541190009
5395 0.1157136978806861 1.906444824738278
5396 0.1156823052783074 1.906651504826575
5397 0.1156530665915203 1.906867479136886
5398 0.1156200130957551 1.907065810604596
5399 0.1155904173519455 1.907281433293847
5400 0.1155575988029135 1.907478613120965
5401 0.1155280543667796 1.90769315828488
5402 0.115495266369786 1.907889801688084
5403 0.115463945645157 1.908094323486825
5404 0.1154345507589309 1.908309506310794
5405 0.1154018586775039 1.908505074036341
5406 0.115370575649638 1.908708703214303
5407 0.1153413603059273 1.90892160257327
5408 0.1153084568060357 1.909117238369944
5409 0.1152789673334376 1.90932984873069
5410 0.1152462777094231 1.909524057668613
5411 0.1152154634876133 1.909724809064744
5412 0.1151854493323419 1.909938837427232
5413 0.1151529531544053 1.91013244376086
5414 0.1151218399639362 1.910333765954016
5415 0.1150913975550536 1.910534680101945
5416 0.1150614356496219 1.910747560442632
5417 0.1150290166091376 1.910939779647261
5418 0.1149979853624449 1.911139788436771
5419 0.1149675557984778 1.911339466804409
5420 0.1149377308007379 1.911549766403947
5421 0.1149050493477078 1.911741541480456
5422 0.1148757897579513 1.911950049760243
5423 0.1148433192642303 1.912140484682502
5424 0.114813904457454 1.91234802065472
5425 0.1147814012847996 1.912538072146892
5426 0.1147503140247867 1.912735796884168
5427 0.1147211082944395 1.91294380355097
5428 0.1146883949333248 1.913131059505524
5429 0.1146593838291972 1.913339122453146
5430 0.1146269460126718 1.913527740411454
5431 0.114595899725704 1.913724288913457
5432 0.114565657615613 1.913920629183334
5433 0.1145358900099567 1.914128349817641
5434 0.114503613571937 1.914315799153531
5435 0.114472715311638 1.914510948353129
5436 0.1144425176931854 1.914705880489657
5437 0.1144128532729899 1.914912457829251
5438 0.1143805951275805 1.915098502649772
5439 0.11434970807962 1.91529229898454
5440 0.1143195252329407 1.915486001356951
5441 0.1142899432995501 1.915689879616514
5442 0.1142574688203497 1.915875560244625
5443 0.1142283965832848 1.916077724576619
5444 0.114196105709793 1.916262231843263
5445 0.1141669272321692 1.916463331821898
5446 0.1141346118883801 1.916647309354232
5447 0.1141037377566205 1.91683884873756
5448 0.1140749130441143 1.917039479153925
5449 0.1140424624012439 1.917223391420886
5450 0.1140133371271073 1.917423578386556
5451 0.1139811598428152 1.917606185372953
5452 0.1139504091349926 1.917796656308784
5453 0.1139215070148601 1.917996807393943
5454 0.1138894989880151 1.918178922663432
5455 0.11385872063639 1.918368286174001
5456 0.1138286945886739 1.918557543958228
5457 0.1137991942986973 1.918756372213883
5458 0.1137670137329665 1.918938090800963
5459 0.1137376112860816 1.919134453677021
5460 0.1137057583161992 1.919315175518897
5461 0.1136751955101453 1.919503059280923
5462 0.1136452480401599 1.919690457770886
5463 0.1136158254965332 1.919887437738489
5464 0.1135837950935561 1.920067945870147
5465 0.1135549594969106 1.920262087973295
5466 0.1135229425595093 1.920442103903668
5467 0.1134924341028468 1.920628385861427
5468 0.1134625738661059 1.920814164934232
5469 0.1134332062255876 1.921009300406231
5470 0.1134012643505398 1.921187908556553
5471 0.1133724318703085 1.921380137658177
5472 0.1133405107672436 1.921558610610999
5473 0.1133101079878601 1.921743201785203
5474 0.1132802448660023 1.92192710642761
5475 0.113250966786873 1.922121974007003
5476 0.1132193719385944 1.922298215161398
5477 0.1131889931484715 1.922481278554403
5478 0.1131591976679471 1.922663907917336
5479 0.1131295685070855 1.922856828739987
5480 0.1130974605176826 1.923029800784658
5481 0.1130690199519669 1.923220159969287
5482 0.1130371449376375 1.923395987124408
5483 0.1130068163822271 1.923577673499063
5484 0.1129771270455685 1.923758894295351
5485 0.1129477857856637 1.923950788065763
5486 0.1129160520645376 1.924122461880484
5487 0.1128871254871844 1.92431110850205
5488 0.1128559183254606 1.924485450569615
5489 0.1128256159675163 1.924665416977127
5490 0.1127954671541697 1.924846099009582
5491 0.1127657468665153 1.92502498824058
5492 0.1127355163131937 1.925205218279258
5493 0.1127053618927637 1.925385400740239
5494 0.112675316945415 1.92556541479271
5495 0.112645246397983 1.925744878796293
5496 0.1126148795389883 1.925925745458887
5497 0.1125851694675581 1.92610453789894
5498 0.1125553422434148 1.926282626520081
5499 0.1125253513361478 1.926460304920743
5500 0.1124953324620052 1.926637830880514
5501 0.1124653369832254 1.926815032042998
5502 0.1124353310488501 1.926991917579138
5503 0.1124053130468447 1.92716855543035
5504 0.1123752859941775 1.927345073220737
5505 0.1123453051749882 1.927521223846576
5506 0.1123153281634034 1.927697101043765
5507 0.1122853695063507 1.927872696081741
5508 0.112255446895089 1.928048174728005
5509 0.1122255281064793 1.928223331521217
5510 0.1121956050543128 1.928398162934398
5511 0.1121656929136184 1.928572707493657
5512 0.1121358434793124 1.928747145719141
5513 0.1121060237782533 1.928921267356226
5514 0.1120761432436783 1.929095088795705
5515 0.1120462755107336 1.929268588795063
5516 0.1120164512796925 1.929441948567965
5517 0.1119866880523118 1.929615024637956
5518 0.1119569161017342 1.929787801696024
5519 0.1119271018803344 1.929960262355063
5520 0.1118973224802834 1.930132563949283
5521 0.1118675942940683 1.930304557513673
5522 0.1118378855153597 1.930476279906901
5523 0.1118081655831561 1.930647699278586
5524 0.1117784230726442 1.93081896405213
5525 0.1117487302202636 1.93098989504416
5526 0.1117190439185964 1.931160534016708
5527 0.1116893712369456 1.931330882109322
5528 0.1116597253104522 1.931501093033896
5529 0.1116300835312737 1.931670995226759
5530 0.1116004406040297 1.931840579139124
5531 0.1115708069588679 1.932009866956056
5532 0.11154122715768 1.932179029725213
5533 0.1115116793919417 1.9323479009628
5534 0.1114820750041853 1.932516466235573
5535 0.1114524804243839 1.932684705879848
5536 0.1114229249266938 1.93285280221481
5537 0.1113934284635995 1.933020623520859
5538 0.1113639263048714 1.93318815793129
5539 0.1113343841469675 1.933355375942125
5540 0.1113048710581565 1.933522427954129
5541 0.1112754143286726 1.93368920674498
5542 0.1112459812105857 1.933855713079785
5543 0.1112165348965142 1.934021912248628
5544 0.1111870588449788 1.934187947080499
5545 0.1111576396886454 1.934353695974483
5546 0.1111282363206716 1.934519160442942
5547 0.111098842979687 1.934684314508381
5548 0.1110694621506338 1.934849312089056
5549 0.1110400937965601 1.935014062727034
5550 0.1110107433496712 1.935178517779864
5551 0.1109813911679741 1.935342626182091
5552 0.1109520735102046 1.935506593045697
5553 0.1109227929406829 1.93567033152493
5554 0.1108934863310637 1.935833808888632
5555 0.1108641769357478 1.935996889394079
5556 0.1108348836769097 1.936159814182225
5557 0.1108056509810057 1.936322526465125
5558 0.1107764510462957 1.936485015951539
5559 0.1107471977394863 1.936647095272769
5560 0.1107179492930659 1.936809004024335
5561 0.1106887470589657 1.936970674274638
5562 0.1106596157716568 1.937132185422474
5563 0.1106304640718449 1.93729327291559
5564 0.1106012555894152 1.937454194312946
5565 0.1105720923256296 1.93761484310765
5566 0.1105429817992027 1.937775319165748
5567 0.1105138818545062 1.937935406832022
5568 0.1104847805688903 1.938095340085064
5569 0.1104556694724055 1.938255001058045
5570 0.1104266039882558 1.938414483846864
5571 0.1103975447690487 1.93857355404455
5572 0.1103685082385854 1.938732473863113
5573 0.1103394868658029 1.938891126718054
5574 0.1103104571252546 1.939049618981673
5575 0.1102814345631171 1.939207677487216
5576 0.1102524227259055 1.939365572605714
5577 0.1102234509158547 1.939523212475113
5578 0.1101945211070074 1.939680724984067
5579 0.1101655535335914 1.939837818429614
5580 0.1101365869901692 1.939994720634589
5581 0.1101076510237609 1.940151353604949
5582 0.1100787891388803 1.940307897721753
5583 0.1100499262881019 1.940464044920156
5584 0.1100210028356203 1.940619984451341
5585 0.1099921015978401 1.940775622766871
5586 0.10996326146057 1.940931170444871
5587 0.1099344562856295 1.941086348082526
5588 0.1099056347471599 1.941241307291323
5589 0.1098767806297755 1.941395977517633
5590 0.1098479761182796 1.941550541059437
5591 0.10981921428233 1.94170475280671
5592 0.1097904822984226 1.941858792402553
5593 0.1097617236201201 1.942012511764952
5594 0.1097329520209331 1.942166116999114
5595 0.109704230179315 1.942319372916145
5596 0.1096755082851284 1.942472364634154
5597 0.10964680344949 1.942625101418522
5598 0.1096181236736076 1.942777723498471
5599 0.1095894586114751 1.942930083174134
5600 0.1095607960491477 1.943082137507061
5601 0.1095321390066879 1.943233925346574
5602 0.1095035405937015 1.943385619531008
5603 0.1094749701284999 1.943537032977613
5604 0.1094463475033596 1.943688192401626
5605 0.109417739821702 1.943839055193233
5606 0.1093891766383974 1.943989807550904
5607 0.109360663531599 1.944140275175567
5608 0.1093321427823383 1.944290503972611
5609 0.1093035877259454 1.944440448715567
5610 0.1092750704259316 1.944590266691859
5611 0.1092466012377122 1.944739798692208
5612 0.1092181514509372 1.944889104325257
5613 0.1091896960187076 1.945038143716107
5614 0.1091612228204572 1.945187063766
5615 0.1091327977343005 1.945335678373402
5616 0.1091043786593322 1.945484046204841
5617 0.1090759816184117 1.945632159760814
5618 0.1090476125715597 1.94578016832211
5619 0.109019245260845 1.945927892700259
5620 0.1089908781645732 1.946075345048866
5621 0.108962526044105 1.94622253879056
5622 0.1089342271764772 1.946369644600916
5623 0.1089059610009604 1.946516493199548
5624 0.108877641960387 1.946663079383455
5625 0.108849335132572 1.946809376547216
5626 0.1088210676065472 1.946955563686744
5627 0.1087928589446548 1.947101506683149
5628 0.1087646443252437 1.947247200486045
5629 0.1087363917650625 1.947392610174143
5630 0.1087081687167934 1.947537884404124
5631 0.1086800005161061 1.947682911382096
5632 0.1086518547198143 1.947827701302098
5633 0.1086236995264665 1.947972218553424
5634 0.1085955163099992 1.948116601069216
5635 0.108567387058141 1.948260716705645
5636 0.1085392700088395 1.948404577591715
5637 0.1085111664673962 1.948548162858035
5638 0.1084830760551536 1.948691617495685
5639 0.1084549950618486 1.948834836547982
5640 0.1084269242239266 1.94897777800332
5641 0.1083988558597016 1.949120417402267
5642 0.1083708220493316 1.949262937760681
5643 0.1083428269755386 1.949405253144139
5644 0.1083147986930515 1.949547317091183
5645 0.1082867676110887 1.94968902720173
5646 0.1082587540980145 1.949830606370501
5647 0.1082308012854506 1.949971993675369
5648 0.1082028726926741 1.950113170561759
5649 0.1081748923131651 1.950253984726006
5650 0.1081469192913353 1.950394651588589
5651 0.1081189994769657 1.950535118874137
5652 0.1080911405537026 1.950675426402465
5653 0.1080632612080632 1.950815368935378
5654 0.1080353313445901 1.950955166744134
5655 0.1080074405741979 1.951094711805317
5656 0.1079796049792808 1.95123412587299
5657 0.1079517783874739 1.951373161774584
5658 0.107923945727142 1.951512068196132
5659 0.1078960979087805 1.951650717963828
5660 0.1078683004395862 1.951789243337195
5661 0.1078405143317914 1.951927390124327
5662 0.1078127474217537 1.952065406987924
5663 0.1077849874635309 1.952203173173846
5664 0.1077572262836639 1.952340845584789
5665 0.1077294817241242 1.952478120624752
5666 0.1077017400488692 1.952615229576822
5667 0.1076740257155374 1.952752097269565
5668 0.1076463561427821 1.95288889997026
5669 0.1076186659359192 1.953025336378555
5670 0.1075909683947956 1.953161562235739
5671 0.1075632885871479 1.95329754245479
5672 0.1075356760005185 1.95343347189851
5673 0.1075080816060379 1.953569074625439
5674 0.107480425234561 1.953704455604062
5675 0.107452781422002 1.953839563796163
5676 0.1074251872544068 1.953974597411098
5677 0.1073976447240602 1.954109350234148
5678 0.1073700884369862 1.95424388035382
5679 0.1073424943757605 1.9543781477989
5680 0.1073149341574667 1.954512303516341
5681 0.1072874281279513 1.954646214784867
5682 0.107259939831059 1.954779900913569
5683 0.1072324420649823 1.95491333869631
5684 0.1072049179288794 1.955046660503297
5685 0.1071774485454137 1.955179734425949
5686 0.1071499891461538 1.955312566147919
5687 0.1071225451365629 1.95544515229355
5688 0.1070951155691009 1.955577630724043
5689 0.1070676961376836 1.9557098940918
5690 0.1070402864342458 1.955841901678427
5691 0.1070128814161422 1.955973634329738
5692 0.1069855108361852 1.956105266624443
5693 0.1069581799972171 1.956236713702771
5694 0.1069308161619557 1.956367929940628
5695 0.1069034508561278 1.956498820234397
5696 0.1068761032473734 1.956629595385619
5697 0.1068488143851824 1.956760183901675
5698 0.1068215471370139 1.956890579315659
5699 0.1067942299847318 1.957020637180577
5700 0.106766920334731 1.957150560667862
5701 0.1067396603738229 1.957280290680909
5702 0.1067124571418004 1.957409878076045
5703 0.1066852360661281 1.957539129333817
5704 0.1066579674850524 1.957668254714163
5705 0.1066307386813711 1.957797146043867
5706 0.1066035607791209 1.957925915338425
5707 0.1065763935148544 1.958054345039277
5708 0.1065492237877054 1.958182663873542
5709 0.1065220416885916 1.95831075063148
5710 0.1064949034799172 1.958438710373366
5711 0.106468266964056 1.958566361146476
5712 0.1064410204284149 1.958693862832685
5713 0.1064138069095367 1.958821185658031
5714 0.1063866326324502 1.958948397722915
5715 0.1063594953734836 1.95907522773193
5716 0.1063323859653258 1.959201932443624
5717 0.1063053244178899 1.959328420371215
5718 0.1062783052825381 1.959454811768069
5719 0.1062512498624952 1.959580837707995
5720 0.1062242007784539 1.959706722908755
5721 0.1061971865915398 1.959832388658419
5722 0.106170239397716 1.959957983075296
5723 0.1061432847180784 1.960083230957106
5724 0.1061162803044298 1.960208344037977
5725 0.1060893040597251 1.960333207552274
5726 0.106062385242475 1.960458000896582
5727 0.1060354872518485 1.960582459684709
5728 0.1060085822247425 1.960706790433063
5729 0.1059816518220226 1.960830876158763
5730 0.1059547740135893 1.960954891556276
5731 0.1059274383780829 1.961079923616613
5732 0.105901272354415 1.961204627557935
5733 0.1058741375697276 1.961324384318202
5734 0.1058471713576469 1.961447131786571
5735 0.1058203003087223 1.961570212984483
5736 0.105793493753393 1.961693201512313
5737 0.1057667377736892 1.961815956683076
5738 0.1057400258108851 1.961938626101492
5739 0.1057133044162334 1.962060976110864
5740 0.1056865756055982 1.962183101039526
5741 0.105659857914884 1.962304989545731
5742 0.1056331914471581 1.962426813067022
5743 0.1056065473580553 1.96254838201938
5744 0.1055798448311293 1.96266972851785
5745 0.1055531511833263 1.962790818330706
5746 0.1055263419156001 1.962913794519503
5747 0.1055003741877227 1.963035745876506
5748 0.1054734395348383 1.963152732417839
5749 0.1054466250429893 1.963272517695596
5750 0.1054199124464689 1.963392856223701
5751 0.1053933151259678 1.96351306259209
5752 0.1053667707543397 1.963633080790216
5753 0.1053404714820623 1.963753365375823
5754 0.105313704562222 1.963874909838101
5755 0.1052878331443713 1.963995561328125
5756 0.1052610056501375 1.964110179867161
5757 0.1052342891137986 1.96422925337332
5758 0.1052077049202345 1.964348354789165
5759 0.105181193444073 1.964467196102061
5760 0.1051547177448571 1.96458576264017
5761 0.1051282678869314 1.964704057892918
5762 0.105101869120991 1.964822261683113
5763 0.1050752959844903 1.964942087591764
5764 0.1050492876811689 1.965057664725259
5765 0.1050227584245663 1.965174920489821
5766 0.1049962662296607 1.96529240261861
5767 0.1049698817851548 1.965409663807101
5768 0.1049435226451006 1.965526686200287
5769 0.1049169416662716 1.965645270207141
5770 0.1048910126472199 1.965759784259322
5771 0.1048646003641993 1.965875915131307
5772 0.1048381956367701 1.965992180769318
5773 0.1048118404723923 1.966108223804659
5774 0.1047854963060276 1.966224132489183
5775 0.1047592052178267 1.966339735129794
5776 0.1047329208124601 1.966455110782358
5777 0.1047066511448411 1.966570251331622
5778 0.1046804002060436 1.966685309659399
5779 0.1046541396711108 1.96680010891651
5780 0.1046278750737079 1.966914685990683
5781 0.104601621715044 1.967029033962315
5782 0.104575415797751 1.967143317368032
5783 0.104549231423015 1.967257358211481
5784 0.1045229911375801 1.967371186578736
5785 0.104496760315331 1.967484762126303
5786 0.1044705667443998 1.967598264664503
5787 0.1044444207580591 1.967711541199281
5788 0.1044182653374666 1.967824629325462
5789 0.1043920732714187 1.967937481264626
5790 0.1043659117381764 1.968050244943401
5791 0.1043397931381302 1.968162780052695
5792 0.1043136887341798 1.968275135867929
5793 0.1042876089719642 1.968387397612362
5794 0.1042613692791565 1.968499272130197
5795 0.1042352924551034 1.968611062980027
5796 0.1042092285196867 1.968722712790595
5797 0.1041831803448435 1.968834165340214
5798 0.1041571529226 1.968945557366543
5799 0.104131116386829 1.969056703341483
5800 0.1041050772088841 1.969167646206355
5801 0.1040790506387715 1.969278376079477
5802 0.1040530727754639 1.969389056728431
5803 0.1040271152571114 1.969499501945051
5804 0.1040011030807428 1.969609753680762
5805 0.1039751043428196 1.969719782650685
5806 0.1039491471325584 1.969829755375127
5807 0.1039232369308519 1.969939506525421
5808 0.1038973169360416 1.970049080624948
5809 0.10387136053695 1.970158427069236
5810 0.10384543491639 1.970267693153976
5811 0.1038195501586929 1.970376733668623
5812 0.1037936828688871 1.970485614213981
5813 0.103767809833892 1.970594284319523
5814 0.1037424135436274 1.970704220707452
5815 0.1037165303817818 1.970812481084705
5816 0.1036906074584265 1.970920460201705
5817 0.1036647065567627 1.971028253325088
5818 0.1036388366969884 1.97113601374951
5819 0.103612965763848 1.971243552187939
5820 0.1035871014039825 1.971350918417315
5821 0.1035612589389235 1.971458098604049
5822 0.1035354742516224 1.971565257000073
5823 0.1035097171349462 1.971672204657223
5824 0.1034839121323164 1.971778984090221
5825 0.1034581243282121 1.971885545893875
5826 0.1034323809601707 1.971992066732466
5827 0.1034066873071192 1.972098381068337
5828 0.1033809883987289 1.972204539113203
5829 0.1033552572637248 1.972310483649655
5830 0.1033295601299767 1.972416360114434
5831 0.1033039043924919 1.972522016072291
5832 0.10327826730379 1.972627524507806
5833 0.1032526257040844 1.972732830123072
5834 0.1032269640028729 1.972838071536543
5835 0.1032013391032207 1.972943061578741
5836 0.1031757204216553 1.973047888316936
5837 0.1031501212747287 1.973152521231953
5838 0.1031245463111942 1.973257105500503
5839 0.1030989605458319 1.97336144662347
5840 0.1030733730755827 1.973465604184951
5841 0.1030477996512037 1.973569560572446
5842 0.1030222766165205 1.973673481570595
5843 0.1029967719901007 1.973777173561605
5844 0.102971213016077 1.973880690462018
5845 0.1029456653674136 1.973983979955271
5846 0.1029201572231687 1.974087220914346
5847 0.1028946918529425 1.974190242189084
5848 0.1028692166817596 1.974293104988939
5849 0.1028437063761358 1.97439575080775
5850 0.1028182283533737 1.974498328572026
5851 0.1027927878006214 1.974600680896285
5852 0.1027673633862932 1.974702887211599
5853 0.1027419327220577 1.974804886819998
5854 0.1027164934294059 1.974906804329748
5855 0.1026910715319088 1.975008485823645
5856 0.1026656561276825 1.97511001377824
5857 0.1026402616998443 1.975211351564939
5858 0.1026148925587473 1.975312644675871
5859 0.1025895107041721 1.975413692368748
5860 0.1025641270558434 1.975514565700462
5861 0.1025387578013507 1.97561524238007
5862 0.1025134394369439 1.975715888967177
5863 0.1024881371928157 1.975816304525151
5864 0.1024627801608779 1.975916553442862
5865 0.1024376469343859 1.976016635167601
5866 0.1024122784940524 1.976116658999889
5867 0.1023869640546923 1.976216417402043
5868 0.1023616567498161 1.976316012640671
5869 0.1023363257451584 1.976415397536068
5870 0.1023110342511415 1.976514724186968
5871 0.1022857818064137 1.976613826924394
5872 0.1022605485633698 1.976712800717852
5873 0.1022353125549405 1.976811580976781
5874 0.1022100586310456 1.976910307922675
5875 0.102184837535448 1.977008784236415
5876 0.1021596230179752 1.977107117619057
5877 0.102134428434834 1.97720526393699
5878 0.1021092594883405 1.977303371164327
5879 0.1020840753230575 1.977401231167824
5880 0.1020588890996079 1.977498927105853
5881 0.1020337176462102 1.977596431198617
5882 0.1020085977730859 1.977693910706352
5883 0.1019834917067146 1.977791156689577
5884 0.1019583307923059 1.977888244710221
5885 0.1019331812569616 1.977985109397312
5886 0.1019080727560705 1.97808195227556
5887 0.101883005597162 1.978178569873808
5888 0.1018579285926024 1.978275051086643
5889 0.1018328170282238 1.978371324813691
5890 0.1018077384889656 1.97846753973287
5891 0.1017826915257543 1.978563521887119
5892 0.1017576599778069 1.978659380091734
5893 0.1017326236946888 1.978755045065253
5894 0.1017075686717569 1.978850659002568
5895 0.1016825421061618 1.978946012997338
5896 0.1016575204600142 1.979041232043943
5897 0.1016325192968089 1.979136270391183
5898 0.1016075442654962 1.97923127623893
5899 0.1015825512462256 1.979326032292514
5900 0.1015575561169975 1.979420635312224
5901 0.1015325763928216 1.979515051669213
5902 0.101507623332087 1.979609346351395
5903 0.1014827067915594 1.979703508099019
5904 0.1014577406246575 1.979797541972155
5905 0.101432788241974 1.979891364978406
5906 0.1014078778899417 1.9799851555485
5907 0.1013830026321362 1.980078717447174
5908 0.10135811609165 1.980172148135555
5909 0.1013331950222342 1.980265371472388
5910 0.1013083076450538 1.980358538790974
5911 0.101283449011418 1.980451468475449
5912 0.1012586056377884 1.980544283737737
5913 0.101233758331508 1.980636909755382
5914 0.1012088936532315 1.980729489865723
5915 0.1011840547131285 1.980821806472075
5916 0.1011592205496209 1.980913999675701
5917 0.1011344076641734 1.981006017452264
5918 0.1011096222082996 1.9810980080338
5919 0.1010848110866753 1.981189710763942
5920 0.1010600057379527 1.981281313537772
5921 0.1010352150157036 1.981372734311811
5922 0.1010104772885817 1.981464139929589
5923 0.1009857486706448 1.981555306636126
5924 0.1009609659885712 1.981646337839694
5925 0.100936196526611 1.981737160472597
5926 0.1009114701374103 1.98182795648822
5927 0.100886777056422 1.981918523947671
5928 0.1008620739630401 1.982008974973077
5929 0.1008373382710436 1.982099228737631
5930 0.1008126383737577 1.982189435379689
5931 0.1007879655840367 1.982279405482533
5932 0.1007633087050302 1.982369273452332
5933 0.1007386494182216 1.982458960399152
5934 0.100713975180572 1.982548609167511
5935 0.1006893253748294 1.982637995637204
5936 0.1006646810915147 1.982727268021424
5937 0.1006400589003401 1.982816370928207
5938 0.1006147383119476 1.982903440563972
5939 0.1005901611700154 1.982992380089418
5940 0.1005656568102866 1.983081379058178
5941 0.1005411632834955 1.983170182807772
5942 0.1005167110576265 1.983258936988308
5943 0.10049225298502 1.983347416348856
5944 0.1004677289937532 1.983435735293668
5945 0.1004432073425117 1.983523823655854
5946 0.1004187190804273 1.983611859367645
5947 0.1003942519648981 1.983699642579428
5948 0.1003697660073654 1.983787292052307
5949 0.1003452401255346 1.983874732919025
5950 0.1003207442501325 1.983962109142222
5951 0.1002962672322461 1.984049236517127
5952 0.1002718012666538 1.984136252769345
5953 0.1002473292835826 1.984223087497691
5954 0.1002228402081554 1.984309873440241
5955 0.1001983702932703 1.984396394307929
5956 0.1001739040012576 1.984482798443855
5957 0.1001494583999595 1.984569040277102
5958 0.1001250409358107 1.984655253340741
5959 0.1001005972356361 1.984741214593002
5960 0.1000761510759791 1.98482704124984
5961 0.100051721054191 1.984912701696691
5962 0.1000273464684262 1.984998348893282
5963 0.1000029719631997 1.985083755393047
5964 0.09997854712404117 1.985169038464664
5965 0.09995424836438918 1.985255744030747
5966 0.09992976174156515 1.985341446879064
5967 0.09990544330516034 1.985422387246349
5968 0.09988097483283868 1.985510656447592
5969 0.09985671766412606 1.985591530264625
5970 0.09983227828609315 1.985679724949365
5971 0.09980809136654761 1.985760313008729
5972 0.09978364546937646 1.985848134518816
5973 0.0997594810688405 1.985928430306872
5974 0.09973501166725914 1.986016087243959
5975 0.09971086135903877 1.986096069647831
5976 0.09968641119853029 1.986183392132124
5977 0.09966229544707896 1.986263105698029
5978 0.09963789333469611 1.986350270858979
5979 0.09961378477671802 1.986429704177536
5980 0.09958934873186313 1.986516501216913
5981 0.09956525747067675 1.986595641539794
5982 0.09954088965477512 1.986682266902525
5983 0.0995168585077721 1.986761159657127
5984 0.09949243584003932 1.98684742235425
5985 0.09946836488550091 1.986926006597783
5986 0.09944399736486195 1.987012042325465
5987 0.09941999848107141 1.987090379281373
5988 0.09939564437819615 1.987176073978303
5989 0.099371604146179 1.987254137241521
5990 0.09934725381507206 1.987339596998753
5991 0.0993232729084388 1.987417391010931
5992 0.09929895696881667 1.987502518148808
5993 0.09927499145272187 1.987580073254321
5994 0.09925065937806392 1.987664989882271
5995 0.09922669849607392 1.987742258234027
5996 0.09920238724876139 1.987826803146739
5997 0.09917845537501831 1.987903832072154
5998 0.09915419566930299 1.987988194620484
5999 0.09913026621030152 1.988064963069288
6000 0.09910597447537098 1.988148944089468
6001 0.09908206135893764 1.988225445849823
6002 0.09905784153237766 1.988309250244625
6003 0.099033986858185 1.988385519889932
6004 0.09900971395531162 1.988468964578019
6005 0.09898582114949073 1.988544948850024
6006 0.09896160628061618 1.988628175071355
6007 0.09893778484755751 1.988703923151722
6008 0.09891358357269893 1.988786816671048
6009 0.09888969262464016 1.988862151887156
6010 0.09886551577050184 1.98894492744506
6011 0.09884169678500598 1.989020072214321
6012 0.09881777965262956 1.989103009118085
6013 0.09879392285891844 1.989177880635745
6014 0.09876977799953737 1.989260087433135
6015 0.09874591039535077 1.989334627804089
6016 0.09872178799926162 1.989416462291524
6017 0.09869795176574989 1.98949077984231
6018 0.09867388629903795 1.98957244367064
6019 0.09865005451287284 1.989646511792821
6020 0.09862596120527191 1.98972780905019
6021 0.09860214987080142 1.989801628405422
6022 0.09857813358228557 1.989882763788799
6023 0.09855438289321024 1.98995636138865
6024 0.09853031653354058 1.990037151721363
6025 0.09850653105924272 1.990110479735245
6026 0.0984825263590009 1.990191065377554
6027 0.09845881306801189 1.990264164570892
6028 0.09843492406121945 1.990344451757207
6029 0.0984109703401346 1.990417032569326
6030 0.09838721818455787 1.990497440949159
6031 0.09836328397643437 1.990569718266182
6032 0.09833955592078587 1.990649777944137
6033 0.09831540851546054 1.990723167849534
6034 0.09829186630008571 1.990797241196553
6035 0.09826814736518107 1.990877678927708
6036 0.09824427784668868 1.990949086682628
6037 0.09822054074047083 1.991028648673949
6038 0.09819671214092385 1.991099965732856
6039 0.09817298415741604 1.991179165467559
6040 0.09814912118021331 1.991250201410152
6041 0.09812541526488573 1.991329076994908
6042 0.09810162312652754 1.991400015121779
6043 0.09807797443540163 1.991478599731059
6044 0.09805412542123934 1.991549242937513
6045 0.0980304400489428 1.991627508479744
6046 0.09800664988278382 1.991697988422315
6047 0.09798303223173052 1.991775979898903
6048 0.0979592540546053 1.991846176269632
6049 0.09793559534164697 1.99192389038086
6050 0.09791182459009441 1.991993893609069
6051 0.09788821733659676 1.99207130688285
6052 0.09786447817215899 1.992141017508003
6053 0.09784067739168498 1.99221777649328
6054 0.09781713296040151 1.992287616369646
6055 0.09779337078175342 1.99236422776893
6056 0.09776985112277127 1.992433797916814
6057 0.09774611212577639 1.992510160372729
6058 0.0977226368507251 1.992579564442599
6059 0.09769888351928985 1.992655618428592
6060 0.09767536528579596 1.992724660475683
6061 0.09765162224755808 1.992800432213103
6062 0.09762817406847522 1.992869318747715
6063 0.09760447883789045 1.9929448273104
6064 0.09758097404496746 1.993013387467927
6065 0.09755724073335476 1.993088612882409
6066 0.09753379648619563 1.993156985996243
6067 0.0975101255746592 1.993231950536764
6068 0.09748669255538604 1.993300028635523
6069 0.09746298279581087 1.993374742166116
6070 0.09743955950742018 1.993442624271548
6071 0.09741590002502688 1.993517052971233
6072 0.09739250827496772 1.993584649398536
6073 0.09736886704021951 1.993658859760016
6074 0.09734546477880908 1.993726280929451
6075 0.09732181889167997 1.993800185696513
6076 0.09729843446843664 1.993867283328892
6077 0.09727481988917668 1.993940966807513
6078 0.09725149040571264 1.994007914126608
6079 0.0972278671148409 1.994081313829957
6080 0.09720450148986068 1.994147926195155
6081 0.09718089828381703 1.994221078612843
6082 0.09715760912760645 1.994287546882173
6083 0.09713405175464233 1.994360443228941
6084 0.0971107068697341 1.994426600613433
6085 0.09708711655506623 1.994499232824751
6086 0.09706383367002178 1.994565201876628
6087 0.09704030114169641 1.994637570859553
6088 0.097017029294312 1.994703262032293
6089 0.09699346371428459 1.994775397920746
6090 0.0969702020566844 1.994840886318709
6091 0.09694667839122463 1.994912724170667
6092 0.09692344748114713 1.994977945750296
6093 0.09689994953960089 1.995049584469873
6094 0.09687670917772098 1.995114621826914
6095 0.09685319743790102 1.995185947320408
6096 0.09682997497526294 1.995250688359221
6097 0.09680650812991863 1.995321823894362
6098 0.09678331743684511 1.995386334132154
6099 0.0967598277095601 1.995457155761091
6100 0.0967366292662023 1.995521440139736
6101 0.0967131805759829 1.995592068110488
6102 0.09669005389894228 1.99565616991639
6103 0.09666663066016655 1.995726512649587
6104 0.09664345131341383 1.995790351261071
6105 0.09662001817127076 1.995860471858851
6106 0.09659689551609794 1.99592406968327
6107 0.09657349512954511 1.995993894791834
6108 0.09655038677528215 1.996057272069882
6109 0.09652738400491057 1.996127788609897
6110 0.09650433512062664 1.996190987573371
6111 0.09648075056415675 1.996260035530916
6112 0.0964577292553573 1.996322925315505
6113 0.09643422838122508 1.996391851698692
6114 0.09641119850421941 1.996454503187349
6115 0.09638766750502428 1.99652309520946
6116 0.09636467313524004 1.996585540940727
6117 0.09634121576028834 1.996653982585019
6118 0.09631827475624334 1.99671621050903
6119 0.09629479200505453 1.99678438494097
6120 0.09627183677934575 1.99684640247978
6121 0.09624841713291378 1.996914397976634
6122 0.09622553098480037 1.996976202518882
6123 0.09620212823765104 1.997043924353973
6124 0.0961792042533245 1.997105530439201
6125 0.09615580512367415 1.997173034722011
6126 0.09613292894838824 1.997234371139741
6127 0.09610955585518097 1.997301596220192
6128 0.09608670824725758 1.997362762083476
6129 0.09606333291559915 1.997429780345564
6130 0.09604047439559196 1.997490652286444
6131 0.09601711025741687 1.997557366574601
6132 0.09599430402116627 1.997618080267987
6133 0.09597099134362899 1.997684598121242
6134 0.09594814762184434 1.997745028694254
6135 0.09592479351746186 1.997811238682486
6136 0.09590199504086651 1.997871481677821
6137 0.09587870344239798 1.997937474678913
6138 0.09585592560163056 1.997997453168576
6139 0.09583259208836452 1.998063183118136
6140 0.09580982329158415 1.998123000574733
6141 0.09578654623579795 1.998188487230381
6142 0.09576379043171288 1.998247981406955
6143 0.09574052709442273 1.998313236545521
6144 0.09571775597122341 1.998372559250851
6145 0.09569448613232205 1.998437529051523
6146 0.09567173472372067 1.998496551083319
6147 0.09564849855244659 1.998561311327027
6148 0.09562579873585156 1.998620186699425
6149 0.09560254947280912 1.998684677010788
6150 0.09557981549448982 1.998743241258605
6151 0.09555660093385626 1.998807484914987
6152 0.09553392563034863 1.998865846967665
6153 0.09551074445111583 1.998929921628241
6154 0.09548801621765583 1.998987995661098
6155 0.09546481062400965 1.999051825930714
6156 0.09544214024293519 1.999109699964146
6157 0.0954189823487447 1.999173265892507
6158 0.09539632383175621 1.999230894171005
6159 0.09537314361847006 1.999294255930941
6160 0.09535048961952114 1.999351659614205
6161 0.09532733686989206 1.999414719166884
6162 0.09530471528896893 1.999471898515448
6163 0.09528160369749103 1.99953479295262
6164 0.09525896570429015 1.999591751220196
6165 0.0952358212439719 1.999654317078575
6166 0.09521320483955091 1.999711032026246
6167 0.09519012014929103 1.999773433529552
6168 0.09516755005601533 1.99982994054539
6169 0.09514442561213787 1.999892038226929
6170 0.0951218287152599 1.999948305723019
6171 0.09509875283844409 2.000010206108557
6172 0.09507621824489122 2.000066258508532
6173 0.09505315731940268 2.000127878366992
6174 0.09503026805868264 2.000184670221405
6175 0.09500762023449656 2.000245049350828
6176 0.09498477970224663 2.000301431581764
6177 0.09496208172831998 2.000361589960137
6178 0.09493925108211825 2.000417812961615
6179 0.09491654406327071 2.000477796842086
6180 0.09489369246342562 2.000533740612438
6181 0.09487097965375009 2.000593492506948
6182 0.09484818843755742 2.000649301853402
6183 0.09482553965191583 2.00070886854967
6184 0.09480270993489578 2.000764403142503
6185 0.09478000828917038 2.00082371653838
6186 0.09475722957160304 2.000879083911639
6187 0.0947346027739602 2.000938176824352
6188 0.09471184337422517 2.000993279787201
6189 0.09468916293441343 2.001052155396044
6190 0.09466640589486801 2.001107079354322
6191 0.09464378414554708 2.001165682747849
6192 0.09462106102673963 2.001220340666059
6193 0.09459844491815927 2.00127876588877
6194 0.09457570713010509 2.001333262506872
6195 0.09455309330158546 2.001391383538285
6196 0.09453037379598389 2.001445577064553
6197 0.09450778294987235 2.001503528196024
6198 0.09448511414643296 2.001557580240915
6199 0.09446251814431604 2.001615242528727
6200 0.0944398154601834 2.001668986583265
6201 0.09441723442190758 2.001726459971845
6202 0.09439460101197866 2.001780055866627
6203 0.09437206538037191 2.001837258816745
6204 0.09434938019947434 2.001890581609221
6205 0.0943268139763021 2.001947591247513
6206 0.09430418312831938 2.002000712004794
6207 0.09428169146297917 2.002057599337522
6208 0.09425904630380449 2.002110665276918
6209 0.09423657560809411 2.002166958060672
6210 0.09421386326030151 2.002219830511554
6211 0.09419144547126988 2.002275762634221
6212 0.09416875283744562 2.002328465542379
6213 0.09414638155532913 2.002384255123015
6214 0.0941236637227944 2.002436765252508
6215 0.09410127413972864 2.002492230908865
6216 0.09407858053804619 2.002544527488095
6217 0.09405624596275343 2.002599840262559
6218 0.09403358938255918 2.00265194363485
6219 0.09401122616550046 2.002706954765787
6220 0.09398849635536134 2.002758764903856
6221 0.09396615920030661 2.002813554755754
6222 0.0939435467554392 2.002865234058953
6223 0.09392124610141811 2.00291979314746
6224 0.09389860050681659 2.002971286807544
6225 0.09387628492981237 2.003025622780758
6226 0.09385366923973394 2.003076860278176
6227 0.09383139321806903 2.003130943079763
6228 0.09380881362716435 2.003182017403093
6229 0.09378651501537703 2.003235880308357
6230 0.09376390641614768 2.003286672863311
6231 0.093741636150766 2.003340272408203
6232 0.09371908824494661 2.003390906239658
6233 0.09369684811599732 2.003444298994151
6234 0.09367424903405487 2.003494670888052
6235 0.09365198878029349 2.003547801116131
6236 0.09362944142908101 2.003597974480948
6237 0.09360722203576632 2.00365088590743
6238 0.09358468701682919 2.003700829824953
6239 0.09356244878894437 2.003753516208823
6240 0.09353991646320853 2.003803241152604
6241 0.09351770097641773 2.003855671131838
6242 0.09349519884111637 2.003905178581181
6243 0.09347302656273505 2.003957425875518
6244 0.09345050864550122 2.004006722616746
6245 0.09342830039447322 2.004058685211231
6246 0.093405801106 2.004107741594514
6247 0.09338365656584209 2.004159532743922
6248 0.09336120373356867 2.004208386465428
6249 0.0933390126901292 2.004259909402711
6250 0.09331652977667149 2.004308528941969
6251 0.09329439504654291 2.004359855188224
6252 0.09327197426950404 2.004408258999551
6253 0.09324984394078051 2.004459341921194
6254 0.09322737860374761 2.004507550371061
6255 0.09320525491319261 2.004558414512711
6256 0.09318283449107423 2.00460635636869
6257 0.0931607258263645 2.004656978109787
6258 0.09313832918153322 2.004704764212452
6259 0.09311622448021681 2.004755183312573
6260 0.09309381674695584 2.004802679238328
6261 0.09307171339273336 2.004852834976094
6262 0.09304959478186786 2.004899583757772
6263 0.09302717025915024 2.00495001972972
6264 0.09300483129052034 2.004997078955393
6265 0.09298272407769007 2.005046976156697
6266 0.09296074205062595 2.005093298711421
6267 0.09293831287985138 2.005143478670781
6268 0.09291606438080596 2.005190007278005
6269 0.09289396139222406 2.005239519972606
6270 0.09287186372413843 2.005287168048454
6271 0.0928495328042013 2.005333337512752
6272 0.09282748157332014 2.005382436038786
6273 0.09280553161333736 2.005427970394421
6274 0.09278310293431512 2.005477377088113
6275 0.09276086012580866 2.00552310603136
6276 0.09273881909537594 2.005571815898929
6277 0.09271678328285811 2.005618639066307
6278 0.09269451338073145 2.005664192493417
6279 0.09267247901267114 2.005712416500829
6280 0.0926507308178959 2.005758698281617
6281 0.0926286081937443 2.005806635785933
6282 0.09260690017067695 2.00585117537567
6283 0.09258430053368044 2.005899408332123
6284 0.09256250688378997 2.005943686145319
6285 0.09253991018046215 2.005991717517419
6286 0.09251820732023262 2.006035764210752
6287 0.09249566611172459 2.006083553764784
6288 0.0924740063021362 2.006127420989124
6289 0.09245146698900848 2.006175048751623
6290 0.09242981944820347 2.006218683375451
6291 0.09240730589950968 2.00626604661119
6292 0.09238571210629984 2.006309525593701
6293 0.0923632519902344 2.006356743277689
6294 0.09234163994224678 2.006399994427251
6295 0.09231914604807541 2.006446924858631
6296 0.09229757239199442 2.006489985340531
6297 0.09227514054181818 2.006536745183682
6298 0.09225360131913309 2.006579589439841
6299 0.09223112984094839 2.006626094067553
6300 0.09220958159324967 2.006668747632486
6301 0.09218715630095206 2.006715034264181
6302 0.09216565115574769 2.006757463255742
6303 0.09214324262209499 2.006803535075528
6304 0.09212171514403404 2.006845799231069
6305 0.09209929704308968 2.006891614808681
6306 0.09207779221754911 2.00693361004943
6307 0.09205540571220322 2.006979221309656
6308 0.09203394391987695 2.007021068942108
6309 0.09201153758161745 2.007066424945404
6310 0.09199004411404009 2.007107989720582
6311 0.0919676615999435 2.007153126851924
6312 0.09194623190723526 2.007194543655123
6313 0.09192388219396355 2.007239449909731
6314 0.09190240408563889 2.007280619732031
6315 0.09188003344984401 2.007325308065362
6316 0.09185860646162826 2.007366282595202
6317 0.09183627668000469 2.007410733593693
6318 0.09181486698532558 2.007451512573884
6319 0.09179252151712748 2.007495791423195
6320 0.09177111354582967 2.007536357681804
6321 0.0917487920201988 2.007580373729435
6322 0.09172742466747744 2.007620770872435
6323 0.09170514904523004 2.007664647682836
6324 0.09168376114560382 2.007704833490576
6325 0.09166195211003736 2.007746528402196
6326 0.09163951812716224 2.007790496086919
6327 0.09161831517815575 2.007829711437298
6328 0.09159597439213446 2.007873743051379
6329 0.09157436876763417 2.007913314818165
6330 0.0915524311739645 2.007956389680671
6331 0.09153089580373287 2.007995764158591
6332 0.09150896735973671 2.008038637455331
6333 0.09148742342970444 2.008077828325652
6334 0.09146544933051873 2.008120541277619
6335 0.09144389302836026 2.008159525936745
6336 0.09142194024431333 2.008201977412068
6337 0.09140041548205052 2.008240781054673
6338 0.09137849975252074 2.008283084709725
6339 0.09135696060983416 2.008321679759944
6340 0.09133501349825898 2.008363693199862
6341 0.09131349735048293 2.008402087334057
6342 0.09129160871334832 2.008443941071671
6343 0.09127012967965333 2.008482133370759
6344 0.0912481894654634 2.008523714773466
6345 0.09122668665185661 2.008561697156009
6346 0.09120479226933778 2.008603065259177
6347 0.09118333445723487 2.008640831105682
6348 0.09116145164231537 2.008681962534163
6349 0.09113997286544198 2.008719554042045
6350 0.09111808460195826 2.008760444027991
6351 0.09109663151372284 2.008797779586361
6352 0.09107477544058862 2.008838453026564
6353 0.09105336381890312 2.00887564758889
6354 0.09103148246219774 2.008916084553652
6355 0.09101003937005274 2.008953001120989
6356 0.09098818127725974 2.008993203410458
6357 0.09096679649625093 2.009029974313447
6358 0.09094497169550235 2.009069953258057
6359 0.09092357908170326 2.009106761253958
6360 0.09090178338960955 2.009146441540477
6361 0.09088034908714761 2.009182769697355
6362 0.09085877547513541 2.00922204450502
6363 0.0908375258159821 2.009257888826119
6364 0.0908152732150162 2.00929782066327
6365 0.09079419148248138 2.009333653389747
6366 0.09077259814931783 2.00937105944194
6367 0.09075063592786542 2.009410083590573
6368 0.09072940775740625 2.009445874945643
6369 0.09070732266553015 2.009484585279408
6370 0.0906859154524685 2.009519959412305
6371 0.0906644471607648 2.009558115951621
6372 0.09064331239204977 2.009593107248055
6373 0.09062118481905382 2.009631917218005
6374 0.09060015685860236 2.009666879820128
6375 0.09057811852148406 2.00970491917112
6376 0.09055677294759637 2.009739756647344
6377 0.09053515023718305 2.009777458136492
6378 0.09051387042450079 2.009812116500454
6379 0.09049220735071026 2.009849669905438
6380 0.09047090660556081 2.009884137040799
6381 0.09044925793606849 2.009921456512835
6382 0.09042828127285313 2.009955993252693
6383 0.09040636130727731 2.00999294588072
6384 0.09038539694675199 2.010026578249346
6385 0.09036334347182276 2.01006408329145
6386 0.0903424451834015 2.010097493785034
6387 0.09032044104698576 2.010134856065369
6388 0.09029960015103065 2.010168051400295
6389 0.09027757765194207 2.010205149719575
6390 0.09025672484057043 2.010238124500611
6391 0.09023473314752681 2.010275013668064
6392 0.09021393512468702 2.010307777474628
6393 0.09019197000950545 2.010344442844211
6394 0.09017113914836784 2.010377027960292
6395 0.09014915412360465 2.010413443534454
6396 0.09012835949554389 2.010445776728269
6397 0.09010641486087154 2.010481984122635
6398 0.09008565118687892 2.01051417218533
6399 0.09006368079869546 2.010550134081754
6400 0.0900428989466534 2.010582058893047
6401 0.09002095886607209 2.01061779549478
6402 0.09000019338399846 2.010649474970474
6403 0.08997821315298055 2.01068482448632
6404 0.08995751409416146 2.010716500768731
6405 0.08993554159060128 2.010751701364773
6406 0.08991487608689996 2.010783187314127
6407 0.08989293232949479 2.010818132266552
6408 0.08987228937647077 2.010849413530971
6409 0.08985051897506031 2.010883999113305
6410 0.08982924426043777 2.010915722527491
6411 0.0898077537765553 2.010949585275659
6412 0.08978714749518962 2.010980483650873
6413 0.08976524417795943 2.011014793965405
6414 0.08974446032553393 2.011046090614305
6415 0.08972268639081143 2.011079371792216
6416 0.08970202181986185 2.011109896605736
6417 0.08968035058802067 2.011143581564339
6418 0.08965950693947834 2.011174108955715
6419 0.08963758337843668 2.011207726588011
6420 0.08961693939616466 2.011238199009842
6421 0.08959536873799949 2.011270993114281
6422 0.08957453195648575 2.011301106790253
6423 0.08955270496994155 2.011334276631542
6424 0.08953206911260854 2.011364385332404
6425 0.08951051633649559 2.011396734177146
6426 0.08948967602242633 2.011426475231
6427 0.08946808433004175 2.011459036852099
6428 0.08944729778999629 2.011488633207826
6429 0.08942571167346199 2.011520942495856
6430 0.08940478619788543 2.01155085962616
6431 0.08938341129806074 2.011582261941062
6432 0.08936259794478835 2.011611517400497
6433 0.08934114318210543 2.011643314486839
6434 0.08931982814681499 2.011673624322476
6435 0.08929906220414915 2.011702881244425
6436 0.08927758125646872 2.011733917386193
6437 0.08925653425158529 2.011763829270099
6438 0.08923575999349968 2.01179294992006
6439 0.08921429256084086 2.011823638622093
6440 0.08919322282006013 2.011853306428896
6441 0.08917251765188179 2.011881598604374
6442 0.0891509727943896 2.011912603996309
6443 0.08912997017604879 2.011941970461828
6444 0.08910873441422615 2.01197128055134
6445 0.08908788455660777 2.012000289838555
6446 0.08906719050114524 2.012028239569224
6447 0.08904586751803054 2.012058517019648
6448 0.08902463516181477 2.012087642897663
6449 0.08900388276499212 2.012115624368274
6450 0.08898249141412556 2.012145221024277
6451 0.0889615110825592 2.01217373724698
6452 0.08894035937289184 2.012202249308767
6453 0.08891958954801869 2.01223049814115
6454 0.08889892081787135 2.012257682913277
6455 0.08887761560812867 2.01228708325438
6456 0.08885641330807424 2.012315374352788
6457 0.08883575185670424 2.012342580940809
6458 0.08881443934471236 2.01237135513486
6459 0.08879348434388154 2.012399062236191
6460 0.08877289628514388 2.012425560545414
6461 0.08875145196463989 2.012454486267765
6462 0.08873075622877981 2.012481820303564
6463 0.08870965477482892 2.012509299107361
6464 0.08868904993590035 2.012535437280968
6465 0.08866762726745085 2.012563917786735
6466 0.08864693286530605 2.012590823897464
6467 0.0886260495966089 2.012617759191394
6468 0.08860493346001404 2.012644806679791
6469 0.08858383560531619 2.012671407975239
6470 0.0885631299821165 2.012698094879954
6471 0.08854226958627018 2.012724623234335
6472 0.08852093250375168 2.012751358799155
6473 0.08850059917282013 2.012777331017659
6474 0.08847990376733263 2.012803539591106
6475 0.08845875733971433 2.012829886197017
6476 0.08843765209970124 2.012856031103024
6477 0.08841701945196496 2.012881897995614
6478 0.08839637467790497 2.012907717922904
6479 0.08837547065151427 2.012933551358406
6480 0.08835455814705268 2.012959299331019
6481 0.08833358349882256 2.01298517393205
6482 0.08831226614774212 2.013010781135923
6483 0.08829175829408072 2.013035175157439
6484 0.08827098348640458 2.013060580965198
6485 0.08825014676720898 2.013085766861178
6486 0.0882293311372087 2.013110894874334
6487 0.08820855877366857 2.013135895520134
6488 0.08818779213194722 2.013160840747699
6489 0.08816699893611174 2.01318562628456
6490 0.08814621869170618 2.013210358551861
6491 0.08812546190633257 2.013234942880109
6492 0.08810472548377968 2.013259478176447
6493 0.08808399017019022 2.013283868107833
6494 0.08806322014209643 2.013308204006587
6495 0.08804246480934121 2.01333235606514
6496 0.08802172020761474 2.013356448624581
6497 0.08800100113827143 2.013380410892165
6498 0.08798028654484558 2.013404329269886
6499 0.08795954080687356 2.013428067873094
6500 0.08793880044667306 2.013451729589486
6501 0.08791808167089626 2.013475255706816
6502 0.08789739251416176 2.013498746601887
6503 0.0878767045802774 2.013522081205514
6504 0.08785597893198738 2.013545358616294
6505 0.08783527355967706 2.013568479297189
6506 0.0878145872589231 2.013591548348229
6507 0.08779392465506783 2.013614477664422
6508 0.08777326553971021 2.01363736978864
6509 0.08775258319127566 2.013660109166339
6510 0.08773191141413192 2.013682770552812
6511 0.08771126084698992 2.013705294245202
6512 0.08769063630732202 2.013727790223609
6513 0.08767001797379725 2.013750141810295
6514 0.08764936165806139 2.013772423162989
6515 0.08762871591480416 2.013794534615725
6516 0.08760809474485556 2.013816616043969
6517 0.08758750285663416 2.013838563456983
6518 0.08756691424753207 2.013860458849725
6519 0.08754629775773921 2.01388220412479
6520 0.08752569659694458 2.013903887092495
6521 0.08750511324716344 2.013925421555091
6522 0.08748470917942869 2.013946769709802
6523 0.08746397896938492 2.01396834285977
6524 0.08744337707239225 2.013989632643707
6525 0.08742281404621194 2.014010749243789
6526 0.08740227274491702 2.01403183355948
6527 0.08738175192157045 2.014052803294842
6528 0.08736123760204192 2.014073732707585
6529 0.08734069090385879 2.014094506465583
6530 0.08732039705564672 2.014114136662595
6531 0.08729954851471389 2.014136033033003
6532 0.08727911790024738 2.014156619518095
6533 0.08725891744693243 2.014175885558448
6534 0.08723805385558916 2.014197534564649
6535 0.0872179507786421 2.014216531495547
6536 0.08719703156280068 2.014238080513768
6537 0.08717702559898469 2.014256809290353
6538 0.08715609279708686 2.014278206425856
6539 0.08713610712137874 2.01429668329043
6540 0.08711513669535884 2.014317853940283
6541 0.08709519638267815 2.014336098814198
6542 0.08707425175065406 2.014357098202705
6543 0.08705435916842311 2.014375155805556
6544 0.08703337860662239 2.014395934222063
6545 0.08701347241538754 2.014413765300643
6546 0.08699251384227139 2.014434332895386
6547 0.08697265894620672 2.014451987740913
6548 0.08695173299191379 2.014472361291205
6549 0.08693185916358395 2.014489824131959
6550 0.08691090727975241 2.014509974480462
6551 0.08689106708788441 2.014527237187869
6552 0.08687033195440584 2.014547067194587
6553 0.08685033562323588 2.014564359247351
6554 0.08682938971488277 2.014584105785166
6555 0.08680959970546345 2.014600966631674
6556 0.08678868836591895 2.014620508151684
6557 0.08676890985591509 2.01463723673111
6558 0.08674821537449315 2.014656441963282
6559 0.08672822545945164 2.014673161683604
6560 0.08670749168520468 2.01469213745979
6561 0.08668753377593158 2.014708658879506
6562 0.08666687470959877 2.014727422846001
6563 0.0866469446409481 2.014743785631156
6564 0.08662626864733383 2.014762324187672
6565 0.08660631007681413 2.014778481304586
6566 0.08658567830317312 2.014796782143591
6567 0.08656575145032396 2.014812786238959
6568 0.08654516289187203 2.014830887604082
6569 0.08652519905223789 2.014846711629746
6570 0.0865046073385141 2.014864560340411
6571 0.08648466243401576 2.014880203136317
6572 0.086464133303288 2.014897860000412
6573 0.08644420885209031 2.014913354072123
6574 0.0864236607338347 2.014930792697758
6575 0.0864037083337956 2.014946090238122
6576 0.08638320575659218 2.014963307011092
6577 0.08636329125863076 2.014978452017631
6578 0.08634282669596167 2.014995484506324
6579 0.08632288454256272 2.015010452933146
6580 0.08630241158288532 2.015027256775687
6581 0.08628249808280884 2.015042038017124
6582 0.08626207537801404 2.01505866043308
6583 0.08624219161881955 2.015073277075897
6584 0.08622173916299132 2.015089685592395
6585 0.08620183479280813 2.01510408725126
6586 0.08618141729401022 2.015120281183273
6587 0.08616155897794038 2.015134519751979
6588 0.08614117121317194 2.015150532757575
6589 0.08612129031933555 2.015164581993425
6590 0.08610088728641743 2.015180371523162
6591 0.08608104053028288 2.015194226848344
6592 0.08606087109498793 2.015209723765018
6593 0.08604097059796273 2.015223529815836
6594 0.08602061123350077 2.015238931843681
6595 0.08600067115408991 2.015252497867727
6596 0.08598019171534486 2.015267779250757
6597 0.08596052142663781 2.01528102180061
6598 0.08594013018494172 2.015296119427711
6599 0.08592042100728953 2.015309214771061
6600 0.08590002275811037 2.015324092191357
6601 0.08588027812981357 2.015337734916903
6602 0.08586038847536435 2.015350724658581
6603 0.08584014730558032 2.015365253206967
6604 0.08582027041573637 2.015378088479999
6605 0.08580003446478437 2.015392398604538
6606 0.08578025726799206 2.015405000081041
6607 0.08576003050426603 2.01541915333168
6608 0.08574017733244475 2.015431304145581
6609 0.08571998929495324 2.015445373291024
6610 0.0857002245965077 2.015457439083354
6611 0.08568006391047824 2.015471403773828
6612 0.08566033948689045 2.015483325339408
6613 0.08564020935910596 2.015497081599972
6614 0.08562045448558735 2.0155087809488
6615 0.08560028526920735 2.015522279931266
6616 0.08558055947656582 2.01553375788004
6617 0.08556043475715347 2.015547046986955
6618 0.08554073687451075 2.015558341829237
6619 0.08552057610318024 2.015571409376025
6620 0.08550086477715785 2.015582482171472
6621 0.08548073761347258 2.015595321544326
6622 0.08546107084868609 2.015606224351398
6623 0.08544096624355274 2.015618873700637
6624 0.08542127663421357 2.015629575159206
6625 0.08540115584949542 2.015641989879418
6626 0.08538149174251033 2.015652488037007
6627 0.08536140689626168 2.015664713108259
6628 0.08534177718630734 2.015675043314039
6629 0.08532167126473278 2.015687052867171
6630 0.08530202305083097 2.015697168231346
6631 0.08528194145989455 2.015708959318405
6632 0.08526221425008262 2.015719727049199
6633 0.08524251470337998 2.015729562012255
6634 0.08522247499881215 2.015741116487462
6635 0.0852028554331672 2.015750851817449
6636 0.08518278064035539 2.015762051565073
6637 0.08516321024003398 2.015771575155813
6638 0.08514316268974721 2.015782593378882
6639 0.08512343325857022 2.015792642927852
6640 0.08510365034378098 2.01580260666986
6641 0.08508387363545215 2.015812452659508
6642 0.08506411548981521 2.015822286646815
6643 0.08504434616107721 2.015831368232048
6644 0.08502448074686571 2.015841720394635
6645 0.08500478017806724 2.015851283759972
6646 0.08498503486409489 2.015860751867598
6647 0.08496530639150789 2.015870086652012
6648 0.08494553230857135 2.015878778446799
6649 0.0849257556595705 2.01588857163159
6650 0.08490608182686561 2.01589772344553
6651 0.08488634268001663 2.015906071480225
6652 0.08486659444603703 2.015915634192078
6653 0.08484698005615547 2.015924470401226
6654 0.08482726110909616 2.015933193141911
6655 0.08480755099165407 2.015941746003366
6656 0.08478780288021592 2.015949671296879
6657 0.08476812303948505 2.015958671450097
6658 0.0847485265984767 2.015967085268346
6659 0.08472881258130134 2.015974702330748
6660 0.08470908917243977 2.015983451159469
6661 0.08468950599336626 2.015991510300093
6662 0.08466988146674143 2.015999484262899
6663 0.0846502558652036 2.016007312073452
6664 0.08463054306591695 2.016014522209411
6665 0.08461088778383677 2.016022735673066
6666 0.08459132692738046 2.016030388398036
6667 0.08457170760348506 2.016037289270459
6668 0.08455207393508464 2.016045313524519
6669 0.08453252310392853 2.016052636580409
6670 0.08451291667349382 2.016059836023252
6671 0.08449333494122606 2.016066355015142
6672 0.08447372494762768 2.016074044525659
6673 0.08445422888702291 2.016081001341305
6674 0.08443463281639943 2.016087223481583
6675 0.08441498295900429 2.016094540310452
6676 0.08439549371115215 2.016101225545865
6677 0.08437595865207287 2.0161071268819
6678 0.08435635406055626 2.016114221250777
6679 0.08433686924206575 2.016120589466405
6680 0.08431732046978435 2.016126241839632
6681 0.08429772288125648 2.01613298085201
6682 0.08427829889274771 2.016139123655115
6683 0.08425879873748357 2.016144491843316
6684 0.08423920631529903 2.016151000928769
6685 0.08421976967418465 2.01615680248693
6686 0.08420026940686234 2.01616192790638
6687 0.08418074337978268 2.016168112285557
6688 0.08416135821128644 2.016173713716294
6689 0.084141859156228 2.016178537125456
6690 0.08412231357117685 2.016184426533465
6691 0.08410293345271866 2.01618969097826
6692 0.08408350411707438 2.016194315592352
6693 0.08406402283278969 2.016199942189832
6694 0.08404464186155446 2.01620499175255
6695 0.08402519641826335 2.01620927577503
6696 0.08400571497847467 2.016214632975363
6697 0.08398639320177019 2.016219360364544
6698 0.0839669964886564 2.01622344283314
6699 0.08394751673025504 2.016228478668433
6700 0.0839281837727934 2.016232951239142
6701 0.08390879112803823 2.016236698711289
6702 0.08388937056916826 2.016241500172683
6703 0.08387008870484057 2.016245680376354
6704 0.08385069662427731 2.016249218323829
6705 0.08383125996768861 2.016253666775883
6706 0.0838119786587261 2.016257592505295
6707 0.08379264650702793 2.016260818366515
6708 0.08377325695700878 2.016265051862251
6709 0.08375397684340713 2.016268667010519
6710 0.08373463326839334 2.01627164459135
6711 0.08371524658238658 2.016275530384955
6712 0.08369602679237798 2.016278921927868
6713 0.08367673544437332 2.016281615293035
6714 0.08365734702802394 2.016285273685455
6715 0.08363811222913327 2.016288321168212
6716 0.08361882098683608 2.016290764528224
6717 0.0835994896355654 2.016294093918511
6718 0.08358030247884254 2.016296933419688
6719 0.08356101412824304 2.016299074882908
6720 0.08354167116559753 2.016302144258258
6721 0.08352248867731203 2.016304646834055
6722 0.08350326174969143 2.01630657322465
6723 0.08348396830682331 2.016309343987898
6724 0.08346478348017519 2.016311626611307
6725 0.0834455418006428 2.016313216892392
6726 0.08342624781403681 2.016315726695538
6727 0.08340712254483516 2.016317691206039
6728 0.08338792977749088 2.016319076249284
6729 0.08336863524490658 2.016321260859653
6730 0.08334949804449812 2.016322968373307
6731 0.08333031092590384 2.016324023988397
6732 0.08331107660605504 2.016325980550793
6733 0.08329199119174763 2.016327403244046
6734 0.08327280477340766 2.016328251119499
6735 0.08325355575445725 2.016329862199372
6736 0.08323447152828639 2.016331035170741
6737 0.08321534672288912 2.016331578750282
6738 0.08319614683188528 2.016332980499824
6739 0.0831770656424102 2.016333850503043
6740 0.08315793130216004 2.016334151492844
6741 0.08313873499171542 2.016335211157195
6742 0.08311971424297636 2.016335856944776
6743 0.08310063066657888 2.01633587209063
6744 0.08308143165431242 2.016336700155434
6745 0.08306239567797462 2.016337003946609
6746 0.08304331160799776 2.016336771806462
6747 0.08302417195946049 2.016337281254047
6748 0.08300518542308459 2.016337382668611
6749 0.08298610173340618 2.016336848743032
6750 0.08296694626886945 2.016337092374838
6751 0.08294795945777247 2.016336850755948
6752 0.08292893096894559 2.016336092588554
6753 0.08290982125174554 2.016336034909336
6754 0.08289083089576681 2.016335573122381
6755 0.08287178714926234 2.016334482562682
6756 0.08285267753069811 2.016334168194162
6757 0.082833748734694 2.016333399653041
6758 0.0828147552369569 2.016332115564305
6759 0.08279564710866794 2.016331491421202
6760 0.08277670658226537 2.01633047192347
6761 0.08275771803776452 2.01632886076569
6762 0.08273867040369971 2.01632801015595
6763 0.08271977559423131 2.016326701671272
6764 0.08270079136998117 2.016324888869853
6765 0.08268173023819794 2.016323697722452
6766 0.08266284428876322 2.016322153207355
6767 0.08264433115517886 2.016320116596271
6768 0.0826249216856903 2.016318823701412
6769 0.08260644571124248 2.016316586795099
6770 0.08258692209164493 2.016315020807108
6771 0.08256801543723938 2.016312843882583
6772 0.08254961737207255 2.016310384405848
6773 0.08253021104246547 2.016308541730845
6774 0.08251183021389483 2.016305930649589
6775 0.08249231264522017 2.016303837528076
6776 0.08247403248029452 2.016301042628626
6777 0.08245451987463003 2.016298766154342
6778 0.08243630826368879 2.016295827921108
6779 0.08241675204706492 2.016293352425046
6780 0.08239854727560587 2.016290225022538
6781 0.08237901279588043 2.016287548682882
6782 0.08236086825327621 2.016284282661879
6783 0.08234136065554702 2.016281439284596
6784 0.08232319554414856 2.016278004564584
6785 0.08230366674279443 2.016274945655422
6786 0.0822855414568541 2.016271335027361
6787 0.08226605575499131 2.016268108790583
6788 0.08224796405787123 2.016264353149395
6789 0.08222845079766235 2.016260920456767
6790 0.08221034742316645 2.016256985752997
6791 0.08219086531705856 2.016253355536774
6792 0.08217281071005 2.016249279370914
6793 0.08215335998993195 2.016245482588611
6794 0.08213527782720063 2.016241236547877
6795 0.08211580960536462 2.016237226465365
6796 0.08209776268580414 2.016232804249649
6797 0.08207834059226098 2.016228629883093
6798 0.08206032494391904 2.01622406402362
6799 0.08204087967286354 2.016219697803829
6800 0.08202284893974626 2.016214937426934
6801 0.08200343537019737 2.016210371708808
6802 0.08198545166466879 2.016205469049528
6803 0.08196607048075784 2.016200737410973
6804 0.08194805781505636 2.016195663675493
6805 0.08192865710318972 2.016190709974507
6806 0.0819106704787025 2.016185442732686
6807 0.08189132444317392 2.016180344299309
6808 0.08187336676791708 2.016174925259437
6809 0.08185399575608597 2.016169628125072
6810 0.08183602292269603 2.016164016099411
6811 0.08181668388145533 2.016158523005994
6812 0.08179878762819418 2.016152848202861
6813 0.08177949430950876 2.016147222948915
6814 0.08176150556510614 2.016141165618181
6815 0.08174240379962008 2.016135438042101
6816 0.08172422747053987 2.016129251917347
6817 0.08170520592402952 2.016123368207882
6818 0.08168705200195818 2.016117014492242
6819 0.08166794248053956 2.01611088262072
6820 0.08164979446886429 2.016104318500091
6821 0.08163076550550469 2.016098015954402
6822 0.08161265360125709 2.016091312793886
6823 0.08159362541349417 2.016084824652141
6824 0.08157550501000156 2.016077953579022
6825 0.08155649080404105 2.016071283294842
6826 0.08153839165529439 2.016064231978393
6827 0.0815194014192086 2.016057373249791
6828 0.08150134465867968 2.01605017277428
6829 0.08148235802232005 2.016043152138967
6830 0.08146426977971534 2.016035760740619
6831 0.0814452947587702 2.016028529887888
6832 0.08142726967138883 2.016020999949167
6833 0.08140834877459664 2.016013631634433
6834 0.08139027913797332 2.01600593071143
6835 0.08137132087552794 2.01599833408626
6836 0.08135330111479185 2.01599045817788
6837 0.08133440808161978 2.015982722178153
6838 0.08131640108997167 2.015974697823565
6839 0.08129746539032932 2.01596675545798
6840 0.08127945894506795 2.015958541481089
6841 0.08126057515759683 2.015950429738202
6842 0.08124259924988673 2.015942073435443
6843 0.08122372811642024 2.015933781754787
6844 0.08120574457095449 2.015925267948969
6845 0.08118687668366713 2.015916791839447
6846 0.08116891636636492 2.015908109703473
6847 0.08115007657170081 2.015899456180891
6848 0.08113216539863116 2.015890638514586
6849 0.08111332192468608 2.015881821069706
6850 0.08109537967801174 2.015872810553245
6851 0.08107682257616355 2.01586396901634
6852 0.08105869872889361 2.015854751746241
6853 0.08103981556131443 2.015845468378995
6854 0.08102190937461251 2.015836112166332
6855 0.08100313106559152 2.015826728834549
6856 0.08098524722806758 2.015817233307715
6857 0.08096674669212381 2.015807872426278
6858 0.08094866429369474 2.015798165671334
6859 0.08093006294720048 2.015788537753573
6860 0.0809119819759062 2.015778614033479
6861 0.08089340592138779 2.015768778810112
6862 0.08087539695389244 2.0157587438245
6863 0.08085684304236436 2.015748732849615
6864 0.0808388049473691 2.015738513860881
6865 0.08082023469576703 2.015728300425746
6866 0.08080223391362411 2.015717908365081
6867 0.08078371083143966 2.015707543158072
6868 0.08076574294205827 2.015697010235599
6869 0.08074719783896914 2.0156864663219
6870 0.08072921674196651 2.015675744133345
6871 0.08071070383009174 2.015665013631458
6872 0.08069276989712688 2.015654149875947
6873 0.08067428761186396 2.015643260402324
6874 0.08065632282731224 2.015632218439974
6875 0.0806378149287765 2.015621107501301
6876 0.08061987678614291 2.015609864320166
6877 0.08060176228433114 2.015598652764184
6878 0.08058354623238849 2.01558730175361
6879 0.08056524368191376 2.015575727838447
6880 0.08054660343733996 2.015563989603624
6881 0.08052875716711265 2.015552265534788
6882 0.08051076235329103 2.015540766730121
6883 0.08049261576506445 2.015529063691218
6884 0.08047444185208714 2.015517300405699
6885 0.08045627997158349 2.015505378182171
6886 0.08043816950955736 2.015493449686836
6887 0.08042007376227174 2.015481396265077
6888 0.08040200701097557 2.015469327856873
6889 0.0803837318230148 2.015457140842161
6890 0.08036577650329742 2.015444739896123
6891 0.08034737336205322 2.015432234128207
6892 0.08032961708229854 2.015419732627393
6893 0.08031133189348869 2.015407169564367
6894 0.08029353286765051 2.015394520832433
6895 0.08027521859256417 2.015381762608061
6896 0.08025743743816184 2.015368927482041
6897 0.0802391618793161 2.015356011014917
6898 0.08022140075606109 2.01534302226955
6899 0.08020309981115994 2.015329923201893
6900 0.08018531623814773 2.015316735388213
6901 0.08016704752581984 2.015303452080943
6902 0.08014930346643456 2.015290117081729
6903 0.08013106669414563 2.015276682297406
6904 0.0801132909590197 2.015263177300752
6905 0.08009503753516255 2.015249545957728
6906 0.08007729443197688 2.015235867706051
6907 0.08005908801879433 2.015222089758686
6908 0.08004137468109675 2.015208271428695
6909 0.0800231421876272 2.015194313658569
6910 0.08000541493660095 2.015180309604692
6911 0.07998721300119034 2.015166168305575
6912 0.07996953668561151 2.015152034256621
6913 0.0799513679701029 2.015137744667512
6914 0.07993366652016702 2.015123449937535
6915 0.07991548095509055 2.015108956709992
6916 0.07989839652212767 2.015095006653616
6917 0.07987969244940298 2.015080069724174
6918 0.07986194208169103 2.015065241106044
6919 0.07984406093680343 2.015050611854106
6920 0.07982614308668008 2.015035604053942
6921 0.07980829646346231 2.015020827676211
6922 0.0797903979878446 2.01500566059038
6923 0.07977253952753324 2.014990684031251
6924 0.07975463533997763 2.014975356105888
6925 0.07973679408102038 2.014960224602554
6926 0.07971890481697273 2.014944713592263
6927 0.07970108595876414 2.014929406061297
6928 0.07968324979250334 2.014913767964424
6929 0.07966543565959022 2.01489832574203
6930 0.07964756553415776 2.014882490525702
6931 0.07962975968342768 2.014866839673425
6932 0.07961255933277334 2.014851468896595
6933 0.07959391479873414 2.014835019221044
6934 0.07957685568000525 2.014819471801141
6935 0.07955857956553201 2.014803187431164
6936 0.07954065619706067 2.014786663408662
6937 0.07952291968457822 2.014770460074787
6938 0.07950576831522442 2.01475460922264
6939 0.07948715268083631 2.014737636770478
6940 0.07947015245752424 2.014721624818548
6941 0.07945194898847364 2.014704855733975
6942 0.0794346966654399 2.014688488114688
6943 0.07941646109807135 2.014671465047849
6944 0.07939915374307337 2.014654869655907
6945 0.07938061502040772 2.014637300149594
6946 0.07936369568016416 2.014620826643901
6947 0.07934523536152967 2.014603200670122
6948 0.07932829020023993 2.014586569180034
6949 0.07931016656608982 2.014569170852617
6950 0.07929233396070701 2.014551530433843
6951 0.07927472567705651 2.01453421700601
6952 0.07925767926073018 2.014517295478972
6953 0.07923919689084459 2.014499122419195
6954 0.07922227139791921 2.014482041294842
6955 0.07920384803658582 2.014463718995113
6956 0.07918695637496649 2.014446480604372
6957 0.07916857981552274 2.014428014582375
6958 0.07915171480650345 2.014410643470051
6959 0.07913363792317099 2.014392375911791
6960 0.07911586484608002 2.014373919625819
6961 0.07909830514603748 2.014355755360441
6962 0.07908131192310835 2.01433803997979
6963 0.07906290686014046 2.014319007819345
6964 0.07904604629980927 2.014301160904329
6965 0.07902769126216236 2.014281979171435
6966 0.07901085608598064 2.01426396677669
6967 0.07899255438809769 2.014244647756009
6968 0.07897575693917355 2.014226518374127
6969 0.07895775456979126 2.014207415268268
6970 0.07894004828523649 2.014188160327034
6971 0.0789225646749714 2.014169188938567
6972 0.07890563778467354 2.014150707781702
6973 0.07888730941776903 2.014130826837201
6974 0.07887051357594753 2.014112219942135
6975 0.07885254866525633 2.014092580005129
6976 0.07883548821510374 2.014073538731886
6977 0.07881749998311305 2.014053625567062
6978 0.07880044534657642 2.014034391866131
6979 0.07878246569717168 2.014014319908188
6980 0.07876539907893536 2.013994906642809
6981 0.07874747093438701 2.013974680712659
6982 0.07873044705125162 2.013955136819965
6983 0.07871225272073513 2.013934389881511
6984 0.07869555184684962 2.013915042002192
6985 0.07867734932745946 2.013894169458069
6986 0.07866061118603454 2.013874601894362
6987 0.07864281880898517 2.013854045507824
6988 0.07862584743929557 2.013834115704806
6989 0.07860795366168077 2.013813260934276
6990 0.07859093228601953 2.013793066064082
6991 0.0785730978751555 2.013772044753545
6992 0.07855611270259932 2.013751699943811
6993 0.07853801961044918 2.013730149308747
6994 0.07852136591547298 2.013710028573699
6995 0.07850324886805972 2.013688331880193
6996 0.07848655859061442 2.013667986927507
6997 0.07846884442837788 2.013646611575584
6998 0.07845192601328135 2.013625898967333
6999 0.07843410843120381 2.013604220227927
7000 0.0784171403287796 2.013583243257127
