pool_index,key,family,code,re,aoa_deg,max_camber,x_max_camber,max_thickness,x_max_thickness,sigma_cd,fsc,l_sym,z_sigma_cd,z_fsc,z_l_sym,acq_score,var_score,acq_rank,selected_acquisition,selected_variance,selected_random
0,naca40010_re2e+06_a-6,naca4,0010,2e+06,-6,0,0,0.100012,0.2995,0.00438234,4.24545e-05,1.68681,-0.746504,-0.996743,0.871701,-0.871547,-0.746504,429,0,0,0
1,naca40010_re2e+06_a+0,naca4,0010,2e+06,0,0,0,0.100012,0.2995,0.0100734,0.0155346,1.51636,-0.656096,-0.617969,0.534971,-0.739094,-0.656096,410,0,0,0
2,naca40010_re2e+06_a+6,naca4,0010,2e+06,6,0,0,0.100012,0.2995,0.00857572,0.00392589,1.26005,-0.679888,-0.901796,0.0286066,-1.55308,-0.679888,546,0,0,0
3,naca40010_re2e+06_a+12,naca4,0010,2e+06,12,0,0,0.100012,0.2995,0.0601635,0.0266805,1.12593,0.139642,-0.345459,-0.236362,-0.442179,0.139642,352,0,0,0
4,naca40010_re2e+06_a+18,naca4,0010,2e+06,18,0,0,0.100012,0.2995,0.162835,0.053489,1.07126,1.7707,0.30999,-0.344371,1.73632,1.7707,64,0,0,0
5,naca40010_re3e+06_a-6,naca4,0010,3e+06,-6,0,0,0.100012,0.2995,0.00177163,0.0104202,2.3678,-0.787979,-0.743015,2.21704,0.686047,-0.787979,189,0,0,0
6,naca40010_re3e+06_a+0,naca4,0010,3e+06,0,0,0,0.100012,0.2995,0.00711444,0.0234908,2.20982,-0.703102,-0.423447,1.90494,0.778394,-0.703102,161,0,0,0
7,naca40010_re3e+06_a+6,naca4,0010,3e+06,6,0,0,0.100012,0.2995,0.0123391,0.00220934,1.55077,-0.620103,-0.943764,0.60295,-0.960917,-0.620103,442,0,0,0
8,naca40010_re3e+06_a+12,naca4,0010,3e+06,12,0,0,0.100012,0.2995,0.0740855,0.0212036,1.12665,0.360808,-0.479367,-0.234941,-0.353499,0.360808,347,0,0,0
9,naca40010_re3e+06_a+18,naca4,0010,3e+06,18,0,0,0.100012,0.2995,0.195354,0.124412,0.933049,2.28729,2.04402,-0.617413,3.71389,2.28729,19,1,1,0
10,naca40010_re4e+06_a-6,naca4,0010,4e+06,-6,0,0,0.100012,0.2995,0.00261616,0.0187442,2.49288,-0.774562,-0.539498,2.46416,1.15011,-0.774562,91,0,0,0
11,naca40010_re4e+06_a+0,naca4,0010,4e+06,0,0,0,0.100012,0.2995,0.00575661,0.0278067,2.27324,-0.724673,-0.317926,2.03024,0.987645,-0.724673,117,0,0,0
12,naca40010_re4e+06_a+6,naca4,0010,4e+06,6,0,0,0.100012,0.2995,0.0171761,0.0101563,1.34886,-0.54326,-0.749466,0.204056,-1.08867,-0.54326,466,0,0,0
13,naca40010_re4e+06_a+12,naca4,0010,4e+06,12,0,0,0.100012,0.2995,0.0774914,0.0634494,0.948585,0.414916,0.553517,-0.58672,0.381713,0.414916,247,0,0,0
14,naca40010_re4e+06_a+18,naca4,0010,4e+06,18,0,0,0.100012,0.2995,0.208705,0.157187,0.81872,2.4994,2.84535,-0.843278,4.50147,2.4994,10,0,0,0
15,naca40010_re5e+06_a-6,naca4,0010,5e+06,-6,0,0,0.100012,0.2995,0.0023154,0.0268757,2.21385,-0.77934,-0.340689,1.91292,0.792887,-0.77934,157,0,0,0
16,naca40010_re5e+06_a+0,naca4,0010,5e+06,0,0,0,0.100012,0.2995,0.00445157,0.0306742,1.76628,-0.745405,-0.247817,1.02871,0.0354858,-0.745405,305,0,0,0
17,naca40010_re5e+06_a+6,naca4,0010,5e+06,6,0,0,0.100012,0.2995,0.0200337,0.0154738,1.05872,-0.497866,-0.619458,-0.36913,-1.48645,-0.497866,531,0,0,0
18,naca40010_re5e+06_a+12,naca4,0010,5e+06,12,0,0,0.100012,0.2995,0.0860002,0.0949783,0.816609,0.550087,1.32438,-0.847449,1.02702,0.550087,111,0,0,0
19,naca40010_re5e+06_a+18,naca4,0010,5e+06,18,0,0,0.100012,0.2995,0.202187,0.220168,0.778304,2.39585,4.38519,-0.923122,5.85792,2.39585,4,0,0,0
20,naca40010_re6e+06_a-6,naca4,0010,6e+06,-6,0,0,0.100012,0.2995,0.005714,0.0355231,1.98468,-0.72535,-0.129265,1.46017,0.605551,-0.72535,207,0,0,0
21,naca40010_re6e+06_a+0,naca4,0010,6e+06,0,0,0,0.100012,0.2995,0.00380213,0.0321268,1.31854,-0.755722,-0.212302,0.144158,-0.823866,-0.755722,420,0,0,0
22,naca40010_re6e+06_a+6,naca4,0010,6e+06,6,0,0,0.100012,0.2995,0.0215009,0.0277781,0.846287,-0.474557,-0.318625,-0.788817,-1.582,-0.474557,551,0,0,0
23,naca40010_re6e+06_a+12,naca4,0010,6e+06,12,0,0,0.100012,0.2995,0.0960793,0.117506,0.753325,0.710204,1.87516,-0.97247,1.6129,0.710204,72,0,0,0
24,naca40010_re6e+06_a+18,naca4,0010,6e+06,18,0,0,0.100012,0.2995,0.197765,0.288306,0.758114,2.32559,6.05111,-0.96301,7.41369,2.32559,1,0,1,0
25,naca40010_re7e+06_a-6,naca4,0010,7e+06,-6,0,0,0.100012,0.2995,0.00927916,0.0408063,1.81893,-0.668713,-9.38519e-05,1.13272,0.463916,-0.668713,234,0,0,0
26,naca40010_re7e+06_a+0,naca4,0010,7e+06,0,0,0,0.100012,0.2995,0.00351217,0.0296627,0.98164,-0.760328,-0.272547,-0.521418,-1.55429,-0.760328,547,0,0,0
27,naca40010_re7e+06_a+6,naca4,0010,7e+06,6,0,0,0.100012,0.2995,0.0184976,0.0335754,0.706899,-0.522268,-0.176885,-1.06419,-1.76334,-0.522268,566,0,0,1
28,naca40010_re7e+06_a+12,naca4,0010,7e+06,12,0,0,0.100012,0.2995,0.107722,0.125655,0.724012,0.895167,2.0744,-1.03038,1.93919,0.895167,56,0,0,0
29,naca40010_re7e+06_a+18,naca4,0010,7e+06,18,0,0,0.100012,0.2995,0.170731,0.311813,0.744729,1.89613,6.62585,-0.989452,7.53252,1.89613,0,1,0,0
30,naca40012_re2e+06_a-6,naca4,0012,2e+06,-6,0,0,0.120014,0.2995,0.00515866,0.00275864,1.63299,-0.734172,-0.930334,0.76538,-0.899127,-0.734172,432,0,0,0
31,naca40012_re2e+06_a+0,naca4,0012,2e+06,0,0,0,0.120014,0.2995,0.0124423,0.0220207,1.46227,-0.618463,-0.459389,0.428097,-0.649755,-0.618463,387,0,0,0
32,naca40012_re2e+06_a+6,naca4,0012,2e+06,6,0,0,0.120014,0.2995,0.0075999,0.00356836,1.23326,-0.69539,-0.910537,-0.0243306,-1.63026,-0.69539,556,0,0,0
33,naca40012_re2e+06_a+12,naca4,0012,2e+06,12,0,0,0.120014,0.2995,0.057939,0.0499682,1.12465,0.104302,0.223909,-0.238889,0.0893217,0.104302,288,0,0,0
34,naca40012_re2e+06_a+18,naca4,0012,2e+06,18,0,0,0.120014,0.2995,0.155807,0.0101501,1.07523,1.65905,-0.749618,-0.336521,0.57291,1.65905,216,0,0,0
35,naca40012_re3e+06_a-6,naca4,0012,3e+06,-6,0,0,0.120014,0.2995,0.00403215,0.0127871,2.26549,-0.752068,-0.685144,2.01494,0.577725,-0.752068,213,0,0,0
36,naca40012_re3e+06_a+0,naca4,0012,3e+06,0,0,0,0.120014,0.2995,0.00920725,0.0301232,2.05765,-0.669855,-0.261288,1.60432,0.673175,-0.669855,192,0,0,0
37,naca40012_re3e+06_a+6,naca4,0012,3e+06,6,0,0,0.120014,0.2995,0.0101933,0.00164772,1.51441,-0.654191,-0.957496,0.531111,-1.08058,-0.654191,464,0,0,0
38,naca40012_re3e+06_a+12,naca4,0012,3e+06,12,0,0,0.120014,0.2995,0.071027,0.0160582,1.13385,0.312222,-0.605168,-0.220717,-0.513664,0.312222,362,0,0,0
39,naca40012_re3e+06_a+18,naca4,0012,3e+06,18,0,0,0.120014,0.2995,0.184666,0.046264,0.943399,2.11751,0.133345,-0.596965,1.65389,2.11751,69,0,0,0
40,naca40012_re4e+06_a-6,naca4,0012,4e+06,-6,0,0,0.120014,0.2995,0.00446559,0.0212323,2.3722,-0.745182,-0.478664,2.22574,1.00189,-0.745182,115,0,0,0
41,naca40012_re4e+06_a+0,naca4,0012,4e+06,0,0,0,0.120014,0.2995,0.00771218,0.0344481,2.06284,-0.693606,-0.155546,1.61458,0.765424,-0.693606,163,0,0,0
42,naca40012_re4e+06_a+6,naca4,0012,4e+06,6,0,0,0.120014,0.2995,0.0143036,0.00885542,1.33028,-0.588894,-0.781272,0.167347,-1.20282,-0.588894,485,0,0,0
43,naca40012_re4e+06_a+12,naca4,0012,4e+06,12,0,0,0.120014,0.2995,0.0752851,0.0202745,0.953441,0.379865,-0.502082,-0.577125,-0.699342,0.379865,398,0,0,0
44,naca40012_re4e+06_a+18,naca4,0012,4e+06,18,0,0,0.120014,0.2995,0.20497,0.0757993,0.824903,2.44006,0.855463,-0.831063,2.46446,2.44006,37,0,0,0
45,naca40012_re5e+06_a-6,naca4,0012,5e+06,-6,0,0,0.120014,0.2995,0.00266965,0.0293679,2.09368,-0.773712,-0.279754,1.6755,0.622033,-0.773712,203,0,0,0
46,naca40012_re5e+06_a+0,naca4,0012,5e+06,0,0,0,0.120014,0.2995,0.00606619,0.0374082,1.60499,-0.719755,-0.0831753,0.710069,-0.092861,-0.719755,324,0,0,0
47,naca40012_re5e+06_a+6,naca4,0012,5e+06,6,0,0,0.120014,0.2995,0.0186708,0.0113953,1.03513,-0.519516,-0.719174,-0.415744,-1.65443,-0.519516,559,0,0,0
48,naca40012_re5e+06_a+12,naca4,0012,5e+06,12,0,0,0.120014,0.2995,0.0824096,0.0505504,0.81887,0.493046,0.238144,-0.842982,-0.111792,0.493046,325,0,0,0
49,naca40012_re5e+06_a+18,naca4,0012,5e+06,18,0,0,0.120014,0.2995,0.213532,0.125621,0.778932,2.57608,2.07358,-0.921882,3.72778,2.57608,18,0,0,0
50,naca40012_re6e+06_a-6,naca4,0012,6e+06,-6,0,0,0.120014,0.2995,0.00295325,0.0377869,1.86349,-0.769207,-0.073915,1.22074,0.377619,-0.769207,248,0,0,0
51,naca40012_re6e+06_a+0,naca4,0012,6e+06,0,0,0,0.120014,0.2995,0.00523582,0.0387528,1.20837,-0.732946,-0.0503002,-0.0734901,-0.856736,-0.732946,427,0,0,0
52,naca40012_re6e+06_a+6,naca4,0012,6e+06,6,0,0,0.120014,0.2995,0.0200732,0.0211402,0.820895,-0.497238,-0.480918,-0.838982,-1.81714,-0.497238,569,0,0,0
53,naca40012_re6e+06_a+12,naca4,0012,6e+06,12,0,0,0.120014,0.2995,0.0907522,0.0711824,0.751168,0.625579,0.742584,-0.976733,0.39143,0.625579,245,0,0,0
54,naca40012_re6e+06_a+18,naca4,0012,6e+06,18,0,0,0.120014,0.2995,0.219072,0.196685,0.756531,2.66408,3.81105,-0.966138,5.50899,2.66408,5,0,0,0
55,naca40012_re7e+06_a-6,naca4,0012,7e+06,-6,0,0,0.120014,0.2995,0.00642427,0.042906,1.72751,-0.714066,0.051244,0.952117,0.289295,-0.714066,259,0,0,0
56,naca40012_re7e+06_a+0,naca4,0012,7e+06,0,0,0,0.120014,0.2995,0.00432311,0.0356878,0.90412,-0.747445,-0.125238,-0.674564,-1.54725,-0.747445,544,0,0,0
57,naca40012_re7e+06_a+6,naca4,0012,7e+06,6,0,0,0.120014,0.2995,0.0179953,0.0273771,0.680635,-0.530247,-0.328427,-1.11608,-1.97475,-0.530247,578,0,0,0
58,naca40012_re7e+06_a+12,naca4,0012,7e+06,12,0,0,0.120014,0.2995,0.106256,0.0760644,0.723292,0.871877,0.861946,-1.0318,0.70202,0.871877,183,0,0,0
59,naca40012_re7e+06_a+18,naca4,0012,7e+06,18,0,0,0.120014,0.2995,0.189885,0.237335,0.742846,2.20041,4.80492,-0.993173,6.01215,2.20041,3,0,0,0
60,naca40015_re2e+06_a-6,naca4,0015,2e+06,-6,0,0,0.150018,0.2995,0.00835698,0.0082795,1.53658,-0.683363,-0.795353,0.574918,-0.903798,-0.683363,433,0,0,0
61,naca40015_re2e+06_a+0,naca4,0015,2e+06,0,0,0,0.150018,0.2995,0.016371,0.0316655,1.37201,-0.556051,-0.223579,0.249785,-0.529845,-0.556051,369,0,0,0
62,naca40015_re2e+06_a+6,naca4,0015,2e+06,6,0,0,0.150018,0.2995,0.011992,0.00101685,1.19268,-0.625616,-0.97292,-0.104488,-1.70302,-0.625616,562,0,0,0
63,naca40015_re2e+06_a+12,naca4,0015,2e+06,12,0,0,0.150018,0.2995,0.0489692,0.075513,1.11742,-0.0381915,0.848463,-0.253169,0.557103,-0.0381915,222,0,0,0
64,naca40015_re2e+06_a+18,naca4,0015,2e+06,18,0,0,0.150018,0.2995,0.144283,0.0849743,1.07851,1.47598,1.07979,-0.330046,2.22572,1.47598,46,0,0,0
65,naca40015_re3e+06_a-6,naca4,0015,3e+06,-6,0,0,0.150018,0.2995,0.00715441,0.0181164,2.0989,-0.702467,-0.554848,1.68582,0.428507,-0.702467,241,0,0,0
66,naca40015_re3e+06_a+0,naca4,0015,3e+06,0,0,0,0.150018,0.2995,0.0128992,0.0408517,1.85487,-0.611205,0.00101726,1.20371,0.593522,-0.611205,210,0,0,0
67,naca40015_re3e+06_a+6,naca4,0015,3e+06,6,0,0,0.150018,0.2995,0.0106627,0.00334772,1.45916,-0.646734,-0.915932,0.42197,-1.1407,-0.646734,473,0,0,0
68,naca40015_re3e+06_a+12,naca4,0015,3e+06,12,0,0,0.150018,0.2995,0.0659586,0.0574578,1.14247,0.231703,0.407024,-0.203682,0.435045,0.231703,240,0,0,0
69,naca40015_re3e+06_a+18,naca4,0015,3e+06,18,0,0,0.150018,0.2995,0.174581,0.049637,0.956332,1.95729,0.215813,-0.571415,1.60168,1.95729,74,0,0,0
70,naca40015_re4e+06_a-6,naca4,0015,4e+06,-6,0,0,0.150018,0.2995,0.00725036,0.0266854,2.1694,-0.700943,-0.345339,1.82509,0.77881,-0.700943,160,0,0,0
71,naca40015_re4e+06_a+0,naca4,0015,4e+06,0,0,0,0.150018,0.2995,0.0110325,0.0448994,1.80107,-0.640859,0.0999795,1.09744,0.55656,-0.640859,223,0,0,0
72,naca40015_re4e+06_a+6,naca4,0015,4e+06,6,0,0,0.150018,0.2995,0.0117731,0.00992249,1.28885,-0.629094,-0.755183,0.0854944,-1.29878,-0.629094,499,0,0,0
73,naca40015_re4e+06_a+12,naca4,0015,4e+06,12,0,0,0.150018,0.2995,0.0733976,0.0289244,0.955177,0.34988,-0.290599,-0.573696,-0.514415,0.34988,363,0,0,0
74,naca40015_re4e+06_a+18,naca4,0015,4e+06,18,0,0,0.150018,0.2995,0.199189,0.0212738,0.831024,2.34821,-0.477651,-0.818971,1.05159,2.34821,105,0,0,0
75,naca40015_re5e+06_a-6,naca4,0015,5e+06,-6,0,0,0.150018,0.2995,0.00546962,0.0350319,1.8761,-0.729232,-0.141273,1.24566,0.375154,-0.729232,249,0,0,0
76,naca40015_re5e+06_a+0,naca4,0015,5e+06,0,0,0,0.150018,0.2995,0.00872947,0.0473472,1.39407,-0.677445,0.159828,0.293379,-0.224239,-0.677445,340,0,0,0
77,naca40015_re5e+06_a+6,naca4,0015,5e+06,6,0,0,0.150018,0.2995,0.017224,0.0103503,0.992985,-0.5425,-0.744723,-0.499003,-1.78623,-0.5425,567,0,0,0
78,naca40015_re5e+06_a+12,naca4,0015,5e+06,12,0,0,0.150018,0.2995,0.0775306,9.44704e-05,0.812812,0.415538,-0.995472,-0.85495,-1.43488,0.415538,517,0,0,0
79,naca40015_re5e+06_a+18,naca4,0015,5e+06,18,0,0,0.150018,0.2995,0.221106,0.0123646,0.77586,2.69639,-0.695474,-0.927951,1.07297,2.69639,101,0,0,0
80,naca40015_re6e+06_a-6,naca4,0015,6e+06,-6,0,0,0.150018,0.2995,0.00251827,0.042509,1.64112,-0.776117,0.0415357,0.781435,0.0468531,-0.776117,303,0,0,0
81,naca40015_re6e+06_a+0,naca4,0015,6e+06,0,0,0,0.150018,0.2995,0.00748676,0.048181,1.05741,-0.697187,0.180214,-0.37172,-0.888693,-0.697187,431,0,0,0
82,naca40015_re6e+06_a+6,naca4,0015,6e+06,6,0,0,0.150018,0.2995,0.0193996,0.0168571,0.778699,-0.507938,-0.585635,-0.922343,-2.01592,-0.507938,584,0,0,0
83,naca40015_re6e+06_a+12,naca4,0015,6e+06,12,0,0,0.150018,0.2995,0.0836392,0.0216217,0.735909,0.51258,-0.469145,-1.00688,-0.963443,0.51258,444,0,0,0
84,naca40015_re6e+06_a+18,naca4,0015,6e+06,18,0,0,0.150018,0.2995,0.240382,0.0766055,0.751223,3.00262,0.875175,-0.976623,2.90117,3.00262,29,1,1,0
85,naca40015_re7e+06_a-6,naca4,0015,7e+06,-6,0,0,0.150018,0.2995,0.00352919,0.0465551,1.53832,-0.760058,0.140461,0.57834,-0.041257,-0.760058,315,0,0,0
86,naca40015_re7e+06_a+0,naca4,0015,7e+06,0,0,0,0.150018,0.2995,0.00559604,0.0441749,0.802345,-0.727224,0.0822681,-0.875627,-1.52058,-0.727224,539,0,0,0
87,naca40015_re7e+06_a+6,naca4,0015,7e+06,6,0,0,0.150018,0.2995,0.0180467,0.0223604,0.637751,-0.52943,-0.451083,-1.2008,-2.18131,-0.52943,594,0,0,0
88,naca40015_re7e+06_a+12,naca4,0015,7e+06,12,0,0,0.150018,0.2995,0.103486,0.020829,0.708414,0.827869,-0.488526,-1.0612,-0.721852,0.827869,407,0,0,0
89,naca40015_re7e+06_a+18,naca4,0015,7e+06,18,0,0,0.150018,0.2995,0.223346,0.129769,0.736619,2.73197,2.17498,-1.00548,3.90148,2.73197,14,0,0,0
90,naca42410_re2e+06_a-6,naca4,2410,2e+06,-6,0.02,0.4,0.100012,0.2995,0.010088,0.00556296,1.69958,-0.655863,-0.86177,0.896928,-0.620706,-0.655863,377,0,0,0
91,naca42410_re2e+06_a+0,naca4,2410,2e+06,0,0.02,0.4,0.100012,0.2995,0.0113496,0.0136339,1.53501,-0.635822,-0.664442,0.571814,-0.72845,-0.635822,408,0,0,0
92,naca42410_re2e+06_a+6,naca4,2410,2e+06,6,0.02,0.4,0.100012,0.2995,0.00684471,0.0122102,1.26901,-0.707387,-0.69925,0.0463118,-1.36032,-0.707387,503,0,0,0
93,naca42410_re2e+06_a+12,naca4,2410,2e+06,12,0.02,0.4,0.100012,0.2995,0.0449256,0.0544072,1.10779,-0.102429,0.33244,-0.272206,-0.0421961,-0.102429,316,0,0,0
94,naca42410_re2e+06_a+18,naca4,2410,2e+06,18,0.02,0.4,0.100012,0.2995,0.12965,0.0119711,1.06525,1.24351,-0.705097,-0.356231,0.182183,1.24351,274,0,0,1
95,naca42410_re3e+06_a-6,naca4,2410,3e+06,-6,0.02,0.4,0.100012,0.2995,0.007661,0.00331312,2.36318,-0.694419,-0.916778,2.20793,0.59673,-0.694419,209,0,0,0
96,naca42410_re3e+06_a+0,naca4,2410,3e+06,0,0.02,0.4,0.100012,0.2995,0.00775167,0.0217857,2.23663,-0.692979,-0.465135,1.95791,0.7998,-0.692979,155,0,0,0
97,naca42410_re3e+06_a+6,naca4,2410,3e+06,6,0.02,0.4,0.100012,0.2995,0.011883,0.00207012,1.52656,-0.627348,-0.947168,0.55511,-1.01941,-0.627348,454,0,0,0
98,naca42410_re3e+06_a+12,naca4,2410,3e+06,12,0.02,0.4,0.100012,0.2995,0.0551823,0.0192166,1.12347,0.0605106,-0.527946,-0.241214,-0.70865,0.0605106,402,0,0,0
99,naca42410_re3e+06_a+18,naca4,2410,3e+06,18,0.02,0.4,0.100012,0.2995,0.159706,0.0519388,0.937338,1.72099,0.272089,-0.608939,1.38414,1.72099,79,0,0,0
100,naca42410_re4e+06_a-6,naca4,2410,4e+06,-6,0.02,0.4,0.100012,0.2995,0.00578203,0.0104944,2.38935,-0.724269,-0.741199,2.25963,0.794159,-0.724269,156,0,0,0
101,naca42410_re4e+06_a+0,naca4,2410,4e+06,0,0.02,0.4,0.100012,0.2995,0.00619866,0.0263,2.28363,-0.71765,-0.354763,2.05076,0.978345,-0.71765,118,0,0,0
102,naca42410_re4e+06_a+6,naca4,2410,4e+06,6,0.02,0.4,0.100012,0.2995,0.0134922,0.00707259,1.32912,-0.601785,-0.824861,0.165067,-1.26158,-0.601785,492,0,0,0
103,naca42410_re4e+06_a+12,naca4,2410,4e+06,12,0.02,0.4,0.100012,0.2995,0.0592559,0.0219114,0.951088,0.125223,-0.462062,-0.581774,-0.918613,0.125223,435,0,0,0
104,naca42410_re4e+06_a+18,naca4,2410,4e+06,18,0.02,0.4,0.100012,0.2995,0.180331,0.096066,0.834011,2.04864,1.35097,-0.813068,2.58654,2.04864,32,0,0,0
105,naca42410_re5e+06_a-6,naca4,2410,5e+06,-6,0.02,0.4,0.100012,0.2995,0.00217364,0.0190588,2.04434,-0.781592,-0.531806,1.57803,0.26463,-0.781592,264,0,0,0
106,naca42410_re5e+06_a+0,naca4,2410,5e+06,0,0.02,0.4,0.100012,0.2995,0.00517732,0.0294062,1.77158,-0.733875,-0.278818,1.03916,0.0264705,-0.733875,306,0,0,0
107,naca42410_re5e+06_a+6,naca4,2410,5e+06,6,0.02,0.4,0.100012,0.2995,0.0134599,0.0118007,1.03833,-0.602297,-0.709261,-0.409412,-1.72097,-0.602297,563,0,0,0
108,naca42410_re5e+06_a+12,naca4,2410,5e+06,12,0.02,0.4,0.100012,0.2995,0.0683583,0.0592329,0.823012,0.269825,0.450427,-0.834799,-0.114547,0.269825,327,0,0,0
109,naca42410_re5e+06_a+18,naca4,2410,5e+06,18,0.02,0.4,0.100012,0.2995,0.177602,0.153093,0.793664,2.00528,2.74525,-0.892778,3.85776,2.00528,16,1,0,0
110,naca42410_re6e+06_a-6,naca4,2410,6e+06,-6,0.02,0.4,0.100012,0.2995,0.00530566,0.0285562,1.78842,-0.731837,-0.299601,1.07245,0.0410093,-0.731837,304,0,0,0
111,naca42410_re6e+06_a+0,naca4,2410,6e+06,0,0.02,0.4,0.100012,0.2995,0.00434138,0.0317193,1.31049,-0.747155,-0.222265,0.128252,-0.841168,-0.747155,422,0,0,0
112,naca42410_re6e+06_a+6,naca4,2410,6e+06,6,0.02,0.4,0.100012,0.2995,0.0153604,0.0217012,0.821964,-0.572106,-0.467202,-0.83687,-1.87618,-0.572106,572,0,0,0
113,naca42410_re6e+06_a+12,naca4,2410,6e+06,12,0.02,0.4,0.100012,0.2995,0.0799147,0.0896681,0.76184,0.453413,1.19455,-0.955649,0.692312,0.453413,185,0,0,0
114,naca42410_re6e+06_a+18,naca4,2410,6e+06,18,0.02,0.4,0.100012,0.2995,0.172913,0.217611,0.771185,1.9308,4.32268,-0.937187,5.31629,1.9308,6,0,0,0
115,naca42410_re7e+06_a-6,naca4,2410,7e+06,-6,0.02,0.4,0.100012,0.2995,0.0108224,0.0338715,1.59196,-0.644196,-0.169645,0.684326,-0.129515,-0.644196,331,0,0,0
116,naca42410_re7e+06_a+0,naca4,2410,7e+06,0,0.02,0.4,0.100012,0.2995,0.00315928,0.0305455,0.969693,-0.765934,-0.250963,-0.545019,-1.56192,-0.765934,548,0,0,0
117,naca42410_re7e+06_a+6,naca4,2410,7e+06,6,0.02,0.4,0.100012,0.2995,0.0138264,0.0295756,0.679504,-0.596475,-0.274677,-1.11831,-1.98946,-0.596475,582,0,0,0
118,naca42410_re7e+06_a+12,naca4,2410,7e+06,12,0.02,0.4,0.100012,0.2995,0.0931055,0.104156,0.736479,0.662963,1.54877,-1.00575,1.20598,0.662963,88,0,0,0
119,naca42410_re7e+06_a+18,naca4,2410,7e+06,18,0.02,0.4,0.100012,0.2995,0.161051,0.257147,0.754035,1.74235,5.28931,-0.971068,6.06059,1.74235,2,0,0,0
120,naca42412_re2e+06_a-6,naca4,2412,2e+06,-6,0.02,0.4,0.120014,0.2995,0.0104905,0.00265344,1.65909,-0.64947,-0.932907,0.816947,-0.76543,-0.64947,415,0,0,0
121,naca42412_re2e+06_a+0,naca4,2412,2e+06,0,0.02,0.4,0.120014,0.2995,0.0139595,0.0194356,1.48752,-0.59436,-0.522594,0.477987,-0.638966,-0.59436,385,0,0,0
122,naca42412_re2e+06_a+6,naca4,2412,2e+06,6,0.02,0.4,0.120014,0.2995,0.00969137,0.012924,1.24106,-0.662165,-0.681798,-0.00890588,-1.35287,-0.662165,502,0,0,0
123,naca42412_re2e+06_a+12,naca4,2412,2e+06,12,0.02,0.4,0.120014,0.2995,0.0396325,0.0720912,1.10431,-0.186516,0.764802,-0.279082,0.299203,-0.186516,257,0,0,0
124,naca42412_re2e+06_a+18,naca4,2412,2e+06,18,0.02,0.4,0.120014,0.2995,0.114021,0.0569192,1.06911,0.995232,0.393857,-0.34862,1.04047,0.995232,110,0,0,0
125,naca42412_re3e+06_a-6,naca4,2412,3e+06,-6,0.02,0.4,0.120014,0.2995,0.00708326,0.00613465,2.3054,-0.703597,-0.847793,2.09378,0.542389,-0.703597,224,0,0,0
126,naca42412_re3e+06_a+0,naca4,2412,3e+06,0,0.02,0.4,0.120014,0.2995,0.00987774,0.0281646,2.09885,-0.659204,-0.309175,1.68571,0.717335,-0.659204,177,0,0,0
127,naca42412_re3e+06_a+6,naca4,2412,3e+06,6,0.02,0.4,0.120014,0.2995,0.0119257,0.00341464,1.49079,-0.62667,-0.914296,0.484443,-1.05652,-0.62667,457,0,0,0
128,naca42412_re3e+06_a+12,naca4,2412,3e+06,12,0.02,0.4,0.120014,0.2995,0.051579,0.0476591,1.12913,0.00326673,0.167452,-0.230033,-0.0593139,0.00326673,318,0,0,0
129,naca42412_re3e+06_a+18,naca4,2412,3e+06,18,0.02,0.4,0.120014,0.2995,0.143746,0.00440539,0.945197,1.46744,-0.890072,-0.593414,-0.0160493,1.46744,311,0,0,0
130,naca42412_re4e+06_a-6,naca4,2412,4e+06,-6,0.02,0.4,0.120014,0.2995,0.0056126,0.0136548,2.35667,-0.72696,-0.663931,2.19507,0.80418,-0.72696,153,0,0,0
131,naca42412_re4e+06_a+0,naca4,2412,4e+06,0,0.02,0.4,0.120014,0.2995,0.00808203,0.0327248,2.08811,-0.687731,-0.19768,1.6645,0.779091,-0.687731,159,0,0,0
132,naca42412_re4e+06_a+6,naca4,2412,4e+06,6,0.02,0.4,0.120014,0.2995,0.0124875,0.0053096,1.30662,-0.617744,-0.867965,0.1206,-1.36511,-0.617744,505,0,0,0
133,naca42412_re4e+06_a+12,naca4,2412,4e+06,12,0.02,0.4,0.120014,0.2995,0.0581127,0.0127718,0.952606,0.107063,-0.685518,-0.578775,-1.15723,0.107063,476,0,0,0
134,naca42412_re4e+06_a+18,naca4,2412,4e+06,18,0.02,0.4,0.120014,0.2995,0.175425,0.0364868,0.833686,1.9707,-0.105702,-0.813711,1.05129,1.9707,106,0,0,0
135,naca42412_re5e+06_a-6,naca4,2412,5e+06,-6,0.02,0.4,0.120014,0.2995,0.00310492,0.0211939,2.02126,-0.766798,-0.479604,1.53243,0.286028,-0.766798,262,0,0,0
136,naca42412_re5e+06_a+0,naca4,2412,5e+06,0,0.02,0.4,0.120014,0.2995,0.00654884,0.0357832,1.62399,-0.712087,-0.122905,0.747598,-0.0873945,-0.712087,323,0,0,0
137,naca42412_re5e+06_a+6,naca4,2412,5e+06,6,0.02,0.4,0.120014,0.2995,0.0134791,0.00859499,1.00782,-0.601992,-0.787639,-0.469704,-1.85933,-0.601992,571,0,0,0
138,naca42412_re5e+06_a+12,naca4,2412,5e+06,12,0.02,0.4,0.120014,0.2995,0.0663857,0.0215898,0.816276,0.238489,-0.469923,-0.848107,-1.07954,0.238489,463,0,0,0
139,naca42412_re5e+06_a+18,naca4,2412,5e+06,18,0.02,0.4,0.120014,0.2995,0.187851,0.0817412,0.788456,2.1681,1.00074,-0.903066,2.26578,2.1681,44,0,0,0
140,naca42412_re6e+06_a-6,naca4,2412,6e+06,-6,0.02,0.4,0.120014,0.2995,0.00194141,0.0301929,1.7757,-0.785281,-0.259584,1.0473,0.00243813,-0.785281,309,0,0,0
141,naca42412_re6e+06_a+0,naca4,2412,6e+06,0,0.02,0.4,0.120014,0.2995,0.00543494,0.0379072,1.22163,-0.729783,-0.0709752,-0.0473056,-0.848064,-0.729783,423,0,0,0
142,naca42412_re6e+06_a+6,naca4,2412,6e+06,6,0.02,0.4,0.120014,0.2995,0.0155352,0.0160373,0.789149,-0.569329,-0.605679,-0.901697,-2.07671,-0.569329,588,0,0,0
143,naca42412_re6e+06_a+12,naca4,2412,6e+06,12,0.02,0.4,0.120014,0.2995,0.0763043,0.0508973,0.747399,0.396056,0.246625,-0.984178,-0.341497,0.396056,346,0,0,0
144,naca42412_re6e+06_a+18,naca4,2412,6e+06,18,0.02,0.4,0.120014,0.2995,0.187991,0.149216,0.766229,2.17033,2.65046,-0.946978,3.87381,2.17033,15,0,0,0
145,naca42412_re7e+06_a-6,naca4,2412,7e+06,-6,0.02,0.4,0.120014,0.2995,0.00703431,0.0352441,1.60578,-0.704375,-0.136085,0.711611,-0.128849,-0.704375,330,0,0,0
146,naca42412_re7e+06_a+0,naca4,2412,7e+06,0,0.02,0.4,0.120014,0.2995,0.00361055,0.0360309,0.910049,-0.758765,-0.116848,-0.66285,-1.53846,-0.758765,542,0,0,0
147,naca42412_re7e+06_a+6,naca4,2412,7e+06,6,0.02,0.4,0.120014,0.2995,0.0138963,0.0232984,0.646898,-0.595365,-0.42815,-1.18273,-2.20624,-0.595365,597,0,0,0
148,naca42412_re7e+06_a+12,naca4,2412,7e+06,12,0.02,0.4,0.120014,0.2995,0.0922876,0.0619908,0.723255,0.649969,0.517855,-1.03188,0.135948,0.649969,279,0,0,0
149,naca42412_re7e+06_a+18,naca4,2412,7e+06,18,0.02,0.4,0.120014,0.2995,0.17116,0.203477,0.749782,1.90295,3.97711,-0.979471,4.90059,1.90295,8,0,0,0
150,naca42415_re2e+06_a-6,naca4,2415,2e+06,-6,0.02,0.4,0.150018,0.2995,0.0129077,0.0040739,1.58412,-0.611069,-0.898177,0.668835,-0.840412,-0.611069,421,0,0,0
151,naca42415_re2e+06_a+0,naca4,2415,2e+06,0,0.02,0.4,0.150018,0.2995,0.017904,0.0291269,1.40379,-0.531698,-0.285646,0.312578,-0.504766,-0.531698,361,0,0,0
152,naca42415_re2e+06_a+6,naca4,2415,2e+06,6,0.02,0.4,0.150018,0.2995,0.0159804,0.0103622,1.19552,-0.562257,-0.744432,-0.0988822,-1.40557,-0.562257,508,0,0,0
153,naca42415_re2e+06_a+12,naca4,2415,2e+06,12,0.02,0.4,0.150018,0.2995,0.0324702,0.0861178,1.09884,-0.300297,1.10775,-0.289874,0.517574,-0.300297,227,0,0,0
154,naca42415_re2e+06_a+18,naca4,2415,2e+06,18,0.02,0.4,0.150018,0.2995,0.0977714,0.102278,1.0722,0.737085,1.50284,-0.342513,1.89741,0.737085,60,0,0,0
155,naca42415_re3e+06_a-6,naca4,2415,3e+06,-6,0.02,0.4,0.150018,0.2995,0.00713543,0.0133725,2.16944,-0.702769,-0.670833,1.82517,0.451564,-0.702769,237,0,0,0
156,naca42415_re3e+06_a+0,naca4,2415,3e+06,0,0.02,0.4,0.150018,0.2995,0.0136794,0.0384769,1.89812,-0.59881,-0.0570459,1.28916,0.633303,-0.59881,200,0,0,0
157,naca42415_re3e+06_a+6,naca4,2415,3e+06,6,0.02,0.4,0.150018,0.2995,0.0137458,0.00216089,1.42936,-0.597755,-0.944949,0.363084,-1.17962,-0.597755,482,0,0,0
158,naca42415_re3e+06_a+12,naca4,2415,3e+06,12,0.02,0.4,0.150018,0.2995,0.0455506,0.0747365,1.13302,-0.0925006,0.82948,-0.222351,0.514628,-0.0925006,228,0,0,0
159,naca42415_re3e+06_a+18,naca4,2415,3e+06,18,0.02,0.4,0.150018,0.2995,0.128218,0.0724801,0.948441,1.22077,0.774312,-0.587004,1.40808,1.22077,78,0,0,0
160,naca42415_re4e+06_a-6,naca4,2415,4e+06,-6,0.02,0.4,0.150018,0.2995,0.00594117,0.0211895,2.22348,-0.721741,-0.479712,1.93193,0.73048,-0.721741,171,0,0,0
161,naca42415_re4e+06_a+0,naca4,2415,4e+06,0,0.02,0.4,0.150018,0.2995,0.0113559,0.042929,1.83357,-0.635722,0.0518048,1.16163,0.577712,-0.635722,214,0,0,0
162,naca42415_re4e+06_a+6,naca4,2415,4e+06,6,0.02,0.4,0.150018,0.2995,0.0128314,0.00619445,1.25154,-0.612281,-0.846331,0.0117994,-1.44681,-0.612281,519,0,0,0
163,naca42415_re4e+06_a+12,naca4,2415,4e+06,12,0.02,0.4,0.150018,0.2995,0.0558825,0.0489178,0.941243,0.0716332,0.198228,-0.601224,-0.331363,0.0716332,344,0,0,0
164,naca42415_re4e+06_a+18,naca4,2415,4e+06,18,0.02,0.4,0.150018,0.2995,0.165366,0.0360214,0.820624,1.8109,-0.11708,-0.839516,0.8543,1.8109,135,0,0,0
165,naca42415_re5e+06_a-6,naca4,2415,5e+06,-6,0.02,0.4,0.150018,0.2995,0.00460489,0.0288663,1.91679,-0.742969,-0.29202,1.32604,0.291048,-0.742969,258,0,0,0
166,naca42415_re5e+06_a+0,naca4,2415,5e+06,0,0.02,0.4,0.150018,0.2995,0.00902384,0.0456599,1.42136,-0.672769,0.118575,0.347283,-0.206911,-0.672769,338,0,0,0
167,naca42415_re5e+06_a+6,naca4,2415,5e+06,6,0.02,0.4,0.150018,0.2995,0.0142095,0.00858222,0.947671,-0.590388,-0.787952,-0.588525,-1.96686,-0.590388,577,0,0,0
168,naca42415_re5e+06_a+12,naca4,2415,5e+06,12,0.02,0.4,0.150018,0.2995,0.0632825,0.0184006,0.790644,0.18919,-0.547899,-0.898744,-1.25745,0.18919,491,0,0,0
169,naca42415_re5e+06_a+18,naca4,2415,5e+06,18,0.02,0.4,0.150018,0.2995,0.194234,0.00253283,0.765509,2.26951,-0.935855,-0.9484,0.385251,2.26951,246,0,0,0
170,naca42415_re6e+06_a-6,naca4,2415,6e+06,-6,0.02,0.4,0.150018,0.2995,0.00209783,0.0363765,1.68689,-0.782797,-0.108398,0.871867,-0.0193273,-0.782797,312,0,0,0
171,naca42415_re6e+06_a+0,naca4,2415,6e+06,0,0.02,0.4,0.150018,0.2995,0.00748479,0.0471782,1.08613,-0.697219,0.155696,-0.314994,-0.856517,-0.697219,426,0,0,1
172,naca42415_re6e+06_a+6,naca4,2415,6e+06,6,0.02,0.4,0.150018,0.2995,0.0167795,0.0135191,0.733576,-0.549561,-0.667247,-1.01149,-2.2283,-0.549561,601,0,0,0
173,naca42415_re6e+06_a+12,naca4,2415,6e+06,12,0.02,0.4,0.150018,0.2995,0.0724251,0.0116458,0.709382,0.334432,-0.713049,-1.05928,-1.4379,0.334432,518,0,0,0
174,naca42415_re6e+06_a+18,naca4,2415,6e+06,18,0.02,0.4,0.150018,0.2995,0.207819,0.0493842,0.746841,2.48531,0.20963,-0.985281,1.70966,2.48531,65,0,0,0
175,naca42415_re7e+06_a-6,naca4,2415,7e+06,-6,0.02,0.4,0.150018,0.2995,0.0026446,0.0402387,1.55539,-0.77411,-0.0139715,0.61208,-0.176002,-0.77411,334,0,0,0
176,naca42415_re7e+06_a+0,naca4,2415,7e+06,0,0.02,0.4,0.150018,0.2995,0.00477403,0.0441905,0.815409,-0.740282,0.0826478,-0.849819,-1.50745,-0.740282,536,0,0,0
177,naca42415_re7e+06_a+6,naca4,2415,7e+06,6,0.02,0.4,0.150018,0.2995,0.0154289,0.0193451,0.597057,-0.571017,-0.524806,-1.28119,-2.37701,-0.571017,612,0,0,0
178,naca42415_re7e+06_a+12,naca4,2415,7e+06,12,0.02,0.4,0.150018,0.2995,0.0925766,0.0177094,0.685078,0.654561,-0.564797,-1.1073,-1.01753,0.654561,453,0,0,0
179,naca42415_re7e+06_a+18,naca4,2415,7e+06,18,0.02,0.4,0.150018,0.2995,0.191331,0.115218,0.735246,2.22339,1.81924,-1.00819,3.03444,2.22339,28,0,1,0
180,naca44410_re2e+06_a-6,naca4,4410,2e+06,-6,0.04,0.4,0.100012,0.2995,0.0150901,0.00996126,1.50459,-0.5764,-0.754235,0.51172,-0.818915,-0.5764,419,0,0,0
181,naca44410_re2e+06_a+0,naca4,4410,2e+06,0,0.04,0.4,0.100012,0.2995,0.0142338,0.0103394,1.38119,-0.590002,-0.74499,0.267919,-1.06707,-0.590002,460,0,0,0
182,naca44410_re2e+06_a+6,naca4,4410,2e+06,6,0.04,0.4,0.100012,0.2995,0.0152754,0.0243135,1.18039,-0.573456,-0.403332,-0.12877,-1.10556,-0.573456,470,0,0,0
183,naca44410_re2e+06_a+12,naca4,4410,2e+06,12,0.04,0.4,0.100012,0.2995,0.0539779,0.0899689,1.07402,0.0413775,1.2019,-0.338916,0.904363,0.0413775,128,0,0,0
184,naca44410_re2e+06_a+18,naca4,4410,2e+06,18,0.04,0.4,0.100012,0.2995,0.138975,0.0860761,1.0526,1.39165,1.10672,-0.381225,2.11715,1.39165,51,0,0,0
185,naca44410_re3e+06_a-6,naca4,4410,3e+06,-6,0.04,0.4,0.100012,0.2995,0.0121417,0.00142604,1.98631,-0.623239,-0.962916,1.46338,-0.122773,-0.623239,328,0,0,0
186,naca44410_re3e+06_a+0,naca4,4410,3e+06,0,0.04,0.4,0.100012,0.2995,0.0106301,0.019331,1.96051,-0.647252,-0.52515,1.41241,0.240009,-0.647252,269,0,0,0
187,naca44410_re3e+06_a+6,naca4,4410,3e+06,6,0.04,0.4,0.100012,0.2995,0.0171326,0.0107406,1.41098,-0.543953,-0.735181,0.326778,-0.952356,-0.543953,441,0,0,0
188,naca44410_re3e+06_a+12,naca4,4410,3e+06,12,0.04,0.4,0.100012,0.2995,0.0543757,0.0732025,1.10506,0.0476955,0.791973,-0.277593,0.562076,0.0476955,219,0,0,0
189,naca44410_re3e+06_a+18,naca4,4410,3e+06,18,0.04,0.4,0.100012,0.2995,0.140334,0.0418626,0.93703,1.41324,0.0257317,-0.609547,0.829427,1.41324,148,0,0,0
190,naca44410_re4e+06_a-6,naca4,4410,4e+06,-6,0.04,0.4,0.100012,0.2995,0.00974108,0.00439144,1.8614,-0.661375,-0.890413,1.21662,-0.335165,-0.661375,345,0,0,0
191,naca44410_re4e+06_a+0,naca4,4410,4e+06,0,0.04,0.4,0.100012,0.2995,0.00887548,0.0240773,2.00444,-0.675126,-0.409107,1.49921,0.414978,-0.675126,243,0,0,0
192,naca44410_re4e+06_a+6,naca4,4410,4e+06,6,0.04,0.4,0.100012,0.2995,0.0155463,0.000504018,1.22855,-0.569153,-0.985458,-0.0336278,-1.58824,-0.569153,552,0,0,0
193,naca44410_re4e+06_a+12,naca4,4410,4e+06,12,0.04,0.4,0.100012,0.2995,0.0480068,0.0324955,0.93915,-0.0534811,-0.203287,-0.605359,-0.862127,-0.0534811,428,0,0,0
194,naca44410_re4e+06_a+18,naca4,4410,4e+06,18,0.04,0.4,0.100012,0.2995,0.146857,0.00606368,0.838783,1.51686,-0.849528,-0.803641,-0.136311,1.51686,332,0,0,0
195,naca44410_re5e+06_a-6,naca4,4410,5e+06,-6,0.04,0.4,0.100012,0.2995,0.00615529,0.0129221,1.51144,-0.718339,-0.681843,0.525241,-0.874941,-0.718339,430,0,0,0
196,naca44410_re5e+06_a+0,naca4,4410,5e+06,0,0.04,0.4,0.100012,0.2995,0.00811857,0.0276519,1.5208,-0.68715,-0.32171,0.543727,-0.465133,-0.68715,356,0,0,0
197,naca44410_re5e+06_a+6,naca4,4410,5e+06,6,0.04,0.4,0.100012,0.2995,0.0119184,0.00507279,0.958968,-0.626785,-0.873755,-0.566206,-2.06675,-0.626785,587,0,0,0
198,naca44410_re5e+06_a+12,naca4,4410,5e+06,12,0.04,0.4,0.100012,0.2995,0.0507405,0.00960027,0.814397,-0.0100534,-0.763061,-0.851818,-1.62493,-0.0100534,555,0,0,0
199,naca44410_re5e+06_a+18,naca4,4410,5e+06,18,0.04,0.4,0.100012,0.2995,0.14639,0.0629736,0.797818,1.50944,0.541885,-0.884571,1.16675,1.50944,90,0,0,0
200,naca44410_re6e+06_a-6,naca4,4410,6e+06,-6,0.04,0.4,0.100012,0.2995,0.00466079,0.0216159,1.27941,-0.742081,-0.469286,0.0668421,-1.14453,-0.742081,474,0,0,0
201,naca44410_re6e+06_a+0,naca4,4410,6e+06,0,0.04,0.4,0.100012,0.2995,0.00636027,0.0310907,1.06842,-0.715083,-0.237632,-0.34997,-1.30269,-0.715083,500,0,0,0
202,naca44410_re6e+06_a+6,naca4,4410,6e+06,6,0.04,0.4,0.100012,0.2995,0.0117929,0.0134993,0.761691,-0.628779,-0.667732,-0.955944,-2.25246,-0.628779,603,0,0,0
203,naca44410_re6e+06_a+12,naca4,4410,6e+06,12,0.04,0.4,0.100012,0.2995,0.067028,0.0461451,0.755492,0.248692,0.130436,-0.968189,-0.58906,0.248692,372,0,0,0
204,naca44410_re6e+06_a+18,naca4,4410,6e+06,18,0.04,0.4,0.100012,0.2995,0.150365,0.119813,0.776338,1.57259,1.93157,-0.927007,2.57715,1.57259,33,0,0,0
205,naca44410_re7e+06_a-6,naca4,4410,7e+06,-6,0.04,0.4,0.100012,0.2995,0.0120872,0.0272501,1.14323,-0.624104,-0.331533,-0.202181,-1.15782,-0.624104,477,0,0,0
206,naca44410_re7e+06_a+0,naca4,4410,7e+06,0,0.04,0.4,0.100012,0.2995,0.00405968,0.03072,0.744619,-0.75163,-0.246697,-0.989669,-1.988,-0.75163,581,0,0,0
207,naca44410_re7e+06_a+6,naca4,4410,7e+06,6,0.04,0.4,0.100012,0.2995,0.0093223,0.0218886,0.637756,-0.668028,-0.46262,-1.20079,-2.33143,-0.668028,609,0,0,0
208,naca44410_re7e+06_a+12,naca4,4410,7e+06,12,0.04,0.4,0.100012,0.2995,0.0887331,0.0628261,0.734011,0.593503,0.538278,-1.01063,0.121153,0.593503,283,0,0,0
209,naca44410_re7e+06_a+18,naca4,4410,7e+06,18,0.04,0.4,0.100012,0.2995,0.158566,0.167579,0.758504,1.70288,3.09941,-0.96224,3.84005,1.70288,17,1,0,0
210,naca44412_re2e+06_a-6,naca4,4412,2e+06,-6,0.04,0.4,0.120014,0.2995,0.0165489,0.00853066,1.57032,-0.553225,-0.789212,0.641561,-0.700876,-0.553225,400,0,0,0
211,naca44412_re2e+06_a+0,naca4,4412,2e+06,0,0.04,0.4,0.120014,0.2995,0.0171063,0.0166628,1.42351,-0.54437,-0.590387,0.35154,-0.783216,-0.54437,417,0,0,0
212,naca44412_re2e+06_a+6,naca4,4412,2e+06,6,0.04,0.4,0.120014,0.2995,0.018009,0.0223052,1.19991,-0.53003,-0.452433,-0.0902106,-1.07267,-0.53003,461,0,0,0
213,naca44412_re2e+06_a+12,naca4,4412,2e+06,12,0.04,0.4,0.120014,0.2995,0.04027,0.0923069,1.07824,-0.176389,1.25906,-0.330569,0.752106,-0.176389,166,0,0,0
214,naca44412_re2e+06_a+18,naca4,4412,2e+06,18,0.04,0.4,0.120014,0.2995,0.100429,0.0973754,1.05902,0.779309,1.38299,-0.368554,1.79374,0.779309,61,0,0,0
215,naca44412_re3e+06_a-6,naca4,4412,3e+06,-6,0.04,0.4,0.120014,0.2995,0.0120171,0.0007098,2.12413,-0.625217,-0.980427,1.73567,0.130021,-0.625217,280,0,0,0
216,naca44412_re3e+06_a+0,naca4,4412,3e+06,0,0.04,0.4,0.120014,0.2995,0.012432,0.0260466,2.00415,-0.618627,-0.360958,1.49864,0.519052,-0.618627,226,0,0,0
217,naca44412_re3e+06_a+6,naca4,4412,3e+06,6,0.04,0.4,0.120014,0.2995,0.0177198,0.0103704,1.4187,-0.534623,-0.744231,0.34203,-0.936824,-0.534623,439,0,0,0
218,naca44412_re3e+06_a+12,naca4,4412,3e+06,12,0.04,0.4,0.120014,0.2995,0.0391967,0.0838005,1.10919,-0.193439,1.05109,-0.269439,0.588211,-0.193439,212,0,0,0
219,naca44412_re3e+06_a+18,naca4,4412,3e+06,18,0.04,0.4,0.120014,0.2995,0.115151,0.064381,0.932416,1.01318,0.576295,-0.618663,0.970815,1.01318,120,0,0,0
220,naca44412_re4e+06_a-6,naca4,4412,4e+06,-6,0.04,0.4,0.120014,0.2995,0.00964774,0.00504811,2.05495,-0.662858,-0.874358,1.599,0.0617824,-0.662858,298,0,0,0
221,naca44412_re4e+06_a+0,naca4,4412,4e+06,0,0.04,0.4,0.120014,0.2995,0.0106772,0.0304781,2.00277,-0.646503,-0.252611,1.4959,0.596785,-0.646503,208,0,0,0
222,naca44412_re4e+06_a+6,naca4,4412,4e+06,6,0.04,0.4,0.120014,0.2995,0.0149151,0.000829308,1.22363,-0.57918,-0.977505,-0.0433521,-1.60004,-0.57918,553,0,0,0
223,naca44412_re4e+06_a+12,naca4,4412,4e+06,12,0.04,0.4,0.120014,0.2995,0.0420945,0.0486473,0.927022,-0.147405,0.191614,-0.62932,-0.585111,-0.147405,371,0,0,0
224,naca44412_re4e+06_a+18,naca4,4412,4e+06,18,0.04,0.4,0.120014,0.2995,0.135937,0.0203289,0.819399,1.34339,-0.500753,-0.841937,0.000705345,1.34339,310,0,0,0
225,naca44412_re5e+06_a-6,naca4,4412,5e+06,-6,0.04,0.4,0.120014,0.2995,0.0069369,0.0124362,1.69106,-0.705922,-0.693725,0.880092,-0.519555,-0.705922,365,0,0,0
226,naca44412_re5e+06_a+0,naca4,4412,5e+06,0,0.04,0.4,0.120014,0.2995,0.009681,0.0338717,1.53023,-0.662329,-0.169641,0.562374,-0.269596,-0.662329,343,0,0,0
227,naca44412_re5e+06_a+6,naca4,4412,5e+06,6,0.04,0.4,0.120014,0.2995,0.012141,0.00365248,0.929562,-0.623249,-0.908481,-0.624301,-2.15603,-0.623249,593,0,0,0
228,naca44412_re5e+06_a+12,naca4,4412,5e+06,12,0.04,0.4,0.120014,0.2995,0.0492511,0.0100732,0.786183,-0.0337141,-0.751497,-0.907557,-1.69277,-0.0337141,561,0,0,0
229,naca44412_re5e+06_a+18,naca4,4412,5e+06,18,0.04,0.4,0.120014,0.2995,0.152181,0.0276241,0.775518,1.60144,-0.322389,-0.928626,0.350425,1.60144,251,0,0,0
230,naca44412_re6e+06_a-6,naca4,4412,6e+06,-6,0.04,0.4,0.120014,0.2995,0.00318485,0.0211959,1.44474,-0.765528,-0.479555,0.393471,-0.851613,-0.765528,424,0,0,0
231,naca44412_re6e+06_a+0,naca4,4412,6e+06,0,0.04,0.4,0.120014,0.2995,0.00779575,0.0368156,1.11207,-0.692279,-0.0976631,-0.263741,-1.05368,-0.692279,456,0,0,0
232,naca44412_re6e+06_a+6,naca4,4412,6e+06,6,0.04,0.4,0.120014,0.2995,0.0127255,0.0104788,0.722237,-0.613965,-0.741582,-1.03389,-2.38943,-0.613965,614,0,0,0
233,naca44412_re6e+06_a+12,naca4,4412,6e+06,12,0.04,0.4,0.120014,0.2995,0.0651521,0.0246374,0.716454,0.218891,-0.395413,-1.04531,-1.22183,0.218891,487,0,0,0
234,naca44412_re6e+06_a+18,naca4,4412,6e+06,18,0.04,0.4,0.120014,0.2995,0.168862,0.0853371,0.75756,1.86644,1.08866,-0.964104,1.991,1.86644,54,0,0,0
235,naca44412_re7e+06_a-6,naca4,4412,7e+06,-6,0.04,0.4,0.120014,0.2995,0.00853466,0.0248698,1.27614,-0.68054,-0.38973,0.0603863,-1.00988,-0.68054,451,0,0,0
236,naca44412_re7e+06_a+0,naca4,4412,7e+06,0,0.04,0.4,0.120014,0.2995,0.00438293,0.0357868,0.800276,-0.746495,-0.122816,-0.879716,-1.74903,-0.746495,565,0,0,0
237,naca44412_re7e+06_a+6,naca4,4412,7e+06,6,0.04,0.4,0.120014,0.2995,0.0100815,0.0176644,0.593032,-0.655967,-0.565898,-1.28914,-2.51101,-0.655967,622,0,0,0
238,naca44412_re7e+06_a+12,naca4,4412,7e+06,12,0.04,0.4,0.120014,0.2995,0.0884542,0.0392321,0.697138,0.589071,-0.0385821,-1.08347,-0.532983,0.589071,370,0,0,0
239,naca44412_re7e+06_a+18,naca4,4412,7e+06,18,0.04,0.4,0.120014,0.2995,0.170741,0.151101,0.742923,1.89629,2.69653,-0.993022,3.5998,1.89629,22,0,0,1
240,naca44415_re2e+06_a-6,naca4,4415,2e+06,-6,0.04,0.4,0.150018,0.2995,0.0167029,0.00212732,1.6193,-0.550778,-0.94577,0.738336,-0.758211,-0.550778,412,0,0,0
241,naca44415_re2e+06_a+0,naca4,4415,2e+06,0,0.04,0.4,0.150018,0.2995,0.0203177,0.0273928,1.4333,-0.493353,-0.328046,0.370875,-0.450523,-0.493353,354,0,0,1
242,naca44415_re2e+06_a+6,naca4,4415,2e+06,6,0.04,0.4,0.150018,0.2995,0.0230553,0.0174103,1.20095,-0.449863,-0.57211,-0.0881462,-1.11012,-0.449863,472,0,0,0
243,naca44415_re2e+06_a+12,naca4,4415,2e+06,12,0.04,0.4,0.150018,0.2995,0.02869,0.0950198,1.08186,-0.360349,1.32539,-0.323432,0.641611,-0.360349,198,0,0,0
244,naca44415_re2e+06_a+18,naca4,4415,2e+06,18,0.04,0.4,0.150018,0.2995,0.0695023,0.115922,1.06547,0.287999,1.83643,-0.355798,1.76863,0.287999,63,0,0,0
245,naca44415_re3e+06_a-6,naca4,4415,3e+06,-6,0.04,0.4,0.150018,0.2995,0.010336,0.00576716,2.22279,-0.651923,-0.856778,1.93057,0.421868,-0.651923,242,0,0,0
246,naca44415_re3e+06_a+0,naca4,4415,3e+06,0,0.04,0.4,0.150018,0.2995,0.0153286,0.0371093,1.96786,-0.572611,-0.090482,1.42694,0.763843,-0.572611,164,0,0,0
247,naca44415_re3e+06_a+6,naca4,4415,3e+06,6,0.04,0.4,0.150018,0.2995,0.0201179,0.00761325,1.40541,-0.496527,-0.811642,0.315774,-0.992395,-0.496527,448,0,0,0
248,naca44415_re3e+06_a+12,naca4,4415,3e+06,12,0.04,0.4,0.150018,0.2995,0.0341937,0.0971012,1.11285,-0.272917,1.37628,-0.262201,0.841164,-0.272917,143,0,0,0
249,naca44415_re3e+06_a+18,naca4,4415,3e+06,18,0.04,0.4,0.150018,0.2995,0.0969063,0.105286,0.924056,0.723343,1.5764,-0.635179,1.66456,0.723343,68,0,0,0
250,naca44415_re4e+06_a-6,naca4,4415,4e+06,-6,0.04,0.4,0.150018,0.2995,0.00912511,0.0127216,2.23071,-0.67116,-0.686746,1.94622,0.588315,-0.67116,211,0,0,0
251,naca44415_re4e+06_a+0,naca4,4415,4e+06,0,0.04,0.4,0.150018,0.2995,0.0136128,0.0407897,1.90947,-0.599868,-0.000499395,1.31158,0.711209,-0.599868,180,0,0,0
252,naca44415_re4e+06_a+6,naca4,4415,4e+06,6,0.04,0.4,0.150018,0.2995,0.0148767,0.000789279,1.1985,-0.57979,-0.978484,-0.0929967,-1.65127,-0.57979,558,0,0,0
253,naca44415_re4e+06_a+12,naca4,4415,4e+06,12,0.04,0.4,0.150018,0.2995,0.0480171,0.0713635,0.903006,-0.0533172,0.74701,-0.676765,0.0169284,-0.0533172,308,0,0,0
254,naca44415_re4e+06_a+18,naca4,4415,4e+06,18,0.04,0.4,0.150018,0.2995,0.13362,0.0658477,0.785431,1.30658,0.612153,-0.909043,1.00969,1.30658,113,0,0,0
255,naca44415_re5e+06_a-6,naca4,4415,5e+06,-6,0.04,0.4,0.150018,0.2995,0.00800389,0.0196396,1.89353,-0.688972,-0.517606,1.28009,0.0735157,-0.688972,294,0,0,0
256,naca44415_re5e+06_a+0,naca4,4415,5e+06,0,0.04,0.4,0.150018,0.2995,0.0119844,0.043599,1.47058,-0.625737,0.0681877,0.444531,-0.113019,-0.625737,326,0,0,0
257,naca44415_re5e+06_a+6,naca4,4415,5e+06,6,0.04,0.4,0.150018,0.2995,0.0111396,0.00447822,0.884964,-0.639157,-0.888292,-0.712407,-2.23986,-0.639157,602,0,0,0
258,naca44415_re5e+06_a+12,naca4,4415,5e+06,12,0.04,0.4,0.150018,0.2995,0.0570259,0.0370818,0.742375,0.0897975,-0.0911556,-0.994104,-0.995462,0.0897975,449,0,0,0
259,naca44415_re5e+06_a+18,naca4,4415,5e+06,18,0.04,0.4,0.150018,0.2995,0.165967,0.0217396,0.734742,1.82045,-0.466262,-1.00918,0.345002,1.82045,253,0,0,0
260,naca44415_re6e+06_a-6,naca4,4415,6e+06,-6,0.04,0.4,0.150018,0.2995,0.0056163,0.0269238,1.65497,-0.726902,-0.339513,0.808804,-0.25761,-0.726902,342,0,0,0
261,naca44415_re6e+06_a+0,naca4,4415,6e+06,0,0.04,0.4,0.150018,0.2995,0.00987734,0.0462026,1.11494,-0.65921,0.131844,-0.258065,-0.785431,-0.65921,418,0,0,0
262,naca44415_re6e+06_a+6,naca4,4415,6e+06,6,0.04,0.4,0.150018,0.2995,0.0115522,0.00924428,0.673916,-0.632604,-0.771765,-1.12935,-2.53372,-0.632604,623,0,0,0
263,naca44415_re6e+06_a+12,naca4,4415,6e+06,12,0.04,0.4,0.150018,0.2995,0.0641789,0.000978356,0.663939,0.20343,-0.973861,-1.14906,-1.91949,0.20343,574,0,0,0
264,naca44415_re6e+06_a+18,naca4,4415,6e+06,18,0.04,0.4,0.150018,0.2995,0.193359,0.0374629,0.723993,2.2556,-0.0818369,-1.03042,1.14335,2.2556,92,0,1,0
265,naca44415_re7e+06_a-6,naca4,4415,7e+06,-6,0.04,0.4,0.150018,0.2995,0.00512805,0.0292014,1.49294,-0.734658,-0.283827,0.488694,-0.52979,-0.734658,368,0,0,0
266,naca44415_re7e+06_a+0,naca4,4415,7e+06,0,0.04,0.4,0.150018,0.2995,0.00560658,0.0440358,0.832699,-0.727056,0.0788661,-0.815662,-1.46385,-0.727056,527,0,0,0
267,naca44415_re7e+06_a+6,naca4,4415,7e+06,6,0.04,0.4,0.150018,0.2995,0.0110057,0.0157067,0.551104,-0.641285,-0.613763,-1.37197,-2.62702,-0.641285,628,0,0,0
268,naca44415_re7e+06_a+12,naca4,4415,7e+06,12,0.04,0.4,0.150018,0.2995,0.0834048,0.0155664,0.64432,0.508856,-0.617192,-1.18782,-1.29616,0.508856,498,0,0,0
269,naca44415_re7e+06_a+18,naca4,4415,7e+06,18,0.04,0.4,0.150018,0.2995,0.185084,0.122147,0.71883,2.12414,1.98863,-1.04062,3.07216,2.12414,27,1,0,0
270,naca522012_re2e+06_a-6,naca5,22012,2e+06,-6,0.0153436,0.1,0.120014,0.2995,0.0105851,0.00677657,1.64492,-0.647967,-0.832099,0.788944,-0.691122,-0.647967,396,0,0,0
271,naca522012_re2e+06_a+0,naca5,22012,2e+06,0,0.0153436,0.1,0.120014,0.2995,0.0140586,0.0213736,1.46745,-0.592786,-0.47521,0.438329,-0.629667,-0.592786,381,0,0,0
272,naca522012_re2e+06_a+6,naca5,22012,2e+06,6,0.0153436,0.1,0.120014,0.2995,0.0073862,0.0151711,1.22668,-0.698785,-0.626859,-0.0373186,-1.36296,-0.698785,504,0,0,0
273,naca522012_re2e+06_a+12,naca5,22012,2e+06,12,0.0153436,0.1,0.120014,0.2995,0.040488,0.0776215,1.10019,-0.172925,0.900016,-0.287212,0.439879,-0.172925,239,0,0,0
274,naca522012_re2e+06_a+18,naca5,22012,2e+06,18,0.0153436,0.1,0.120014,0.2995,0.128815,0.0646721,1.06323,1.23025,0.58341,-0.360224,1.45343,1.23025,77,0,0,0
275,naca522012_re3e+06_a-6,naca5,22012,3e+06,-6,0.0153436,0.1,0.120014,0.2995,0.00606528,0.0153257,2.35745,-0.719769,-0.623078,2.19661,0.853764,-0.719769,137,0,0,0
276,naca522012_re3e+06_a+0,naca5,22012,3e+06,0,0.0153436,0.1,0.120014,0.2995,0.0095528,0.0312498,2.10666,-0.664366,-0.233745,1.70115,0.803036,-0.664366,154,0,0,0
277,naca522012_re3e+06_a+6,naca5,22012,3e+06,6,0.0153436,0.1,0.120014,0.2995,0.00939827,0.00490879,1.47739,-0.666821,-0.877765,0.457972,-1.08661,-0.666821,465,0,0,0
278,naca522012_re3e+06_a+12,naca5,22012,3e+06,12,0.0153436,0.1,0.120014,0.2995,0.0551966,0.0465453,1.12045,0.0607364,0.140221,-0.247179,-0.0462214,0.0607364,317,0,0,1
279,naca522012_re3e+06_a+18,naca5,22012,3e+06,18,0.0153436,0.1,0.120014,0.2995,0.161223,0.00417435,0.93766,1.74509,-0.895721,-0.608302,0.24107,1.74509,268,0,0,0
280,naca522012_re4e+06_a-6,naca5,22012,4e+06,-6,0.0153436,0.1,0.120014,0.2995,0.00499031,0.0218473,2.49192,-0.736846,-0.463628,2.46226,1.26179,-0.736846,84,0,0,0
281,naca522012_re4e+06_a+0,naca5,22012,4e+06,0,0.0153436,0.1,0.120014,0.2995,0.00763978,0.0354115,2.15002,-0.694756,-0.131993,1.7868,0.960051,-0.694756,122,0,0,0
282,naca522012_re4e+06_a+6,naca5,22012,4e+06,6,0.0153436,0.1,0.120014,0.2995,0.0104407,0.00462573,1.30009,-0.650261,-0.884685,0.107711,-1.42724,-0.650261,513,0,0,0
283,naca522012_re4e+06_a+12,naca5,22012,4e+06,12,0.0153436,0.1,0.120014,0.2995,0.0596246,0.00919086,0.942418,0.131081,-0.773071,-0.598902,-1.24089,0.131081,488,0,0,0
284,naca522012_re4e+06_a+18,naca5,22012,4e+06,18,0.0153436,0.1,0.120014,0.2995,0.190786,0.0371495,0.828343,2.21473,-0.0894989,-0.824266,1.30096,2.21473,82,0,0,0
285,naca522012_re5e+06_a-6,naca5,22012,5e+06,-6,0.0153436,0.1,0.120014,0.2995,0.00338406,0.0278635,2.17105,-0.762363,-0.316535,1.82836,0.74946,-0.762363,168,0,0,0
286,naca522012_re5e+06_a+0,naca5,22012,5e+06,0,0.0153436,0.1,0.120014,0.2995,0.00620919,0.0378434,1.69243,-0.717483,-0.0725342,0.882804,0.0927867,-0.717483,286,0,0,0
287,naca522012_re5e+06_a+6,naca5,22012,5e+06,6,0.0153436,0.1,0.120014,0.2995,0.0139814,0.00735025,1.0017,-0.594013,-0.818072,-0.481788,-1.89387,-0.594013,573,0,0,0
288,naca522012_re5e+06_a+12,naca5,22012,5e+06,12,0.0153436,0.1,0.120014,0.2995,0.0671056,0.0268325,0.805108,0.249925,-0.341743,-0.870169,-0.961987,0.249925,443,0,0,0
289,naca522012_re5e+06_a+18,naca5,22012,5e+06,18,0.0153436,0.1,0.120014,0.2995,0.200845,0.0819616,0.78582,2.37452,1.00613,-0.908274,2.47237,2.37452,36,0,0,0
290,naca522012_re6e+06_a-6,naca5,22012,6e+06,-6,0.0153436,0.1,0.120014,0.2995,0.00239117,0.0348397,1.91889,-0.778136,-0.145973,1.33019,0.406077,-0.778136,244,0,0,0
291,naca522012_re6e+06_a+0,naca5,22012,6e+06,0,0.0153436,0.1,0.120014,0.2995,0.0052002,0.0388377,1.28184,-0.733512,-0.048223,0.0716528,-0.710082,-0.733512,403,0,0,0
292,naca522012_re6e+06_a+6,naca5,22012,6e+06,6,0.0153436,0.1,0.120014,0.2995,0.0173173,0.0150737,0.777886,-0.541018,-0.629239,-0.923949,-2.09421,-0.541018,589,0,0,0
293,naca522012_re6e+06_a+12,naca5,22012,6e+06,12,0.0153436,0.1,0.120014,0.2995,0.075994,0.0570388,0.73786,0.391127,0.396781,-1.00302,-0.215115,0.391127,339,0,0,0
294,naca522012_re6e+06_a+18,naca5,22012,6e+06,18,0.0153436,0.1,0.120014,0.2995,0.199083,0.149547,0.763043,2.34654,2.65854,-0.953272,4.05181,2.34654,13,0,0,0
295,naca522012_re7e+06_a-6,naca5,22012,7e+06,-6,0.0153436,0.1,0.120014,0.2995,0.00689044,0.0389679,1.75419,-0.70666,-0.0450417,1.00482,0.253118,-0.70666,267,0,0,0
296,naca522012_re7e+06_a+0,naca5,22012,7e+06,0,0.0153436,0.1,0.120014,0.2995,0.00344657,0.0359864,0.950295,-0.76137,-0.117937,-0.583341,-1.46265,-0.76137,526,0,0,0
297,naca522012_re7e+06_a+6,naca5,22012,7e+06,6,0.0153436,0.1,0.120014,0.2995,0.0157532,0.0227077,0.634278,-0.565866,-0.442593,-1.20766,-2.21612,-0.565866,599,0,0,0
298,naca522012_re7e+06_a+12,naca5,22012,7e+06,12,0.0153436,0.1,0.120014,0.2995,0.0891551,0.0672735,0.714309,0.600206,0.647014,-1.04955,0.197671,0.600206,272,0,0,0
299,naca522012_re7e+06_a+18,naca5,22012,7e+06,18,0.0153436,0.1,0.120014,0.2995,0.176452,0.200755,0.746197,1.98702,3.91055,-0.986553,4.91101,1.98702,7,0,0,0
300,naca522015_re2e+06_a-6,naca5,22015,2e+06,-6,0.0153436,0.1,0.150018,0.2995,0.0126669,0.0113264,1.57118,-0.614896,-0.720858,0.643256,-0.692497,-0.614896,397,0,0,0
301,naca522015_re2e+06_a+0,naca5,22015,2e+06,0,0.0153436,0.1,0.150018,0.2995,0.0173765,0.0304944,1.3859,-0.540077,-0.252214,0.277225,-0.515066,-0.540077,364,0,0,0
302,naca522015_re2e+06_a+6,naca5,22015,2e+06,6,0.0153436,0.1,0.150018,0.2995,0.0116797,0.00949261,1.18322,-0.630578,-0.765693,-0.123171,-1.51944,-0.630578,538,0,0,0
303,naca522015_re2e+06_a+12,naca5,22015,2e+06,12,0.0153436,0.1,0.150018,0.2995,0.0330093,0.0854529,1.09301,-0.291732,1.09149,-0.301402,0.498354,-0.291732,231,0,0,0
304,naca522015_re2e+06_a+18,naca5,22015,2e+06,18,0.0153436,0.1,0.150018,0.2995,0.114289,0.108291,1.06442,0.999493,1.64988,-0.357879,2.29149,0.999493,42,0,0,0
305,naca522015_re3e+06_a-6,naca5,22015,3e+06,-6,0.0153436,0.1,0.150018,0.2995,0.00628895,0.0204225,2.21077,-0.716216,-0.498464,1.90683,0.692149,-0.716216,186,0,0,0
306,naca522015_re3e+06_a+0,naca5,22015,3e+06,0,0.0153436,0.1,0.150018,0.2995,0.0128381,0.0405365,1.90498,-0.612176,-0.00669009,1.30271,0.683842,-0.612176,190,0,0,0
307,naca522015_re3e+06_a+6,naca5,22015,3e+06,6,0.0153436,0.1,0.150018,0.2995,0.0108598,0.000424146,1.41609,-0.643603,-0.987411,0.336877,-1.29414,-0.643603,497,0,0,0
308,naca522015_re3e+06_a+12,naca5,22015,3e+06,12,0.0153436,0.1,0.150018,0.2995,0.0507125,0.0695314,1.12404,-0.0104985,0.702218,-0.240086,0.451634,-0.0104985,236,0,0,0
309,naca522015_re3e+06_a+18,naca5,22015,3e+06,18,0.0153436,0.1,0.150018,0.2995,0.147828,0.0700281,0.943157,1.53229,0.714361,-0.597443,1.64921,1.53229,70,0,0,0
310,naca522015_re4e+06_a-6,naca5,22015,4e+06,-6,0.0153436,0.1,0.150018,0.2995,0.00578065,0.0274754,2.33397,-0.724291,-0.326026,2.15021,1.09989,-0.724291,96,0,0,0
311,naca522015_re4e+06_a+0,naca5,22015,4e+06,0,0.0153436,0.1,0.150018,0.2995,0.0107031,0.0447371,1.88677,-0.646091,0.0960131,1.26674,0.716658,-0.646091,178,0,0,0
312,naca522015_re4e+06_a+6,naca5,22015,4e+06,6,0.0153436,0.1,0.150018,0.2995,0.0103684,0.00896603,1.2481,-0.65141,-0.778568,0.00499291,-1.42498,-0.65141,512,0,0,0
313,naca522015_re4e+06_a+12,naca5,22015,4e+06,12,0.0153436,0.1,0.150018,0.2995,0.0599435,0.0428359,0.934549,0.136147,0.0495282,-0.614448,-0.428773,0.136147,351,0,0,0
314,naca522015_re4e+06_a+18,naca5,22015,4e+06,18,0.0153436,0.1,0.150018,0.2995,0.182752,0.032404,0.820117,2.0871,-0.205525,-0.840517,1.04106,2.0871,109,0,0,0
315,naca522015_re5e+06_a-6,naca5,22015,5e+06,-6,0.0153436,0.1,0.150018,0.2995,0.00478523,0.0338449,2.03926,-0.740104,-0.170294,1.568,0.657601,-0.740104,195,0,0,0
316,naca522015_re5e+06_a+0,naca5,22015,5e+06,0,0.0153436,0.1,0.150018,0.2995,0.00861724,0.0469888,1.4806,-0.679228,0.151066,0.464318,-0.0638447,-0.679228,320,0,0,0
317,naca522015_re5e+06_a+6,naca5,22015,5e+06,6,0.0153436,0.1,0.150018,0.2995,0.0129441,0.0112312,0.948242,-0.610491,-0.723185,-0.587397,-1.92107,-0.610491,575,0,0,0
318,naca522015_re5e+06_a+12,naca5,22015,5e+06,12,0.0153436,0.1,0.150018,0.2995,0.0640009,0.0113108,0.783782,0.200604,-0.72124,-0.912301,-1.43294,0.200604,516,0,0,0
319,naca522015_re5e+06_a+18,naca5,22015,5e+06,18,0.0153436,0.1,0.150018,0.2995,0.209967,0.00131895,0.770159,2.51944,-0.965534,-0.939215,0.614689,2.51944,204,0,0,0
320,naca522015_re6e+06_a-6,naca5,22015,6e+06,-6,0.0153436,0.1,0.150018,0.2995,0.00225004,0.0394079,1.79042,-0.780378,-0.0342833,1.07639,0.261726,-0.780378,265,0,0,0
321,naca522015_re6e+06_a+0,naca5,22015,6e+06,0,0.0153436,0.1,0.150018,0.2995,0.00724883,0.0474653,1.13371,-0.700967,0.162715,-0.220982,-0.759235,-0.700967,413,0,0,0
322,naca522015_re6e+06_a+6,naca5,22015,6e+06,6,0.0153436,0.1,0.150018,0.2995,0.0166268,0.0155326,0.729068,-0.551987,-0.61802,-1.02039,-2.1904,-0.551987,595,0,0,0
323,naca522015_re6e+06_a+12,naca5,22015,6e+06,12,0.0153436,0.1,0.150018,0.2995,0.0699841,0.0197743,0.705607,0.295654,-0.514312,-1.06674,-1.2854,0.295654,495,0,0,0
324,naca522015_re6e+06_a+18,naca5,22015,6e+06,18,0.0153436,0.1,0.150018,0.2995,0.21605,0.053751,0.750158,2.61608,0.316397,-0.978727,1.95375,2.61608,55,0,0,0
325,naca522015_re7e+06_a-6,naca5,22015,7e+06,-6,0.0153436,0.1,0.150018,0.2995,0.00245691,0.0421949,1.66021,-0.777092,0.033857,0.819156,0.0759212,-0.777092,293,0,0,0
326,naca522015_re7e+06_a+0,naca5,22015,7e+06,0,0.0153436,0.1,0.150018,0.2995,0.0045572,0.0436663,0.847144,-0.743727,0.0698327,-0.787125,-1.46102,-0.743727,524,0,0,0
327,naca522015_re7e+06_a+6,naca5,22015,7e+06,6,0.0153436,0.1,0.150018,0.2995,0.015951,0.0212508,0.589085,-0.562724,-0.478212,-1.29694,-2.33788,-0.562724,611,0,0,0
328,naca522015_re7e+06_a+12,naca5,22015,7e+06,12,0.0153436,0.1,0.150018,0.2995,0.0873475,0.0251354,0.683138,0.57149,-0.383238,-1.11113,-0.922879,0.57149,436,0,0,0
329,naca522015_re7e+06_a+18,naca5,22015,7e+06,18,0.0153436,0.1,0.150018,0.2995,0.200406,0.111579,0.737111,2.36756,1.73025,-1.0045,3.09331,2.36756,25,0,1,0
330,naca523012_re2e+06_a-6,naca5,23012,2e+06,-6,0.0183864,0.15,0.120014,0.2995,0.0120105,0.00636731,1.65301,-0.625323,-0.842105,0.804934,-0.662493,-0.625323,390,0,0,0
331,naca523012_re2e+06_a+0,naca5,23012,2e+06,0,0.0183864,0.15,0.120014,0.2995,0.0146213,0.0205514,1.47521,-0.583848,-0.495313,0.45367,-0.62549,-0.583848,378,0,0,0
332,naca523012_re2e+06_a+6,naca5,23012,2e+06,6,0.0183864,0.15,0.120014,0.2995,0.00935293,0.0195249,1.22997,-0.667541,-0.520411,-0.0308263,-1.21878,-0.667541,486,0,0,0
333,naca523012_re2e+06_a+12,naca5,23012,2e+06,12,0.0183864,0.15,0.120014,0.2995,0.0372079,0.084777,1.09787,-0.225033,1.07496,-0.29179,0.558139,-0.225033,221,0,0,0
334,naca523012_re2e+06_a+18,naca5,23012,2e+06,18,0.0183864,0.15,0.120014,0.2995,0.120455,0.0739621,1.06373,1.09744,0.810546,-0.359234,1.54875,1.09744,75,0,0,0
335,naca523012_re3e+06_a-6,naca5,23012,3e+06,-6,0.0183864,0.15,0.120014,0.2995,0.00720805,0.0152138,2.3602,-0.701615,-0.625815,2.20204,0.874615,-0.701615,134,0,0,0
336,naca523012_re3e+06_a+0,naca5,23012,3e+06,0,0.0183864,0.15,0.120014,0.2995,0.0102056,0.0306526,2.12113,-0.653995,-0.248344,1.72973,0.827388,-0.653995,150,0,0,0
337,naca523012_re3e+06_a+6,naca5,23012,3e+06,6,0.0183864,0.15,0.120014,0.2995,0.0103977,0.00867015,1.47937,-0.650944,-0.785802,0.461894,-0.974852,-0.650944,446,0,0,0
338,naca523012_re3e+06_a+12,naca5,23012,3e+06,12,0.0183864,0.15,0.120014,0.2995,0.0517101,0.0559231,1.12104,0.00535033,0.369503,-0.246024,0.12883,0.00535033,281,0,0,0
339,naca523012_re3e+06_a+18,naca5,23012,3e+06,18,0.0183864,0.15,0.120014,0.2995,0.152364,0.0141477,0.938556,1.60435,-0.65188,-0.606532,0.345935,1.60435,252,0,0,0
340,naca523012_re4e+06_a-6,naca5,23012,4e+06,-6,0.0183864,0.15,0.120014,0.2995,0.00558672,0.0217911,2.46919,-0.727371,-0.465003,2.41735,1.22497,-0.727371,87,0,0,0
341,naca523012_re4e+06_a+0,naca5,23012,4e+06,0,0.0183864,0.15,0.120014,0.2995,0.0081895,0.0349846,2.15966,-0.686023,-0.142431,1.80584,0.977389,-0.686023,119,0,0,0
342,naca523012_re4e+06_a+6,naca5,23012,4e+06,6,0.0183864,0.15,0.120014,0.2995,0.0104168,0.00138996,1.30146,-0.65064,-0.963798,0.110419,-1.50402,-0.65064,535,0,0,0
343,naca523012_re4e+06_a+12,naca5,23012,4e+06,12,0.0183864,0.15,0.120014,0.2995,0.0560679,0.0187299,0.942439,0.074578,-0.539847,-0.598861,-1.06413,0.074578,459,0,0,0
344,naca523012_re4e+06_a+18,naca5,23012,4e+06,18,0.0183864,0.15,0.120014,0.2995,0.182496,0.0297594,0.828242,2.08302,-0.270183,-0.824467,0.988373,2.08302,116,0,0,0
345,naca523012_re5e+06_a-6,naca5,23012,5e+06,-6,0.0183864,0.15,0.120014,0.2995,0.00366056,0.0280812,2.13468,-0.757971,-0.311215,1.75651,0.687326,-0.757971,188,0,0,0
346,naca523012_re5e+06_a+0,naca5,23012,5e+06,0,0.0183864,0.15,0.120014,0.2995,0.00668264,0.0376023,1.69203,-0.709962,-0.078428,0.882014,0.0936241,-0.709962,285,0,0,0
347,naca523012_re5e+06_a+6,naca5,23012,5e+06,6,0.0183864,0.15,0.120014,0.2995,0.0129628,0.0040998,0.998554,-0.610195,-0.897544,-0.488001,-1.99574,-0.610195,583,0,0,0
348,naca523012_re5e+06_a+12,naca5,23012,5e+06,12,0.0183864,0.15,0.120014,0.2995,0.0629885,0.0177662,0.803737,0.18452,-0.563408,-0.872878,-1.25177,0.18452,489,0,0,0
349,naca523012_re5e+06_a+18,naca5,23012,5e+06,18,0.0183864,0.15,0.120014,0.2995,0.193263,0.0732968,0.785589,2.25408,0.79428,-0.908731,2.13963,2.25408,50,0,0,0
350,naca523012_re6e+06_a-6,naca5,23012,6e+06,-6,0.0183864,0.15,0.120014,0.2995,0.00262549,0.0353368,1.87834,-0.774414,-0.133819,1.25008,0.34185,-0.774414,254,0,0,0
351,naca523012_re6e+06_a+0,naca5,23012,6e+06,0,0.0183864,0.15,0.120014,0.2995,0.00537637,0.0389405,1.27692,-0.730713,-0.0457097,0.0619363,-0.714487,-0.730713,405,0,0,0
352,naca523012_re6e+06_a+6,naca5,23012,6e+06,6,0.0183864,0.15,0.120014,0.2995,0.0163813,0.0109206,0.773939,-0.555888,-0.73078,-0.931746,-2.21841,-0.555888,600,0,0,0
353,naca523012_re6e+06_a+12,naca5,23012,6e+06,12,0.0183864,0.15,0.120014,0.2995,0.071945,0.0499682,0.735303,0.326805,0.22391,-1.00807,-0.45736,0.326805,355,0,0,0
354,naca523012_re6e+06_a+18,naca5,23012,6e+06,18,0.0183864,0.15,0.120014,0.2995,0.191238,0.138771,0.763825,2.22191,2.39508,-0.951728,3.66527,2.22191,21,0,0,0
355,naca523012_re7e+06_a-6,naca5,23012,7e+06,-6,0.0183864,0.15,0.120014,0.2995,0.00743684,0.0393774,1.70412,-0.69798,-0.0350297,0.905889,0.172879,-0.69798,276,0,0,0
356,naca523012_re7e+06_a+0,naca5,23012,7e+06,0,0.0183864,0.15,0.120014,0.2995,0.00330457,0.0365423,0.943923,-0.763626,-0.104345,-0.595929,-1.4639,-0.763626,528,0,0,0
357,naca523012_re7e+06_a+6,naca5,23012,7e+06,6,0.0183864,0.15,0.120014,0.2995,0.014758,0.0188788,0.630353,-0.581676,-0.536207,-1.21541,-2.3333,-0.581676,610,0,0,0
358,naca523012_re7e+06_a+12,naca5,23012,7e+06,12,0.0183864,0.15,0.120014,0.2995,0.0857556,0.0604908,0.712813,0.546202,0.481179,-1.05251,-0.0251246,0.546202,314,0,0,0
359,naca523012_re7e+06_a+18,naca5,23012,7e+06,18,0.0183864,0.15,0.120014,0.2995,0.17204,0.191162,0.747246,1.91692,3.67601,-0.98448,4.60845,1.91692,9,0,0,0
360,naca523015_re2e+06_a-6,naca5,23015,2e+06,-6,0.0183864,0.15,0.150018,0.2995,0.0132462,0.0123111,1.58511,-0.605692,-0.696783,0.670782,-0.631694,-0.605692,383,0,0,0
361,naca523015_re2e+06_a+0,naca5,23015,2e+06,0,0.0183864,0.15,0.150018,0.2995,0.0180317,0.0300356,1.39364,-0.529669,-0.26343,0.292515,-0.500583,-0.529669,360,0,0,0
362,naca523015_re2e+06_a+6,naca5,23015,2e+06,6,0.0183864,0.15,0.150018,0.2995,0.0138081,0.0140373,1.18415,-0.596766,-0.654578,-0.12135,-1.37269,-0.596766,506,0,0,0
363,naca523015_re2e+06_a+12,naca5,23015,2e+06,12,0.0183864,0.15,0.150018,0.2995,0.0303333,0.0925172,1.09079,-0.334245,1.26421,-0.305787,0.624175,-0.334245,202,0,0,0
364,naca523015_re2e+06_a+18,naca5,23015,2e+06,18,0.0183864,0.15,0.150018,0.2995,0.105879,0.115454,1.06465,0.865882,1.82499,-0.357433,2.33344,0.865882,41,0,0,0
365,naca523015_re3e+06_a-6,naca5,23015,3e+06,-6,0.0183864,0.15,0.150018,0.2995,0.0065659,0.0215246,2.22529,-0.711816,-0.471519,1.93551,0.752173,-0.711816,165,0,0,0
366,naca523015_re3e+06_a+0,naca5,23015,3e+06,0,0.0183864,0.15,0.150018,0.2995,0.0136879,0.0402389,1.91286,-0.598675,-0.0139654,1.31829,0.705648,-0.598675,181,0,0,0
367,naca523015_re3e+06_a+6,naca5,23015,3e+06,6,0.0183864,0.15,0.150018,0.2995,0.0123497,0.00493672,1.41416,-0.619934,-0.877082,0.333052,-1.16396,-0.619934,480,0,0,0
368,naca523015_re3e+06_a+12,naca5,23015,3e+06,12,0.0183864,0.15,0.150018,0.2995,0.047368,0.0784458,1.12303,-0.0636295,0.92017,-0.242083,0.614457,-0.0636295,205,0,0,0
369,naca523015_re3e+06_a+18,naca5,23015,3e+06,18,0.0183864,0.15,0.150018,0.2995,0.138952,0.0774617,0.940755,1.39128,0.896107,-0.602188,1.6852,1.39128,66,0,0,0
370,naca523015_re4e+06_a-6,naca5,23015,4e+06,-6,0.0183864,0.15,0.150018,0.2995,0.00549134,0.0286292,2.33735,-0.728887,-0.297816,2.15689,1.13018,-0.728887,94,0,0,0
371,naca523015_re4e+06_a+0,naca5,23015,4e+06,0,0.0183864,0.15,0.150018,0.2995,0.0113351,0.0445161,1.88997,-0.636053,0.09061,1.27307,0.727627,-0.636053,172,0,0,0
372,naca523015_re4e+06_a+6,naca5,23015,4e+06,6,0.0183864,0.15,0.150018,0.2995,0.0108922,0.00490466,1.24467,-0.643089,-0.877866,-0.00177519,-1.52273,-0.643089,540,0,0,0
373,naca523015_re4e+06_a+12,naca5,23015,4e+06,12,0.0183864,0.15,0.150018,0.2995,0.0569795,0.052098,0.931431,0.0890598,0.275982,-0.620609,-0.255568,0.0890598,341,0,0,0
374,naca523015_re4e+06_a+18,naca5,23015,4e+06,18,0.0183864,0.15,0.150018,0.2995,0.173259,0.0373821,0.815733,1.9363,-0.0838123,-0.849178,1.0033,1.9363,114,0,0,0
375,naca523015_re5e+06_a-6,naca5,23015,5e+06,-6,0.0183864,0.15,0.150018,0.2995,0.00444165,0.0350459,2.0375,-0.745562,-0.140931,1.56451,0.678015,-0.745562,191,0,0,0
376,naca523015_re5e+06_a+0,naca5,23015,5e+06,0,0.0183864,0.15,0.150018,0.2995,0.00905906,0.0469116,1.47887,-0.672209,0.149178,0.460901,-0.0621302,-0.672209,319,0,0,0
377,naca523015_re5e+06_a+6,naca5,23015,5e+06,6,0.0183864,0.15,0.150018,0.2995,0.0125704,0.00724842,0.941123,-0.616428,-0.820562,-0.601461,-2.03845,-0.616428,586,0,0,0
378,naca523015_re5e+06_a+12,naca5,23015,5e+06,12,0.0183864,0.15,0.150018,0.2995,0.0612506,0.0199889,0.778568,0.156912,-0.509065,-0.922601,-1.27475,0.156912,493,0,0,0
379,naca523015_re5e+06_a+18,naca5,23015,5e+06,18,0.0183864,0.15,0.150018,0.2995,0.200951,0.00592319,0.765443,2.37622,-0.852963,-0.948531,0.574722,2.37622,215,0,0,0
380,naca523015_re6e+06_a-6,naca5,23015,6e+06,-6,0.0183864,0.15,0.150018,0.2995,0.00223256,0.040705,1.78694,-0.780656,-0.00256917,1.06951,0.286284,-0.780656,261,0,0,0
381,naca523015_re6e+06_a+0,naca5,23015,6e+06,0,0.0183864,0.15,0.150018,0.2995,0.00731774,0.0477226,1.13308,-0.699872,0.169005,-0.222234,-0.753101,-0.699872,411,0,0,0
382,naca523015_re6e+06_a+6,naca5,23015,6e+06,6,0.0183864,0.15,0.150018,0.2995,0.0160821,0.010703,0.722732,-0.56064,-0.736099,-1.03291,-2.32965,-0.56064,608,0,0,0
383,naca523015_re6e+06_a+12,naca5,23015,6e+06,12,0.0183864,0.15,0.150018,0.2995,0.06707,0.0133704,0.698887,0.24936,-0.670883,-1.08002,-1.50154,0.24936,534,0,0,0
384,naca523015_re6e+06_a+18,naca5,23015,6e+06,18,0.0183864,0.15,0.150018,0.2995,0.2074,0.0452472,0.747258,2.47865,0.108483,-0.984458,1.60268,2.47865,73,0,0,0
385,naca523015_re7e+06_a-6,naca5,23015,7e+06,-6,0.0183864,0.15,0.150018,0.2995,0.00284792,0.0433289,1.64848,-0.77088,0.0615821,0.795969,0.0866703,-0.77088,289,0,0,0
386,naca523015_re7e+06_a+0,naca5,23015,7e+06,0,0.0183864,0.15,0.150018,0.2995,0.00434997,0.0443291,0.846313,-0.747019,0.086037,-0.788765,-1.44975,-0.747019,520,0,0,0
387,naca523015_re7e+06_a+6,naca5,23015,7e+06,6,0.0183864,0.15,0.150018,0.2995,0.0153595,0.0167874,0.583425,-0.57212,-0.58734,-1.30812,-2.46758,-0.57212,618,0,0,0
388,naca523015_re7e+06_a+12,naca5,23015,7e+06,12,0.0183864,0.15,0.150018,0.2995,0.0843875,0.0205607,0.676736,0.524467,-0.495084,-1.12378,-1.0944,0.524467,467,0,0,0
389,naca523015_re7e+06_a+18,naca5,23015,7e+06,18,0.0183864,0.15,0.150018,0.2995,0.192336,0.103582,0.735647,2.23935,1.53474,-1.0074,2.76669,2.23935,30,0,0,0
390,naca524012_re2e+06_a-6,naca5,24012,2e+06,-6,0.020795,0.2,0.120014,0.2995,0.0129991,0.00468411,1.6575,-0.609617,-0.883258,0.813803,-0.679072,-0.609617,392,0,0,0
391,naca524012_re2e+06_a+0,naca5,24012,2e+06,0,0.020795,0.2,0.120014,0.2995,0.0149835,0.0198115,1.48139,-0.578093,-0.513402,0.465876,-0.625619,-0.578093,379,0,0,0
392,naca524012_re2e+06_a+6,naca5,24012,2e+06,6,0.020795,0.2,0.120014,0.2995,0.0106529,0.0208702,1.23288,-0.64689,-0.487519,-0.0250797,-1.15949,-0.64689,478,0,0,0
393,naca524012_re2e+06_a+12,naca5,24012,2e+06,12,0.020795,0.2,0.120014,0.2995,0.0354464,0.0865908,1.09625,-0.253017,1.11931,-0.295001,0.571291,-0.253017,218,0,0,0
394,naca524012_re2e+06_a+18,naca5,24012,2e+06,18,0.020795,0.2,0.120014,0.2995,0.114729,0.0766806,1.06403,1.00648,0.877012,-0.358643,1.52485,1.00648,76,0,0,0
395,naca524012_re3e+06_a-6,naca5,24012,3e+06,-6,0.020795,0.2,0.120014,0.2995,0.008254,0.0135851,2.35233,-0.684999,-0.665633,2.18648,0.835852,-0.684999,144,0,0,0
396,naca524012_re3e+06_a+0,naca5,24012,3e+06,0,0.020795,0.2,0.120014,0.2995,0.0105355,0.0298942,2.12933,-0.648755,-0.266888,1.74593,0.830288,-0.648755,147,0,0,0
397,naca524012_re3e+06_a+6,naca5,24012,3e+06,6,0.020795,0.2,0.120014,0.2995,0.0113114,0.00976485,1.48086,-0.636428,-0.759037,0.464823,-0.930643,-0.636428,438,0,0,0
398,naca524012_re3e+06_a+12,naca5,24012,3e+06,12,0.020795,0.2,0.120014,0.2995,0.049304,0.0598609,1.12149,-0.032874,0.465781,-0.245133,0.187773,-0.032874,273,0,0,0
399,naca524012_re3e+06_a+18,naca5,24012,3e+06,18,0.020795,0.2,0.120014,0.2995,0.145885,0.0190546,0.939406,1.50143,-0.531909,-0.604853,0.364669,1.50143,250,0,0,0
400,naca524012_re4e+06_a-6,naca5,24012,4e+06,-6,0.020795,0.2,0.120014,0.2995,0.00633993,0.0202555,2.43171,-0.715406,-0.502547,2.34331,1.12535,-0.715406,95,0,0,0
401,naca524012_re4e+06_a+0,naca5,24012,4e+06,0,0.020795,0.2,0.120014,0.2995,0.00855212,0.0342752,2.16077,-0.680263,-0.159775,1.80805,0.968009,-0.680263,121,0,0,0
402,naca524012_re4e+06_a+6,naca5,24012,4e+06,6,0.020795,0.2,0.120014,0.2995,0.010695,0.000426374,1.30118,-0.646221,-0.987357,0.10986,-1.52372,-0.646221,541,0,0,0
403,naca524012_re4e+06_a+12,naca5,24012,4e+06,12,0.020795,0.2,0.120014,0.2995,0.053999,0.0234197,0.942372,0.0417127,-0.425186,-0.598993,-0.982466,0.0417127,447,0,0,0
404,naca524012_re4e+06_a+18,naca5,24012,4e+06,18,0.020795,0.2,0.120014,0.2995,0.17587,0.0259342,0.828229,1.97777,-0.363707,-0.824492,0.789568,1.97777,158,0,0,0
405,naca524012_re5e+06_a-6,naca5,24012,5e+06,-6,0.020795,0.2,0.120014,0.2995,0.00405618,0.0269644,2.08669,-0.751686,-0.338519,1.6617,0.571493,-0.751686,217,0,0,0
406,naca524012_re5e+06_a+0,naca5,24012,5e+06,0,0.020795,0.2,0.120014,0.2995,0.00702581,0.0369791,1.68516,-0.70451,-0.093666,0.868435,0.0702591,-0.70451,295,0,0,0
407,naca524012_re5e+06_a+6,naca5,24012,5e+06,6,0.020795,0.2,0.120014,0.2995,0.012394,0.00311238,0.994644,-0.61923,-0.921686,-0.495727,-2.03664,-0.61923,585,0,0,0
408,naca524012_re5e+06_a+12,naca5,24012,5e+06,12,0.020795,0.2,0.120014,0.2995,0.0606047,0.0126999,0.802569,0.146651,-0.687278,-0.875185,-1.41581,0.146651,511,0,0,0
409,naca524012_re5e+06_a+18,naca5,24012,5e+06,18,0.020795,0.2,0.120014,0.2995,0.187243,0.0685962,0.785056,2.15844,0.679352,-0.909784,1.92801,2.15844,57,0,0,0
410,naca524012_re6e+06_a-6,naca5,24012,6e+06,-6,0.020795,0.2,0.120014,0.2995,0.00271677,0.0346225,1.83023,-0.772964,-0.151284,1.15503,0.230784,-0.772964,270,0,0,0
411,naca524012_re6e+06_a+0,naca5,24012,6e+06,0,0.020795,0.2,0.120014,0.2995,0.00546207,0.0386238,1.26825,-0.729352,-0.0534547,0.0448098,-0.737997,-0.729352,409,0,0,0
412,naca524012_re6e+06_a+6,naca5,24012,6e+06,6,0.020795,0.2,0.120014,0.2995,0.015828,0.00922169,0.769298,-0.564678,-0.772317,-0.940914,-2.27791,-0.564678,605,0,0,0
413,naca524012_re6e+06_a+12,naca5,24012,6e+06,12,0.020795,0.2,0.120014,0.2995,0.0698622,0.0455742,0.733227,0.293717,0.11648,-1.01218,-0.601978,0.293717,374,0,0,0
414,naca524012_re6e+06_a+18,naca5,24012,6e+06,18,0.020795,0.2,0.120014,0.2995,0.185637,0.132345,0.763887,2.13293,2.23797,-0.951604,3.41929,2.13293,24,0,0,0
415,naca524012_re7e+06_a-6,naca5,24012,7e+06,-6,0.020795,0.2,0.120014,0.2995,0.00774366,0.038782,1.65128,-0.693106,-0.0495859,0.801518,0.058826,-0.693106,300,0,0,0
416,naca524012_re7e+06_a+0,naca5,24012,7e+06,0,0.020795,0.2,0.120014,0.2995,0.00315842,0.0365921,0.936714,-0.765948,-0.103128,-0.610171,-1.47925,-0.765948,530,0,0,0
417,naca524012_re7e+06_a+6,naca5,24012,7e+06,6,0.020795,0.2,0.120014,0.2995,0.0140368,0.017122,0.626471,-0.593132,-0.579159,-1.22308,-2.39537,-0.593132,615,0,0,0
418,naca524012_re7e+06_a+12,naca5,24012,7e+06,12,0.020795,0.2,0.120014,0.2995,0.0843693,0.0562808,0.711294,0.524178,0.378247,-1.05551,-0.153081,0.524178,333,0,0,0
419,naca524012_re7e+06_a+18,naca5,24012,7e+06,18,0.020795,0.2,0.120014,0.2995,0.168933,0.186109,0.747645,1.86756,3.55246,-0.983691,4.43633,1.86756,11,0,0,0
420,naca524015_re2e+06_a-6,naca5,24015,2e+06,-6,0.020795,0.2,0.150018,0.2995,0.0137265,0.0114816,1.59404,-0.598062,-0.717063,0.688429,-0.626696,-0.598062,380,0,0,0
421,naca524015_re2e+06_a+0,naca5,24015,2e+06,0,0.020795,0.2,0.150018,0.2995,0.0184255,0.0295583,1.40106,-0.523413,-0.275099,0.307181,-0.491331,-0.523413,358,0,0,0
422,naca524015_re2e+06_a+6,naca5,24015,2e+06,6,0.020795,0.2,0.150018,0.2995,0.0156392,0.0159316,1.18683,-0.567676,-0.608264,-0.116045,-1.29198,-0.567676,496,0,0,0
423,naca524015_re2e+06_a+12,naca5,24015,2e+06,12,0.020795,0.2,0.150018,0.2995,0.0286433,0.0950318,1.08974,-0.361092,1.32569,-0.307862,0.656732,-0.361092,196,0,0,0
424,naca524015_re2e+06_a+18,naca5,24015,2e+06,18,0.020795,0.2,0.150018,0.2995,0.0990216,0.117231,1.06509,0.756946,1.86843,-0.356551,2.26883,0.756946,43,0,0,0
425,naca524015_re3e+06_a-6,naca5,24015,3e+06,-6,0.020795,0.2,0.150018,0.2995,0.00700129,0.0206494,2.2292,-0.7049,-0.492915,1.94324,0.745426,-0.7049,169,0,0,0
426,naca524015_re3e+06_a+0,naca5,24015,3e+06,0,0.020795,0.2,0.150018,0.2995,0.0141912,0.039726,1.92044,-0.590679,-0.0265058,1.33326,0.716079,-0.590679,179,0,0,0
427,naca524015_re3e+06_a+6,naca5,24015,3e+06,6,0.020795,0.2,0.150018,0.2995,0.0136211,0.00676282,1.41468,-0.599737,-0.832435,0.334084,-1.09809,-0.599737,468,0,0,0
428,naca524015_re3e+06_a+12,naca5,24015,3e+06,12,0.020795,0.2,0.150018,0.2995,0.0443419,0.0825776,1.12261,-0.111702,1.02119,-0.242916,0.66657,-0.111702,193,0,0,0
429,naca524015_re3e+06_a+18,naca5,24015,3e+06,18,0.020795,0.2,0.150018,0.2995,0.132049,0.0815257,0.939158,1.28162,0.995471,-0.605344,1.67175,1.28162,67,0,0,0
430,naca524015_re4e+06_a-6,naca5,24015,4e+06,-6,0.020795,0.2,0.150018,0.2995,0.00559911,0.0279196,2.32509,-0.727175,-0.315166,2.13266,1.09032,-0.727175,98,0,0,0
431,naca524015_re4e+06_a+0,naca5,24015,4e+06,0,0.020795,0.2,0.150018,0.2995,0.0117505,0.043982,1.89019,-0.629453,0.0775517,1.27349,0.721589,-0.629453,175,0,0,0
432,naca524015_re4e+06_a+6,naca5,24015,4e+06,6,0.020795,0.2,0.150018,0.2995,0.0114835,0.00305281,1.24188,-0.633695,-0.923142,-0.00728446,-1.56412,-0.633695,549,0,0,0
433,naca524015_re4e+06_a+12,naca5,24015,4e+06,12,0.020795,0.2,0.150018,0.2995,0.0547012,0.056803,0.928737,0.052867,0.391016,-0.62593,-0.182047,0.052867,335,0,0,0
434,naca524015_re4e+06_a+18,naca5,24015,4e+06,18,0.020795,0.2,0.150018,0.2995,0.165406,0.0403981,0.812142,1.81153,-0.0100722,-0.856273,0.945185,1.81153,123,0,0,0
435,naca524015_re5e+06_a-6,naca5,24015,5e+06,-6,0.020795,0.2,0.150018,0.2995,0.00444986,0.0345306,2.0211,-0.745432,-0.153531,1.53212,0.633162,-0.745432,201,0,0,0
436,naca524015_re5e+06_a+0,naca5,24015,5e+06,0,0.020795,0.2,0.150018,0.2995,0.00937433,0.04642,1.47356,-0.667201,0.137159,0.450419,-0.0796233,-0.667201,322,0,0,0
437,naca524015_re5e+06_a+6,naca5,24015,5e+06,6,0.020795,0.2,0.150018,0.2995,0.0124457,0.00532356,0.934587,-0.618409,-0.867624,-0.614375,-2.10041,-0.618409,590,0,0,0
438,naca524015_re5e+06_a+12,naca5,24015,5e+06,12,0.020795,0.2,0.150018,0.2995,0.0601454,0.0251933,0.774394,0.139355,-0.381821,-0.930847,-1.17331,0.139355,481,0,0,0
439,naca524015_re5e+06_a+18,naca5,24015,5e+06,18,0.020795,0.2,0.150018,0.2995,0.193394,0.00839149,0.760805,2.25616,-0.792615,-0.957693,0.505857,2.25616,230,0,1,0
440,naca524015_re6e+06_a-6,naca5,24015,6e+06,-6,0.020795,0.2,0.150018,0.2995,0.00234154,0.0405246,1.77481,-0.778925,-0.00697991,1.04554,0.259639,-0.778925,266,0,0,0
441,naca524015_re6e+06_a+0,naca5,24015,6e+06,0,0.020795,0.2,0.150018,0.2995,0.00734013,0.0474887,1.13011,-0.699517,0.163287,-0.228097,-0.764327,-0.699517,414,0,0,0
442,naca524015_re6e+06_a+6,naca5,24015,6e+06,6,0.020795,0.2,0.150018,0.2995,0.0157238,0.00820955,0.716504,-0.566333,-0.797063,-1.04521,-2.40861,-0.566333,616,0,0,0
443,naca524015_re6e+06_a+12,naca5,24015,6e+06,12,0.020795,0.2,0.150018,0.2995,0.0658315,0.00916571,0.6938,0.229685,-0.773686,-1.09007,-1.63407,0.229685,557,0,0,0
444,naca524015_re6e+06_a+18,naca5,24015,6e+06,18,0.020795,0.2,0.150018,0.2995,0.202021,0.03993,0.743732,2.3932,-0.0215178,-0.991423,1.38026,2.3932,80,0,0,0
445,naca524015_re7e+06_a-6,naca5,24015,7e+06,-6,0.020795,0.2,0.150018,0.2995,0.00309666,0.0432893,1.63183,-0.766929,0.0606145,0.763082,0.0567676,-0.766929,301,0,0,0
446,naca524015_re7e+06_a+0,naca5,24015,7e+06,0,0.020795,0.2,0.150018,0.2995,0.0041398,0.0444613,0.8449,-0.750357,0.0892702,-0.791556,-1.45264,-0.750357,522,0,0,0
447,naca524015_re7e+06_a+6,naca5,24015,7e+06,6,0.020795,0.2,0.150018,0.2995,0.0149593,0.0143839,0.578258,-0.578478,-0.646105,-1.31833,-2.54291,-0.578478,624,0,0,0
448,naca524015_re7e+06_a+12,naca5,24015,7e+06,12,0.020795,0.2,0.150018,0.2995,0.0834531,0.017334,0.67189,0.509623,-0.573977,-1.13335,-1.19771,0.509623,483,0,0,0
449,naca524015_re7e+06_a+18,naca5,24015,7e+06,18,0.020795,0.2,0.150018,0.2995,0.186926,0.100348,0.733249,2.15341,1.45566,-1.01213,2.59694,2.15341,31,1,0,0
450,naca532012_re2e+06_a-6,naca5,32012,2e+06,-6,0.0230155,0.1,0.120014,0.2995,0.0141514,0.00750922,1.61971,-0.591311,-0.814186,0.739144,-0.666353,-0.591311,391,0,0,0
451,naca532012_re2e+06_a+0,naca5,32012,2e+06,0,0.0230155,0.1,0.120014,0.2995,0.01562,0.0220334,1.44617,-0.567982,-0.459079,0.396289,-0.630772,-0.567982,382,0,0,0
452,naca532012_re2e+06_a+6,naca5,32012,2e+06,6,0.0230155,0.1,0.120014,0.2995,0.0114405,0.0206633,1.20872,-0.634377,-0.492576,-0.072809,-1.19976,-0.634377,484,0,0,0
453,naca532012_re2e+06_a+12,naca5,32012,2e+06,12,0.0230155,0.1,0.120014,0.2995,0.0358978,0.0921174,1.08389,-0.245846,1.25443,-0.319406,0.689178,-0.245846,187,0,0,0
454,naca532012_re2e+06_a+18,naca5,32012,2e+06,18,0.0230155,0.1,0.120014,0.2995,0.120778,0.0942659,1.05616,1.10257,1.30696,-0.374199,2.03534,1.10257,53,0,0,0
455,naca532012_re3e+06_a-6,naca5,32012,3e+06,-6,0.0230155,0.1,0.120014,0.2995,0.00905842,0.0153335,2.34566,-0.67222,-0.622886,2.17331,0.878205,-0.67222,132,0,0,0
456,naca532012_re3e+06_a+0,naca5,32012,3e+06,0,0.0230155,0.1,0.120014,0.2995,0.0105205,0.0334401,2.09757,-0.648993,-0.180193,1.68319,0.854,-0.648993,136,0,0,0
457,naca532012_re3e+06_a+6,naca5,32012,3e+06,6,0.0230155,0.1,0.120014,0.2995,0.0115406,0.00802542,1.44445,-0.632787,-0.801565,0.392904,-1.04145,-0.632787,455,0,0,0
458,naca532012_re3e+06_a+12,naca5,32012,3e+06,12,0.0230155,0.1,0.120014,0.2995,0.0491978,0.0648229,1.11103,-0.0345603,0.587099,-0.265788,0.286751,-0.0345603,260,0,0,0
459,naca532012_re3e+06_a+18,naca5,32012,3e+06,18,0.0230155,0.1,0.120014,0.2995,0.152417,0.0360234,0.935251,1.60519,-0.117033,-0.613061,0.875095,1.60519,133,0,0,0
460,naca532012_re4e+06_a-6,naca5,32012,4e+06,-6,0.0230155,0.1,0.120014,0.2995,0.00763359,0.0210858,2.46557,-0.694855,-0.482248,2.4102,1.23309,-0.694855,86,0,0,0
461,naca532012_re4e+06_a+0,naca5,32012,4e+06,0,0.0230155,0.1,0.120014,0.2995,0.00836712,0.0375492,2.16182,-0.683202,-0.0797265,1.81013,1.0472,-0.683202,108,0,0,0
462,naca532012_re4e+06_a+6,naca5,32012,4e+06,6,0.0230155,0.1,0.120014,0.2995,0.0110925,0.00313767,1.27077,-0.639906,-0.921067,0.0497791,-1.51119,-0.639906,537,0,0,0
463,naca532012_re4e+06_a+12,naca5,32012,4e+06,12,0.0230155,0.1,0.120014,0.2995,0.0535937,0.0268642,0.932848,0.0352738,-0.340969,-0.617809,-0.923504,0.0352738,437,0,0,0
464,naca532012_re4e+06_a+18,naca5,32012,4e+06,18,0.0230155,0.1,0.120014,0.2995,0.183036,0.0107278,0.828168,2.09161,-0.735493,-0.824613,0.5315,2.09161,225,0,0,0
465,naca532012_re5e+06_a-6,naca5,32012,5e+06,-6,0.0230155,0.1,0.120014,0.2995,0.00562138,0.0268722,2.1125,-0.726821,-0.340773,1.71268,0.64509,-0.726821,197,0,0,0
466,naca532012_re5e+06_a+0,naca5,32012,5e+06,0,0.0230155,0.1,0.120014,0.2995,0.00685043,0.0396156,1.69333,-0.707296,-0.029205,0.884588,0.148087,-0.707296,278,0,0,0
467,naca532012_re5e+06_a+6,naca5,32012,5e+06,6,0.0230155,0.1,0.120014,0.2995,0.0132063,0.00648621,0.971724,-0.606326,-0.839198,-0.541006,-1.98653,-0.606326,580,0,0,0
468,naca532012_re5e+06_a+12,naca5,32012,5e+06,12,0.0230155,0.1,0.120014,0.2995,0.0597968,0.0113293,0.794578,0.133816,-0.720786,-0.890972,-1.47794,0.133816,529,0,0,0
469,naca532012_re5e+06_a+18,naca5,32012,5e+06,18,0.0230155,0.1,0.120014,0.2995,0.194469,0.0517788,0.786918,2.27323,0.268177,-0.906106,1.6353,2.27323,71,0,0,0
470,naca532012_re6e+06_a-6,naca5,32012,6e+06,-6,0.0230155,0.1,0.120014,0.2995,0.00362773,0.033725,1.85525,-0.758492,-0.173228,1.20447,0.272749,-0.758492,263,0,0,0
471,naca532012_re6e+06_a+0,naca5,32012,6e+06,0,0.0230155,0.1,0.120014,0.2995,0.00523974,0.0403845,1.2747,-0.732884,-0.0104054,0.0575419,-0.685747,-0.732884,394,0,0,0
472,naca532012_re6e+06_a+6,naca5,32012,6e+06,6,0.0230155,0.1,0.120014,0.2995,0.0173236,0.0126647,0.748235,-0.540919,-0.688137,-0.982527,-2.21158,-0.540919,598,0,0,0
473,naca532012_re6e+06_a+12,naca5,32012,6e+06,12,0.0230155,0.1,0.120014,0.2995,0.0696169,0.0453713,0.728251,0.28982,0.111517,-1.02201,-0.620669,0.28982,376,0,0,0
474,naca532012_re6e+06_a+18,naca5,32012,6e+06,18,0.0230155,0.1,0.120014,0.2995,0.193092,0.113901,0.765571,2.25137,1.78704,-0.948278,3.09013,2.25137,26,0,1,0
475,naca532012_re7e+06_a-6,naca5,32012,7e+06,-6,0.0230155,0.1,0.120014,0.2995,0.00763195,0.0375813,1.68388,-0.694881,-0.0789413,0.865915,0.0920929,-0.694881,287,0,0,0
476,naca532012_re7e+06_a+0,naca5,32012,7e+06,0,0.0230155,0.1,0.120014,0.2995,0.00301617,0.0375269,0.937018,-0.768208,-0.0802722,-0.609572,-1.45805,-0.768208,523,0,0,0
477,naca532012_re7e+06_a+6,naca5,32012,7e+06,6,0.0230155,0.1,0.120014,0.2995,0.0155882,0.0204802,0.60876,-0.568486,-0.497054,-1.25807,-2.32361,-0.568486,607,0,0,0
478,naca532012_re7e+06_a+12,naca5,32012,7e+06,12,0.0230155,0.1,0.120014,0.2995,0.0834019,0.0560173,0.70724,0.50881,0.371806,-1.06352,-0.1829,0.50881,336,0,0,0
479,naca532012_re7e+06_a+18,naca5,32012,7e+06,18,0.0230155,0.1,0.120014,0.2995,0.174156,0.171262,0.748368,1.95053,3.18946,-0.982263,4.15773,1.95053,12,0,0,0
480,naca532015_re2e+06_a-6,naca5,32015,2e+06,-6,0.0230155,0.1,0.150018,0.2995,0.0146954,0.0133983,1.57483,-0.582669,-0.670201,0.650479,-0.602391,-0.582669,375,0,0,0
481,naca532015_re2e+06_a+0,naca5,32015,2e+06,0,0.0230155,0.1,0.150018,0.2995,0.0185227,0.0311391,1.38429,-0.521869,-0.23645,0.274057,-0.484261,-0.521869,357,0,0,0
482,naca532015_re2e+06_a+6,naca5,32015,2e+06,6,0.0230155,0.1,0.150018,0.2995,0.0138493,0.0125214,1.17271,-0.596111,-0.69164,-0.143943,-1.43169,-0.596111,515,0,0,0
483,naca532015_re2e+06_a+12,naca5,32015,2e+06,12,0.0230155,0.1,0.150018,0.2995,0.0286041,0.0899576,1.07822,-0.361715,1.20162,-0.330617,0.509292,-0.361715,229,0,0,0
484,naca532015_re2e+06_a+18,naca5,32015,2e+06,18,0.0230155,0.1,0.150018,0.2995,0.102724,0.118953,1.05653,0.815761,1.91054,-0.373475,2.35282,0.815761,39,0,0,0
485,naca532015_re3e+06_a-6,naca5,32015,3e+06,-6,0.0230155,0.1,0.150018,0.2995,0.00777378,0.0216059,2.2492,-0.692628,-0.46953,1.98275,0.820588,-0.692628,151,0,0,0
486,naca532015_re3e+06_a+0,naca5,32015,3e+06,0,0.0230155,0.1,0.150018,0.2995,0.0137697,0.0422272,1.9211,-0.597375,0.0346472,1.33457,0.771838,-0.597375,162,0,0,0
487,naca532015_re3e+06_a+6,naca5,32015,3e+06,6,0.0230155,0.1,0.150018,0.2995,0.0130258,0.00162608,1.39016,-0.609193,-0.958025,0.285652,-1.28157,-0.609193,494,0,0,0
488,naca532015_re3e+06_a+12,naca5,32015,3e+06,12,0.0230155,0.1,0.150018,0.2995,0.0434224,0.076569,1.11135,-0.126309,0.874282,-0.265165,0.482808,-0.126309,233,0,0,0
489,naca532015_re3e+06_a+18,naca5,32015,3e+06,18,0.0230155,0.1,0.150018,0.2995,0.136875,0.0834374,0.932717,1.3583,1.04221,-0.618068,1.78244,1.3583,62,0,0,0
490,naca532015_re4e+06_a-6,naca5,32015,4e+06,-6,0.0230155,0.1,0.150018,0.2995,0.00686644,0.0280975,2.39344,-0.707042,-0.310814,2.26771,1.24985,-0.707042,85,0,0,0
491,naca532015_re4e+06_a+0,naca5,32015,4e+06,0,0.0230155,0.1,0.150018,0.2995,0.0112387,0.0461959,1.92273,-0.637583,0.131679,1.33779,0.831882,-0.637583,146,0,0,0
492,naca532015_re4e+06_a+6,naca5,32015,4e+06,6,0.0230155,0.1,0.150018,0.2995,0.0117295,0.00880868,1.22033,-0.629787,-0.782415,-0.049875,-1.46208,-0.629787,525,0,0,0
493,naca532015_re4e+06_a+12,naca5,32015,4e+06,12,0.0230155,0.1,0.150018,0.2995,0.0542505,0.0507646,0.918008,0.045708,0.243382,-0.647126,-0.358036,0.045708,348,0,0,0
494,naca532015_re4e+06_a+18,naca5,32015,4e+06,18,0.0230155,0.1,0.150018,0.2995,0.171174,0.0420343,0.809872,1.90316,0.0299311,-0.860757,1.07234,1.90316,102,0,0,0
495,naca532015_re5e+06_a-6,naca5,32015,5e+06,-6,0.0230155,0.1,0.150018,0.2995,0.00583251,0.0336439,2.08005,-0.723467,-0.175209,1.64858,0.749899,-0.723467,167,0,0,0
496,naca532015_re5e+06_a+0,naca5,32015,5e+06,0,0.0230155,0.1,0.150018,0.2995,0.00900661,0.0480707,1.50748,-0.673043,0.177517,0.51743,0.0219049,-0.673043,307,0,0,0
497,naca532015_re5e+06_a+6,naca5,32015,5e+06,6,0.0230155,0.1,0.150018,0.2995,0.0129548,0.0117743,0.918493,-0.610322,-0.709907,-0.646168,-1.9664,-0.610322,576,0,0,0
498,naca532015_re5e+06_a+12,naca5,32015,5e+06,12,0.0230155,0.1,0.150018,0.2995,0.0587536,0.0185801,0.763603,0.117244,-0.543509,-0.952165,-1.37843,0.117244,507,0,0,0
499,naca532015_re5e+06_a+18,naca5,32015,5e+06,18,0.0230155,0.1,0.150018,0.2995,0.199169,0.012548,0.762851,2.3479,-0.69099,-0.953651,0.703256,2.3479,182,0,0,0
500,naca532015_re6e+06_a-6,naca5,32015,6e+06,-6,0.0230155,0.1,0.150018,0.2995,0.00362503,0.038548,1.82344,-0.758535,-0.0553066,1.14162,0.32778,-0.758535,255,0,0,0
501,naca532015_re6e+06_a+0,naca5,32015,6e+06,0,0.0230155,0.1,0.150018,0.2995,0.00694158,0.0482858,1.15603,-0.705848,0.182775,-0.176886,-0.699959,-0.705848,399,0,0,0
502,naca532015_re6e+06_a+6,naca5,32015,6e+06,6,0.0230155,0.1,0.150018,0.2995,0.0155787,0.0144716,0.699656,-0.568638,-0.643959,-1.0785,-2.29109,-0.568638,606,0,0,0
503,naca532015_re6e+06_a+12,naca5,32015,6e+06,12,0.0230155,0.1,0.150018,0.2995,0.0641847,0.0166817,0.686779,0.203523,-0.589924,-1.10394,-1.49034,0.203523,533,0,0,0
504,naca532015_re6e+06_a+18,naca5,32015,6e+06,18,0.0230155,0.1,0.150018,0.2995,0.204591,0.0365708,0.745122,2.43404,-0.103649,-0.988676,1.34172,2.43404,81,0,0,0
505,naca532015_re7e+06_a-6,naca5,32015,7e+06,-6,0.0230155,0.1,0.150018,0.2995,0.00311346,0.0408314,1.68557,-0.766662,0.00051987,0.869256,0.103113,-0.766662,284,0,0,0
506,naca532015_re7e+06_a+0,naca5,32015,7e+06,0,0.0230155,0.1,0.150018,0.2995,0.00377169,0.0444573,0.859037,-0.756205,0.0891718,-0.763628,-1.43066,-0.756205,514,0,0,0
507,naca532015_re7e+06_a+6,naca5,32015,7e+06,6,0.0230155,0.1,0.150018,0.2995,0.0154542,0.0205654,0.560743,-0.570615,-0.49497,-1.35293,-2.41852,-0.570615,617,0,0,0
508,naca532015_re7e+06_a+12,naca5,32015,7e+06,12,0.0230155,0.1,0.150018,0.2995,0.0813874,0.0241553,0.666424,0.476808,-0.407201,-1.14415,-1.07454,0.476808,462,0,0,0
509,naca532015_re7e+06_a+18,naca5,32015,7e+06,18,0.0230155,0.1,0.150018,0.2995,0.190518,0.0971094,0.733875,2.21047,1.37648,-1.0109,2.57606,2.21047,34,0,0,1
510,naca533012_re2e+06_a-6,naca5,33012,2e+06,-6,0.0275797,0.15,0.120014,0.2995,0.0164425,0.00633292,1.62069,-0.554915,-0.842946,0.741067,-0.656794,-0.554915,389,0,0,0
511,naca533012_re2e+06_a+0,naca5,33012,2e+06,0,0.0275797,0.15,0.120014,0.2995,0.0165899,0.0210751,1.44946,-0.552573,-0.482507,0.40279,-0.632291,-0.552573,384,0,0,0
512,naca533012_re2e+06_a+6,naca5,33012,2e+06,6,0.0275797,0.15,0.120014,0.2995,0.0138944,0.0249922,1.20747,-0.595394,-0.386738,-0.0752796,-1.05741,-0.595394,458,0,0,0
513,naca533012_re2e+06_a+12,naca5,33012,2e+06,12,0.0275797,0.15,0.120014,0.2995,0.0334802,0.100104,1.07873,-0.284253,1.44971,-0.329604,0.83585,-0.284253,145,0,0,0
514,naca533012_re2e+06_a+18,naca5,33012,2e+06,18,0.0275797,0.15,0.120014,0.2995,0.110306,0.105827,1.0556,0.936214,1.58963,-0.375298,2.15055,0.936214,48,0,0,0
515,naca533012_re3e+06_a-6,naca5,33012,3e+06,-6,0.0275797,0.15,0.120014,0.2995,0.0114351,0.0145703,2.3204,-0.634463,-0.641546,2.12341,0.847401,-0.634463,141,0,0,0
516,naca533012_re3e+06_a+0,naca5,33012,3e+06,0,0.0275797,0.15,0.120014,0.2995,0.0115713,0.0326234,2.11407,-0.6323,-0.20016,1.7158,0.883336,-0.6323,131,0,0,0
517,naca533012_re3e+06_a+6,naca5,33012,3e+06,6,0.0275797,0.15,0.120014,0.2995,0.0133552,0.0124738,1.44218,-0.60396,-0.692805,0.388414,-0.908351,-0.60396,434,0,0,0
518,naca533012_re3e+06_a+12,naca5,33012,3e+06,12,0.0275797,0.15,0.120014,0.2995,0.0443888,0.0768277,1.10798,-0.110957,0.880609,-0.271827,0.497824,-0.110957,232,0,0,0
519,naca533012_re3e+06_a+18,naca5,33012,3e+06,18,0.0275797,0.15,0.120014,0.2995,0.141587,0.0511289,0.934708,1.43315,0.252289,-0.614134,1.0713,1.43315,103,0,0,0
520,naca533012_re4e+06_a-6,naca5,33012,4e+06,-6,0.0275797,0.15,0.120014,0.2995,0.00945846,0.0200681,2.37871,-0.665865,-0.507129,2.2386,1.0656,-0.665865,104,0,0,0
521,naca533012_re4e+06_a+0,naca5,33012,4e+06,0,0.0275797,0.15,0.120014,0.2995,0.00925651,0.0370375,2.18643,-0.669073,-0.0922369,1.85873,1.09743,-0.669073,97,0,0,0
522,naca533012_re4e+06_a+6,naca5,33012,4e+06,6,0.0275797,0.15,0.120014,0.2995,0.0113623,0.000767671,1.26331,-0.63562,-0.979012,0.0350479,-1.57958,-0.63562,550,0,0,0
523,naca533012_re4e+06_a+12,naca5,33012,4e+06,12,0.0275797,0.15,0.120014,0.2995,0.0490025,0.0391692,0.92835,-0.0376636,-0.0401193,-0.626696,-0.704479,-0.0376636,401,0,0,0
524,naca533012_re4e+06_a+18,naca5,33012,4e+06,18,0.0275797,0.15,0.120014,0.2995,0.170126,0.00086879,0.82588,1.88653,-0.97654,-0.829133,0.0808526,1.88653,291,0,0,0
525,naca533012_re5e+06_a-6,naca5,33012,5e+06,-6,0.0275797,0.15,0.120014,0.2995,0.00691993,0.0264275,2.00789,-0.706192,-0.351646,1.50601,0.448175,-0.706192,238,0,0,0
526,naca533012_re5e+06_a+0,naca5,33012,5e+06,0,0.0275797,0.15,0.120014,0.2995,0.0076592,0.0393177,1.69668,-0.694448,-0.0364884,0.891192,0.160255,-0.694448,277,0,0,0
527,naca533012_re5e+06_a+6,naca5,33012,5e+06,6,0.0275797,0.15,0.120014,0.2995,0.0126879,0.00242137,0.957587,-0.614561,-0.938581,-0.568936,-2.12208,-0.614561,591,0,0,0
528,naca533012_re5e+06_a+12,naca5,33012,5e+06,12,0.0275797,0.15,0.120014,0.2995,0.0544053,0.000848148,0.787703,0.0481671,-0.977045,-0.904554,-1.83343,0.0481671,570,0,0,0
529,naca533012_re5e+06_a+18,naca5,33012,5e+06,18,0.0275797,0.15,0.120014,0.2995,0.182396,0.039473,0.784041,2.08144,-0.0326906,-0.911789,1.13696,2.08144,93,0,0,0
530,naca533012_re6e+06_a-6,naca5,33012,6e+06,-6,0.0275797,0.15,0.120014,0.2995,0.00427386,0.0336866,1.74532,-0.748228,-0.174166,0.987299,0.0649046,-0.748228,297,0,0,1
531,naca533012_re6e+06_a+0,naca5,33012,6e+06,0,0.0275797,0.15,0.120014,0.2995,0.00561781,0.0403823,1.25384,-0.726878,-0.0104586,0.0163416,-0.720995,-0.726878,406,0,0,0
532,naca533012_re6e+06_a+6,naca5,33012,6e+06,6,0.0275797,0.15,0.120014,0.2995,0.0163232,0.00726499,0.735248,-0.55681,-0.820157,-1.00818,-2.38515,-0.55681,613,0,0,0
533,naca533012_re6e+06_a+12,naca5,33012,6e+06,12,0.0275797,0.15,0.120014,0.2995,0.064362,0.0352552,0.719763,0.20634,-0.135815,-1.03877,-0.968249,0.20634,445,0,0,0
534,naca533012_re6e+06_a+18,naca5,33012,6e+06,18,0.0275797,0.15,0.120014,0.2995,0.183775,0.0966777,0.763752,2.10336,1.36593,-0.951871,2.51741,2.10336,35,0,0,0
535,naca533012_re7e+06_a-6,naca5,33012,7e+06,-6,0.0275797,0.15,0.120014,0.2995,0.00850331,0.0374188,1.56998,-0.681038,-0.0829151,0.64089,-0.123063,-0.681038,329,0,0,0
536,naca533012_re7e+06_a+0,naca5,33012,7e+06,0,0.0275797,0.15,0.120014,0.2995,0.00280409,0.0381771,0.914344,-0.771577,-0.0643757,-0.654365,-1.49032,-0.771577,532,0,0,0
537,naca533012_re7e+06_a+6,naca5,33012,7e+06,6,0.0275797,0.15,0.120014,0.2995,0.0142323,0.0152056,0.598589,-0.590026,-0.626014,-1.27816,-2.4942,-0.590026,620,0,0,0
538,naca533012_re7e+06_a+12,naca5,33012,7e+06,12,0.0275797,0.15,0.120014,0.2995,0.0804837,0.0458167,0.700586,0.462452,0.122409,-1.07666,-0.491801,0.462452,359,0,0,0
539,naca533012_re7e+06_a+18,naca5,33012,7e+06,18,0.0275797,0.15,0.120014,0.2995,0.170929,0.15438,0.747469,1.89928,2.77672,-0.984039,3.69196,1.89928,20,1,0,0
540,naca533015_re2e+06_a-6,naca5,33015,2e+06,-6,0.0275797,0.15,0.150018,0.2995,0.01588,0.0138027,1.5974,-0.563851,-0.660315,0.695062,-0.529103,-0.563851,367,0,0,0
541,naca533015_re2e+06_a+0,naca5,33015,2e+06,0,0.0275797,0.15,0.150018,0.2995,0.0195549,0.0307905,1.40055,-0.505472,-0.244972,0.306174,-0.444271,-0.505472,353,0,0,0
542,naca533015_re2e+06_a+6,naca5,33015,2e+06,6,0.0275797,0.15,0.150018,0.2995,0.0169199,0.0173038,1.1773,-0.547331,-0.574714,-0.134875,-1.25692,-0.547331,490,0,0,0
543,naca533015_re2e+06_a+12,naca5,33015,2e+06,12,0.0275797,0.15,0.150018,0.2995,0.0262513,0.0979467,1.07452,-0.399092,1.39695,-0.337932,0.659928,-0.399092,194,0,0,0
544,naca533015_re2e+06_a+18,naca5,33015,2e+06,18,0.0275797,0.15,0.150018,0.2995,0.0928014,0.128378,1.05584,0.658132,2.14097,-0.374837,2.42427,0.658132,38,0,0,0
545,naca533015_re3e+06_a-6,naca5,33015,3e+06,-6,0.0275797,0.15,0.150018,0.2995,0.00894732,0.022126,2.2803,-0.673985,-0.456815,2.04419,0.913387,-0.673985,125,0,0,0
546,naca533015_re3e+06_a+0,naca5,33015,3e+06,0,0.0275797,0.15,0.150018,0.2995,0.0148792,0.0421555,1.95151,-0.57975,0.0328945,1.39464,0.847786,-0.57975,140,0,0,0
547,naca533015_re3e+06_a+6,naca5,33015,3e+06,6,0.0275797,0.15,0.150018,0.2995,0.0154535,0.00693486,1.39206,-0.570626,-0.828228,0.289409,-1.10945,-0.570626,471,0,0,0
548,naca533015_re3e+06_a+12,naca5,33015,3e+06,12,0.0275797,0.15,0.150018,0.2995,0.0396396,0.0890817,1.10809,-0.186404,1.18021,-0.271609,0.722197,-0.186404,174,0,0,0
549,naca533015_re3e+06_a+18,naca5,33015,3e+06,18,0.0275797,0.15,0.150018,0.2995,0.125228,0.0964754,0.925424,1.17326,1.36098,-0.632475,1.90176,1.17326,59,0,0,0
550,naca533015_re4e+06_a-6,naca5,33015,4e+06,-6,0.0275797,0.15,0.150018,0.2995,0.00746157,0.0288001,2.39653,-0.697587,-0.293637,2.27382,1.28259,-0.697587,83,0,0,0
551,naca533015_re4e+06_a+0,naca5,33015,4e+06,0,0.0275797,0.15,0.150018,0.2995,0.0122298,0.0460356,1.95284,-0.621839,0.12776,1.39727,0.903189,-0.621839,129,0,0,0
552,naca533015_re4e+06_a+6,naca5,33015,4e+06,6,0.0275797,0.15,0.150018,0.2995,0.0117128,0.00334588,1.21602,-0.630052,-0.915977,-0.0583806,-1.60441,-0.630052,554,0,0,0
553,naca533015_re4e+06_a+12,naca5,33015,4e+06,12,0.0275797,0.15,0.150018,0.2995,0.053186,0.0640164,0.9093,0.0287964,0.56738,-0.664331,-0.0681546,0.0287964,321,0,0,0
554,naca533015_re4e+06_a+18,naca5,33015,4e+06,18,0.0275797,0.15,0.150018,0.2995,0.157148,0.0511307,0.798725,1.68036,0.252332,-0.88278,1.04991,1.68036,107,0,0,0
555,naca533015_re5e+06_a-6,naca5,33015,5e+06,-6,0.0275797,0.15,0.150018,0.2995,0.00601619,0.0342959,2.06275,-0.720549,-0.159267,1.6144,0.734583,-0.720549,170,0,0,0
556,naca533015_re5e+06_a+0,naca5,33015,5e+06,0,0.0275797,0.15,0.150018,0.2995,0.010015,0.0479302,1.52119,-0.657023,0.174081,0.544507,0.061565,-0.657023,299,0,0,0
557,naca533015_re5e+06_a+6,naca5,33015,5e+06,6,0.0275797,0.15,0.150018,0.2995,0.0114584,0.00623126,0.906865,-0.634093,-0.845431,-0.669141,-2.14867,-0.634093,592,0,0,0
558,naca533015_re5e+06_a+12,naca5,33015,5e+06,12,0.0275797,0.15,0.150018,0.2995,0.0581003,0.0312715,0.751131,0.106866,-0.233213,-0.976806,-1.10315,0.106866,469,0,0,0
559,naca533015_re5e+06_a+18,naca5,33015,5e+06,18,0.0275797,0.15,0.150018,0.2995,0.185036,0.0186839,0.751727,2.12339,-0.540972,-0.975627,0.606787,2.12339,206,0,0,0
560,naca533015_re6e+06_a-6,naca5,33015,6e+06,-6,0.0275797,0.15,0.150018,0.2995,0.00389162,0.0393926,1.80506,-0.7543,-0.0346575,1.10531,0.316356,-0.7543,256,0,0,0
561,naca533015_re6e+06_a+0,naca5,33015,6e+06,0,0.0275797,0.15,0.150018,0.2995,0.0073892,0.0486085,1.15729,-0.698737,0.190667,-0.174414,-0.682484,-0.698737,393,0,0,0
562,naca533015_re6e+06_a+6,naca5,33015,6e+06,6,0.0275797,0.15,0.150018,0.2995,0.0140211,0.00803678,0.688181,-0.593382,-0.801287,-1.10117,-2.49584,-0.593382,621,0,0,0
563,naca533015_re6e+06_a+12,naca5,33015,6e+06,12,0.0275797,0.15,0.150018,0.2995,0.0616347,0.00720556,0.673508,0.163014,-0.82161,-1.13015,-1.78875,0.163014,568,0,0,0
564,naca533015_re6e+06_a+18,naca5,33015,6e+06,18,0.0275797,0.15,0.150018,0.2995,0.195229,0.025748,0.736613,2.28531,-0.368258,-1.00549,0.911566,2.28531,126,0,0,0
565,naca533015_re7e+06_a-6,naca5,33015,7e+06,-6,0.0275797,0.15,0.150018,0.2995,0.00397191,0.0415333,1.65674,-0.753025,0.0176814,0.812294,0.0769506,-0.753025,292,0,0,0
566,naca533015_re7e+06_a+0,naca5,33015,7e+06,0,0.0275797,0.15,0.150018,0.2995,0.00356663,0.0453556,0.860287,-0.759463,0.111133,-0.761159,-1.40949,-0.759463,510,0,0,0
567,naca533015_re7e+06_a+6,naca5,33015,7e+06,6,0.0275797,0.15,0.150018,0.2995,0.0138887,0.0145327,0.551207,-0.595486,-0.642466,-1.37177,-2.60972,-0.595486,627,0,0,0
568,naca533015_re7e+06_a+12,naca5,33015,7e+06,12,0.0275797,0.15,0.150018,0.2995,0.0785502,0.0175677,0.653986,0.431735,-0.568261,-1.16872,-1.30525,0.431735,501,0,0,0
569,naca533015_re7e+06_a+18,naca5,33015,7e+06,18,0.0275797,0.15,0.150018,0.2995,0.18182,0.0892168,0.727814,2.07229,1.18351,-1.02287,2.23293,2.07229,45,0,0,0
570,naca534012_re2e+06_a-6,naca5,34012,2e+06,-6,0.0311925,0.2,0.120014,0.2995,0.0179409,0.00373773,1.6135,-0.531112,-0.906396,0.72688,-0.710628,-0.531112,404,0,0,0
571,naca534012_re2e+06_a+0,naca5,34012,2e+06,0,0.0311925,0.2,0.120014,0.2995,0.0172611,0.0198919,1.44666,-0.541912,-0.511438,0.397271,-0.656078,-0.541912,388,0,0,0
572,naca534012_re2e+06_a+6,naca5,34012,2e+06,6,0.0311925,0.2,0.120014,0.2995,0.0154539,0.0262356,1.20576,-0.570621,-0.356338,-0.0786585,-1.00562,-0.570621,450,0,0,0
573,naca534012_re2e+06_a+12,naca5,34012,2e+06,12,0.0311925,0.2,0.120014,0.2995,0.0325819,0.101669,1.07566,-0.298523,1.48796,-0.335683,0.853756,-0.298523,138,0,0,0
574,naca534012_re2e+06_a+18,naca5,34012,2e+06,18,0.0311925,0.2,0.120014,0.2995,0.102796,0.107884,1.05553,0.816905,1.63992,-0.375434,2.08139,0.816905,52,0,0,0
575,naca534012_re3e+06_a-6,naca5,34012,3e+06,-6,0.0311925,0.2,0.120014,0.2995,0.0132465,0.0120675,2.27234,-0.605688,-0.702739,2.02846,0.720034,-0.605688,176,0,0,0
576,naca534012_re3e+06_a+0,naca5,34012,3e+06,0,0.0311925,0.2,0.120014,0.2995,0.0122995,0.0310994,2.11112,-0.620732,-0.23742,1.70996,0.851808,-0.620732,139,0,0,0
577,naca534012_re3e+06_a+6,naca5,34012,3e+06,6,0.0311925,0.2,0.120014,0.2995,0.0146933,0.0139641,1.43964,-0.582703,-0.656368,0.383395,-0.855677,-0.582703,425,0,0,0
578,naca534012_re3e+06_a+12,naca5,34012,3e+06,12,0.0311925,0.2,0.120014,0.2995,0.040874,0.0818637,1.10611,-0.166794,1.00373,-0.275516,0.561426,-0.166794,220,0,0,0
579,naca534012_re3e+06_a+18,naca5,34012,3e+06,18,0.0311925,0.2,0.120014,0.2995,0.132817,0.0576872,0.933567,1.29382,0.412635,-0.616388,1.09007,1.29382,99,0,0,0
580,naca534012_re4e+06_a-6,naca5,34012,4e+06,-6,0.0311925,0.2,0.120014,0.2995,0.0110115,0.0173353,2.26799,-0.641193,-0.573945,2.01986,0.804722,-0.641193,152,0,0,0
581,naca534012_re4e+06_a+0,naca5,34012,4e+06,0,0.0311925,0.2,0.120014,0.2995,0.00990053,0.0357014,2.18786,-0.658842,-0.124905,1.86156,1.07782,-0.658842,100,0,0,0
582,naca534012_re4e+06_a+6,naca5,34012,4e+06,6,0.0311925,0.2,0.120014,0.2995,0.0115197,0.00253463,1.25524,-0.633119,-0.935811,0.0190999,-1.54983,-0.633119,545,0,0,0
583,naca534012_re4e+06_a+12,naca5,34012,4e+06,12,0.0311925,0.2,0.120014,0.2995,0.0464455,0.0455414,0.924527,-0.0782837,0.115678,-0.634248,-0.596854,-0.0782837,373,0,0,0
584,naca534012_re4e+06_a+18,naca5,34012,4e+06,18,0.0311925,0.2,0.120014,0.2995,0.159409,0.00680633,0.822859,1.71627,-0.831371,-0.835101,0.0498017,1.71627,302,0,0,0
585,naca534012_re5e+06_a-6,naca5,34012,5e+06,-6,0.0311925,0.2,0.120014,0.2995,0.00825549,0.0241323,1.88831,-0.684975,-0.407762,1.26977,0.177036,-0.684975,275,0,0,0
586,naca534012_re5e+06_a+0,naca5,34012,5e+06,0,0.0311925,0.2,0.120014,0.2995,0.00825785,0.0381903,1.68831,-0.684938,-0.0640529,0.874658,0.125667,-0.684938,282,0,0,0
587,naca534012_re5e+06_a+6,naca5,34012,5e+06,6,0.0311925,0.2,0.120014,0.2995,0.012063,0.000715321,0.945027,-0.624488,-0.980292,-0.593748,-2.19853,-0.624488,596,0,0,0
588,naca534012_re5e+06_a+12,naca5,34012,5e+06,12,0.0311925,0.2,0.120014,0.2995,0.0519767,0.00740424,0.781478,0.00958612,-0.816752,-0.916852,-1.72402,0.00958612,564,0,0,0
589,naca534012_re5e+06_a+18,naca5,34012,5e+06,18,0.0311925,0.2,0.120014,0.2995,0.172063,0.033928,0.780017,1.91729,-0.168262,-0.919738,0.82929,1.91729,149,0,0,0
590,naca534012_re6e+06_a-6,naca5,34012,6e+06,-6,0.0311925,0.2,0.120014,0.2995,0.00494842,0.0318966,1.62903,-0.737512,-0.217929,0.757552,-0.197888,-0.737512,337,0,0,0
591,naca534012_re6e+06_a+0,naca5,34012,6e+06,0,0.0311925,0.2,0.120014,0.2995,0.00588074,0.0394694,1.23235,-0.722701,-0.0327806,-0.0261265,-0.781608,-0.722701,416,0,0,0
592,naca534012_re6e+06_a+6,naca5,34012,6e+06,6,0.0311925,0.2,0.120014,0.2995,0.0151269,0.00489809,0.72296,-0.575815,-0.878026,-1.03246,-2.4863,-0.575815,619,0,0,0
593,naca534012_re6e+06_a+12,naca5,34012,6e+06,12,0.0311925,0.2,0.120014,0.2995,0.0618112,0.0300139,0.712301,0.165817,-0.263959,-1.05352,-1.15166,0.165817,475,0,0,0
594,naca534012_re6e+06_a+18,naca5,34012,6e+06,18,0.0311925,0.2,0.120014,0.2995,0.176417,0.0879861,0.760705,1.98646,1.15342,-0.957891,2.18199,1.98646,47,0,0,0
595,naca534012_re7e+06_a-6,naca5,34012,7e+06,-6,0.0311925,0.2,0.120014,0.2995,0.00927094,0.0357762,1.45848,-0.668844,-0.123075,0.420622,-0.371297,-0.668844,349,0,0,0
596,naca534012_re7e+06_a+0,naca5,34012,7e+06,0,0.0311925,0.2,0.120014,0.2995,0.00272153,0.0378761,0.892416,-0.772888,-0.0717343,-0.697686,-1.54231,-0.772888,543,0,0,0
597,naca534012_re7e+06_a+6,naca5,34012,7e+06,6,0.0311925,0.2,0.120014,0.2995,0.013044,0.0128197,0.58854,-0.608904,-0.684349,-1.29802,-2.59127,-0.608904,625,0,0,0
598,naca534012_re7e+06_a+12,naca5,34012,7e+06,12,0.0311925,0.2,0.120014,0.2995,0.079466,0.0408511,0.694005,0.446284,0.00100234,-1.08966,-0.642377,0.446284,386,0,0,0
599,naca534012_re7e+06_a+18,naca5,34012,7e+06,18,0.0311925,0.2,0.120014,0.2995,0.168187,0.146473,0.745233,1.85571,2.5834,-0.988458,3.45066,1.85571,23,0,0,0
600,naca534015_re2e+06_a-6,naca5,34015,2e+06,-6,0.0311925,0.2,0.150018,0.2995,0.0169611,0.0118243,1.61416,-0.546677,-0.708685,0.728175,-0.527187,-0.546677,366,0,0,0
601,naca534015_re2e+06_a+0,naca5,34015,2e+06,0,0.0311925,0.2,0.150018,0.2995,0.0201041,0.0300353,1.4161,-0.496746,-0.263436,0.336885,-0.423297,-0.496746,350,0,0,0
602,naca534015_re2e+06_a+6,naca5,34015,2e+06,6,0.0311925,0.2,0.150018,0.2995,0.0191324,0.0192416,1.18453,-0.512184,-0.527335,-0.120592,-1.16011,-0.512184,479,0,0,0
603,naca534015_re2e+06_a+12,naca5,34015,2e+06,12,0.0311925,0.2,0.150018,0.2995,0.0247353,0.100671,1.07342,-0.423175,1.46356,-0.3401,0.700287,-0.423175,184,0,0,0
604,naca534015_re2e+06_a+18,naca5,34015,2e+06,18,0.0311925,0.2,0.150018,0.2995,0.0844484,0.130146,1.0562,0.525435,2.1842,-0.37411,2.33553,0.525435,40,0,0,0
605,naca534015_re3e+06_a-6,naca5,34015,3e+06,-6,0.0311925,0.2,0.150018,0.2995,0.0100982,0.0200872,2.29419,-0.655702,-0.506662,2.07164,0.909272,-0.655702,127,0,0,0
606,naca534015_re3e+06_a+0,naca5,34015,3e+06,0,0.0311925,0.2,0.150018,0.2995,0.0153952,0.0412515,1.97986,-0.571552,0.0107923,1.45065,0.889893,-0.571552,130,0,0,0
607,naca534015_re3e+06_a+6,naca5,34015,3e+06,6,0.0311925,0.2,0.150018,0.2995,0.0170635,0.00940556,1.39777,-0.54505,-0.767821,0.300671,-1.0122,-0.54505,452,0,0,0
608,naca534015_re3e+06_a+12,naca5,34015,3e+06,12,0.0311925,0.2,0.150018,0.2995,0.037457,0.095595,1.10652,-0.221077,1.33946,-0.274708,0.843672,-0.221077,142,0,0,0
609,naca534015_re3e+06_a+18,naca5,34015,3e+06,18,0.0311925,0.2,0.150018,0.2995,0.115675,0.103153,0.920696,1.02151,1.52425,-0.641817,1.90394,1.02151,58,0,0,0
610,naca534015_re4e+06_a-6,naca5,34015,4e+06,-6,0.0311925,0.2,0.150018,0.2995,0.00835534,0.0269008,2.37371,-0.683389,-0.340073,2.22872,1.20525,-0.683389,89,0,0,0
611,naca534015_re4e+06_a+0,naca5,34015,4e+06,0,0.0311925,0.2,0.150018,0.2995,0.0127498,0.0450741,1.97715,-0.613577,0.104252,1.4453,0.93597,-0.613577,124,0,0,0
612,naca534015_re4e+06_a+6,naca5,34015,4e+06,6,0.0311925,0.2,0.150018,0.2995,0.0115502,0.000419229,1.21345,-0.632635,-0.987532,-0.0634545,-1.68362,-0.632635,560,0,0,0
613,naca534015_re4e+06_a+12,naca5,34015,4e+06,12,0.0311925,0.2,0.150018,0.2995,0.0530076,0.0709664,0.902301,0.025963,0.737302,-0.678158,0.0851071,0.025963,290,0,0,0
614,naca534015_re4e+06_a+18,naca5,34015,4e+06,18,0.0311925,0.2,0.150018,0.2995,0.147002,0.0571373,0.789543,1.51917,0.399189,-0.900919,1.01744,1.51917,112,0,0,0
615,naca534015_re5e+06_a-6,naca5,34015,5e+06,-6,0.0311925,0.2,0.150018,0.2995,0.0066241,0.0327574,2.02765,-0.710892,-0.196884,1.54506,0.637288,-0.710892,199,0,0,0
616,naca534015_re5e+06_a+0,naca5,34015,5e+06,0,0.0311925,0.2,0.150018,0.2995,0.0106159,0.0469908,1.53141,-0.647477,0.151114,0.564699,0.0683365,-0.647477,296,0,0,0
617,naca534015_re5e+06_a+6,naca5,34015,5e+06,6,0.0311925,0.2,0.150018,0.2995,0.0103183,0.00330954,0.897363,-0.652206,-0.916865,-0.687912,-2.25698,-0.652206,604,0,0,0
618,naca534015_re5e+06_a+12,naca5,34015,5e+06,12,0.0311925,0.2,0.150018,0.2995,0.0581264,0.0382807,0.741029,0.10728,-0.0618419,-0.996763,-0.951324,0.10728,440,0,0,0
619,naca534015_re5e+06_a+18,naca5,34015,5e+06,18,0.0311925,0.2,0.150018,0.2995,0.174249,0.0206006,0.74175,1.95202,-0.494111,-0.995339,0.462569,1.95202,235,0,0,0
620,naca534015_re6e+06_a-6,naca5,34015,6e+06,-6,0.0311925,0.2,0.150018,0.2995,0.00411753,0.038336,1.77131,-0.750711,-0.060491,1.03864,0.227433,-0.750711,271,0,0,0
621,naca534015_re6e+06_a+0,naca5,34015,6e+06,0,0.0311925,0.2,0.150018,0.2995,0.00776821,0.0479261,1.1606,-0.692716,0.173982,-0.167865,-0.686599,-0.692716,395,0,0,0
622,naca534015_re6e+06_a+6,naca5,34015,6e+06,6,0.0311925,0.2,0.150018,0.2995,0.0132059,0.00506025,0.677781,-0.606333,-0.874061,-1.12171,-2.60211,-0.606333,626,0,0,0
623,naca534015_re6e+06_a+12,naca5,34015,6e+06,12,0.0311925,0.2,0.150018,0.2995,0.0616094,0.000420674,0.663447,0.162612,-0.987496,-1.15003,-1.97492,0.162612,579,0,0,0
624,naca534015_re6e+06_a+18,naca5,34015,6e+06,18,0.0311925,0.2,0.150018,0.2995,0.189695,0.0224192,0.728494,2.19739,-0.449647,-1.02153,0.726217,2.19739,173,0,0,0
625,naca534015_re7e+06_a-6,naca5,34015,7e+06,-6,0.0311925,0.2,0.150018,0.2995,0.00449067,0.0404771,1.61503,-0.744784,-0.00814082,0.729901,-0.0230234,-0.744784,313,0,0,0
626,naca534015_re7e+06_a+0,naca5,34015,7e+06,0,0.0311925,0.2,0.150018,0.2995,0.00349855,0.0453036,0.86169,-0.760545,0.109862,-0.758388,-1.40907,-0.760545,509,0,0,0
627,naca534015_re7e+06_a+6,naca5,34015,7e+06,6,0.0311925,0.2,0.150018,0.2995,0.0126545,0.0114145,0.54387,-0.615093,-0.718703,-1.38627,-2.72006,-0.615093,629,0,0,0
628,naca534015_re7e+06_a+12,naca5,34015,7e+06,12,0.0311925,0.2,0.150018,0.2995,0.0766735,0.0136005,0.643949,0.401922,-0.665257,-1.18855,-1.45189,0.401922,521,0,0,0
629,naca534015_re7e+06_a+18,naca5,34015,7e+06,18,0.0311925,0.2,0.150018,0.2995,0.175984,0.0898538,0.721871,1.97957,1.19909,-1.03461,2.14405,1.97957,49,0,0,0
