"rf_coeffs"
"Iteration" "cd etc.."
("Iteration" "cd" "cl")
1 3.244704850626793 4.207242008652082
2 0.6195474515439268 1.659888955091756
3 0.478948259731888 0.5870530654533653
4 -0.01421710301199254 0.02188569673013709
5 0.1971962232865132 0.02068526648428473
6 -0.0190286403130391 0.04448362119505558
7 0.1238500607512244 0.1218419358440521
8 0.008450087903482777 0.1858183641818729
9 0.1027668712932651 0.2265426668919209
10 0.02799089976531933 0.2464078029181145
11 0.08579108136099196 0.2539652768727033
12 0.03929552781878955 0.2813119764064611
13 0.06931016514569271 0.2620882126257864
14 0.04422712530572814 0.2974162872412304
15 0.05538836571974567 0.2595391413867383
16 0.04759527611056444 0.3226459122324196
17 0.0461351040033765 0.2670093748914326
18 0.04830587549271716 0.3224714415400108
19 0.04165367834962717 0.2860825204054339
20 0.04544069524156976 0.3254433795193014
21 0.0414603843476098 0.3160661672936232
22 0.04300654209206212 0.329302155554239
23 0.04116699963929805 0.3351181179388313
24 0.0401313185976869 0.328573024104187
25 0.04048853511903957 0.3457338797030625
26 0.03885634459887994 0.3368809196115538
27 0.03913344750078869 0.3518336058978536
28 0.03750408823768107 0.3478688272875123
29 0.03788120785453996 0.3567869348746756
30 0.03701119598606843 0.3594767339457176
31 0.03668542026978272 0.3628998409384328
32 0.03644112566122458 0.3691197344024146
33 0.03557371522817113 0.368290439878015
34 0.03556230864908005 0.3750567103988389
35 0.03472061986775369 0.3753517648622092
36 0.03467360116091071 0.3805207847969029
37 0.03405504765662082 0.3826034773171091
38 0.03376090177658524 0.3859072644524372
39 0.03340422612921475 0.3896362226573877
40 0.03292917649789077 0.3915387003033929
41 0.03274713341653968 0.3957893680385026
42 0.03219741802475332 0.397464225533971
43 0.03200925176561005 0.401182186302821
44 0.03155043267956629 0.4035084363526356
45 0.03128170113324617 0.4064960937349759
46 0.0309338052916228 0.4094214041287736
47 0.03062163879541123 0.4119295766622389
48 0.03035096377641687 0.4150767014629856
49 0.03001253526789752 0.4175015969005465
50 0.02978295605592646 0.4206508908423785
51 0.02946682552215322 0.423153644809777
52 0.02923315717185136 0.4259249455482321
53 0.02896119301622108 0.4285329564271615
54 0.02872193821057451 0.4311659884070707
55 0.02850078158041327 0.4340119700353278
56 0.02826995598233431 0.4366008721106494
57 0.02807231824931061 0.4394016132644322
58 0.02785233162159429 0.4418205329005059
59 0.027683075328486 0.4446841708513649
60 0.02748449289248251 0.4472009927817638
61 0.02732083044066114 0.4499105137382995
62 0.0271466139225173 0.4525796958165367
63 0.02698788295625925 0.4551489498218246
64 0.02682786215864381 0.4577740909214841
65 0.02666775570046025 0.4603010321278169
66 0.02652246080858627 0.4629388726268448
67 0.02636983141237657 0.4654069313813489
68 0.02623454220764667 0.4680044916735036
69 0.0260865641704593 0.4704605612611086
70 0.02595129454034993 0.4729905120105651
71 0.02581192549841329 0.4754701867388034
72 0.02568371891439827 0.4778864009523026
73 0.02554612079612454 0.4803433816092291
74 0.02542795000774811 0.4827050436206516
75 0.02529008336424086 0.4851145431987832
76 0.02517643702863232 0.4874127617446357
77 0.02504774336393377 0.4897792170906668
78 0.02492754719873805 0.4920422497720625
79 0.0248136586885831 0.4942972488455362
80 0.02469705185522237 0.4965272915437446
81 0.02458867795512757 0.4987533286128664
82 0.02447414910904059 0.500888485465266
83 0.02437092044636049 0.5030453127093892
84 0.02426148037525426 0.5051701933277797
85 0.02416820085733342 0.5072486086850042
86 0.02405823315340002 0.5092704479099226
87 0.023966212112169 0.5112174394114497
88 0.02386880571652608 0.5132630293373366
89 0.023782787236645 0.5152349300665072
90 0.02368656756618874 0.5171078828587792
91 0.02360341449540978 0.518943096822172
92 0.02351630756690089 0.5208286090189097
93 0.02343685564752311 0.5226660193193272
94 0.02335660300778106 0.5244686187836554
95 0.0232808927312025 0.5262299783555929
96 0.02320475814042111 0.5279678601432775
97 0.02313033398732405 0.5296639042430332
98 0.02305925616761859 0.5313329141776305
99 0.02299007338847325 0.5329751798583432
100 0.02292211498816319 0.5345723957266604
101 0.02285708814864995 0.5361616067950854
102 0.02279364916170958 0.5377097312296327
103 0.0227313657459675 0.5392351161634628
104 0.02267148895273894 0.5407334729322489
105 0.02261367304475087 0.5422043192074608
106 0.02255663749595624 0.5436482706550357
107 0.02250133056858556 0.5450622198506762
108 0.02244673936838489 0.5464510792868608
109 0.02239766925917238 0.5478195006707536
110 0.02234573757653573 0.5491543651909353
111 0.02229845998949588 0.5504740953154029
112 0.02224934136360571 0.5517469930568727
113 0.02220169217396049 0.5529855210636111
114 0.02215722919567918 0.5542588344155983
115 0.02211152993064306 0.5554475790181427
116 0.02207237949162701 0.5566892849518367
117 0.02202891367676776 0.5578390938919491
118 0.02198927328635824 0.5589578688474293
119 0.02194906311422687 0.5600680132600075
120 0.02191577992315026 0.5612077672461517
121 0.02187188123053445 0.5622587444814744
122 0.02184195632265547 0.5633473213640001
123 0.02180295290907813 0.5643595123874739
124 0.0217725741444247 0.5654033052134506
125 0.0217328979998473 0.5663859899667033
126 0.02170453979454478 0.567324785058316
127 0.02167289599357842 0.5683291273116102
128 0.02164322896301399 0.5692609352154755
129 0.02161418064222709 0.5701523749186246
130 0.02158682855033163 0.5711072184587478
131 0.02155740751684838 0.5719522015049728
132 0.02153207971910601 0.5728507898022881
133 0.02150422581489628 0.5736910120611585
134 0.02148012364492643 0.5745070121709152
135 0.02145447492800764 0.575337495790603
136 0.02143179836594165 0.5761695662303954
137 0.02140743298116942 0.5769418491332585
138 0.0213855258011318 0.577701891216668
139 0.02136246263490759 0.578467800307177
140 0.02134194213225792 0.5792147980465315
141 0.02132015587621881 0.5799482283549876
142 0.02130070805591238 0.5806662528931473
143 0.02128036098453166 0.5813725937789139
144 0.02126225990747145 0.5820667152613079
145 0.02124286969158599 0.5827497041256875
146 0.02122516403153873 0.5834191505366735
147 0.02120689372846601 0.5840764179477489
148 0.02118995108174959 0.5847222996991733
149 0.02117287862260408 0.5853582772924538
150 0.02115676315478381 0.585994369502733
151 0.02114189845315779 0.586615438664712
152 0.02112347156356322 0.5872012760169889
153 0.02110906700191784 0.5877784624691179
154 0.02109283089052922 0.5883723718511867
155 0.02108018478377038 0.588963297879222
156 0.02106616533628093 0.5895432048439431
157 0.02105053443332008 0.5900798576251449
158 0.02103650788882309 0.5906273986671743
159 0.02102319347292716 0.5911706059869934
160 0.02100944028680802 0.5916970873795551
161 0.02099801239538256 0.5922520958947847
162 0.02098230163434043 0.5927450560698222
163 0.02097062440365202 0.5932617806950251
164 0.02095719692422108 0.5937714515856978
165 0.02094501817663845 0.5942664278723185
166 0.02093186450409118 0.5947539355801527
167 0.02091984017831167 0.5952342468449572
168 0.020908219315165 0.5957296186159298
169 0.02089376662234919 0.5961763871836419
170 0.02088368283528768 0.5966658905916323
171 0.02086925550501317 0.5971080892011452
172 0.02085764286065004 0.5975529501593989
173 0.02084630296189672 0.5980204369733859
174 0.02083255110870352 0.5984461470106714
175 0.02082106766245772 0.5988888330901854
176 0.02080976346227282 0.5993359942321835
177 0.02079534140239773 0.5997411673398737
178 0.0207836647665924 0.6001584992389521
179 0.02077248739610233 0.6006033473518576
180 0.02075767835098768 0.6009918774541784
181 0.02074640774768233 0.6014068171988617
182 0.02073243609573339 0.6018016611130033
183 0.02072072672869532 0.6021950332598384
184 0.02070693343815674 0.6025839605428772
185 0.02069460241719211 0.6029766503438513
186 0.02068212082919614 0.6033826794006626
187 0.02066726161259142 0.6037355362352032
188 0.02065492817337876 0.6041260205278279
189 0.02063978103475207 0.6044841349200991
190 0.02062767172508274 0.6048604209516326
191 0.02061168397466389 0.605200984974295
192 0.02059978101653276 0.6055768798535418
193 0.02058358613388203 0.6059202071605992
194 0.02057043814878711 0.6062646271792188
195 0.02055634733261167 0.6066287672687428
196 0.02054069887534931 0.6069537147356535
197 0.02052682707153418 0.6072976447285008
198 0.02051052212125548 0.6076205245795167
199 0.02049682720889456 0.6079584372207515
200 0.02048007797509031 0.608271283493234
201 0.0204661590629749 0.60860081161877
202 0.02044910106061977 0.6089074953641277
203 0.02043417156333239 0.6092203028968068
204 0.02041812827041832 0.6095300028666016
205 0.02040251938697807 0.6098349546905509
206 0.02038614740590114 0.6101350578995448
207 0.0203701908489341 0.6104312253651728
208 0.02035367184152862 0.6107210682549816
209 0.02033713769958408 0.6110090547065758
210 0.02032055577053738 0.6112927157309279
211 0.02030372653733306 0.6115723973925656
212 0.02028685851675805 0.6118483256252117
213 0.02026992542046694 0.6121196504511387
214 0.02025287811680245 0.6123872475646841
215 0.02023574168337569 0.6126506384556876
216 0.02021853443994197 0.6129104265704983
217 0.02020130310202726 0.6131708387458908
218 0.02018473932771631 0.6134273776039572
219 0.02016566033079883 0.613664014815976
220 0.02014868508206803 0.6138995910057105
221 0.02013096782670387 0.6141442695630606
222 0.0201138819268866 0.6143868076477614
223 0.02009607849270624 0.6146168066073913
224 0.02007851931248087 0.6148432329423855
225 0.02006057325118779 0.6150654765825666
226 0.02004296710810195 0.6152850379281153
227 0.02002526056907686 0.6155000296144547
228 0.02000745551427345 0.6157120907998752
229 0.01998954427359119 0.6159217401908805
230 0.01997201527686911 0.6161257320505394
231 0.01995421313641858 0.6163251267770874
232 0.0199365098160071 0.6165232392482888
233 0.01991883304844367 0.6167126546418488
234 0.01990166379102343 0.6169072941971099
235 0.01988285351467839 0.6170809791722633
236 0.01986575034958759 0.6172616254659753
237 0.0198482538817926 0.6174402173165179
238 0.01983101919148793 0.6176144729885198
239 0.01981356949484556 0.6177843878724721
240 0.01979642669686744 0.6179511921154908
241 0.01977894169375907 0.6181098409799928
242 0.01976188952917257 0.6182682924928399
243 0.01974477396721446 0.6184231246844998
244 0.0197279139953668 0.6185737958852856
245 0.01971095140441548 0.6187204349298626
246 0.01969425044836064 0.6188634824222486
247 0.01967759408357261 0.6190033716538279
248 0.0196610862383068 0.6191393819961946
249 0.01964459300484992 0.6192717634128153
250 0.01962872880459633 0.6194069971432441
251 0.01961161937525284 0.6195234778128805
252 0.01959612596718798 0.619647112594681
253 0.01958041146411446 0.6197701039260151
254 0.01956439680380388 0.6198839613051468
255 0.01954871627726407 0.6199947562962409
256 0.01953323770126314 0.6201023606054009
257 0.01951788575541345 0.6202079904562948
258 0.01950235035821953 0.6203054577616341
259 0.01948780074172982 0.6204074083827573
260 0.01947292953663677 0.6205065816002088
261 0.01945871449625489 0.6206028854038335
262 0.019443679626721 0.6206913685608688
263 0.0194294534523825 0.620776208556754
264 0.01941477907408444 0.6208557452940625
265 0.01940156066119366 0.6209409501216464
266 0.019387227506924 0.6210189771766049
267 0.01937375904903754 0.6210941279036646
268 0.01936008324037616 0.6211657254911039
269 0.01934690361251325 0.6212357854790164
270 0.01933370508533296 0.6213027581641241
271 0.01932078140205994 0.621367140042081
272 0.01930798486887919 0.6214283728808089
273 0.01929543147390387 0.6214880801024671
274 0.01928299632565958 0.6215442168742792
275 0.01927076534419198 0.6215987243874722
276 0.01925873115891823 0.6216501131090761
277 0.01924687445051679 0.6216997405891698
278 0.01923516302312387 0.621746709971785
279 0.01922368743253612 0.6217914435606036
280 0.01921231981880241 0.621833593712715
281 0.01920120786090006 0.6218739871077946
282 0.0191902685167197 0.6219124874181848
283 0.01917950028893593 0.6219483224047835
284 0.01916890874053806 0.6219826100493855
285 0.01915845619887551 0.6220144519604763
286 0.01914821535201619 0.6220444549752869
287 0.01913811782553787 0.6220722909110592
288 0.01912819998593617 0.6220981650422898
289 0.0191185113205816 0.6221233074357713
290 0.01910899771486651 0.6221456935612746
291 0.01909958689823313 0.6221666508224931
292 0.01909033669115235 0.6221851485468121
293 0.01908130213367653 0.6222030134184238
294 0.01907244317898952 0.6222189746360265
295 0.0190637267470975 0.6222334421260056
296 0.01905517361852886 0.6222461992739097
297 0.01904675655310198 0.622257284131448
298 0.01903853372969921 0.6222672886041398
299 0.01903044637545315 0.6222757936480818
300 0.01902254371855362 0.6222830547033447
301 0.01255817856188441 0.6118770126292113
302 0.01300474038385003 0.6092723361125568
303 0.01191499713432936 0.6099847979860851
304 0.01239388978575564 0.6115365383871896
305 0.01228019511380656 0.6141068513869793
306 0.01262764982539352 0.616110592585595
307 0.01257766735129531 0.6176872434033462
308 0.01268247862195686 0.619151093693081
309 0.01257924752170149 0.6201460277398091
310 0.01257839371554646 0.621004206334819
311 0.01243744496388129 0.6217221709014383
312 0.01238802785192424 0.6224222483041761
313 0.01228014391777077 0.6229486750148107
314 0.01220535292063657 0.623544369195836
315 0.01213065010349231 0.62413914477443
316 0.01205197944288254 0.6245582326864402
317 0.01200418961285887 0.6250930850096452
318 0.01192427209570009 0.6254388637627565
319 0.01188455122201341 0.6259131679446988
320 0.01181967440318356 0.6262261483112038
321 0.01177154644775134 0.6265839830481053
322 0.01172652851133202 0.6269151454287915
323 0.01166925345633424 0.6271770239658897
324 0.01163519218402636 0.6274869970604301
325 0.01157854269454947 0.6277000983060037
326 0.01154344453020626 0.6279690221963626
327 0.01149732868608188 0.6281751615896766
328 0.01145623033001756 0.6283858790834402
329 0.01141736753223721 0.6285937888888534
330 0.01137456423555683 0.6287621070411937
331 0.0113407030198496 0.6289628216387797
332 0.01129932701330197 0.629111490648537
333 0.01127008389131945 0.6292955280985645
334 0.01123006545611182 0.6294523088588732
335 0.01119969178461243 0.6296128658983221
336 0.01116766511790757 0.6297662904477488
337 0.01113498235704243 0.6298965506823549
338 0.01110778088895481 0.6300563794090179
339 0.01107781985850758 0.6301712288180601
340 0.01105324627810447 0.6303202809047237
341 0.01102575128924028 0.6304385375431585
342 0.01100201304905407 0.6305589280210763
343 0.0109777083527476 0.6306880929428205
344 0.01095440912513076 0.6307883831587607
345 0.01093510438010538 0.6308982924643398
346 0.01091155107781517 0.630992117932778
347 0.01089351424223648 0.6310948739327689
348 0.01087166893652317 0.6311776922947435
349 0.01085366865026307 0.6312633848461749
350 0.01083380324984013 0.6313370849976707
351 0.0108147626343712 0.6314063766372299
352 0.01079687501045155 0.6314658733221929
353 0.01077647081803833 0.6315191515158852
354 0.01075966220774189 0.631566314535239
355 0.0107390794950835 0.631608018450538
356 0.01072193844142823 0.6316458553580635
357 0.01070171686062402 0.6316709118507544
358 0.01068390673777463 0.6316941100733177
359 0.01066443583237758 0.6317121579309982
360 0.010646593222443 0.631723705430041
361 0.0106279234002955 0.6317351356715386
362 0.01060917103826331 0.6317372650631693
363 0.0105915552958673 0.6317414927862431
364 0.01057465556697478 0.6317386025753513
365 0.01055730627355277 0.6317369718863486
366 0.01054065544695734 0.6317298645358566
367 0.01052392552838468 0.6317204309602901
368 0.01050852763712498 0.6317103968516359
369 0.01049262866584714 0.6316962530763666
370 0.01047808715713902 0.6316832065336598
371 0.01046323784051001 0.6316650555317712
372 0.01044964112251373 0.6316489474166749
373 0.01043573272259907 0.6316283570797196
374 0.0104228285635662 0.6316081711431426
375 0.01040994354404306 0.6315861968975445
376 0.01039761115481834 0.6315616805874325
377 0.01038554745856995 0.6315370070042923
378 0.01037368495472919 0.6315083772675413
379 0.01036273566166949 0.6314816591252012
380 0.01035144425419761 0.6314510901688917
381 0.01034080151557866 0.6314198261009036
382 0.01033038757573763 0.6313869242136352
383 0.01032046014449763 0.631353657141617
384 0.01031011418055441 0.6313166289371596
385 0.0103011376214321 0.6312815014448304
386 0.01029159720521834 0.6312427208461652
387 0.01028227305575748 0.6312026915479665
388 0.0102734648744609 0.631161117876705
389 0.01026440143285867 0.6311182291739313
390 0.01025659778743726 0.6310769399878248
391 0.01024812789176243 0.6310337258421851
392 0.01024006661714526 0.6309855024938904
393 0.0102320370166187 0.6309395053281835
394 0.01022415552211454 0.6308879289017492
395 0.01021719258684878 0.6308442780637962
396 0.01020937478687389 0.6307895154653067
397 0.01020244322450955 0.6307414328813041
398 0.01019502935223891 0.6306849110194689
399 0.01018850154945113 0.6306359088871895
400 0.0101816294824964 0.6305790500600355
401 0.01017509684794904 0.6305262058747518
402 0.01016854303161029 0.6304674832594537
403 0.01016230016537421 0.6304129634986598
404 0.01015602732069147 0.6303529828655834
405 0.01014990379176823 0.6302948018903479
406 0.01014420832925023 0.6302362171597155
407 0.01013844070160497 0.6301775943747179
408 0.01013277465107129 0.6301157877848332
409 0.01012738553335305 0.6300572663756786
410 0.01012187593187426 0.6299934721187026
411 0.01011669017121927 0.629933308016394
412 0.01011149358410041 0.6298690729012482
413 0.01010667963077921 0.6298096212257487
414 0.01010158562436778 0.6297429369280312
415 0.01009687822611311 0.6296810270027248
416 0.01009228796736602 0.6296176598222238
417 0.01008769593326028 0.6295533115865046
418 0.01008327407865237 0.6294886295712047
419 0.01007886459352472 0.6294232922967382
420 0.01007463445555438 0.6293579646124706
421 0.01007056808583301 0.6292939039406181
422 0.01006618985862038 0.6292234059321056
423 0.0100625275961472 0.6291614460194589
424 0.01005838880451837 0.6290916324581839
425 0.01005489474505049 0.6290284518443138
426 0.01005093023599161 0.6289580692182276
427 0.01004762431677548 0.628894852006415
428 0.01004378332186968 0.6288233238401648
429 0.01004067291205477 0.6287599965970385
430 0.01003707804923351 0.6286889454330895
431 0.01003374538104188 0.6286190541394997
432 0.01003087648852439 0.628557743758253
433 0.01002789560464467 0.6284903344101127
434 0.01002480333530925 0.62842063095088
435 0.0100216808523352 0.6283498886647928
436 0.0100188621388891 0.6282822734787206
437 0.01001601798845602 0.6282126814948698
438 0.01001352983742865 0.6281482216240762
439 0.01001092915174035 0.6280789894821784
440 0.0100081706071338 0.6280051606114486
441 0.01000589569074392 0.6279411038505102
442 0.01000332276485622 0.6278683757824983
443 0.01000127259976606 0.6278044821694434
444 0.009998833529088766 0.6277320935977695
445 0.009996963599376048 0.6276682612200768
446 0.009994632610251228 0.6275943245626971
447 0.009992938291226196 0.6275308036261238
448 0.009990817142347548 0.6274583056944971
449 0.009989173509757107 0.6273929163638853
450 0.00998743231005191 0.6273264851472917
451 0.009985726419379982 0.627255428842287
452 0.009983825064010441 0.6271816214733077
453 0.009982439870069207 0.6271171485210407
454 0.009980929949560425 0.6270471868665725
455 0.009979749854088935 0.6269831386678407
456 0.009978432038929211 0.6269158825538746
457 0.00997725798246202 0.6268484733493355
458 0.00997586083820824 0.6267750133532826
459 0.009974932237766283 0.6267121076979272
460 0.009973888790810615 0.626644284649845
461 0.009973036788152999 0.6265777002346697
462 0.009971847513201598 0.6265091622964063
463 0.009971367220052957 0.626443127209546
464 0.009970423386638031 0.6263752273682222
465 0.009969998996520939 0.6263090231139117
466 0.00996919302090293 0.6262425137093229
467 0.009968905122991605 0.6261766829769261
468 0.0099682309754988 0.6261108101208334
469 0.00996810593467822 0.626048026903097
470 0.009967607630774504 0.6259816765861927
471 0.009967593144030135 0.6259120095257497
472 0.009967049606828636 0.6258507438203148
473 0.009967193233568275 0.6257876121588064
474 0.009966982353311426 0.6257213516658501
475 0.009966990457484809 0.625656664214722
476 0.009966900424554269 0.6255918919871425
477 0.009966999392240784 0.6255265203831101
478 0.009966946273673727 0.6254595319296514
479 0.009967509792553227 0.6254072376474565
480 0.009967820824350153 0.6253355914409156
481 0.009968145477261487 0.6252790366630762
482 0.009968541566776875 0.6252132792704526
483 0.009969031918961316 0.6251548109318976
484 0.00996948231426336 0.6250890598140018
485 0.009970053469424485 0.6250276108181294
486 0.00997075005404327 0.6249716665315457
487 0.009971388547456345 0.6249065485935114
488 0.009972041732465114 0.6248472389353776
489 0.009972873470261901 0.6247880512000349
490 0.009973768018264627 0.6247291334965215
491 0.009974583085117493 0.6246684863967049
492 0.009975494398584901 0.6246084263646333
493 0.009976485483088257 0.6245533348342318
494 0.009977584882933065 0.6244964647500333
495 0.009978610320701142 0.6244369137913388
496 0.009979783055125688 0.6243844236488827
497 0.009980858447541662 0.6243242992056119
498 0.009982101242764298 0.6242698763538336
499 0.009983275686019659 0.6242102384216802
500 0.0099845013277723 0.6241566526402156
501 0.009985796963550305 0.6241014467463998
502 0.009987152188813426 0.6240463102673462
503 0.00998852384974875 0.6239923302738489
504 0.009989922584838114 0.6239382077944998
505 0.009991382995320593 0.6238854062422824
506 0.009992888388832825 0.6238372312763503
507 0.009994485582868194 0.6237796335714337
508 0.009995936751410169 0.6237289349052318
509 0.009997492116259277 0.6236781515657095
510 0.009999119859743982 0.6236243652176798
511 0.0100006350558899 0.6235762507234374
512 0.01000245805609688 0.6235247701641896
513 0.01000414533424497 0.623476321525908
514 0.01000590119168724 0.6234251776052375
515 0.01000757018639889 0.6233820309413837
516 0.01000952813539185 0.623329022944131
517 0.01001119233241164 0.6232878669302809
518 0.01001316532482143 0.6232401078866914
519 0.01001495903448244 0.6231917831939304
520 0.01001677640762899 0.6231476102294335
521 0.01001863720072768 0.6231011385545966
522 0.01002056318824606 0.6230556386064232
523 0.01002238241548304 0.6230135226762142
524 0.01002446019125123 0.6229695457643913
525 0.01002629218956402 0.6229284416054501
526 0.01002827937546309 0.6228870455434456
527 0.01003022230796162 0.6228466849828896
528 0.01003232306748437 0.6228024628293272
529 0.01003417650938194 0.6227601862296156
530 0.01003619511932688 0.6227194616903826
531 0.01003796541200382 0.6226844803638443
532 0.01004013450759166 0.6226447858787111
533 0.01004223486710276 0.622605279975155
534 0.01004422068311154 0.6225657307741531
535 0.01004599446926023 0.6225259875472625
536 0.01004801856644619 0.6224891107121002
537 0.01005015988949318 0.6224536548766821
538 0.010052504830988 0.6224135307264312
539 0.01005429725239169 0.6223863629166209
540 0.0100563243233219 0.6223538696870545
541 0.01005868292745208 0.6223172939309722
542 0.010060676958243 0.622281993459231
543 0.01006261197383439 0.6222454521845687
544 0.01006449332219951 0.6222128116853088
545 0.01006640908088871 0.6221858236061182
546 0.01006870537028135 0.6221528078460623
547 0.01007062596211116 0.6221264736980026
548 0.01007283690922434 0.6220913417592771
549 0.01007462826588076 0.6220672244829293
550 0.01007682763560503 0.6220333602328155
551 0.01007886978043065 0.622001506072994
552 0.01008059638920797 0.6219766778304158
553 0.01008247287921367 0.6219540063004984
554 0.01008490490385315 0.6219222646715618
555 0.01008677484607808 0.6218964863731481
556 0.01008857247657183 0.6218730395451563
557 0.01009076877890425 0.621843181594158
558 0.01009258060891979 0.6218197166963284
559 0.01009439423034932 0.6217984789420067
560 0.01009647827838956 0.6217729348966803
561 0.01009837051130705 0.6217513916653818
562 0.01010053526996857 0.6217227032931861
563 0.01010220025997475 0.6217034952568714
564 0.01010385344390267 0.6216854783598562
565 0.0101062383958563 0.6216603467487979
566 0.01010772323354311 0.6216438730882693
567 0.01010987008587832 0.6216200902789435
568 0.01011154472567705 0.6216016071602974
569 0.01011342066697782 0.6215817910536785
570 0.01011512145710356 0.6215650513419078
571 0.01011702922400586 0.6215459066775063
572 0.01011871013904791 0.6215300178444564
573 0.01012049553876667 0.6215127231852242
574 0.0101222597307006 0.6214960052184787
575 0.01012397888201724 0.6214794938620237
576 0.01012563730589259 0.6214635444476205
577 0.01012741569094489 0.6214472739433363
578 0.01012905208560561 0.621432145978385
579 0.01013060153784314 0.6214198399072456
580 0.01013237655519065 0.621404717988571
581 0.01013396451703682 0.6213923506508506
582 0.01013558552622947 0.6213788322404427
583 0.01013713020531724 0.6213670610013093
584 0.01013872610472734 0.621354318586446
585 0.01014022801737408 0.6213432632797288
586 0.01014179597121181 0.6213315249330882
587 0.01014325297830648 0.6213211855453168
588 0.01014478334897428 0.6213101080062826
589 0.01014621008072228 0.6213007232122731
590 0.01014764378473003 0.6212911025754873
591 0.01014912181226864 0.6212819088541719
592 0.01015050500503787 0.6212730584884764
593 0.01015193115361038 0.6212647018158776
594 0.01015326661881597 0.6212566990523577
595 0.01015465397960912 0.621249171225367
596 0.01015595106367828 0.6212419670047123
597 0.01015730200818479 0.621235211970329
598 0.01015855835031411 0.6212287581803471
599 0.01015986937916819 0.6212227325932447
600 0.01016108422009563 0.6212169977527351
601 0.01016235570704305 0.6212116924620954
602 0.01016352879575759 0.6212066620937383
603 0.01016470524068023 0.6212023377897028
604 0.01016590340239654 0.6211976996197908
605 0.01016704820496708 0.6211939523546776
606 0.01016813361798313 0.6211901868729187
607 0.01016931028691686 0.6211868477180688
608 0.01017035630144826 0.621183780568009
609 0.01017141427487552 0.6211813595363084
610 0.01017242221633126 0.621178852588599
611 0.010173538489702 0.6211768223625762
612 0.01017450657751176 0.6211749910940755
613 0.01017556699570033 0.6211736779339955
614 0.01017647597744132 0.6211724794015996
615 0.01017749186106473 0.6211718212742241
616 0.0101783588369548 0.6211711966861213
617 0.01017933863131146 0.6211711513251659
618 0.01018016420815051 0.6211710427981908
619 0.0101811100909356 0.6211716387159822
620 0.01018189292045626 0.6211720259272316
621 0.01018272288976372 0.6211730908282233
622 0.01018353101010946 0.621173904649351
623 0.01018435268383794 0.6211755504866173
624 0.01018503984041084 0.6211768148274431
625 0.01018597473529255 0.6211791178504493
626 0.0101865754717504 0.6211807641904039
627 0.01018735927858776 0.6211837025488004
628 0.01018797564422547 0.62118579713932
629 0.01018874743170139 0.6211892932413337
630 0.01018933005353231 0.6211918263950208
631 0.01019006194164015 0.6211958087461176
632 0.0101906005582063 0.6211987258669978
633 0.01019129012740354 0.6212031634611461
634 0.01019178770416741 0.6212064535256868
635 0.01019236336387248 0.6212109998854487
636 0.01019288760124099 0.6212148910429311
637 0.0101935461643392 0.6212203468461553
638 0.01019395682640884 0.6212245245273162
639 0.01019452918793994 0.6212301977721337
640 0.01019490944981216 0.6212347407627407
641 0.01019544585135483 0.6212407631408576
642 0.01019579930146703 0.621245593903529
643 0.01019636312615768 0.6212523614419171
644 0.01019676087386993 0.6212581778969251
645 0.01019708815665161 0.6212639509804149
646 0.01019743797357079 0.6212700118833263
647 0.01019775708631485 0.6212762396495972
648 0.01019809475220041 0.621282852480738
649 0.0101984035326715 0.6212895280345738
650 0.0101986634037416 0.6212960925308784
651 0.0101989760406547 0.6213033827738942
652 0.01019922747462028 0.6213104587660099
653 0.01019950989626195 0.6213180651822959
654 0.01019966455478641 0.6213247726608531
655 0.01019995434211589 0.6213331865943074
656 0.01020009945285153 0.6213403066245494
657 0.01020035289629019 0.6213489780144406
658 0.01020052314286308 0.6213570089295398
659 0.01020068742658355 0.6213651847846356
660 0.01020072737599315 0.6213724046765022
661 0.01020088813494998 0.6213813926816282
662 0.01020098845585173 0.6213899129467142
663 0.0102010963000116 0.6213985094345659
664 0.01020114118024333 0.6214070309139501
665 0.01020125591399643 0.6214165090977157
666 0.01020123990816251 0.621424704100537
667 0.01020129308683053 0.6214340964941458
668 0.01020128010811695 0.6214430184909159
669 0.01020131566391569 0.6214526639958947
670 0.01020124416085005 0.621461243348165
671 0.01020122725728398 0.6214708625489764
672 0.0102011262836849 0.6214796438617114
673 0.01020109116187743 0.6214895829473071
674 0.01020097704315891 0.6214986818665998
675 0.01020092134340223 0.6215088423465061
676 0.01020078070751298 0.6215180876811615
677 0.01020069312503019 0.6215283591852765
678 0.01020052765883819 0.6215377868099607
679 0.01020041070255543 0.6215481526908371
680 0.01020021676972486 0.621557679988718
681 0.01020007078503918 0.6215681386475176
682 0.01019985079637545 0.621577782867603
683 0.01019967805033787 0.6215883428401653
684 0.01019943331501111 0.6215980997159806
685 0.01019923429776864 0.621608754073659
686 0.01019896545340239 0.6216186173127313
687 0.0101987408996005 0.6216293564998255
688 0.01019844732186191 0.6216392918559093
689 0.0101981968246408 0.6216500956522886
690 0.01019788004247462 0.6216601137040427
691 0.01019760505573366 0.6216709762168007
692 0.01019726565893092 0.6216810645466687
693 0.01019696664292482 0.6216919782653845
694 0.01019660438601288 0.6217021668929423
695 0.01019628079922327 0.621713100203651
696 0.01019589791536638 0.6217232746175431
697 0.01019555143468135 0.6217342415216615
698 0.01019514551970919 0.621744475230061
699 0.0101947767802186 0.6217554713407173
700 0.01019434975426681 0.6217657415393787
701 0.01019395923145195 0.6217767472927586
702 0.01019351193267993 0.6217870385334184
703 0.01019310035673382 0.6217980467586434
704 0.01019263345646476 0.6218083539247924
705 0.01019220134645599 0.6218193538842791
706 0.01019171525570554 0.6218296672781355
707 0.01019126318450934 0.6218406541139208
708 0.01019075842943784 0.6218509675795717
709 0.0101902870220821 0.6218619330262272
710 0.01018977168973727 0.6218722263726058
711 0.0101892709100099 0.6218831616855774
712 0.01018873532849973 0.6218934474646943
713 0.01018822356731365 0.6219043351628726
714 0.01018766773841726 0.6219146172188164
715 0.01018714183988907 0.6219254740048824
716 0.01018656957079481 0.6219357245239014
717 0.01018602556401083 0.6219464999895042
718 0.01018544004027216 0.6219567573345072
719 0.01018488167675754 0.6219675468521568
720 0.01018427479834335 0.6219776300111832
721 0.01018370072194522 0.6219883377230766
722 0.01018307867211694 0.6219983798070765
723 0.01018248989613928 0.6220090361140073
724 0.01018185401199705 0.622019027443994
725 0.01018125133653362 0.6220296123015854
726 0.01018060236739965 0.6220395393191167
727 0.01017998614901565 0.6220500424122541
728 0.01017932116464064 0.622059284987273
729 0.01017867573175494 0.6220702855312209
730 0.01017801810855087 0.6220796634700662
731 0.0101773714387805 0.6220906542275398
732 0.01017670771203878 0.6221005412556213
733 0.01017606010864554 0.6221107288080808
734 0.01017536177854825 0.6221188428666934
735 0.01017463479384706 0.6221302149926663
736 0.01017396684714311 0.6221386491697211
737 0.01017326615667191 0.6221501549280982
738 0.01017260468369367 0.622158501642445
739 0.01017188429952801 0.6221697125691193
740 0.01017120202264261 0.6221778290987123
741 0.01017046159599415 0.6221881255681974
742 0.01016971656351895 0.6221980263740742
743 0.01016904650172867 0.6222071033251536
744 0.01016828265968142 0.6222165110864343
745 0.0101675850643781 0.6222247575245048
746 0.01016678606066675 0.6222334647593113
747 0.01016604037226158 0.6222439462788615
748 0.0101653475581281 0.6222541275553581
749 0.01016465534077229 0.6222632782088892
750 0.01016389154520161 0.6222720162436719
751 0.01016311950102536 0.6222805045832797
752 0.01016230746772341 0.622288531400587
753 0.01016153377735313 0.622297294949574
754 0.01016074337317821 0.6223058528316363
755 0.01016000905430698 0.6223153738035158
756 0.01015926159507941 0.6223233074378919
757 0.01015849813597528 0.6223324765439062
758 0.01015772282644838 0.6223402231359633
759 0.01015693913726669 0.6223492254192009
760 0.01015615692100255 0.6223568398114913
761 0.01015536946122563 0.6223657150122692
762 0.0101545868904985 0.6223732301029068
763 0.01015379956965032 0.6223819543410208
764 0.01015301577729498 0.6223893274442476
765 0.01015222403203776 0.6223978808575558
766 0.01015143777121141 0.6224051263744038
767 0.01015064334112618 0.6224135138650476
768 0.01014985461666419 0.6224206047831574
769 0.01014905641069851 0.6224288266271167
770 0.01014826504663058 0.6224357829704723
771 0.01014746635626962 0.6224438408541576
772 0.01014667305440606 0.622450641218853
773 0.0101458721235167 0.6224585292912329
774 0.01014507749374113 0.6224651948603694
775 0.01014428871167805 0.6224724874907606
776 0.01014346461904963 0.622479486720773
777 0.01014268860631508 0.622486725576834
778 0.01014187437440296 0.6224935450483027
779 0.01014109846574015 0.6225005625177158
780 0.01014028101631595 0.6225071590576555
781 0.010139500815473 0.6225139640007428
782 0.01013868134505765 0.6225203797696918
783 0.01013790146826549 0.6225270187680289
784 0.01013708377805712 0.6225332848749083
785 0.01013630635029376 0.62253977093157
786 0.0101354908931585 0.622545885462762
787 0.01013471550394009 0.6225522089415753
788 0.01013390148468971 0.6225581631927367
789 0.01013312773983749 0.6225643187086174
790 0.01013231525665251 0.6225701080109093
791 0.01013154350722589 0.6225760930286207
792 0.01013073323119526 0.6225817172411771
793 0.01012996305102751 0.6225875290187979
794 0.01012915583198079 0.6225929827367163
795 0.01012838996913921 0.6225986432049448
796 0.01012758628937705 0.6226039372467148
797 0.01012682577887563 0.6226094641715145
798 0.01012602343518162 0.6226146274068786
799 0.01012526635743313 0.622619903208249
800 0.01012446608217309 0.6226248731317423
801 0.01012371308542323 0.6226299871005347
802 0.01012291689141464 0.6226348094782895
803 0.0101221688552358 0.6226397705950421
804 0.01012137744420472 0.6226444391335617
805 0.01012063455927688 0.6226492361284605
806 0.01011986900850451 0.6226534506791446
807 0.01011909438412823 0.6226584332325262
808 0.01011834405015661 0.6226625390926426
809 0.01011758191172707 0.6226673437669725
810 0.010116839117382 0.622671264197056
811 0.01011608179761206 0.622675851871617
812 0.01011534261219149 0.6226795885906119
813 0.01011458876696613 0.6226839823208046
814 0.01011385384448901 0.6226875622920769
815 0.0101131068118696 0.6226917930205154
816 0.01011237942663641 0.6226952344549773
817 0.01011163982517147 0.622699305286443
818 0.01011091848211215 0.6227026038881545
819 0.01011021105902387 0.6227062742434643
820 0.01010945731573259 0.6227097147489797
821 0.01010876277062984 0.6227132611868842
822 0.01010802392253727 0.6227165283548275
823 0.01010734068954585 0.6227198925513739
824 0.01010660825723551 0.6227229792199939
825 0.0101059301495325 0.6227261663675869
826 0.01010520284620818 0.6227290861998039
827 0.0101045317715938 0.6227321177724969
828 0.01010381231858314 0.6227348894944494
829 0.01010314405949078 0.622737769190821
830 0.01010244271903715 0.622740406174413
831 0.01010178280761524 0.622743150584435
832 0.01010108768653489 0.6227456436704897
833 0.01010043566364065 0.6227482375517649
834 0.01009974750407296 0.6227505789565005
835 0.01009910297211402 0.6227529686588135
836 0.0100984249069327 0.6227551352730375
837 0.01009778787952962 0.622757479194102
838 0.01009711992689409 0.6227595311068519
839 0.01009649167081977 0.6227617407030505
840 0.01009583258764775 0.6227636494947004
841 0.01009521366705417 0.6227657030770488
842 0.01009456311519688 0.6227674630246225
843 0.01009395532927276 0.6227694278422189
844 0.01009331066007026 0.6227710833937866
845 0.01009271456999043 0.6227728187476423
846 0.01009207887701754 0.6227743003496402
847 0.01009149118931666 0.6227759130114393
848 0.010090891114238 0.6227772108640548
849 0.01009028660132313 0.6227788270443232
850 0.01008968452009874 0.6227800391951873
851 0.01008912196662669 0.622781419077773
852 0.01008850898489097 0.6227825938462984
853 0.01008794983946553 0.6227838600995629
854 0.01008734711320253 0.6227848886145049
855 0.01008680174954876 0.6227860170789731
856 0.0100862111315274 0.62278690351263
857 0.01008567855756861 0.6227879006646576
858 0.01008509884401798 0.622788551453382
859 0.01008457343096692 0.6227895314414102
860 0.010084004179562 0.6227901140050232
861 0.01008349030107441 0.6227909981823802
862 0.01008293156472105 0.6227914544267477
863 0.01008242946011434 0.6227922215232061
864 0.01008188075445811 0.6227925548806531
865 0.01008138976468715 0.6227932167073726
866 0.0100808520996129 0.622793469358629
867 0.01008037063306395 0.6227939908264725
868 0.01007984258433416 0.6227941299518474
869 0.01007937210937814 0.6227945549013668
870 0.01007885466370389 0.6227945919151738
871 0.01007839539041365 0.6227949274645164
872 0.01007788835850565 0.6227948625483233
873 0.01007744040960506 0.6227951089819354
874 0.01007694410111182 0.6227949432090152
875 0.01007650753812157 0.6227951024614515
876 0.01007602177365658 0.6227948353083811
877 0.01007559645705142 0.6227949090549796
878 0.01007512135123257 0.6227945440554388
879 0.01007470729912049 0.6227945364911223
880 0.01007424299345155 0.6227940773772696
881 0.01007384017708559 0.6227939911540107
882 0.01007338671857794 0.6227934409796038
883 0.01007299517268642 0.6227932779613333
884 0.01007255278803685 0.6227926412431304
885 0.01007217259244049 0.6227924066256293
886 0.01007171695001904 0.6227920115706947
887 0.01007133683132143 0.6227916693370306
888 0.01007090177052723 0.6227911269908878
889 0.01007054185677755 0.6227906289001529
890 0.01007012668491826 0.6227899496537032
891 0.01006978061159302 0.6227893601414118
892 0.01006937809348446 0.6227886135406966
893 0.01006901753881607 0.622788251370763
894 0.01006864279602624 0.6227872147151372
895 0.0100683097679471 0.6227867040497468
896 0.01006792392759592 0.6227859114340535
897 0.0100676136257461 0.6227851143537162
898 0.01006725140178728 0.6227841496650169
899 0.01006695086161595 0.6227832975695995
900 0.01006659655802884 0.6227823185681146
901 0.01006630209031964 0.622781457826058
902 0.01006595755798923 0.6227804604228855
903 0.01006567314341252 0.6227795644723185
904 0.01006534041031682 0.6227785182509952
905 0.01006506710818039 0.6227775666562859
906 0.01006474661654657 0.6227764682041544
907 0.01006448249698594 0.6227754840243798
908 0.0100641652373218 0.6227741960381608
909 0.0100639172614921 0.6227731905984586
910 0.01006363320901724 0.6227715987626844
911 0.0100634068340293 0.6227705928931908
912 0.01006311662047619 0.6227694988988728
913 0.01006288318581637 0.6227685374433658
914 0.01006261196296126 0.6227669062470595
915 0.01006240044062525 0.6227658174898323
916 0.01006214142123262 0.6227641963246435
917 0.01006193721927378 0.6227631512194223
918 0.01006168603163491 0.6227615741782476
919 0.010061489850492 0.6227605336487174
920 0.01006124949862517 0.6227589430370053
921 0.01006106350391568 0.6227578619390058
922 0.01006085513766259 0.6227564020455629
923 0.01006068576038841 0.6227553680562711
924 0.01006046438730925 0.6227536937812103
925 0.01006028843578217 0.6227524888283674
926 0.0100600715424527 0.622750729158044
927 0.01005990785375976 0.6227495202258543
928 0.01005970930867319 0.6227478088121198
929 0.01005956180946304 0.6227466384147284
930 0.01005937980492913 0.6227449630998257
931 0.01005924423443219 0.6227437980522363
932 0.01005907366751111 0.6227421176165472
933 0.01005894662781751 0.6227409323451614
934 0.0100587851154721 0.6227392327945278
935 0.01005866633651481 0.6227380300627765
936 0.01005851435243358 0.6227363198600716
937 0.01005840454311565 0.6227351090381813
938 0.0100582630683238 0.6227334007380205
939 0.01005816257615611 0.6227321860242695
940 0.01005803167231073 0.6227304821145959
941 0.01005794105595409 0.6227292751772185
942 0.01005782111077961 0.6227275833078235
943 0.01005773987112351 0.6227263796177612
944 0.01005761407118285 0.6227244759644418
945 0.01005752355934447 0.622723067593153
946 0.01005742952433792 0.6227215139954402
947 0.01005737604389238 0.6227204278899561
948 0.01005729206677462 0.6227187709405363
949 0.01005724159255918 0.6227175936347227
950 0.01005717208621645 0.6227160637484762
951 0.01005713323735561 0.6227149414200709
952 0.01005706852638622 0.6227133942125468
953 0.01005703097452504 0.6227122214601439
954 0.01005696866182363 0.62271062795114
955 0.01005693657770796 0.6227094406349478
956 0.01005688292253174 0.6227078612713648
957 0.01005686682924586 0.6227068272940076
958 0.01005682448504362 0.6227052201928819
959 0.01005681258320826 0.6227041561600266
960 0.01005677461290031 0.6227025432019523
961 0.01005676457542229 0.622701388535737
962 0.01005673883557405 0.6226999140369626
963 0.01005674551897258 0.6226988821759347
964 0.01005674569777067 0.6226977636978439
965 0.01005677165539942 0.622696860337086
966 0.01005676975320106 0.6226954487091765
967 0.01005677833523924 0.6226943178118657
968 0.01005675838627471 0.6226926274347485
969 0.0100567704967098 0.6226916317289261
970 0.01005678147282293 0.6226903432010972
971 0.01005682129622243 0.6226894656283423
972 0.01005684812531046 0.6226882575340575
973 0.01005689273204679 0.6226873931401825
974 0.01005692155329084 0.6226861767926923
975 0.01005696830704722 0.6226853111133845
976 0.01005699745722053 0.6226839750373621
977 0.01005704792378442 0.6226832381547105
978 0.01005709649415636 0.6226821985409066
979 0.01005716419846524 0.6226814781444819
980 0.01005721302479195 0.6226801600850017
981 0.01005727056924038 0.6226794501476932
982 0.01005733072498091 0.6226786174514812
983 0.01005742037173819 0.6226780709132569
984 0.01005749439683568 0.6226770399479982
985 0.01005756954480975 0.6226764463278915
986 0.01005763983288265 0.6226755347105527
987 0.01005772677978287 0.6226749351077031
988 0.01005780343089724 0.6226739358072431
989 0.01005788863327088 0.6226734422008822
990 0.01005797657365484 0.6226727036173552
991 0.0100580828041387 0.6226722854990294
992 0.01005818096920257 0.622671490370603
993 0.01005828144150962 0.6226711373210128
994 0.01005838312070875 0.6226705333985676
995 0.01005849996112681 0.6226702166750632
996 0.010058609353221 0.6226695398999653
997 0.01005871777750698 0.6226692787967951
998 0.01005882591635482 0.6226688693827068
999 0.01005895645973746 0.6226687130312027
1000 0.01005908823013453 0.6226681959485412
1001 0.01005920807383682 0.6226679433940845
1002 0.01005931595880342 0.6226675658709758
1003 0.01005944839729833 0.6226674850359265
1004 0.0100595903439328 0.6226671403959023
1005 0.01005972588736444 0.6226670765073887
1006 0.01005984973420713 0.622666896414879
1007 0.01005999668377494 0.6226669951852513
1008 0.01006014617023192 0.6226669105939027
1009 0.01006029948206639 0.6226670268216423
1010 0.0100604431622918 0.6226669424203691
1011 0.01006059262233724 0.6226670771643938
1012 0.01006073766873597 0.6226670589354942
1013 0.01006089318395609 0.6226672839771392
1014 0.01006104610176455 0.622667376808084
1015 0.01006120895874847 0.6226677034798688
1016 0.01006136890734126 0.6226678976706294
1017 0.01006153748633682 0.6226683111822575
1018 0.01006170196984857 0.6226685888873777
1019 0.01006187454227317 0.6226690793049007
1020 0.01006204248549881 0.6226694275960293
1021 0.01006221742151343 0.622669984988945
1022 0.0100623880227814 0.6226704119588327
1023 0.01006256665036998 0.6226710531320984
1024 0.01006274049027997 0.6226715628072638
1025 0.01006292205814583 0.6226722793694812
1026 0.01006309958413154 0.6226728744651335
1027 0.01006328529694171 0.6226736716388723
1028 0.01006346695832954 0.6226743599072818
1029 0.01006365739003001 0.6226752521886265
1030 0.01006384267686664 0.6226760313276632
1031 0.01006403621178751 0.6226770092800897
1032 0.01006422393240003 0.6226778717601549
1033 0.01006442000686936 0.6226789318630931
1034 0.01006461007632188 0.6226798783920774
1035 0.01006480903426809 0.6226810257283989
1036 0.01006500164999436 0.6226820602276464
1037 0.01006520397910783 0.622683304999733
1038 0.01006539913731124 0.6226844256848534
1039 0.0100656034679681 0.6226857532977547
1040 0.01006580075201215 0.6226869605453886
1041 0.01006600811396144 0.622688381503105
1042 0.01006620472790486 0.6226896480064393
1043 0.01006641714974592 0.6226911758712506
1044 0.01006662103908533 0.6226925865913603
1045 0.01006683348483253 0.6226942077632015
1046 0.01006703503835923 0.6226956782386512
1047 0.01006724872116744 0.6226973772267563
1048 0.01006748303759844 0.6226994763700181
1049 0.01006769382536079 0.6227013369753246
1050 0.01006788548000841 0.6227028416330229
1051 0.01006812596917321 0.6227051187594914
1052 0.01006831870962413 0.6227067532253004
1053 0.01006855491850707 0.6227090625086192
1054 0.01006874299900265 0.6227107119449568
1055 0.01006897754372437 0.6227130648096327
1056 0.0100691659799101 0.6227147794644601
1057 0.01006940368098284 0.62271723762697
1058 0.01006960915637371 0.6227191784137884
1059 0.01006985682877062 0.6227218473551224
1060 0.01007003915328174 0.6227236726810528
1061 0.01007027924329808 0.6227263692089008
1062 0.01007046164037248 0.6227282747209938
1063 0.01007070583431888 0.6227311046750338
1064 0.01007092661189393 0.6227337159399352
1065 0.01007112466039238 0.622736008575598
1066 0.01007134212690196 0.6227385682880584
1067 0.01007158939719238 0.6227416575758232
1068 0.01007180115356789 0.6227443253113963
1069 0.01007203298455397 0.6227473457341622
1070 0.01007225064520936 0.6227501467518157
1071 0.01007246025117974 0.6227529580197236
1072 0.01007267029105761 0.6227557404706144
1073 0.01007288331699218 0.6227586775212782
1074 0.01007307927787659 0.6227613922614306
1075 0.01007331355207142 0.6227646869388769
1076 0.01007351696268566 0.6227675793185841
1077 0.01007375178319649 0.6227709867995854
1078 0.01007395234404177 0.6227739461523566
1079 0.01007418451657138 0.6227774317045305
1080 0.01007438285445796 0.6227804576216238
1081 0.01007461170753939 0.6227840260094433
1082 0.01007480802306109 0.622787136694269
1083 0.01007503818457129 0.6227908232850999
1084 0.01007523367846699 0.6227940229431975
1085 0.01007546429113837 0.6227978234838449
1086 0.01007565792773451 0.6228011049323692
1087 0.01007588770325051 0.6228050093569988
1088 0.01007607923031359 0.622808371282729
1089 0.01007630852676675 0.6228123839422264
1090 0.01007649835091137 0.622815829514047
1091 0.01007671052815254 0.6228197081906476
1092 0.01007688729271703 0.6228230932768491
1093 0.01007714209063905 0.6228277439513373
1094 0.01007734239522973 0.6228315081650435
1095 0.01007757266662825 0.6228358445784041
1096 0.01007770586895034 0.6228387233203614
1097 0.01007796386658372 0.6228438298061151
1098 0.01007810434702419 0.6228469037371718
1099 0.01007835544288912 0.622851766347546
1100 0.01007852187013113 0.6228552736896685
1101 0.01007877003792012 0.6228601268868751
1102 0.0100789235789299 0.6228636590760689
1103 0.01007916285307518 0.6228686202773061
1104 0.01007931160911579 0.6228722590764173
1105 0.01007955322218374 0.6228773824787599
1106 0.01007970267124632 0.6228811215771807
1107 0.01007990169115757 0.6228857006009262
1108 0.010080064688535 0.6228896405627485
1109 0.01008028676729021 0.6228945770833343
1110 0.01008045917616725 0.6228987442601157
1111 0.01008068224776369 0.6229038633407199
1112 0.0100808489910643 0.6229081194283026
1113 0.01008106558841232 0.6229133174004359
1114 0.0100812267979991 0.6229176290300185
1115 0.0100814395165331 0.6229229005056863
1116 0.01008159706323073 0.622927272076784
1117 0.01008180736724166 0.6229326307708063
1118 0.01008196249874173 0.6229370804967714
1119 0.01008217117795689 0.6229425406903567
1120 0.01008232361491827 0.6229470681940864
1121 0.01008252915092771 0.622952614940376
1122 0.01008267783289871 0.6229572140517049
1123 0.01008288089051257 0.6229628609805079
1124 0.01008302581162716 0.6229675290720261
1125 0.01008322476119339 0.6229732502895395
1126 0.01008338875609568 0.6229784184217805
1127 0.01008360137468532 0.6229844034329189
1128 0.01008372176715029 0.6229888821706555
1129 0.01008387184515113 0.6229940949648589
1130 0.01008399210682557 0.6229989330839513
1131 0.01008418743679717 0.62300507776323
1132 0.01008435399776162 0.6230106499049731
1133 0.01008453241396497 0.623016319828124
1134 0.01008465587819755 0.6230213326673615
1135 0.01008484028095948 0.623027528556591
1136 0.0100849644916633 0.6230326676207533
1137 0.01008514492802511 0.6230389070601295
1138 0.01008526437458507 0.6230440818057029
1139 0.01008543902088162 0.6230503765716338
1140 0.01008555327691197 0.6230556026804638
1141 0.01008572317148823 0.6230619687459074
1142 0.0100858334180157 0.6230672580459463
1143 0.01008600015416007 0.6230737103658783
1144 0.01008610698462072 0.6230790683920855
1145 0.01008626991623929 0.6230855982021353
1146 0.01008637212955896 0.623091014602246
1147 0.01008653125228164 0.6230976237521185
1148 0.01008662962951921 0.6231031024777606
1149 0.01008678450967433 0.6231097833564642
1150 0.0100868785803588 0.6231153174543781
1151 0.01008702885072309 0.6231220667016656
1152 0.01008711839199482 0.6231276548505541
1153 0.01008726451855747 0.6231344779093705
1154 0.01008734978700888 0.6231401236754213
1155 0.01008749134312845 0.6231470135740859
1156 0.01008757208322736 0.6231527161119518
1157 0.01008770903380544 0.6231596763655773
1158 0.01008778529059562 0.6231654323414211
1159 0.01008793779192632 0.6231729199033814
1160 0.01008799744166481 0.6231782763017641
1161 0.01008813067184189 0.6231856563219479
1162 0.01008818001626115 0.6231910564403772
1163 0.01008828874980519 0.6231980756579353
1164 0.01008835145435605 0.6232040659167675
1165 0.01008849610194785 0.6232118387434957
1166 0.01008855065783175 0.623217449473202
1167 0.01008867575245286 0.6232250524065328
1168 0.01008871372281168 0.6232306216777327
1169 0.01008882625626816 0.6232382695297857
1170 0.01008886280795812 0.6232439288543687
1171 0.01008897614058505 0.6232516948866961
1172 0.0100890090646097 0.6232574078341057
1173 0.01008911856069124 0.6232652468487984
1174 0.01008914864828468 0.6232710130306163
1175 0.01008925386166764 0.6232789199506418
1176 0.01008927746636678 0.6232847028485241
1177 0.01008937663329948 0.6232926469206819
1178 0.01008939802563209 0.6232984853946243
1179 0.01008949277658278 0.6233064811968423
1180 0.01008950662716621 0.6233123271710096
1181 0.01008959460038016 0.6233203742338557
1182 0.01008960577358214 0.6233262929692076
1183 0.01008968917047689 0.6233343885353818
1184 0.01008971383258991 0.6233408734744774
1185 0.01008977582698174 0.6233483339121856
1186 0.01008978018120727 0.6233547320379278
1187 0.01008983497765466 0.6233622949474888
1188 0.0100898386453128 0.6233688205908633
1189 0.0100898964907642 0.6233765274601154
1190 0.01008990080890872 0.6233831385742465
1191 0.01008995541350381 0.6233908934623649
1192 0.01008995426421803 0.6233975332757326
1193 0.01009000164259565 0.623405301860805
1194 0.01008999336467702 0.6234119448596845
1195 0.01009003365959461 0.6234197305853695
1196 0.01009001920929541 0.6234264221571031
1197 0.01009005501265136 0.6234342267227793
1198 0.0100900371066372 0.6234409614680371
1199 0.01009006772738777 0.6234487935759533
1200 0.01009004547849214 0.6234555532595158
1201 0.01009007127743892 0.6234634204341069
1202 0.01009004417328008 0.6234702088446681
1203 0.01009006426794567 0.623478096077367
1204 0.01009003214949441 0.623484919878625
1205 0.01009004687320606 0.6234928312538669
1206 0.01009000959281921 0.6234996775964954
1207 0.01009001908092974 0.6235076154588695
1208 0.01008997689492287 0.6235144846683892
1209 0.01008998095069495 0.6235224396664971
1210 0.01008993423738851 0.6235293417977309
1211 0.01008993358355418 0.6235373149409349
1212 0.01008988118410034 0.6235442228697962
1213 0.01008987457027058 0.6235522156703117
1214 0.01008981741046026 0.6235591472416246
1215 0.01008980551416062 0.6235671522081222
1216 0.01008974362337459 0.6235741041214784
1217 0.01008972695125089 0.6235821258458779
1218 0.01008966041728444 0.6235890981182891
1219 0.01008963876174806 0.6235971369741329
1220 0.01008956724074413 0.6236041218606639
1221 0.01008953999410461 0.6236121683266184
1222 0.01008946332291775 0.6236191661331109
1223 0.01008943086950506 0.6236272212440974
1224 0.01008934933384954 0.6236342327203817
1225 0.01008931158518975 0.6236422934671623
1226 0.01008922524684008 0.6236493158533939
1227 0.01008918273382403 0.6236573881080105
1228 0.01008909188104405 0.6236644221202873
1229 0.01008904398563816 0.6236724958169274
1230 0.01008896080608132 0.623679996776711
1231 0.01008890316119693 0.6236876078167777
1232 0.01008878978868061 0.6236945080509871
1233 0.01008872578421794 0.6237026142807832
1234 0.0100886209923763 0.6237096898849035
1235 0.01008856053722191 0.623717779785387
1236 0.01008845422245018 0.6237248554557173
1237 0.01008838805863364 0.6237329712630801
1238 0.01008827566123597 0.6237400480264568
1239 0.01008820330583536 0.6237481434754248
1240 0.01008808383146029 0.6237551989605979
1241 0.01008800454718666 0.6237632705708072
1242 0.0100878786600718 0.6237703220448598
1243 0.01008779266887988 0.6237783117946557
1244 0.01008766513248948 0.6237854352101292
1245 0.01008757636051247 0.6237934428634516
1246 0.01008745779047613 0.6238010424345004
1247 0.01008737114502584 0.6238089555631208
1248 0.01008722962618235 0.6238158769164286
1249 0.01008711885558924 0.6238237220791522
1250 0.01008696907355382 0.6238307096410726
1251 0.01008686091803053 0.6238386528255678
1252 0.01008671505530797 0.6238457468475108
1253 0.01008660920607822 0.6238537309794226
1254 0.010086461025842 0.6238608344349298
1255 0.01008634976549446 0.6238687907874565
1256 0.01008619569010811 0.6238758791213797
1257 0.01008607821661 0.6238837853877011
1258 0.01008591914803343 0.623890870946205
1259 0.01008578438658337 0.6238987037232168
1260 0.01008562873297657 0.6239057867514666
1261 0.01008549915053639 0.6239136599215257
1262 0.01008533942043153 0.6239207372946945
1263 0.01008520373016243 0.6239285755552904
1264 0.01008503763313785 0.6239356372566096
1265 0.01008489608208289 0.623943447860596
1266 0.01008472472111874 0.6239504814743084
1267 0.010084578500443 0.6239582708629858
1268 0.01008440350827861 0.62396529117255
1269 0.01008425300562241 0.6239730481183599
1270 0.01008407429228727 0.6239800536429745
1271 0.01008391994352546 0.6239877907108446
1272 0.01008373705277013 0.6239947635771022
1273 0.01008357828479292 0.624002477888851
1274 0.01008339175662928 0.6240094361996286
1275 0.01008322864499274 0.6240171140624119
1276 0.01008303831445448 0.6240240576439039
1277 0.01008287091919848 0.6240317045172843
1278 0.01008267636974509 0.6240386146850081
1279 0.01008250498185514 0.6240462370649303
1280 0.01008230677529985 0.6240531262591743
1281 0.01008213129573903 0.6240607061496143
1282 0.01008192957795948 0.624067572057781
1283 0.0100817499797362 0.6240751209638856
1284 0.01008154421599808 0.6240819529685975
1285 0.01008136071196747 0.6240894711779919
1286 0.01008115177506458 0.6240962806197584
1287 0.01008096488374135 0.6241037637424691
1288 0.01008075250113194 0.6241105454863535
1289 0.01008056092536137 0.624117983760866
1290 0.01008034453774056 0.6241247235612635
1291 0.01008014931911427 0.6241321290541523
1292 0.01007992995226913 0.6241388429950041
1293 0.01007973140814782 0.6241462030923043
1294 0.01007950881606105 0.6241528929859472
1295 0.0100793067118915 0.624160216443681
1296 0.01007908049318723 0.6241668599921104
1297 0.01007887453458909 0.6241741413920218
1298 0.01007864535844696 0.6241807597187616
1299 0.01007843572881886 0.6241879884761989
1300 0.01007820372979133 0.6241945744240593
1301 0.01007799137688416 0.6242017660049555
1302 0.01007775632012452 0.6242083177360651
1303 0.01007754052819293 0.6242154700567738
1304 0.0100773021682016 0.6242219769985713
1305 0.01007708231468622 0.6242290647289249
1306 0.01007686690486851 0.6242362817706567
1307 0.01007663365545248 0.624242338379964
1308 0.01007635981480559 0.6242487696084781
1309 0.01007612650321867 0.6242558302636488
1310 0.01007591288389271 0.6242630633125906
1311 0.01007568317040173 0.6242691025242522
1312 0.01007543272884375 0.6242762039922912
1313 0.01007519222340621 0.6242822705373791
1314 0.01007494021970924 0.6242893631289675
1315 0.01007469845829987 0.6242953952079278
1316 0.01007444846386423 0.6243024689750658
1317 0.01007420714725235 0.6243084712627922
1318 0.01007393498286059 0.6243148382315334
1319 0.01007370305025593 0.6243221298504595
1320 0.01007348807546461 0.624329031035424
1321 0.01007325036176804 0.6243348555317272
1322 0.01007295523884266 0.62434067369511
1323 0.01007268227986617 0.6243474999227508
1324 0.01007243340217578 0.6243540125672172
1325 0.01007220255187006 0.6243603739777644
1326 0.01007191944930355 0.6243658781597692
1327 0.01007164134312937 0.6243720342091961
1328 0.01007138511974594 0.6243791930155771
1329 0.01007117245053899 0.6243856281736171
1330 0.01007089553125466 0.6243914861268259
1331 0.01007063199540812 0.6243976997311635
1332 0.01007034385259927 0.6244035260246263
1333 0.01007008519341321 0.6244098039287327
1334 0.010069804949362 0.6244156680071493
1335 0.01006955190448214 0.6244219737946651
1336 0.01006927193842517 0.6244277886886018
1337 0.01006902316825028 0.6244344467697344
1338 0.01006874165821994 0.6244397614452599
1339 0.01006846954700823 0.6244458175537699
1340 0.01006817835844964 0.6244515221631975
1341 0.01006792199026253 0.6244577346925125
1342 0.0100676387957946 0.6244634102883845
1343 0.01006737863270322 0.6244695185052634
1344 0.01006709071105378 0.624475089424169
1345 0.01006682443442024 0.6244811030144091
1346 0.01006653441280636 0.6244866111663427
1347 0.01006626601788535 0.6244925424513392
1348 0.01006597514980191 0.6244980097292453
1349 0.01006570673757251 0.6245038991780103
1350 0.01006541430568042 0.6245093096998081
1351 0.01006514481732803 0.6245151329596054
1352 0.01006485050099089 0.6245204862097137
1353 0.01006458013299131 0.6245262520701655
1354 0.01006428399857712 0.6245315378784286
1355 0.01006401196179543 0.6245372422163813
1356 0.01006371485738958 0.6245424779143396
1357 0.01006344157335531 0.6245481082517542
1358 0.01006314307612179 0.6245532821436592
1359 0.01006286862954868 0.6245588624190288
1360 0.01006256962174203 0.6245639730316016
1361 0.01006229367317712 0.6245694825437234
1362 0.01006199387473698 0.6245745455815758
1363 0.01006171690067286 0.6245799860422434
1364 0.01006141606540231 0.6245849826805151
1365 0.01006113809691665 0.6245903686962827
1366 0.01006083640334578 0.6245952964188549
1367 0.01006055733875036 0.6246006121165175
1368 0.01006025478888632 0.6246054955271174
1369 0.01005997557532661 0.6246107384859594
1370 0.01005967167823439 0.6246155553684073
1371 0.01005939186719946 0.6246207454378646
1372 0.01005908788972541 0.6246254862847846
1373 0.01005880658435059 0.6246306189246222
1374 0.01005850238846632 0.6246353022171719
1375 0.01005822054113087 0.6246403483964414
1376 0.01005791520135232 0.6246449961795136
1377 0.01005763370348558 0.6246499588451107
1378 0.01005732784066089 0.6246545389650311
1379 0.01005704585896378 0.624659456866882
1380 0.01005674000839433 0.6246639623405414
1381 0.01005645694787248 0.6246688120315749
1382 0.01005615407702504 0.624672883502952
1383 0.01005585732047621 0.6246781470197166
1384 0.01005556828318516 0.6246821945757666
1385 0.01005527508080218 0.6246873670578599
1386 0.01005498350140851 0.6246912909605024
1387 0.01005468564763357 0.6246963349345748
1388 0.01005439205933127 0.624700182915145
1389 0.01005409401001745 0.6247051580266931
1390 0.01005380092774016 0.6247089337071089
1391 0.0100535025578602 0.6247138464930144
1392 0.01005321030293374 0.624717589153628
1393 0.01005291379102162 0.6247224125081996
1394 0.010052620742795 0.6247261004716389
1395 0.01005232387560868 0.6247308617104131
1396 0.01005203194969755 0.6247344718485641
1397 0.0100517366103675 0.6247388106264854
1398 0.01005143189452349 0.6247427807472618
1399 0.01005114908644798 0.6247475070564398
1400 0.01005086295486048 0.6247509773909385
1401 0.01005056587576623 0.6247551223877982
1402 0.01005025739346823 0.6247589253710693
1403 0.01004997114748588 0.6247634457555853
1404 0.01004968503999809 0.6247667893267509
1405 0.01004938997652471 0.6247707927913698
1406 0.01004908301123455 0.6247745065270132
1407 0.01004880230517241 0.6247785333848423
1408 0.01004850400042667 0.6247821416756446
1409 0.01004821951330533 0.6247864438628827
1410 0.0100479339989662 0.6247896033151634
1411 0.0100476390725442 0.62479339158567
1412 0.01004733255944856 0.624796921092673
1413 0.01004705415251694 0.6248007064770186
1414 0.01004675652237971 0.6248041200434072
1415 0.01004647723132088 0.624807864310294
1416 0.01004618044441754 0.6248112150715145
1417 0.01004590038312024 0.6248148850543822
1418 0.01004560358772091 0.6248181734117877
1419 0.01004532027945598 0.6248220985468409
1420 0.01004503733874648 0.6248248666445879
1421 0.01004474138038985 0.6248284847785497
1422 0.0100444485647859 0.624831463193422
1423 0.0100441665768636 0.62483516261326
1424 0.01004388453761243 0.6248380567043514
1425 0.01004360302989134 0.6248416922679366
1426 0.01004332055463147 0.624844639249278
1427 0.01004304394490469 0.6248479943703503
1428 0.01004274944683618 0.6248509397178151
1429 0.01004247406033035 0.6248541930338186
1430 0.01004218127198382 0.6248570844031416
1431 0.01004190883997023 0.6248602793730317
1432 0.01004162012142895 0.6248631281072689
1433 0.01004134934610045 0.6248662510320949
1434 0.01004106254012764 0.624869051216978
1435 0.01004079262854468 0.6248721019391128
1436 0.01004050676705505 0.6248748343625393
1437 0.01004023800699418 0.624877825687975
1438 0.01003995307092645 0.624880488243588
1439 0.01003968680619019 0.6248834188155925
1440 0.01003940223541771 0.6248860253997182
1441 0.01003913883340215 0.6248888926626436
1442 0.01003885504014843 0.6248914345868574
1443 0.01003859342239999 0.6248942431113651
1444 0.01003830942078987 0.6248967620788671
1445 0.01003805101255651 0.6248994351819402
1446 0.01003776886693058 0.6249019112883681
1447 0.01003751174546194 0.6249045423869888
1448 0.0100372334892511 0.6249069350991104
1449 0.01003697603470232 0.6249095168505456
1450 0.01003670011671242 0.6249118545004091
1451 0.01003644431429878 0.6249143836644688
1452 0.01003617051829211 0.6249166592194388
1453 0.01003591649606234 0.6249191237304669
1454 0.01003564447718842 0.624921333811074
1455 0.01003539030993712 0.6249237967031337
1456 0.01003512471609247 0.6249258942432953
1457 0.01003486598458442 0.624928424266135
1458 0.01003461117272085 0.6249302973076015
1459 0.01003435346103413 0.624932589857627
1460 0.01003408799115367 0.6249345860002515
1461 0.0100338388703617 0.6249368863641661
1462 0.0100335796778955 0.6249388482204127
1463 0.01003333411772835 0.6249410801237748
1464 0.01003307582906408 0.6249429707800935
1465 0.01003283086682021 0.6249451241159353
1466 0.01003257367664311 0.6249469489912812
1467 0.01003233043442128 0.624949041611608
1468 0.01003207552855102 0.6249508092732406
1469 0.01003183489457219 0.6249528475797779
1470 0.01003158248981928 0.6249545658629607
1471 0.01003135506740316 0.624956344830654
1472 0.01003108342227699 0.6249582549930223
1473 0.01003086722374331 0.6249600053805757
1474 0.01003061892655987 0.6249616661694501
1475 0.01003037992359406 0.6249635766410051
1476 0.01003013720722947 0.6249651994887115
1477 0.01002990487098027 0.6249670142576293
1478 0.01002966468293767 0.6249685423983755
1479 0.01002944056747649 0.6249701307495503
1480 0.0100292005171293 0.6249716498105821
1481 0.0100289634106069 0.6249733159166413
1482 0.0100287305935532 0.6249748225114732
1483 0.0100285024473828 0.6249764425247807
1484 0.01002827499814486 0.6249778824908707
1485 0.01002804894543085 0.6249794234965311
1486 0.01002782199324702 0.6249807893052138
1487 0.01002759625038403 0.6249822594198614
1488 0.01002737047745924 0.6249835667349163
1489 0.01002714719431479 0.6249849840284314
1490 0.01002692450758644 0.6249862499132789
1491 0.01002670472848882 0.6249876233827633
1492 0.01002648550238119 0.6249888482181019
1493 0.0100262688131852 0.6249901759930709
1494 0.01002605229442334 0.6249913544591981
1495 0.01002583810464492 0.6249926294667489
1496 0.0100256237671374 0.6249937585777732
1497 0.0100254120288413 0.6249949816914417
1498 0.01002520004671412 0.6249960632747983
1499 0.01002499115614236 0.6249972387791637
1500 0.01002478198810324 0.6249982763016881
1501 0.01002457465113087 0.6249994557095431
1502 0.01002436139781934 0.6250004700429943
1503 0.01002415620805011 0.6250015924157243
1504 0.01002394779148657 0.6250025493906315
1505 0.01002374879883982 0.6250036148251045
1506 0.01002354503110175 0.6250045274654864
1507 0.01002334985064507 0.6250055532296032
1508 0.01002314896291194 0.6250064283461113
1509 0.01002295632426475 0.6250074149749396
1510 0.01002275736388114 0.6250083051198421
1511 0.01002255993627595 0.6250092745077672
1512 0.01002236243618277 0.6250101124853427
1513 0.0100221705768269 0.6250110213711415
1514 0.01002197895512035 0.6250118068350545
1515 0.01002179217488829 0.6250126713198806
1516 0.01002160422449299 0.6250134202767379
1517 0.0100214204610665 0.6250142493389976
1518 0.010021235018306 0.6250149646942069
1519 0.01002105388257706 0.6250157566741679
1520 0.01002087102147793 0.6250164358907716
1521 0.01002069269561875 0.6250171888481868
1522 0.0100205126449283 0.6250178310311795
1523 0.01002033734559969 0.6250185458584794
1524 0.0100201602311125 0.6250191519817979
1525 0.01001998810660557 0.625019830505736
1526 0.01001981394888527 0.6250204018190419
1527 0.01001964502236601 0.6250210453227341
1528 0.01001947379457009 0.6250215827375224
1529 0.01001930801593119 0.6250221918108798
1530 0.0100191397122798 0.6250226961213419
1531 0.01001897706229447 0.625023271758437
1532 0.01001881167161972 0.6250237426902933
1533 0.01001865211335736 0.6250242849447903
1534 0.01001848964121562 0.6250247232279409
1535 0.01001833319311223 0.6250252330340221
1536 0.01001817365919114 0.625025639547291
1537 0.01001802035878941 0.6250261180135406
1538 0.0100178637815004 0.6250264937777199
1539 0.01001771366388998 0.6250269422597532
1540 0.01001756004328553 0.6250272876289633
1541 0.01001741304075578 0.6250277060049989
1542 0.01001726236341952 0.6250280217586092
1543 0.01001711841162764 0.6250284105328624
1544 0.01001697070224655 0.6250286976869134
1545 0.01001682985978653 0.625029057765434
1546 0.01001668507541315 0.6250293163361537
1547 0.0100165472434695 0.6250296482929043
1548 0.01001640539817115 0.6250298787565064
1549 0.01001627076549889 0.6250301847877625
1550 0.01001613185407063 0.6250303883461941
1551 0.01001600038163144 0.6250306691859377
1552 0.01001586446948942 0.6250308465766357
1553 0.01001573599620303 0.6250311018252795
1554 0.01001560316171469 0.6250312548264721
1555 0.01001547782928473 0.6250314861658314
1556 0.01001534805804529 0.6250316153851871
1557 0.01001522603570599 0.625031825021345
1558 0.01001509920250349 0.625031930682457
1559 0.01001498017346765 0.6250321163674445
1560 0.01001485580350969 0.6250321946477356
1561 0.01001473923133226 0.625032353846712
1562 0.01001461591918298 0.6250323821502133
1563 0.01001450254960543 0.6250325441645358
1564 0.01001438544972777 0.6250325718830205
1565 0.01001427642393333 0.6250327199125434
1566 0.01001416238374096 0.625032725604619
1567 0.01001405565786002 0.6250328474381098
1568 0.01001394341028751 0.62503282373933
1569 0.01001383924629039 0.6250329250177349
1570 0.01001372986830329 0.6250328819966502
1571 0.01001362864537991 0.6250329661883748
1572 0.01001352230222135 0.6250329056699169
1573 0.01001342417770308 0.6250329731180863
1574 0.01001332085402717 0.6250328959870142
1575 0.01001322582564844 0.6250329489136394
1576 0.01001312553524258 0.6250328535883306
1577 0.01001303324674103 0.6250328901139902
1578 0.01001293577736799 0.6250327780990703
1579 0.01001284646057184 0.6250327993521895
1580 0.01001275176880654 0.6250326704794102
1581 0.01001266544382635 0.6250326797496154
1582 0.01001257393470363 0.6250325377704399
1583 0.01001249040905722 0.6250325339378905
1584 0.01001240172869967 0.6250323770742509
1585 0.01001232097534883 0.6250323590492382
1586 0.01001223500022943 0.6250321887482668
1587 0.0100121571420856 0.6250321598558514
1588 0.01001207430802131 0.6250319781335159
1589 0.01001199924302065 0.6250319384983369
1590 0.01001191931791676 0.6250317460008055
1591 0.01001184703016347 0.6250316949928867
1592 0.01001176971654793 0.6250314896742014
1593 0.01001170024184346 0.6250314302522089
1594 0.01001162585648019 0.625031214784057
1595 0.01001155913830493 0.6250311472192676
1596 0.01001148765477628 0.6250309229893422
1597 0.01001142362237357 0.6250308467014998
1598 0.01001135485382304 0.6250306129117464
1599 0.01001129363487587 0.6250305304903315
1600 0.0100112277757735 0.6250302867638269
1601 0.01001116909356989 0.6250301985628994
1602 0.01001110587013472 0.6250299504598693
1603 0.01001104984399397 0.6250298554398105
1604 0.01001098927782319 0.6250295980713015
1605 0.01001093608817805 0.6250294980745948
1606 0.01001087852242268 0.6250292375089043
1607 0.01001082794321672 0.625029132971091
1608 0.01001077289279867 0.6250288654916303
1609 0.01001072489578543 0.6250287575317123
1610 0.01001067241753 0.6250284848237487
1611 0.01001062673711813 0.6250283714376464
1612 0.01001057713858879 0.6250280974205563
1613 0.01001053409449714 0.6250279818701763
1614 0.01001048731158093 0.6250277065491529
1615 0.01001044690049893 0.62502758991065
1616 0.01001040255689719 0.6250273109732845
1617 0.0100103644530821 0.6250271914269983
1618 0.01001032275447308 0.6250269121305602
1619 0.01001028709786963 0.6250267915013504
1620 0.01001024816693657 0.6250265133055055
1621 0.01001021530713264 0.6250263959313724
1622 0.01001017865023351 0.6250261143156639
1623 0.01001014752432173 0.6250259915000952
1624 0.01001011326244982 0.6250257103949507
1625 0.0100100848961003 0.625025592354903
1626 0.01001005326782607 0.6250253128240776
1627 0.01001002710500226 0.6250251949153375
1628 0.01000999832516056 0.6250249213818146
1629 0.01000997456963059 0.625024805973029
1630 0.01000994787539211 0.62502453164628
1631 0.01000992637535759 0.6250244195572779
1632 0.01000990239914192 0.6250241519744527
1633 0.0100098831496212 0.6250240422072212
1634 0.01000986131125129 0.6250237760536059
1635 0.010009844344511 0.6250236713593735
1636 0.01000982495096374 0.6250234109770966
1637 0.01000981013626455 0.6250233101485596
1638 0.01000979298968828 0.625023053863733
1639 0.0100097800926533 0.6250229556633841
1640 0.01000976525259304 0.6250227060222934
1641 0.01000975479920383 0.6250226165100308
1642 0.01000974250279442 0.6250223756025384
1643 0.01000973393197347 0.6250222899323447
1644 0.01000972383744632 0.6250220561112281
1645 0.01000971773740019 0.6250219806407195
1646 0.01000970970586699 0.6250217527157839
1647 0.01000970516151648 0.6250216791349119
1648 0.01000969930141199 0.6250214595036107
1649 0.01000969681041959 0.6250213955025357
1650 0.01000969308224611 0.6250211848336292
1651 0.01000969254237107 0.6250211300447567
1652 0.0100096910543866 0.6250209309597933
1653 0.01000969274411234 0.6250208869155252
1654 0.01000969350714555 0.6250206981057778
1655 0.01000969666499407 0.6250206587040356
1656 0.010009699023429 0.6250204770206889
1657 0.01000970395501884 0.6250204467063398
1658 0.01000970893413343 0.625020282184564
1659 0.01000971618041212 0.625020265889587
1660 0.01000972289929206 0.6250201099983616
1661 0.01000973182082753 0.6250201037948135
1662 0.01000974052108417 0.6250199613130459
1663 0.01000975095451315 0.6250199635303929
1664 0.01000976120751012 0.6250198303799872
1665 0.01000977334097676 0.6250198442453807
1666 0.01000978555672621 0.6250197253332701
1667 0.01000979963540012 0.6250197537040084
1668 0.01000981400951135 0.625019651719802
1669 0.01000982976667689 0.6250196921934319
1670 0.01000984571130718 0.6250196022836834
1671 0.0100098629809075 0.6250196546827129
1672 0.01000988067216377 0.6250195796277552
1673 0.01000989957724541 0.625019646061498
1674 0.01000991919639575 0.6250195879254274
1675 0.0100099396274339 0.6250196677206724
1676 0.0100099606070333 0.625019622364911
1677 0.01000998402318287 0.6250197343794136
1678 0.01001000280840158 0.6250196522954283
1679 0.01001002927941867 0.6250198094265517
1680 0.01001005079806097 0.6250197548972428
1681 0.0100100786597535 0.625019929878982
1682 0.01001010166477159 0.6250198883471567
1683 0.01001013081720114 0.6250200745644239
1684 0.01001015554675149 0.625020049540287
1685 0.01001018641597143 0.6250202543122603
1686 0.01001021274704045 0.6250202476696367
1687 0.0100102448018646 0.6250204675091324
1688 0.01001027207348992 0.6250204760001867
1689 0.01001030521938796 0.6250207122337598
1690 0.01001033408509386 0.6250207417433237
1691 0.01001036823231191 0.6250209864432131
1692 0.01001039793366811 0.6250210248365827
1693 0.01001043506814121 0.6250213191274537
1694 0.01001046778865431 0.6250213945588003
1695 0.01001050426019127 0.6250216853980464
1696 0.01001053652405215 0.6250217610055075
1697 0.01001057376566125 0.6250220634063389
1698 0.01001060749028521 0.6250221603959342
1699 0.01001064633884456 0.62502248572834
1700 0.010010681536016 0.6250226067657739
1701 0.01001072184204133 0.6250229554632956
1702 0.01001075842942949 0.6250230990750559
1703 0.01001080004019954 0.6250234696201963
1704 0.01001083776011625 0.6250236334782795
1705 0.01001088022517442 0.6250240214460456
1706 0.01001091875661855 0.6250242038222842
1707 0.01001096200970731 0.6250246102066945
1708 0.01001100136619204 0.625024812086065
1709 0.01001104565782196 0.625025240407342
1710 0.01001108628792731 0.6250254668421841
1711 0.01001113141494163 0.625025913949645
1712 0.01001117273503446 0.6250261596114023
1713 0.01001121875541874 0.6250266278846255
1714 0.01001126094124977 0.6250268945587512
1715 0.01001130788925151 0.6250273851346838
1716 0.01001135114521853 0.6250276758336735
1717 0.01001139894401474 0.6250281879702781
1718 0.01001144282077167 0.6250284995227738
1719 0.01001149146711079 0.6250290343478979
1720 0.01001153622884278 0.6250293690719011
1721 0.01001158572465111 0.6250299270728211
1722 0.01001163107392656 0.6250302830960021
1723 0.01001168081650692 0.6250308590439493
1724 0.01001172661150503 0.6250312359027123
1725 0.01001177729933646 0.6250318374671008
1726 0.0100118240044208 0.625032239201599
1727 0.01001187528384732 0.6250328627540769
1728 0.01001192229930377 0.6250332842988083
1729 0.01001197445219245 0.6250339348375953
1730 0.01001202231634937 0.6250343826750427
1731 0.01001207453837318 0.6250350523995641
1732 0.01001212305326661 0.6250355244006531
1733 0.01001217634665177 0.6250362202529179
1734 0.01001222510757314 0.6250367129848603
1735 0.01001227829507857 0.6250374276075533
1736 0.01001232717528434 0.6250379429712153
1737 0.01001238098490417 0.625038684075749
1738 0.01001243045432182 0.6250392242179986
1739 0.0100124846935652 0.6250399891855595
1740 0.01001253458361687 0.6250405535904093
1741 0.01001258933077252 0.6250413437672481
1742 0.01001263956654767 0.625041931809329
1743 0.01001269452797236 0.6250427448564533
1744 0.01001274501806512 0.6250433571967178
1745 0.01001280045104672 0.6250441965845408
1746 0.01001285101891264 0.6250448308392598
1747 0.01001290527222098 0.6250456698274202
1748 0.01001295861438241 0.6250463937199816
1749 0.01001301208775343 0.6250472265889729
1750 0.01001306484288137 0.6250479578634828
1751 0.01001311842025104 0.6250488093142379
1752 0.01001317175254016 0.6250495690141096
1753 0.01001322595678866 0.6250504514279773
1754 0.01001327924432067 0.625051235316314
1755 0.0100133332489319 0.6250521422519222
1756 0.01001338648215764 0.6250529517863821
1757 0.01001344061114634 0.6250538850375893
1758 0.01001349376174185 0.6250547177160598
1759 0.01001354779118538 0.6250556749149204
1760 0.01001360077903255 0.6250565302811301
1761 0.01001365520419568 0.6250575168172379
1762 0.01001370823935298 0.6250583959136851
1763 0.01001376240692981 0.6250594050276312
1764 0.01001381517189752 0.6250603069553711
1765 0.01001386955652345 0.6250613447307564
1766 0.01001392218268301 0.6250622701240376
1767 0.01001397630618613 0.6250633316186052
1768 0.01001402871391254 0.6250642809036506
1769 0.01001408297159128 0.6250653713961817
1770 0.01001413496748358 0.6250663411448303
1771 0.01001418868496505 0.6250674530204662
1772 0.0100142401303347 0.6250684442024003
1773 0.01001429408855547 0.6250695879326865
1774 0.01001434576742156 0.6250706073734683
1775 0.01001439936895033 0.6250717743269117
1776 0.01001445029708315 0.6250728131477906
1777 0.01001450346861149 0.6250740049959264
1778 0.01001455413969358 0.6250750687755205
1779 0.01001460715037616 0.6250762871276389
1780 0.01001465726945801 0.6250773720235011
1781 0.01001471004564327 0.6250786176170213
1782 0.01001475986313126 0.6250797269529246
1783 0.01001481224187132 0.6250809974028096
1784 0.01001486124033583 0.6250821261890089
1785 0.01001491329820161 0.6250834242357427
1786 0.01001496198266818 0.6250845775821544
1787 0.0100150136195165 0.6250859003816795
1788 0.01001506144042293 0.6250870731140491
1789 0.01001511266600648 0.6250884233209708
1790 0.01001516009777927 0.6250896201953922
1791 0.01001521086237776 0.6250909951902637
1792 0.01001525740876692 0.6250922115529017
1793 0.01001530770104378 0.6250936138146282
1794 0.01001535370987874 0.6250948531249826
1795 0.01001540352891107 0.6250962809759177
1796 0.0100154486743196 0.6250975400252013
1797 0.01001549794502283 0.6250989944918746
1798 0.0100155424943656 0.6251002762764463
1799 0.01001559109293334 0.6251017547369035
1800 0.01001563456597429 0.6251030547700559
1801 0.01001568259105553 0.625104560409204
1802 0.01001572551497316 0.6251058836414084
1803 0.01001577293392927 0.6251074139038654
1804 0.01001581478084155 0.6251087553526082
1805 0.01001586153657623 0.6251103122800268
1806 0.01001590271778201 0.6251116761632951
1807 0.01001594875292034 0.6251132570530996
1808 0.01001598877402833 0.6251146385497692
1809 0.01001603409866676 0.625116245916173
1810 0.01001607341544948 0.6251176494677474
1811 0.01001611796288028 0.6251192803548511
1812 0.0100161560641119 0.6251207011246647
1813 0.01001619983642715 0.6251223582172609
1814 0.01001623718158273 0.6251238007379168
1815 0.01001628012949091 0.6251254811553476
1816 0.01001631621486261 0.6251269405590539
1817 0.01001635833090712 0.6251286468032158
1818 0.01001639359849786 0.6251301272505337
1819 0.01001643557473789 0.6251318705347089
1820 0.01001646856331965 0.6251333469900103
1821 0.01001650950510515 0.6251351168418919
1822 0.01001654192081137 0.6251366160110722
1823 0.01001658195729243 0.6251384104639239
1824 0.01001661305156912 0.6251399269443415
1825 0.01001665213945621 0.6251417467457043
1826 0.01001668234476195 0.6251432833385369
1827 0.01001672045664104 0.6251451247402606
1828 0.01001674926032784 0.6251466765081164
1829 0.01001678635727059 0.6251485421330902
1830 0.01001681218384565 0.6251500636786665
1831 0.01001685096523967 0.6251520160617221
1832 0.01001687525579247 0.625153554251438
1833 0.01001691252817923 0.6251555253540391
1834 0.01001693586612662 0.6251570778145268
1835 0.01001697201735079 0.6251590659747497
1836 0.01001699368156982 0.6251606223282156
1837 0.01001702885652394 0.625162638622342
1838 0.01001704952805146 0.6251642158130128
1839 0.01001708327398321 0.6251662429961738
1840 0.01001710516940555 0.6251678987687397
1841 0.01001713491026107 0.6251698943684778
1842 0.01001715462012029 0.6251715536130616
1843 0.01001718326497635 0.6251735669491801
1844 0.01001720179401838 0.6251752441712705
1845 0.01001722980530326 0.6251772866363727
1846 0.01001724756277084 0.6251789858970201
1847 0.0100172745192873 0.6251810496948698
1848 0.01001729064490082 0.6251827622952707
1849 0.01001731618758197 0.6251848463628871
1850 0.01001733096442839 0.6251865748674411
1851 0.01001736131929408 0.625188819166532
1852 0.01001737288403328 0.6251904571204119
1853 0.01001739069103046 0.6251925052952489
1854 0.01001739991503384 0.6251942514998535
1855 0.01001742099755458 0.6251963985143314
1856 0.01001743222634289 0.6251981785007117
1857 0.01001745380974215 0.6252003501749309
1858 0.01001746406426925 0.6252021435814733
1859 0.01001748361487651 0.625204324459026
1860 0.01001749145887209 0.6252061255267316
1861 0.01001750892186025 0.6252083208484668
1862 0.01001751517607326 0.6252101350654241
1863 0.01001753106233106 0.6252123447396888
1864 0.01001753556809389 0.6252141686746296
1865 0.01001755007829937 0.6252163963676858
1866 0.01001755344134765 0.6252182357124019
1867 0.01001756661230637 0.6252204787421333
1868 0.01001756825993378 0.6252223280757879
1869 0.01001757997855693 0.6252245886574741
1870 0.01001758022705079 0.6252264515996988
1871 0.01001759054591534 0.6252287275974497
1872 0.0100175892284204 0.62523060182715
1873 0.01001759810992582 0.6252328944416601
1874 0.01001759540512336 0.625234781291796
1875 0.0100176025951696 0.625237085930236
1876 0.01001759806283036 0.6252389812145349
1877 0.0100176037228692 0.6252413018283846
1878 0.0100175978925068 0.6252432112998366
1879 0.01001760188675788 0.6252455421000589
1880 0.01001759454406114 0.6252474644104917
1881 0.01001760294754541 0.6252499712051254
1882 0.01001759284374166 0.6252517786053285
1883 0.01001759360629513 0.6252542053287942
1884 0.01001757886254599 0.6252559983106718
1885 0.01001757669971354 0.6252584555337969
1886 0.01001756217605465 0.625260288469434
1887 0.0100175619922967 0.6252627928934467
1888 0.01001754720449054 0.6252646411013759
1889 0.01001754523387453 0.6252671616709012
1890 0.01001753260901073 0.6252691484341173
1891 0.0100175273894931 0.6252715283188766
1892 0.0100175086709048 0.6252734826689694
1893 0.01001750013944228 0.6252758757686278
1894 0.01001747673198401 0.6252777231975434
1895 0.01001746898600037 0.6252802884257816
1896 0.01001744845752556 0.6252821859294602
1897 0.01001744136744126 0.6252847786618949
1898 0.01001741967297644 0.6252866699975882
1899 0.0100174099196105 0.6252892422487142
1900 0.0100173850693364 0.625291124183787
1901 0.01001737167109841 0.6252937023745431
1902 0.01001734511642038 0.6252955869978742
1903 0.01001733044138422 0.6252981682788781
1904 0.01001730241318585 0.6253000639765001
1905 0.01001728581647643 0.6253026624443841
1906 0.01001725994805697 0.625304703202552
1907 0.01001724102199843 0.6253071492730146
1908 0.010017209277771 0.6253091606243611
1909 0.01001718717648902 0.6253116190258787
1910 0.01001715434617522 0.6253136560503635
1911 0.01001713211592502 0.6253161431496499
1912 0.01001709695803621 0.6253180837716389
1913 0.01001707670405772 0.6253205897605647
1914 0.01001704365216787 0.6253226747644537
1915 0.01001701870262799 0.6253252055494678
1916 0.01001697916364766 0.625327168801512
1917 0.01001695343308487 0.6253296788439758
1918 0.01001691577997429 0.62533176402859
1919 0.01001688699375157 0.6253342994636598
1920 0.01001684484018887 0.6253362718320776
1921 0.01001681619725166 0.6253387929988907
1922 0.01001677431615973 0.6253407768017616
1923 0.01001674453915935 0.6253433201622333
1924 0.01001670074631421 0.625345325255844
1925 0.01001666880871275 0.6253478815853324
1926 0.01001662302055889 0.6253498901403816
1927 0.0100165887623282 0.6253524399551035
1928 0.01001654136327903 0.6253544511774785
1929 0.01001650558972595 0.6253570020547188
1930 0.01001645686457199 0.6253590164399047
1931 0.01001641926671704 0.6253615655531847
1932 0.01001636883004093 0.6253635804858009
1933 0.01001632925272178 0.6253661270826001
1934 0.01001627728213905 0.6253681459507048
1935 0.01001623595469529 0.6253706920198487
1936 0.01001618248045035 0.6253727126806409
1937 0.01001613968603792 0.6253752606211942
1938 0.01001608478606888 0.6253772830532713
1939 0.01001603977650122 0.6253798237902269
1940 0.01001598312385973 0.6253818456470571
1941 0.01001593633512103 0.6253843862885908
1942 0.01001587838673647 0.6253864054094292
1943 0.01001582907866499 0.6253889447578346
1944 0.01001577047946195 0.6253909674264356
1945 0.01001571946059671 0.625393502411142
1946 0.01001565888566404 0.6253955222713025
1947 0.0100156056138606 0.625398049875084
1948 0.0100155438632864 0.6254000743846148
1949 0.01001548918318893 0.6254025985321238
1950 0.01001542580709799 0.6254046190718844
1951 0.01001537286555553 0.6254072802129085
1952 0.01001530813192819 0.6254091793695946
1953 0.01001524490489987 0.6254116148347604
1954 0.01001517508411335 0.625413620425615
1955 0.01001512004358821 0.6254162136904442
1956 0.01001505506089088 0.6254182054274038
1957 0.01001499088456042 0.6254206079342521
1958 0.01001492039004774 0.6254226204329836
1959 0.01001485644500031 0.6254251528749797
1960 0.0100147866924666 0.6254271849399843
1961 0.01001472396834043 0.6254296273964061
1962 0.01001465379065563 0.625431635941014
1963 0.01001458688078479 0.6254341408246354
1964 0.01001451258645635 0.625436153885244
1965 0.01001444440390471 0.6254385639834312
1966 0.01001436981576921 0.6254405553475503
1967 0.01001429819362692 0.6254430338976018
1968 0.01001422113155578 0.6254450375241258
1969 0.01001415018170513 0.6254474384509346
1970 0.01001407336818579 0.6254494236637452
1971 0.01001399899641361 0.6254518887697704
1972 0.01001391904683319 0.6254538797674556
1973 0.01001384506871144 0.625456265611295
1974 0.01001376481212181 0.6254582316364047
1975 0.01001368660003015 0.6254606751393804
1976 0.01001360396399219 0.6254626550869282
1977 0.01001352725742619 0.6254650272689033
1978 0.01001344440010461 0.6254669796442639
1979 0.01001336590443496 0.6254693421910065
1980 0.01001328147950715 0.6254712983607443
1981 0.01001319698232197 0.6254737138149171
1982 0.01001310926620629 0.6254756710169671
1983 0.01001302721763733 0.625478011115193
1984 0.01001294013408843 0.6254799397053455
1985 0.01001285749566459 0.6254822709007518
1986 0.01001276897237205 0.6254842011109547
1987 0.01001268396848893 0.6254865312828971
1988 0.01001259341251171 0.625488455530837
1989 0.01001250852722529 0.6254909089591584
1990 0.0100124181750853 0.6254927059181956
1991 0.01001232006181097 0.6254949736408962
1992 0.01001222193142226 0.6254968664263723
1993 0.01001213244836436 0.6254991685021246
1994 0.01001204019461412 0.6255010674891494
1995 0.01001195236924715 0.6255033627966952
1996 0.01001185838861307 0.6255052497632949
1997 0.01001176667637636 0.6255075237718655
1998 0.01001166918043316 0.6255093882782675
1999 0.01001157585812212 0.6255117695537269
2000 0.01001147952938685 0.6255135145412717
2001 0.01001137872360333 0.6255156734506894
2002 0.01001127493578367 0.625517497137262
2003 0.01001117050434112 0.6255197540998143
2004 0.01001107002651274 0.6255216211446487
2005 0.01001097517435817 0.6255238483275761
2006 0.01001087592568631 0.6255256723465976
2007 0.01001077820933671 0.6255278619972627
2008 0.01001067547887055 0.6255296646849119
2009 0.01001057548376164 0.6255319683634318
2010 0.01001047292585088 0.6255336481494725
2011 0.01001036505963379 0.6255357303172833
2012 0.01001025493827666 0.6255374903132481
2013 0.0100101428768448 0.6255396594518599
2014 0.01001003628467467 0.6255414607717086
2015 0.01000993563019328 0.6255436171415129
2016 0.01000983078417279 0.6255453732290875
2017 0.01000972664656929 0.6255474837830786
2018 0.01000961756167812 0.6255492100063574
2019 0.01000950173982618 0.6255513029481261
2020 0.01000939017712535 0.6255530410463556
2021 0.01000928274497823 0.6255551140756257
2022 0.01000917264505162 0.6255568158292942
2023 0.01000906425913602 0.6255588686251711
2024 0.01000895217587356 0.625560554610282
2025 0.01000883263110643 0.6255625914295307
2026 0.01000871805151058 0.6255642855088559
2027 0.01000860747453582 0.6255663068731915
2028 0.01000849446830692 0.6255679632884361
2029 0.01000838237016739 0.6255699576391696
2030 0.01000826721033981 0.62557159856725
2031 0.01000814420601422 0.6255735786397204
2032 0.01000802690146265 0.6255752270305567
2033 0.01000791316450678 0.6255771930650651
2034 0.01000779727906493 0.6255788007095552
2035 0.01000767288402856 0.6255807274913999
2036 0.01000755423660121 0.6255823401992829
2037 0.01000743910125641 0.6255842711548597
2038 0.01000732196249471 0.6255858500856532
2039 0.01000719541072785 0.6255877360705333
2040 0.01000707431599637 0.6255893156594804
2041 0.01000695782003356 0.6255912074479635
2042 0.01000683766941826 0.6255927462307871
2043 0.01000670888571326 0.6255945831025121
2044 0.01000658583515205 0.6255961290138834
2045 0.01000646761403253 0.6255979795143104
2046 0.01000634587887796 0.6255994823867245
2047 0.01000621493091201 0.6256012738727688
2048 0.01000608998170005 0.6256027824444814
2049 0.01000596969888057 0.625604588763962
2050 0.0100058377557115 0.6256060406245121
2051 0.0100057141948042 0.6256078402214376
2052 0.01000559178245054 0.6256093041767274
2053 0.0100054591431786 0.6256110350291409
2054 0.01000533330713613 0.6256124868647307
2055 0.01000521048914427 0.6256142227942978
2056 0.01000507565554956 0.6256156119584503
2057 0.01000494928536165 0.6256173423904314
2058 0.01000482464691953 0.6256187513685403
2059 0.01000468914431992 0.6256204117317183
2060 0.01000456142079022 0.6256218088179604
2061 0.01000443612758675 0.6256234770052147
2062 0.01000429920428397 0.6256248053504503
2063 0.01000417024042499 0.6256264671552276
2064 0.01000403382776773 0.625627790501801
2065 0.01000390558536784 0.6256294356841052
2066 0.01000376998045835 0.6256307381799521
2067 0.01000364139138493 0.6256323582502721
2068 0.01000350503936069 0.6256336350118704
2069 0.01000337557355842 0.6256352308689758
2070 0.01000323855399903 0.6256364894015599
2071 0.01000310845876714 0.6256380621373598
2072 0.01000297097891156 0.6256393019679878
2073 0.01000284015530099 0.6256408501939795
2074 0.01000270193027125 0.6256420677916651
2075 0.0100025704761009 0.6256435930747731
2076 0.01000243182761668 0.6256447902494171
2077 0.01000229953072656 0.6256462877795494
2078 0.01000216006882195 0.6256474631204937
2079 0.01000202748260264 0.6256489395383303
2080 0.01000188755485412 0.6256500925378239
2081 0.01000175445510518 0.6256515459675542
2082 0.01000161421867621 0.6256526794674666
2083 0.0100014805301281 0.6256541058640578
2084 0.01000133955254837 0.6256552171286315
2085 0.01000120545930512 0.6256566190369792
2086 0.01000106395756783 0.6256577081507542
2087 0.01000092936496309 0.625659085049009
2088 0.01000078743133615 0.6256601518043018
2089 0.01000065320915739 0.6256615270916391
2090 0.01000050741854137 0.6256625083469942
2091 0.01000037461790185 0.6256638901099845
2092 0.01000022969951274 0.6256648623372467
2093 0.0100000967355862 0.6256662242920016
2094 0.009999951483882975 0.625667174146076
2095 0.009999805692153682 0.62566847073897
2096 0.009999671012312835 0.6256694589006391
2097 0.009999530350647495 0.6256707217669847
2098 0.009999383038194736 0.6256716365755368
2099 0.009999251678814918 0.6256729268341085
2100 0.009999106750168017 0.6256738117788706
2101 0.009998961471237052 0.6256750303165427
2102 0.009998826222160905 0.625675950747786
2103 0.009998684642843276 0.6256771403425465
2104 0.009998536659555369 0.6256779889728545
2105 0.009998392208019489 0.6256791676490747
2106 0.009998246347970708 0.6256800141200217
2107 0.009998105249030361 0.6256811793991072
2108 0.009997961607970101 0.6256820043075848
2109 0.009997821318008875 0.6256831464025082
2110 0.00999767790651445 0.6256839499138237
2111 0.009997537039098659 0.625685063125396
2112 0.009997392838504164 0.6256858431474104
2113 0.009997251466185448 0.6256869312364505
2114 0.009997106821241199 0.6256876838822291
2115 0.009996964931432073 0.6256887434514901
2116 0.009996820111298368 0.625689474634147
2117 0.009996678305894173 0.6256905110269874
2118 0.009996533761413934 0.6256912230310564
2119 0.009996392318830939 0.6256922373949091
2120 0.009996247815026348 0.6256929265137856
2121 0.00999610591004777 0.6256939122116855
2122 0.009995961164395941 0.6256945773951087
2123 0.009995818984181299 0.6256955360039437
2124 0.009995673926768886 0.6256961754633428
2125 0.009995531622499439 0.6256971078936445
2126 0.009995386508874934 0.6256977249997261
2127 0.009995244511896369 0.6256986346630875
2128 0.009995099607326099 0.6256992296321099
2129 0.009994957652467013 0.6257001141569831
2130 0.009994812744564444 0.6257006853871797
2131 0.009994670580325687 0.6257015416580319
2132 0.009994525605845302 0.6257020901560906
2133 0.009994383508282745 0.6257029207711794
2134 0.009994238481098532 0.6257034452143949
2135 0.009994096593780413 0.6257042512443391
2136 0.009993951833556978 0.6257047535634792
2137 0.00999380987711455 0.6257055333786081
2138 0.009993665331854808 0.6257060140040599
2139 0.00999352352893005 0.6257067664621934
2140 0.009993378707471747 0.6257072211862654
2141 0.009993237074877545 0.6257079488524568
2142 0.009993092415246081 0.625708379971176
2143 0.009992950404029411 0.6257090739535168
2144 0.00999280634115386 0.625709488562833
2145 0.009992664883744144 0.6257101617050052
2146 0.009992520778642535 0.6257105515663349
2147 0.009992378142416424 0.6257111707378465
2148 0.009992237023739293 0.6257116003680809
2149 0.009992093703013493 0.6257121665203418
2150 0.009991951916972018 0.6257125603327564
2151 0.009991808944395933 0.6257130975216665
2152 0.009991667329331849 0.6257134683154806
2153 0.009991524406104643 0.6257139805116388
2154 0.00999138308051915 0.625714329693708
2155 0.009991240672421809 0.6257148199570624
2156 0.00999109983744563 0.6257151475417151
2157 0.009990957827603984 0.6257156127770068
2158 0.009990817372251886 0.6257159177869823
2159 0.009990675516001662 0.6257163550692336
2160 0.009990535002318243 0.6257166350699926
2161 0.0099903936307742 0.6257170479935498
2162 0.009990253294989065 0.6257173030107579
2163 0.009990112254002223 0.625717690753777
2164 0.009989972286218805 0.6257179234183856
2165 0.009989831604945761 0.6257182860334068
2166 0.009989692127114737 0.6257184965038235
2167 0.009989552110231522 0.6257188362108613
2168 0.009989412986419472 0.6257190234205231
2169 0.009989273247633984 0.6257193363398954
2170 0.009989134389660892 0.6257195002041999
2171 0.009988995004362122 0.6257197872687622
2172 0.009988856432290784 0.6257199271400471
2173 0.009988717726134964 0.6257201914439928
2174 0.009988579778936725 0.6257203100517558
2175 0.009988441582340147 0.625720550195568
2176 0.009988309847817345 0.6257206375322864
2177 0.009988166231612448 0.6257208632454739
2178 0.009988032690879016 0.6257209298627512
2179 0.009987889970761511 0.6257211292425727
2180 0.009987757977194691 0.6257211733401851
2181 0.00998761607534066 0.62572134484836
2182 0.009987484623290918 0.6257213646589782
2183 0.009987343977334815 0.6257215116557908
2184 0.009987213244688513 0.6257215105886367
2185 0.009987072733347525 0.6257216319087791
2186 0.009986942334524747 0.6257216100012343
2187 0.009986802970176022 0.6257217082595491
2188 0.009986672798323033 0.6257216616781651
2189 0.00998653364618029 0.6257217359990418
2190 0.009986403960731862 0.6257216680949382
2191 0.009986265863021806 0.6257217177153771
2192 0.009986136961742234 0.625721630325439
2193 0.009985999171035265 0.6257216556005506
2194 0.009985870248879496 0.6257215409632473
2195 0.009985733584006628 0.6257215448936078
2196 0.00998560591693882 0.6257214141024267
2197 0.009985475528760546 0.6257213910592322
2198 0.009985341945538751 0.6257212377044123
2199 0.00998520433600014 0.6257211943840254
2200 0.00998507773970553 0.6257210191033303
2201 0.009984944720402957 0.6257209543729614
2202 0.009984819325147087 0.6257207570034967
2203 0.009984685670822972 0.6257206629626089
2204 0.009984559547823504 0.6257204408046771
2205 0.009984426911637478 0.6257203294608259
2206 0.009984302050192269 0.6257200918617631
2207 0.009984175695739051 0.6257199616135124
2208 0.009984045420755216 0.6257196970691528
2209 0.009983911306001262 0.6257195328570456
2210 0.009983787287587255 0.6257192494377628
2211 0.009983658620925675 0.6257190740568642
2212 0.009983536562937993 0.6257187748036632
2213 0.009983407806239209 0.625718574072716
2214 0.009983284973240686 0.6257182494063025
2215 0.009983157177498474 0.6257180271348082
2216 0.009983035009059501 0.6257176831074317
2217 0.00998291322539519 0.6257174470188742
2218 0.009982786050631687 0.6257170737928401
2219 0.009982656723374615 0.6257167979939321
2220 0.00998253553984987 0.6257164104595706
2221 0.009982411741623088 0.6257161284840411
2222 0.009982292796729721 0.6257157274386445
2223 0.009982168935085002 0.6257154195920065
2224 0.009982049526559509 0.6257149932792905
2225 0.009981926953301672 0.6257146695689981
2226 0.009981808389637708 0.6257142248945594
2227 0.009981691451404257 0.6257138907225192
2228 0.009981567628513382 0.6257134070581896
2229 0.009981443227967448 0.6257130261794679
2230 0.009981319162565136 0.6257125059144049
2231 0.009981205638596205 0.6257121399776133
2232 0.009981093486431621 0.6257116567698212
2233 0.009980981752731799 0.6257112846892974
2234 0.009980860868700535 0.6257107446575798
2235 0.009980738951617437 0.625710300389866
2236 0.009980622744505906 0.6257097452252168
2237 0.009980505719000237 0.6257092981775362
2238 0.009980385853048121 0.6257086969487781
2239 0.009980275424733497 0.6257082562466751
2240 0.009980166489656224 0.625707697241464
2241 0.009980053567338804 0.6257072319019826
2242 0.009979940666268063 0.6257066282486776
2243 0.009979831520780082 0.6257061501245992
2244 0.00997971368673786 0.6257054988872093
2245 0.009979597173719594 0.6257049573967849
2246 0.009979478866655652 0.6257042650850094
2247 0.009979378713240368 0.6257037864786426
2248 0.009979270689412172 0.6257031458174312
2249 0.00997916497050615 0.6257026222418285
2250 0.00997905090890194 0.6257019206353475
2251 0.00997894403571193 0.6257013611537985
2252 0.009978830614622281 0.6257006339124211
2253 0.009978725647483398 0.6257000612318429
2254 0.00997861411298836 0.6256993210267953
2255 0.009978511149252415 0.6256987389587085
2256 0.00997840140399639 0.625697986766881
2257 0.009978299881254515 0.6256973914885962
2258 0.009978191051125261 0.6256966203372289
2259 0.009978090628441228 0.6256960095397224
2260 0.009977982766300904 0.6256952213186888
2261 0.009977883212745276 0.6256945922531162
2262 0.009977775790920252 0.6256937813602922
2263 0.009977677417075904 0.6256931382813882
2264 0.009977571144713721 0.625692311498154
2265 0.009977474215794839 0.6256916557492176
2266 0.009977368963311604 0.6256908107537279
2267 0.009977273245056529 0.6256901415294808
2268 0.009977169355398855 0.6256892830040047
2269 0.009977074664207016 0.6256885974147564
2270 0.009976971376764452 0.6256877178559942
2271 0.009976877689333408 0.6256870173836095
2272 0.00997677565155536 0.6256861231577889
2273 0.009976683416706194 0.625685411194568
2274 0.009976574669870225 0.6256844336117853
2275 0.009976482073088126 0.6256836962980153
2276 0.009976385001084285 0.6256827881504049
2277 0.009976298731477722 0.6256820793607655
2278 0.009976202817627832 0.6256811567873568
2279 0.009976115704651303 0.6256804204413671
2280 0.009976018256158814 0.6256794624552084
2281 0.009975930786557546 0.6256787006234926
2282 0.00997583262561527 0.625677711017481
2283 0.009975746062313511 0.6256769348665538
2284 0.009975649681193167 0.6256759366209811
2285 0.009975564971413008 0.6256751525781846
2286 0.00997547013920015 0.6256741428224413
2287 0.009975387073273199 0.6256733510465488
2288 0.009975293785946913 0.6256723303957532
2289 0.009975211632224649 0.6256715229131845
2290 0.009975118582766366 0.6256704800072099
2291 0.009975037446315289 0.6256696609345133
2292 0.009974946008633585 0.6256686093948226
2293 0.009974866407627927 0.6256677811974564
2294 0.00997477612062337 0.6256667159515399
2295 0.009974697635428291 0.6256658756409794
2296 0.009974608559588163 0.6256648013236916
2297 0.00997453074285784 0.6256639397231183
2298 0.009974442728051772 0.6256628526396399
2299 0.00997436646084557 0.6256619834234872
2300 0.009974279917941574 0.6256608866846567
2301 0.009974204998546588 0.6256600083623221
2302 0.009974119407194648 0.6256588973757716
2303 0.009974045624387477 0.6256580088057035
2304 0.009973961413953071 0.6256568882225331
2305 0.009973888930854678 0.6256559898681038
2306 0.009973805563908941 0.6256548540493806
2307 0.009973733889181087 0.6256539425597236
2308 0.009973651987894273 0.6256527989385219
2309 0.009973581791032644 0.6256518796233659
2310 0.009973500839105186 0.6256507216589897
2311 0.009973431828975398 0.6256497934771266
2312 0.00997335232097051 0.6256486269992582
2313 0.009973286074616894 0.6256477312876071
2314 0.009973206042175949 0.6256464866858805
2315 0.00997314107451145 0.6256455981338312
2316 0.009973062634545723 0.6256443531517121
2317 0.009972998129099844 0.6256434567703533
2318 0.009972920603066223 0.6256422011310031
2319 0.009972857345392647 0.6256412963249187
2320 0.009972781604650937 0.6256400352179768
2321 0.009972719828657382 0.6256391220157045
2322 0.009972645225351868 0.6256378492987698
2323 0.009972584665902218 0.6256369282721381
2324 0.009972511408364597 0.6256356474872564
2325 0.009972451986206613 0.6256347180947832
2326 0.009972379562364209 0.6256334253768483
2327 0.009972321528033805 0.625632492153803
2328 0.009972250867392412 0.6256311964114109
2329 0.009972193925530396 0.6256302536683384
2330 0.009972124348844971 0.625628969397319
2331 0.009972066748211548 0.6256279778846915
2332 0.009971999561935226 0.625626696247102
2333 0.00997194409577565 0.6256257040715614
2334 0.009971878103817418 0.6256244184283702
2335 0.009971823808784057 0.6256234229633587
2336 0.00997175904576089 0.6256221330854106
2337 0.009971705799917163 0.6256211305942655
2338 0.00997164175780195 0.6256198283857245
2339 0.009971589656017967 0.6256188198426135
2340 0.009971527232680017 0.625617514358222
2341 0.00997147636023135 0.6256164996542944
2342 0.009971414821865943 0.6256151844863529
2343 0.009971365123720743 0.6256141653818453
2344 0.009971305171802083 0.625612848057241
2345 0.009971256687316243 0.625611823840466
2346 0.009971197583120367 0.6256104971687595
2347 0.009971150281982465 0.625609469238852
2348 0.009971092765975289 0.6256081408696338
2349 0.009971046628735101 0.6256071076036007
2350 0.009970989904483448 0.6256057697803459
2351 0.009970944952883922 0.625604733498073
2352 0.009970889869700589 0.6256033952867842
2353 0.009970845338107775 0.6256023381035144
2354 0.00997079226123692 0.6256010177706013
2355 0.009970748478966061 0.6255999529056729
2356 0.009970696880062893 0.6255986284606057
2357 0.009970654407794936 0.6255975578764201
2358 0.00997060322321104 0.6255962260591029
2359 0.009970563413520164 0.6255951603393136
2360 0.009970512884815663 0.6255938199471485
2361 0.009970473789925317 0.6255927483704402
2362 0.009970423899153367 0.6255914009323542
2363 0.009970385894040264 0.62559032821289
2364 0.009970337684754508 0.6255889829933874
2365 0.009970300937631859 0.6255879081001228
2366 0.009970253680438152 0.6255865572047166
2367 0.00997021809707436 0.6255854810064266
2368 0.009970172392726059 0.6255841313215157
2369 0.009970137923115305 0.6255830523901513
2370 0.009970093012890795 0.6255816967292501
2371 0.009970059621534981 0.625580616613902
2372 0.009970016223932739 0.6255792627163216
2373 0.009969983945619489 0.625578180555457
2374 0.009969941378475783 0.6255768216679427
2375 0.00996991017807305 0.6255757388868725
2376 0.009969869127365317 0.6255743824086434
2377 0.009969839030334493 0.6255732980833359
2378 0.009969798806658096 0.625571937218853
2379 0.009969769770041464 0.625570852680486
2380 0.009969731034334343 0.6255694946337618
2381 0.009969703090111363 0.6255684090648866
2382 0.009969665174515793 0.6255670472814806
2383 0.009969638272699383 0.6255659619290901
2384 0.00996960182464459 0.6255646034781115
2385 0.009969576001361663 0.6255635175902611
2386 0.00996954037321816 0.6255621560710058
2387 0.009969515574128566 0.6255610708246666
2388 0.00996948139222417 0.6255597130996464
2389 0.009969457657009947 0.6255586278128709
2390 0.009969424288285195 0.6255572676582098
2391 0.009969401562844442 0.6255561830217747
2392 0.009969369623994613 0.6255548272393854
2393 0.00996934793248753 0.6255537434918689
2394 0.009969316790890836 0.6255523860227071
2395 0.009969296081907246 0.6255513036298078
2396 0.0099692663361625 0.6255499507222769
2397 0.009969246663556999 0.6255488692322069
2398 0.009969217719586792 0.6255475151702065
2399 0.009969199010527483 0.6255464355909817
2400 0.009969171437721681 0.625545086728227
2401 0.009969153744079546 0.6255440085702387
2402 0.009969126959682294 0.6255426591600053
2403 0.009969110202935193 0.6255415832567506
2404 0.009969084759546592 0.6255402394098402
2405 0.009969069003617112 0.6255391654065249
2406 0.009969044344772998 0.6255378216665675
2407 0.009969029501072887 0.6255367502632792
2408 0.009969006148181648 0.6255354124330276
2409 0.009968992290559135 0.6255343434361226
2410 0.009968969722752047 0.6255330064353741
2411 0.00996895744244216 0.6255319552395108
2412 0.009968934811485523 0.6255305965181526
2413 0.009968924059279197 0.6255295558120066
2414 0.009968902358838381 0.6255282034776107
2415 0.009968892380550206 0.6255271679523401
2416 0.009968871891275747 0.6255258224771413
2417 0.009968862849912651 0.6255247898108922
2418 0.009968843159234611 0.6255234459303977
2419 0.009968834957410182 0.6255224163937168
2420 0.00996881646469659 0.625521078825137
2421 0.009968809205548186 0.625520053105402
2422 0.009968791524238815 0.6255187187056414
2423 0.009968785091009782 0.6255176971888576
2424 0.00996876854386753 0.625516369745555
2425 0.009968763004014544 0.625515352379783
2426 0.009968747253153458 0.625514028945843
2427 0.009968742523204739 0.62551301617655
2428 0.009968727880318776 0.6255117001842385
2429 0.009968724009432954 0.6255106917687336
2430 0.009968710233315695 0.6255093807178771
2431 0.009968707252178369 0.6255083783280709
2432 0.009968694183515184 0.6255070714602542
2433 0.0099686919093263 0.6255060728291583
2434 0.009968679880146273 0.6255047737460477
2435 0.00996867837921752 0.6255037799127346
2436 0.009968667205444471 0.6255024867822604
2437 0.009968666593392291 0.6255014996281197
2438 0.009968656280733162 0.6255002130836019
2439 0.00996865641306911 0.6254992310177191
2440 0.009968647260351732 0.6254979543068024
2441 0.009968648313364649 0.6254969794107805
2442 0.00996863964031024 0.6254957059300295
2443 0.009968641269002279 0.6254947356454572
2444 0.009968633384931203 0.6254934693811109
2445 0.009968635621185454 0.6254925040704542
2446 0.009968628703879739 0.6254912468502897
2447 0.009968631827560371 0.6254902890114398
2448 0.009968625733151432 0.6254890389156496
2449 0.009968629499110267 0.6254880871380127
2450 0.009968624234777092 0.6254868457913069
2451 0.009968628970363137 0.6254859030981709
2452 0.009968624640290328 0.6254846707619324
2453 0.00996862970873336 0.62548373144342
2454 0.009968625791515046 0.6254825042641763
2455 0.009968631504082275 0.6254815720320677
2456 0.009968628572367102 0.6254803556240541
2457 0.00996863604793042 0.6254794447345836
2458 0.009968632383613778 0.6254782093167269
2459 0.009968641365579475 0.6254773170362332
2460 0.009968638402830124 0.6254760961053577
2461 0.009968647432379338 0.6254752108223504
2462 0.009968644869858729 0.6254739965991382
2463 0.009968654617041555 0.6254731180483525
2464 0.009968653154126657 0.6254719142470052
2465 0.009968663942201274 0.6254710455558583
2466 0.009968663342523451 0.6254698517650623
2467 0.009968674515258168 0.6254689888568257
2468 0.009968674260924579 0.6254678020534705
2469 0.00996868596540724 0.6254669480252359
2470 0.009968686518820042 0.6254657727667827
2471 0.00996869882760777 0.6254649271622444
2472 0.009968699882775205 0.6254637600939454
2473 0.009968712571232736 0.6254629211599948
2474 0.00996871445841358 0.6254617664327033
2475 0.009968728044242637 0.6254609389756023
2476 0.009968730511382898 0.6254597931676378
2477 0.009968744344880038 0.6254589718667782
2478 0.009968747092167428 0.6254578336801039
2479 0.009968761472055176 0.625457021934882
2480 0.009968765392330544 0.6254558995773872
2481 0.009968780556238564 0.6254550990583576
2482 0.00996878461928343 0.6254539826015064
2483 0.009968799822625612 0.6254531874050618
2484 0.009968804338880982 0.6254520813499173
2485 0.009968820209468127 0.6254512970222449
2486 0.009968825584566635 0.6254502046681552
2487 0.009968842198388278 0.6254494320146385
2488 0.009968848405518293 0.6254483524558947
2489 0.00996886522715529 0.6254475872773947
2490 0.009968871284263499 0.6254465129868331
2491 0.009968888276843413 0.6254457556568682
2492 0.009968894971103618 0.6254446943525191
2493 0.009968912552533972 0.6254439472808276
2494 0.009968919828290493 0.6254428978025586
2495 0.009968937865231044 0.62544216110115
2496 0.009968945916659085 0.6254411258363991
2497 0.009968964553555079 0.6254404012656077
2498 0.009968972801223152 0.625439374844171
2499 0.009968991534469441 0.6254386577545262
2500 0.009969000101834723 0.6254376423645509
2501 0.009969019166491599 0.6254369347928147
2502 0.009969028200907113 0.6254359313496576
2503 0.009969047565382996 0.6254352334491172
2504 0.009969057220523618 0.6254342443475345
2505 0.009969077502014085 0.6254335621564702
2506 0.009969087554638727 0.6254325839000354
2507 0.009969107584629436 0.6254319069978928
2508 0.009969117542929591 0.6254309368729923
2509 0.009969137803524153 0.6254302702341605
2510 0.009969148384581064 0.625429314697513
2511 0.009969169095154339 0.6254286595341284
2512 0.009969180269606272 0.6254277187632273
2513 0.009969201732830371 0.6254270786149527
2514 0.009969213274081519 0.6254261492472966
2515 0.009969234368843139 0.6254255141525766
2516 0.009969245801180953 0.6254245940400904
2517 0.009969267257949162 0.6254239714154074
2518 0.009969278990698625 0.6254230633722262
2519 0.009969300941236747 0.62542245388302
2520 0.009969313214506125 0.6254215604959845
2521 0.009969335143651128 0.6254209593501096
2522 0.009969347487608332 0.6254200767697571
2523 0.009969369584892664 0.6254194865195711
2524 0.00996938235315252 0.6254186181827693
2525 0.009969404917922824 0.62541804160263
2526 0.009969418056378474 0.6254171869599628
2527 0.009969440540722768 0.6254166187068401
2528 0.00996945358746164 0.6254157743144751
2529 0.009969476409319352 0.6254152192956879
2530 0.009969490114243161 0.6254143911459124
2531 0.009969513096161332 0.6254138474518056
2532 0.009969526445417428 0.6254130267984001
2533 0.009969549143717735 0.6254124911488714
2534 0.009969562671721539 0.6254116839078817
2535 0.009969585774746345 0.6254111619654913
2536 0.00996959981306891 0.6254103707280945
2537 0.009969623191577036 0.6254098612241185
2538 0.009969637601443721 0.6254090848455518
2539 0.009969661240218895 0.6254085883723086
2540 0.009969675371591571 0.6254078206768934
2541 0.009969698427459588 0.625407330269512
2542 0.009969712352441299 0.6254065731342476
2543 0.00996973560477424 0.6254060956573473
2544 0.009969750059353757 0.6254053553541283
2545 0.009969773634571851 0.6254048912575074
2546 0.009969788370362619 0.6254041657644014
2547 0.009969812359083157 0.62540371692066
2548 0.009969827093245306 0.6254030030053828
2549 0.009969850432215462 0.6254025596860147
2550 0.009969864689060305 0.6254018545574822
2551 0.009969887986613258 0.625401422909838
2552 0.009969902585311058 0.6254007335699611
2553 0.009969926109890462 0.6254003152429278
2554 0.009969940962373289 0.625399641322669
2555 0.009969964919476245 0.6253992386151001
2556 0.009969979992775024 0.6253985783700091
2557 0.009970003503996776 0.6253981841491473
2558 0.009970017889745957 0.6253975311824183
2559 0.009970040962962553 0.6253971453714459
2560 0.009970055373311006 0.6253965062749578
2561 0.009970078750807113 0.6253961352933005
2562 0.009970093473785446 0.6253955119993624
2563 0.009970116993810724 0.6253951544101343
2564 0.009970132056106171 0.6253945476119048
2565 0.009970155473350265 0.6253942015514636
2566 0.009970169807264851 0.6253936011969635
2567 0.009970192583029827 0.625393262494511
2568 0.009970206779240109 0.6253926753814449
2569 0.009970229759669319 0.6253923510746398
2570 0.009970244113090488 0.6253917787977329
2571 0.009970267105976826 0.6253914673011862
2572 0.00997028181468148 0.6253909122451988
2573 0.009970304977655687 0.6253906149309296
2574 0.009970319105285199 0.6253900678540638
2575 0.009970341397712978 0.6253897764907863
2576 0.009970355032871751 0.6253892395304712
2577 0.009970377192761466 0.6253889601856764
2578 0.009970391023266748 0.6253884392846993
2579 0.009970413366404786 0.6253881744917397
2580 0.00997042730898187 0.6253876684606563
2581 0.009970449870039307 0.6253874192161776
2582 0.009970463598885098 0.6253869252561566
2583 0.009970485316690786 0.6253866815981248
2584 0.00997049822864981 0.6253861946743109
2585 0.009970519492451656 0.6253859612296649
2586 0.00997053282570551 0.6253854931347186
2587 0.00997055444525429 0.625385275923644
2588 0.009970567428535497 0.6253848184144262
2589 0.009970588601488922 0.625384611239223
2590 0.009970601337546009 0.625384166436658
2591 0.009970622149912274 0.6253839691526596
2592 0.009970634616137168 0.6253835368344492
2593 0.009970655500600403 0.6253833547951366
2594 0.009970667814820731 0.6253829347586809
2595 0.009970688087570666 0.6253827609008522
2596 0.009970699858545682 0.6253823515202656
2597 0.009970720013199715 0.6253821908094143
2598 0.009970731706857224 0.625381794914648
2599 0.009970751562301743 0.6253816456879091
2600 0.009970763018967056 0.6253812626337201
2601 0.009970782502595164 0.6253811237122888
2602 0.009970792288091007 0.6253807429765912
2603 0.009970812208923581 0.6253806156855859
2604 0.009970822968815792 0.6253802619041545
2605 0.00997084274736086 0.6253801492400966
2606 0.009970852928250291 0.6253798041132904
2607 0.00997087185477134 0.6253796992665575
2608 0.009970881300086732 0.6253793609876643
2609 0.009970899593346698 0.6253792653333246
2610 0.009970908916547651 0.6253789415912151
2611 0.009970927341752584 0.6253788611887069
2612 0.009970936340121288 0.6253785481324454
2613 0.009970954101184785 0.6253784762951398
2614 0.00997096266095236 0.6253781752399105
2615 0.009970980202620244 0.6253781152245229
2616 0.009970988502246911 0.6253778262679747
2617 0.009971005443692027 0.6253777757872653
2618 0.009971013353143893 0.6253774985121471
2619 0.00997103001420954 0.625377459311907
2620 0.009971037428472485 0.6253771928238673
2621 0.009971053644703083 0.6253771648756382
2622 0.009971060471521832 0.6253769070924803
2623 0.009971075972600154 0.6253768874512651
2624 0.009971082645065053 0.6253766444077509
2625 0.009971098456438005 0.6253766414805043
2626 0.009971104679376083 0.625376407520209
2627 0.009971119484756562 0.6253764108370505
2628 0.009971125023791492 0.6253761867646606
2629 0.009971139259437564 0.625376198872867
2630 0.009971144422607967 0.625375986236441
2631 0.009971158584956879 0.6253760131188372
2632 0.009971163421137998 0.6253758117299264
2633 0.009971176894175177 0.625375845824868
2634 0.009971181133677289 0.625375654883746
2635 0.009971194172679035 0.6253757003252868
2636 0.009971197907043641 0.6253755184763646
2637 0.009971210443215365 0.6253755741871665
2638 0.009971213611951215 0.6253754027063705
2639 0.009971225833984935 0.6253754699851074
2640 0.009971228595137396 0.6253753085168112
2641 0.009971240126394124 0.6253753845911002
2642 0.009971242355096745 0.62537523372316
2643 0.009971253304990822 0.6253753181911339
2644 0.009971255047937744 0.6253751778040842
2645 0.009971265544176083 0.6253752733698423
2646 0.00997126664978527 0.6253751413163924
2647 0.00997127630535375 0.6253752428431709
2648 0.009971276749309485 0.6253751203077859
2649 0.009971286264642637 0.6253752358125912
2650 0.009971286482581948 0.6253751245409824
2651 0.009971295538836463 0.6253752500828188
2652 0.009971295197192014 0.6253751488227487
2653 0.009971303390596101 0.6253752806017254
2654 0.009971302170545322 0.625375185301674
2655 0.009971309755743452 0.6253753269309503
2656 0.009971308045414903 0.6253752418716986
2657 0.009971315049770717 0.6253753913639585
2658 0.009971312670813781 0.6253753146317407
2659 0.00997131927297963 0.6253754757144108
2660 0.009971316620224354 0.6253754103687822
2661 0.009971322721464273 0.6253755800226056
2662 0.00997131942306735 0.625375523279603
2663 0.009971324842557264 0.6253757015411187
2664 0.009971320534340085 0.6253756487962679
2665 0.009971324957753339 0.6253758324146156
2666 0.009971320198389401 0.6253757908918283
2667 0.009971324644033417 0.6253759883826699
2668 0.009971319386161512 0.6253759546573626
2669 0.009971322751464406 0.6253761565798416
2670 0.009971316732885222 0.6253761307366621
2671 0.009971319424582046 0.6253763396586667
2672 0.009971312823745292 0.6253763222937159
2673 0.009971315284166641 0.6253765439326066
2674 0.009971308334336801 0.6253765364213211
2675 0.009971309816154666 0.6253767613387635
2676 0.009971301695129586 0.6253767576285687
2677 0.009971302635668249 0.625376993082833
2678 0.009971294313875029 0.6253769997423372
2679 0.009971294812095698 0.6253772435836095
2680 0.009971285704450359 0.6253772572311337
2681 0.009971285204314444 0.6253775055948538
2682 0.009971274943180595 0.6253775215268832
2683 0.009971273632845406 0.6253777770804216
2684 0.009971263207499092 0.6253778050892118
2685 0.009971261704298103 0.6253780706405936
2686 0.009971250674835595 0.6253781059690873
2687 0.009971248355384439 0.6253783780146871
2688 0.009971236530542372 0.6253784187828804
2689 0.009971233318328125 0.6253786951434561
2690 0.009971220668656309 0.6253787421554935
2691 0.009971216954059305 0.6253790276367842
2692 0.009971203712209603 0.6253790807847969
2693 0.009971199251841567 0.6253793723084647
2694 0.009971185162157335 0.625379430820087
2695 0.009971180136274859 0.6253797300147448
2696 0.009971165482055818 0.6253797950725516
2697 0.009971159663912436 0.6253801001080225
2698 0.009971144356517452 0.6253801720147206
2699 0.009971137615967645 0.6253804801123365
2700 0.009971121578221734 0.6253805579461742
2701 0.00997111455429138 0.6253808762370959
2702 0.009971097946454963 0.6253809600081216
2703 0.009971089699322909 0.6253812782696984
2704 0.009971071938416903 0.6253813646848896
2705 0.00997106313963885 0.6253816915655429
2706 0.009971044944486722 0.62538178448616
2707 0.009971035665460724 0.6253821187492082
2708 0.00997101684135179 0.6253822181307443
2709 0.009971006957767044 0.6253825584094047
2710 0.009970987228143628 0.6253826603950614
2711 0.009970976120263784 0.6253830019563699
2712 0.00997095565091924 0.6253831094169311
2713 0.009970943914882563 0.6253834560240373
2714 0.00997092390509482 0.6253835651692269
2715 0.009970908267507345 0.6253839136600261
2716 0.009970890129107124 0.6253840411601107
2717 0.009970874294821073 0.6253843953014464
2718 0.009970854604650952 0.6253845207102033
2719 0.009970837773921975 0.6253848780472471
2720 0.009970817454770452 0.6253850086734939
2721 0.009970799817456272 0.6253853686122062
2722 0.009970778660206252 0.6253855027416423
2723 0.009970760340173402 0.6253858668859644
2724 0.009970738249262767 0.6253860028702225
2725 0.009970719190184297 0.6253863717902115
2726 0.009970696875574813 0.6253865164310095
2727 0.009970677226845184 0.6253868893704302
2728 0.009970653784596563 0.6253870338529577
2729 0.009970633202339761 0.6253874097808388
2730 0.009970608949275983 0.625387556517627
2731 0.009970587631094444 0.6253879356286705
2732 0.009970563063668605 0.6253880899830176
2733 0.009970541339254886 0.625388475395327
2734 0.009970515616205296 0.6253886278950405
2735 0.0099704925084966 0.6253890109928674
2736 0.009970466015982988 0.6253891669226375
2737 0.009970442506344655 0.6253895560970497
2738 0.009970415370095373 0.6253897149494403
2739 0.009970391292889999 0.6253901093146712
2740 0.009970363918431821 0.6253902751252008
2741 0.009970338856946016 0.625390668045447
2742 0.009970309959017768 0.625390829635831
2743 0.009970283889466497 0.6253912242675326
2744 0.00997025445931177 0.6253913895998836
2745 0.0099702277904117 0.6253917871212422
2746 0.009970197804588736 0.6253919564000368
2747 0.009970170960702426 0.6253923619509613
2748 0.009970140311181519 0.625392532558711
2749 0.009970111954845805 0.6253929327549367
2750 0.009970080345380987 0.6253931038067037
2751 0.009970051559114942 0.6253935083903195
2752 0.009970019145625581 0.6253936802319254
2753 0.009969989418580547 0.6253940851756475
2754 0.009969956395560085 0.625394263422932
2755 0.009969925540527835 0.6253946595325773
2756 0.009969891772719213 0.625394840858306
2757 0.009969861005062744 0.6253952472034329
2758 0.009969827011870302 0.6253954335085858
2759 0.009969794871265598 0.6253958332449149
2760 0.009969759602053416 0.6253960159112067
2761 0.009969727053897247 0.6253964203373256
2762 0.009969691032414438 0.6253966031725026
2763 0.009969657395961014 0.6253970052714342
2764 0.00996962065707622 0.6253971892562582
2765 0.009969586426086923 0.6253975931536939
2766 0.009969548949566984 0.6253977771686261
2767 0.009969514170561895 0.6253981838917657
2768 0.009969476346743691 0.6253983713013866
2769 0.009969440419793424 0.6253987732937427
2770 0.009969401486329028 0.625398957694099
2771 0.009969365261006112 0.6253993647398886
2772 0.009969325793688855 0.6253995503006684
2773 0.009969288439130711 0.6253999526308104
2774 0.009969247950958302 0.6254001355232005
2775 0.00996921001150061 0.6254005396006965
2776 0.009969168895551 0.6254007219756117
2777 0.00996913031692848 0.625401126520681
2778 0.009969088902907892 0.6254013122282165
2779 0.009969049730107701 0.6254017162918144
2780 0.009969007005219131 0.6254018955094912
2781 0.009968966836566791 0.6254022975080364
2782 0.009968923901593945 0.6254024804176077
2783 0.009968883045523166 0.6254028799736493
2784 0.009968839033240751 0.6254030586545947
2785 0.009968797432121592 0.6254034578298372
2786 0.009968751318222878 0.6254036285216844
2787 0.009968712561347695 0.6254040463997275
2788 0.009968664459546537 0.6254042099898282
2789 0.009968624652295865 0.6254046229578961
2790 0.009968575262869357 0.6254047776450222
2791 0.009968534214938974 0.6254051851396519
2792 0.009968484378614011 0.6254053405584223
2793 0.009968442965036371 0.625405748842062
2794 0.009968392556219379 0.6254059031139673
2795 0.009968350616998986 0.6254063126667041
2796 0.009968300145219615 0.6254064696037178
2797 0.009968257600984212 0.6254068750249479
2798 0.009968205813326934 0.6254070251214477
2799 0.009968162105068375 0.6254074253862777
2800 0.009968109367488572 0.6254075700240117
2801 0.00996806489147257 0.6254079670675058
2802 0.009968011843984308 0.6254081124863212
2803 0.009967967229008952 0.6254085114972154
2804 0.009967913738600117 0.6254086554900067
2805 0.009967868363831204 0.6254090508387081
2806 0.009967814060639391 0.625409190675737
2807 0.009967767625008821 0.6254095784614893
2808 0.009967712308853505 0.6254097127400468
2809 0.009967665573242286 0.62541010204417
2810 0.00996761012895471 0.6254102374314811
2811 0.009967562562902814 0.6254106199552882
2812 0.009967506322783641 0.6254107516723819
2813 0.009967458150976938 0.6254111321722358
2814 0.009967400938689124 0.6254112553812575
2815 0.00996735176539453 0.6254116292494454
2816 0.009967294035965425 0.625411750652505
2817 0.009967244747947985 0.6254121254411349
2818 0.009967186822857582 0.6254122465512831
2819 0.00996713689610618 0.6254126172068339
2820 0.009967078157689374 0.6254127326852656
2821 0.009967025511124954 0.6254130652047685
2822 0.009966968854212915 0.6254132014698981
2823 0.009966914703306615 0.6254135652642488
2824 0.009966858097663745 0.6254136852302278
2825 0.009966802916588606 0.6254140299587088
2826 0.009966745099861452 0.6254141360111688
2827 0.009966689104452697 0.6254144739638744
2828 0.009966630583097852 0.6254145753287602
2829 0.0099665741725996 0.6254149118205012
2830 0.009966515705023677 0.6254150161142139
2831 0.009966459071981654 0.6254153507122213
2832 0.009966399773554818 0.6254154479731346
2833 0.009966342307348403 0.6254157760429631
2834 0.009966282400391711 0.6254158681783389
2835 0.009966224087713161 0.6254161874318787
2836 0.009966163391787393 0.6254162732467636
2837 0.009966104758725662 0.6254165906123572
2838 0.009966043741651715 0.6254166724244709
2839 0.009965984465706937 0.6254169827689438
2840 0.009965922825106673 0.6254170591357955
2841 0.009965863041605951 0.6254173645862559
2842 0.009965800552315815 0.625417432019465
2843 0.009965740150479416 0.6254177319468586
2844 0.00996567769967569 0.625417799449199
2845 0.009965616845747439 0.6254180926863433
2846 0.009965553425387677 0.6254181508150403
2847 0.009965491806141757 0.6254184371885831
2848 0.009965428026942049 0.6254184907950161
2849 0.009965366050748242 0.625418771627643
2850 0.009965301733996778 0.6254188196007645
2851 0.009965239195724606 0.625419094114237
2852 0.009965174192204577 0.6254191338699745
2853 0.009965110923752372 0.6254194000293721
2854 0.009965045589864477 0.6254194356019207
2855 0.009964982250928985 0.6254196992217695
2856 0.009964916485303045 0.6254197285026385
2857 0.009964852454608531 0.6254199838267044
2858 0.009964785984267331 0.6254200048102213
2859 0.009964721314090312 0.6254202515454833
2860 0.009964654535821588 0.6254202682951487
2861 0.009964589572628531 0.6254205099751006
2862 0.009964522223270371 0.6254205185641767
2863 0.009964456407822312 0.6254207491069498
2864 0.009964388400726077 0.6254207499329463
2865 0.009964322450448154 0.6254209772524706
2866 0.009964254121197197 0.6254209713781737
2867 0.009964187638106603 0.6254211910121291
2868 0.009964119380038078 0.6254211832807175
2869 0.009964052920563928 0.6254213980063237
2870 0.00996398362064909 0.6254213781464927
2871 0.009963915936581842 0.6254215791706875
2872 0.009963846041724744 0.6254215510641071
2873 0.009963777944288103 0.6254217440437075
2874 0.009963707753528544 0.6254217099166175
2875 0.009963639633230827 0.6254218997623513
2876 0.009963569589250647 0.625421862466096
2877 0.009963501223225819 0.6254220445911566
2878 0.00996343013655776 0.625421994367555
2879 0.009963361097885147 0.6254221673862027
2880 0.009963289739524423 0.6254221104870596
2881 0.009963220239442107 0.6254222745264677
2882 0.009963148504372523 0.6254222102526001
2883 0.009963078578302415 0.6254223653172462
2884 0.009963006273488804 0.6254222916639818
2885 0.009962936042089048 0.625422439999977
2886 0.009962863837032213 0.6254223625415622
2887 0.009962793403379709 0.6254225028060515
2888 0.009962720562074657 0.6254224152466391
2889 0.0099626495806919 0.6254225461785371
2890 0.009962576241046232 0.6254224487125912
2891 0.009962504859491664 0.6254225706588726
2892 0.009962431333087921 0.6254224668477442
2893 0.009962359709219064 0.6254225810052532
2894 0.009962285719203925 0.625422467186712
2895 0.009962213956548531 0.6254225748316063
2896 0.009962139845959922 0.6254224548726671
2897 0.009962067474348225 0.6254225500341606
2898 0.009961992553630193 0.6254224175433681
2899 0.009961919768767476 0.6254225042115245
2900 0.009961844969494574 0.6254223666485255
2901 0.009961772195488942 0.6254224461806251
2902 0.009961697037869159 0.6254222998057462
2903 0.009961624021045541 0.6254223713506625
2904 0.009961548473009169 0.6254222149279705
2905 0.009961474919662554 0.6254222751084713
2906 0.00996139900377219 0.6254221094042367
2907 0.009961325114628375 0.6254221599544212
2908 0.009961248863975262 0.6254219844386331
2909 0.009961175133023813 0.6254220301722022
2910 0.009961099126787077 0.6254218504542037
2911 0.00996102480424502 0.6254218822190731
2912 0.009960947936675211 0.625421688728566
2913 0.009960873431075389 0.6254217128936196
2914 0.009960796252597296 0.6254215091309554
2915 0.009960721467705476 0.6254215231531128
2916 0.009960644402837775 0.6254213139268893
2917 0.009960569747396411 0.6254213216597947
2918 0.009960492193114335 0.6254210999153947
2919 0.009960416891435052 0.6254210944144869
2920 0.009960339129704111 0.625420864179607
2921 0.009960264928227144 0.6254208667601465
2922 0.009960185079767246 0.6254206002038429
2923 0.009960111447414351 0.6254206016711243
2924 0.009960031945924685 0.6254203311461771
2925 0.009959957736392933 0.62542032036925
2926 0.009959877551016155 0.6254200371388783
2927 0.009959803008986029 0.6254200170724928
2928 0.009959723062389155 0.6254197269282897
2929 0.009959648895301314 0.6254197007613618
2930 0.009959568797389589 0.6254194011659037
2931 0.009959494266044295 0.6254193633797005
2932 0.009959413468531271 0.6254190486335738
2933 0.009959338476182319 0.6254189989252203
2934 0.009959257856758913 0.6254186779947187
2935 0.009959183193388309 0.6254186219309061
2936 0.00995910249730248 0.6254182916015646
2937 0.009959026233796747 0.6254181838238847
2938 0.00995894765882944 0.625417927275268
2939 0.009958871238262617 0.6254177815531707
2940 0.009958791487811178 0.6254174996173354
2941 0.009958714905158757 0.6254173383981595
2942 0.009958634655426936 0.625417042072987
2943 0.009958557736099856 0.625416869863557
2944 0.009958477563230768 0.6254165677819046
2945 0.009958401069489304 0.6254163918768992
2946 0.009958320861977246 0.6254160801282398
2947 0.009958244242618292 0.6254158946303331
2948 0.009958164540087392 0.6254155787617931
2949 0.00995808811759062 0.6254153837405714
2950 0.009958007430597549 0.6254150492355305
2951 0.009957930439167092 0.6254148409359281
2952 0.009957850010143618 0.6254144994790882
2953 0.009957773074047552 0.6254142803516826
2954 0.009957692330491855 0.6254139267525618
2955 0.009957615442113777 0.6254136992612515
2956 0.009957534736287989 0.6254133356418441
2957 0.00995745787130548 0.6254130982449188
2958 0.009957377418331371 0.6254127277014514
2959 0.009957301078620287 0.6254124849641685
2960 0.009957220287822121 0.6254121006001505
2961 0.009957143291681557 0.6254118419243919
2962 0.009957062421241437 0.6254114479228627
2963 0.009956985443615238 0.6254111786305985
2964 0.009956904387261503 0.6254107722419256
2965 0.009956827535252986 0.6254104945943507
2966 0.009956746661598454 0.6254100794495552
2967 0.009956669985519676 0.625409792348349
2968 0.00995658941334389 0.6254093701404878
2969 0.00995651305717507 0.6254090756706202
2970 0.009956432048172606 0.6254086379999797
2971 0.00995635519632419 0.6254083286976712
2972 0.009956274091763683 0.6254078806695657
2973 0.009956197650374444 0.6254075645702847
2974 0.009956116818331948 0.6254071075941103
2975 0.009956040458164941 0.6254067814841162
2976 0.009955959662273861 0.6254063143311662
2977 0.009955883133158002 0.625405974942705
2978 0.009955801998653473 0.6254054945264634
2979 0.009955725665523104 0.625405147406375
2980 0.009955645305108679 0.6254046624742283
2981 0.00995556948385733 0.6254043073571817
2982 0.009955488667982853 0.6254038084006517
2983 0.009955412369029294 0.6254034397177649
2984 0.009955331319249805 0.6254029253882156
2985 0.00995525504682295 0.6254025458586074
2986 0.009955174570782432 0.6254020263499088
2987 0.009955098740504074 0.6254016391034551
2988 0.009955018393569832 0.6254011089878025
2989 0.009954943147581012 0.6254007166342785
2990 0.009954863053193021 0.6254001775533913
2991 0.009954787296627004 0.6253997677834336
2992 0.009954706472371138 0.6253992115964958
2993 0.009954630844973455 0.6253987933247849
2994 0.009954550601219962 0.6253982303166548
2995 0.009954475291544047 0.6253978024762649
2996 0.009954395388083829 0.6253972315018226
2997 0.009954320952748041 0.625396800700194
2998 0.009954240983480319 0.6253962159672711
2999 0.009954165966499565 0.6253957683521857
3000 0.009954085811601465 0.6253951716799865
3001 0.009954011033735246 0.6253947146667128
3002 0.009953931036872655 0.6253941071618452
3003 0.009953856717664137 0.6253936433815203
3004 0.009953777592316764 0.6253930321728698
3005 0.00995370356613515 0.625392557702444
3006 0.009953623814486999 0.6253919289711775
3007 0.009953549699228703 0.6253914435787444
3008 0.009953470193362835 0.6253908049886305
3009 0.009953396438523511 0.625390310569379
3010 0.009953317420243728 0.6253896650926081
3011 0.009953244257151246 0.6253891644684686
3012 0.009953165101668722 0.6253885041753776
3013 0.00995309184822606 0.6253879915287485
3014 0.009953013136489251 0.6253873245720305
3015 0.009952940349387747 0.6253868035220665
3016 0.009952861333482013 0.6253861209116405
3017 0.00995278862877458 0.6253855898741084
3018 0.009952710471721481 0.6253849033539526
3019 0.009952638183609299 0.6253843625761224
3020 0.009952559676861983 0.6253836608830901
3021 0.009952487542791101 0.6253831110082455
3022 0.009952409418586569 0.6253824001576523
3023 0.009952337607596434 0.6253818406850009
3024 0.009952259894291372 0.6253811220536264
3025 0.009952188863249932 0.6253805580672496
3026 0.009952111160898801 0.6253798255280005
3027 0.009952039812267584 0.6253792470169212
3028 0.00995196233358538 0.6253785056280773
3029 0.009951891540614564 0.6253779199646833
3030 0.009951814350962146 0.6253771680509203
3031 0.009951744147422658 0.6253765765725969
3032 0.009951667467269649 0.6253758170608237
3033 0.00995159710566393 0.6253752105256083
3034 0.009951520079886736 0.6253744361532713
3035 0.009951450222439748 0.6253738237474954
3036 0.009951373981681262 0.6253730433912149
3037 0.009951304722057935 0.6253724236971466
3038 0.009951228841054968 0.6253716347480526
3039 0.009951159997254561 0.6253710071162448
3040 0.009951083815390159 0.6253702008252946
3041 0.009951015184303094 0.6253695643143312
3042 0.009950939900997447 0.6253687549567021
3043 0.009950871551076696 0.6253681078360357
3044 0.009950795960424771 0.6253672832169674
3045 0.009950727706839572 0.6253666266592361
3046 0.009950653165379606 0.6253657999215034
3047 0.009950585790650562 0.6253651370990568
3048 0.009950511169819624 0.6253642971638255
3049 0.009950443981590644 0.6253636249841232
3050 0.009950369591736036 0.6253627744275676
3051 0.009950302532267268 0.6253620912909026
3052 0.009950228634957009 0.625361233847587
3053 0.009950162848850211 0.6253605507478798
3054 0.009950089133265144 0.6253596801744304
3055 0.009950022998220743 0.6253589823266712
3056 0.009949949512806755 0.6253581031011181
3057 0.009949883964498193 0.6253573984340077
3058 0.009949810807008982 0.625356508664314
3059 0.009949745852653463 0.6253557983884487
3060 0.009949673685997534 0.625354905855064
3061 0.009949609159864918 0.6253541859262638
3062 0.009949536752699354 0.6253532787861027
3063 0.009949472368525942 0.6253525496467049
3064 0.009949400546012522 0.6253516353468416
3065 0.009949336801641792 0.6253508996439286
3066 0.009949265276045382 0.6253499760130026
3067 0.009949202049542931 0.6253492337176428
3068 0.009949130648843665 0.6253482972765655
3069 0.009949067632890172 0.6253475460179067
3070 0.009948997099292752 0.625346606790157
3071 0.009948935177820473 0.625345853010192
3072 0.009948864906152316 0.6253449016939262
3073 0.009948802988527483 0.6253441372620231
3074 0.009948732884332168 0.6253431765527032
3075 0.009948671122604441 0.6253424009307423
3076 0.009948601234909826 0.6253414302805627
3077 0.00994854034772482 0.6253406520381664
3078 0.009948471444167543 0.6253396776455763
3079 0.00994841104542816 0.6253388910468772
3080 0.009948342632987084 0.6253379095122928
3081 0.009948282987633698 0.6253371190911411
3082 0.009948214453910913 0.625336121994885
3083 0.00994815459916531 0.6253353192942983
3084 0.009948086484162344 0.6253343160714663
3085 0.009948027675310086 0.6253335112925738
3086 0.009947960369398896 0.6253325011974699
3087 0.009947901997609114 0.6253316895408341
3088 0.009947835155176617 0.6253306729885374
3089 0.009947777096392423 0.625329851871061
3090 0.009947710331233603 0.625328823860158
3091 0.009947652535515989 0.6253279947677157
3092 0.009947586839184694 0.6253269652566483
3093 0.009947529996438767 0.625326132151116
3094 0.009947464372153693 0.6253250910688229
3095 0.009947407858509477 0.6253242512088519
3096 0.009947342702641892 0.625323201921448
3097 0.009947286607946641 0.6253223547976084
3098 0.009947221778362015 0.6253212977508196
3099 0.009947166573912855 0.6253204480441769
3100 0.009947102341396667 0.625319382576799
3101 0.009947047384843019 0.6253185247038522
3102 0.009946983950432231 0.6253174565860089
3103 0.009946929780621861 0.6253165943689813
3104 0.009946866088253485 0.6253155107714944
3105 0.009946811935347371 0.6253146391385555
3106 0.009946749292282484 0.6253135553651452
3107 0.009946697473513389 0.6253127479609636
3108 0.009946630627883511 0.6253115010069751
3109 0.009946581303079549 0.6253107481145345
3110 0.009946517573743876 0.6253095324054008
3111 0.009946468612512646 0.6253087786415776
3112 0.009946404541252696 0.625307550417181
3113 0.009946355850325198 0.6253067878121775
3114 0.009946292018978732 0.6253055464671057
3115 0.00994624407244425 0.6253047498019775
3116 0.009946183470327424 0.6253036026056957
3117 0.009946134871275729 0.6253027491549229
3118 0.009946071745829161 0.6253015537413721
3119 0.009946022580917811 0.6253006839763868
3120 0.009945960739391246 0.6252994943850335
3121 0.009945913239394165 0.6252986302540162
3122 0.009945852700498348 0.6252974425907646
3123 0.00994580624317987 0.6252965797788329
3124 0.009945746542764302 0.6252953898250189
3125 0.009945697123667413 0.6252944576393211
3126 0.009945640522365226 0.6252933277931122
3127 0.009945592075139493 0.6252924017656355
3128 0.009945536766792365 0.6252912654707733
3129 0.009945488628845683 0.6252903210556404
3130 0.009945433159708096 0.6252891682028717
3131 0.009945385934953059 0.6252882228820145
3132 0.009945330725093696 0.6252870617915725
3133 0.009945283213482269 0.6252861066467092
3134 0.009945228696637854 0.6252849457763342
3135 0.009945182626425705 0.6252839969829386
3136 0.009945128611980174 0.62528282496348
3137 0.00994508211551816 0.6252818632847696
3138 0.009945028938428774 0.6252806905280738
3139 0.009944983679404721 0.6252797298177799
3140 0.009944930800106703 0.625278547761565
3141 0.00994488561027428 0.6252775793156233
3142 0.009944833738375656 0.6252763979283835
3143 0.009944789439833604 0.6252754270579275
3144 0.0099447377214205 0.6252742369005967
3145 0.009944693807354224 0.6252732615905769
3146 0.009944643018019464 0.6252720702958827
3147 0.009944599813696609 0.6252710918514311
3148 0.00994454929225147 0.6252698937113297
3149 0.009944506574297409 0.6252689112940021
3150 0.009944456511641797 0.6252677064107279
3151 0.00994441450234501 0.6252667227049563
3152 0.009944365383755592 0.6252655182062641
3153 0.009944323937702454 0.6252645297224686
3154 0.009944274851122667 0.6252633144288781
3155 0.009944233931676493 0.6252623239150528
3156 0.00994418600074652 0.6252611116389506
3157 0.009944145628692324 0.6252601156567739
3158 0.009944097701248038 0.6252588933389597
3159 0.009944058037669141 0.6252578973225603
3160 0.009944011353304132 0.6252566781355158
3161 0.009943971828352723 0.6252556726507962
3162 0.009943925105820184 0.6252544449168395
3163 0.009943886744790676 0.6252534437617079
3164 0.009943841218300808 0.625252217348513
3165 0.009943802849112046 0.6252512064959406
3166 0.00994375732189889 0.6252499727375294
3167 0.009943720124775162 0.6252489660045364
3168 0.009943675422894937 0.6252477291699934
3169 0.009943638402205052 0.6252467163647604
3170 0.009943594135601861 0.6252454769468104
3171 0.009943558105619213 0.6252444652936466
3172 0.009943514347952386 0.6252432198847373
3173 0.009943478508897761 0.6252422033873032
3174 0.009943435522932148 0.6252409589042554
3175 0.009943400492966215 0.6252399411983227
3176 0.009943357722875881 0.6252386890443793
3177 0.009943323217117802 0.6252376703670806
3178 0.00994328180639281 0.625236424362632
3179 0.009943247780218344 0.625235400288366
3180 0.009943206160166345 0.6252341438145452
3181 0.009943172732884732 0.625233120496548
3182 0.00994313221973224 0.6252318673411617
3183 0.009943099424877718 0.6252308405803444
3184 0.009943059127372696 0.6252295822159798
3185 0.00994302676047781 0.6252285536786459
3186 0.009942987370338085 0.6252272958104553
3187 0.009942955339732888 0.6252262624016269
3188 0.009942916308919162 0.6252250017811987
3189 0.009942885250500536 0.6252239712469614
3190 0.009942847135189479 0.6252227104428666
3191 0.00994281677020133 0.6252216803003132
3192 0.009942779314832248 0.62522041972362
3193 0.009942749385799225 0.6252193866840098
3194 0.009942711447766192 0.625218112215861
3195 0.009942681448659002 0.6252170742785809
3196 0.009942644884991813 0.6252158088731955
3197 0.009942616365168837 0.6252147762906944
3198 0.00994258013188239 0.6252135044523152
3199 0.009942551854533957 0.6252124698032875
3200 0.009942517098469425 0.6252112073348298
3201 0.009942489809388482 0.6252101739811162
3202 0.009942454377321188 0.6252088973049525
3203 0.009942426600530246 0.6252078556244766
3204 0.009942392147555851 0.625206583874873
3205 0.009942365103642979 0.6252055409312548
3206 0.00994233126138651 0.6252042689399996
3207 0.009942305257557177 0.6252032308999999
3208 0.009942272804428812 0.6252019656305027
3209 0.009942247344031652 0.6252009258096132
3210 0.009942214895297955 0.6251996549149084
3211 0.009942189848024524 0.6251986153715078
3212 0.009942157591411637 0.6251973396576084
3213 0.009942132421219578 0.6251962935346346
3214 0.009942100796231713 0.6251950206989516
3215 0.009942077097392461 0.6251939827244631
3216 0.009942046189089662 0.6251927077926234
3217 0.009942022947758769 0.6251916705972622
3218 0.009941993096469625 0.6251904026792773
3219 0.009941970421355244 0.6251893643277544
3220 0.009941940044424691 0.6251880836223374
3221 0.009941917206918758 0.625187041689792
3222 0.009941888087586297 0.6251857710543659
3223 0.009941866544640188 0.6251847342390771
3224 0.009941837748712632 0.6251834592010794
3225 0.009941816763997077 0.6251824253617129
3226 0.009941789071797873 0.6251811576122726
3227 0.009941768137092914 0.6251801173731149
3228 0.009941739821985669 0.6251788385345324
3229 0.009941719293896928 0.6251778007706592
3230 0.009941692710914236 0.6251765352835711
3231 0.00994167283777841 0.6251754961456065
3232 0.009941646499384577 0.6251742288353216
3233 0.00994162754560057 0.6251731963150157
3234 0.009941602015045436 0.6251719318578285
3235 0.009941582780663455 0.625170891218284
3236 0.009941556973692964 0.6251696217893222
3237 0.009941538621982462 0.625168587347963
3238 0.009941514176940695 0.625167325870307
3239 0.009941496362962602 0.6251662917654291
3240 0.009941472218397489 0.6251650307147433
3241 0.009941454974648331 0.6251639988400548
3242 0.009941431429470682 0.6251627380402941
3243 0.009941414260353007 0.6251617042607334
3244 0.009941390914168379 0.6251604445188051
3245 0.009941374707215079 0.6251594214266425
3246 0.009941351906188226 0.6251581544528825
3247 0.009941335855357499 0.6251571302721448
3248 0.009941314334170016 0.6251558749962306
3249 0.009941300513846391 0.6251548821079381
3250 0.009941273850905595 0.6251534878122835
3251 0.009941263988533506 0.625152656152299
3252 0.0099412392225859 0.6251512437971766
3253 0.009941229065198343 0.6251503927275055
3254 0.009941203800350969 0.6251489594982919
3255 0.009941193536318775 0.625148106749037
3256 0.009941169766439658 0.6251466900010579
3257 0.009941160514693008 0.6251458443114358
3258 0.009941136801718844 0.6251444254958226
3259 0.009941127941809253 0.6251435845478838
3260 0.009941105421355071 0.6251421766733738
3261 0.009941097084417951 0.625141336538186
3262 0.00994107357774944 0.6251399152959423
3263 0.009941064980275287 0.6251390731325946
3264 0.009941042890582327 0.6251376662336485
3265 0.009941035546927367 0.6251368310285025
3266 0.009941013618636032 0.6251354211113297
3267 0.00994100647874269 0.625134588544987
3268 0.009940985867756354 0.625133191951963
3269 0.009940979467991306 0.6251323625795406
3270 0.009940958105731602 0.6251309551018712
3271 0.009940951532315969 0.6251301257070934
3272 0.009940931493517408 0.6251287323384062
3273 0.009940925696881799 0.6251279061836263
3274 0.009940905489572978 0.6251265074947466
3275 0.009940900002606839 0.6251256861112839
3276 0.009940880987734647 0.6251243000843786
3277 0.009940876226416311 0.6251234816760042
3278 0.009940856942761865 0.6251220899195128
3279 0.009940852033001558 0.6251212719897632
3280 0.009940833990163048 0.6251198940352133
3281 0.009940830047720662 0.6251190821384011
3282 0.009940811519143137 0.6251176963068846
3283 0.009940807490053612 0.625116885700989
3284 0.009940790451131453 0.6251155168054935
3285 0.009940787138830027 0.6251147092267437
3286 0.00994076961718602 0.6251133326772014
3287 0.009940766441253711 0.6251125293774065
3288 0.009940750163720723 0.6251111676165533
3289 0.009940747790024095 0.6251103685960298
3290 0.009940731083547077 0.6251089993819434
3291 0.009940728705377289 0.6251082036232765
3292 0.00994071338215647 0.6251068510904777
3293 0.00994071147314772 0.625106056734692
3294 0.009940695272117826 0.6251046931210499
3295 0.009940693174958949 0.6251039004680973
3296 0.009940678846833771 0.6251025589924263
3297 0.009940678227663799 0.6251017771034102
3298 0.009940663219761815 0.6251004255465973
3299 0.00994066205011989 0.6250996419897979
3300 0.009940648545636746 0.6250983098428193
3301 0.009940648636520588 0.6250975357417319
3302 0.009940634383065212 0.6250961929904914
3303 0.009940633135491679 0.625095410037156
3304 0.009940620036143495 0.6250940849610248
3305 0.009940620597941477 0.625093317088352
3306 0.009940607475750506 0.625091987856609
3307 0.009940607694543977 0.6250912198104006
3308 0.009940595600731791 0.6250899054392577
3309 0.009940596551439619 0.6250891434510144
3310 0.009940583884601131 0.6250878215774084
3311 0.009940584561170673 0.625087061084822
3312 0.009940573193797281 0.6250857572208656
3313 0.009940575196677777 0.6250850077997496
3314 0.009940563468111946 0.6250836973763297
3315 0.009940564387042572 0.6250829416722131
3316 0.009940553509068355 0.6250816463674891
3317 0.009940555909537548 0.6250809041771856
3318 0.009940545002667724 0.6250796060110239
3319 0.009940547099014815 0.6250788647864096
3320 0.009940537171524337 0.6250775818650486
3321 0.009940540010804359 0.6250768474741475
3322 0.00994052955220283 0.6250755575635234
3323 0.00994053177780334 0.6250748221009058
3324 0.009940522110150604 0.6250735466741444
3325 0.009940525582158801 0.625072822604976
3326 0.009940515841717743 0.6250715446356546
3327 0.009940519016280744 0.6250708220255805
3328 0.009940510584114033 0.6250695632841339
3329 0.009940514864248948 0.6250688509390235
3330 0.009940505871385645 0.6250675854521831
3331 0.00994050923282783 0.6250668694331859
3332 0.009940500639204092 0.6250656151798742
3333 0.009940505214063984 0.6250649116208021
3334 0.009940496774291662 0.6250636574977629
3335 0.009940501186591979 0.625062957264213
3336 0.009940494059256471 0.6250617223157107
3337 0.009940499137911793 0.6250610286533589
3338 0.009940490833695395 0.6250597822196461
3339 0.009940494762614587 0.6250590830152644
3340 0.009940487139185878 0.6250578509520344
3341 0.009940490446684609 0.6250570704416017
3342 0.009940489211135098 0.6250560702273754
3343 0.009940491477309639 0.6250552192564914
3344 0.00994048790556722 0.6250541718117
3345 0.009940490134906072 0.6250533072663682
3346 0.009940485648870649 0.6250522515669397
3347 0.009940487175933465 0.6250513901380589
3348 0.009940483941998611 0.6250503610091185
3349 0.009940487438168855 0.625049525839681
3350 0.00994048467357596 0.6250485048669174
3351 0.009940487894067799 0.6250476720594751
3352 0.009940485958736303 0.6250466645348289
3353 0.009940489784060433 0.62504583949274
3354 0.009940486861978662 0.6250448226197297
3355 0.009940489137628317 0.6250439871450013
3356 0.009940486394599686 0.6250429787852763
3357 0.00994049020453852 0.6250421612546848
3358 0.009940488463583365 0.6250411657711691
3359 0.009940492188760098 0.6250403511795829
3360 0.009940490869883797 0.6250393653972208
3361 0.009940495417238423 0.6250385628000964
3362 0.009940493893003942 0.6250375780173377
3363 0.009940497462710312 0.6250367712256045
3364 0.009940495839053083 0.6250357919810752
3365 0.009940500233516154 0.6250349968686979
3366 0.009940498702426826 0.6250340216703502
3367 0.009940502999340725 0.6250332304681911
3368 0.00994050273761461 0.6250322745238858
3369 0.009940507746927334 0.6250314934181691
3370 0.009940506539567641 0.6250305308369053
3371 0.009940510563513817 0.6250297462172801
3372 0.009940509661328747 0.6250287944758226
3373 0.009940514909704162 0.6250280253806486
3374 0.009940514251397832 0.625027078802417
3375 0.009940519183078787 0.6250263121940085
3376 0.009940519623660866 0.6250253837959137
3377 0.009940525219815944 0.625024627646331
3378 0.009940524432925752 0.6250236902635917
3379 0.009940528587485852 0.6250229262112416
3380 0.009940528001303453 0.6250219988568049
3381 0.009940533683038422 0.6250212539785762
3382 0.009940534082150914 0.6250203403269797
3383 0.009940539277703183 0.6250195955715256
3384 0.009940539526937088 0.6250186870447332
3385 0.009940545761520592 0.6250179576591183
3386 0.009940546366961314 0.625017057763773
3387 0.009940551507386991 0.6250163229962471
3388 0.009940551165569194 0.6250154202459949
3389 0.009940557450004191 0.6250147030855456
3390 0.009940558418748463 0.6250138188998901
3391 0.009940564048017074 0.625013099789601
3392 0.009940563641509061 0.6250122072805622
3393 0.009940568942120713 0.6250114919979939
3394 0.009940570071726856 0.6250106229767041
3395 0.009940576520112446 0.6250099225565683
3396 0.009940577076142073 0.6250090511254763
3397 0.009940582665105183 0.6250083495686422
3398 0.009940583992279234 0.6250074950265944
3399 0.009940590225050444 0.6250068041923981
3400 0.0099405906110761 0.6250059445375662
3401 0.009940595987938339 0.6250052522268755
3402 0.009940596472784977 0.6250044017965904
3403 0.009940603386152644 0.6250037301603937
3404 0.009940605052312231 0.6250028970148386
3405 0.009940611132189343 0.6250022224798615
3406 0.009940611600854599 0.6250013837600429
3407 0.009940618197436614 0.6250007221260749
3408 0.009940619563750624 0.6249998995328027
3409 0.009940625253363963 0.6249992340827996
3410 0.009940625359676967 0.6249984051716154
3411 0.009940631183850766 0.6249977484445651
3412 0.009940632853942392 0.6249969433544269
3413 0.009940639778848489 0.6249963019026984
3414 0.009940640637270123 0.6249954932582005
3415 0.00994064653105744 0.6249948495318761
3416 0.009940648477541669 0.6249940615452693
3417 0.009940654844885989 0.6249934275466535
3418 0.00994065543235988 0.6249926307253618
3419 0.009940660655160381 0.6249919932213494
3420 0.009940661423405705 0.6249912073819196
3421 0.009940667997630943 0.6249905890821531
3422 0.009940670057368633 0.6249898219364735
3423 0.009940676087351935 0.6249892046149554
3424 0.009940677016227521 0.6249884336920153
3425 0.009940683576046433 0.624987829115443
3426 0.009940684872340847 0.6249870692794205
3427 0.009940690324703442 0.6249864598683753
3428 0.009940690505122189 0.6249856960867297
3429 0.009940695951040175 0.6249850945797035
3430 0.009940697629103087 0.6249843544438791
3431 0.009940704199499033 0.6249837694865789
3432 0.009940705467307666 0.6249830308032288
3433 0.009940711271379599 0.6249824464634718
3434 0.009940712789923003 0.6249817199793904
3435 0.009940718648470579 0.6249811421520998
3436 0.009940718928314099 0.6249804091240889
3437 0.009940723850117459 0.6249798300287945
3438 0.009940724150697376 0.6249791058905614
3439 0.009940730231224248 0.6249785451380848
3440 0.009940731753479638 0.6249778402677988
3441 0.00994073738638337 0.6249772814129769
3442 0.00994073749270497 0.6249765694892415
3443 0.009940742897768912 0.6249760165882948
3444 0.00994074418108871 0.6249753255126191
3445 0.009940749827708741 0.6249747810138995
3446 0.009940749693860008 0.624974082116235
3447 0.009940754969081655 0.6249735424246667
3448 0.009940755794566967 0.6249728623498001
3449 0.009940760755261069 0.6249723297372829
3450 0.009940761507324938 0.6249716385913022
3451 0.009940765771805663 0.6249711165987902
3452 0.009940767700999458 0.6249704504490987
3453 0.009940771608798799 0.6249699333526371
3454 0.009940771805661894 0.6249692583833595
3455 0.009940775076886064 0.6249687440762849
3456 0.009940777147310108 0.6249680961567091
3457 0.009940781421100886 0.6249675928099632
3458 0.009940782226734952 0.6249669370655297
3459 0.009940785123784863 0.6249664300296377
3460 0.009940784960463543 0.6249657746257282
3461 0.00994078826040995 0.6249652802810264
3462 0.009940789353591861 0.6249646451216543
3463 0.009940793181831581 0.624964161971489
3464 0.009940793654125171 0.6249635274328673
3465 0.009940797259282222 0.6249630517455768
3466 0.009940798756159048 0.6249624365127394
3467 0.009940801620100945 0.6249619581046076
3468 0.009940800912543726 0.6249613286284829
3469 0.009940802853835853 0.6249608522744774
3470 0.00994080359604394 0.6249602478937735
3471 0.009940806520987571 0.6249597848093157
3472 0.009940806283482217 0.6249591764031718
3473 0.009940808374248974 0.6249587148886943
3474 0.009940807738562747 0.6249581110642212
3475 0.009940810174914497 0.6249576617614118
3476 0.00994081102510971 0.6249570814116823
3477 0.009940813406345901 0.624956636021118
3478 0.009940812280112623 0.6249560431983618
3479 0.009940813149576773 0.6249555932366058
3480 0.009940812258272282 0.6249550134656371
3481 0.009940814650402733 0.6249545851353008
3482 0.009940814550572729 0.6249540183675077
3483 0.009940815814606591 0.624953586205614
3484 0.009940814278146387 0.6249530154362561
3485 0.009940815991844655 0.6249525971496824
3486 0.009940814953904916 0.6249520376426669
3487 0.009940815283694279 0.6249516123885287
3488 0.009940813291347075 0.6249510532347015
3489 0.009940813651984078 0.6249506363984366
3490 0.009940812587481604 0.6249500953840479
3491 0.009940814878967488 0.6249497043114036
3492 0.009940813637360293 0.6249491663627081
3493 0.009940813248000911 0.6249487574562174
3494 0.009940809676965501 0.6249482071906208
3495 0.009940809213027962 0.6249478075595707
3496 0.00994080746123961 0.6249472835951471
3497 0.009940807902480491 0.6249468971191171
3498 0.009940805253969023 0.6249463705430965
3499 0.009940805109659979 0.6249459887485658
3500 0.009940803764950682 0.6249454850779942
3501 0.009940803550578225 0.6249451071874632
3502 0.009940799673051124 0.624944585967927
3503 0.009940797822888869 0.624944196128486
3504 0.009940792836470867 0.6249436940333359
3505 0.009940793194642469 0.6249433250164924
3506 0.009940790437227441 0.6249428472018171
3507 0.009940791289151478 0.6249424851001717
3508 0.009940786317805031 0.6249419896778157
3509 0.009940784434315805 0.6249416109111973
3510 0.009940778514262722 0.6249411185698769
3511 0.009940777946796875 0.624940762857115
3512 0.009940773357764473 0.6249402925204885
3513 0.009940772590413221 0.6249399420338981
3514 0.009940767178411495 0.6249394707211448
3515 0.009940766393544832 0.624939128097947
3516 0.009940761152694443 0.6249386665735156
3517 0.009940759124452067 0.6249383185222298
3518 0.009940752145034563 0.6249378475345516
3519 0.009940749504757618 0.6249375021519581
3520 0.009940743467084873 0.6249370493866928
3521 0.009940742209377197 0.6249367243683421
3522 0.009940736488899017 0.6249362819800273
3523 0.00994073394156674 0.6249359517297721
3524 0.009940726813818036 0.6249355035215958
3525 0.00994072431137406 0.6249351826444476
3526 0.009940717142005402 0.6249347423539111
3527 0.009940713273993587 0.624934414654712
3528 0.009940705404240606 0.6249339752907586
3529 0.009940701793999531 0.6249336580804369
3530 0.009940692030459081 0.6249331469018317
3531 0.009940694479061648 0.6249330153426678
3532 0.009940684148701593 0.6249324643330083
3533 0.009940682703688872 0.6249322906989352
3534 0.009940670387871883 0.6249317180466136
3535 0.009940668274761673 0.6249315450813551
3536 0.009940656808477187 0.6249309904199335
3537 0.009940656010724674 0.6249308397781289
3538 0.009940644602305145 0.6249302925449584
3539 0.009940642407954368 0.62493013668578
3540 0.009940629475520933 0.6249295850563904
3541 0.009940627854810761 0.6249294447116519
3542 0.009940615883780902 0.6249289083369622
3543 0.009940613279505931 0.6249287626087835
3544 0.009940599843415329 0.6249282201459966
3545 0.009940596925856571 0.6249280809716614
3546 0.009940584704656976 0.6249275587631966
3547 0.009940581943982783 0.6249274245966094
3548 0.009940568169394563 0.6249268932228034
3549 0.009940564431741482 0.6249267603317222
3550 0.009940551413568701 0.6249262464397358
3551 0.009940547637388967 0.6249261172414876
3552 0.00994053324872254 0.6249255958796521
3553 0.00994052857212095 0.6249254669320744
3554 0.009940513499551629 0.6249249465335225
3555 0.009940509388661461 0.6249248314302698
3556 0.009940496219729816 0.6249243370930999
3557 0.00994049189759952 0.624924223157816
3558 0.009940476604744345 0.6249237144808091
3559 0.009940470702695617 0.6249235951059883
3560 0.009940454451711499 0.6249230854726349
3561 0.009940449137046265 0.6249229799794094
3562 0.009940434861843071 0.6249224967185505
3563 0.009940429461753802 0.6249223932958088
3564 0.009940413163428113 0.6249218963899646
3565 0.009940406321182527 0.6249217884998769
3566 0.009940389393668939 0.6249212936444531
3567 0.009940383301367723 0.6249212010932754
3568 0.009940367964069829 0.6249207283657581
3569 0.009940361475877613 0.6249206350449228
3570 0.009940343836786903 0.6249201461012469
3571 0.009940335671910244 0.6249200462172765
3572 0.009940317950934995 0.6249195657268941
3573 0.009940311034017582 0.6249194845372663
3574 0.009940294069583277 0.6249190149804866
3575 0.009940286282782172 0.624918930114408
3576 0.009940267907125109 0.624918455652651
3577 0.009940259910265094 0.6249183780217396
3578 0.009940241595134652 0.624917909362844
3579 0.009940232778033199 0.624917828660661
3580 0.009940214350770398 0.624917365702387
3581 0.009940203997927064 0.6249172781538281
3582 0.009940185809377822 0.624916825436563
3583 0.009940177091979885 0.6249167602401199
3584 0.00994015871114442 0.6249163089421688
3585 0.009940148017701699 0.624916229910526
3586 0.009940128198131079 0.6249157732289841
3587 0.009940116813890801 0.6249156942730824
3588 0.009940097232763468 0.6249152476046365
3589 0.009940087236830469 0.6249151884166569
3590 0.009940067848367345 0.62491474619998
3591 0.0099400561805198 0.6249146762504313
3592 0.009940035175947796 0.6249142268360031
3593 0.009940023085666419 0.6249141603718866
3594 0.009940002884817696 0.6249137256372945
3595 0.009939991063385478 0.624913665650467
3596 0.009939970354125393 0.6249132304179323
3597 0.009939958068584069 0.6249131732806396
3598 0.009939937683048352 0.6249127488880077
3599 0.009939925233352595 0.6249126939513063
3600 0.009939902965415102 0.624912256105859
3601 0.009939888746993118 0.6249121922297624
3602 0.009939865861634277 0.6249117551625335
3603 0.00993985251436434 0.6249117066016049
3604 0.009939833245007228 0.6249113478563089
3605 0.009939816550389296 0.6249111892159214
3606 0.009939796110632735 0.6249108537442188
3607 0.009939778638283164 0.6249107050235281
3608 0.009939757561609452 0.6249103783477213
3609 0.009939740800292024 0.6249102430435792
3610 0.009939720967814213 0.6249099328345294
3611 0.009939703959183727 0.6249097943164271
3612 0.009939681758324456 0.6249094647426804
3613 0.009939662945551892 0.6249093156573992
3614 0.009939640414980444 0.6249089886672394
3615 0.009939622711919862 0.6249088567438572
3616 0.009939602089080575 0.6249085529403989
3617 0.009939584209314256 0.6249084209907423
3618 0.009939561291610976 0.6249081001124375
3619 0.009939541437007239 0.6249079570529227
3620 0.009939517672905141 0.6249076349148481
3621 0.009939498658915566 0.6249075061043073
3622 0.009939475870760399 0.6249071957549238
3623 0.009939456463348434 0.6249070658943161
3624 0.009939432847002863 0.62490675416722
3625 0.009939413429996317 0.6249066310852172
3626 0.009939389794745358 0.6249063222830085
3627 0.00993936905460931 0.6249061900258667
3628 0.009939343920635469 0.6249058732973273
3629 0.009939322571292594 0.6249057403566949
3630 0.009939298024834039 0.624905435425413
3631 0.009939278167763393 0.6249053216115403
3632 0.009939253608394373 0.6249050175662613
3633 0.009939231633343204 0.6249048872276527
3634 0.00993920533117419 0.624904573372084
3635 0.009939182912513287 0.6249044439116865
3636 0.009939157421971812 0.6249041436206166
3637 0.009939136552881315 0.6249040334589265
3638 0.009939110927859107 0.6249037326201571
3639 0.009939087764699197 0.6249036042917848
3640 0.009939060471222125 0.6249032942312968
3641 0.009939036953449045 0.6249031670724294
3642 0.009939010181516559 0.6249028674615065
3643 0.00993898824893757 0.6249027599737901
3644 0.009938961627163661 0.6249024623457057
3645 0.009938937476286134 0.624902336894185
3646 0.009938908854648456 0.6249020262346237
3647 0.009938883950517254 0.6249018982174294
3648 0.009938856050026618 0.6249016000380447
3649 0.009938833289501167 0.6249014966513894
3650 0.009938805956352666 0.6249012037233133
3651 0.009938780945418094 0.6249010814449322
3652 0.009938751267109781 0.6249007721273442
3653 0.009938725172598769 0.6249006441569857
3654 0.009938695967933822 0.6249003449101885
3655 0.009938671923295528 0.6249002405996422
3656 0.009938643517481218 0.624899948497736
3657 0.009938617815966109 0.6248998305030907
3658 0.009938587405623396 0.6248995246223089
3659 0.009938560086326174 0.6248993952614579
3660 0.009938529861346048 0.6248990971282421
3661 0.009938504621013099 0.6248989914594543
3662 0.009938474780763042 0.6248986960510653
3663 0.00993844773131596 0.6248985754013056
3664 0.009938416331013136 0.6248982701109981
3665 0.00993838878655957 0.6248981483462159
3666 0.009938357768286277 0.6248978514406992
3667 0.009938331261207838 0.6248977427290627
3668 0.009938300162425253 0.6248974456639705
3669 0.009938271752937799 0.6248973206282391
3670 0.009938239115515571 0.6248970138780675
3671 0.009938210229723462 0.6248968874477929
3672 0.009938178399561246 0.6248965926611992
3673 0.00993815146684188 0.6248964880041965
3674 0.009938119829712613 0.6248961939597851
3675 0.009938090471744839 0.6248960678052992
3676 0.009938056668995086 0.6248957580768211
3677 0.009938026543749636 0.6248956285205347
3678 0.009937993299619355 0.6248953274002219
3679 0.009937965137145729 0.6248952200005362
3680 0.009937932635120019 0.6248949244189884
3681 0.009937902649928198 0.6248948005732137
3682 0.009937868168637315 0.6248944907815901
3683 0.009937837063967874 0.624894359319102
3684 0.009937802706901252 0.6248940550877896
3685 0.009937773337235166 0.624893943277762
3686 0.009937739596331294 0.6248936432928985
3687 0.009937708273835848 0.6248935135828273
3688 0.009937672873124132 0.6248932018029221
3689 0.009937641083531583 0.6248930699664241
3690 0.009937605976285317 0.6248927643842808
3691 0.009937575789124402 0.6248926508048538
3692 0.009937541210005809 0.6248923485711817
3693 0.009937508926138925 0.6248922155596686
3694 0.009937472482486371 0.6248918995122582
3695 0.009937439627854693 0.6248917632269145
3696 0.009937403784165156 0.6248914564729157
3697 0.009937372666999756 0.6248913390424614
3698 0.00993733692064354 0.6248910311244369
3699 0.009937303623151679 0.6248908936146612
3700 0.009937265967903241 0.6248905710194926
3701 0.009937232392205642 0.6248904330910724
3702 0.009937195685563321 0.6248901222632828
3703 0.009937163520087776 0.624889999331231
3704 0.009937126816069309 0.6248896865925848
3705 0.009937092677741453 0.6248895453185977
3706 0.009937054349999834 0.6248892203179429
3707 0.009937019673286973 0.6248890755359261
3708 0.009936982093661209 0.624888760505304
3709 0.009936949461570241 0.6248886367786946
3710 0.009936912222457904 0.6248883221030272
3711 0.009936877198296364 0.6248881756082791
3712 0.009936837800344279 0.6248878437627182
3713 0.009936802074979661 0.6248876921308882
3714 0.009936763321074382 0.6248873690585873
3715 0.009936729299826298 0.6248872349265727
3716 0.009936691023366454 0.6248869134255841
3717 0.009936655440591845 0.6248867640377024
3718 0.009936615273486143 0.6248864267584979
3719 0.009936578941302678 0.6248862716030866
3720 0.009936539658714187 0.6248859451314377
3721 0.009936505120952822 0.6248858079409748
3722 0.009936466195162776 0.6248854819597836
3723 0.009936429695993402 0.6248853253719642
3724 0.009936388466876179 0.6248849797149131
3725 0.009936350963839541 0.6248848148561232
3726 0.009936310546824914 0.6248844792364262
3727 0.00993627486599385 0.6248843323302606
3728 0.009936235149714381 0.6248839998117363
3729 0.009936198149236523 0.6248838391208132
3730 0.009936156646102361 0.6248834912567249
3731 0.009936118805335363 0.6248833233913254
3732 0.009936077741674539 0.6248829816633105
3733 0.009936041134135144 0.624882826237553
3734 0.009936000298072459 0.6248824834338693
3735 0.009935962263111548 0.6248823132482707
3736 0.009935919944938842 0.6248819577189245
3737 0.009935881329549747 0.6248817820611008
3738 0.009935839449334962 0.6248814322274718
3739 0.009935802221589716 0.6248812702648442
3740 0.009935760645795657 0.6248809196013679
3741 0.009935721905701279 0.6248807419262751
3742 0.009935678669087625 0.6248803765359751
3743 0.009935639339483595 0.6248801932694226
3744 0.009935597010861275 0.624879837787489
3745 0.009935559510871201 0.6248796717693498
3746 0.009935517444805749 0.624879314740058
3747 0.009935477905572927 0.6248791277709403
3748 0.009935433698848896 0.6248787516128554
3749 0.009935393344218101 0.6248785568701484
3750 0.009935350047856735 0.6248781905351533
3751 0.009935311525107291 0.6248780127346542
3752 0.009935268910005667 0.6248776483226596
3753 0.009935229085025943 0.6248774559318132
3754 0.00993518475445327 0.6248770758309289
3755 0.009935144270582872 0.6248768768745045
3756 0.009935100256605829 0.624876500586957
3757 0.009935060875285756 0.6248763118860163
3758 0.009935016993953182 0.6248759326263136
3759 0.009934976043366501 0.624875726901435
3760 0.00993493083149866 0.6248753371058453
3761 0.009934889607148311 0.6248751231309199
3762 0.009934845441772122 0.6248747449499513
3763 0.009934806379957452 0.6248745513263226
3764 0.009934762399759057 0.6248741710448041
3765 0.009934721083580275 0.6248739542535923
3766 0.009934674870558182 0.6248735532542969
3767 0.009934632866107846 0.6248733291763028
3768 0.009934587694508055 0.6248729379464564
3769 0.009934547639140968 0.624872730672105
3770 0.009934502740567999 0.624872336774882
3771 0.00993446107688589 0.6248721116469892
3772 0.009934414812719497 0.6248717045522922
3773 0.00993437227138985 0.6248714694063433
3774 0.009934326550512511 0.6248710678325538
3775 0.009934286078413176 0.6248708513424737
3776 0.00993424096271805 0.624870450329348
3777 0.009934198875296429 0.6248702154787762
3778 0.009934151861778349 0.6248697960295742
3779 0.00993410871374205 0.6248695497184507
3780 0.009934062222490311 0.6248691351647294
3781 0.009934020947714273 0.6248689053799855
3782 0.009933975388113863 0.6248684940829833
3783 0.009933933040040784 0.6248682504805556
3784 0.009933885974836177 0.624867823972183
3785 0.009933842776232091 0.6248675705272235
3786 0.009933795812595533 0.6248671447419257
3787 0.009933754069279965 0.6248669039116247
3788 0.009933707662225452 0.6248664779701998
3789 0.009933664531424939 0.6248662204280373
3790 0.00993361660671588 0.6248657788168852
3791 0.00993357292203814 0.6248655139940924
3792 0.009933525975910618 0.6248650809846035
3793 0.009933484501302105 0.6248648350841061
3794 0.009933438022082729 0.6248644004746954
3795 0.009933394435293371 0.624864131010926
3796 0.009933345940456688 0.6248636765295963
3797 0.009933301852779351 0.6248634003872334
3798 0.009933254139710572 0.6248629522865687
3799 0.009933211699984814 0.6248626893746623
3800 0.009933164468234631 0.6248622398160055
3801 0.009933120601052317 0.6248619594952889
3802 0.009933072128525478 0.624861496671461
3803 0.009933027775607761 0.6248612090751798
3804 0.009932980186059492 0.6248607536226007
3805 0.009932937951904473 0.6248604837602519
3806 0.00993289090492573 0.6248600271388638
3807 0.009932846808874065 0.624859735573723
3808 0.009932797435184174 0.6248592553682762
3809 0.009932752331808237 0.6248589522156146
3810 0.009932703814561895 0.624858478937538
3811 0.009932661045515032 0.6248581951834379
3812 0.009932613574734822 0.6248577249911033
3813 0.009932569463049087 0.6248574239349739
3814 0.009932520587374935 0.624856938584553
3815 0.00993247585440764 0.6248566286522418
3816 0.009932427045548965 0.6248561424499824
3817 0.009932382901953241 0.6248558333185342
3818 0.009932335389797323 0.6248553573355047
3819 0.009932290353658805 0.6248550344875643
3820 0.009932241878476512 0.6248545468857266
3821 0.009932196643009757 0.6248542169254603
3822 0.009932148457317009 0.6248537302007044
3823 0.009932104789190092 0.6248534129305717
3824 0.009932057165866552 0.6248529247511563
3825 0.009932011804421532 0.6248525871901882
3826 0.009931962727890575 0.6248520837070612
3827 0.009931917069889794 0.624851739861915
3828 0.009931868648532833 0.624851240859119
3829 0.009931824581210429 0.6248509091510119
3830 0.009931776657542647 0.6248504073108357
3831 0.009931731298519113 0.6248500586685972
3832 0.009931681897613006 0.6248495404147387
3833 0.009931635996150594 0.6248491831403113
3834 0.009931587467281511 0.6248486714382612
3835 0.009931543564659055 0.6248483297913575
3836 0.009931495475645613 0.6248478142263356
3837 0.009931449956267066 0.6248474527343996
3838 0.009931400736204339 0.6248469242931867
3839 0.009931355224120194 0.6248465588541247
3840 0.009931306685157085 0.6248460345960654
3841 0.009931262492662404 0.6248456783953352
3842 0.009931213954968605 0.6248451466949076
3843 0.009931167970322591 0.6248447689222927
3844 0.009931118420724611 0.6248442254039275
3845 0.00993107271444591 0.6248438459346051
3846 0.009931024416503781 0.6248433116812596
3847 0.009930980724452157 0.624842947317643
3848 0.00993093244276193 0.6248424050402712
3849 0.009930886669315544 0.6248420165213155
3850 0.009930836895723496 0.6248414579884016
3851 0.009930790962791756 0.6248410641047035
3852 0.009930741923706366 0.6248405098693885
3853 0.009930697998138014 0.6248401313373431
3854 0.009930649926833599 0.6248395778190485
3855 0.009930604741806992 0.6248391818368941
3856 0.009930555296900035 0.624838612520635
3857 0.009930509482295402 0.6248382048274452
3858 0.009930460464024033 0.6248376382069254
3859 0.009930416389580039 0.6248372440997131
3860 0.009930368050938519 0.624836676309095
3861 0.009930322731739251 0.6248362653548233
3862 0.009930273560769557 0.6248356805813915
3863 0.009930228171321708 0.6248352792275053
3864 0.00993017947501733 0.6248346882774902
3865 0.009930134995027462 0.6248342911262558
3866 0.00993008657771108 0.6248336932819819
3867 0.00993004105250416 0.6248332805792777
3868 0.009929991713578211 0.6248326700666369
3869 0.009929946230955427 0.6248322537914486
3870 0.00992989788915186 0.6248316497675865
3871 0.009929853864625766 0.6248312434972066
3872 0.009929805844448402 0.624830634956165
3873 0.009929760677305033 0.6248302129209357
3874 0.009929711310710812 0.6248295881506054
3875 0.009929665819033911 0.624829158640526
3876 0.009929617516831378 0.6248285408648143
3877 0.009929574082704952 0.6248281262344701
3878 0.00992952632219676 0.6248275048769902
3879 0.009929481223878663 0.6248270690003345
3880 0.00992943173787132 0.6248264281512381
3881 0.00992938616615352 0.6248259836436491
3882 0.009929337896651977 0.6248253515523783
3883 0.009929294414785701 0.6248249217220668
3884 0.009929246963851873 0.6248242886525704
3885 0.009929202425424596 0.6248238431660587
3886 0.00992915374928917 0.624823194865009
3887 0.009929108845438078 0.6248227415007376
3888 0.009929060624265554 0.6248220943691751
3889 0.00992901707381473 0.6248216495354395
3890 0.009928969377623772 0.6248209991716773
3891 0.009928924955057232 0.6248205405021604
3892 0.009928876187559861 0.6248198758718692
3893 0.009928831559592097 0.6248194105379131
3894 0.009928783877211522 0.6248187528121381
3895 0.009928741091104469 0.6248183000660112
3896 0.009928693681675368 0.6248176363532432
3897 0.009928649587757059 0.6248171659411862
3898 0.009928601124619386 0.6248164883964932
3899 0.009928556486972084 0.6248160079314254
3900 0.009928508887165111 0.6248153357059588
3901 0.009928466400371304 0.6248148707302325
3902 0.009928419486367027 0.6248141961105869
3903 0.009928375984978902 0.6248137158216462
3904 0.009928327786955852 0.6248130247117663
3905 0.009928283349791067 0.6248125309385609
3906 0.00992823587956225 0.6248118441806271
3907 0.009928193704306683 0.6248113670175727
3908 0.009928147592829638 0.6248106949252348
3909 0.00992810431351707 0.6248101800107531
3910 0.009928056394689489 0.6248094934072193
3911 0.00992801232209896 0.6248089695756052
3912 0.009927965242522376 0.6248082897836125
3913 0.009927923406259096 0.6248077827965725
3914 0.009927877111938863 0.6248071006936684
3915 0.009927834318305167 0.6248065780640225
3916 0.009927786956198332 0.6248058807950022
3917 0.009927743423568973 0.6248053463181548
3918 0.009927696815237539 0.6248046532414218
3919 0.009927655403012305 0.6248041341466647
3920 0.009927609575710346 0.6248034395689113
3921 0.009927567132112156 0.6248029046827326
3922 0.009927520281462524 0.6248021962630227
3923 0.00992747754401755 0.6248016540285243
3924 0.009927431069221618 0.6248009455735636
3925 0.009927389893471378 0.624800413460161
3926 0.009927344091554432 0.6247997028075948
3927 0.009927302092912808 0.6247991567603433
3928 0.009927255659836653 0.624798435736818
3929 0.009927213309371357 0.6247978811558946
3930 0.009927167846107548 0.6247971662503891
3931 0.009927127598221262 0.6247966265845133
3932 0.009927082575192177 0.6247959067467036
3933 0.009927041152453624 0.6247953503801911
3934 0.009926994897597905 0.6247946144335106
3935 0.009926952668447332 0.6247940340395934
3936 0.009926907564889842 0.6247933321825843
3937 0.009926867308132102 0.6247927551834485
3938 0.009926822548245914 0.6247920451423471
3939 0.009926781616040591 0.6247914520368388
3940 0.009926736219204448 0.6247907303047113
3941 0.009926694997674767 0.6247901299851846
3942 0.009926650507981635 0.6247894145363739
3943 0.009926611366770855 0.6247888302354279
3944 0.009926567401654025 0.6247881120665094
3945 0.009926526636865123 0.6247875064444687
3946 0.009926481329449614 0.6247867712399026
3947 0.009926440269103118 0.6247861582193783
3948 0.009926396048170515 0.6247854295027039
3949 0.009926357185034916 0.6247848320375048
3950 0.009926313739776029 0.6247841021950382
3951 0.009926274096125204 0.6247834910545561
3952 0.009926229622585714 0.6247827464900386
3953 0.009926189650069915 0.6247821279581641
3954 0.009926146185327334 0.6247813894498669
3955 0.009926107988875691 0.6247807828257517
3956 0.009926064940581026 0.6247800398409658
3957 0.009926025334147656 0.624779415637238
3958 0.009925981262838975 0.6247786573765972
3959 0.009925941495999152 0.6247780266986838
3960 0.009925898677675073 0.6247772763305054
3961 0.009925861257234249 0.6247766627035863
3962 0.009925818868789888 0.6247759077933861
3963 0.009925780243552437 0.6247752771303321
3964 0.009925736852342855 0.6247745084373192
3965 0.009925697935740758 0.6247738707174686
3966 0.009925655587085899 0.6247731085791807
3967 0.009925618794587214 0.6247724861488246
3968 0.00992557737529548 0.6247717246812989
3969 0.009925539665320971 0.6247710875478111
3970 0.009925496826639756 0.6247703074222313
3971 0.00992545833072723 0.6247696586595167
3972 0.009925415423574878 0.624768873575735
3973 0.009925378276414116 0.6247682337644824
3974 0.009925337746592955 0.6247674654946378
3975 0.009925301240012075 0.6247668237509594
3976 0.009925260153787682 0.6247660313822984
3977 0.00992522322971663 0.6247654043403845
3978 0.009925183034554586 0.6247646120260133
3979 0.009925145963343094 0.6247639751807366
3980 0.009925104659538218 0.6247631636401171
3981 0.009925066846740193 0.6247625149002498
3982 0.009925025715368813 0.6247616996612581
3983 0.009924989568673418 0.6247610638981892
3984 0.009924951214194802 0.6247602707502188
3985 0.009924915872390354 0.6247596342180423
3986 0.009924876442146513 0.624758824477197
3987 0.009924839712000637 0.6247581707405654
3988 0.009924798658532907 0.624757340798507
3989 0.009924761989327433 0.6247566852665408
3990 0.009924721946597661 0.6247558601833373
3991 0.00992468737987914 0.6247552201554081
3992 0.009924649392298488 0.6247544075680103
3993 0.009924614243744745 0.6247537538665936
3994 0.009924574985044128 0.6247529242650479
3995 0.009924539964460471 0.6247522700537458
3996 0.009924502353563708 0.6247514534412527
3997 0.009924467983617203 0.6247507975783543
3998 0.009924429733132411 0.6247499686619146
3999 0.009924394236656428 0.6247492974803973
4000 0.009924354637973549 0.6247484509951117
4001 0.009924319587322006 0.6247477814722998
4002 0.009924281477238256 0.6247469442032476
4003 0.009924248712228471 0.6247462919622786
4004 0.009924212475570732 0.624745465870772
4005 0.009924178830163869 0.6247447972857976
4006 0.009924140829280025 0.6247439495322734
4007 0.009924106869078055 0.6247432768034866
4008 0.009924070343867995 0.6247424410239359
4009 0.009924037177787604 0.6247417681365764
4010 0.009924000042433555 0.6247409199343046
4011 0.009923966476663314 0.6247402395967542
4012 0.009923929109286779 0.6247393839940393
4013 0.009923896633323459 0.6247387118713904
4014 0.009923861616355303 0.6247378749992516
4015 0.009923829939333913 0.624737202552348
4016 0.009923794239345477 0.6247363530113069
4017 0.009923761166337862 0.6247356629635675
4018 0.009923723797200386 0.6247347935339695
4019 0.00992369092447053 0.6247341034325248
4020 0.009923655060869462 0.6247332438829026
4021 0.009923624396808632 0.6247325705742972
4022 0.009923591039141045 0.6247317297827868
4023 0.009923560633551131 0.6247310510938335
4024 0.009923525810781795 0.6247301908402079
4025 0.009923493533983162 0.6247294909972372
4026 0.009923456980612703 0.6247286108526665
4027 0.009923425020510192 0.6247279116806785
4028 0.009923390158154499 0.6247270431460816
4029 0.009923360702757017 0.6247263639764034
4030 0.009923327964699427 0.6247255093120613
4031 0.009923298192997962 0.6247248194617611
4032 0.009923263877911283 0.6247239446771091
4033 0.009923233515544855 0.6247232484531831
4034 0.009923200235644792 0.624722382131659
4035 0.009923170421843732 0.6247216843809125
4036 0.009923136413017928 0.6247208050243747
4037 0.009923106374649758 0.6247201022437167
4038 0.009923072646806707 0.6247192210918773
4039 0.009923043954385265 0.6247185287535357
4040 0.009923012493470853 0.624717665707934
4041 0.009922984469824031 0.6247169723161032
4042 0.009922952207115105 0.6247160966851181
4043 0.009922922602204362 0.624715384094878
4044 0.009922888576167674 0.6247144890499956
4045 0.009922859274484098 0.624713777383919
4046 0.009922826732318346 0.6247128918496014
4047 0.009922799661049307 0.6247121979943785
4048 0.009922769762363023 0.6247113335157496
4049 0.009922743193682391 0.6247106371327834
4050 0.009922711980105657 0.6247097547724
4051 0.009922683637055849 0.6247090390573824
4052 0.009922651301071051 0.6247081443536798
4053 0.009922622919427887 0.624707425109878
4054 0.009922590941446185 0.6247065293042783
4055 0.009922563808788771 0.624705818633553
4056 0.009922533990804687 0.6247049402627118
4057 0.00992250885421756 0.6247042437063979
4058 0.009922479271568359 0.6247033604881105
4059 0.009922453018909884 0.6247026500214633
4060 0.009922422010933284 0.6247017500954086
4061 0.009922394862131508 0.6247010288178776
4062 0.009922363961644696 0.6247001275323666
4063 0.009922338525688494 0.6246994204655654
4064 0.009922310391989677 0.6246985423316613
4065 0.009922285965956087 0.6246978374361354
4066 0.009922256427963587 0.6246969393888653
4067 0.009922230389283344 0.6246962175411335
4068 0.009922199779433915 0.6246953073244803
4069 0.009922175065547299 0.624694597739853
4070 0.00992214748464576 0.6246937141845773
4071 0.009922123802592286 0.6246930068290572
4072 0.009922095640547881 0.6246921122949787
4073 0.009922070826427987 0.6246913915966636
4074 0.009922041967418664 0.6246904886638522
4075 0.009922016932076724 0.6246897627634684
4076 0.009921988244992137 0.6246888581940142
4077 0.009921964287307489 0.6246881400604966
4078 0.009921936392210985 0.6246872384099684
4079 0.009921913880889919 0.6246865320703816
4080 0.009921888179265091 0.6246856489276476
4081 0.009921865897738047 0.6246849386647059
4082 0.009921838983882143 0.6246840396122695
4083 0.009921815376356235 0.624683315301529
4084 0.009921787567238376 0.6246824063785937
4085 0.009921763863646306 0.6246816783051756
4086 0.009921736189162918 0.6246807673201575
4087 0.009921713337318174 0.6246800448675156
4088 0.00992168738570662 0.624679146491284
4089 0.009921666602388279 0.6246784414264998
4090 0.009921642362993801 0.6246775563867447
4091 0.009921621479192108 0.624676844900069
4092 0.009921595756324569 0.6246759421406982
4093 0.009921573522567688 0.6246752169823848
4094 0.009921547265969086 0.6246743081311918
4095 0.009921524795121282 0.6246735778458523
4096 0.009921499155911031 0.6246726730616975
4097 0.009921477975262166 0.6246719516610809
4098 0.009921452962175687 0.6246710477495651
4099 0.009921432620788456 0.6246703327967702
4100 0.009921409195271826 0.6246694429528101
4101 0.009921390267229086 0.6246687419007068
4102 0.009921363115476665 0.6246677984112008
4103 0.009921344303784937 0.6246671042048498
4104 0.009921318155103996 0.6246661708001056
4105 0.009921300381648228 0.6246654874879057
4106 0.009921276106167257 0.6246645702670633
4107 0.009921258836507836 0.6246638860224032
4108 0.009921232961416308 0.6246629483070177
4109 0.009921214375404904 0.6246622510500633
4110 0.009921188404072809 0.6246613105969917
4111 0.009921171353140176 0.6246606275318199
4112 0.009921147886950208 0.6246597090382981
4113 0.009921131805560189 0.6246590295171732
4114 0.00992110785169309 0.624658102690215
4115 0.009921090741739635 0.6246574124529026
4116 0.009921065683561617 0.6246564745665169
4117 0.00992104812194166 0.6246557784061095
4118 0.009921022961304362 0.624654837465541
4119 0.009921006472021612 0.6246541504865805
4120 0.009920983070680652 0.6246532233814032
4121 0.009920968426640715 0.6246525520801754
4122 0.009920946794388086 0.624651639713915
4123 0.009920931877304237 0.6246509613320451
4124 0.009920908533157502 0.6246500305091875
4125 0.00992089242258154 0.6246493414059068
4126 0.00992086875193076 0.6246484071670801
4127 0.009920852814064952 0.6246477180471719
4128 0.009920829943520452 0.624646789555846
4129 0.009920814964454384 0.6246461074074371
4130 0.00992079277690305 0.6246451833881537
4131 0.009920778105073589 0.624644501274629
4132 0.00992075615922198 0.6246435780008706
4133 0.009920741184103908 0.6246428908835636
4134 0.00992071870887884 0.6246419607831123
4135 0.009920704211697485 0.6246412787797966
4136 0.009920683006313054 0.6246403602327555
4137 0.009920670094109293 0.6246396913909188
4138 0.009920649522757582 0.6246387748239814
4139 0.009920635678864234 0.6246380947653206
4140 0.009920615832091702 0.6246372104321649
4141 0.009920600175941799 0.6246364847501009
4142 0.009920580290821757 0.624635596258197
4143 0.009920565243924677 0.6246348689282859
4144 0.009920545663562619 0.6246339876567817
4145 0.009920531072359115 0.6246332678843248
4146 0.00992051258500579 0.6246324001111361
4147 0.009920499509154641 0.624631694554845
4148 0.009920481664084447 0.6246308307764961
4149 0.009920468251560031 0.6246301191301581
4150 0.009920449393664571 0.6246292435170112
4151 0.00992043531036289 0.6246285250440881
4152 0.00992041635716227 0.6246276480205251
4153 0.009920402884647335 0.6246269347481799
4154 0.009920384269409133 0.6246260592084254
4155 0.009920370183023629 0.6246253385998916
4156 0.009920351983976406 0.6246244672139873
4157 0.009920339230925324 0.6246237585584584
4158 0.009920322971349871 0.6246229054153652
4159 0.009920311729776438 0.6246222096359049
4160 0.009920295478936169 0.6246213544354654
4161 0.009920283026523133 0.6246206466106815
4162 0.009920265300270731 0.624619777091097
4163 0.009920252167262982 0.6246190636475575
4164 0.009920234720514114 0.6246181971140623
4165 0.009920222299562884 0.6246174895335009
4166 0.009920206005423605 0.6246166332458836
4167 0.009920194513926622 0.6246159335146843
4168 0.009920178262316171 0.6246150763706939
4169 0.009920166649293623 0.624614374816853
4170 0.009920150547402641 0.6246135191399445
4171 0.009920139020505184 0.624612818170165
4172 0.009920123140638606 0.6246119644280854
4173 0.009920111979707031 0.6246112668732728
4174 0.009920096263957888 0.6246104144421973
4175 0.009920085432249681 0.6246097197468623
4176 0.009920070015541491 0.6246088698578821
4177 0.009920059020365905 0.624608173254194
4178 0.009920043642662215 0.6246073237824789
4179 0.009920032925635596 0.6246066297369225
4180 0.009920017983032358 0.6246057844739614
4181 0.009920007624310979 0.624605093557442
4182 0.009919992999754221 0.6246042512468787
4183 0.009919982940927989 0.6246035633337187
4184 0.009919968307699586 0.6246027208935514
4185 0.009919958495405393 0.6246020355457302
4186 0.009919944106121206 0.6246011955254278
4187 0.009919934018756855 0.6246005075527691
4188 0.009919919604393115 0.624599667701413
4189 0.009919909825080597 0.6245989828995305
4190 0.009919895923753114 0.6245981483367352
4191 0.009919886592475733 0.6245974677458606
4192 0.00991987299575459 0.6245966362110961
4193 0.009919863797310229 0.6245959571557242
4194 0.009919850283069815 0.6245951268239474
4195 0.009919841130282169 0.6245944486526849
4196 0.009919827800805546 0.6245936206578917
4197 0.009919818968873033 0.6245929461633211
4198 0.009919805662896861 0.6245921187792879
4199 0.009919796973263199 0.6245914460032004
4200 0.009919784082724935 0.6245906232457836
4201 0.009919775464157591 0.6245899515269148
4202 0.00991976261303955 0.624589129660431
4203 0.009919754223681146 0.6245884609704154
4204 0.009919741463032506 0.6245876408678213
4205 0.009919733337856181 0.6245869751892824
4206 0.009919720962500943 0.6245861594525713
4207 0.009919713129150954 0.6245854972565841
4208 0.009919701020488074 0.6245846846799918
4209 0.009919692958668357 0.6245840209291658
4210 0.009919680750158704 0.6245832084315691
4211 0.009919672974442274 0.6245825485299695
4212 0.009919661012618019 0.6245817394234691
4213 0.009919653540072251 0.6245810831677346
4214 0.009919641910053387 0.6245802779092963
4215 0.009919634511429213 0.624579623349709
4216 0.009919622932702925 0.6245788197574941
4217 0.009919615752478511 0.6245781682547188
4218 0.00991960424894296 0.624577366377269
4219 0.009919597305441797 0.6245767182191846
4220 0.009919586166829619 0.6245759210037554
4221 0.009919579082530126 0.6245752724778635
4222 0.009919567957924523 0.6245744767115048
4223 0.009919561166906826 0.6245738325060476
4224 0.009919550141317068 0.6245730390267288
4225 0.009919543479053787 0.624572396881575
4226 0.009919532742596228 0.6245716075919524
4227 0.009919526300567661 0.624570968699957
4228 0.00991951576491038 0.6245701826304703
4229 0.009919509320148972 0.6245695448841266
4230 0.009919498968094026 0.6245687624124879
4231 0.00991949301413834 0.6245681309248958
4232 0.009919482783361336 0.6245673504162701
4233 0.00991947647366708 0.624566717215667
4234 0.00991946588309919 0.6245659351876215
4235 0.009919459613045852 0.6245653037691596
4236 0.009919449513341835 0.6245645283142538
4237 0.00991944378218119 0.6245639032310487
4238 0.009919434103411177 0.6245631332199091
4239 0.00991942852778574 0.6245625110384083
4240 0.009919418848434901 0.6245617427530727
4241 0.009919413224557553 0.6245611219009104
4242 0.009919403541933708 0.6245603555190513
4243 0.009919397977947908 0.6245597370024414
4244 0.0099193884242041 0.6245589737360023
4245 0.009919383007076515 0.6245583582977827
4246 0.009919373613694143 0.6245575984336318
4247 0.009919368344578751 0.6245569861179877
4248 0.009919359026434784 0.6245562289109674
4249 0.009919354057361036 0.6245556213666033
4250 0.009919345078955004 0.6245548693079255
4251 0.009919339847559369 0.6245542608932768
4252 0.009919330684124199 0.6245535092366077
4253 0.009919325623502 0.6245529046880666
4254 0.009919316671394325 0.624552157289272
4255 0.009919311805589493 0.6245515562771916
4256 0.009919302965908622 0.6245508120944637
4257 0.009919298328933073 0.6245502152552691
4258 0.009919289646944272 0.6245494746691703
4259 0.009919285070475027 0.6245488804933027
4260 0.009919276490243094 0.6245481430745651
4261 0.00991927192847445 0.6245475513439953
4262 0.00991926341056886 0.6245468168704288
4263 0.009919258631250469 0.624546225077252
4264 0.009919250189026401 0.624545493834492
4265 0.009919245765221699 0.6245449077866642
4266 0.009919237432874458 0.6245441799224231
4267 0.009919233068011216 0.6245435963268516
4268 0.009919224867030589 0.6245428722794872
4269 0.009919220900442793 0.6245422949209071
4270 0.009919212884401127 0.6245415748108728
4271 0.009919208415189186 0.6245409948458239
4272 0.009919200137631477 0.6245402751282559
4273 0.009919195789842046 0.6245396988654548
4274 0.009919187892089055 0.6245389855213965
4275 0.009919183862376519 0.6245384143907418
4276 0.009919176198459273 0.6245377057341276
4277 0.009919172329493492 0.6245371386898698
4278 0.009919164532626829 0.6245364313176536
4279 0.009919160544912584 0.624535865722735
4280 0.009919152807132518 0.6245351617634438
4281 0.009919148667545051 0.6245345971698989
4282 0.00991914117440687 0.624533898390996
4283 0.009919137364518636 0.6245333398345893
4284 0.0099191296376852 0.6245326414185485
4285 0.009919125645934845 0.6245320834024624
4286 0.009919118020306697 0.6245313890389946
4287 0.009919114267508265 0.6245308360070649
4288 0.009919106916420561 0.6245301470491835
4289 0.00991910328852375 0.6245295977974552
4290 0.009919095951633429 0.6245289118470806
4291 0.009919092272662086 0.6245283649116771
4292 0.009919084894137993 0.6245276816021594
4293 0.00991908120624688 0.6245271374191155
4294 0.00991907386239602 0.6245264574821617
4295 0.009919070229275656 0.6245259166190964
4296 0.009919062941864095 0.624525240245787
4297 0.009919059385645071 0.6245247029394563
4298 0.009919052224403696 0.6245240309038057
4299 0.009919048704827385 0.6245234967209282
4300 0.009919041598157203 0.6245228282434895
