"rf_coeffs"
"Iteration" "cd etc.."
("Iteration" "cd" "cl")
1 12.46074667475995 23.29694674864888
2 8.970967890101175 17.69063834569108
3 5.731155087915732 11.92940869523182
4 3.941728203015089 8.170190831732333
5 2.620520116838132 5.353175349347261
6 1.706532662264691 3.425891807121864
7 1.062942162962149 2.074904097600619
8 0.6338373966170955 1.189435818519589
9 0.3587111407375901 0.6497621540839154
10 0.1936425133057741 0.3642505525275781
11 0.09565400260138111 0.2141490084093351
12 0.04810553818595282 0.1667076872914672
13 0.03022601744674137 0.1763376106299959
14 0.02982552971872276 0.213875869985465
15 0.04212803066572743 0.2720329812945744
16 0.05695129450344116 0.3248009866370546
17 0.07419341073306428 0.3780821045485814
18 0.09118113741259846 0.4270720776678078
19 0.1058405503595587 0.4680268520271638
20 0.1194052515010396 0.5063806941355878
21 0.1301232093234417 0.5375519520802773
22 0.1385693772314047 0.5635795046692855
23 0.145216900997978 0.5862474683326907
24 0.1504993222241811 0.6067299170174191
25 0.1542063949410331 0.6239697492260455
26 0.1572009392115942 0.6404186139860358
27 0.1598019324918503 0.6565916827083427
28 0.1619736508668662 0.6719312566364416
29 0.1636046311212671 0.6861929764346376
30 0.165119678471802 0.7002521943228514
31 0.1666050919413539 0.714027612175683
32 0.1678012254211846 0.7268856237996176
33 0.1690512151207214 0.7396283075290194
34 0.1702114102099572 0.751518201076576
35 0.1714335779947935 0.7633600173647621
36 0.1727086787555256 0.7753988571738655
37 0.1739610152828533 0.7865870795927289
38 0.1747948116124854 0.7961560450612936
39 0.1757335220132807 0.8059147917113942
40 0.1768921520592186 0.8159574705211202
41 0.177882080213764 0.8251129149295734
42 0.178968225609628 0.8343742086832628
43 0.1799643755461294 0.8430886655047868
44 0.181007535239805 0.8517950189397088
45 0.182089428449732 0.8604712794297842
46 0.1830987496634988 0.8686260852800636
47 0.183966075044438 0.876342421801647
48 0.184929253572453 0.8842660878387167
49 0.1860041023964593 0.8921111736961816
50 0.1869595205330951 0.8997478620911258
51 0.1879358482596074 0.9071859413707133
52 0.1888908950914678 0.9145591919174482
53 0.1897914007635322 0.9215312817644703
54 0.19081509268892 0.9290936736511963
55 0.191778013667841 0.936150258923417
56 0.1927542100224956 0.9432500577067197
57 0.1935440482126855 0.949556958944387
58 0.1944667368850594 0.9565653695730973
59 0.1953974882975382 0.9633349864904001
60 0.1962333720882917 0.9696086203136642
61 0.1971185068070481 0.9763136824771056
62 0.1978614114169968 0.9824078522142518
63 0.1987761312919604 0.9890024409675066
64 0.1995021259295509 0.9949341255529341
65 0.2003000049897256 1.001197889431708
66 0.2010120151235459 1.006963329524459
67 0.2016414142642539 1.01263889701951
68 0.2024304488399131 1.018703928715136
69 0.2029607531531684 1.023829926084585
70 0.2035871048697178 1.029416338532178
71 0.20421419331977 1.034954207401896
72 0.204752230188285 1.040138117807634
73 0.2053318279865741 1.045444772369754
74 0.2058257530276717 1.050486200838441
75 0.2063607052741213 1.055654100741069
76 0.2067814086671387 1.060580543575365
77 0.2072967649293625 1.065652757615252
78 0.207749048405849 1.070475548909611
79 0.2081719573919995 1.075283078106438
80 0.2084298405057618 1.079390499694671
81 0.208775320045198 1.083995886741716
82 0.2090819489700102 1.088549119685357
83 0.2094433804408371 1.093036717599985
84 0.2096997496014178 1.097287248275338
85 0.2099694182887554 1.101589833546158
86 0.2101882080822305 1.105687986431924
87 0.2104523266356039 1.109945775826627
88 0.2106848636711388 1.114175881287808
89 0.2108852544091824 1.118276572881195
90 0.2110757968640021 1.122320632716031
91 0.2111587592934204 1.126021737906104
92 0.2113900848604001 1.130203210823058
93 0.2114197452888293 1.133662763172719
94 0.2115006768074261 1.137476050228797
95 0.2115747466539949 1.141104041442343
96 0.211669651120911 1.144916545796888
97 0.2118186097648169 1.148853523414581
98 0.2118975623622134 1.152599990787321
99 0.2119213297684214 1.156021314008407
100 0.2118935470421739 1.159567845522559
101 0.2118910737399685 1.162918836881435
102 0.2118372471608179 1.166285355965916
103 0.2117815160325603 1.169600336778501
104 0.2116701807144342 1.172724839909838
105 0.2117071212246657 1.176208377112138
106 0.2116483307441452 1.179555740902941
107 0.2116017666957076 1.182798437309666
108 0.2114990877336823 1.186022980638541
109 0.2114172332108815 1.189200299214483
110 0.2113436526573626 1.192351186127245
111 0.2112276253553657 1.19553824954177
112 0.211166399143143 1.198714882852929
113 0.2111179302470655 1.201999192931983
114 0.2110623165067493 1.205119189203749
115 0.2108659691451707 1.20803518141808
116 0.2107145919087917 1.210907716382325
117 0.2105986397165393 1.213990424186212
118 0.2105095478358834 1.216962832834658
119 0.2103439670284846 1.219798721864909
120 0.2103535445845432 1.223144732040494
121 0.2101664963473063 1.225929093237932
122 0.2101122489668338 1.228956485589214
123 0.2100244086636986 1.231928709413249
124 0.2099205741970278 1.234794977300197
125 0.2098215471794164 1.237722357981144
126 0.2096438195645169 1.240342762740098
127 0.2095870032072894 1.243379980563393
128 0.209475399116396 1.246209118643919
129 0.2093499584785463 1.24889233819309
130 0.2092209193446002 1.251662671526039
131 0.2090784283560181 1.254324255963224
132 0.2090748101179339 1.257305502833008
133 0.2089561189994008 1.260080544826242
134 0.208800028744683 1.262624080401673
135 0.2087281298901969 1.265354856273939
136 0.2086001943117576 1.268022350947861
137 0.208479956754474 1.270645609618141
138 0.2083988429557443 1.273357612537369
139 0.2082775161250394 1.275914587150858
140 0.2081592804966422 1.278459275856366
141 0.2080596250417752 1.281133473662469
142 0.2079629536909768 1.283740031061309
143 0.207844422528852 1.286241309988958
144 0.2077171555300947 1.288669234894191
145 0.2075884378294691 1.291150121322731
146 0.2075084476992677 1.293786267634072
147 0.2073104427354819 1.296080492699374
148 0.2071713558594856 1.298465429974473
149 0.2070479734239489 1.300880101158077
150 0.2069108520983523 1.303278373142231
151 0.2066985909924001 1.305490031448202
152 0.2065643494438226 1.307808318149492
153 0.2064074609135768 1.31016251233498
154 0.2062967710556745 1.312626838390599
155 0.2061235377191922 1.314849797839606
156 0.2059607018018582 1.317096590563295
157 0.2057230662042224 1.319175359950035
158 0.2055557205025544 1.321428788751573
159 0.2053891720497241 1.323676280056866
160 0.2051295857674017 1.32563400861458
161 0.2049478378079826 1.327870435993836
162 0.2047199799619771 1.329864545891432
163 0.2045147970554583 1.331911716487678
164 0.2043208423036834 1.334051418642597
165 0.2040758835500898 1.336064448280876
166 0.203774880374089 1.337856594206656
167 0.2035519623750652 1.339845401142245
168 0.2033392956343369 1.341894879147923
169 0.2031047639004671 1.343827037603255
170 0.2028085942650769 1.345612336615884
171 0.202598996819436 1.347626387525214
172 0.2022974407215479 1.349384880096313
173 0.2020849884975977 1.35136840800134
174 0.2018255330491564 1.353213214706114
175 0.2014843946075784 1.354840249945731
176 0.2011986281926226 1.356564044817316
177 0.2009514815706886 1.358406983530185
178 0.2007048337957384 1.360264179327042
179 0.2004226080974198 1.362012139725506
180 0.2001270610409434 1.363680943453585
181 0.1997916188435976 1.365218848396649
182 0.1995277406769946 1.366984442832632
183 0.1992306800635386 1.368619400884113
184 0.1988816730164581 1.370089054317568
185 0.19860413609664 1.371755595199923
186 0.1982602064380597 1.373211703941774
187 0.197935572976438 1.374710487840728
188 0.1976011121395253 1.376178101824099
189 0.1972507913941569 1.37759804412434
190 0.1969088800043401 1.379017056609332
191 0.1965499343200703 1.380335831442771
192 0.1961686621986134 1.381627799876239
193 0.1958409966689023 1.383000395294856
194 0.1954486028741788 1.384189187167729
195 0.1950703309308175 1.38545899726989
196 0.1947344440580313 1.386796323152339
197 0.1943223865964225 1.387908212531444
198 0.1939049355432212 1.388974028169109
199 0.1934580231840069 1.389944509375918
200 0.1930017292624157 1.390867894928726
201 0.1925252834200246 1.39168180054844
202 0.1920408906676945 1.39252020640157
203 0.1915909196811832 1.393438401682955
204 0.1910971930017469 1.394177850660715
205 0.1905705506710508 1.394792359294337
206 0.1900328291008982 1.395404451011497
207 0.1895025522773055 1.396009878297837
208 0.1889515484711292 1.396538133700103
209 0.1884138013268071 1.397064210333735
210 0.1878133252856951 1.397399856586937
211 0.1872013843163067 1.397714160514593
212 0.1865858466841798 1.397973396452288
213 0.1859880738444023 1.398205982318491
214 0.1853557840535733 1.398354950252694
215 0.1846849805122904 1.398431894080119
216 0.1840147153828822 1.398449970139638
217 0.1833342635055815 1.398419578916889
218 0.1826522504280701 1.398394496087063
219 0.1819355808405236 1.398231907777221
220 0.1812267681721786 1.398010328197012
221 0.1805018298089243 1.397802802483376
222 0.1797798606388392 1.397545756016109
223 0.17904605413283 1.397226218236801
224 0.1783051717667263 1.396882302758266
225 0.1775563788500894 1.396477838794683
226 0.1768103521082845 1.396052326246839
227 0.1760280760080451 1.395572130638849
228 0.1752417458570206 1.395002074599664
229 0.1744476692945769 1.394384993575464
230 0.1736596067814569 1.393773260353215
231 0.1728640016695387 1.393130084398407
232 0.1720758215411123 1.392452127391219
233 0.1712650816566005 1.391715482576171
234 0.1704719816951328 1.391015954075305
235 0.1696725922237785 1.390257632376872
236 0.1688375357603992 1.389386389944514
237 0.1680194627456928 1.388543288859417
238 0.1672066749673596 1.387669232242911
239 0.1663834442969438 1.38675816012339
240 0.1655593344140028 1.38581724592543
241 0.1647285818140691 1.384842836983205
242 0.1638342785538373 1.383694442577012
243 0.1630386791856268 1.382767040696194
244 0.1622245962177443 1.381746977576465
245 0.1613897828983068 1.380676955451107
246 0.1605538121801021 1.379571621767708
247 0.159724319568278 1.378444634028765
248 0.1588853457099395 1.377274350055004
249 0.1580564512434433 1.376113089458442
250 0.1572295444053701 1.374935471811792
251 0.156398783578442 1.373744458439484
252 0.1555702060489834 1.372517426550677
253 0.1547461932538119 1.371269789397512
254 0.153920680643291 1.370006418139635
255 0.153103878091456 1.368727620652391
256 0.1522465136511839 1.36732799023901
257 0.151422867973909 1.365976529104132
258 0.1506226138211779 1.364679368943333
259 0.1498713214315559 1.363474226645433
260 0.1490625027048254 1.362124618964572
261 0.1482170959402089 1.360646061223647
262 0.1474348306591367 1.359280914800468
263 0.1466563164663017 1.357914921267658
264 0.1458912333471074 1.356544767158337
265 0.1451098407377718 1.355168261064953
266 0.1443452733027914 1.35375808176997
267 0.1435849229936741 1.352344250247936
268 0.142849450224061 1.35096997440719
269 0.1420720345969013 1.349483901252386
270 0.141305761245723 1.347985702316999
271 0.140551545157641 1.346493263615891
272 0.1398035690233712 1.344998058832745
273 0.1391007051897624 1.343585237206326
274 0.1383741738425777 1.342107808738495
275 0.1376359050023314 1.34057084022105
276 0.1369224882984217 1.339071650150237
277 0.1362297161433016 1.337592189680763
278 0.1354894726565632 1.335980008959822
279 0.1348044380863693 1.334464635353156
280 0.1341228830957703 1.332950552912231
281 0.1334509963939629 1.331440306058894
282 0.1327809729678839 1.329914100360509
283 0.1321245448234429 1.328398348738066
284 0.1314780715633319 1.326879105269343
285 0.1308414065379063 1.325355792794853
286 0.130203218313127 1.32381813933652
287 0.1295733831317073 1.322291037935375
288 0.1289487407465853 1.320728541609721
289 0.1283546716152959 1.319233631848379
290 0.1277487719241771 1.317685117127804
291 0.1271339666006576 1.316077367028927
292 0.1265256514122522 1.314474134909011
293 0.1259963937747411 1.313063336289328
294 0.1254288552246337 1.311528691464695
295 0.1248371889601546 1.309878940557677
296 0.1243055981582276 1.308390268969077
297 0.1237587358270551 1.306843180687032
298 0.1232256697547673 1.30530692521537
299 0.1227345598006813 1.303869704179691
300 0.1221971927525013 1.302266905013942
301 0.1216980624071994 1.300749091274004
302 0.1211999962582876 1.299215148659213
303 0.1207243997600853 1.297719877929092
304 0.1202558561293334 1.296232022655982
305 0.1197771172912153 1.294683906530498
306 0.1193235736089789 1.293189593511036
307 0.1188759940113811 1.291679158715496
308 0.1184390106416251 1.290178326332072
309 0.1180367580262424 1.288767705677848
310 0.1175964089337841 1.287212033045496
311 0.1171794443652042 1.285700251832723
312 0.1167840135503233 1.284234618715394
313 0.1164131306105639 1.282832820958699
314 0.11603550185081 1.281380389438471
315 0.1156633488974977 1.279923025121839
316 0.115261596509164 1.278342473451352
317 0.1149038277724944 1.27688390582211
318 0.1145714765125355 1.275470514787176
319 0.114241579644898 1.274049518897085
320 0.1139142032700751 1.272629837801431
321 0.11360312410295 1.271220132327829
322 0.1133017813770735 1.269820787164039
323 0.1130087046176452 1.268429533032768
324 0.1127332355258521 1.267069757891101
325 0.1124775322248772 1.265764087723495
326 0.1122123497937697 1.264399420558785
327 0.1119488517442784 1.263022542055293
328 0.1116982824712993 1.261663885670203
329 0.1114358248523668 1.260227820244649
330 0.1112114960015943 1.258913596851957
331 0.1109936648445569 1.257595438000233
332 0.1107844088732896 1.256296418959067
333 0.1105854519619531 1.255004241470578
334 0.1103973400442197 1.25372442234902
335 0.1102098957343358 1.252430627543583
336 0.1100543016490535 1.251236228668829
337 0.1098919513098765 1.24999415123874
338 0.1097335537914147 1.248742464164066
339 0.1095566074599488 1.247388228074308
340 0.1094235511844472 1.246185695605382
341 0.1093058006092528 1.245020511004134
342 0.109178904320271 1.243805706464696
343 0.1090655644842957 1.24261024848415
344 0.1089613412954303 1.241424484170409
345 0.1088671971919031 1.240277099050917
346 0.1087716620077065 1.239108471944069
347 0.108680440554018 1.237928376683207
348 0.1085925229079908 1.236759268999119
349 0.1085353308026081 1.235650463981056
350 0.108491142156643 1.234564795515894
351 0.1084399934424986 1.233465368443732
352 0.1083937915578218 1.232381161803201
353 0.1083570845394452 1.231294003218224
354 0.1083361123661213 1.230206239800294
355 0.1083126115684844 1.229147136043753
356 0.1082966580336174 1.228096755670554
357 0.1082880247247023 1.227066628310597
358 0.1082997163687677 1.226076545776429
359 0.1083056848106676 1.225048046531776
360 0.1083185604070986 1.224040290283038
361 0.1083416289915197 1.223070733812774
362 0.1083702825514196 1.22208512434132
363 0.1084069896065621 1.221116408583772
364 0.1084416261644531 1.220166314523936
365 0.1085108782974493 1.219291224592308
366 0.1085696959475641 1.218364609128823
367 0.1086359105971369 1.217464814552677
368 0.1087098874806094 1.216583053240523
369 0.1087906963113922 1.215715155998498
370 0.1088805484563451 1.214875980707268
371 0.1089658283605805 1.213984187029419
372 0.109063175959744 1.213162601194157
373 0.1091730671869795 1.212354868801803
374 0.1092893691275685 1.211562269170326
375 0.1094103032124333 1.21078018506092
376 0.1095458436901195 1.210025734441908
377 0.1096766489267745 1.209264473162466
378 0.1098141060895588 1.208531506238061
379 0.1099611792200158 1.207798106568584
380 0.1101025169335589 1.207061604752975
381 0.1102560065426676 1.206361726158997
382 0.1104184034624323 1.205661945792707
383 0.1105838273146157 1.20497955862651
384 0.110759689611416 1.204342545841516
385 0.1109341106781467 1.20367550602765
386 0.1111113735556929 1.203023700888073
387 0.1112885186397159 1.202383591339101
388 0.1114785292434794 1.201771971967278
389 0.1116736273642296 1.201170122749883
390 0.1118803713939309 1.200597096356047
391 0.1120869703775131 1.200040999909342
392 0.1123113413804853 1.199514086855927
393 0.1125289855378364 1.198987169949879
394 0.1127329546370543 1.198415082217936
395 0.1129571557273394 1.197890860308518
396 0.1131912993024331 1.197404988069197
397 0.113429353086421 1.196928281436303
398 0.1136767431879879 1.196481112569381
399 0.1139296187856998 1.196048541927771
400 0.11418841665819 1.195620710545692
401 0.1144401417865813 1.19521022836228
402 0.1147024695022708 1.194811950946206
403 0.1149718346415116 1.194427681975192
404 0.1152420708704995 1.194062486544002
405 0.1155159788407724 1.193711515911252
406 0.115806062774849 1.193413367527238
407 0.1160864544099411 1.193096114660084
408 0.1163761439606212 1.192794729878749
409 0.1166661008789291 1.192459755746891
410 0.1169600694034236 1.192201366435175
411 0.1172646152858877 1.191952179063615
412 0.1175701582696743 1.191712711263643
413 0.1178709785257946 1.191439365088311
414 0.1181792675141112 1.191221836546565
415 0.1185038683155639 1.191061778514631
416 0.1188222116969434 1.190879300918442
417 0.1191441498592125 1.190705165545097
418 0.1194645792806317 1.19053554061788
419 0.1197915825750537 1.19038372352234
420 0.1201245339201732 1.190235649143377
421 0.1204582745064841 1.190139741594448
422 0.1207953776812327 1.190044015398394
423 0.1211408589277026 1.189972214707457
424 0.1214886350107219 1.189907266179382
425 0.1218386850746664 1.189821218381617
426 0.1221938229714426 1.189806958800733
427 0.1225467449417845 1.189794175989422
428 0.1229048115772942 1.189790241489576
429 0.123273078549174 1.189805096411535
430 0.1236342209341542 1.189821592867306
431 0.1240039245916026 1.189870934200698
432 0.1243836076693953 1.189943161597061
433 0.1247630938901197 1.190035136506819
434 0.1251398451562983 1.190126276819978
435 0.125520300309669 1.190233799387294
436 0.1259036216786966 1.190354905951942
437 0.12628731568469 1.190485618421781
438 0.12667660620593 1.190640719689584
439 0.1270683788112364 1.190810675320104
440 0.1274618712604229 1.190995605666421
441 0.1278601519430109 1.191194913724274
442 0.1282637889263178 1.191430432044941
443 0.128662671048285 1.19165476427422
444 0.1290656990901242 1.191896196537905
445 0.1294652956218125 1.19213523481255
446 0.1298738341262085 1.192416292940249
447 0.1302829222656499 1.19270291743104
448 0.1306934053937344 1.19300183111423
449 0.1311052107068554 1.193314394605545
450 0.1315209434410131 1.193636288883031
451 0.1319433851338418 1.194002396212622
452 0.1323584119126447 1.194358985053043
453 0.1327746333306551 1.194724901324158
454 0.1331970459415676 1.195114906008736
455 0.1336161487567065 1.195508762808341
456 0.1340365172957104 1.195905593143733
457 0.1344628159952914 1.196343911071888
458 0.1348898200750287 1.196781060728749
459 0.1353137025278962 1.197236051558335
460 0.1357441007373902 1.197708424611998
461 0.1361766851262179 1.198196665595399
462 0.1366105290077758 1.19869762233111
463 0.1370401869467718 1.199199344343108
464 0.1374832977642869 1.199744692818233
465 0.1379163071896712 1.200282504831317
466 0.1383504589545176 1.200830873646727
467 0.138785609629223 1.20139659079428
468 0.1392242718301903 1.201982929702866
469 0.1396623888047106 1.202573084941641
470 0.1401022866831972 1.203181437174563
471 0.1405473733237018 1.203802133494574
472 0.1409884634846246 1.204439982612051
473 0.1414200244698794 1.20506929347518
474 0.1418594395935369 1.205723004111298
475 0.1423093269804347 1.206412717511732
476 0.1427431862422966 1.207078602092401
477 0.1431839376012596 1.20777237214587
478 0.1436237495405536 1.208475162464025
479 0.1440662334630389 1.209197386357543
480 0.1445092736590035 1.209924191085418
481 0.1449512381286758 1.210667531202663
482 0.1453941692306334 1.21142633090977
483 0.1458351919572076 1.212194795591737
484 0.1462758645397744 1.212970012619256
485 0.1467151425262292 1.213752117686307
486 0.1471551028604717 1.21454797380663
487 0.1476031257921282 1.215376405183147
488 0.1480442442355697 1.216197991361375
489 0.1484812936350456 1.21702238787311
490 0.1489177627544872 1.217850786825291
491 0.1493504372496174 1.218707511866019
492 0.149787841880505 1.219571277197468
493 0.1502275320624322 1.220445376018048
494 0.1506625492889069 1.221327950675488
495 0.1510977718025571 1.222223781551337
496 0.1515328044519312 1.223130950010103
497 0.151967253332935 1.224048119419311
498 0.1524006164489335 1.224975364932973
499 0.1528414648554739 1.225931276639969
500 0.1532713490802194 1.22687498043216
501 0.1536996284800455 1.22782503069905
502 0.154126925366066 1.22879169599566
503 0.1545526376807883 1.22975938472307
504 0.154973911806389 1.2307263768518
505 0.1553949076783282 1.231719047904057
506 0.1558265946940396 1.232734588649414
507 0.1562394548898195 1.233723733466992
508 0.1566575802394283 1.234728927522939
509 0.1570793593522955 1.235757712958626
510 0.1574982294386033 1.236795122053961
511 0.1579154985666401 1.237840536321589
512 0.1583303614782517 1.238893780933795
513 0.1587492595693621 1.239960553632042
514 0.1591592292993028 1.241029143093607
515 0.1595668071292004 1.242096100466497
516 0.1599736493904695 1.243169002519893
517 0.1603679416181251 1.244230114362868
518 0.1607730235870025 1.245334164883043
519 0.1611730786225793 1.246427509510599
520 0.161569775876113 1.247524883060009
521 0.1619626028977183 1.248624744885658
522 0.1623547299295487 1.249733508958498
523 0.1627509828633291 1.250860113927611
524 0.1631291218251345 1.251964346154453
525 0.1635157807212558 1.253088379117478
526 0.1638968045977615 1.254211372720568
527 0.1642750338819071 1.255341589523609
528 0.1646488912143305 1.256469521996093
529 0.1650186938319647 1.257595241495353
530 0.1653884567220694 1.25874151505704
531 0.1657559288735544 1.259880503132427
532 0.1661167651465187 1.261013642338669
533 0.1664764118206712 1.26215405607831
534 0.1668324143124361 1.263290596207384
535 0.1671844140622294 1.264432877072207
536 0.1675332908930783 1.265574937597234
537 0.1678787539325703 1.266717387716196
538 0.1682200395334016 1.267851168594978
539 0.1685545161701114 1.268976813062466
540 0.1688876537533074 1.27011200619743
541 0.1692293585482461 1.271291209400441
542 0.1695554995860615 1.27242818940815
543 0.1698805677532368 1.273562476154253
544 0.1702051853477357 1.274711904483778
545 0.1705132113582128 1.275816417136411
546 0.1708235514622721 1.276946623747926
547 0.1711311427977566 1.278066832414705
548 0.1714439815385129 1.279219318752888
549 0.1717395761026617 1.280324651105008
550 0.172041538006035 1.281464075313134
551 0.1723353123035961 1.282575930798081
552 0.1726300336988873 1.283705283207549
553 0.1729108061695287 1.284805467126949
554 0.1731955226014952 1.285919446353694
555 0.1734710481041603 1.287013713455513
556 0.1737473608112452 1.288115567866866
557 0.1740250825947859 1.289238415542731
558 0.1742971605041224 1.290348122058426
559 0.1745607545643967 1.291436381049684
560 0.1748268374352699 1.292542738485963
561 0.1750850217208236 1.29363287959014
562 0.1753437559675178 1.294728410982237
563 0.1755910593619249 1.295804371150708
564 0.1758410289623267 1.29689353847499
565 0.176083759415068 1.297966613217395
566 0.1763198509806957 1.299024552921743
567 0.1765575018443149 1.300096836988958
568 0.1767917028604051 1.301165544499815
569 0.1770243375478047 1.302237346695574
570 0.1772563972394579 1.303313221022648
571 0.1774863329504859 1.304391238846738
572 0.1777092347000463 1.305450343558078
573 0.1779268954067895 1.306500603011736
574 0.1781371367897533 1.307531935560874
575 0.1783536840161127 1.308595469862459
576 0.178563065486982 1.309637251776437
577 0.1787689359812273 1.310677642102435
578 0.1789711499484918 1.311714233293603
579 0.1791710089284624 1.312748248891927
580 0.1793714597868811 1.313792866340427
581 0.1795607139076036 1.314800641699458
582 0.1797536742326271 1.315836338721222
583 0.1799495415922939 1.316891389522995
584 0.1801392116835394 1.317925744496595
585 0.1803124305160257 1.318905894199029
586 0.1805016482838945 1.319961595909829
587 0.1806719409190351 1.320944635823271
588 0.1808515564631298 1.321978033016439
589 0.1810142295400626 1.322945136335725
590 0.1811863315961548 1.32396849752916
591 0.1813444949378079 1.324936604477027
592 0.1815005731028639 1.325905721317732
593 0.1816724403977289 1.326953208481956
594 0.1818434598983774 1.327994011959977
595 0.1819889392492204 1.32893420099946
596 0.182151796153171 1.329964721982529
597 0.1822951914658881 1.330916657278508
598 0.1824413011141572 1.331892549813948
599 0.1825994274064575 1.332927293463584
600 0.182747807464698 1.333917998714932
601 0.1828870481813246 1.334888564674557
602 0.1830238686647037 1.335852948040406
603 0.1831635090981575 1.336828557441477
604 0.1832937314168459 1.337779081914069
605 0.18342824911002 1.338760606576228
606 0.183558276976718 1.339727348676296
607 0.1836864846096086 1.340692290480225
608 0.1838118750117432 1.341652698054678
609 0.1839358223311902 1.342613724668402
610 0.1840557953112201 1.343561255945507
611 0.1841758020161157 1.344521173102322
612 0.1842916062019092 1.345463379474903
613 0.1844093757173898 1.346427543904275
614 0.1845241305491926 1.347380064274612
615 0.1846325132351156 1.348309572565554
616 0.1847379272924027 1.349237379424398
617 0.1848450511255681 1.350163657423353
618 0.1849532321904971 1.351129511808822
619 0.1850600078514024 1.352076182256484
620 0.1851604916982169 1.353006710023161
621 0.185258969157385 1.353917088153341
622 0.1853611079911769 1.354869036469829
623 0.1854556455995595 1.355795278837115
624 0.1855621612004927 1.356750234524099
625 0.1856522059704502 1.357672752247357
626 0.1857458995182473 1.358593553472483
627 0.1858309880430601 1.359503548080782
628 0.1859209825210033 1.360419395962975
629 0.186002832820242 1.361329624252506
630 0.1860938512555966 1.362248647486532
631 0.1861739317333712 1.363141546112417
632 0.1862444910035759 1.364028825779709
633 0.1863308115230184 1.364948869194199
634 0.1864017017731887 1.365827627240728
635 0.1864851374658741 1.366734873712143
636 0.1865516695579214 1.367621454531589
637 0.1866324016784528 1.368527020809085
638 0.1866971900759514 1.369402710891877
639 0.1867744904303577 1.370300678518627
640 0.1868360917738352 1.371175371711342
641 0.1869100018459445 1.372066954942516
642 0.1869761319310601 1.372957826473757
643 0.187032085380742 1.373810159171967
644 0.1871018580748068 1.374696169822801
645 0.1871555059292871 1.375546874563225
646 0.1872199443842389 1.376433983876499
647 0.1872778919858552 1.377279778589887
648 0.1873281850355843 1.378128325274117
649 0.1873882018326653 1.378997104291175
650 0.187441694422194 1.379851332001172
651 0.1874890994634025 1.380672511954738
652 0.187542083586448 1.381539904323477
653 0.1875892814016883 1.382382398604393
654 0.18763391142597 1.383209946035369
655 0.1876853451975502 1.384066075365333
656 0.1877312871721186 1.384883353114226
657 0.1877715856672419 1.385702235508458
658 0.187818364896674 1.386538176811109
659 0.1878607186446721 1.387362991118587
660 0.1878981502107139 1.388171998985394
661 0.1879412936376288 1.388997444702468
662 0.1879861304340706 1.389824785772104
663 0.188022268682257 1.390621901786439
664 0.1880496612384607 1.391412882065339
665 0.1880786547908494 1.39218572423091
666 0.1881156707674172 1.393007221948507
667 0.1881491169643611 1.393808776857842
668 0.1881770867151162 1.394592507869056
669 0.1882103500502655 1.395386963003731
670 0.1882351949715171 1.396148960225649
671 0.1882670418176008 1.396935365006038
672 0.188288430599165 1.397701680001932
673 0.1883191930494056 1.398480766157873
674 0.1883416573492907 1.399232984562433
675 0.1883681675742285 1.400018247382251
676 0.1883884546455377 1.400774672733006
677 0.1884076373770939 1.401529180757692
678 0.1884315687604912 1.402277119251511
679 0.1884509361238747 1.403025697415996
680 0.1884689523387249 1.403767406668357
681 0.1884860612348352 1.404505746648553
682 0.1885027655572047 1.405241361864931
683 0.1885137656770585 1.405966508995186
684 0.1885350973820119 1.406697791521649
685 0.188544421561887 1.407419169081035
686 0.1885620326472494 1.408139307615021
687 0.1885739686721037 1.408857024265144
688 0.1885848930032398 1.409567498279069
689 0.1885956448054742 1.41028428194157
690 0.1886068228551464 1.410987123943201
691 0.1886140098335112 1.411675668237659
692 0.1886219831083063 1.412367278719982
693 0.1886320793972459 1.413062214069652
694 0.1886386586576454 1.413748156259062
695 0.1886437461566345 1.414428172035123
696 0.18865079457422 1.41511010151212
697 0.1886554769317215 1.415783753189131
698 0.1886591149067542 1.416453177617734
699 0.188661864528057 1.417117060925079
700 0.1886634570135837 1.417765136068621
701 0.1886632843394168 1.418430141528199
702 0.1886682877056981 1.419080921770321
703 0.1886699438523307 1.419741469835041
704 0.188671708683736 1.420378381090721
705 0.1886691599172097 1.421017525327161
706 0.1886701374393583 1.421656999066378
707 0.1886702064517779 1.422291712814211
708 0.1886695303335705 1.422921290818061
709 0.1886683786011332 1.423546888738229
710 0.1886667782784096 1.424168107081028
711 0.1886651765612044 1.424786409963458
712 0.1886620934491681 1.425397979727138
713 0.1886592397155519 1.426006493880239
714 0.1886552648161611 1.426610047739122
715 0.1886528614322653 1.427209154855627
716 0.1886468639900435 1.427803383754955
717 0.188640789275757 1.428393188707196
718 0.1886344443990588 1.428978286636187
719 0.1886280662381943 1.429559528071047
720 0.1886213824941365 1.430136474644927
721 0.188612298479798 1.430703562998526
722 0.1886047882948826 1.431270862743931
723 0.1885975711170582 1.431834910546291
724 0.1885900152835871 1.432395158252662
725 0.1885828487200409 1.432956446573209
726 0.1885791055892247 1.433517147720036
727 0.1885702872037967 1.434063365447468
728 0.1885587989858678 1.434597076519431
729 0.1885490613567126 1.435133129561211
730 0.1885390648343336 1.435665111544083
731 0.1885262865808877 1.436188107283325
732 0.188518081282511 1.436713517277735
733 0.188507544753027 1.437233392561412
734 0.1884972452542529 1.437751958881446
735 0.1884862112066393 1.438261036207588
736 0.188474855562697 1.438765979108571
737 0.1884639556339361 1.439267855176992
738 0.1884523095748196 1.439763486251448
739 0.1884413269627179 1.440255004230101
740 0.1884290545105557 1.440742944515104
741 0.1884164207009429 1.441225358258196
742 0.1883979658695419 1.441688887307113
743 0.1883854059811552 1.442166209247255
744 0.1883730316522914 1.442635565485827
745 0.1883604704773193 1.443099805613977
746 0.1883474846400014 1.44355882064341
747 0.1883344322024598 1.444013431554677
748 0.1883208817279501 1.444462401113573
749 0.1883068407478256 1.444906192555542
750 0.188292992897405 1.445346126883044
751 0.1882793570585452 1.445782497795405
752 0.188265057605668 1.446212964067651
753 0.1882505181017024 1.446638104651427
754 0.1882356247286867 1.447058543864782
755 0.1882207648763954 1.447473937768102
756 0.1882056308972561 1.44788407203849
757 0.1881897626365255 1.448289714216603
758 0.188175263730048 1.448691438224073
759 0.1881616066340723 1.449087840500322
760 0.1881432298281827 1.449474213920674
761 0.1881301565039165 1.449863932321187
762 0.1881114370944216 1.450240531512974
763 0.1880959586680034 1.45061717729253
764 0.1880808585381416 1.45098648276191
765 0.1880617848330406 1.451347819508092
766 0.1880459726131666 1.45170933424141
767 0.1880311219394522 1.452064506618489
768 0.1880125237706041 1.452415382198534
769 0.1879986374082143 1.452761023802678
770 0.1879794535363038 1.45310123374111
771 0.1879649309539493 1.453435303334341
772 0.1879475831023362 1.453765886148082
773 0.1879288324194889 1.45409130782368
774 0.1879107940268159 1.454405226834573
775 0.1878960967712291 1.454719708991362
776 0.187878097422393 1.455035171620204
777 0.1878615923030348 1.455346053612856
778 0.1878455954033982 1.455642941033899
779 0.1878311397933591 1.455932451469364
780 0.18781205579893 1.456219999700219
781 0.1877909053780117 1.456499121761563
782 0.1877731282290906 1.45678275738294
783 0.1877592663014653 1.457053457536978
784 0.18774028170125 1.457323538882743
785 0.1877227531889764 1.457585820318423
786 0.18770896486005 1.45784986318012
787 0.1876910560566208 1.458102134375294
788 0.1876726052877646 1.458347699543696
789 0.1876540257031787 1.458587620415274
790 0.1876358676623542 1.458823019877518
791 0.187617648724121 1.459053219084198
792 0.1875996009087942 1.459278784772514
793 0.1875814909319216 1.459498679116721
794 0.1875635014236249 1.459713626513429
795 0.1875437386864695 1.459921801949068
796 0.1875268418860248 1.460127119078896
797 0.1875097103959577 1.460327268814675
798 0.1874924402419288 1.460522202467433
799 0.1874749641368513 1.460711484315853
800 0.1874575894154497 1.460896143194767
801 0.1874401954362902 1.461075439891621
802 0.187423400826092 1.461251353550454
803 0.1874060306354936 1.46142007184758
804 0.1873879543625303 1.461581042222967
805 0.1873718211538145 1.461743757835102
806 0.1873544252953661 1.461896380960383
807 0.1873370555920898 1.462043664409243
808 0.1873206246793535 1.462188796476709
809 0.1873028489243386 1.462324045682378
810 0.1872858633744875 1.462456576266092
811 0.1872687230987275 1.462582964955026
812 0.1872517831898674 1.462704642892228
813 0.1872349851636052 1.462821354951025
814 0.1872182799109105 1.462933063017536
815 0.1872018079936152 1.463040204241119
816 0.1871853374671938 1.463141731110231
817 0.1871689661450366 1.463238168385648
818 0.1871527019905764 1.463329547434745
819 0.1871365481873716 1.463415838352234
820 0.1871202716991154 1.463496201967731
821 0.1871044711650973 1.463572734230776
822 0.187088704114848 1.463644020814558
823 0.1870730330161276 1.463710149424301
824 0.1870574586510636 1.463771284744946
825 0.1870420253635942 1.463827302031127
826 0.1870267160952773 1.463878262400498
827 0.1870118248576906 1.463925028927746
828 0.1869968058100556 1.463966011293554
829 0.1869815975716957 1.464000898948461
830 0.1869668550371785 1.464031953720171
831 0.1869516174022963 1.464055914104827
832 0.1869363771005543 1.464076076385416
833 0.1869181567670125 1.464079885466071
834 0.186904380287864 1.46409299682345
835 0.1868912188414971 1.464102010527554
836 0.186878122409408 1.464105788670123
837 0.1868651198842115 1.464104334045048
838 0.1868553917617103 1.464107606570155
839 0.1868422544439437 1.464095058626694
840 0.1868287167478772 1.464076164114984
841 0.1868152484306789 1.46405226301355
842 0.1868018654229239 1.464023443782327
843 0.1867886723340452 1.463989897479332
844 0.186775619623126 1.463951565827387
845 0.1867630129950868 1.463909980119566
846 0.1867517233154908 1.463866688219217
847 0.186735391022879 1.463805781127793
848 0.1867233680730854 1.463748886273349
849 0.1867110660841607 1.463685878071853
850 0.1866999854487542 1.463621550049698
851 0.1866889019823025 1.463551630385585
852 0.1866770062540326 1.463474987269882
853 0.1866660890757157 1.46339561640687
854 0.186655330221818 1.463311884575247
855 0.1866446870318086 1.463223511521728
856 0.1866341379681661 1.463130341368803
857 0.18662372649568 1.463032545268716
858 0.1866134154432959 1.462929969445971
859 0.1866033920145679 1.462823074041292
860 0.1865929606344159 1.462710836456822
861 0.1865898221735706 1.462610104872495
862 0.1865799772612124 1.462489436694286
863 0.1865679428979855 1.462357195131192
864 0.1865579190887445 1.462225754027087
865 0.1865470844878477 1.462090335700513
866 0.1865393448486415 1.46195411910069
867 0.1865218533108338 1.461790139934678
868 0.1865124916584548 1.461640362469445
869 0.1865057841798539 1.461495032712036
870 0.186497126607157 1.461336935180873
871 0.1864898693515539 1.461178544005821
872 0.1864828658071734 1.461016637074577
873 0.1864758995493397 1.460850236153401
874 0.1864701628244197 1.460684338786438
875 0.1864618529075501 1.46050347119147
876 0.1864548782563044 1.460322460728572
877 0.1864481447456695 1.460138196222839
878 0.1864427410895214 1.459955036584147
879 0.1864345931119268 1.45975606742989
880 0.1864279499787266 1.459557763925174
881 0.1864230100452937 1.459362987420035
882 0.1864160764758561 1.459154007126398
883 0.186417646343923 1.458959547866371
884 0.1864103601945888 1.458741978487637
885 0.1864037465306332 1.45852301186965
886 0.1863942749063877 1.458294379054183
887 0.1863918917193033 1.458077097714693
888 0.1863842380693189 1.457839883841415
889 0.1863755889621522 1.457600069140917
890 0.1863739938533052 1.457371875251318
891 0.1863674367975199 1.457124598765683
892 0.1863597197221936 1.456874310964747
893 0.1863576374501267 1.456630055237155
894 0.1863509634203123 1.456374623002757
895 0.1863491732466073 1.456122177329862
896 0.1863429625595815 1.455859744570886
897 0.1863394685775895 1.455598604327895
898 0.1863377018399376 1.455331881058019
899 0.186332343397749 1.455060076426464
900 0.186329308936906 1.454788125930504
901 0.1863277880745808 1.454509679078616
902 0.1863229769016988 1.454227719305075
903 0.1863203401925511 1.453945083992106
904 0.1863189953650831 1.453655333206448
905 0.1863131382947694 1.45335665260596
906 0.1863086746873237 1.4530604189133
907 0.186305952031577 1.452756923608577
908 0.1863046103648013 1.452457228639008
909 0.1863033978372512 1.452154451126356
910 0.1863022465554031 1.451847981519264
911 0.1863011138487088 1.451537782297346
912 0.1862999370968241 1.451223627354877
913 0.1862988278688715 1.45090613550517
914 0.1862977568306675 1.450585150581831
915 0.1862967299272349 1.450260843662923
916 0.1862962159663253 1.449932598714631
917 0.186295082964818 1.449601514471326
918 0.1862956646656345 1.44927219019016
919 0.1862944569103076 1.448932624827487
920 0.1862901581974412 1.448587252224204
921 0.1862908962845204 1.448241445648521
922 0.1862898337739834 1.447888396561529
923 0.1862900781661739 1.447541161631486
924 0.1862917522684639 1.44719931324812
925 0.1862914683093659 1.446840033175764
926 0.1862904289946177 1.446473758549041
927 0.1862909249117187 1.446114145205188
928 0.1862931233950523 1.445760477225619
929 0.1862922573387752 1.445384105113804
930 0.1862929041632614 1.445014261641523
931 0.186294624454068 1.444648191211155
932 0.1862948189286185 1.444267744929528
933 0.1862869327835596 1.443863720740132
934 0.1862909478860195 1.443491276828368
935 0.1862936074831582 1.443112045697422
936 0.1862956643056486 1.442727325834058
937 0.1863006312468292 1.442345884169728
938 0.1863017980011576 1.441953344852407
939 0.1863003951593759 1.441548319982999
940 0.1863020097056491 1.441150578464423
941 0.1863040957551823 1.440752170713064
942 0.1863062727171456 1.440350580944182
943 0.1863084281353055 1.439946443910268
944 0.1863105348455341 1.439539290430923
945 0.1863126039234121 1.439129226427558
946 0.1863148252898357 1.438716940909487
947 0.1863169032812845 1.438301362627684
948 0.1863189629539127 1.437883207590879
949 0.1863210564403028 1.437462375219533
950 0.1863231993365294 1.437039232490092
951 0.1863253953047659 1.436613512088044
952 0.1863334418752557 1.436205121904989
953 0.1863354799424977 1.43577105708896
954 0.186336957326034 1.435336076248619
955 0.186334450702986 1.434883334280642
956 0.1863406253799584 1.434464738580137
957 0.1863426399201732 1.434019652685621
958 0.1863407105446436 1.433559826913934
959 0.1863455075038913 1.433132022320335
960 0.186347865200927 1.432681734926343
961 0.1863504632538635 1.432232202824286
962 0.1863531561248092 1.431781046284324
963 0.1863559632542907 1.431328022790799
964 0.1863593681299795 1.430873091015248
965 0.1863611346415904 1.430414487778574
966 0.1863641709191971 1.429955935306404
967 0.1863681906236289 1.429500576726545
968 0.1863673752317048 1.429016729376334
969 0.1863709031596928 1.428551881649176
970 0.1863785235329777 1.428101762332287
971 0.1863822520686078 1.427637805096163
972 0.18638530569333 1.427167145499374
973 0.1863916603819935 1.42670295869659
974 0.1863942841486687 1.426227256669614
975 0.1863965524221828 1.42574835884324
976 0.1863991477879184 1.42526850366683
977 0.1864007597960014 1.424779665094323
978 0.1864038809054522 1.424301102063511
979 0.1864062837246622 1.423809493553877
980 0.1864026486763569 1.423302202669138
981 0.1864063681589299 1.422817582662838
982 0.1864106225121212 1.422332392352287
983 0.1864177125531836 1.42185105522897
984 0.186421589050894 1.421361839115307
985 0.1864249430939455 1.420868236767548
986 0.186424679779933 1.420357021016491
987 0.1864313061224313 1.419871246472684
988 0.1864350501106133 1.419375832021998
989 0.1864378769983977 1.418873833717595
990 0.1864406152471852 1.418368970012409
991 0.1864394193187428 1.417847523652028
992 0.1864468100804462 1.417361335656016
993 0.1864511907517091 1.41685284493583
994 0.1864520802464729 1.41633785625337
995 0.1864531014209649 1.415816898932606
996 0.1864521381135962 1.415291412195375
997 0.1864554836448675 1.414779842120119
998 0.1864591580294506 1.41426297243704
999 0.1864666276254573 1.413759145577398
1000 0.1864699596522997 1.413245267502067
1001 0.1740971146853491 1.387495877340356
1002 0.1643754487521499 1.368037454228609
1003 0.1582774800633368 1.355690164623458
1004 0.1544691403447952 1.348339270888987
1005 0.1517275104095321 1.343701646312143
1006 0.1499249949647794 1.341277894349528
1007 0.1489018851484906 1.340544298165884
1008 0.1483404825245354 1.340897692401168
1009 0.1481197973330723 1.342044620246064
1010 0.1481550944244215 1.343769903222261
1011 0.1483822828848581 1.345761047839304
1012 0.1486630110794368 1.347812409935504
1013 0.1489985524289891 1.349906465270947
1014 0.149325836781134 1.351960359727276
1015 0.1496292858285005 1.353928702418436
1016 0.1498902665782444 1.355780904452523
1017 0.1501077863488067 1.357522124659097
1018 0.1502719023636299 1.359135685375255
1019 0.1503856180923833 1.360631184935718
1020 0.1504702034385443 1.362051397541125
1021 0.1505053931109997 1.363364680154469
1022 0.1505052639731091 1.364600781447473
1023 0.1504697221444303 1.365750902879673
1024 0.1504328839946016 1.366897344272372
1025 0.1503633199440545 1.367952237821574
1026 0.1502723103796809 1.368986273712354
1027 0.1501760280595488 1.369928541367348
1028 0.1500709588886151 1.370858881202691
1029 0.1499575264433649 1.371735147927626
1030 0.1498384959290072 1.372590953708147
1031 0.1497172831360447 1.373406966264391
1032 0.149596491225299 1.374205498509218
1033 0.1494656788911036 1.374948168568375
1034 0.1493435248687547 1.375713286558519
1035 0.1492323751100032 1.376412017199016
1036 0.149117156608797 1.377116608561909
1037 0.1490076633758899 1.377783675960856
1038 0.148902878685971 1.378433090913395
1039 0.1488010752739996 1.379049433412553
1040 0.1487030593469992 1.379645363233009
1041 0.1486063474832919 1.380209965165636
1042 0.1485183299304504 1.380770702396748
1043 0.1484345792534586 1.38131131730551
1044 0.148356333234029 1.381834963459669
1045 0.1482830771638238 1.38234264786846
1046 0.1482152868408927 1.382835303633729
1047 0.1481542083148885 1.383317564882822
1048 0.1480975883997298 1.383782373115825
1049 0.1480447847069674 1.384229904647133
1050 0.1479985344609515 1.384668534151954
1051 0.1479580951943162 1.385096376218934
1052 0.1479271606268795 1.385519548607698
1053 0.1478960469504903 1.385924018030085
1054 0.1478696638107845 1.386316970108246
1055 0.1478447996014466 1.386693861539578
1056 0.1478285439718198 1.387065486192137
1057 0.1478170588138682 1.387428155874053
1058 0.1478156368835529 1.387797939174627
1059 0.1478095944937736 1.388132503307429
1060 0.1478093706598711 1.388460901693927
1061 0.147812633898787 1.388779174742888
1062 0.1478289565714363 1.389104510897341
1063 0.1478335255163317 1.389399524864217
1064 0.1478483107031411 1.389692067465027
1065 0.1478720821015696 1.389984910975042
1066 0.1479076917142631 1.390291631767859
1067 0.147914560813234 1.390517428260513
1068 0.1479422867271387 1.390777002861042
1069 0.1479721849162506 1.391021616630679
1070 0.147993745890159 1.391231302379094
1071 0.1480276093201513 1.391444391493246
1072 0.1480678406714541 1.391674758963935
1073 0.1481152884103086 1.391891829099334
1074 0.1481579254045774 1.392094677899768
1075 0.1482025923829136 1.39228796001175
1076 0.1482497926375236 1.392472237800596
1077 0.1482958505009042 1.392644443957744
1078 0.1483488401444203 1.392810976604626
1079 0.1484005000769966 1.39297142405203
1080 0.1484557325122095 1.393119136151838
1081 0.1485123212512335 1.393258875444123
1082 0.148569835498173 1.393390041282352
1083 0.1486289690091084 1.3935137096786
1084 0.1486874487500409 1.393624058295029
1085 0.148748362143325 1.393733253893811
1086 0.1488140040512759 1.393846087183012
1087 0.1488769500542348 1.393937316135963
1088 0.1489411637571352 1.394020049099026
1089 0.1490038486014983 1.394092668897724
1090 0.1490680815870498 1.394158568707424
1091 0.1491323025234163 1.394217254547401
1092 0.1491978395991266 1.394269660392851
1093 0.1492633209559078 1.394316633186113
1094 0.1493296075765284 1.394355427555303
1095 0.149389577666608 1.39437138321355
1096 0.1494545107396189 1.394396119877797
1097 0.1495218649214643 1.394416172400269
1098 0.149589082959787 1.394433239549122
1099 0.1496562870347218 1.394444034506788
1100 0.1497231513776123 1.394448067153791
1101 0.1497895187324223 1.394445737090909
1102 0.149855248308951 1.39443687830083
1103 0.1499204002787153 1.3944216990379
1104 0.1499850841656226 1.394400384522058
1105 0.1500497016583617 1.394374934486255
1106 0.1501131642710423 1.394342450647393
1107 0.1501758213705418 1.394304132029532
1108 0.1502376971932185 1.394260364341229
1109 0.1502987247457606 1.394211270432544
1110 0.1503600815651747 1.394158359986591
1111 0.1504196057917647 1.394099571169168
1112 0.1504781708187535 1.394035786699338
1113 0.1505357533516088 1.393966952091715
1114 0.1505919478655516 1.393893257277239
1115 0.1506478553639937 1.393815193884004
1116 0.1507021311597028 1.393732193070613
1117 0.1507533688036523 1.393637661208878
1118 0.1508063278194885 1.393546219699928
1119 0.1508579753638694 1.393450339964653
1120 0.1509087416274523 1.39335135611813
1121 0.1509582834916328 1.393248176014411
1122 0.151006579519849 1.393141101350915
1123 0.1510535322240742 1.39302980651141
1124 0.1510991460276199 1.392914188209644
1125 0.1511435911524961 1.392794494717402
1126 0.1511906333252385 1.392683763173252
1127 0.1512325373634155 1.392557215568209
1128 0.1512723231813777 1.392424274342475
1129 0.1513105384906258 1.392286972631462
1130 0.1513473175775601 1.392146104638301
1131 0.151382609611546 1.392001539123691
1132 0.1514158610996479 1.391851798478652
1133 0.1514478763021042 1.391699597593958
1134 0.1514770942851852 1.391541171807999
1135 0.1515055005224505 1.391380993584801
1136 0.1515321738557258 1.391217074300496
1137 0.1515568285023019 1.391048992440207
1138 0.1515794605968651 1.390876623477498
1139 0.1516000698882398 1.390699781338121
1140 0.151618324358599 1.390518344654006
1141 0.1516340956608825 1.3903318843096
1142 0.1516473800190732 1.390140367646949
1143 0.151658251361525 1.38994398998358
1144 0.1516665110791046 1.389742608049148
1145 0.151672076705738 1.38953576078016
1146 0.1516751018796201 1.389323563556641
1147 0.151675282443658 1.389105991467473
1148 0.1516726608829785 1.388882995566408
1149 0.1516746652819208 1.388673651727087
1150 0.1516668324432124 1.388441105669545
1151 0.1516540972619584 1.388198315979375
1152 0.1516379855629741 1.387948878301066
1153 0.1516185321126581 1.387692109050553
1154 0.1515962047492761 1.3874309135782
1155 0.1515707662903692 1.387164069760552
1156 0.1515455391534731 1.386898205836159
1157 0.1515114188065706 1.386617526698486
1158 0.1514749013354676 1.386329780160083
1159 0.1514350484374566 1.386035225253003
1160 0.151400309304402 1.385748925772961
1161 0.1513465639809399 1.385428463442396
1162 0.1512955804105681 1.385116603171781
1163 0.1512505299494949 1.384814598646518
1164 0.1511830976029919 1.384465288918712
1165 0.1511197705116319 1.384128963496288
1166 0.1510518016009128 1.383779859993499
1167 0.1509760092829398 1.383414279521316
1168 0.1509059690876444 1.383062172705072
1169 0.1508254494084439 1.382693098734459
1170 0.1507435259101578 1.382321666958831
1171 0.1506569828106676 1.381939306091071
1172 0.1505688324398337 1.381551295697079
1173 0.1504759776249347 1.381161045245567
1174 0.1503871250718779 1.380779935784682
1175 0.1502713976258252 1.380333565740548
1176 0.1501719079466468 1.379931247319292
1177 0.1500464762412329 1.379464757322834
1178 0.1499390236009305 1.379047383071856
1179 0.149807923832278 1.378574146676189
1180 0.1496728286031609 1.37808879464737
1181 0.1495437383586883 1.377620570869658
1182 0.1494102183254894 1.377144847435589
1183 0.1492716123643501 1.376658359460302
1184 0.1491376733535262 1.376189437900376
1185 0.1489884508877366 1.375682054832914
1186 0.1488355680279749 1.375165232107889
1187 0.1486789838941796 1.374640331251173
1188 0.1485193345713284 1.374109526913635
1189 0.1483501403746051 1.373552941319548
1190 0.1481835776879351 1.373008650233572
1191 0.1480188537927335 1.372475921797608
1192 0.1478335166441001 1.371886609372566
1193 0.1476609136013868 1.371331917635127
1194 0.1474819706535399 1.37076404334585
1195 0.1473016196445457 1.370194657677489
1196 0.1471140948407159 1.369607376647153
1197 0.1469220589648939 1.369009048255674
1198 0.1467205894697508 1.368385531911424
1199 0.1465281243495779 1.367788113697509
1200 0.1463282835151637 1.367174123654498
1201 0.1461323932955083 1.366571035002379
1202 0.1459248649151284 1.365945928331936
1203 0.1457185271149465 1.365315243679322
1204 0.1455006310339872 1.364654209474389
1205 0.1452857164267193 1.364002859085266
1206 0.1450691727585765 1.363347541145305
1207 0.1448511356003531 1.36268922809451
1208 0.1446314789705428 1.362027457751688
1209 0.1444012529561204 1.361335958025901
1210 0.1441897520068527 1.360698330247559
1211 0.1439600834829271 1.360010504295759
1212 0.1437327240691353 1.359329222604111
1213 0.1435075074293912 1.358654256531779
1214 0.1432801028384002 1.357973966536236
1215 0.1430472352525835 1.357277287502543
1216 0.1428195634502432 1.356596157481469
1217 0.142590003149004 1.355909440554706
1218 0.1423588944951934 1.355217721218669
1219 0.1421260440040031 1.354521055340983
1220 0.1418984481664468 1.35383884668329
1221 0.1416666261082684 1.35314328541517
1222 0.1414370101574415 1.352452392173517
1223 0.1412078874388649 1.351761749369912
1224 0.1409712752759026 1.35104917640123
1225 0.1407417537228104 1.350354055478701
1226 0.1405069590391154 1.349644053984861
1227 0.140277926925824 1.348948037667007
1228 0.1400453520391268 1.348241058028886
1229 0.1398168146827287 1.347542514211724
1230 0.1395919269086498 1.346851524931413
1231 0.1393652566784697 1.34615615368833
1232 0.1391401720105679 1.34546200820999
1233 0.1389147571807424 1.344756937779299
1234 0.1386888075690297 1.34406113938822
1235 0.1384711630495754 1.343378351919012
1236 0.1382511417912423 1.34269290214042
1237 0.1380366668133245 1.342016000819007
1238 0.1378245542581246 1.341342919160948
1239 0.1376196769824989 1.340683867367013
1240 0.1374078119881536 1.34000900389622
1241 0.1372021688469356 1.339345425501784
1242 0.1370018804677828 1.338691475198146
1243 0.1367986960567902 1.338031685532831
1244 0.1366050452860369 1.337389773257829
1245 0.1364069578859193 1.336738691294186
1246 0.1362190968619245 1.336106685169837
1247 0.1360277155942996 1.335467896711118
1248 0.1358417043923543 1.334841423526104
1249 0.1356637782315857 1.33423174948733
1250 0.1354769615561614 1.33358964072631
1251 0.135309316510134 1.332995774474298
1252 0.1351385409788591 1.332393360938543
1253 0.1349747212414401 1.331808484979207
1254 0.1348051335806127 1.331207511013397
1255 0.1346481018160544 1.330635651129244
1256 0.1344861900456563 1.330049248028649
1257 0.134342398135028 1.329508390848729
1258 0.1341835908083643 1.328921421267242
1259 0.1340410456888552 1.328377107599483
1260 0.1339013358770025 1.327839090050678
1261 0.1337624465813997 1.327295854874738
1262 0.1336277762351323 1.326762200979714
1263 0.1334963910166106 1.326235453547797
1264 0.1333674749868468 1.325714441834474
1265 0.1332441410852823 1.325203009983033
1266 0.1331222815767082 1.324695212107831
1267 0.1330112439458073 1.324216148952799
1268 0.1328931428463786 1.323709434690319
1269 0.1327855720569447 1.323233954123403
1270 0.1326780071167384 1.322753894732815
1271 0.1325691352142297 1.32226579484531
1272 0.1324700970275537 1.321808731182931
1273 0.1323675522018064 1.321333750717706
1274 0.1322735429730263 1.320886870387306
1275 0.1321791342865976 1.320429930570907
1276 0.1320904245161295 1.319994039503497
1277 0.1320022469211221 1.319554834937511
1278 0.131916491105799 1.319119705613918
1279 0.1318251664797478 1.318669460428719
1280 0.1317486041772818 1.318254115304275
1281 0.1316713231674515 1.317840956100313
1282 0.1315945232702625 1.317424623684889
1283 0.1315203882666069 1.317009805214807
1284 0.1314472171756103 1.316606544536108
1285 0.1313766205997483 1.316201597344691
1286 0.1313052359315953 1.315799943963129
1287 0.1312386460561509 1.315404279629243
1288 0.1311696348468057 1.315008070598253
1289 0.1311063240515674 1.314620026482703
1290 0.131039049253185 1.314227502818143
1291 0.1309783585316847 1.313845992188682
1292 0.130912868184965 1.313457638822212
1293 0.1308534094893834 1.313080574703414
1294 0.1307895628946083 1.312697189172447
1295 0.1307331179693132 1.312323996128314
1296 0.1306704347903042 1.311942806977251
1297 0.1306156814318075 1.311574081514278
1298 0.1305543297926897 1.311197734738583
1299 0.1305010706028948 1.310833720829949
1300 0.1304408996667908 1.310460218927521
1301 0.1303887225780315 1.310097532956952
1302 0.1303254011607423 1.30971771233238
1303 0.1302732860886691 1.309359276661457
1304 0.1302072100301718 1.308970369716803
1305 0.1301574530560866 1.308618976530864
1306 0.1301042731476834 1.308263343437995
1307 0.1300419889704245 1.307883844380365
1308 0.1299920474210863 1.307535008953218
1309 0.1299390330484737 1.307192566978108
1310 0.1298962625101643 1.306857654386923
1311 0.1298362994882476 1.306484433683424
1312 0.129772918844852 1.306107190987487
1313 0.1297084799201316 1.30572887075691
1314 0.1296434444238133 1.305349553368398
1315 0.1295775741121389 1.304969196384761
1316 0.129510896704785 1.304587639861419
1317 0.1294433579382427 1.30420486089933
1318 0.1293749372226904 1.303820907732153
1319 0.1293055872739527 1.303435806234738
1320 0.1292354035303283 1.303049498934461
1321 0.129164549201109 1.302662085021824
1322 0.1290928704118269 1.302273792955833
1323 0.1290204834752011 1.301884556867572
1324 0.1289452183019583 1.301489492840821
1325 0.1288739001561714 1.301103706678812
1326 0.1288074479148199 1.30074271601761
1327 0.1287148588502323 1.300293297470108
1328 0.1286376514307235 1.299895682448086
1329 0.1285580767832707 1.299493197347792
1330 0.1284821881252717 1.299102472684311
1331 0.1284022171998667 1.298701461999449
1332 0.1283232307837262 1.298303065377081
1333 0.1282410797175749 1.297898670993589
1334 0.1281594796405612 1.297496262706055
1335 0.1280763181775647 1.297090804715443
1336 0.1279949576161989 1.296699303840564
1337 0.1279148691125813 1.296307761803458
1338 0.1278276286840714 1.295892002307765
1339 0.127731146768302 1.29544368690743
1340 0.1276433059367364 1.295037066899121
1341 0.1275410438912635 1.294579235874723
1342 0.1274549707616854 1.294181342842105
1343 0.1273582425569857 1.293738233780843
1344 0.1272654312680919 1.293314841740221
1345 0.1271751424877212 1.292903389532554
1346 0.1270792515125379 1.292469523304919
1347 0.1269851564097847 1.29204474672581
1348 0.126890328042944 1.291618480557257
1349 0.1267955433665947 1.291193047198704
1350 0.1267004280670951 1.290767889814103
1351 0.1266038625620797 1.290337820268658
1352 0.1265082471772472 1.289911676453111
1353 0.1264118389507566 1.28948425719703
1354 0.1263075543139089 1.28903617602334
1355 0.1262107728164523 1.288608017931239
1356 0.1261153259274088 1.288183567971301
1357 0.1260195940568135 1.287762537477877
1358 0.1259183258394111 1.287319682920245
1359 0.1258191017302187 1.286886095367904
1360 0.1257211888576288 1.286456014798797
1361 0.1256217955988205 1.28602383587619
1362 0.1255218041852053 1.285590269692281
1363 0.125421851825529 1.285156746435034
1364 0.1253216238679437 1.284722804206534
1365 0.125217917364158 1.284276749436724
1366 0.1251202807019272 1.283852662153973
1367 0.1250202853735004 1.283420315225965
1368 0.124920813356394 1.282989780504177
1369 0.1248179639334245 1.282546536077525
1370 0.1247212541297184 1.282124556874591
1371 0.1246222402126715 1.281694893297636
1372 0.1245212047231272 1.28125642817126
1373 0.1244256469066255 1.280838118232235
1374 0.1243255165786777 1.280402902842935
1375 0.1242300969357844 1.279985259746659
1376 0.1241301110436988 1.27955055829781
1377 0.1240317224904646 1.279121553732677
1378 0.1239370529789388 1.278706892994582
1379 0.1238380580558737 1.278274264368438
1380 0.1237428556290774 1.277857705569718
1381 0.1236441995183195 1.277425605270627
1382 0.1235496944402843 1.277010986857122
1383 0.1234518391036535 1.27658102178796
1384 0.1233583798611001 1.276168469046936
1385 0.1232649999706992 1.275747861943069
1386 0.1231714680297213 1.275332350424863
1387 0.123078214580075 1.274917960552528
1388 0.1229821200275023 1.274496311291763
1389 0.1228906868159712 1.27408578363516
1390 0.1227983468291239 1.273673861050822
1391 0.1227064402867135 1.273262206265397
1392 0.1226116349995323 1.272842930891616
1393 0.1225218893312924 1.272435924173957
1394 0.1224313955407534 1.2720279672183
1395 0.122341378670822 1.271620868838689
1396 0.1222516643779051 1.271214412440422
1397 0.1221595547781949 1.270801571728457
1398 0.1220724492618892 1.270400862044695
1399 0.1219845241737508 1.269998982757202
1400 0.1218971980376239 1.269598272620288
1401 0.1218090870997594 1.269196552592185
1402 0.1217209640492545 1.268797348616442
1403 0.1216344110440373 1.268397827348247
1404 0.1215485308529651 1.267999447476577
1405 0.1214640431505026 1.267599893842858
1406 0.1213792954411815 1.267204856534463
1407 0.1212944050575327 1.266810134398065
1408 0.1212095437117517 1.266415305752123
1409 0.1211254245912809 1.266022321725842
1410 0.1210418257524024 1.265630814443699
1411 0.1209576351146668 1.265235116747793
1412 0.120875616357942 1.264848023896963
1413 0.120795686135495 1.264466259688462
1414 0.120714678393935 1.264081945032446
1415 0.1206334942281527 1.263696236991688
1416 0.1205521635018928 1.263309731665049
1417 0.1204707361552973 1.262922969089434
1418 0.1203874241061607 1.262535205302903
1419 0.1203062998637627 1.262148598541132
1420 0.1202258179143529 1.261763500255315
1421 0.1201458712815206 1.261379902253627
1422 0.1200633761645662 1.260986092501633
1423 0.1199861147544819 1.26061413548086
1424 0.1199083096580427 1.260237255000145
1425 0.1198272244713153 1.259846917831024
1426 0.1197514855580108 1.259477849005825
1427 0.1196744987250203 1.259102904471216
1428 0.119594630570322 1.258715453066155
1429 0.119519350066138 1.258342807082667
1430 0.1194431943110426 1.257970129487082
1431 0.1193677634466686 1.257598366840101
1432 0.1192899741726644 1.25722183502312
1433 0.1192149972874056 1.2568506363209
1434 0.1191374171521259 1.256474004422186
1435 0.1190626010036385 1.25610333300637
1436 0.1189852900368197 1.255727144815276
1437 0.118908259264126 1.255353122182571
1438 0.1188312437971821 1.254973983515972
1439 0.1187570520167263 1.254608054591356
1440 0.1186839647679915 1.254242243127411
1441 0.1186052711387031 1.253859286344318
1442 0.1185336966693277 1.253497757659941
1443 0.1184589990718338 1.253133120573178
1444 0.1183832476965464 1.252757289859569
1445 0.1183096367045948 1.252389359127833
1446 0.118228331099539 1.252009027148753
1447 0.1181600070209413 1.251650169945323
1448 0.1180881273737816 1.251285901512098
1449 0.1180204888868749 1.2509315330143
1450 0.1179485562350908 1.250567890512738
1451 0.1178726782041319 1.250190296579188
1452 0.1178026422247432 1.249830199614533
1453 0.1177300699893193 1.249467887864991
1454 0.1176566882552562 1.249104209522909
1455 0.1175810245770148 1.248727574790172
1456 0.1175101357305115 1.248366836924616
1457 0.1174353311683503 1.247997091599072
1458 0.1173651758276325 1.24763904126738
1459 0.1172940663818744 1.24728152618124
1460 0.1172215411461424 1.246912811998231
1461 0.1171500523880948 1.246551371797702
1462 0.1170770693828703 1.246186835060812
1463 0.1170052379911847 1.245820022486996
1464 0.1169341678143075 1.245459779890216
1465 0.1168581919640539 1.245083675229815
1466 0.1167888960472064 1.244730299034436
1467 0.1167188258968714 1.244372775494243
1468 0.1166446860240586 1.244002589302931
1469 0.1165755518472297 1.243643297647319
1470 0.116500382420461 1.243268900362068
1471 0.1164333287727241 1.242919195595922
1472 0.1163590002518848 1.242547828452996
1473 0.11629188788334 1.242197706689754
1474 0.1162226834485871 1.24184238590364
1475 0.1161540193370293 1.241485337267543
1476 0.1160835196038798 1.2411245526181
1477 0.1160123943216474 1.240761874815826
1478 0.1159410478466065 1.240398493161466
1479 0.1158638320454801 1.240015442699987
1480 0.1157975795906896 1.239670212888991
1481 0.1157289011788745 1.239316002187365
1482 0.1156585996491994 1.238954975636751
1483 0.1155871745771125 1.238591839440767
1484 0.1155161177929003 1.238228032496593
1485 0.1154451985785467 1.237864563387231
1486 0.1153713037518892 1.237490881496659
1487 0.1153023261267406 1.237134792728069
1488 0.1152301105829006 1.236767624433581
1489 0.1151616914615694 1.236411501873177
1490 0.1150933133860426 1.236056685811896
1491 0.1150161121347216 1.235673144413532
1492 0.1149520655487862 1.235332523645053
1493 0.1148832091073666 1.234976268620206
1494 0.1148136442747463 1.234615552883335
1495 0.1147435876619663 1.234253231478444
1496 0.1146735948621802 1.233890742609968
1497 0.1146036215538706 1.233528643691357
1498 0.1145338084243159 1.233166999566966
1499 0.1144641112789891 1.232805671369827
1500 0.1143907142289865 1.232429021524396
1501 0.1143245222779597 1.232083811312937
1502 0.1142562410735486 1.231727057703375
1503 0.1141872678495752 1.231366435233266
1504 0.1141177325599563 1.231004225014901
1505 0.1140480835297988 1.230641388628983
1506 0.1139787999444005 1.230280744095742
1507 0.1139103350514571 1.229921611271552
1508 0.1138407833239145 1.229559356409501
1509 0.113771201815258 1.229196943620003
1510 0.1137010979420686 1.228831580669366
1511 0.1136317733953788 1.228469905823638
1512 0.1135625637339685 1.228108333147155
1513 0.113493457473616 1.227746943725609
1514 0.1134243771794662 1.227385557646554
1515 0.1133552803168699 1.227023780399114
1516 0.113286217855715 1.226661658802052
1517 0.1132172831431527 1.226299383375509
1518 0.1131488628639535 1.225936224680941
1519 0.1130795501300255 1.225573815984685
1520 0.113010580720466 1.22521150723027
1521 0.1129417100451257 1.224849109095005
1522 0.1128728777287328 1.22448661870468
1523 0.1128041556297518 1.224123980256664
1524 0.1127355719193392 1.223761243168418
1525 0.1126669566460541 1.223398398714453
1526 0.1125983873375769 1.223035412823235
1527 0.112529835291765 1.222672294892631
1528 0.1124612654493058 1.222309053472691
1529 0.1123926748062157 1.221945675996722
1530 0.1123243557715322 1.22158219156182
1531 0.1122518950900083 1.2212024009328
1532 0.112187275760572 1.220855220604404
1533 0.1121202717189121 1.220495726966781
1534 0.1120502558434564 1.220126983876484
1535 0.1119815790942718 1.219761140838585
1536 0.1119131272268049 1.219395861544174
1537 0.1118448640860363 1.219030841395127
1538 0.1117767794703017 1.218666031927191
1539 0.1117087234078929 1.218301320735157
1540 0.1116405353085806 1.217936673924456
1541 0.1115725521876522 1.217571646266686
1542 0.1114992880323948 1.217186155734277
1543 0.111437070945163 1.216840926968456
1544 0.1113704617685024 1.216475476784659
1545 0.1113023663640904 1.216113452446842
1546 0.1112356300213633 1.215747572757833
1547 0.1111662903222901 1.215380375515042
1548 0.1110992685892372 1.215017125968979
1549 0.1110272871283285 1.214633845610796
1550 0.1109584891370068 1.214265056517729
1551 0.1108885033497841 1.213892166138114
1552 0.1108211464177691 1.213526715047297
1553 0.1107537692230574 1.213159886429782
1554 0.1106869042132296 1.212794614796299
1555 0.1106198407823448 1.21242800054768
1556 0.1105543385293987 1.212064784858068
1557 0.1104910036036133 1.211713076783945
1558 0.1104206269131011 1.211330854094372
1559 0.1103560681931772 1.210974168315707
1560 0.1102849457901741 1.210589128173754
1561 0.1102198400299663 1.210230375935523
1562 0.1101485287508836 1.209845122959538
1563 0.1100835617500749 1.209486701984572
1564 0.110012633724242 1.209101241279243
1565 0.1099470968230068 1.208742099646173
1566 0.1098762752738426 1.208355612660322
1567 0.1098118230093217 1.207997005687327
1568 0.1097412808389198 1.207610931446909
1569 0.1096765840770095 1.207251396474464
1570 0.1096065899199851 1.2068632501926
1571 0.1095372400018787 1.206486798145982
1572 0.109470166576725 1.206115678692339
1573 0.1094033455417954 1.205744191295154
1574 0.1093355848432338 1.205364569085867
1575 0.1092683126258677 1.204994581701192
1576 0.1092024402591792 1.204625970566963
1577 0.1091359687767162 1.204253231774421
1578 0.109063839139342 1.203860462346766
1579 0.1090001763111588 1.203498062122225
1580 0.1089309507665371 1.203113842743527
1581 0.1088670577881372 1.202749377952156
1582 0.1088017028191101 1.202379003554279
1583 0.1087327940125034 1.201995635397175
1584 0.1086681242419824 1.201624414038949
1585 0.1086024018052104 1.201250431428313
1586 0.1085357432845631 1.200873873122162
1587 0.1084687260826333 1.200495511641153
1588 0.1084016488120992 1.200116675373122
1589 0.1083380023372295 1.19975227285014
1590 0.1082681677797303 1.199359478815306
1591 0.108200048790063 1.198975894494124
1592 0.1081323667764365 1.198593480149127
1593 0.1080652402930705 1.198212904461995
1594 0.107996252136795 1.197827321640326
1595 0.1079337456764303 1.197465875196815
1596 0.1078688862814482 1.197090636130794
1597 0.1078022700385158 1.196707674525273
1598 0.1077350167491099 1.196322087921978
1599 0.107667642156344 1.195935908221532
1600 0.1075933088543145 1.19551980050382
1601 0.1075262318834126 1.195140877001258
1602 0.1074615095500804 1.194765808286904
1603 0.1073955504680377 1.194383327247568
1604 0.1073301292246784 1.194003094196369
1605 0.1072642322441157 1.193619542042185
1606 0.1071987307889535 1.193237349486479
1607 0.1071329492167886 1.192854060711511
1608 0.1070671231075421 1.192469612865951
1609 0.1070014216924866 1.1920846662864
1610 0.1069352390259159 1.191698298606785
1611 0.1068689999766621 1.191311562579347
1612 0.1068026645807555 1.19092365546903
1613 0.1067365134870297 1.190535852008095
1614 0.106670158529287 1.190147012034324
1615 0.1066039144755697 1.189758093037388
1616 0.1065376055733027 1.189368435620948
1617 0.106471340011948 1.18897868661747
1618 0.1064050190170702 1.188588300058675
1619 0.1063367198848972 1.188182395311053
1620 0.1062714484567561 1.187802208053009
1621 0.1062067898915535 1.187417511641766
1622 0.1061412325723367 1.187026832282158
1623 0.1060725297458125 1.186615982505408
1624 0.1060072875203757 1.186235199727554
1625 0.1059401921231004 1.185836317783798
1626 0.1058743448513625 1.185438197354373
1627 0.105810325920591 1.185059056670815
1628 0.1057435293003641 1.184658303720201
1629 0.1056772703758078 1.18425627051909
1630 0.1056136931076368 1.183877869313717
1631 0.1055468734511221 1.183475482308086
1632 0.1054808710868338 1.183071646005562
1633 0.1054181876778797 1.182692065874413
1634 0.1053510721265053 1.182287460663174
1635 0.105283260515372 1.181879785540561
1636 0.1052205628703539 1.18149836414547
1637 0.1051535712366203 1.181092285110383
1638 0.1050872359693294 1.180690685660662
1639 0.105019620622926 1.180280937817319
1640 0.1049578410905736 1.179900537767781
1641 0.1048837542676904 1.179474080420929
1642 0.104823187371227 1.179089680645918
1643 0.1047595058548881 1.178693824884226
1644 0.1046925817381315 1.178280460753386
1645 0.104621546920642 1.177858785403753
1646 0.1045621319784288 1.177480002437774
1647 0.1045013134767546 1.177081750504233
1648 0.1044357833265328 1.176676772302239
1649 0.1043699500079994 1.176271433595762
1650 0.1043041426601944 1.1758656407063
1651 0.1042410998083705 1.175471787552327
1652 0.1041771571752543 1.175071345799717
1653 0.1041081833582578 1.174646600090389
1654 0.104041978187129 1.174233581314039
1655 0.1039781074325905 1.173837047848021
1656 0.1039141810296403 1.173430225991404
1657 0.1038476436167945 1.17301961713381
1658 0.103778162064907 1.172596884313567
1659 0.1037148577023413 1.172196170621172
1660 0.1036484518883088 1.171777058306687
1661 0.1035841822093765 1.171371566443155
1662 0.1035191445685434 1.170958098092559
1663 0.1034481603118236 1.170521071385944
1664 0.1033868802503017 1.170124648211893
1665 0.1033241690460695 1.169721087635915
1666 0.1032536403752231 1.16928336978449
1667 0.1031904577824917 1.16887383047672
1668 0.1031296335890667 1.16847843056123
1669 0.1030668181747551 1.168070169493252
1670 0.102999155339306 1.167639858279183
1671 0.1029305347597909 1.167208927710625
1672 0.1028679952317761 1.166800139660333
1673 0.1028042029721926 1.166386933600536
1674 0.1027368370044927 1.165959589705523
1675 0.102674961776178 1.165550491361211
1676 0.1026112691869782 1.165134798368187
1677 0.1025468453645171 1.164715451912981
1678 0.1024781247123272 1.164279768736946
1679 0.1024167965283382 1.163871033846132
1680 0.1023491617221848 1.163438005767306
1681 0.1022877745492398 1.163026739196897
1682 0.102220500471605 1.162594134625013
1683 0.1021589041383277 1.162180627914928
1684 0.1020915332386826 1.1617462078417
1685 0.1020295935287419 1.161330356005112
1686 0.1019608514680073 1.160888459694178
1687 0.1019001232289704 1.160477144533974
1688 0.1018287855472465 1.160029726655399
1689 0.1017643339874726 1.159602933026552
1690 0.1017007501080065 1.159177234749165
1691 0.1016414603441659 1.15876386570069
1692 0.1015734424612472 1.158322346432541
1693 0.1015164706954374 1.157912271249123
1694 0.1014532334480635 1.157485607014817
1695 0.1013890348719124 1.157055063294882
1696 0.101321737005553 1.15660838414035
1697 0.1012586539135161 1.156184322781477
1698 0.101193048993683 1.155743744903329
1699 0.1011285282143729 1.155314059846886
1700 0.1010618906807152 1.154869679304966
1701 0.1009995490908826 1.154443056834578
1702 0.1009359699032289 1.15401032791877
1703 0.1008726628958941 1.153575485775559
1704 0.1008055360075321 1.153123778167448
1705 0.1007426266052578 1.152694240020038
1706 0.1006792431230528 1.152259428707074
1707 0.1006152736443115 1.151820682834003
1708 0.1005511752938491 1.151380596699092
1709 0.1004823134879425 1.150916702796278
1710 0.100421591685441 1.150494902617099
1711 0.1003557341347378 1.15004252201411
1712 0.1002944561502908 1.149613880938811
1713 0.1002273390398324 1.14915365968183
1714 0.1001664963329634 1.148726442838256
1715 0.1001015816952639 1.148274676326631
1716 0.100039713742202 1.147840430657121
1717 0.09997450137115681 1.147386232675218
1718 0.0999122213256234 1.146948767626765
1719 0.09984599695214896 1.146488037215528
1720 0.09978233192837091 1.146041544752537
1721 0.09972099364650981 1.145605937788163
1722 0.09965598978489869 1.145148500079221
1723 0.09959256487751829 1.144700074993184
1724 0.09952933251251873 1.144251845500315
1725 0.09946616245031538 1.143802639142034
1726 0.09940299421649536 1.143352305332163
1727 0.09934134329017633 1.14291008079861
1728 0.09927768593798936 1.142454877460056
1729 0.09921399868554739 1.142000231326553
1730 0.09915034495746687 1.141545281287675
1731 0.09908674282648278 1.141089892645538
1732 0.09902414997070054 1.140638208515842
1733 0.09896141623631238 1.140183999485811
1734 0.09889793797258195 1.139725581870108
1735 0.09883470466127788 1.13926788879009
1736 0.09877120267492005 1.13880815644857
1737 0.09870785956008286 1.138348913551895
1738 0.09864439800528274 1.137888326024879
1739 0.09858117451753921 1.13742783857694
1740 0.09851802073319435 1.13696637018376
1741 0.09845484035842379 1.136504473072314
1742 0.0983930346172403 1.136048117426945
1743 0.09832919349241553 1.13558018049434
1744 0.09826702213428268 1.135121032919659
1745 0.0982029077777561 1.134651088420899
1746 0.09814085632715264 1.134190851561448
1747 0.09807688754013269 1.133719470852548
1748 0.09801362645384246 1.133251785122892
1749 0.09795058879708435 1.132784500561829
1750 0.09788790638121728 1.132317495820179
1751 0.09782512496759992 1.131849470385286
1752 0.09776252311481221 1.131381177122242
1753 0.0977004780687591 1.130912663471693
1754 0.09763798792321153 1.130442819917025
1755 0.09757312598834977 1.129960760589991
1756 0.09751234701176907 1.129499412758053
1757 0.09745082611433763 1.129031573475714
1758 0.09738615911158252 1.128547200712521
1759 0.09731989554166851 1.128062103694193
1760 0.09726116844191286 1.127603620744198
1761 0.09720004316047019 1.127133667148714
1762 0.0971382091960276 1.12665887899542
1763 0.0970760275922511 1.126182364478838
1764 0.09701369028603302 1.125704968043706
1765 0.0969513757469294 1.125226866246239
1766 0.09688921472671921 1.12474823155049
1767 0.0968270173578563 1.124269001456456
1768 0.09676486700721329 1.123789110555556
1769 0.09670386621275794 1.123315095156922
1770 0.09664217231887408 1.122834816625687
1771 0.09658002536765004 1.122352053324756
1772 0.09651766397891008 1.121867809031812
1773 0.09645406701815078 1.121375654074497
1774 0.09638950990239081 1.120881091526739
1775 0.09632774453793673 1.120398695121201
1776 0.09626707243516873 1.119920110593168
1777 0.0962057493868969 1.119437243387998
1778 0.09614410459652475 1.118951617839106
1779 0.09608231971622938 1.118459329918968
1780 0.09602169606608749 1.117978062773337
1781 0.09596032260700889 1.117490946907229
1782 0.09589889063165515 1.117002305899525
1783 0.09583578684914258 1.116503001578478
1784 0.09577279208096114 1.116009944113982
1785 0.09571276074216707 1.11552578246607
1786 0.09565144977662335 1.11503444042915
1787 0.09558749415378458 1.114531991065143
1788 0.09552752202397168 1.114045762049441
1789 0.09546689104524556 1.113557346796648
1790 0.09540444735689624 1.113056690890839
1791 0.09534285790857715 1.112560929188852
1792 0.09528271654324447 1.112071166442986
1793 0.09522167466889006 1.111574420978971
1794 0.09516029690063681 1.111075608267599
1795 0.09509620403255677 1.110562293856236
1796 0.09503662261368237 1.110074760561866
1797 0.09497605170315063 1.109577463672438
1798 0.09491250471140308 1.10906375837425
1799 0.09485257921120209 1.108572116734377
1800 0.0947920388955294 1.108072219749217
1801 0.09472894976651047 1.107560918843549
1802 0.09466500586595893 1.107048328623049
1803 0.09460647761028027 1.106556524016705
1804 0.09454531070519032 1.106048748118096
1805 0.09448524268580297 1.105549282794496
1806 0.09442390781902871 1.105038139244432
1807 0.09436336410168021 1.104535230703857
1808 0.09430281414548819 1.104028371271748
1809 0.09424221192484909 1.103520351145465
1810 0.0941814893378583 1.10301152387497
1811 0.0941207273252314 1.10250208222945
1812 0.09405657235192839 1.101974541925215
1813 0.09399619758139534 1.101466529620291
1814 0.09393891324654158 1.100972570529959
1815 0.09387501200507763 1.100442126079114
1816 0.09381595948348151 1.099935897196894
1817 0.09375729936858709 1.099432850112418
1818 0.09369582409396027 1.098913428421199
1819 0.09363959883464236 1.098415502516648
1820 0.09358017959792964 1.097903245522381
1821 0.09351687947385179 1.097372456003962
1822 0.09345870700656379 1.096867221101405
1823 0.09339659717962237 1.09633998773526
1824 0.09333631248713027 1.09582623905213
1825 0.09327655840233115 1.095306919021343
1826 0.0932177663103846 1.094796419594275
1827 0.09315700056215866 1.094271169618517
1828 0.09309665441263193 1.093750070838315
1829 0.09303467794976809 1.093222286772704
1830 0.09297634402898083 1.092706653264744
1831 0.09291780785086987 1.092193357670507
1832 0.09285817989084705 1.091665869720639
1833 0.09279903567454931 1.09114723765677
1834 0.09273830030187072 1.090617184908161
1835 0.09267898970988596 1.090096864163848
1836 0.09261835139698869 1.089565789526554
1837 0.09255912062470592 1.089044518946233
1838 0.09249960717034483 1.088518625580686
1839 0.09243998271529827 1.087991022327863
1840 0.09238032150336957 1.08746246985662
1841 0.0923206400250831 1.086933424635807
1842 0.09226101455131154 1.086403909734523
1843 0.09219892568332504 1.085861543124324
1844 0.09214157272194287 1.085342976457119
1845 0.09208120814353569 1.084807315012859
1846 0.09201989996609124 1.084265086985187
1847 0.09196324415121705 1.0837445392184
1848 0.09190457626462162 1.083215375189924
1849 0.09184565496374515 1.082683405650509
1850 0.09178542117506615 1.082144146581187
1851 0.09172697934447421 1.081614487526223
1852 0.09166854593855281 1.081083054300462
1853 0.0916104691411274 1.080551015724775
1854 0.09155445929843747 1.080028628298628
1855 0.09149317579659455 1.079478488271608
1856 0.09143375663235906 1.078937542713185
1857 0.09137432398137695 1.078398337280193
1858 0.09131386972799369 1.077853329262988
1859 0.09125765805723544 1.077328610245977
1860 0.09119823929099609 1.076782324253263
1861 0.09113928106656979 1.076240883879725
1862 0.09108168072736174 1.075706525179264
1863 0.09102337094668927 1.075165183400163
1864 0.09096468375769669 1.074622195772274
1865 0.09090569377310598 1.074077562619413
1866 0.09084699225610661 1.073533139177143
1867 0.09078831746879495 1.072988505300942
1868 0.09072975054869117 1.072443543082014
1869 0.09067122233120101 1.071898397010181
1870 0.09061201266934397 1.07135154900901
1871 0.0905504129794424 1.070790214664679
1872 0.09049187260827056 1.070241860740093
1873 0.09043337285591316 1.069695701925442
1874 0.09037930556581351 1.069166270818514
1875 0.09031826944059043 1.068601699135811
1876 0.09026430493152506 1.068072803368314
1877 0.09020664557422658 1.067521788797836
1878 0.0901429730239113 1.066950104391431
1879 0.09008760220880559 1.066410524493999
1880 0.09003185869131408 1.065867146872536
1881 0.08997646189913865 1.06532666224193
1882 0.08991915206676747 1.064776192154184
1883 0.08986023786960531 1.064217295742681
1884 0.08979906560468319 1.063652850718212
1885 0.08974582434549511 1.063114659221331
1886 0.08968752440922934 1.062558041471429
1887 0.08962655856314042 1.061992379706139
1888 0.08957358468843284 1.061452148324967
1889 0.08951540083715216 1.060893874249628
1890 0.08945409092588587 1.060323789664609
1891 0.08939732971892196 1.059770108767562
1892 0.08934053009512226 1.059215908169854
1893 0.08928387762910231 1.058661027166851
1894 0.08922727055603635 1.05810531682327
1895 0.08917051744850704 1.057548430150143
1896 0.08911419294150098 1.056991824740554
1897 0.0890574178946895 1.056433742229091
1898 0.08900050639736803 1.055874708633728
1899 0.08894354635350683 1.055314747003094
1900 0.08888627792711029 1.054750218661725
1901 0.0888297037679309 1.054193983766283
1902 0.08877327928567298 1.053633170609109
1903 0.08871455121144019 1.053057978727565
1904 0.08865944552449309 1.052509492672114
1905 0.08860356014466687 1.051948970413511
1906 0.08854743336084533 1.051386208130787
1907 0.08849114352447461 1.05082250852984
1908 0.08843426436396892 1.050254176852968
1909 0.0883757534866117 1.049680219000063
1910 0.08832105178096991 1.049128777807439
1911 0.08826548917637235 1.048565366568546
1912 0.08821136032604796 1.048003950911223
1913 0.08815560130671608 1.047441337473141
1914 0.08809865151982005 1.046871841289586
1915 0.08804275911519661 1.046304991595443
1916 0.08798366763833354 1.045727098140229
1917 0.08792993222224421 1.045165454956926
1918 0.08787123665959989 1.04459392989272
1919 0.08781889461033045 1.044033281575437
1920 0.08775875155116868 1.043449041700139
1921 0.08770565094439588 1.042887400791839
1922 0.08764717642942702 1.042310638123268
1923 0.08759072546512768 1.041733412853314
1924 0.08753765884656454 1.041177798679423
1925 0.08748182110661312 1.04060288472375
1926 0.08742686026437688 1.040031182535641
1927 0.08737232417160981 1.039467728994597
1928 0.08732022922048133 1.038908471811685
1929 0.08726541096884886 1.038337084651433
1930 0.08720468524424345 1.03773881993972
1931 0.08715283046231807 1.037183349190492
1932 0.08709334664214358 1.036590307385838
1933 0.0870419381953141 1.036034418312939
1934 0.08698674877792534 1.035456717380849
1935 0.08692784422439143 1.034869324108999
1936 0.086875604294905 1.034303250467457
1937 0.08681681009173843 1.033714310819863
1938 0.08676186864605194 1.033139656841463
1939 0.08670911873341172 1.032570706435742
1940 0.08665285512747617 1.031988772122516
1941 0.08659826777906078 1.031413460777708
1942 0.08654392985576408 1.030838292407157
1943 0.08649153783208492 1.030273791543039
1944 0.08643947065569424 1.029701461239739
1945 0.08638393305437586 1.029119106755427
1946 0.08632739327155063 1.028536251675669
1947 0.08627452868814879 1.027959950214015
1948 0.08622017615083502 1.027382125795754
1949 0.08616348268853943 1.026796724312697
1950 0.08611236137608447 1.026226218094608
1951 0.08605615437925562 1.025639405936276
1952 0.08599910796719022 1.025049734326391
1953 0.0859473382735359 1.024476574338815
1954 0.08589428009928839 1.023900993756498
1955 0.08583726867607779 1.023310153770564
1956 0.08578647026736455 1.022742543586774
1957 0.08573365126742941 1.02215800183284
1958 0.08567712133429352 1.021570910274453
1959 0.08562520805142788 1.020992564921592
1960 0.08556730181161917 1.020394750765241
1961 0.08551884414078123 1.019835919880965
1962 0.0854618156777092 1.019240419087474
1963 0.08541157943500144 1.018671275510642
1964 0.08535931620024259 1.018097896872
1965 0.08529917961312998 1.017483062887894
1966 0.08525098430345188 1.016917820332699
1967 0.0851923041939109 1.016314205238232
1968 0.08514433497026606 1.015749653376388
1969 0.08509075309146537 1.015167698481601
1970 0.08503231565260229 1.014559880165563
1971 0.0849843941399578 1.013993855469422
1972 0.08493088578070634 1.013410825982229
1973 0.08487264491687579 1.01280245273523
1974 0.0848254826657268 1.012237187288249
1975 0.08476776095807527 1.011632378537783
1976 0.08471956150888557 1.011066297053092
1977 0.08466034570322448 1.010458600753046
1978 0.08461285915869977 1.009892694458869
1979 0.08455301533031277 1.009279218508381
1980 0.0845058366249062 1.008714831552405
1981 0.08444972917115466 1.008111527555026
1982 0.08440188132884932 1.00753979438891
1983 0.08434420061456704 1.006929424381818
1984 0.08429446580087221 1.006363334242168
1985 0.08424482324428924 1.005781171656301
1986 0.08419344512277119 1.005201114717909
1987 0.08413690347917974 1.004587462446638
1988 0.08408753574442372 1.004012628748002
1989 0.08403169860100211 1.003410311964139
1990 0.08398349612294105 1.002838309336148
1991 0.08392624283935807 1.002226509298449
1992 0.08387418933491864 1.001639262079061
1993 0.08382489912870289 1.001064389976378
1994 0.08377719229852373 1.000495328143899
1995 0.08372636989670533 0.9999082057417816
1996 0.0836729608931028 0.9993093135283427
1997 0.08362223459389484 0.9987229201736036
1998 0.08356734452729056 0.998115311838878
1999 0.0835143353506046 0.9975216026055133
2000 0.08346103543804184 0.996926135009798
2001 0.08341300031135064 0.9963553820264053
2002 0.08336334426781032 0.9957698587358664
2003 0.08331162095835508 0.9951776015460128
2004 0.08325978182845128 0.9945845699465226
2005 0.08320501582333398 0.9939751090718316
2006 0.08315039531198694 0.9933721869366245
2007 0.08310381126565786 0.9928059115507744
2008 0.08305385793923324 0.9922187516882452
2009 0.08300113473010221 0.9916193016695956
2010 0.08295077181423523 0.991028907236154
2011 0.08289712482972035 0.9904234114664195
2012 0.08284709437952709 0.9898369148298063
2013 0.08279161462231234 0.9892263678904101
2014 0.08274439400443996 0.9886580749245597
2015 0.08269795015699442 0.9880766664148048
2016 0.082642511918703 0.9874700870481743
2017 0.08259721198001939 0.9868947296764234
2018 0.08254098743720269 0.9862851432352444
2019 0.08249618041076313 0.9857108189224801
2020 0.08243981017576898 0.9850994585197526
2021 0.08239507898493771 0.9845255146321417
2022 0.08234056290701719 0.9839183439552867
2023 0.0822953576158628 0.9833443933367042
2024 0.08223980780827619 0.9827343319734512
2025 0.08219377535571966 0.9821567316958804
2026 0.08213873293825637 0.981546972554177
2027 0.08209309096923739 0.9809700293457491
2028 0.08203798863984263 0.980359686389323
2029 0.08198824541943003 0.9797686271020449
2030 0.08194238641079488 0.9791887434032526
2031 0.08188809355954395 0.978582143009292
2032 0.08184357076813024 0.9780120768743047
2033 0.0817891596588096 0.9773976425790658
2034 0.08174317850670018 0.9768169017274423
2035 0.08168875746122489 0.9762086480913788
2036 0.08164342646407251 0.9756306340384041
2037 0.08158918669786754 0.9750224441611038
2038 0.08154418963110895 0.9744456263839406
2039 0.08148978657770846 0.9738357138687532
2040 0.08144505804077529 0.9732588951929061
2041 0.08138985182162635 0.9726434817320663
2042 0.08134586699808101 0.9720717279746107
2043 0.08128811230175831 0.9714540378087572
2044 0.08124509680653948 0.9708818769822002
2045 0.08119067070239114 0.9702702643818524
2046 0.08114769002668103 0.9696971185600907
2047 0.08109344690841624 0.9690859683304599
2048 0.0810505513842094 0.9685132918593571
2049 0.08099623702224462 0.9679015841769951
2050 0.08095332459298635 0.9673284097610679
2051 0.08089901320125181 0.9667170798472295
2052 0.08085610018044263 0.9661441877665884
2053 0.08079908126182558 0.9655245711977288
2054 0.08075836120090474 0.9649617232077951
2055 0.08070346184725788 0.9643424071975116
2056 0.08066216810222326 0.9637717084837656
2057 0.08060633793492071 0.9631573415322641
2058 0.08056510793345807 0.962587689020716
2059 0.08050964268514575 0.9619734168663689
2060 0.08046869155076387 0.9614042316269449
2061 0.08041313837858116 0.9607891106298569
2062 0.08036529303931668 0.9601984104091422
2063 0.08032445898483619 0.9596276847187953
2064 0.08026914516738465 0.9590148709286127
2065 0.0802213569680577 0.9584241584032811
2066 0.08017889191308954 0.9578475686078721
2067 0.08013164902737663 0.9572603641754707
2068 0.08007665094860827 0.9566437242232755
2069 0.08003550375802063 0.956073584693806
2070 0.07998099915961702 0.955460274958721
2071 0.0799396547929641 0.9548891315067529
2072 0.07989238843759541 0.9543058209949594
2073 0.07983757747686857 0.9536828210824378
2074 0.07979645844554621 0.9531123641287659
2075 0.07974157504362879 0.9524949058714236
2076 0.07970065606697378 0.9519286041145163
2077 0.07965393524156178 0.9513421999939863
2078 0.0795982283158637 0.9507195544007245
2079 0.07955778786281936 0.9501549027123346
2080 0.07951140378382925 0.9495687669269036
2081 0.07945657374688858 0.9489509688328395
2082 0.07941664625080841 0.9483853550826211
2083 0.07936282446302811 0.947771729741438
2084 0.0793223313156748 0.9472030896794732
2085 0.07926813100375643 0.9465867639356317
2086 0.07922776067038236 0.9460214907016014
2087 0.07918194432986315 0.9454356924025729
2088 0.07913479075923034 0.9448499186644902
2089 0.07908775010184312 0.9442581192685773
2090 0.07904024322064725 0.9436596645137135
2091 0.07899210185827263 0.9430659829799164
2092 0.07894457238712743 0.9424797478928082
2093 0.07889787374245236 0.9418897656288446
2094 0.07885101436864764 0.9412936820615219
2095 0.07880381524891572 0.9407077646844293
2096 0.07875718357511641 0.9401135396655173
2097 0.07871031309396123 0.9395286750552081
2098 0.07866394172621412 0.9389352854999482
2099 0.07861727069264067 0.9383511721948522
2100 0.07856275623489586 0.9377268483075796
2101 0.07852287332825332 0.9371631760957526
2102 0.07847769388204048 0.9365807981816603
2103 0.07842664860892155 0.9359770804348464
2104 0.07838631418634676 0.935407036186321
2105 0.07833533277954553 0.9348075854283965
2106 0.07829511262688554 0.9342354320222042
2107 0.07824442275112461 0.9336369763333178
2108 0.07820514350037433 0.9330686929456966
2109 0.07815263797507904 0.9324625797424885
2110 0.0781132408950892 0.9318938003975135
2111 0.07806158358843433 0.9312924519387983
2112 0.07802218948492443 0.9307250468615356
2113 0.07796997475491538 0.9301188718027026
2114 0.07793078231219426 0.9295583484362081
2115 0.07787849152818896 0.928941873172433
2116 0.07783919845602516 0.9283779629805713
2117 0.07778659623447871 0.9277690269932777
2118 0.07774776061354331 0.9272135473771205
2119 0.07769608411958931 0.9266003862760778
2120 0.07765709024124549 0.9260367992437639
2121 0.07760513517779874 0.9254335518957177
2122 0.07756651790720277 0.924875508130102
2123 0.07751514148315877 0.9242657121584668
2124 0.07747698837352417 0.92370079352052
2125 0.07742556101528145 0.9230989829529634
2126 0.0773861939607766 0.9225336849745072
2127 0.07733393308043848 0.921927807434605
2128 0.07729420492564597 0.9213633909623054
2129 0.07724414262791519 0.9207625501759243
2130 0.07720456359551239 0.9201991482247986
2131 0.07715447645970866 0.9195981474349173
2132 0.07711486596205104 0.9190346520762742
2133 0.07706492887801332 0.9184342893372714
2134 0.07702557377426852 0.917871687020128
2135 0.07697567556900486 0.9172713832112981
2136 0.07693608572170786 0.9167082935651422
2137 0.07688589319280241 0.9161078374476365
2138 0.07684787016486221 0.9155486255875208
2139 0.07679732024162098 0.9149478423676026
2140 0.07676085553335653 0.9143945949480704
2141 0.07671634021684438 0.9138160733211506
2142 0.07666545396715699 0.9132108186085923
2143 0.07662611446501776 0.9126511512887019
2144 0.07657549668204752 0.9120449781435704
2145 0.07653648314906752 0.9114893965349697
2146 0.07649147427444511 0.9109078887272724
2147 0.07644616437771083 0.9103314683476277
2148 0.07639621965703526 0.9097236508777607
2149 0.07635834181712314 0.9091681055096157
2150 0.07630863207782208 0.9085698314909229
2151 0.07627061163248036 0.9080137648654737
2152 0.07622724803077528 0.9074396023913704
2153 0.07617704796027409 0.9068386912744489
2154 0.07613945768006102 0.9062851469947867
2155 0.07608994129785686 0.9056879097148361
2156 0.07605226681558788 0.9051330447120081
2157 0.07600915380480017 0.9045598141616897
2158 0.07595870197829264 0.9039590627076384
2159 0.07592137946173542 0.9034073873927932
2160 0.07587204435695283 0.902811491346756
2161 0.07583473693482108 0.9022582117000885
2162 0.07579174091576114 0.9016861571890366
2163 0.07574121257136948 0.9010834338662248
2164 0.07570479546423597 0.9005364069684602
2165 0.07565531770443507 0.8999404621569348
2166 0.07561849083500204 0.8993917038026387
2167 0.07556888700949844 0.898795481315854
2168 0.0755325745455349 0.8982480316609146
2169 0.07548283730275439 0.8976512004897889
2170 0.07544623022212861 0.8971033646748882
2171 0.07539648485336836 0.8965074079888219
2172 0.07535997581856198 0.8959601403675814
2173 0.07531056116780167 0.8953650751261806
2174 0.0752742101650984 0.8948185790799021
2175 0.07523218073718034 0.8942523581102432
2176 0.07518154230064693 0.8936508881317552
2177 0.07514527924582752 0.8931068151429509
2178 0.07509570850830478 0.8925118254177874
2179 0.07505969931968907 0.8919676453402264
2180 0.07501801511775648 0.8914039216255943
2181 0.07496822514301507 0.8908055943627008
2182 0.07493196580222079 0.8902621433837544
2183 0.07488312421108499 0.8896701633949169
2184 0.07484680078538963 0.8891263952429784
2185 0.07480515841196345 0.8885636338395755
2186 0.07475553014165137 0.8879668299908846
2187 0.07471885140095938 0.8874201283341016
2188 0.07467721530805831 0.8868587438000985
2189 0.07463505582820142 0.8862938158186181
2190 0.07458710622045389 0.8857039201940115
2191 0.07454959955338805 0.8851588551133952
2192 0.07450304251818313 0.8845785890707911
2193 0.07446555544173494 0.8840292982036891
2194 0.0744191129507394 0.8834503045060713
2195 0.07438166325266662 0.8829020227424514
2196 0.07433535857337821 0.8823239261968524
2197 0.07429822515180771 0.8817757241178159
2198 0.0742514046568406 0.8811981878499846
2199 0.07421439394505801 0.8806509954350128
2200 0.0741685992423467 0.8800776712476159
2201 0.07413077169555275 0.8795289988023149
2202 0.0740828286108772 0.8789496999709091
2203 0.07404771479760687 0.8784097570240258
2204 0.0740002209887469 0.8778293251729262
2205 0.07396437020014031 0.8772849912270946
2206 0.07391717276829274 0.8767059124110785
2207 0.07388182812835219 0.8761658691392983
2208 0.07383462011750416 0.8755892886781828
2209 0.07379940112132044 0.875049619296834
2210 0.07375221596243706 0.8744734471157444
2211 0.07371662778556128 0.8739333526503152
2212 0.07366946277404922 0.8733574942646958
2213 0.07363454797973644 0.8728193620532372
2214 0.07358750885903116 0.8722444691123392
2215 0.07355259424024767 0.871706883453097
2216 0.07350552187479983 0.8711329518698732
2217 0.07347057809099759 0.8705960634475619
2218 0.07342369776806761 0.8700225160197232
2219 0.07338888256455244 0.8694861466630009
2220 0.07334201849336261 0.8689135172865246
2221 0.07330727154436643 0.8683779403177361
2222 0.07326041669293937 0.8678058473032629
2223 0.07322563340862027 0.8672709089243594
2224 0.07317885263646497 0.866699788975052
2225 0.0731443294379172 0.8661656999483192
2226 0.07309768346183694 0.8655951995267772
2227 0.0730631685638467 0.8650617589338614
2228 0.07301663696745148 0.8644922802798094
2229 0.07298216411628965 0.8639597882457518
2230 0.07294258767481146 0.8634142854400927
2231 0.07289526940161709 0.8628399108602315
2232 0.07286017367181966 0.862308316793112
2233 0.0728144462826532 0.8617409187850164
2234 0.07277964515480982 0.8612099945968826
2235 0.07273409286450121 0.8606441897002287
2236 0.07269927779331746 0.8601134495044819
2237 0.0726537819664981 0.8595491598406135
2238 0.07261917832197408 0.859018843749909
2239 0.07257348662844809 0.8584547655530362
2240 0.07253934589506346 0.857926075920045
2241 0.07249371995718407 0.8573631310043072
2242 0.07245965069503674 0.8568352410943424
2243 0.07241400708132012 0.8562729827473295
2244 0.07238040912131656 0.8557457108619931
2245 0.07233494008352946 0.8551855817290801
2246 0.07230080319174777 0.8546582803692245
2247 0.07225541678398076 0.8540985910387328
2248 0.0722213355562078 0.8535718034838916
2249 0.07217605264352134 0.853012941662187
2250 0.07214053370948466 0.8524834546387614
2251 0.07209469960074318 0.8519221848033612
2252 0.07206185407682376 0.8514014720405667
2253 0.07201671617865482 0.8508438646575867
2254 0.071984308481544 0.8503248418601745
2255 0.0719409659823162 0.8497731189666261
2256 0.07190689723979318 0.8492506503823427
2257 0.071861668265986 0.8486923251656161
2258 0.07182799431546798 0.8481715068068801
2259 0.07178222846337529 0.8476080787050244
2260 0.0717487590342212 0.8470927258139186
2261 0.07170350023130881 0.8465319992395927
2262 0.07167019297280132 0.8460177820380005
2263 0.07162508831838804 0.8454585839193739
2264 0.07159195730249522 0.8449450989397849
2265 0.07154721010509736 0.8443873097105
2266 0.07151408276426499 0.8438742868207366
2267 0.07146943811556868 0.8433178173564151
2268 0.07143637756388911 0.8428053544351924
2269 0.07139181018776385 0.8422502624727917
2270 0.07135872182357787 0.8417384199975151
2271 0.07131438967704413 0.8411846044649499
2272 0.0712814753109436 0.8406733695656003
2273 0.07123724175665712 0.840120795961927
2274 0.07120441910897642 0.8396104902233387
2275 0.07115974793912078 0.8390578372736913
2276 0.07112720596759717 0.8385488752832801
2277 0.07108292233110672 0.8379976794594074
2278 0.07105054217220383 0.8374895581221211
2279 0.0710063123658005 0.8369394624544402
2280 0.07097400417832786 0.8364322277618758
2281 0.07092973192043006 0.8358832359339637
2282 0.0708974594276528 0.8353767409994012
2283 0.07085342035220919 0.8348286547524267
2284 0.07082230667748834 0.8343251675441085
2285 0.07078027096484517 0.8337831130080864
2286 0.0707459748933477 0.8332731749006198
2287 0.07070366831009417 0.8327308570361466
2288 0.07066939883543873 0.8322222250423743
2289 0.07062707916722478 0.8316804333623465
2290 0.0705930878343819 0.831172873082166
2291 0.07055093217863558 0.8306319277524947
2292 0.07051694313653668 0.8301252396759824
2293 0.07047497526770873 0.8295855389487372
2294 0.07044107196693798 0.8290799673348764
2295 0.07040039949686265 0.8285433705044547
2296 0.07036559971874287 0.8280371384399426
2297 0.0703246143169554 0.8275009845448383
2298 0.07028997896219311 0.8269953988791542
2299 0.07024917688991329 0.8264605366292357
2300 0.07021171197027357 0.8259412874234606
2301 0.07017755157063579 0.8254366563557023
2302 0.0701367429163032 0.8249051296261196
2303 0.07010340848329383 0.8244086456550418
2304 0.0700629412535535 0.8238719569988274
2305 0.07002829845210942 0.8233665670966006
2306 0.06998771782167096 0.8228367108381646
2307 0.06995333213724803 0.8223343268396638
2308 0.06991288328165569 0.8218050919127402
2309 0.06987868299681431 0.8213043591081218
2310 0.0698382943917405 0.8207751822064768
2311 0.06980452226390597 0.820275624719182
2312 0.0697641968331757 0.819747798281364
2313 0.06973047791316665 0.819249928726423
2314 0.06969021593667295 0.8187225922087837
2315 0.06965655542032088 0.8182256807742001
2316 0.06961624738143382 0.8176991258826175
2317 0.06958362139522616 0.8172106472599884
2318 0.06954316480827034 0.8166784594067358
2319 0.0695091276949529 0.8161808102507757
2320 0.06946897028801308 0.8156569457617351
2321 0.06943536038920227 0.815162503967322
2322 0.06939456373821715 0.814637536581057
2323 0.06936238558715284 0.81415250783124
2324 0.06932234165938395 0.8136238496542769
2325 0.06928891830090958 0.813130350419374
2326 0.06924893281370147 0.8126093644768233
2327 0.06921607275381789 0.8121247566875529
2328 0.06917647729275787 0.811599216554435
2329 0.06914350881526361 0.8111142691390327
2330 0.06910309199161824 0.8105893287062421
2331 0.06907002222871163 0.8100986597777033
2332 0.06903018414487244 0.8095800679347458
2333 0.06899756886897741 0.8090931987073428
2334 0.06895777818631786 0.8085752345080162
2335 0.06892581087987446 0.8080967016021731
2336 0.06888627132395844 0.8075733202147387
2337 0.06885349018518262 0.8070866568208916
2338 0.0688141854454289 0.8065713441349656
2339 0.06878140197258791 0.80608713560789
2340 0.06874197523094279 0.8055722421232917
2341 0.06870936503992575 0.8050895080221395
2342 0.06866999430327367 0.804575203365774
2343 0.06863725922757929 0.804096935973857
2344 0.06859744909437972 0.8035767398377469
2345 0.06855717337176538 0.8030719308475071
2346 0.06852817555477562 0.8025956374487134
2347 0.06848745991994351 0.8020799948311451
2348 0.06845292972822846 0.8015808576399549
2349 0.06841656156435807 0.8010946621282553
2350 0.06838198876957534 0.8006042623778198
2351 0.06835287482815551 0.8001329305381353
2352 0.06832086908552291 0.7996505828201516
2353 0.0682821753563452 0.7991403167022213
2354 0.06824887452707716 0.7986555024992888
2355 0.06820966807012682 0.7981523277043904
2356 0.06817683178101293 0.7976709792962855
2357 0.06813761538483776 0.7971670858961601
2358 0.06810542538730323 0.7966934273069802
2359 0.06806669935591282 0.7961861552652877
2360 0.06803452807322524 0.7957122861465571
2361 0.06799529503479386 0.7952054507297988
2362 0.06796331498398596 0.7947330457861292
2363 0.06792566452167553 0.7942306591437709
2364 0.06789247133966694 0.7937520284867134
2365 0.0678539569440731 0.7932536531427133
2366 0.06782157595621023 0.7927790016478794
2367 0.06778351021122213 0.7922817984601429
2368 0.06775175053017397 0.7918141700551358
2369 0.06771045870315014 0.7913042472814804
2370 0.06768051132331714 0.7908416671045772
2371 0.0676414125496362 0.7903379319410123
2372 0.06761134675338035 0.7898754708924699
2373 0.06757231170369472 0.7893735442342302
2374 0.06754231465106487 0.7889076840954549
2375 0.06750266214747483 0.7884107636046129
2376 0.06746828511449209 0.7879315117292138
2377 0.06743887614942996 0.7874676609705428
2378 0.06739869556448605 0.7869698313363699
2379 0.06736453627920602 0.7864922997197878
2380 0.06733530046042673 0.7860345963465076
2381 0.06729693025400808 0.7855390492722275
2382 0.06726713893670609 0.785080221524997
2383 0.0672290043157126 0.7845839919274346
2384 0.06719740768772051 0.7841164905295386
2385 0.06715970508641224 0.7836329816523389
2386 0.0671287656722068 0.7831673851142016
2387 0.06709538335844127 0.782699325591487
2388 0.0670611068335891 0.7822247451777893
2389 0.06702711926733509 0.7817517137396603
2390 0.0669925540730347 0.7812775493550319
2391 0.06695678981565739 0.7807971846478363
2392 0.0669182322245522 0.7803085363344473
2393 0.06688712520571757 0.7798489556287671
2394 0.06685460647009966 0.7793858305093798
2395 0.06681958944933801 0.7789092541798751
2396 0.06678531766563424 0.7784381512177901
2397 0.06674765833248401 0.7779562661369748
2398 0.06671789656978433 0.7775013347540822
2399 0.06668007963883059 0.7770201443987944
2400 0.06665033535015931 0.776564396442739
2401 0.06661238401806764 0.7760818159393984
2402 0.06658180690476602 0.7756254315226585
2403 0.06654505449531257 0.7751503382904257
2404 0.06651555427035898 0.774702898152096
2405 0.06647835474950088 0.7742202361643179
2406 0.06644822773572041 0.773765853847919
2407 0.06641466826442929 0.773303580803443
2408 0.06637751899158376 0.7728309250612547
2409 0.0663484783152242 0.772384107273369
2410 0.06631071293410724 0.7719007872150281
2411 0.06628120496166504 0.7714568114248407
2412 0.06624342542150134 0.7709759548934242
2413 0.06621295439784247 0.7705237264764191
2414 0.0661761009599259 0.7700540736160713
2415 0.06614718904946053 0.7696130110968644
2416 0.06611000246151022 0.7691350829887286
2417 0.06607990086789674 0.7686853858169522
2418 0.06604312455436448 0.7682177323220247
2419 0.06601273296482101 0.7677680897115439
2420 0.06597641355780354 0.7673023260352803
2421 0.06594639296129386 0.7668539237182249
2422 0.06591355801449968 0.7663990745175084
2423 0.06588149513546571 0.7659470229161001
2424 0.06584539707194582 0.7654831559946829
2425 0.06581654072746645 0.7650413069055978
2426 0.06578275110035699 0.7645834593076332
2427 0.06574662769112544 0.7641194170227056
2428 0.06571778414430955 0.7636805952130622
2429 0.06568533875119356 0.7632335160483132
2430 0.06565269950208438 0.7627807766288875
2431 0.06561970801235945 0.7623271587112733
2432 0.0655863732294171 0.761873717312763
2433 0.06555320658856691 0.761421419561096
2434 0.06552014881655936 0.7609699314903926
2435 0.0654871401323376 0.7605192398295123
2436 0.06545306640571849 0.7600637031932613
2437 0.06541650686122424 0.7595993347654905
2438 0.06538801929879623 0.7591677051341399
2439 0.06535597712460577 0.7587275786874922
2440 0.06532219824482483 0.758269701981944
2441 0.06529118257672623 0.7578348299318938
2442 0.06525953028102108 0.7573917093084507
2443 0.06522416775030236 0.7569275526590379
2444 0.06519128163416311 0.7564829439001459
2445 0.06515810280209275 0.7560397859462376
2446 0.06512666713283714 0.7556009255492534
2447 0.06509856810360809 0.7551752455175174
2448 0.06506762058195217 0.7547369802297662
2449 0.06503212745758258 0.7542771647076104
2450 0.06500326108792778 0.7538523173335786
2451 0.06496813522522914 0.7533966549612602
2452 0.0649388795189587 0.7529671961422666
2453 0.06490361195376602 0.7525168930061032
2454 0.06487201044953789 0.7520802731298569
2455 0.0648433623694365 0.7516576617688465
2456 0.06480852685520851 0.7512047017035518
2457 0.06477848613869627 0.750773485967311
2458 0.0647450285526065 0.7503339264248932
2459 0.06471647731220725 0.7499119682422515
2460 0.06468226952893796 0.7494637562826436
2461 0.06465052729671188 0.7490282347787729
2462 0.06462182251297281 0.7486064022558319
2463 0.0645876228367612 0.7481608022338454
2464 0.06455875777081729 0.7477397230717678
2465 0.06452437272577621 0.7472941119405702
2466 0.06449544353505141 0.7468741014987453
2467 0.06446140683871719 0.7464292236115805
2468 0.06442948792048973 0.745997310840724
2469 0.06440083223196542 0.7455794011140586
2470 0.06436694769737225 0.7451383383486678
2471 0.06433547657426006 0.7447056372652652
2472 0.06430390017899631 0.7442773661016995
2473 0.06427349493187587 0.7438580667304348
2474 0.06424515966550395 0.7434397477245407
2475 0.0642112283424241 0.742999479047713
2476 0.06418282939647474 0.7425808055229248
2477 0.0641483727077389 0.7421451646670374
2478 0.06411737325797512 0.74172055043957
2479 0.06408965448095738 0.7413098532176532
2480 0.06405598500666887 0.7408727290139451
2481 0.06402810933515173 0.7404622013447658
2482 0.06399420319930801 0.7400252961689565
2483 0.06396612547842412 0.7396110282716121
2484 0.0639315608857251 0.7391787844428506
2485 0.06390077161837204 0.738757741188551
2486 0.06387402288503741 0.7383519685935249
2487 0.06384011789893543 0.7379186145105273
2488 0.06381298854430097 0.7375126360652154
2489 0.06377887790551313 0.7370793342319087
2490 0.06375171668753774 0.7366741997394419
2491 0.06371780203218734 0.7362427483749803
2492 0.06369201786621238 0.7358382166202888
2493 0.06365822922417592 0.7354120523133486
2494 0.06363062984125742 0.7350054020265074
2495 0.06359678916003668 0.734578820873477
2496 0.06356642577389453 0.7341638534599466
2497 0.06353902987430969 0.7337584010044639
2498 0.06350791103196636 0.7333458195410689
2499 0.06347922399654503 0.7329382651354232
2500 0.06344492375932868 0.7325056411980039
2501 0.06341449423340063 0.732093092478907
2502 0.06338736596577245 0.7316903784942946
2503 0.06335491274915425 0.7312711018601427
2504 0.06332421774859347 0.7308595531169008
2505 0.06329579741648403 0.7304595821118249
2506 0.06326653366999659 0.730047656214467
2507 0.06323476555958363 0.7296339238388154
2508 0.06320531393735297 0.7292271573675886
2509 0.06317891526942324 0.728832935350479
2510 0.0631463066155431 0.7284134615619594
2511 0.06311659375716537 0.72800620111378
2512 0.0630899326933617 0.7276120600024465
2513 0.06305750940970237 0.7271952470157047
2514 0.06303079678612586 0.726801990107797
2515 0.06299680883051552 0.7263817182775751
2516 0.06297122781851751 0.7259887540352761
2517 0.06293742758231029 0.7255695007572879
2518 0.06290780153150143 0.7251685684333827
2519 0.06287867351947955 0.7247682651428865
2520 0.06284740743576743 0.724363000546373
2521 0.06281898586169851 0.7239638690895315
2522 0.06279063815635837 0.7235661264358337
2523 0.06276399670420153 0.7231729930444402
2524 0.06273530557369773 0.7227741529273686
2525 0.06270546447128622 0.722370633018551
2526 0.06267676550707242 0.7219803530010975
2527 0.06264830330014456 0.7215846008078176
2528 0.06261983593986283 0.7211867332456798
2529 0.06258907631922647 0.720788443425198
2530 0.06256060602790864 0.7203929047367746
2531 0.06253227933542696 0.7199986343930955
2532 0.06250389233732268 0.7196047985656219
2533 0.06247534408723741 0.7192114036391908
2534 0.06244699785156486 0.7188191306870516
2535 0.06241837969720839 0.7184265363591344
2536 0.06238968160130954 0.7180342512992353
2537 0.06236179476233862 0.7176442071545901
2538 0.06233312648205677 0.7172529924922415
2539 0.06230500516738076 0.7168624317680596
2540 0.06227625017124346 0.7164722277569726
2541 0.06224760505374368 0.7160825860831614
2542 0.06221905766620745 0.7156934507028803
2543 0.06219047550805456 0.7153048243179007
2544 0.06216201288444893 0.7149170190482725
2545 0.06213378683899096 0.7145300529239552
2546 0.0621056106583508 0.7141435612826592
2547 0.06207748446387928 0.7137577056734411
2548 0.06204939558862791 0.7133724639061063
2549 0.06202132753587736 0.7129880897617854
2550 0.06199306284545137 0.7126036277748898
2551 0.06196778239984732 0.7122306612119429
2552 0.06194054186958351 0.711847738052987
2553 0.06191236068330392 0.711465117272821
2554 0.06188181922312506 0.7110741246810935
2555 0.06185577505388346 0.7106985976550987
2556 0.06182839909657335 0.71032291442302
2557 0.06180097385559781 0.7099427159953918
2558 0.06177326993405215 0.7095619916830619
2559 0.06174547246357517 0.7091816697888194
2560 0.06171765651706099 0.7088020698258594
2561 0.06168606357362329 0.7084030163970096
2562 0.06166146808511417 0.7080459139357247
2563 0.06163212342234736 0.7076594496747416
2564 0.06160650298794541 0.7072890161396989
2565 0.06157690694655991 0.7069071025649959
2566 0.06155233653645645 0.7065404858928072
2567 0.06152316616548319 0.7061588113099634
2568 0.0614989935316792 0.7057999065990438
2569 0.06147276764239522 0.7054302367680236
2570 0.06144601129125524 0.7050578231600988
2571 0.06141559878971229 0.7046685398391235
2572 0.06139119102490389 0.7043111004603402
2573 0.06136150881970658 0.7039299855618728
2574 0.06133732265133245 0.7035673872761594
2575 0.06131095140073634 0.7032036892453324
2576 0.06128153736119682 0.7028225659630436
2577 0.06125726911371326 0.7024615867391112
2578 0.06123098768200243 0.7020993200632131
2579 0.06120472356264037 0.7017330684992209
2580 0.0611750151097892 0.7013501380080995
2581 0.06115095931690674 0.7009950453875764
2582 0.06112200055906945 0.7006230000320893
2583 0.06109837169646992 0.7002673007119894
2584 0.0610725017598002 0.6999086000805468
2585 0.0610465445960668 0.6995455979091231
2586 0.06101703146024704 0.6991654187990165
2587 0.06099330430009489 0.6988172994740213
2588 0.06096485446094791 0.6984458700214976
2589 0.06094129203317488 0.6980922545300347
2590 0.060912724262323 0.697724557343533
2591 0.06088922865489572 0.6973724189950231
2592 0.06086363390340451 0.6970183027845158
2593 0.06083798131008161 0.6966600559019489
2594 0.06080886557268953 0.6962853868345783
2595 0.06078538952674953 0.6959380131587199
2596 0.06075727651388265 0.6955741910764701
2597 0.06073420245307022 0.6952264054291192
2598 0.06070900616349845 0.6948741211345252
2599 0.0606834782925471 0.6945192238816589
2600 0.0606578671540275 0.694167316251562
2601 0.06063244435223087 0.6938128871286263
2602 0.06060717705960018 0.69345939098279
2603 0.06058162693171105 0.6931050003436591
2604 0.06055599772884747 0.6927514411778731
2605 0.06053061241042035 0.6923994581986532
2606 0.06050509083133026 0.6920474417572599
2607 0.06047958955830326 0.6916961953440562
2608 0.06045413230382318 0.6913457331812567
2609 0.06042884444181418 0.690995987397875
2610 0.06040370918338311 0.6906469767280057
2611 0.06037859134916763 0.6902986857319301
2612 0.06035356146575847 0.6899510650883285
2613 0.06032360646962232 0.689582188460843
2614 0.06030263699731142 0.6892501291003126
2615 0.06027843014231937 0.6889128094636853
2616 0.06025430868174399 0.6885699639271569
2617 0.06022661473312491 0.6882115914304285
2618 0.06020468391757384 0.6878760210134541
2619 0.06018043413084971 0.6875362858001532
2620 0.06015598175920536 0.6871950414636121
2621 0.06013139089548157 0.6868561770270499
2622 0.06010713129690383 0.6865150274705769
2623 0.06008345378731873 0.6861776596302276
2624 0.06005906485731916 0.6858362128514571
2625 0.06003445839145186 0.6854948602378
2626 0.06000980816234889 0.68515418749371
2627 0.0599851378825099 0.6848143578620045
2628 0.05996054402548558 0.6844752987733049
2629 0.05993621406247515 0.6841370270898171
2630 0.05991190460978507 0.6837995467752532
2631 0.05988768318615593 0.6834627936270985
2632 0.0598634935124892 0.6831267283903277
2633 0.05983936545739772 0.6827913775736847
2634 0.05981525908678665 0.6824566989805553
2635 0.05979129986402331 0.6821226324707886
2636 0.05976745709099652 0.6817892063667234
2637 0.05974360930179654 0.6814564135336616
2638 0.05971982706460846 0.6811242184829043
2639 0.05969608478224197 0.6807926342898285
2640 0.05967233230066255 0.6804616798047112
2641 0.05964859167874253 0.6801313103173894
2642 0.05962432636963973 0.6797966585279884
2643 0.0596003080782339 0.6794694965391171
2644 0.05957713828249616 0.6791419451053128
2645 0.05955422021982449 0.6788121265944437
2646 0.05953039811908332 0.6784872013172311
2647 0.05950746103522742 0.6781588623710674
2648 0.05948368340994943 0.6778350404154869
2649 0.0594607858117317 0.6775101641298531
2650 0.05943798322875969 0.6771828093592197
2651 0.05941429605903305 0.676860342137339
2652 0.05939153349446277 0.6765344387011232
2653 0.05936430877579808 0.6761997696322265
2654 0.05934564327842162 0.6758905906184851
2655 0.05931875021578125 0.6755572860585274
2656 0.05929965485587699 0.6752466236619472
2657 0.05927368262026975 0.6749202628715973
2658 0.05925466052287284 0.6746114089643945
2659 0.05922840301929638 0.6742764412978008
2660 0.05920946971217254 0.6739727177178101
2661 0.05918276332058501 0.6736393005714943
2662 0.05916396007664157 0.6733357893021945
2663 0.05914093672825398 0.6730182627591178
2664 0.05911918700269078 0.6727035966661193
2665 0.05909210566943396 0.6723680761388963
2666 0.05907302442111263 0.6720671346848267
2667 0.05904659306659077 0.6717364390115974
2668 0.0590277136934956 0.6714372313414091
2669 0.05900171622004183 0.6711081102966735
2670 0.05898298855581588 0.6708101121461227
2671 0.05895651723279396 0.6704809138873467
2672 0.05893856592260018 0.6701863462153218
2673 0.05891205043175726 0.6698573094875983
2674 0.05889411761245528 0.6695639619221943
2675 0.05886781647114928 0.6692362787011278
2676 0.05884938989852318 0.6689373157125281
2677 0.05882831068178911 0.6686370493367043
2678 0.0588018374915588 0.6683091836723558
2679 0.05878338099076175 0.6680116375557553
2680 0.05876135608670278 0.6677086987086489
2681 0.05873996095383033 0.6673998726406827
2682 0.05871777259799681 0.6670921017106363
2683 0.05869658219550166 0.6667894371032463
2684 0.05867474132726792 0.6664839279852023
2685 0.05865259235612406 0.6661773604655881
2686 0.05863052543746309 0.6658723026951707
2687 0.05860845599780909 0.6655675296438393
2688 0.05858670131655708 0.6652638106491208
2689 0.05856493128953898 0.6649606791554823
2690 0.05854329505107798 0.6646584442544498
2691 0.05852171331046191 0.6643568530581102
2692 0.05850020087215105 0.6640561052705897
2693 0.0584787052360905 0.6637560177530152
2694 0.05845636815830908 0.6634524267971151
2695 0.05843510930050488 0.6631537027998102
2696 0.05841395428343135 0.6628558610095602
2697 0.05838982435005215 0.6625479707016143
2698 0.05837260619656901 0.6622624333840802
2699 0.05834800111017896 0.6619547841241677
2700 0.05833081275722455 0.6616725352233811
2701 0.05831037939286898 0.6613797879866916
2702 0.0582904234782563 0.6610900955018899
2703 0.05826978143305229 0.660796021597543
2704 0.05824884572574712 0.6605012959308916
2705 0.05822675888381825 0.6602025493671848
2706 0.05820361784468481 0.659900688348688
2707 0.05818556961012254 0.6596177445408922
2708 0.05816508794018467 0.6593313173508838
2709 0.05814227703950513 0.6590351608420326
2710 0.05811946306199056 0.6587318325365519
2711 0.05809908827913256 0.6584449077955343
2712 0.05808168252780394 0.6581673431254225
2713 0.05806061461474977 0.6578759213980737
2714 0.05803998976214166 0.6575877915960592
2715 0.05801976527746695 0.6573041314945348
2716 0.05800102822890726 0.6570236126424613
2717 0.05798124351559256 0.6567379821506684
2718 0.05795977071761525 0.6564424924070463
2719 0.05793890682416152 0.6561590869163437
2720 0.05791986409891289 0.6558806518574404
2721 0.05789896341227527 0.6555919688058955
2722 0.05787869044404313 0.655304468669211
2723 0.05785661845447455 0.6550157245827218
2724 0.05783680188413963 0.6547362601627738
2725 0.05781893167851299 0.654466483413109
2726 0.05779872420516295 0.6541797596571536
2727 0.05777702034981504 0.653893387791053
2728 0.0577575747673215 0.6536159597982785
2729 0.05774082602140711 0.6533491108066437
2730 0.05772092126695406 0.6530651772920391
2731 0.05769920000568193 0.6527810733319355
2732 0.05767975184392716 0.6525056915893368
2733 0.05766316170617398 0.6522416794726298
2734 0.05764345676408335 0.6519599496651631
2735 0.05762186246865306 0.6516779039664697
2736 0.0576026038069125 0.6514044486428388
2737 0.05758615887890326 0.6511424040434074
2738 0.05756644569171178 0.6508628499234917
2739 0.05754489351117318 0.6505830268223176
2740 0.05752571294489577 0.6503117523072851
2741 0.05750929920261504 0.65005137410854
2742 0.05749088204051006 0.6497821120616496
2743 0.05747099164728514 0.6495029670492699
2744 0.05745189306691138 0.6492374861586738
2745 0.05743315435404915 0.6489687174623728
2746 0.05741431569643802 0.6486993713445048
2747 0.05739531142390635 0.6484296160075466
2748 0.05737650257695465 0.6481610866996993
2749 0.05735769971095847 0.6478933865540254
2750 0.05733899975046191 0.647626467988815
2751 0.05732033733913988 0.6473601731425423
2752 0.0573017732826325 0.6470948756164103
2753 0.05728328765685566 0.646830397374121
2754 0.05726501080067223 0.6465666854058036
2755 0.05724686221825875 0.6463036567666325
2756 0.05722866151807603 0.6460410791828516
2757 0.05721048632009238 0.6457760312267107
2758 0.05719239430160136 0.6455167056447132
2759 0.05717415168701863 0.6452565756968202
2760 0.05715572439424924 0.6449948254889135
2761 0.05713762637329988 0.6447352983820063
2762 0.05711944083381319 0.6444749241580443
2763 0.0571013844945116 0.6442163088244461
2764 0.0570837738498963 0.6439587427437782
2765 0.05706565598383835 0.6437009573324288
2766 0.05704752874161351 0.6434433194941955
2767 0.05702967032997478 0.643186590964389
2768 0.05701188338629461 0.6429304667638677
2769 0.05699421150879298 0.6426752574290958
2770 0.05697661663627561 0.6424207522313736
2771 0.05695904475449042 0.6421670742492201
2772 0.05694088834709796 0.6419104748177302
2773 0.05692350987845286 0.6416580097530287
2774 0.05690607894878296 0.6414085487055664
2775 0.05688919704891629 0.641157895100358
2776 0.0568722414086264 0.6409071236032952
2777 0.05685528401017469 0.6406570106271775
2778 0.05683745926749761 0.6404041251170192
2779 0.05681830958840603 0.6401460400684434
2780 0.05680361559754431 0.6399091112839967
2781 0.05678630361214064 0.6396558862122478
2782 0.05676754190256992 0.6394034667765159
2783 0.05675078297898245 0.6391585700249556
2784 0.05673577679762973 0.6389175545911576
2785 0.05671766430831574 0.6386695478055556
2786 0.05670114407643431 0.6384209346544725
2787 0.0566845229022774 0.6381825751298315
2788 0.0566684548976876 0.6379406470370867
2789 0.05665441537422262 0.6377073638498291
2790 0.05663633807131769 0.6374564975992908
2791 0.05662123502580634 0.6372222445746807
2792 0.05660513268517164 0.6369820137271791
2793 0.05658625603845559 0.6367274197543998
2794 0.05656970841526016 0.6364868351692192
2795 0.05655482121107507 0.6362556415027832
2796 0.05653859182157506 0.6360123003995838
2797 0.0565211941079693 0.6357701536455355
2798 0.05650494559166239 0.635533299827917
2799 0.05649041559375947 0.6353044579149154
2800 0.05647453093142814 0.6350635650233118
2801 0.05645744923599741 0.6348237912218938
2802 0.05644086459927707 0.6345878555566656
2803 0.05642525861019031 0.6343539905952179
2804 0.05641216594143254 0.6341311560853226
2805 0.05639396499776259 0.633886468619943
2806 0.05638095975696155 0.6336640786651858
2807 0.05636288271086286 0.6334202434929652
2808 0.05634895219581266 0.633195653960038
2809 0.05633196839489557 0.6329573039108237
2810 0.05631841671346752 0.6327315472023365
2811 0.05630099957791246 0.6324969844630777
2812 0.05628766633796306 0.6322731850983924
2813 0.05627063736472198 0.6320396083820422
2814 0.05625743320786152 0.6318169699880111
2815 0.05624052043127487 0.6315845162808545
2816 0.05622663862937744 0.6313603838456687
2817 0.05621045917962835 0.6311321584811264
2818 0.05619581002594096 0.6309071633534148
2819 0.05618293541821357 0.6306867623142098
2820 0.05616626262731098 0.6304574689641383
2821 0.05615157783405159 0.630233979199593
2822 0.05613850028015278 0.6300176920581267
2823 0.05612322978573469 0.6297924085392731
2824 0.05610898795939626 0.6295671891932445
2825 0.05609337392109037 0.6293425774847992
2826 0.05607882997570663 0.6291223342398639
2827 0.05606532546006661 0.6289037304684157
2828 0.05605017654049719 0.6286791447367651
2829 0.05603538472822502 0.628464161356019
2830 0.05602134255177225 0.6282468234703884
2831 0.05600866964517223 0.628034933259233
2832 0.05599427835450659 0.6278154905325189
2833 0.05598039790537997 0.6275955177600803
2834 0.05596522289833885 0.6273773085138744
2835 0.05595148205755779 0.627163262870122
2836 0.05593834700305447 0.6269495769620685
2837 0.05592365294805761 0.6267297876111044
2838 0.05590958719090214 0.6265210350189694
2839 0.05589612078452545 0.6263085464346535
2840 0.05588349599956208 0.6260964636395187
2841 0.05586908414647465 0.625883969639448
2842 0.05585561708274582 0.6256730447014008
2843 0.05584312250798504 0.6254632455845067
2844 0.05582948884302797 0.6252520192959884
2845 0.05581512469711148 0.6250379577709586
2846 0.05580170359805395 0.6248337552098228
2847 0.05578878159895936 0.6246263643151803
2848 0.0557761784254244 0.6244214831389419
2849 0.05576320483846138 0.6242144010649058
2850 0.05575012291979803 0.6240072632625396
2851 0.05573678928350131 0.6237963682196409
2852 0.05572315836118426 0.6235870408881382
2853 0.05571003579668866 0.6233872063565584
2854 0.05569748508881997 0.623184322072456
2855 0.05568500368264003 0.6229797831834724
2856 0.05567191947727079 0.6227736823280378
2857 0.05565915798096122 0.6225762176328423
2858 0.05564696539614225 0.6223756263960191
2859 0.05563477177571162 0.6221734097964274
2860 0.05562222543959081 0.621974426572782
2861 0.0556099150412803 0.6217746804388689
2862 0.05559763450240465 0.6215739284205606
2863 0.05558481845984918 0.6213717649656526
2864 0.05557239315289398 0.6211782436564828
2865 0.05556051619628285 0.6209816235548039
2866 0.0555489401991937 0.6207874403686694
2867 0.05553707987408417 0.6205911136272918
2868 0.05552505672667149 0.6203948173021492
2869 0.05551291469321171 0.6201960530981219
2870 0.05550011262430872 0.620001014458367
2871 0.05548820971785875 0.6198074159088957
2872 0.05547682552979793 0.6196139502922067
2873 0.05546496161181322 0.6194207425439963
2874 0.05545338813544324 0.6192328710127991
2875 0.05544243418942175 0.6190445442631195
2876 0.05543063693236001 0.6188522970279908
2877 0.05541901341531859 0.6186579459330738
2878 0.05540696278697763 0.6184681336461382
2879 0.05539549198196145 0.61827933635508
2880 0.05538430492917071 0.6180898541880968
2881 0.05537261073629788 0.6179028092570653
2882 0.0553613172175648 0.617715962864571
2883 0.05535034379434915 0.6175282930953935
2884 0.05533854909776682 0.6173378746486589
2885 0.05532769163711173 0.6171579191070918
2886 0.05531702354019585 0.616974278732063
2887 0.0553068644617855 0.6167935427764538
2888 0.05529558226216008 0.6166054082803475
2889 0.05528407218500925 0.6164222411758252
2890 0.05527329139439676 0.6162400287910913
2891 0.05526321054327057 0.6160615644196934
2892 0.05525229847998063 0.6158791098203066
2893 0.05524190249163127 0.6156992005190604
2894 0.05522958066717744 0.6155115294799696
2895 0.05521839698036021 0.6153300280460257
2896 0.05520784691629804 0.6151547651010619
2897 0.0551984277818988 0.6149767440102247
2898 0.05518747756551916 0.614796691613186
2899 0.05517709411058038 0.6146231757636249
2900 0.05516775937243865 0.6144468617924941
2901 0.05515631025227981 0.6142688781034928
2902 0.05514639374829614 0.6140940134495543
2903 0.05513705610284499 0.613922542221831
2904 0.05512747206860605 0.6137464312572143
2905 0.05511652939462997 0.6135718896851274
2906 0.05510584436473479 0.6133986653569505
2907 0.05509617182805033 0.6132254729142661
2908 0.05508711411088116 0.6130545059672574
2909 0.05507667922324886 0.6128806078606512
2910 0.05506650298772131 0.6127136187626046
2911 0.05505722110481658 0.6125423458461365
2912 0.05504828910343606 0.6123736290176381
2913 0.05503797036027162 0.6122019809186897
2914 0.05502805393473373 0.6120372023782803
2915 0.05502002511800049 0.6118704436404572
2916 0.055010811791582 0.6117026344965575
2917 0.05500055346708672 0.6115328591822545
2918 0.05499083963390525 0.6113706766074896
2919 0.05498169150352045 0.6112042003012325
2920 0.05497311655810362 0.611039762912101
2921 0.05496304314490653 0.6108719149680689
2922 0.05495360950087537 0.610711900308002
2923 0.05494461889827392 0.6105469000865833
2924 0.05493640285088321 0.6103888263546118
2925 0.05492684787844249 0.6102245110146289
2926 0.05491797317951466 0.6100601914761171
2927 0.05490809546928126 0.609898870828753
2928 0.05489980358914948 0.6097384967348534
2929 0.05489034149700966 0.6095807267885316
2930 0.0548815963112256 0.6094186006362051
2931 0.0548733630115256 0.6092608025606377
2932 0.05486398781543118 0.6091050925474046
2933 0.05485552705946468 0.6089447833743881
2934 0.05484755594754398 0.6087887597183251
2935 0.05483843308301737 0.6086348789821254
2936 0.05483007723256575 0.6084764219162512
2937 0.05482253692479008 0.6083260173182014
2938 0.05481372387923171 0.6081698945840003
2939 0.05480550572162576 0.6080137571700365
2940 0.05479660419420746 0.6078623944001357
2941 0.05478843116289486 0.6077068671889025
2942 0.05478119984062529 0.6075593554795766
2943 0.054772772123991 0.6074062422543193
2944 0.0547651381714696 0.6072570460885004
2945 0.05475661203758932 0.6071046614751202
2946 0.054748790795227 0.6069528727808223
2947 0.05474026326083122 0.606805647497328
2948 0.05473262362453596 0.6066563104716899
2949 0.05472504959903751 0.606508600299093
2950 0.05471702197595722 0.6063601191371101
2951 0.0547094488298387 0.6062136291344317
2952 0.05470194942419665 0.6060679421862141
2953 0.05469461551836025 0.6059228217960279
2954 0.05468731248939591 0.6057782314444549
2955 0.05468000798093474 0.6056341734900301
2956 0.05467274158261128 0.6054906369647522
2957 0.05466534740492502 0.6053472438350046
2958 0.05465807772193054 0.605204821017604
2959 0.05465088658857523 0.6050629991137921
2960 0.05464391168262678 0.6049217651158404
2961 0.05463690422738649 0.6047810978343332
2962 0.05462995328615521 0.6046409757612603
2963 0.05462303494256545 0.6045014199848029
2964 0.05461611539162169 0.6043624588814196
2965 0.05460920249995752 0.6042240827924671
2966 0.05460324378290715 0.6040879368875554
2967 0.05459662025189627 0.6039507932204091
2968 0.0545898745110178 0.6038139873726347
2969 0.05458319712496919 0.6036773407650912
2970 0.0545765208898143 0.6035416632039997
2971 0.05456986316739711 0.6034066316575439
2972 0.05456324303339838 0.60327219816446
2973 0.05455680081254578 0.6031383356203587
2974 0.05455046471228367 0.6030050752184263
2975 0.05454414159271601 0.6028724289229944
2976 0.05453789907520418 0.6027403725659289
2977 0.05453171262424542 0.6026089241847439
2978 0.05452552858139077 0.6024781128111389
2979 0.05451937750040941 0.6023478863647337
2980 0.05451343264608878 0.6022182380731316
2981 0.05450752669980024 0.6020891875673965
2982 0.05450227695661849 0.6019630697153252
2983 0.05449645053072702 0.6018351052618572
2984 0.05449052243429989 0.6017075112371479
2985 0.05448464027052693 0.6015804597868755
2986 0.05447900561476356 0.6014540533760266
2987 0.05447336321062159 0.601328300914636
2988 0.05446779257589635 0.6012031749437977
2989 0.05446262017202546 0.6010790829783094
2990 0.0544570499082299 0.6009552198382248
2991 0.05445160667942069 0.6008336448871001
2992 0.05444661990588628 0.6007105068720654
2993 0.05444063979433419 0.6005841025473414
2994 0.05443525626992204 0.6004665404672828
2995 0.05443036750616845 0.6003463249125796
2996 0.05442587236445275 0.6002284324187651
2997 0.05442062982173092 0.6001027740466626
2998 0.05441497735693412 0.5999861721847907
2999 0.05441018538655421 0.5998683555172739
3000 0.05440556571769491 0.5997469237933447
3001 0.05440034535594662 0.5996325766469112
3002 0.05439582760565054 0.5995166584017158
3003 0.05439171420360018 0.5994028651171962
3004 0.05438688344659016 0.599281531439479
3005 0.05438163522169485 0.5991690104279888
3006 0.05437726441249786 0.5990552861653333
3007 0.05437207341635199 0.5989380814064901
3008 0.05436742877919168 0.5988244293158076
3009 0.05436312810626425 0.5987096087779546
3010 0.05435829493778303 0.5986005660288659
3011 0.0543544492062164 0.5984902517972375
3012 0.05435133037689498 0.5983826422474243
3013 0.05434806625873363 0.5982711568544576
3014 0.05434297827587212 0.5981570676033907
3015 0.05433843403421044 0.5980506457789051
3016 0.05433481452187109 0.5979429554362358
3017 0.0543319688968972 0.597835943603588
3018 0.05432769769853307 0.5977272659792254
3019 0.05432387687974766 0.597620430760659
3020 0.05432019797627108 0.5975143353011823
3021 0.0543165696163306 0.5974088677075953
3022 0.05431301470989607 0.5973039702047354
3023 0.05430961078582498 0.5971998729137881
3024 0.05430601960723997 0.5970937771111747
3025 0.0543019330196693 0.5969930546255113
3026 0.05429884928103502 0.5968908720065034
3027 0.0542961817131379 0.5967910939951215
3028 0.0542934587224836 0.5966876882956618
3029 0.05428927546660866 0.5965814631329912
3030 0.05428508680661632 0.5964827913954016
3031 0.05428197497356937 0.5963834058568088
3032 0.05427958519787788 0.5962865210032883
3033 0.05427664008839974 0.5961837680567401
3034 0.05427362790180851 0.5960834424123149
3035 0.05426984521260921 0.5959876279120271
3036 0.05426719142439718 0.5958925059012781
3037 0.05426503664035501 0.5957959363115922
3038 0.05426250927172141 0.5956981334067919
3039 0.05425909923922279 0.5956049069285958
3040 0.05425672097693018 0.5955108196612356
3041 0.05425488665854747 0.5954165217003899
3042 0.05425246411631621 0.5953210960979068
3043 0.05424916517407209 0.5952301309425722
3044 0.0542469165193991 0.5951383050403389
3045 0.0542453686501437 0.5950462972247115
3046 0.05424319631301966 0.5949531671177829
3047 0.05424022327881271 0.594864354881111
3048 0.05423839093487157 0.5947751853756967
3049 0.05423691187226577 0.5946854565657307
3050 0.05423484267962925 0.5945945954913759
3051 0.05423221254363332 0.5945084113996142
3052 0.05423041242397662 0.5944206237274999
3053 0.0542291677079834 0.5943331500085935
3054 0.05422745448783964 0.5942446877376073
3055 0.05422504496629053 0.5941605265329424
3056 0.05422348618112328 0.594075628446794
3057 0.05422249954398839 0.593988874132755
3058 0.05422022893530982 0.5939062621618494
3059 0.0542188205007104 0.5938226358270163
3060 0.05421799691273557 0.5937393457325755
3061 0.05421652713214304 0.5936559126327353
3062 0.05421471729171331 0.5935751241440383
3063 0.05421405718911043 0.5934935556732774
3064 0.05421268659840043 0.5934119464176877
3065 0.05421107569701818 0.5933328831215573
3066 0.05421070617409805 0.5932530783740523
3067 0.05420961245608688 0.5931732167049567
3068 0.05420820259960583 0.5930952748590537
3069 0.05420784082311812 0.5930175590381808
3070 0.05420685820372943 0.5929394591358356
3071 0.05420554501884342 0.592863582686022
3072 0.05420545179893507 0.5927875268311982
3073 0.05420479170323004 0.5927111419545364
3074 0.05420378674454081 0.5926369751809641
3075 0.05420383355885215 0.5925626949040097
3076 0.05420295878611556 0.5924893857636111
3077 0.0542026275686293 0.5924161558707812
3078 0.0542028535832152 0.5923429088660692
3079 0.05420252857984791 0.5922717144459089
3080 0.05420251551301757 0.5922021161522698
3081 0.05420251064073996 0.5921302563930526
3082 0.05420250743911299 0.5920591472229634
3083 0.05420179745286526 0.5919888443294602
3084 0.05420173930892078 0.5919203267201952
3085 0.05420195097179169 0.5918507404816891
3086 0.05420233813719739 0.5917820911549116
3087 0.05420203370439941 0.5917143072195855
3088 0.05420214437363053 0.5916482814292671
3089 0.05420249441094358 0.5915821301195571
3090 0.05420298625436967 0.5915153420806322
3091 0.05420364435267858 0.5914490610824986
3092 0.0542036012522395 0.5913858940147634
3093 0.05420429976931723 0.5913220912105552
3094 0.05420509698145601 0.5912576869547647
3095 0.05420593830078842 0.5911943864486933
3096 0.05420601435023985 0.5911336760323251
3097 0.05420707284291387 0.5910706137898142
3098 0.05420824335308202 0.5910090066148035
3099 0.05420858893628053 0.5909499736463808
3100 0.05420978754199855 0.5908895028543854
3101 0.05421088874742371 0.5908298606295955
3102 0.0542119166921328 0.5907708072465292
3103 0.05421293206331201 0.5907123418387721
3104 0.05421391286098996 0.590653698729059
3105 0.05421516953374352 0.59059636219765
3106 0.05421646398287846 0.59053975423945
3107 0.05421781049104137 0.5904837039447629
3108 0.05421923698130286 0.5904282352021847
3109 0.05422066018227349 0.5903733669323622
3110 0.05422210007772548 0.5903190446036141
3111 0.05422371894898005 0.5902652490042994
3112 0.0542253945656553 0.5902120043594964
3113 0.05422708795023579 0.5901593237888015
3114 0.05422884049224622 0.590107191238451
3115 0.05423063537438193 0.5900556267442101
3116 0.05423241140207517 0.5900046667247363
3117 0.05423423756192218 0.589954222442341
3118 0.0542362958485369 0.5899043463835383
3119 0.05423833598352303 0.5898550429030336
3120 0.05424043820519334 0.5898062901902579
3121 0.05424257917726465 0.5897581043218121
3122 0.05424471963392297 0.5897105122895032
3123 0.05424687913978987 0.5896634849420075
3124 0.05424920354357191 0.589616988688802
3125 0.0542516143995217 0.5895710514695193
3126 0.05425402482341075 0.5895256817480021
3127 0.05425650030027906 0.5894808474367191
3128 0.05425898245675644 0.5894365673553149
3129 0.05426136745946353 0.5893934056452191
3130 0.05426472487277468 0.5893499750486947
3131 0.05426648872394117 0.5893071364389134
3132 0.05426934098938269 0.5892647134212795
3133 0.054272039915515 0.589223728719582
3134 0.0542753388427391 0.5891830709980713
3135 0.05427822904561251 0.5891412599539569
3136 0.05428027827777313 0.5891019734655087
3137 0.05428348955946669 0.5890624864609155
3138 0.05428647111692307 0.589024276451691
3139 0.05429006955017165 0.5889864083518104
3140 0.05429332284376053 0.5889474124162704
3141 0.05429567023381008 0.5889108527972815
3142 0.05429884918806967 0.5888747024076505
3143 0.05430289615420811 0.5888379454480822
3144 0.05430556341388112 0.5888028763588143
3145 0.05430900734954931 0.588768336164052
3146 0.05431313614671287 0.5887332981487632
3147 0.05431584794824439 0.5886999573033749
3148 0.05431934052327063 0.5886670957492612
3149 0.05432372472430691 0.5886337989751265
3150 0.05432671115879305 0.5886020974804251
3151 0.0543305060487314 0.5885709878246553
3152 0.05433501091084954 0.588539544836138
3153 0.05433812902361425 0.5885096665236833
3154 0.0543430638573974 0.5884835569898023
3155 0.05434643804173061 0.5884519859689513
3156 0.05435136076642085 0.5884260414425267
3157 0.05435566545674086 0.588398406525154
3158 0.05435947566176572 0.5883713624257789
3159 0.05436365807239159 0.5883440703627365
3160 0.05436777240615669 0.5883164642718854
3161 0.05437187317470522 0.5882889574884304
3162 0.05437575278262544 0.5882619436477934
3163 0.05437962119687199 0.5882356386575517
3164 0.0543835593248407 0.5882101340790904
3165 0.05438759115338744 0.588185451690217
3166 0.05439169792517706 0.5881615812877824
3167 0.05439596768059867 0.5881383846983902
3168 0.05440065425436508 0.5881162620173757
3169 0.05440538191214708 0.5880932395795265
3170 0.05440971194336804 0.5880714913740659
3171 0.05441407589177033 0.5880515078213669
3172 0.05441906275763349 0.5880308099269949
3173 0.0544236700144366 0.5880109547858732
3174 0.05442840653226169 0.5879917518751453
3175 0.05443331375054023 0.5879732909489487
3176 0.05443748554195086 0.5879532655955607
3177 0.0544430642229822 0.5879388324316887
3178 0.05444818725942513 0.5879191773823681
3179 0.05445344699308875 0.587905793943382
3180 0.05445907221569072 0.5878905642006556
3181 0.05446458918054188 0.5878773478812249
3182 0.05447040916848597 0.5878624228173155
3183 0.05447564534199491 0.5878490754823164
3184 0.05448126363872543 0.58783565453709
3185 0.05448676146063468 0.5878232603796195
3186 0.05449249200790516 0.5878111389556582
3187 0.05449814594749672 0.5877994996829048
3188 0.05450388646137482 0.5877896828635539
3189 0.05451002489058655 0.5877796410481895
3190 0.0545159719853112 0.5877694209055845
3191 0.0545216818176518 0.5877595174150541
3192 0.05452722788437372 0.5877498496618451
3193 0.05453239291028839 0.5877397623998293
3194 0.05453792856414576 0.587731481540398
3195 0.05454392758228144 0.5877244617256644
3196 0.0545500099063295 0.5877170594655491
3197 0.05455605033333511 0.5877092738465368
3198 0.05456180501841006 0.5877019431437509
3199 0.05456750493298947 0.5876955053930579
3200 0.0545732477690134 0.5876895550940794
3201 0.05457932402755358 0.5876849549596149
3202 0.05458550380532532 0.5876805873966094
3203 0.05459167410628803 0.5876767619945654
3204 0.05459792663853962 0.5876734742770469
3205 0.05460404675454485 0.5876712345060651
3206 0.05461063740093278 0.5876692155341633
3207 0.05461695780008104 0.5876678268207128
3208 0.05462351610725785 0.5876668083303836
3209 0.05463011934509451 0.5876663113402211
3210 0.05463666833320648 0.5876667205629376
3211 0.0546436433084659 0.5876674042102553
3212 0.05465037517109247 0.5876687233633707
3213 0.05465709885941408 0.5876707327110381
3214 0.05466383957194051 0.5876732895988293
3215 0.05467084439390169 0.5876765788430545
3216 0.05467800429690093 0.5876804225204545
3217 0.05468517620545333 0.5876847715830614
3218 0.05469239549304002 0.587689550619593
3219 0.05469960819180692 0.5876947549199303
3220 0.05470654990308364 0.5876989659401783
3221 0.05471350764176218 0.5877045688391287
3222 0.0547206837027544 0.5877121719858647
3223 0.05472807819602588 0.5877184382902885
3224 0.05473533924661753 0.5877269537506716
3225 0.05474279086739292 0.5877343185307878
3226 0.05475015950209081 0.5877438256695151
3227 0.05475728127070829 0.5877515930483423
3228 0.05476467149648689 0.5877619094267514
3229 0.05477255235781433 0.5877716045622607
3230 0.05477990667425652 0.587782217897693
3231 0.05478759662577028 0.587793709240743
3232 0.05479586889880692 0.5878067632511422
3233 0.05480317705085708 0.5878185708162732
3234 0.0548116225143241 0.5878328913470776
3235 0.05481930353740747 0.5878458129136332
3236 0.05482734922380509 0.5878605469979301
3237 0.05483552539303881 0.5878749111932439
3238 0.05484368889444237 0.5878906297088276
3239 0.05485189638729662 0.5879059188795177
3240 0.05486002997786089 0.5879225631115761
3241 0.05486817427265828 0.5879388660979471
3242 0.05487644891128202 0.5879564325695031
3243 0.05488481079487941 0.5879737459155647
3244 0.05489316555268561 0.5879923243182787
3245 0.05490135499057855 0.5880104273944816
3246 0.05491008203036043 0.5880303774793828
3247 0.05491838899950231 0.5880496697360532
3248 0.05492711228370727 0.5880706298985447
3249 0.05493584235528192 0.5880912769049351
3250 0.05494439704676732 0.5881126466875377
3251 0.05495289157023438 0.5881339807261605
3252 0.05496180552839177 0.5881567954395708
3253 0.05497041314956939 0.5881793644775539
3254 0.05497938259342744 0.5882032809238136
3255 0.05498827540103438 0.588227077687401
3256 0.05499741521142806 0.5882520262980505
3257 0.05500628424288147 0.58827652088944
3258 0.05501550576397461 0.5883024283106651
3259 0.05502440160481577 0.5883280469700121
3260 0.05503359321734852 0.5883549288475123
3261 0.0550427142573403 0.5883815990687233
3262 0.05505214214811419 0.5884095096848201
3263 0.05506135172380731 0.5884373134285328
3264 0.0550708188597441 0.5884662072107119
3265 0.05508001925209587 0.5884951267049127
3266 0.05508951346270749 0.5885250572163181
3267 0.05509885261634564 0.5885545282707128
3268 0.05510856555368852 0.5885855930291095
3269 0.05511808712189374 0.5886165933721371
3270 0.05512792736939792 0.5886487455334801
3271 0.05513754515218107 0.5886809652088885
3272 0.05514739220326018 0.5887141957519941
3273 0.05515709408979993 0.5887473921932767
3274 0.05516721777395914 0.5887816002403687
3275 0.05517710449700267 0.5888160056953567
3276 0.0551872681084204 0.5888512455823699
3277 0.05519724135926512 0.5888866407084806
3278 0.05520744558055833 0.5889229298876418
3279 0.05521747124239121 0.5889595746424396
3280 0.05522780368500976 0.5889968682900705
3281 0.05523806396084667 0.5890344168247289
3282 0.05524850295829309 0.5890726792675514
3283 0.05525883268619883 0.5891113502506405
3284 0.05526935504951035 0.5891505534038014
3285 0.05527968090777524 0.5891901807314445
3286 0.05529018477561911 0.5892303574265357
3287 0.05530067249122695 0.5892710466797734
3288 0.05531140346398922 0.589312129029426
3289 0.05532196299246765 0.5893537908868216
3290 0.05533274884381665 0.5893958708138072
3291 0.05534344428236076 0.5894386617498873
3292 0.05535425438426369 0.5894817637099418
3293 0.05536494950290699 0.5895255857249618
3294 0.05537597151753241 0.5895697028393639
3295 0.05538693961199826 0.5896146577183249
3296 0.05539802710266447 0.5896597760356029
3297 0.05540906043245372 0.5897057413494978
3298 0.05542026101084912 0.5897518898687473
3299 0.05543134040565145 0.5897990360832261
3300 0.05544254385151724 0.5898461595934226
3301 0.05545387862795293 0.5898942615512299
3302 0.05546530167506057 0.5899424004964071
3303 0.05547670034932908 0.5899916205473298
3304 0.05548819123919579 0.5900407070144545
3305 0.055500865927111 0.5900940906151989
3306 0.05551255459145096 0.5901447396232654
3307 0.05552424202411005 0.5901961753426951
3308 0.05553561765840663 0.5902464084006962
3309 0.0555472537298231 0.5902985613511609
3310 0.05555871715382732 0.5903498156585931
3311 0.05557016760757685 0.5904022895014386
3312 0.05558195706224764 0.5904555088053255
3313 0.05559406997230829 0.5905103183310898
3314 0.05560583551802036 0.5905637703920964
3315 0.05561720546647569 0.5906160337856391
3316 0.05563027768951226 0.5906756365077169
3317 0.05564224596455601 0.5907308632641133
3318 0.05565415068799003 0.5907872319256264
3319 0.05566636954939469 0.5908439782492652
3320 0.05567887281163391 0.5909025218892958
3321 0.05569097778264718 0.5909593724115567
3322 0.0557032463258389 0.5910178115541217
3323 0.05571574969621654 0.5910766136656099
3324 0.05572861809299206 0.5911373602616573
3325 0.05574078534989431 0.5911962534332758
3326 0.05575387453740538 0.5912589769125666
3327 0.05576592785345581 0.591317530585328
3328 0.05577882287017916 0.5913799976025661
3329 0.05579118357671414 0.5914405390986636
3330 0.05580451665047118 0.5915054101343291
3331 0.05581665842421137 0.5915659851963037
3332 0.05582967762483928 0.5916305270871444
3333 0.05584224235996482 0.5916930654057353
3334 0.05585562667450853 0.5917589918698691
3335 0.0558683107342216 0.5918226586764253
3336 0.05588173546770797 0.5918895179117101
3337 0.05589452896228594 0.5919541934953871
3338 0.05590797138545613 0.5920220382772206
3339 0.0559207814706963 0.5920877707715836
3340 0.05593467982732201 0.5921577537367223
3341 0.05594741980668054 0.5922231893948487
3342 0.05596110023382488 0.5922928461174627
3343 0.05597419296964699 0.5923604406843518
3344 0.05598802497741266 0.5924315872794483
3345 0.05600098431320196 0.5925005239913991
3346 0.0560153616849882 0.5925739564607432
3347 0.05602815213294129 0.5926416038508567
3348 0.05604217580334903 0.5927142992986769
3349 0.05605547231631013 0.5927844560237628
3350 0.05606967777376325 0.5928587865151398
3351 0.05608301462269133 0.5929301204027833
3352 0.05609674920988178 0.5930025759573155
3353 0.05611135378958235 0.5930790641700299
3354 0.05612491732209648 0.5931518638502716
3355 0.05613935513730556 0.5932284013421429
3356 0.05615289300980914 0.5933022517126677
3357 0.05616730460669022 0.5933796321458202
3358 0.05618131815781452 0.5934548656136075
3359 0.05619468770948357 0.5935277460806109
3360 0.05621065787737035 0.5936124018169144
3361 0.05622365787695192 0.5936847601984441
3362 0.05623923995048154 0.5937687220239246
3363 0.05625214507731113 0.5938417947374647
3364 0.05626676022808612 0.5939225554760689
3365 0.05628213658230446 0.594005616129035
3366 0.0562960441842895 0.594083858655339
3367 0.05630964274680507 0.594160082422034
3368 0.05632567171471733 0.5942473243589712
3369 0.05633906943776189 0.594323844116441
3370 0.05635523914374652 0.5944130872853295
3371 0.05636844920871888 0.5944893914501403
3372 0.0563835106722493 0.5945740254983573
3373 0.05639913218443336 0.5946608494040599
3374 0.05641263477168418 0.594739085109001
3375 0.05642861786298774 0.5948282844689349
3376 0.05644222406670235 0.5949079015476965
3377 0.05645862825238515 0.5949997198629696
3378 0.05647283792993626 0.5950831360715744
3379 0.0564869292386406 0.5951647082020478
3380 0.05650365478432404 0.5952586121792982
3381 0.05651733409766933 0.5953396682945531
3382 0.0565339114831928 0.5954335841571808
3383 0.05654757851637509 0.5955156013223034
3384 0.05656304563003568 0.5956065381513708
3385 0.0565791297087256 0.5956980853014312
3386 0.05659330366346458 0.5957826989560473
3387 0.05660914749811076 0.5958757477899315
3388 0.05662395844722175 0.5959630280815316
3389 0.05664131992274692 0.5960621848568464
3390 0.05665524475908924 0.5961470924815869
3391 0.05667105157313215 0.5962415607398849
3392 0.05668674930134726 0.5963344766104323
3393 0.05670239752123073 0.5964274349241719
3394 0.05671731699918316 0.5965166729181349
3395 0.05673313988217749 0.5966125033021397
3396 0.05674893459714839 0.5967073063741112
3397 0.05676471657369736 0.5968022634975672
3398 0.05678069977835472 0.5968976420422999
3399 0.0567966347813406 0.5969934857889367
3400 0.05681179118016822 0.5970854873250112
3401 0.05682995802295695 0.5971913070153811
3402 0.05684397190414929 0.5972798053740455
3403 0.05686180504895453 0.5973857980031128
3404 0.05687601658305749 0.5974759542356578
3405 0.0568924294878024 0.5975765003741464
3406 0.05691006261037164 0.5976812848499707
3407 0.05692434194723316 0.5977722648700535
3408 0.05694081463950508 0.5978742169282111
3409 0.05695854963129055 0.5979804718172156
3410 0.0569728387235 0.5980728221726962
3411 0.05698941259199096 0.5981760894889445
3412 0.0570051631486193 0.5982741955749307
3413 0.05702404992519105 0.598386921742189
3414 0.05703866775970427 0.5984812448005438
3415 0.05705549032872447 0.5985867070788473
3416 0.05707115089909074 0.5986858780843785
3417 0.05709001615575847 0.5988000376358994
3418 0.05710475663466798 0.5988960095568114
3419 0.05712335217026342 0.5990091864254287
3420 0.05713902038657004 0.5991110563357832
3421 0.05715450163242414 0.5992108586065611
3422 0.05717315522269831 0.5993252276590171
3423 0.05718822410138989 0.5994244252025668
3424 0.05720540413372645 0.5995343963204544
3425 0.05722249945594649 0.5996426354215482
3426 0.05723862180036555 0.5997460395643831
3427 0.05725789625344587 0.5998642034488448
3428 0.05727314617191889 0.5999653684665197
3429 0.05729053801780263 0.600077671913132
3430 0.05730767123785308 0.6001880724930235
3431 0.05732495992159645 0.6002984574688032
3432 0.05734215483128071 0.6004090637211439
3433 0.05735936174291768 0.6005199678965589
3434 0.05737659209084464 0.6006313144945826
3435 0.0573938564803589 0.6007432617107863
3436 0.05741026814458926 0.6008511843046194
3437 0.05742940093521674 0.6009712063286426
3438 0.05744547200103146 0.6010787094858179
3439 0.05746533590683003 0.6012037089235379
3440 0.05748078357030648 0.6013088152469157
3441 0.05749754946257724 0.6014198861151631
3442 0.05751803560128927 0.6015486385080498
3443 0.05753344995133654 0.6016547924763856
3444 0.05755123748423575 0.6017729397806272
3445 0.05756815352876461 0.601884735401764
3446 0.05758843859339515 0.6020127710259442
3447 0.05760425706548458 0.6021213548313912
3448 0.0576224952828776 0.6022425433172498
3449 0.05763949483802181 0.6023563331721424
3450 0.05765939368078883 0.6024835998415773
3451 0.05767579120090538 0.6025966566491646
3452 0.05769357158692696 0.6027184112248795
3453 0.0577104567731296 0.6028330652135467
3454 0.05773024917931913 0.6029611082453037
3455 0.05774720483768563 0.6030765984413031
3456 0.05776489293525661 0.6031962544503797
3457 0.05778393007364833 0.6033224789329031
3458 0.05780244461189698 0.6034458931326283
3459 0.05782197588858392 0.6035743817051988
3460 0.05783878977543829 0.6036900500951811
3461 0.05785883579890722 0.6038208760484592
3462 0.05787579467749274 0.6039387099567987
3463 0.05789489841031356 0.6040677423326409
3464 0.0579122030829296 0.6041872678674564
3465 0.05793296826840712 0.6043230381435688
3466 0.05795067289422408 0.6044455861972386
3467 0.05796875214668921 0.6045700944059994
3468 0.05798603236170329 0.6046901820777686
3469 0.05800557151559046 0.6048223921602722
3470 0.05802441265400093 0.6049511343673618
3471 0.0580419238741617 0.6050734163019831
3472 0.058061599023113 0.6052070946258519
3473 0.05808065069083076 0.6053370787016257
3474 0.05809952039519212 0.6054666837084242
3475 0.05811869360383295 0.6055970981177438
3476 0.05813751093292203 0.6057270647322155
3477 0.05815623960065758 0.6058573638879584
3478 0.05817523662231901 0.6059883233515831
3479 0.0581941586981692 0.6061195444860327
3480 0.05821305605611571 0.6062510982693078
3481 0.05823198107061169 0.6063830693675037
3482 0.05825092903123074 0.6065154695232545
3483 0.05826873088827628 0.6066421017186163
3484 0.05829045932827098 0.6067888820150702
3485 0.05830854220978741 0.6069181694909883
3486 0.0583271441024286 0.6070500220024517
3487 0.0583451325942447 0.6071778447115097
3488 0.05836725711835999 0.6073270751932953
3489 0.05838537824334305 0.6074582281676105
3490 0.05840407091899733 0.6075919983508785
3491 0.0584233831043945 0.607728064370426
3492 0.05844287018706787 0.6078652168835933
3493 0.05846240523697633 0.6080029309817293
3494 0.05848196488633677 0.6081410440464274
3495 0.05850149895956309 0.6082795636826758
3496 0.05852102694438394 0.6084184764484929
3497 0.05854079117980573 0.6085579900334265
3498 0.05856052159424994 0.6086977223063694
3499 0.05858023616755519 0.608837868114993
3500 0.05859997254016301 0.6089783865034564
3501 0.0586197115590202 0.6091192907655071
3502 0.05863940198718878 0.6092606199928848
3503 0.05865911861396508 0.6094022846375519
3504 0.05867903698944048 0.609544352138057
3505 0.05869878852130483 0.6096861354452764
3506 0.05871869189676861 0.6098289811564479
3507 0.05873864236557851 0.6099723974457537
3508 0.05875858995210946 0.6101163070870492
3509 0.05877852134271803 0.6102606306667036
3510 0.05879915159584444 0.6104065635343614
3511 0.05882011439439165 0.6105563744958935
3512 0.05883944087066111 0.6106968037622708
3513 0.05886216799451922 0.6108524138264568
3514 0.05887995698142477 0.6109896817726234
3515 0.05889924497783594 0.6111332131392336
3516 0.05892198141021465 0.6112906514491538
3517 0.0589397795528912 0.6114285295443763
3518 0.05896213004259528 0.6115840724387128
3519 0.05898018795344939 0.6117240317318
3520 0.05899980830937145 0.6118697561940492
3521 0.05902245029312355 0.6120284563284061
3522 0.05904101770588976 0.6121706876630385
3523 0.05906301917814898 0.612326981611905
3524 0.05908186721616014 0.6124707554713698
3525 0.05910191119935011 0.6126189668225301
3526 0.05912483933339899 0.6127795400237024
3527 0.05914377478246498 0.6129241290174618
3528 0.05916618635858988 0.6130828627333579
3529 0.05918517123723682 0.6132287983314759
3530 0.05920530603698896 0.6133792589380986
3531 0.05922854348921751 0.61354217873198
3532 0.05924765765829641 0.6136887796496759
3533 0.05927028154440638 0.6138496888165634
3534 0.05928946890605129 0.6139975729646815
3535 0.05930977387983038 0.6141501176987133
3536 0.05933304670447143 0.614315192893977
3537 0.05935237827881837 0.6144637769449601
3538 0.0593752728341688 0.6146269955529454
3539 0.05939462547694839 0.6147768229084787
3540 0.05941516730921367 0.6149312380503726
3541 0.05943869539286058 0.6150984417664683
3542 0.05945797191755537 0.6152489976591249
3543 0.05948086508906324 0.6154140400447099
3544 0.05950107032760169 0.6155701832239602
3545 0.05952131668487697 0.6157231103326505
3546 0.05954468535575087 0.6158902707111249
3547 0.05956423946510223 0.6160427761682659
3548 0.05958573482518031 0.6162036379803495
3549 0.0596093400052676 0.6163710191766619
3550 0.05962937855005886 0.6165291488586994
3551 0.0596499943545441 0.6166852968610352
3552 0.05967380864906888 0.6168556768764875
3553 0.05969390661236117 0.6170149097504106
3554 0.05971470556988442 0.6171724149528295
3555 0.05973875474695656 0.6173444379723183
3556 0.05975876356145296 0.6175043707682542
3557 0.05978021210430029 0.6176676162637146
3558 0.05980385031097667 0.617836313549716
3559 0.05982401195926569 0.6179967131211169
3560 0.0598454436820168 0.6181601737558896
3561 0.05986914360431782 0.618330538720364
3562 0.05988933862731799 0.6184920000459695
3563 0.05990853655799156 0.6186518865495034
3564 0.05993047686362256 0.6188181457515245
3565 0.05995304038180276 0.6189862746750853
3566 0.05997547019799088 0.619154532224981
3567 0.05999800440932163 0.6193234837255762
3568 0.06002041312346976 0.6194923919889138
3569 0.0600428372683286 0.6196618864475342
3570 0.06006512500997473 0.6198314232704033
3571 0.06008756130705611 0.6200014551556401
3572 0.060109998591604 0.6201715628104819
3573 0.06013243966629411 0.6203422217704272
3574 0.06015483555979224 0.6205129956080682
3575 0.06017729682443085 0.6206843081097174
3576 0.06019964973846175 0.6208558052951332
3577 0.06022204454004274 0.6210278500911031
3578 0.06024450010607858 0.6212000329830044
3579 0.06026695051260052 0.6213723080694871
3580 0.06028940622059722 0.6215451071606082
3581 0.0603120103164588 0.6217185917708203
3582 0.06033457095874117 0.6218922919264981
3583 0.06035717335541005 0.6220666072308324
3584 0.06037969995780956 0.6222410949613615
3585 0.06040246723327722 0.6224161386259959
3586 0.06042518484723754 0.6225913585990903
3587 0.06044798029624558 0.6227671659360294
3588 0.06047072592278241 0.6229431492981508
3589 0.06049352918889005 0.6231197346974913
3590 0.06051625081321148 0.6232965180833751
3591 0.06053916394836132 0.6234738476141251
3592 0.06056206008938032 0.6236513370839417
3593 0.06058503092838476 0.6238294412125489
3594 0.0606079861937862 0.6240077128065867
3595 0.06063103422451389 0.6241865790222526
3596 0.06065398097420963 0.6243656639094914
3597 0.06067700523708522 0.624545345252577
3598 0.06070455473253702 0.6247367265549419
3599 0.06072561812848896 0.6249106847268274
3600 0.06074891009632727 0.6250912055035676
3601 0.06077111674305414 0.6252682879960317
3602 0.06079450487655603 0.6254515600242326
3603 0.06081685446441129 0.6256306333412179
3604 0.06084048284016781 0.6258154514418361
3605 0.06086381731329363 0.6260008893966397
3606 0.06088714276042368 0.6261819293543089
3607 0.0609095454816768 0.6263629218267313
3608 0.0609356134286424 0.6265576863094283
3609 0.06095645176659929 0.6267312898348214
3610 0.06097991398276643 0.6269137615158058
3611 0.06100327656980737 0.627100284996658
3612 0.06102692752662698 0.6272837966379238
3613 0.06105004096156651 0.6274702151133102
3614 0.06107306220968893 0.6276529869382178
3615 0.06109604586660791 0.6278356874876269
3616 0.06112260274572499 0.6280366108207446
3617 0.06114448062595076 0.6282158202482229
3618 0.06116761971597338 0.6283981209546394
3619 0.06119205296975444 0.6285886818613295
3620 0.06121632659469209 0.6287813445440036
3621 0.06123961256943231 0.6289651540843986
3622 0.06126624048987257 0.6291678247895688
3623 0.06128807824013182 0.6293485877042864
3624 0.06131114800742298 0.6295327242176427
3625 0.06133558650797098 0.6297250893433394
3626 0.0613599504202441 0.6299196767485818
3627 0.06138396843787306 0.6301087235611254
3628 0.06140731702412498 0.6302962583483335
3629 0.06143400946005979 0.6305015377811303
3630 0.06145593945564635 0.6306847669773885
3631 0.06147999317234874 0.6308772863021577
3632 0.0615040193844479 0.6310669104400091
3633 0.06152825389225414 0.6312622914923631
3634 0.06155235060003591 0.6314534158114047
3635 0.06157665474478191 0.6316496168676621
3636 0.06160028070388079 0.6318413539006881
3637 0.06162485370173904 0.6320388909059063
3638 0.06164859897800457 0.6322298681598214
3639 0.06167336091115907 0.6324279947012001
3640 0.06169728773406197 0.6326201627927448
3641 0.06172212499243342 0.6328191851372795
3642 0.061746022959394 0.6330122092174157
3643 0.06177083298533809 0.6332120234733535
3644 0.0617949613690027 0.6334057699568439
3645 0.06181965539551572 0.6336063113677416
3646 0.06184390589218965 0.6338017905261862
3647 0.06186875917365908 0.6340005010428011
3648 0.06189329663257175 0.6341996397444201
3649 0.06191794652316786 0.6343993929274736
3650 0.06194218847833344 0.6345957695474571
3651 0.06196655004816952 0.6347928426645804
3652 0.06199174012094465 0.6349965372649634
3653 0.06201660006019442 0.6351977078220878
3654 0.06204075409941036 0.6353946299984848
3655 0.06206581980375431 0.6355988176727033
3656 0.06209071577220416 0.6358005289978732
3657 0.06211497091873022 0.635998165902805
3658 0.06214015675540827 0.6362031272149062
3659 0.06216460274724726 0.6364032658045211
3660 0.06218905882419161 0.6366036334623113
3661 0.06221432954123414 0.6368103662569894
3662 0.06223948373646041 0.6370145944955223
3663 0.06226447775917377 0.6372183580461362
3664 0.06228942406185727 0.6374221161224493
3665 0.0623143349683361 0.6376260777839274
3666 0.06233868430466533 0.6378266689129488
3667 0.06236390999225244 0.6380347362115916
3668 0.06238892616151058 0.6382405596755057
3669 0.0624135860823508 0.6384432746460249
3670 0.06243838431027339 0.6386470336139701
3671 0.06246401151713477 0.6388574242035944
3672 0.06249047052796466 0.6390669716445653
3673 0.06251546945275124 0.6392741931151532
3674 0.06254029271333821 0.6394812367664823
3675 0.06256518683066763 0.6396884159731345
3676 0.06259028442962444 0.6398959245121201
3677 0.06261534941222693 0.6401038218411902
3678 0.06264047894154796 0.6403121050542571
3679 0.06266564989386725 0.6405208272967923
3680 0.06269112749949642 0.6407324649673004
3681 0.06271648946118336 0.6409419767357039
3682 0.06274127002726308 0.6411470790528712
3683 0.06276678089808242 0.6413598447154009
3684 0.06279384430710591 0.6415771033305955
3685 0.0628168305432405 0.6417767737655509
3686 0.06284260707859897 0.6419925258131434
3687 0.06286736217174695 0.6421986666628955
3688 0.06289376036479458 0.6424175936521805
3689 0.0629196120356818 0.6426310641050897
3690 0.06294542707736217 0.6428440633126307
3691 0.06297103498258086 0.6430570165102693
3692 0.06299663960659749 0.643270206346193
3693 0.0630222042778046 0.6434836537721216
3694 0.0630477078486477 0.6436974294326705
3695 0.06307316793427502 0.6439115520805919
3696 0.06309871485588586 0.6441259661287301
3697 0.06312440085396374 0.6443408414196821
3698 0.06314998228279824 0.6445559072890858
3699 0.06317558956147899 0.6447713070759024
3700 0.06320119430174559 0.6449870168036171
3701 0.06322675757804133 0.6452030676002872
3702 0.06325230060664178 0.6454194610103126
3703 0.06327796893002775 0.6456361571233947
3704 0.06330372851115539 0.6458531999515633
3705 0.06332947273957307 0.6460706528989248
3706 0.06335515059930814 0.6462882202065524
3707 0.06338097071827664 0.6465063715399942
3708 0.06340677212818961 0.6467249389617852
3709 0.0634325758168805 0.6469438847134333
3710 0.06345853166093786 0.6471631543405522
3711 0.06348512630761151 0.6473873571742514
3712 0.06351035351503304 0.647599329361676
3713 0.06353670353515282 0.6478214801957284
3714 0.06356275656937177 0.6480450093433805
3715 0.06358810488435514 0.6482608356906362
3716 0.0636147106070237 0.6484874968912473
3717 0.06364104202833722 0.648707894818721
3718 0.06366649864839834 0.6489258627672039
3719 0.06369330232125318 0.6491541012897448
3720 0.06371894918907252 0.6493718083407575
3721 0.06374563086840802 0.6495977733531965
3722 0.06377177843231278 0.6498232669780043
3723 0.0637983622828644 0.6500456478940121
3724 0.06382386330896961 0.6502650893792064
3725 0.06385068319547116 0.650495000913435
3726 0.06387703702342515 0.6507177061102178
3727 0.06390256480064899 0.6509383573599432
3728 0.06392845697779095 0.6511633614351091
3729 0.06395546297783067 0.6513950659544243
3730 0.06398197079423537 0.6516186253237044
3731 0.06400841782717739 0.6518464215908731
3732 0.06403473877152417 0.6520702980437
3733 0.0640604185562694 0.652292762344958
3734 0.06408736558345809 0.6525254478602031
3735 0.06411372867114769 0.6527507971136697
3736 0.06414018304524245 0.6529801638749659
3737 0.06416668585824149 0.6532058480220051
3738 0.06419315911198785 0.6534356693779009
3739 0.06421964284266865 0.6536621217411398
3740 0.06424615500789167 0.6538925715422477
3741 0.06427203599255293 0.6541164543380543
3742 0.06429839920764535 0.65434508982013
3743 0.06432571933345443 0.6545815219987431
3744 0.06435260480596092 0.6548122128990379
3745 0.06437875018234653 0.6550374988393329
3746 0.06440456745143526 0.6552669943143594
3747 0.06443209988848742 0.6555043493805899
3748 0.06445806546687451 0.6557298389727538
3749 0.06448553063246955 0.6559663647738356
3750 0.06451181325260204 0.6561937664446066
3751 0.06454019796945325 0.6564335806262843
3752 0.06456650239390639 0.6566612733950659
3753 0.06459365369201671 0.6568985651234093
3754 0.06461990021475734 0.6571267911064879
3755 0.0646470004011718 0.657364642754275
3756 0.06467316832273197 0.6575932660300827
3757 0.06470038659023686 0.6578317651118718
3758 0.06472735909681333 0.6580664561685263
3759 0.06475368543595444 0.6582956755298462
3760 0.06478092568361744 0.6585347887204968
3761 0.06480730286111297 0.6587649324914893
3762 0.0648340214874733 0.6589997494840774
3763 0.06486150864352733 0.6592419392509588
3764 0.06488811445680627 0.6594732184592286
3765 0.06491568668867635 0.6597146602840558
3766 0.06494229592726047 0.6599467212811544
3767 0.0649698342036156 0.660188628205465
3768 0.06499644185150132 0.6604210535009131
3769 0.06502331964762108 0.6606579986071671
3770 0.06505107190806829 0.6609024843572789
3771 0.06507843583125379 0.6611412152223851
3772 0.06510522587010555 0.6613748859500906
3773 0.06513276047353575 0.6616179994882387
3774 0.06515950136075258 0.661852178019995
3775 0.06518655209399256 0.6620911416597
3776 0.06521432329304537 0.6623374454638683
3777 0.0652413316496039 0.6625760666735222
3778 0.06526801975127949 0.6628098860996937
3779 0.06529612762205811 0.6630580767126568
3780 0.06532353200626331 0.6632992607333731
3781 0.06535076985902288 0.6635400232382281
3782 0.06537790660164454 0.6637810200730425
3783 0.06540514646823617 0.664022259143869
3784 0.06543232473610243 0.6642636058752557
3785 0.06545955639163685 0.6645054751672771
3786 0.06548681706524941 0.664747801210828
3787 0.06551404683114428 0.6649905564606824
3788 0.0655412866358371 0.6652336096238362
3789 0.0655691085364145 0.665480327300768
3790 0.065595301180518 0.6657125686325024
3791 0.06562371714176012 0.6659678372140281
3792 0.06565013683846226 0.6662015677115107
3793 0.06567810452180348 0.6664527595519391
3794 0.06570610873503797 0.6667028030168805
3795 0.06573352220963967 0.6669442110192604
3796 0.06576148853169589 0.6671908582000884
3797 0.06578855373792646 0.667434796255061
3798 0.06581648673707094 0.667682820594256
3799 0.06584406733078657 0.6679295489828432
3800 0.065871650610362 0.6681767463858582
3801 0.06589927832532713 0.6684233732720281
3802 0.06592696758779505 0.6686707823735453
3803 0.06595459384830414 0.668918113532027
3804 0.06598226787896273 0.6691660381574868
3805 0.06600990495921187 0.6694140490416033
3806 0.0660375183841283 0.6696625603427185
3807 0.06606516122622912 0.6699111684717209
3808 0.06609275548385336 0.6701596708812696
3809 0.06612051244110552 0.6704088616322095
3810 0.06614833765079572 0.6706585234428772
3811 0.06617615317189772 0.6709084086254317
3812 0.06620393191897499 0.6711586381748224
3813 0.06623166555749087 0.6714090921587532
3814 0.06625946288092285 0.6716596933221251
3815 0.0662873948063486 0.6719106660113378
3816 0.06631528729955428 0.6721620105154598
3817 0.0663432008119529 0.6724135504359959
3818 0.06637111358167588 0.6726655433502599
3819 0.06639900696786033 0.6729176452528575
3820 0.06642685542989138 0.6731700167556274
3821 0.06645479252176847 0.6734225993130003
3822 0.06648282459863179 0.6736754646824775
3823 0.06651080228979142 0.6739286103786811
3824 0.06653866435335874 0.6741819438807332
3825 0.06656671328029888 0.6744356078580052
3826 0.0665947197762092 0.6746896260510886
3827 0.06662268732363336 0.6749439238127762
3828 0.06665073595852286 0.6751984172532199
3829 0.06667886916570384 0.6754531874357206
3830 0.0667071068537612 0.6757085015747228
3831 0.06673521227767142 0.6759638615659085
3832 0.06676330065726813 0.6762194393871062
3833 0.06679135281367549 0.6764753026693346
3834 0.06681937193231861 0.6767314265284597
3835 0.06684753618495046 0.6769878025670494
3836 0.06687572662577576 0.6772444434998616
3837 0.06690389584303501 0.6775013824274123
3838 0.06693208970818146 0.6777585814629444
3839 0.06696030578124153 0.6780160778079529
3840 0.06698846601859264 0.6782738828379655
3841 0.06701661883177917 0.6785319395592369
3842 0.06704492954987999 0.678790234637663
3843 0.0670732380296456 0.6790488094525595
3844 0.06710083789771469 0.6793058132494851
3845 0.06712910389676137 0.6795648339163697
3846 0.06715747188056001 0.6798245950270226
3847 0.06718543409512193 0.6800834569707918
3848 0.06721418191901075 0.6803439121498706
3849 0.0672426420795654 0.6806044555352646
3850 0.06727111667947697 0.680865198458784
3851 0.06729956978702976 0.6811260442179801
3852 0.0673280200746421 0.6813872487502178
3853 0.0673564426526372 0.6816488264436112
3854 0.06738485285388923 0.6819104916128556
3855 0.06741343575301639 0.682172191780067
3856 0.06744190390342789 0.682434288256021
3857 0.06747036962094792 0.6826965179378527
3858 0.06749869180624847 0.6829587375085108
3859 0.06752712645967825 0.683221458254725
3860 0.06755555384747057 0.6834846272344682
3861 0.06758399963026235 0.6837478809419003
3862 0.06761335564591758 0.6840173014460683
3863 0.0676414492889628 0.6842761613569228
3864 0.06767063508253202 0.6845408128037571
3865 0.06769909339514957 0.6848050397378326
3866 0.067727079558693 0.6850687231022791
3867 0.0677555334554419 0.6853335128334774
3868 0.06778403154422992 0.685598434315345
3869 0.06781268652276853 0.6858637557117195
3870 0.06784124882387865 0.686129199015532
3871 0.06787266360012861 0.6864088394599642
3872 0.06789904809786743 0.6866645940294317
3873 0.06792690645254 0.6869278961981061
3874 0.06795469981695157 0.6871901773850533
3875 0.0679825205532588 0.6874544983663585
3876 0.06801099846111383 0.6877212542360578
3877 0.06803957984807313 0.6879885991510141
3878 0.06806847487470276 0.6882567224163479
3879 0.06809752140753554 0.6885253087179722
3880 0.06812730711046663 0.6888000619561165
3881 0.06815596180598169 0.6890645467345964
3882 0.06818478596188 0.689332203429365
3883 0.06821448505667045 0.68960728471604
3884 0.06824303883589733 0.6898720825612905
3885 0.06827172887563086 0.6901400669960388
3886 0.06830058540713375 0.6904101317774327
3887 0.06832939319810057 0.6906801743633022
3888 0.06835826584445297 0.6909509765927074
3889 0.06838788965259293 0.691227385366407
3890 0.06841657935159301 0.6914935923228798
3891 0.06844608280262258 0.6917691355492768
3892 0.06847465378840828 0.6920355989552612
3893 0.06850346336218061 0.692306018153265
3894 0.06853302732788555 0.6925837324199769
3895 0.068561518291056 0.6928512500780658
3896 0.06859043582996509 0.6931224118943207
3897 0.06861994707273186 0.6934004432775286
3898 0.06864850302179615 0.6936685593611005
3899 0.06867711356739356 0.6939396556047606
3900 0.06870590554033115 0.6942128195910945
3901 0.06873465854482522 0.6944860170240836
3902 0.06876348566316551 0.6947598788758592
3903 0.06879300866412896 0.6950391275599587
3904 0.06882171284235972 0.6953085676522839
3905 0.06885047063930412 0.6955813402291326
3906 0.06887971569303829 0.6958579155122633
3907 0.06890817078499691 0.6961300148945939
3908 0.06893757224345803 0.6964072197823283
3909 0.06896686685987356 0.6966859770482172
3910 0.06899560330209764 0.6969562366180833
3911 0.06902759254243286 0.6972457605218046
3912 0.0690536757088244 0.6975093568741322
3913 0.06908230495394314 0.6977808955333511
3914 0.06911111359345656 0.6980564828988635
3915 0.06914075623920937 0.6983367827370461
3916 0.06917007799370921 0.6986170708391508
3917 0.0691992785798968 0.6988903920413967
3918 0.06923185904371248 0.6991823246839598
3919 0.0692575545691712 0.6994473148540685
3920 0.06928637435674359 0.6997208845149177
3921 0.06931577978782157 0.7000034673483215
3922 0.06934462079568428 0.7002772383157778
3923 0.06937421964475966 0.70056024174818
3924 0.06940318405246851 0.7008347468216709
3925 0.06943584937246607 0.7011290957950943
3926 0.06946152093718436 0.7013958380583827
3927 0.06949040649694535 0.7016709257462137
3928 0.06952016220060271 0.7019555404885519
3929 0.06954919703682998 0.7022314263599235
3930 0.06957911852387628 0.7025141887113501
3931 0.06960832532046454 0.702797666511217
3932 0.06963728709532219 0.7030736291774974
3933 0.06966991826618756 0.7033695478111677
3934 0.06969567346005043 0.7036380498806426
3935 0.06972482628704442 0.703915126043561
3936 0.06975454889254104 0.7042015102333039
3937 0.06978338355809637 0.7044785674077151
3938 0.0698133727196273 0.7047632535121747
3939 0.06984271148034363 0.7050486663952052
3940 0.06987149906118126 0.7053269164229002
3941 0.06990132814541494 0.7056114434043754
3942 0.06993084935425974 0.7058972986375502
3943 0.06996041301769293 0.7061807019038731
3944 0.06998997229337137 0.7064638324565437
3945 0.07001944141856838 0.7067470378211621
3946 0.07004882850135234 0.7070304885680637
3947 0.07007814622469195 0.7073142598829124
3948 0.07010751020385107 0.7075982654181913
3949 0.07013654776118157 0.7078794337471123
3950 0.07016587798464921 0.708164075213665
3951 0.07019540907362508 0.7084494573132135
3952 0.07022497888523778 0.7087351020425935
3953 0.07025450552525984 0.709020907314197
3954 0.0702839676808968 0.7093068638531118
3955 0.07031420135402675 0.7095946856647448
3956 0.07034378384701566 0.7098808809014724
3957 0.07037320855477462 0.7101670058696178
3958 0.07040264543119577 0.7104532499177687
3959 0.07043207660377789 0.710739697092134
3960 0.07046146747853908 0.7110263826719665
3961 0.07049076192652776 0.7113132034743331
3962 0.07052019984041105 0.7116003390396848
3963 0.07054976123386748 0.7118877177271452
3964 0.07057925778955192 0.7121753362744778
3965 0.07060879087618017 0.7124632022884274
3966 0.07063830949710553 0.7127512480823901
3967 0.07066778404425228 0.7130395384334353
3968 0.07069722014467877 0.7133280746099555
3969 0.07072673930531706 0.7136167825810513
3970 0.07075635808144908 0.713905721465154
3971 0.07078591229976736 0.7141948909262655
3972 0.070816065121933 0.7144865119350853
3973 0.07084562267889603 0.7147760114185066
3974 0.07087505381446063 0.7150654284232401
3975 0.0709044294241528 0.7153550259655154
3976 0.07093390156622877 0.7156448274296402
3977 0.07096345964970972 0.7159348990353237
3978 0.07099296930721878 0.7162252470726774
3979 0.07102251072637322 0.7165158323918607
3980 0.07105205644992973 0.7168066683609827
3981 0.07108137822368213 0.7170969927133192
3982 0.07111085372004029 0.7173883446274929
3983 0.07114047280447848 0.7176800078253136
3984 0.07117014040796553 0.717971893184089
3985 0.07119975519131684 0.7182639880057264
3986 0.07122938912033168 0.7185562803474301
3987 0.07125901601682011 0.7188487438532697
3988 0.07128858554522743 0.7191414363507571
3989 0.07131812378852113 0.7194343195110536
3990 0.07134780135928298 0.7197273891850315
3991 0.0713774832167042 0.720020667019741
3992 0.07140693023783146 0.7203135914065801
3993 0.07143660685602862 0.7206072829468216
3994 0.07146628160421899 0.7209012827040355
3995 0.07149588798093327 0.7211955234315648
3996 0.07152549913748094 0.721489883651636
3997 0.07155526934062219 0.721784414220258
3998 0.0715849603759634 0.7220791447177466
3999 0.07161466132592166 0.7223740266617499
4000 0.07164433387020513 0.7226690487257172
4001 0.0716744460915108 0.7229655738672589
4002 0.07170403392036455 0.7232610674819182
4003 0.07173361644558832 0.7235565222372607
4004 0.07176265742396154 0.7238507748081415
4005 0.07179232857099838 0.7241465498137729
4006 0.07182204661606648 0.7244427943485161
4007 0.07185176364696071 0.7247392495682995
4008 0.07188145495702812 0.7250359087717538
4009 0.07191107295278298 0.7253327669674949
4010 0.07194075810006711 0.7256297653370225
4011 0.07197054969355367 0.7259269738231799
4012 0.07200026763675017 0.7262243853750722
4013 0.07203000370188103 0.7265219725779288
4014 0.07205972792328799 0.7268197528959662
4015 0.07208938692875284 0.7271177100161186
4016 0.07211900632981125 0.7274158954438715
4017 0.07214870889703945 0.7277142364853351
4018 0.07217850352327189 0.7280127842543063
4019 0.07220822754063325 0.7283115408278505
4020 0.07223797886568172 0.728610483600915
4021 0.07226770403379033 0.7289095939355273
4022 0.07229737387236015 0.7292089087036844
4023 0.0723263066341371 0.7295066890152571
4024 0.07235609615591916 0.7298063236364853
4025 0.0723860012752699 0.7301064490529552
4026 0.07241589095905915 0.7304069429323057
4027 0.07244541589286821 0.7307078658035114
4028 0.07247534321698898 0.7310084193638836
4029 0.07250514366811296 0.7313091080266487
4030 0.07253495840475864 0.7316099277627581
4031 0.07256471733598113 0.7319109155842843
4032 0.07259453914783827 0.7322121406231334
4033 0.07262430648416103 0.7325135527584934
4034 0.07265404924784087 0.7328149992875098
4035 0.07268381998934849 0.7331167672855936
4036 0.0727135297730435 0.7334187542109692
4037 0.07274320225721985 0.7337209080505096
4038 0.0727730045662368 0.7340232057116554
4039 0.07280280220920207 0.7343256762034391
4040 0.07283256735457516 0.7346283307850386
4041 0.07286254531883068 0.734931503215273
4042 0.07289227289689253 0.7352345522982122
4043 0.07292191346233204 0.7355377438515106
4044 0.0729516752911666 0.7358413642824168
4045 0.07298160122153168 0.7361451124427834
4046 0.07301052017548765 0.7364463933106302
4047 0.07304032536158238 0.7367503282684961
4048 0.07307017757312294 0.7370546458813945
4049 0.07309997587647638 0.7373591575362968
4050 0.07312971149081637 0.7376638391630103
4051 0.07315950057433923 0.7379686150491215
4052 0.07319027595893988 0.7382765427114751
4053 0.07322000500161847 0.7385814686676467
4054 0.07324964904711351 0.7388861740949195
4055 0.07327906345286493 0.7391914411926563
4056 0.07330867295043338 0.7394962815426087
4057 0.07333826679480709 0.7398014891781789
4058 0.07336795440793788 0.740106952093152
4059 0.07339777531819655 0.7404127783444646
4060 0.07342754414573054 0.7407188973096007
4061 0.07345722652399761 0.7410247727840226
4062 0.07348653794186183 0.7413302405595815
4063 0.07351662379076702 0.7416377044321328
4064 0.07354654142705493 0.7419452160866586
4065 0.0735763554473316 0.7422524931830662
4066 0.07360519282571257 0.7425566435303934
4067 0.07363504241546409 0.7428642306278413
4068 0.07366502934316541 0.7431724531695784
4069 0.07369499480028895 0.7434808757381232
4070 0.07372487567580135 0.7437894187262567
4071 0.07375468274969403 0.7440980486406625
4072 0.07378359042738042 0.7444041657963035
4073 0.07381439015745488 0.7447186317215999
4074 0.07384342984444255 0.745020662048228
4075 0.07387320763716169 0.7453292618955834
4076 0.0739031129114649 0.7456392007149267
4077 0.07393301559144129 0.7459493471388107
4078 0.07396283680224273 0.7462593333380277
4079 0.07399278931455584 0.7465694156187582
4080 0.07402273479590121 0.7468795146962575
4081 0.07405258597731329 0.7471896562451514
4082 0.0740824249072581 0.7474998652766609
4083 0.0741122691290735 0.7478102984718807
4084 0.0741419811456847 0.7481207084748346
4085 0.07417164580532246 0.748431199559473
4086 0.07420143821895911 0.7487417929551081
4087 0.07423121879154387 0.7490525249830456
4088 0.07426096112286111 0.749363411358091
4089 0.07429069510423113 0.749674447522065
4090 0.07432145527349006 0.7499917089265679
4091 0.07435020257100379 0.7502960921506303
4092 0.0743799475030244 0.7506116590387486
4093 0.07441005075251651 0.7509241676105185
4094 0.07443977100390872 0.7512352519228157
4095 0.07446946937752084 0.7515467500352362
4096 0.07449903151648493 0.7518579545118227
4097 0.07452860547304277 0.7521698604583184
4098 0.07455726485141638 0.7524761052796912
4099 0.07458744034307324 0.7527935678055785
4100 0.0746174160777414 0.7531071699619556
4101 0.07464723801401482 0.7534204346496964
4102 0.07467694302479816 0.7537332316978478
4103 0.07470663307543857 0.7540463456100025
4104 0.07473624238695023 0.7543595331893626
4105 0.07476581988959094 0.7546730199237607
4106 0.07479547956652498 0.7549866013973358
4107 0.07482522391951697 0.7553004279922932
4108 0.07485490253776028 0.7556144156054792
4109 0.07488460429748792 0.755928597951731
4110 0.07491434101746652 0.7562431468679064
4111 0.07494403228139562 0.756557950823331
4112 0.07497366969542382 0.7568728493492579
4113 0.0750035173487489 0.7571883152954163
4114 0.07503327857025148 0.7575034275871604
4115 0.07506295538192723 0.757818616082551
4116 0.07509264532437517 0.7581339365778854
4117 0.07512232211761842 0.7584494150803854
4118 0.07515194337784271 0.7587651058194805
4119 0.07518152282055666 0.7590809426333933
4120 0.07521116164482869 0.7593969880944461
4121 0.07524091297348687 0.7597131438528024
4122 0.07527123986879715 0.760032842416882
4123 0.07530062549757739 0.7603445507376666
4124 0.0753312214976961 0.760666624927205
4125 0.07536016569302428 0.760978477965809
4126 0.07539008078975659 0.7612999996612897
4127 0.07541987334325798 0.7616173395507784
4128 0.07544889962729964 0.7619293325781988
4129 0.07547892172596968 0.7622509819344099
4130 0.07550795454177552 0.7625635276104583
4131 0.07553691593316186 0.7628805786892522
4132 0.07556732593167471 0.763204381456606
4133 0.07559660716417249 0.7635175587169315
4134 0.07562688772987272 0.7638405019347509
4135 0.0756560630221171 0.7641542307529909
4136 0.07568556530525404 0.7644720512988415
4137 0.07571598839804553 0.7647966206030147
4138 0.07574502168393657 0.765110472605071
4139 0.07577520958132748 0.7654342089033167
4140 0.07580445583149864 0.7657487393689618
4141 0.07583468017879223 0.7660726442211232
4142 0.075863792534036 0.7663871754102577
4143 0.07589314456219649 0.7667057536859663
4144 0.07592358230687944 0.7670315120166433
4145 0.0759525915906817 0.7673463975335681
4146 0.07598165436748236 0.7676647604358702
4147 0.07601229670506948 0.7679911573803171
4148 0.07604146564661637 0.7683065093063303
4149 0.07607195871445255 0.7686274412640707
4150 0.07610140174571958 0.7689486169519161
4151 0.07613156893499498 0.7692752292075357
4152 0.07616055683955174 0.7695907068612644
4153 0.07618987617346597 0.7699109322380069
4154 0.0762202107257013 0.7702379523838826
4155 0.07624939569750268 0.77055423174529
4156 0.0762788270641534 0.7708748747401436
4157 0.07630906834972964 0.7712022120220335
4158 0.07633817685126708 0.7715186658245696
4159 0.07636749850668048 0.7718398530675795
4160 0.07639766983228559 0.7721677338597022
4161 0.07642694455928899 0.7724847973674749
4162 0.07645702989448037 0.7728118639360447
4163 0.0764861615817148 0.7731292043244553
4164 0.07651620507878984 0.7734564880768507
4165 0.07654526202847468 0.7737740202792306
4166 0.07657456416801969 0.7740962979440859
4167 0.07660471640876856 0.7744252207932955
4168 0.07663398745314559 0.7747437246334019
4169 0.07666407680065003 0.775071843981745
4170 0.07669375802488024 0.7753923150152918
4171 0.0767232707854362 0.7757152333021105
4172 0.07675331053115354 0.7760440407274061
4173 0.0767823376471941 0.7763628380535422
4174 0.07681162566382572 0.7766859859789571
4175 0.07684030723023752 0.7770112141312462
4176 0.07687011620808999 0.7773357033547316
4177 0.07689920280078713 0.7776549101680557
4178 0.07692944636319146 0.777984605486436
4179 0.0769592291957953 0.7783097664924558
4180 0.07698813603706968 0.7786295145254661
4181 0.07701824825774702 0.7789595873592244
4182 0.07704809793979799 0.7792850726695217
4183 0.07707782583636094 0.7796106510898929
4184 0.07710661827486343 0.7799300050049929
4185 0.07713672029427097 0.7802606331570378
4186 0.07716644223963567 0.7805869733979747
4187 0.07719523826161676 0.7809074436741527
4188 0.07722518278467555 0.7812380245424634
4189 0.07725495586335289 0.7815642653594239
4190 0.07728459397883573 0.7818906946453101
4191 0.07731410160567484 0.782216572642415
4192 0.07734361011959844 0.7825428397825167
4193 0.07737325808238038 0.7828701891759957
4194 0.07740190989820893 0.7831911643872697
4195 0.07743186317885052 0.7835230360586259
4196 0.07746157631282943 0.7838503879051967
4197 0.07749075998723338 0.7841761098950508
4198 0.07751939243098729 0.7844970799945911
4199 0.07754919406790726 0.7848291618451662
4200 0.07757893815091434 0.7851575906691044
4201 0.07760854910299608 0.7854857802606771
4202 0.0776380576992783 0.7858134169347109
4203 0.07766766188584133 0.7861413342789233
4204 0.07769713534664049 0.7864692016467434
4205 0.07772662868884704 0.7867973053766497
4206 0.07775608761364261 0.7871254537952214
4207 0.07778550151676181 0.787453840452175
4208 0.07781484951359531 0.7877823098216891
4209 0.07784426535584592 0.7881109236511576
4210 0.07787433733846799 0.7884411358906938
4211 0.07790369187352852 0.7887699693240209
4212 0.07793302324710508 0.7890986415636194
4213 0.07796236055140685 0.7894275061222622
4214 0.07799165173308266 0.7897564923393952
4215 0.07802090961996919 0.7900857183359946
4216 0.07805023950690043 0.7904150052604983
4217 0.07807967973306892 0.7907445212847251
4218 0.07810904602866632 0.7910741525420616
4219 0.07813889929786112 0.7914047827834925
4220 0.0781681892309006 0.7917347110193579
4221 0.07819743462647623 0.7920647257880571
4222 0.07822692375887383 0.792395482743705
4223 0.07825619771283432 0.7927256784691495
4224 0.07828554740342063 0.7930559542321097
4225 0.07831483346186761 0.7933864079974501
4226 0.07834414449133982 0.7937169791050148
4227 0.07837344526242093 0.7940477076569906
4228 0.07840269633351825 0.7943785882221004
4229 0.07843190110228385 0.7947096209207579
4230 0.07846119837723499 0.7950407278238413
4231 0.07849055315444399 0.7953719684505994
4232 0.07851984514742663 0.795703338723743
4233 0.07854914706016074 0.7960348260403769
4234 0.07857843986483158 0.7963664374137551
4235 0.0786076662765777 0.7966981937768737
4236 0.0786368511837903 0.7970300626753394
4237 0.07866613354178864 0.7973620234053774
4238 0.07869545213511932 0.7976941016861083
4239 0.07872458614658515 0.7980258062797179
4240 0.07875387788894767 0.798358169826487
4241 0.07878315944097149 0.798690734138674
4242 0.07881254847524241 0.7990238153741297
4243 0.07884170966885215 0.7993566342962367
4244 0.07887097226075837 0.7996894637456292
4245 0.07890022806624539 0.8000223963918677
4246 0.07892943767877501 0.8003554229626847
4247 0.07895864834599491 0.8006885780011794
4248 0.07898782644040374 0.8010218729448596
4249 0.0790169495169092 0.8013553236181987
4250 0.07904605195688237 0.8016888001250668
4251 0.07907532928979528 0.8020224183841073
4252 0.07910452606401067 0.8023561356700248
4253 0.0791337258637493 0.8026899855122942
4254 0.07916289971596335 0.803023927174586
4255 0.07919199766086939 0.8033579960701809
4256 0.07922106309462207 0.8036921959423032
4257 0.07925024155266361 0.8040265135847946
4258 0.07927943372233207 0.8043609050572591
4259 0.07930856425659781 0.8046954237530123
4260 0.07933769368546639 0.8050299897523788
4261 0.07936680020774145 0.805364667366082
4262 0.07939583342641066 0.8056994527048974
4263 0.07942522742829959 0.8060358821047673
4264 0.07945421488855486 0.8063703722104169
4265 0.07948324028623791 0.8067052182741801
4266 0.07951221757300878 0.807040154434704
4267 0.07954122273584663 0.8073753219256359
4268 0.07957020747416535 0.8077105637002733
4269 0.07959912716735343 0.8080460625118133
4270 0.07962803874636169 0.8083815574320862
4271 0.07965712473484317 0.8087172702299474
4272 0.07968513750885671 0.8090507183992444
4273 0.07971422305188447 0.8093867894538003
4274 0.07974333612859716 0.8097230459002459
4275 0.07977240009967863 0.8100595408224835
4276 0.07980138001005276 0.8103960489542795
4277 0.07983041015666868 0.8107326866666204
4278 0.07985952020257402 0.8110693108523256
4279 0.07988854271912701 0.811406110152563
4280 0.0799175479241938 0.811742871440183
4281 0.07994653019588491 0.8120798133283503
4282 0.07997543007450877 0.8124167581230899
4283 0.08000379513068707 0.8127530647522038
4284 0.08003274788951081 0.8130900805075911
4285 0.08006180531301872 0.8134274281982398
4286 0.08009073435015494 0.8137647744612646
4287 0.08011966521843845 0.814102267538184
4288 0.08014854999969331 0.814439752395178
4289 0.08017737831095822 0.814777432862738
4290 0.08020632655134438 0.8151159986619593
4291 0.08023532053579489 0.8154545362210627
4292 0.08026417231767453 0.8157921674736499
4293 0.08029292204446623 0.8161299196673659
4294 0.08032166376382534 0.8164676648033332
4295 0.080351007689499 0.8168069716026914
4296 0.08037958112685588 0.817144977526349
4297 0.08040809293234544 0.8174829882260338
4298 0.0804366975645695 0.8178210333196639
4299 0.08046540700133058 0.8181592754899248
4300 0.0804940523998573 0.8184976377220411
4301 0.08052272527672392 0.8188361705719454
4302 0.0805513880560494 0.8191748042476474
4303 0.08058000439010769 0.8195136412475675
4304 0.08060857385622602 0.8198525777357947
4305 0.0806372322498185 0.8201916362816364
4306 0.08066595537748122 0.8205307729409951
4307 0.08069461214338229 0.8208700770692178
4308 0.0807232718265902 0.8212093916376495
4309 0.08075192037331497 0.8215488532551816
4310 0.08078050339360587 0.8218884078718621
4311 0.08080958364886426 0.8222293753569474
4312 0.08083813163562406 0.822569048987562
4313 0.08086672793066751 0.8229088007722439
4314 0.08089520442059712 0.823248358946865
4315 0.08092378492510809 0.823588392171154
4316 0.08095235858886952 0.8239285403929743
4317 0.08098087873985912 0.8242688819812674
4318 0.08100939327461897 0.8246095329495979
4319 0.08103797451810127 0.8249500033659516
4320 0.08106637700476227 0.8252899266313186
4321 0.08109492932444286 0.8256306340456815
4322 0.08112349849559369 0.8259714480214597
4323 0.08115205475195517 0.8263124127903072
4324 0.0811805295489708 0.8266534449257336
4325 0.08120896415333641 0.8269945893266037
4326 0.08123752008862871 0.8273357410317782
4327 0.08126605161705582 0.8276770142825123
4328 0.0812945442655402 0.8280183208180052
4329 0.08132301302551855 0.8283597616001604
4330 0.08135142509958662 0.828697032016946
4331 0.08138017602210927 0.8290440986328103
4332 0.08140881146784376 0.82938642404021
4333 0.0814373117884987 0.8297284044642019
4334 0.08146510512256903 0.8300645038202589
4335 0.08149308683938521 0.8304104724518693
4336 0.08152080402537001 0.8307473295620966
4337 0.08154975418177005 0.831095081454016
4338 0.08157848034011458 0.8314379275536982
4339 0.08160697827619158 0.8317802966394247
4340 0.08163536036377363 0.8321222058992839
4341 0.08166371177043907 0.8324644841537745
4342 0.08169197115347028 0.8328066892821594
4343 0.08171944881200045 0.8331435817293438
4344 0.08174825926257676 0.8334916524077902
4345 0.08177682751487192 0.8338350669885872
4346 0.08180524848843614 0.8341782989609069
4347 0.08183280669205087 0.8345152349319214
4348 0.08186159125711986 0.8348635759458037
4349 0.08188996630333828 0.8352073053180908
4350 0.08191748381933271 0.8355450686396566
4351 0.08194623217874883 0.8358935818029879
4352 0.08197469354112891 0.8362374520324586
4353 0.08200286565317619 0.8365767068947627
4354 0.08203150530692453 0.8369253785508967
4355 0.08205975668297673 0.8372691028357638
4356 0.0820872752389019 0.837607438152312
4357 0.08211571194193708 0.8379561890346947
4358 0.08214391546739726 0.8383001060997141
4359 0.08217216916529528 0.8386441678818696
4360 0.08220019075395794 0.8389874485475323
4361 0.08222763633586952 0.8393259091612676
4362 0.08225610168455263 0.8396750671443584
4363 0.08228360728882696 0.8400141186095573
4364 0.0823120974664986 0.8403639134356921
4365 0.08234040415446019 0.8407090961322032
4366 0.08236871731408191 0.8410538916539313
4367 0.08239608185963601 0.8413924747325147
4368 0.08242452469688182 0.8417421042334067
4369 0.08245270470296065 0.8420872527607072
4370 0.08248015596679821 0.8424268809355946
4371 0.08250857352188742 0.842777095815946
4372 0.08253674004798542 0.8431223935132511
4373 0.0825648888426205 0.8434676423194464
4374 0.08259282732700228 0.8438122162913378
4375 0.08262064697202939 0.844156690501666
4376 0.08264856067946999 0.8445015867926036
4377 0.08267643065855053 0.8448468681398116
4378 0.08270424813814575 0.8451921359280059
4379 0.08273220983841156 0.8455376188312308
4380 0.08276012932098592 0.8458830648962106
4381 0.08278804744874592 0.8462287602115712
4382 0.08281594873932904 0.8465744991615618
4383 0.08284380388503863 0.8469203872044886
4384 0.08287164539930678 0.8472665386451185
4385 0.08289948671965157 0.8476125343400133
4386 0.0829278122934277 0.8479595902919234
4387 0.08295560925924665 0.8483057573526128
4388 0.08298331492715356 0.848651535765947
4389 0.08301110524410334 0.8489978161846774
4390 0.08303881568129355 0.8493440399371469
4391 0.08306616004578248 0.8496901368111204
4392 0.08309399277969794 0.85003653799183
4393 0.08312188951087832 0.850383146229413
4394 0.08314968963232745 0.8507298748645942
4395 0.08317747870088976 0.8510766625197262
4396 0.08320523717131233 0.8514235248568609
4397 0.08323291626748025 0.8517704593584512
4398 0.0832596398845511 0.8521137579250165
4399 0.08328735974233503 0.8524610802031196
4400 0.0833152303709029 0.8528088055848624
4401 0.08334306514524722 0.8531566007996091
4402 0.08337076390273972 0.8535062404232741
4403 0.08339873971169243 0.8538544140438743
4404 0.08342578174574546 0.8541968603709323
4405 0.08345383874337094 0.8545488161656409
4406 0.08348179119281092 0.854897422269967
4407 0.08350891464579972 0.8552398477418328
4408 0.08353645890997673 0.8555913592641941
4409 0.0835623041030561 0.8559313394810423
4410 0.08358948510841227 0.8562818377691138
4411 0.08361642038212233 0.8566255874081428
4412 0.08364429528275015 0.8569778712967729
4413 0.08367153929997312 0.8573216109637241
4414 0.08369993105539496 0.8576742596674517
4415 0.08372813371425041 0.8580212119287686
4416 0.08375653462812696 0.8583746072637882
4417 0.08378379186085136 0.8587189886715426
4418 0.08381194604286647 0.859072319933643
4419 0.08383923385229226 0.85941689440332
4420 0.08386685090436923 0.8597657436268542
4421 0.08389439463059056 0.8601149086316637
4422 0.08392250373195549 0.8604688332227809
4423 0.08394940183878111 0.8608130183215799
4424 0.0839771550171414 0.8611657991867265
4425 0.08400420678244273 0.8615106286155714
4426 0.08403199130467143 0.8618634984554403
4427 0.08405884548600681 0.8622079393532784
4428 0.08408594874037287 0.8625561492906624
4429 0.08411384234434301 0.8629105971948696
4430 0.0841405929792098 0.8632554783483689
4431 0.08416817971750171 0.8636088628786893
4432 0.0841949660003833 0.8639535728012132
4433 0.08422261606907065 0.8643072206493486
4434 0.08424929454020996 0.8646520838207281
4435 0.08427635005908607 0.8650010554209432
4436 0.08430397388693281 0.8653556085575385
4437 0.08433054820407732 0.8657005990462746
4438 0.08435735594703651 0.8660492976517337
4439 0.0843850995189334 0.8664040759564567
4440 0.08441179918466092 0.8667493603480436
4441 0.08443869087240806 0.867098248391909
4442 0.0844657233021117 0.8674482790354359
4443 0.08449243523855608 0.8677969704236597
4444 0.08451968965113421 0.8681488817973669
4445 0.08454737442149197 0.8685040812302568
4446 0.08457407005908599 0.8688490997750657
4447 0.08460155690066566 0.8692033252037923
4448 0.08462815188805303 0.8695492438705202
4449 0.08465493918754798 0.8698984742311546
4450 0.08468248646332184 0.8702538586791958
4451 0.08470924660378248 0.8706004327472588
4452 0.08473594935094911 0.8709501450677266
4453 0.08476291890325199 0.8713009467814913
4454 0.08478988865731311 0.871651854814628
4455 0.08481674921169048 0.8720029530329446
4456 0.08484380302250707 0.8723537943903417
4457 0.08487078368499283 0.8727046270953749
4458 0.0848976517182944 0.8730555424789996
4459 0.08492450367088253 0.8734064473891535
4460 0.08495213611689971 0.873762320240145
4461 0.08497853211380882 0.8741080187116582
4462 0.08500523763466637 0.8744583272865379
4463 0.08503208047196495 0.8748097933165329
4464 0.08505893495411593 0.8751613771616046
4465 0.08508570123890404 0.875512901092323
4466 0.08511244821245875 0.8758642730706023
4467 0.08513935244490942 0.8762156493962435
4468 0.08516615776776461 0.876567084450633
4469 0.08519289018551376 0.8769183164172307
4470 0.085219677567582 0.877269895184227
4471 0.08524706783733063 0.8776265349813781
4472 0.08527320263076356 0.877972861731122
4473 0.08530042602009474 0.8783270426385636
4474 0.08532643333368566 0.8786757796144706
4475 0.08535368398975343 0.8790324795222806
4476 0.08537992145298971 0.8793795070002361
4477 0.08540640464321111 0.8797305559762593
4478 0.08543299391551486 0.8800827316267732
4479 0.0854595691326961 0.8804351478930931
4480 0.0854861496001158 0.8807874540785461
4481 0.08551350147325937 0.8811445553380585
4482 0.08553965937237376 0.8814917738195163
4483 0.08556608059165839 0.8818432199175347
4484 0.08559263058834946 0.8821957751392394
4485 0.08561919338113824 0.8825484689841956
4486 0.08564567085904752 0.8829011276153071
4487 0.08567212954423319 0.8832536404280977
4488 0.08569935905324304 0.8836109990702724
4489 0.08572539577244559 0.8839585183397006
4490 0.08575171065708392 0.8843103073760281
4491 0.08577815792652969 0.8846632257528981
4492 0.08580461616758031 0.885016276294186
4493 0.08583098528255809 0.8853692756567113
4494 0.08585733143620576 0.8857221128958225
4495 0.08588337161998996 0.8860732902360117
4496 0.08590970317600127 0.8864261374941753
4497 0.08593621191414136 0.8867792947049997
4498 0.08596271723608739 0.8871326191518535
4499 0.08598918052065263 0.8874860597784475
4500 0.08601551262297716 0.8878395349948862
4501 0.08604182640815661 0.8881929271674714
4502 0.08606828293695108 0.8885462806274256
4503 0.08609462723666943 0.8888996731664134
4504 0.08612156149897131 0.8892538579861508
4505 0.08614774551328318 0.8896073383730725
4506 0.08617385734393609 0.8899606533858404
4507 0.08619989887729269 0.8903139971870276
4508 0.08622594865868291 0.8906673109134122
4509 0.08625217863931617 0.8910206723505611
4510 0.08627833532305196 0.8913741681310626
4511 0.0863044811140965 0.8917276925232245
4512 0.0863306029332658 0.892081255693783
4513 0.08635676734951793 0.8924348631600756
4514 0.08638277702277607 0.892788665879479
4515 0.08640877199957669 0.8931424137092775
4516 0.08643493800694292 0.8934962181187525
4517 0.08646100853155365 0.893850081193827
4518 0.08648715363996616 0.894204323429987
4519 0.08651319804487805 0.8945582451589383
4520 0.08653919182147972 0.894912187284772
4521 0.08656509424589359 0.8952662139537252
4522 0.08659099028542516 0.8956202263937062
4523 0.08661705540941682 0.8959743203242333
4524 0.08664203953567645 0.89632905192651
4525 0.0866683597917508 0.8966833428324881
4526 0.08669456928392691 0.8970375836310495
4527 0.0867206194390296 0.8973918429555335
4528 0.08674573377879809 0.8977402813393943
4529 0.08677198546373151 0.8980970389699702
4530 0.08679812973008919 0.8984526368721479
4531 0.08682415147495952 0.8988080840041693
4532 0.08685015632620018 0.8991632985804038
4533 0.08687609730451584 0.8995182996467637
4534 0.08690195490376368 0.8998731515450969
4535 0.08692769204372966 0.9002279560116749
4536 0.08695339934549186 0.9005826473250887
4537 0.08697925936327365 0.9009373567141141
4538 0.08700504765010528 0.9012921332188842
4539 0.08703078945584782 0.9016469136498025
4540 0.0870564491805295 0.9020015824753592
4541 0.08708213337824026 0.9023564781969423
4542 0.0871077404503466 0.9027115038529056
4543 0.08713334155383218 0.9030665091063136
4544 0.08715978128911568 0.9034269006479815
4545 0.08718484019894113 0.9037758259792154
4546 0.08721022568327083 0.9041300435410528
4547 0.08723581736843634 0.9044856109058708
4548 0.08726146041100524 0.9048413773096223
4549 0.08728702921409501 0.9051971018347886
4550 0.08731257496929394 0.9055526351950958
4551 0.08733826381005795 0.9059080908786199
4552 0.08736383468469704 0.906263507884831
4553 0.08738938671011953 0.9066188971128062
4554 0.0874149077810454 0.9069742982723041
4555 0.08744038280136252 0.9073297437604904
4556 0.08746576736488916 0.9076852813691961
4557 0.08749114366465589 0.9080407971176888
4558 0.087516692016515 0.9083963211555375
4559 0.08754213399871745 0.908751971664109
4560 0.08756756693238935 0.9091076371314356
4561 0.08759297650120283 0.9094633372161099
4562 0.08761834472919493 0.9098190886792562
4563 0.08764362543260604 0.9101749264544842
4564 0.08766943607996881 0.9105321852918896
4565 0.08769475961558895 0.9108879270076772
4566 0.08771997510084818 0.9112435637119365
4567 0.087745119583907 0.9115990071452653
4568 0.08777051037953047 0.9119554081246176
4569 0.08779578233757312 0.9123112634954548
4570 0.08782094107831935 0.912667172211056
4571 0.08784608040615419 0.9130230698103848
4572 0.08787199070492438 0.913384159918867
4573 0.08789666679011755 0.9137341576565304
4574 0.08792160695860687 0.9140894027399283
4575 0.08794675857257636 0.9144460163085948
4576 0.08797196916576262 0.9148028330549625
4577 0.08799711171207873 0.9151596128851786
4578 0.08802223481706374 0.9155162059331057
4579 0.0880475039818772 0.9158727245087742
4580 0.08807265962420943 0.9162292087024421
4581 0.08809779251484229 0.9165856498543142
4582 0.08812258761561892 0.9169415047749915
4583 0.08814765866639529 0.9172979837443108
4584 0.0881726629062053 0.91765459931727
4585 0.08819765609625899 0.9180111877933768
4586 0.08822347579407916 0.9183730533355701
4587 0.08824794087646876 0.9187237360882078
4588 0.08827270664785554 0.919079514909598
4589 0.08829767464117513 0.9194366354906925
4590 0.08832274542302354 0.9197942123566107
4591 0.08834767708690673 0.9201514264055237
4592 0.08837257855591438 0.9205084345644912
4593 0.08839762214897814 0.9208653744159853
4594 0.08842282250003615 0.921222915854977
4595 0.08844767032303608 0.9215797621537298
4596 0.08847248902990505 0.9219365380387645
4597 0.08849733801679059 0.9222934831795625
4598 0.08852203574143631 0.9226503975981307
4599 0.08854672700936615 0.9230072868190178
4600 0.08857159186573996 0.9233642516077605
4601 0.08859636451599942 0.9237212851483602
4602 0.08862113618802039 0.9240783595713967
4603 0.08864588683723695 0.924435478884567
4604 0.08867059692486523 0.9247926540507357
4605 0.08869498815154377 0.9251491532101535
4606 0.08871960587016102 0.9255063677218673
4607 0.08874506818841402 0.9258689838638426
4608 0.08876924183135196 0.9262204394922494
4609 0.08879367475719452 0.9265769821719984
4610 0.08881830825579493 0.9269348606886095
4611 0.08884218528603222 0.9272916279726615
4612 0.08886695080139098 0.9276495864313831
4613 0.0888916980873023 0.9280075494980879
4614 0.0889165386716689 0.9283654288194347
4615 0.08894122532572986 0.9287232191255451
4616 0.08896586818804832 0.9290809323725789
4617 0.08899046200593322 0.9294386136893082
4618 0.08901499259956799 0.9297962860774914
4619 0.08904001825057722 0.9301560960654169
4620 0.08906442028185751 0.9305138007330828
4621 0.08908901495456864 0.9308708036264133
4622 0.0891132934050264 0.9312282815219246
4623 0.08913760054559704 0.9315857617362482
4624 0.08916192247024499 0.9319432908058056
4625 0.08918622844260608 0.9323008956593474
4626 0.08921046268461126 0.9326586112195807
4627 0.08923470000361905 0.9330163167425292
4628 0.08925911057627625 0.9333740935705067
4629 0.0892834926642686 0.9337320972635128
4630 0.08930782297863657 0.9340900245419512
4631 0.0893321175856651 0.934447936589082
4632 0.08935637327447769 0.9348058987993313
4633 0.08938053193010292 0.9351639096028513
4634 0.08940468460715688 0.9355218855952938
4635 0.08942900494728516 0.935879917998832
4636 0.08945324495803056 0.9362381264386878
4637 0.08947746780930882 0.936596203057776
4638 0.08950166594256871 0.9369543154192257
4639 0.0895258298467322 0.9373125080637728
4640 0.08954989564099369 0.9376707480466965
4641 0.08957395005391383 0.9380289442172571
4642 0.08959800605121085 0.9383870882644282
4643 0.08962217047087295 0.9387453738869318
4644 0.08964631276538786 0.9391036810806376
4645 0.08967041496270907 0.9394620069562357
4646 0.0896944659704467 0.9398203704833026
4647 0.08971842050314416 0.9401788026613463
4648 0.08974235406263564 0.94053716887942
4649 0.08976644788492578 0.94089555880183
4650 0.08979043086337099 0.9412539660757016
4651 0.08981440365337794 0.9416123815190411
4652 0.08983834563685768 0.9419708067149307
4653 0.08986223649048608 0.942329248399071
4654 0.08988617374743746 0.9426882244131223
4655 0.08990994677352537 0.9430466696836471
4656 0.08993386301529561 0.9434050738702214
4657 0.08995767739022392 0.9437635045466676
4658 0.08998192694036436 0.9441214814935702
4659 0.0900054902999365 0.9444799682431229
4660 0.09002911474774108 0.9448386039647519
4661 0.09005262128928342 0.9451966997696837
4662 0.09007664274466452 0.9455594289447506
4663 0.09010047610286993 0.9459153773187289
4664 0.09012414376122969 0.9462740145512653
4665 0.09014729309582127 0.9466316259886013
4666 0.09017113744118896 0.9469907539655372
4667 0.0901948323047984 0.9473492947766621
4668 0.09021848431505616 0.947708474793288
4669 0.0902420500619774 0.948067117435879
4670 0.09026573695452138 0.9484259247078919
4671 0.09028934963191085 0.9487846411943055
4672 0.09031300307479366 0.949143658632768
4673 0.09033660095225812 0.949502481130121
4674 0.09036017543617691 0.9498614931110121
4675 0.09038363483459037 0.9502204233511518
4676 0.09040709299899702 0.9505793865411483
4677 0.09043069815244409 0.9509382978148528
4678 0.09045420816080853 0.9512972749048743
4679 0.09047770387618286 0.9516562263385107
4680 0.09050117811411633 0.952015207023459
4681 0.09052486432286336 0.9523748129414903
4682 0.09054816772247408 0.9527337999215568
4683 0.09057145508527831 0.9530927578157697
4684 0.09059490389887476 0.953451691225931
4685 0.09061826368414301 0.9538107317063421
4686 0.09064211011938958 0.9541712947855328
4687 0.09066539940494582 0.9545303664800383
4688 0.09068864909139737 0.9548893432348066
4689 0.09071175462062374 0.9552481925768697
4690 0.09073489391614467 0.9556071075776399
4691 0.09075815823261646 0.955965961478234
4692 0.09078137968051364 0.9563249971479186
4693 0.09080456122319766 0.9566839649843014
4694 0.09082777588870453 0.9570430991111291
4695 0.09085091132649234 0.9574021817071422
4696 0.09087401061977614 0.9577614671538111
4697 0.09089705862703885 0.9581206084243798
4698 0.09092031555591261 0.9584798930717898
4699 0.09094342233775746 0.9588390842397937
4700 0.09096656790162365 0.9591983934737515
4701 0.09098963933263216 0.959557598411617
4702 0.09101271046953795 0.9599169420119347
4703 0.09103507322084836 0.9602709643654382
4704 0.09105834876812932 0.9606352643849755
4705 0.09108114246174803 0.960990344140328
4706 0.0911039985756678 0.9613494536217151
4707 0.09112783909614514 0.9617154582001768
4708 0.09115068952324527 0.9620751256615974
4709 0.09117333160627274 0.9624318089774943
4710 0.09119671536460464 0.9627937564320765
4711 0.09121946764451443 0.9631522149398999
4712 0.09124248252301369 0.9635133638838694
4713 0.09126574540473803 0.9638727855759825
4714 0.09128787368049933 0.9642265650127312
4715 0.09131082813226485 0.9645871759297675
4716 0.0913334886665059 0.9649467031061655
4717 0.0913561689371039 0.9653067759323464
4718 0.09137883228374109 0.9656661519135162
4719 0.0914016872387193 0.9660259428108126
4720 0.09142442560763923 0.9663853948126636
4721 0.09144662058785358 0.9667396245765643
4722 0.09146961102512691 0.9671043863006369
4723 0.09149267558168953 0.9674649412713867
4724 0.09151487096898549 0.9678198105695942
4725 0.09153768392510683 0.9681843801528176
4726 0.09156059718452784 0.9685444398496932
4727 0.09158334979316556 0.9689045171280347
4728 0.09160494492960737 0.9692563816248425
4729 0.09162779040313269 0.9696210959299811
4730 0.09165058031423587 0.9699818177245561
4731 0.09167267273699321 0.9703363730602605
4732 0.09169545941943209 0.9707011833711424
4733 0.09171829093949491 0.9710615565184103
4734 0.09174097909623334 0.9714216796139674
4735 0.09176344349904153 0.9717808590233042
4736 0.09178590978539526 0.9721403868425891
4737 0.09180825363840296 0.9724996696978258
4738 0.09182998369033077 0.9728536351776667
4739 0.09185253228610253 0.9732183666200781
4740 0.0918751993934788 0.9735788301015315
4741 0.09189775080137413 0.973939064472588
4742 0.0919200904458899 0.9742983611564452
4743 0.09194244119907131 0.9746580372429077
4744 0.0919646343809782 0.9750173320265854
4745 0.09198624575064752 0.9753714039609299
4746 0.09200868768074251 0.9757362807685047
4747 0.09203124056340801 0.9760968664828504
4748 0.09205367439914236 0.9764572090086108
4749 0.09207589407788348 0.9768166106531401
4750 0.09209812105888737 0.9771763699788837
4751 0.09212022080028587 0.9775358490951397
4752 0.0921426328646343 0.977895504529575
4753 0.09216450798977163 0.9782550240105157
4754 0.09218662694463711 0.9786147634086806
4755 0.092208733704187 0.9789747584206381
4756 0.09223079977006099 0.9793345709431568
4757 0.09225280185096298 0.9796942915536462
4758 0.09227479501652867 0.9800540406307601
4759 0.09229667026225657 0.9804138309256194
4760 0.09231856762926913 0.9807735731435322
4761 0.09234060104200402 0.9811333521281791
4762 0.09236256277105152 0.9814931430679661
4763 0.09238449237262487 0.9818529607066688
4764 0.0924063777763878 0.9822125969871656
4765 0.09242823952240665 0.9825724472452293
4766 0.09245004582081855 0.9829323511695021
4767 0.09247181785982084 0.9832922505329819
4768 0.09249377914523232 0.9836521368278631
4769 0.09251692479832263 0.9840161035249162
4770 0.09253863774949296 0.9843757567067168
4771 0.09255989115545697 0.9847299033230554
4772 0.092581455359094 0.9850940677992917
4773 0.09260288032876107 0.9854490736007742
4774 0.09262455646998799 0.9858138558609114
4775 0.09264649833455436 0.9861742188541754
4776 0.09266829566741207 0.9865340307374582
4777 0.09268964281567486 0.9868883292675487
4778 0.0927112751604736 0.987252788732439
4779 0.09273304486167465 0.9876131063157815
4780 0.09275437191657307 0.98796819297801
4781 0.09277591599989955 0.9883327302009361
4782 0.09279774379513807 0.9886928978003949
4783 0.09281942481470565 0.9890531128840137
4784 0.09284068595854626 0.9894073837331966
4785 0.09286219662358532 0.9897719328780044
4786 0.09288382786681143 0.9901324549457577
4787 0.09290506690837562 0.9904875417233617
4788 0.09292647107611381 0.9908520599613801
4789 0.09294814230881177 0.991212328761543
4790 0.0929697306934697 0.9915725441950969
4791 0.09299084277928008 0.9919269134827317
4792 0.09301222659365506 0.9922914827035727
4793 0.09303375240389289 0.9926519867431559
4794 0.0930548347787017 0.9930071547146867
4795 0.09307522515613008 0.993369435776593
4796 0.09309693834720072 0.993729882364379
4797 0.09311853497203282 0.9940905488114231
4798 0.09313998102955176 0.9944503590134163
4799 0.09316091461364741 0.9948051619280728
4800 0.09318234668003138 0.9951702220752938
4801 0.09320328640553531 0.9955254897428533
4802 0.09322473182903841 0.9958910580806684
4803 0.093246319577122 0.9962521367159173
4804 0.09326767991766488 0.9966123287178731
4805 0.09328841993937639 0.9969665568560434
4806 0.09330839291410578 0.9973289951541235
4807 0.09332977384354775 0.9976894925376157
4808 0.09335036780424562 0.9980441314080924
4809 0.09337189223468745 0.9984095299305783
4810 0.09339342852002069 0.9987701062360411
4811 0.09341471707467724 0.9991307351547012
4812 0.09343582470596949 0.9994902915798412
4813 0.0934568958094695 0.9998503599531264
4814 0.09347787282300443 1.000210011857553
4815 0.09349809235672114 1.000564180986794
4816 0.09351932853537807 1.000929576520164
4817 0.09354060180155292 1.001290340361487
4818 0.09356169848657606 1.001650946113381
4819 0.09358262457249672 1.002010498064024
4820 0.09360350461881753 1.002370477461384
4821 0.09362429298762942 1.002730044001021
4822 0.09364488193251985 1.003089171823278
4823 0.09366557638317381 1.003448978648102
4824 0.09368643486138106 1.003808989141531
4825 0.09370719982375543 1.004168888174154
4826 0.09372794307406089 1.004528856230357
4827 0.09374867528725971 1.004888740207961
4828 0.09377045752539255 1.005251316940278
4829 0.09379050506153477 1.005605551636981
4830 0.09381109515078748 1.005970465011801
4831 0.09383191999625808 1.00633096982742
4832 0.09385260326034411 1.006691054450014
4833 0.09387313430162933 1.007050426617912
4834 0.09389363269880074 1.007409967078198
4835 0.09391405806930846 1.007769397461783
4836 0.09393397931829564 1.008123538725686
4837 0.09395449981407607 1.008488395259413
4838 0.09397524703189995 1.008848852622383
4839 0.09399586275714339 1.009209015760344
4840 0.09401631378739027 1.009568369426225
4841 0.09403674963069057 1.009928007976764
4842 0.09405708739854 1.010287424431237
4843 0.09407736098808209 1.010647072801655
4844 0.09409759350180877 1.011006573332094
4845 0.09411801819785558 1.011366203111881
4846 0.0941383231541999 1.011725825765939
4847 0.09415864750357199 1.012085497756701
4848 0.09417892941165365 1.012445172652518
4849 0.09419919249626342 1.012804890886032
4850 0.09421934511712737 1.013164660496361
4851 0.09423950809334387 1.013524372733152
4852 0.09425981323046308 1.013884120868699
4853 0.09428003752040753 1.014243868093181
4854 0.09430023641324556 1.014603634118231
4855 0.09432042807188591 1.014963372219623
4856 0.09434055909589632 1.015323157073649
4857 0.09436021298869063 1.015682529980631
4858 0.0943806828986181 1.016043945946606
4859 0.09440094439453092 1.016403344015062
4860 0.09442156405475739 1.016764338834527
4861 0.09444151434558677 1.017123635242726
4862 0.09446144168570543 1.017482979028231
4863 0.09448134828485845 1.01784235168311
4864 0.09450118860067958 1.018201889020803
4865 0.09452102721278448 1.018561351997062
4866 0.09454104623169692 1.018920944136388
4867 0.09456123009621424 1.019280719881567
4868 0.09458107827970458 1.019640295080079
4869 0.09460091393404077 1.019999855717084
4870 0.09462086467677373 1.020359532963798
4871 0.09464059878934983 1.020719283061753
4872 0.09466033285838851 1.021078982620982
4873 0.09468024439290265 1.021438646754285
4874 0.09470004189001704 1.02179833653383
4875 0.09471983010915366 1.02215794363586
4876 0.09473959419300652 1.022517602986385
4877 0.09475931567946314 1.022877212904165
4878 0.09477881640698831 1.023236189838845
4879 0.09479843355442588 1.023595841138847
4880 0.09481822940877087 1.023955601904911
4881 0.09483792758206122 1.024315307057929
4882 0.09485761454154464 1.024675030580631
4883 0.09487727299254614 1.02503467789716
4884 0.09489688283470089 1.025394366930142
4885 0.0949163966693171 1.025754021990003
4886 0.09493589366252607 1.02611364474149
4887 0.09495554703034516 1.026473214317834
4888 0.09497525225039939 1.026833030792099
4889 0.09499478214864501 1.027192606648175
4890 0.09501426583264898 1.027552155090843
4891 0.09503377375263254 1.027911803420586
4892 0.09505311711497649 1.028271379746765
4893 0.09507244934645639 1.028630837879863
4894 0.09509192905711909 1.028990311890034
4895 0.09511130643237981 1.029349752537726
4896 0.09513066978811084 1.029709195578996
4897 0.09515001318245685 1.030068606855961
4898 0.09516931284576621 1.030428058545648
4899 0.09518852621257663 1.030787522333295
4900 0.09520774461993753 1.031146995174184
4901 0.0952271093596527 1.031506408945135
4902 0.09524637081460985 1.031865854895909
4903 0.09526562710800807 1.032225258553467
4904 0.0952848552466292 1.032584685072661
4905 0.09530306108268796 1.032942922804992
4906 0.09532241406604995 1.03330254835116
4907 0.09534169592003577 1.03366209601954
4908 0.09536106414805536 1.034021641827702
4909 0.0953802925073973 1.034381136915036
4910 0.09539948763111999 1.034740626087402
4911 0.09541863852677511 1.035100050625749
4912 0.09543773464494323 1.035459501556834
4913 0.09545673098118168 1.035818943454163
4914 0.09547570804854374 1.036178339760641
4915 0.09549473740629401 1.036537458640305
4916 0.09551376373776482 1.036896841899444
4917 0.09553278814824609 1.037256205042828
4918 0.09555177981355457 1.037615578689638
4919 0.09557072335064155 1.037974918874603
4920 0.09558970255822687 1.038334298469591
4921 0.09560886896468006 1.038697995238639
4922 0.09562760850305604 1.039052846597112
4923 0.09564667572645756 1.039415861639058
4924 0.09566523478943198 1.039770804594489
4925 0.09568424275963062 1.040133774099767
4926 0.09570271441392529 1.040488547546916
4927 0.09572115160475202 1.040847051896144
4928 0.09573963737808365 1.041209855565309
4929 0.09575873639768787 1.041569258418084
4930 0.09577711939505951 1.041923746562806
4931 0.09579615634479825 1.042287029351248
4932 0.0958144735998436 1.042641662568291
4933 0.09583348325105841 1.043005301084316
4934 0.09585174374527215 1.043360430537198
4935 0.09587063587951664 1.043723922809667
4936 0.09588958888311315 1.044083327727109
4937 0.09590763200108789 1.044437073829331
4938 0.09592666652198345 1.044800796942201
4939 0.09594481623616262 1.045155503796436
4940 0.09596353880978008 1.045519024993552
4941 0.0959816661667337 1.045874085335379
4942 0.09600031251804951 1.046237442150835
4943 0.09601901160241234 1.046596847423716
4944 0.09603705187715435 1.046951060437259
4945 0.0960556633875447 1.047314144456539
4946 0.09607372709807797 1.047668655805292
4947 0.09609234066116902 1.048032003478441
4948 0.09611034927785886 1.048386947492695
4949 0.09612885397075173 1.04875014136398
4950 0.09614696616569102 1.049104770381045
4951 0.09616551443297203 1.049467920522918
4952 0.09618352616788048 1.049822587087765
4953 0.09620156924465241 1.05018090374289
4954 0.09622014820450076 1.050544843299637
4955 0.09623801462047385 1.050899305984116
4956 0.09625638367507854 1.051262319392758
4957 0.09627437691468849 1.051616942731919
4958 0.09629276096830451 1.051979838095177
4959 0.09631033418417846 1.052333812025827
4960 0.09632876525539022 1.052696758987792
4961 0.09634656531047829 1.053051220320959
4962 0.0963643610902834 1.053409471386495
4963 0.09638279810227686 1.053773439628341
4964 0.09640065450232559 1.0541277051051
4965 0.09641899766689288 1.054490721509954
4966 0.09643672658232691 1.054845173174029
4967 0.09645449446462777 1.055203184362724
4968 0.09647286520673749 1.055566971227722
4969 0.09649041240424852 1.05592110345436
4970 0.0965085334627179 1.056283930567947
4971 0.09652622342947276 1.056638278635206
4972 0.09654436576980638 1.057000995670542
4973 0.09656258614138681 1.057357349461201
4974 0.09658015838697363 1.05771521205205
4975 0.09659775996598527 1.058073674701474
4976 0.09661534435326842 1.058432237126938
4977 0.09663294367009548 1.058790648487054
4978 0.09665070754283045 1.059148994570799
4979 0.09666837364835407 1.059507312318875
4980 0.0966860356281934 1.059865619493886
4981 0.09670367819994205 1.060223942021336
4982 0.09672128330874717 1.060582291603976
4983 0.09673877074013221 1.060940296587207
4984 0.09675663229583996 1.061303173410432
4985 0.09677334601466869 1.061653890559608
4986 0.0967911931069208 1.062013771654003
4987 0.09680877632277027 1.062372802737332
4988 0.09682633218049518 1.062731023460995
4989 0.09684382581833775 1.063089595131998
4990 0.09686078063945541 1.063442272299323
4991 0.09687833075455264 1.063805864623318
4992 0.09689606522550084 1.064165049895433
4993 0.0969138787829207 1.064523708953564
4994 0.09692952489611868 1.064877983059263
4995 0.0969470325335036 1.065236082966165
4996 0.09696452623865955 1.065594343100749
4997 0.09698194507358904 1.06595273000306
4998 0.09699928493184409 1.066310952768397
4999 0.09701680248840322 1.066669208164485
5000 0.09703415727889925 1.067027377449271
5001 0.09705151871898522 1.067385519618923
5002 0.09706879187483972 1.067743557937964
5003 0.09708603610985975 1.068101577461962
5004 0.0971031293896709 1.068459543111356
5005 0.09712023149171298 1.068817424879211
5006 0.09713744097146899 1.069175257050658
5007 0.09715457559625701 1.0695330812423
5008 0.09717146555147836 1.069890513084515
5009 0.09718860318014075 1.070248276323531
5010 0.09720563217164835 1.070606045667439
5011 0.09722257968205684 1.070963815379541
5012 0.09723947033225525 1.071321470775566
5013 0.09725654210057268 1.071679111481025
5014 0.09727345200704364 1.072036640446892
5015 0.09729019127752823 1.0723938196393
5016 0.09730709697375689 1.072751297853325
5017 0.09732398643877192 1.073108923257682
5018 0.09734076448166856 1.073466446776151
5019 0.09735753069266342 1.073823975092934
5020 0.09737443835338463 1.074181380913779
5021 0.09739125361347377 1.074538891203341
5022 0.09740804639801653 1.074896258662345
5023 0.09742482128374651 1.075253715711466
5024 0.09744153833396731 1.075611044101842
5025 0.09745816983254352 1.075968502963775
5026 0.09747477553505768 1.07632576306118
5027 0.09749154446232029 1.076683128024308
5028 0.09750819748189817 1.077040360916364
5029 0.09752484683176585 1.077397673366264
5030 0.09754145152284567 1.077754827196768
5031 0.097558018126627 1.078112078346044
5032 0.09757447492611539 1.078469220478678
5033 0.09759104667871861 1.078826724001425
5034 0.09760763448950607 1.079183780882525
5035 0.09762411732909247 1.079540868279096
5036 0.09764058075275879 1.079897827603691
5037 0.09765702451841386 1.080254875650261
5038 0.0976734150399084 1.080611817574509
5039 0.0976897190721345 1.080968874180124
5040 0.09770600010481997 1.08132573890441
5041 0.09772244674099126 1.081682708941949
5042 0.09773878565055526 1.082039569877542
5043 0.09775512503623861 1.082396516500999
5044 0.09777178415107067 1.082754601892463
5045 0.09778804743042648 1.083111511821812
5046 0.09780416559302059 1.083468163715328
5047 0.09782028233042217 1.08382481983876
5048 0.09783656499879854 1.084181436455816
5049 0.09785276149752248 1.084538168887514
5050 0.09786984804546844 1.084896644153329
5051 0.09788598638317633 1.085253359795108
5052 0.09790195708675019 1.085609815185141
5053 0.09791788687769287 1.085966338864113
5054 0.09793375346502149 1.086322709486327
5055 0.0979498424956103 1.086679167975615
5056 0.09796578678331075 1.087035561902138
5057 0.09798178865265579 1.087392026785995
5058 0.09799771912451438 1.087748420761
5059 0.09801367089619933 1.088104905778173
5060 0.09802948452153709 1.088461360029475
5061 0.09804534888904406 1.088817826645255
5062 0.09806132265424258 1.089174237128609
5063 0.0980772589027616 1.089530734899401
5064 0.09809313638354619 1.089887146328855
5065 0.09810904762658548 1.090243621014421
5066 0.09812486284223559 1.09060002604227
5067 0.09814064164352518 1.090956520645638
5068 0.09815635278399649 1.091312868323251
5069 0.098172256205399 1.091669193035657
5070 0.09818784287275609 1.092025196807199
5071 0.09820365536540232 1.092381521337698
5072 0.09821940021934279 1.092737812703057
5073 0.09823517257511816 1.093094137625134
5074 0.09825076793077547 1.093450432715972
5075 0.09826639913984285 1.093806700536105
5076 0.09828212510347645 1.094162892064146
5077 0.09829779655654708 1.094519114974366
5078 0.09831339487024315 1.094875232291067
5079 0.09832928423231908 1.095231882510242
5080 0.0983447867065369 1.095587929915731
5081 0.09836021692222081 1.095944000593931
5082 0.09837558312873329 1.096299933075342
5083 0.09839114721534875 1.096655881751816
5084 0.09840656903751867 1.097011788347901
5085 0.0984220265557775 1.09736769191115
5086 0.09843741799349179 1.097723551753217
5087 0.09845281149125636 1.098079435067872
5088 0.09846812920830345 1.098435258430753
5089 0.09848261523886652 1.098789844829209
5090 0.09849804724509635 1.099145631212179
5091 0.09851347105507918 1.099501510195435
5092 0.09852886001014104 1.099857399621157
5093 0.09854425385354029 1.100213287572444
5094 0.09855954961735973 1.100569125371198
5095 0.09857479214074648 1.100925029622145
5096 0.09858997116730021 1.101280819317163
5097 0.09860532658366571 1.101636583902629
5098 0.0986205452018253 1.101992335030002
5099 0.0986357791192337 1.102348039865179
5100 0.09865094160722226 1.102703693474568
5101 0.09866608265814754 1.103059308775223
5102 0.09868108627887501 1.103414915815967
5103 0.09869610370371289 1.103770425889465
5104 0.09871123187972662 1.104125900222992
5105 0.09872629071689144 1.104481359656482
5106 0.0987412953341234 1.104836764922569
5107 0.09875630697105428 1.105192157421199
5108 0.09877112218805367 1.105547314218877
5109 0.0987860135125084 1.105902723893976
5110 0.09880091970742344 1.106258228618296
5111 0.09881590481963162 1.106613461513905
5112 0.09883076036928162 1.106968707889435
5113 0.09884562972171644 1.10732387949616
5114 0.09886044399703005 1.107679081101705
5115 0.09887523751963001 1.108034216161635
5116 0.09888991218766456 1.10838942168092
5117 0.09890459675620689 1.108744483277611
5118 0.09891941087165297 1.109099586462258
5119 0.09893414910956522 1.109454622527776
5120 0.0989488467066364 1.109809668260428
5121 0.09896353859974941 1.110164628449555
5122 0.09897815680560432 1.110519623279361
5123 0.09899202178693191 1.110868564574132
5124 0.09900694111683858 1.111229320604846
5125 0.09902186284110354 1.111585133227374
5126 0.09903664105519008 1.111940511733209
5127 0.09905120319695492 1.112295060340547
5128 0.09906576447357075 1.112649832313555
5129 0.09908019986704085 1.113004370591074
5130 0.09909458906291117 1.113359083027722
5131 0.09910892006768217 1.113713643202774
5132 0.09912344876549423 1.114068271266976
5133 0.09913784394831379 1.11442287538658
5134 0.09915226633594457 1.114777477814626
5135 0.09916662862549715 1.115132058406509
5136 0.09918097778097335 1.115486627536624
5137 0.09919520301009002 1.115841228675637
5138 0.09920944276967855 1.116195724230793
5139 0.09922380399849504 1.116550233277066
5140 0.09923809499588648 1.116904702202854
5141 0.09925234443299567 1.117259167847188
5142 0.09926659119604275 1.117613563805522
5143 0.09928076555404514 1.117967990859955
5144 0.09929456691812033 1.118321261200248
5145 0.09930863535647019 1.118675643799119
5146 0.09932293343185203 1.119030120644491
5147 0.09933710966141124 1.119384677588379
5148 0.09935129282653171 1.119739101433191
5149 0.09936541336299272 1.120093529230664
5150 0.09937950314239262 1.120447834389057
5151 0.09939346678486552 1.12080219155187
5152 0.0994074327224376 1.121156364570689
5153 0.09942152248664506 1.121510575811019
5154 0.09943554040250072 1.121864712867676
5155 0.09944952783467371 1.12221888854052
5156 0.09946351556068339 1.122572968411041
5157 0.09947743458835832 1.122927094982134
5158 0.09949178263931532 1.123277868153238
5159 0.09950592519590003 1.123638033886134
5160 0.0995199626000178 1.123992449273256
5161 0.09953382683260474 1.1243464930132
5162 0.09954705181192536 1.124694159657469
5163 0.09956098676311623 1.125053018298682
5164 0.09957480634525 1.125407337011267
5165 0.0995880380189237 1.125755691504164
5166 0.09960190593131089 1.126114476922787
5167 0.09961586356641441 1.12646861746605
5168 0.0996296749805801 1.126822548828682
5169 0.09964280314138015 1.127170013163585
5170 0.09965665467950591 1.127528766361993
5171 0.09967045665450458 1.127883071754434
5172 0.09968356877471697 1.128231285724425
5173 0.09969741849985171 1.128590149863043
5174 0.09971125312675853 1.128944127159846
5175 0.09972442554325632 1.129292374062919
5176 0.0997381948055939 1.129650853944989
5177 0.09975136179526975 1.129998988787524
5178 0.09976513884993737 1.130357823145666
5179 0.09977826287508297 1.130706527401254
5180 0.09979196332714813 1.131065240843583
5181 0.09980542506666626 1.131418711052255
5182 0.09981845672154956 1.131766405529694
5183 0.09983220103737947 1.132124781179841
5184 0.09984521003899192 1.132472638484517
5185 0.09985892395686743 1.132831382413255
5186 0.09987186454614873 1.133179763519312
5187 0.09988548944447592 1.133538379583184
5188 0.0998990992981523 1.133892055215419
5189 0.09991248004196179 1.134245218315953
5190 0.0999251543086033 1.13459201388652
5191 0.09993860404340739 1.13495006101377
5192 0.09995140475102797 1.135297999041624
5193 0.09996429158238727 1.135650613078529
5194 0.09997796063975818 1.136010396544567
5195 0.09999149968185408 1.136363822028735
5196 0.1000042454455577 1.13671136920583
5197 0.1000176370465254 1.13706912457397
5198 0.1000302968428794 1.13741633755183
5199 0.1000436695530862 1.137774517703255
5200 0.1000562921823829 1.13812244521227
5201 0.1000695891890835 1.138480528379368
5202 0.1000828763570395 1.138833700334768
5203 0.1000953945696763 1.139180796830029
5204 0.1001086047719803 1.139538369408369
5205 0.100121113194756 1.139885478196672
5206 0.1001343297158317 1.140243461709115
5207 0.1001467957453691 1.14059115756381
5208 0.1001599368751469 1.1409490506174
5209 0.100173068702392 1.14130202498357
5210 0.1001859724480907 1.141654495210718
5211 0.1001987132041833 1.14200620680012
5212 0.1002114118939244 1.14235822832295
5213 0.100224035093342 1.142710041591939
5214 0.1002360449874737 1.143056531676683
5215 0.1002490280109795 1.143414445430486
5216 0.1002619392382147 1.143767302010151
5217 0.1002746814414459 1.144119819866255
5218 0.1002872777302642 1.144471477256275
5219 0.1002998443958748 1.144823477114127
5220 0.1003121394654832 1.145174412905446
5221 0.1003245668766392 1.145526508439979
5222 0.1003370659161066 1.145878588838661
5223 0.1003496475369865 1.146230667353767
5224 0.1003621195637993 1.146582595249524
5225 0.1003746784754042 1.146934472287783
5226 0.1003870750315207 1.147286372539095
5227 0.1003994489174492 1.147638329740204
5228 0.1004117404673914 1.147990244539088
5229 0.1004240161770874 1.148342099204151
5230 0.1004364406142935 1.148693882363097
5231 0.1004487602792841 1.149045668689184
5232 0.1004610669611425 1.149397376325745
5233 0.1004733416414654 1.149749071836551
5234 0.1004855716690685 1.150100722503363
5235 0.1004977058552454 1.150452399954825
5236 0.1005098255887152 1.150803963032743
5237 0.1005221055759408 1.151155556114897
5238 0.1005342732102415 1.151507080658446
5239 0.1005464234700715 1.151858566848246
5240 0.1005585483216189 1.152210007661647
5241 0.1005706245226121 1.152561441431517
5242 0.1005826104575408 1.152912874554389
5243 0.1005944836673891 1.153263894098071
5244 0.1006065729729914 1.153615186173078
5245 0.1006185985789955 1.15396652276992
5246 0.1006306218277896 1.154317842800371
5247 0.1006426113631685 1.154669128393683
5248 0.1006546629192871 1.15502101965493
5249 0.1006665320929711 1.155372297552542
5250 0.100678334128104 1.155723321835257
5251 0.1006902725091686 1.156074328172904
5252 0.1007021060444372 1.1564252685774
5253 0.1007140563259945 1.156776508927055
5254 0.100725811657645 1.157127338076377
5255 0.1007375334777044 1.157478163783668
5256 0.1007491802524709 1.157829054137801
5257 0.1007608116081172 1.158179856056749
5258 0.100772603182094 1.158530672120941
5259 0.1007842883781997 1.158881455717138
5260 0.1007959688764868 1.159232221944833
5261 0.100807611626878 1.159582932566052
5262 0.1008199436509335 1.159934441794608
5263 0.100831278018576 1.160285070408271
5264 0.1008426166861523 1.16063556583733
5265 0.1008541533920576 1.160986068504863
5266 0.1008658005515455 1.161337922169492
5267 0.1008772702419114 1.161688030631966
5268 0.1008886919268697 1.16203811047979
5269 0.1009000532700769 1.16238833402838
5270 0.1009113424482692 1.16273856826753
5271 0.1009226133985968 1.16308882012897
5272 0.1009340577439949 1.163439029780222
5273 0.1009453959331134 1.163789301691556
5274 0.1009567406018451 1.164139494397561
5275 0.1009680500477874 1.164489728937085
5276 0.1009793304017739 1.164839899391248
5277 0.1009905198824635 1.165190172650787
5278 0.1010017312565871 1.16554035705556
5279 0.1010130732164596 1.165890565886235
5280 0.1010243173925545 1.166240666863759
5281 0.1010355305781686 1.166590764887758
5282 0.1010467218989668 1.166940748672668
5283 0.1010578534499174 1.167290770489767
5284 0.1010686053480005 1.167640048912589
5285 0.1010796400251194 1.167989981321638
5286 0.1010908622385003 1.168339907501617
5287 0.1011019662048131 1.168689878985928
5288 0.1011130723546814 1.169039716118422
5289 0.1011239195233238 1.169389463039707
5290 0.1011350626171506 1.169739301692777
5291 0.1011460356883578 1.170089225490712
5292 0.1011569619612828 1.170438950172774
5293 0.1011680025981903 1.170788687947164
5294 0.1011789434039937 1.171138313531335
5295 0.1011898504981123 1.171487941762899
5296 0.1012007380148792 1.171837460204984
5297 0.1012115625498487 1.172187013133436
5298 0.1012223050456303 1.172536501126229
5299 0.1012330163473685 1.172885955207362
5300 0.1012438916110646 1.173235326464448
5301 0.1012546524746159 1.173584740148848
5302 0.1012654149726377 1.173934046699828
5303 0.1012760760497114 1.174283156692771
5304 0.101286851059364 1.174632752018244
5305 0.1012974374332574 1.174982225737128
5306 0.1013080047020376 1.175331500135625
5307 0.1013187329283617 1.175680622665004
5308 0.1013293228024455 1.176029863118678
5309 0.1013399473145724 1.176378911289926
5310 0.1013505636733551 1.176728057923089
5311 0.1013611059973714 1.177077041647174
5312 0.101371534028488 1.177426114709258
5313 0.1013819589806568 1.177775005433846
5314 0.1013922857645412 1.178123428975832
5315 0.1014027762428961 1.178472329577473
5316 0.1014132529076595 1.178821252590988
5317 0.1014237212039887 1.1791701565329
5318 0.1014341222861019 1.179519052051131
5319 0.1014440010700503 1.179862622328939
5320 0.1014544991377647 1.180216673383371
5321 0.1014651490322929 1.180566289841705
5322 0.1014759182969435 1.180916060491638
5323 0.1014862407152532 1.181264469317592
5324 0.1014965015903 1.181612930163599
5325 0.1015066435563821 1.181963327536027
5326 0.1015164697544045 1.182307154643842
5327 0.1015267338194254 1.182656708778034
5328 0.1015368348748839 1.183007015031581
5329 0.1015470940580117 1.18335557330393
5330 0.1015570637083167 1.18370301278093
5331 0.1015673385484815 1.18404945097679
5332 0.1015772224619466 1.184397230197144
5333 0.1015870839757772 1.184745655265957
5334 0.1015969021455365 1.185094410481639
5335 0.1016070767574041 1.185442779480728
5336 0.1016171585848974 1.185791157930282
5337 0.1016271644281381 1.186139378349166
5338 0.101637170681266 1.186487593213352
5339 0.101647081748621 1.186835688904363
5340 0.1016569313826456 1.187183830829011
5341 0.1016667172318693 1.187531797045998
5342 0.1016766876630856 1.187879788696686
5343 0.1016865125477968 1.188227691549183
5344 0.1016959311017633 1.188570357491763
5345 0.1017054930798459 1.188918003981512
5346 0.101715288155298 1.189266934788234
5347 0.101725034781413 1.189615926026225
5348 0.1017352507066101 1.189970027384051
5349 0.1017453169333621 1.190317623685248
5350 0.1017551721962213 1.190665510308154
5351 0.1017647629090157 1.191011924017415
5352 0.1017743201791281 1.191361227220133
5353 0.1017839120568033 1.191707810215646
5354 0.1017932990488679 1.192054239558794
5355 0.1018026318974561 1.192398696092155
5356 0.1018121106038056 1.192745571929372
5357 0.1018214910792226 1.193092978652618
5358 0.1018309167604389 1.193440373641073
5359 0.1018403902718296 1.193787863268557
5360 0.1018498095459733 1.194135222668084
5361 0.1018591738583452 1.194482665856009
5362 0.1018684919996461 1.194829903580068
5363 0.1018779894520695 1.195177183460936
5364 0.1018873543343335 1.195524355578965
5365 0.1018967326383218 1.195871523651461
5366 0.1019060494534226 1.196218592145913
5367 0.101914966989666 1.196564787793761
5368 0.1019241524975668 1.196911812959607
5369 0.1019333840641096 1.19725889770865
5370 0.1019427312118548 1.197605888677638
5371 0.1019515220056618 1.197947541263895
5372 0.1019605130145661 1.198294267745019
5373 0.1019697097201449 1.19864221179082
5374 0.1019794937076559 1.19899582994231
5375 0.1019882100190799 1.199341612244389
5376 0.101997095371302 1.19968633362371
5377 0.1020063485160573 1.200032732976786
5378 0.1020155125444434 1.200379580981198
5379 0.1020246354451494 1.2007263278009
5380 0.102033676561812 1.2010727946154
5381 0.1020432001321037 1.201423891747673
5382 0.1020519622342284 1.20176653833466
5383 0.1020606728991268 1.202112711738568
5384 0.1020695071793697 1.202458298241559
5385 0.1020783661511261 1.202804935204356
5386 0.102087208869164 1.203151019655157
5387 0.1020960435782286 1.203497394712266
5388 0.1021049281705568 1.203843892342622
5389 0.1021136188531301 1.204190102460545
5390 0.1021223869240849 1.204536400150966
5391 0.1021311759341104 1.20488239288246
5392 0.1021398959639795 1.205228449937105
5393 0.1021485570681104 1.20557432323231
5394 0.1021572323257838 1.205920291040625
5395 0.1021658174482441 1.206266104320457
5396 0.1021743555492197 1.206612056902181
5397 0.1021828329333616 1.206957788173531
5398 0.1021918009434731 1.20730364840192
5399 0.1021997652921703 1.207643971397391
5400 0.1022079805692699 1.20798943883807
5401 0.1022164460489366 1.208336199837819
5402 0.1022255318411149 1.208688764442645
5403 0.1022342580424103 1.209034768251239
5404 0.1022427706314269 1.209380740803172
5405 0.1022512465567072 1.209725313940931
5406 0.1022596441704169 1.210072937152558
5407 0.1022680025731278 1.210415222094376
5408 0.1022761371462047 1.210761743956569
5409 0.1022843782059934 1.211104354082658
5410 0.1022923887530443 1.211449140168886
5411 0.1023004474606081 1.211794262676442
5412 0.1023087696874844 1.212139727211923
5413 0.1023169928657614 1.21248505377076
5414 0.1023252560753794 1.212830452655999
5415 0.1023334540257906 1.213175668622564
5416 0.102341645452874 1.21352095492327
5417 0.1023496978581651 1.213866098681336
5418 0.1023577713853599 1.214211242606747
5419 0.1023659439970591 1.214556220470912
5420 0.1023740546851867 1.214901273136442
5421 0.1023821029290215 1.215246136635863
5422 0.1023901638301616 1.215591076479383
5423 0.1023981299963207 1.215935855932435
5424 0.1024060463552261 1.21628075516743
5425 0.102413898125325 1.21662543022263
5426 0.1024214642192306 1.216964795047064
5427 0.1024291296996248 1.217309285994884
5428 0.102437024783712 1.217654997337498
5429 0.1024450235458428 1.218000767812397
5430 0.1024535132090428 1.218351941584862
5431 0.1024615458716519 1.218696386884242
5432 0.1024694529281785 1.219041201352547
5433 0.1024772383831069 1.21938438954669
5434 0.1024849232708864 1.219728316200561
5435 0.1024925087029021 1.220071643349679
5436 0.1025000959001713 1.220415418545693
5437 0.1025075608618645 1.220759093389293
5438 0.1025150836153242 1.221103189535577
5439 0.1025226395548568 1.221447432025687
5440 0.1025303105261425 1.221791481840715
5441 0.1025379280321714 1.22213571610474
5442 0.1025454890540638 1.222479702834865
5443 0.1025530666280459 1.222823834709816
5444 0.1025605514823783 1.223167757203314
5445 0.1025679854347572 1.223511835029681
5446 0.1025753559620551 1.223855655855863
5447 0.1025829164266055 1.224199589508002
5448 0.1025903184521335 1.224543338689327
5449 0.1025977444779682 1.224887150909101
5450 0.1026053148653255 1.225231315201083
5451 0.1026126255919408 1.225574958325166
5452 0.1026193532270442 1.225913163045823
5453 0.1026260256766144 1.226256550425562
5454 0.1026334297373871 1.22660107012089
5455 0.1026408491532384 1.226945738818015
5456 0.1026482656300672 1.227290179140672
5457 0.1026556299973686 1.227634354906959
5458 0.1026634589473589 1.227983983816348
5459 0.102670789220081 1.228326835456136
5460 0.1026779382741318 1.228670361060015
5461 0.1026850280143952 1.229012074239574
5462 0.1026927972636885 1.229356320501113
5463 0.1026995129905506 1.229698010515178
5464 0.1027062172915931 1.23004024651682
5465 0.1027129548151476 1.230382399599393
5466 0.1027196838803205 1.230725053788573
5467 0.1027264362786331 1.231067717824637
5468 0.1027334002548597 1.231410526376123
5469 0.1027402631153499 1.231753354468651
5470 0.1027471351236559 1.232096112811944
5471 0.1027539841029101 1.232438933488701
5472 0.1027608249964458 1.23278170177785
5473 0.1027675496886625 1.233124516549353
5474 0.1027742913218157 1.233467201649427
5475 0.102781152292219 1.233809899863915
5476 0.1027879441123411 1.234152534850728
5477 0.1027946904220561 1.234495146408331
5478 0.102801438343844 1.234837682542346
5479 0.1028077397170321 1.235175003721023
5480 0.1028139346093777 1.235516855677453
5481 0.1028204333946692 1.235860188774697
5482 0.1028272616941457 1.236203856138095
5483 0.1028340619705517 1.236547298667679
5484 0.1028408599175744 1.236890706801826
5485 0.1028475922511948 1.23723360777006
5486 0.1028543010019684 1.237576391660182
5487 0.102860806423325 1.237918962015477
5488 0.1028671169878767 1.238260946920912
5489 0.1028737055721228 1.238603163177243
5490 0.1028801999589389 1.238945377195399
5491 0.1028866733014749 1.239287518452708
5492 0.1028931097427541 1.239629588732299
5493 0.1028994943617173 1.239971607166584
5494 0.1029057807261222 1.240313603278835
5495 0.1029120459120562 1.240655481931694
5496 0.1029181775518516 1.240995036376267
5497 0.1029243541158014 1.241336491240154
5498 0.1029306150741082 1.241678425786348
5499 0.1029369107229638 1.242020520802822
5500 0.1029436393201713 1.242368565631239
5501 0.1029513098301061 1.242714694439422
5502 0.1029554952928326 1.243043566378924
5503 0.1029614592117493 1.243385033104913
5504 0.102967556522336 1.243727344015964
5505 0.1029737635942183 1.244069706144023
5506 0.1029799767636776 1.244411847897969
5507 0.1029861366812739 1.244753761953261
5508 0.1029921828123095 1.245095514833578
5509 0.1029981906313816 1.24543705837841
5510 0.1030043275429236 1.245778507841797
5511 0.103010351282839 1.24611987999029
5512 0.1030163510633086 1.246461162476691
5513 0.1030227558628205 1.246808221556103
5514 0.103030115852056 1.247153148290125
5515 0.1030339633233132 1.247481802851956
5516 0.103039404106669 1.24782198966558
5517 0.1030449234556616 1.248162193563019
5518 0.1030507735707775 1.248503934200026
5519 0.1030567162694507 1.248845674027186
5520 0.1030626416532445 1.249187211101529
5521 0.1030685034019174 1.249528557600751
5522 0.1030740778023419 1.249869340525796
5523 0.1030803040666164 1.250216502287926
5524 0.1030858812725898 1.250550430307324
5525 0.1030930035618036 1.250903600039647
5526 0.1030971225423894 1.251230166433641
5527 0.1031024503247963 1.251570586853211
5528 0.1031079125174822 1.251911452452214
5529 0.1031134176895802 1.252252602181957
5530 0.1031189579408949 1.252593564654114
5531 0.1031246529218309 1.252934373157789
5532 0.103130232934878 1.253275026812491
5533 0.1031362726370309 1.253621567109032
5534 0.1031418236268021 1.253957867947384
5535 0.1031467753100346 1.254294669414504
5536 0.1031518860697932 1.254634815735047
5537 0.1031571309245521 1.254975216918794
5538 0.1031630790009613 1.255321669366304
5539 0.1031685048125196 1.25565787418272
5540 0.1031733712582032 1.255994489139898
5541 0.1031784634465604 1.256334428108283
5542 0.1031836626322223 1.256674681003219
5543 0.1031888360215152 1.25701494693314
5544 0.1031944985573131 1.257361059318855
5545 0.103200926463041 1.257704032435021
5546 0.1032045394313156 1.258031982064478
5547 0.1032093122788839 1.258371137097087
5548 0.1032143454156247 1.258711349696995
5549 0.1032194686999598 1.259051713315047
5550 0.1032245389215338 1.259391920734879
5551 0.1032295864788334 1.259731842320491
5552 0.1032348528112495 1.260071926076717
5553 0.1032398966172918 1.260411518771883
5554 0.1032448905741421 1.260750925495625
5555 0.1032498383036844 1.261090229786694
5556 0.1032553693163248 1.261435660348425
5557 0.1032618728611701 1.261778930293913
5558 0.1032642056569588 1.262105207148091
5559 0.1032687034795891 1.262443057956081
5560 0.1032733822265841 1.262782452067409
5561 0.1032782003219034 1.263122126523409
5562 0.1032830210156893 1.263461584918123
5563 0.103287800305526 1.263800866651137
5564 0.1032924758383052 1.264140018985894
5565 0.1032971189074888 1.264478983600415
5566 0.1033018944073441 1.264817866659637
5567 0.1033065574434048 1.265156668203244
5568 0.1033111949098941 1.26549537802674
5569 0.103315794024683 1.265834014615955
5570 0.1033207664466107 1.266178480981373
5571 0.1033269793519097 1.266521120610822
5572 0.103329343116588 1.266849197054884
5573 0.1033333784493378 1.267184778978911
5574 0.1033376781948254 1.267523039922321
5575 0.1033421254253277 1.267861832557273
5576 0.1033466110800448 1.268200634894239
5577 0.103351068291081 1.268539330724449
5578 0.1033556477856661 1.268878542083405
5579 0.1033599779072321 1.269217014278521
5580 0.1033644028780502 1.269555246277516
5581 0.1033687101511341 1.269893360906131
5582 0.103372994139388 1.270231377072666
5583 0.1033772432895794 1.270569322979167
5584 0.1033818226813739 1.270912954132615
5585 0.1033878067304687 1.271255170739473
5586 0.1033897519861998 1.271582469341078
5587 0.1033934547009453 1.271917441230478
5588 0.1033974271246649 1.272255044609918
5589 0.1034015444008492 1.272593188982381
5590 0.1034056989384972 1.27293134705082
5591 0.1034098242731838 1.273269398787469
5592 0.1034138511368885 1.273607350140824
5593 0.1034178464499565 1.273945114097291
5594 0.1034218457777205 1.27428322402615
5595 0.1034262452496545 1.274625051891429
5596 0.1034320114913834 1.274966661717376
5597 0.1034335512843812 1.275293091803915
5598 0.1034371066129453 1.275628126740159
5599 0.1034408165454419 1.275965610330456
5600 0.1034446456929348 1.27630354063156
5601 0.1034486694001819 1.276641438921051
5602 0.1034530125828969 1.276985121137818
5603 0.1034589439672264 1.277327358922265
5604 0.103460438294077 1.27765366286141
5605 0.103463625070411 1.277987878930351
5606 0.1034671223714464 1.278324880980275
5607 0.1034707558086334 1.27866235493243
5608 0.1034745893381453 1.278999814327417
5609 0.103478330456933 1.279337125073288
5610 0.103482459539495 1.27968020462242
5611 0.1034881666110541 1.280021909482601
5612 0.1034894357302931 1.280347739141394
5613 0.1034921856631404 1.280680971327363
5614 0.1034954856423606 1.281017450549254
5615 0.1034991215126194 1.281354621104542
5616 0.1035031626529045 1.281697856008825
5617 0.1035085784362966 1.28203942355891
5618 0.1035100392368547 1.282365314297513
5619 0.1035129142628713 1.282698988198926
5620 0.1035160886876344 1.283035423451997
5621 0.1035194077309262 1.283372318484384
5622 0.1035229258629928 1.283709164954431
5623 0.1035268481216724 1.284052179394602
5624 0.1035321110153023 1.284393386017465
5625 0.1035335430558369 1.284719304388426
5626 0.1035359483519745 1.285051385825781
5627 0.1035386040600896 1.28538622894194
5628 0.103541721713381 1.285722746262113
5629 0.1035455908369727 1.286065703017466
5630 0.1035509979870917 1.286410111941599
5631 0.1035519991598514 1.28673130588849
5632 0.1035546767569066 1.287065051287857
5633 0.1035580213163228 1.287404612814296
5634 0.1035629370803219 1.287751850552286
5635 0.1035639350919231 1.288074188932032
5636 0.103567212758529 1.288410201940355
5637 0.103570098452539 1.288745814124653
5638 0.1035736185624849 1.289089216321961
5639 0.1035765011469348 1.28941853454942
5640 0.1035790634190066 1.289752474068223
5641 0.1035815394062748 1.290087253098996
5642 0.1035842572475656 1.290422643684309
5643 0.1035871786135196 1.290758002361719
5644 0.1035900796644132 1.291093574436319
5645 0.1035928922750694 1.291428644542754
5646 0.1035956504845102 1.291763573080374
5647 0.1035987100127523 1.29210378588023
5648 0.1036014934977171 1.292437636204955
5649 0.1036041499670247 1.292772353915157
5650 0.1036067493875208 1.29310538036268
5651 0.1036093304223046 1.293439708159993
5652 0.1036114762663488 1.293772089206209
5653 0.1036137996561724 1.294105596858966
5654 0.1036162644086991 1.294439816515008
5655 0.1036188930096042 1.294775052574077
5656 0.10362143625069 1.295109962327129
5657 0.1036239681272486 1.295444206947654
5658 0.1036263852463678 1.295778348503932
5659 0.103628808344137 1.296112499884514
5660 0.1036312396016497 1.296446855982216
5661 0.1036334932729471 1.296780647237126
5662 0.103635775010034 1.297114861658237
5663 0.1036382276780801 1.297449395760026
5664 0.1036406275642661 1.297783492751334
5665 0.1036428925472294 1.298117451666232
5666 0.103644857175228 1.298446219485529
5667 0.103646709141655 1.298779561963221
5668 0.1036488302680919 1.299114392641032
5669 0.1036510375727127 1.29944939319207
5670 0.1036532740322353 1.299784111352704
5671 0.1036556444837908 1.300118567122559
5672 0.1036578862407069 1.300452776191296
5673 0.1036600808206687 1.300786755305662
5674 0.1036622161400084 1.3011205511475
5675 0.1036642805330014 1.301454206495152
5676 0.1036662232975557 1.301787748134178
5677 0.1036686061127284 1.302126983304192
5678 0.1036705366761017 1.30245414059263
5679 0.1036722307727149 1.302786713215834
5680 0.1036740368052073 1.303120309354053
5681 0.1036759140475258 1.303453899427655
5682 0.1036777820149294 1.303787323394224
5683 0.1036795622427475 1.30412060614532
5684 0.1036813451677686 1.304458697898751
5685 0.1036833228217418 1.304790216213255
5686 0.1036850077914956 1.305121250340138
5687 0.1036870780817766 1.305457292820856
5688 0.1036888614419402 1.305788857335974
5689 0.1036900939184527 1.306116361777946
5690 0.1036915994104065 1.306449650011643
5691 0.1036931202506829 1.306782207912356
5692 0.1036948294621835 1.307115262846113
5693 0.103696400414848 1.307447478212189
5694 0.1036980107834542 1.307780129418584
5695 0.1036995547573059 1.308112398436515
5696 0.1037010931151699 1.308444883729895
5697 0.103702503352848 1.308777202981927
5698 0.1037039307492392 1.309109533760632
5699 0.1037054629613431 1.30944174494356
5700 0.1037069289598714 1.309773980338659
5701 0.103708341573436 1.31010609743232
5702 0.1037093856070434 1.310433237914316
5703 0.103710454478826 1.310764698180186
5704 0.103711641641185 1.311097694537186
5705 0.1037128854252898 1.311431389663237
5706 0.1037144473450231 1.311764148438818
5707 0.1037158783954714 1.312096621483528
5708 0.1037172516897347 1.312428836139988
5709 0.1037190824019764 1.312765508525854
5710 0.1037204876036786 1.313096693112227
5711 0.1037216527506423 1.313428809807345
5712 0.1037225914703719 1.313758952748465
5713 0.1037238594099812 1.314092596632595
5714 0.1037249335206386 1.314423124386956
5715 0.1037258739069127 1.314753463962521
5716 0.1037267239152905 1.315083365809872
5717 0.1037273408614889 1.315413419628986
5718 0.1037280668469591 1.315742178878944
5719 0.1037287759386106 1.316072852159819
5720 0.1037297639745427 1.316404197122129
5721 0.103730687856237 1.316735508106748
5722 0.1037316617445618 1.317066868270646
5723 0.1037325796622842 1.317398045844915
5724 0.1037334859214875 1.317729227798966
5725 0.1037342595778035 1.318060286430609
5726 0.1037350456620498 1.318391259507665
5727 0.1037359306208121 1.318722117823056
5728 0.103736746108667 1.31905294479545
5729 0.1037375040199532 1.319383656736776
5730 0.1037382634193196 1.319714318890472
5731 0.1037385032520108 1.320039896646337
5732 0.1037386534778031 1.320369366177084
5733 0.1037391984636063 1.320700776080131
5734 0.1037405172913663 1.321037829900454
5735 0.1037415360047349 1.321368798790278
5736 0.1037423455171835 1.321699798270589
5737 0.1037429568580143 1.32202919206586
5738 0.1037436133204028 1.322361651317102
5739 0.1037436556700633 1.32268676406426
5740 0.1037439996925884 1.323017445152241
5741 0.1037446195312987 1.323349722127128
5742 0.103745106723238 1.32367964225415
5743 0.1037455057420051 1.324008890572804
5744 0.1037453985958241 1.324333831276623
5745 0.1037457729550596 1.324665401762462
5746 0.1037460138630257 1.324995533447388
5747 0.1037462703721319 1.325325730191858
5748 0.1037466820823934 1.325655363982133
5749 0.1037469152412829 1.325985034016634
5750 0.1037472142657086 1.326314604747731
5751 0.1037474559968497 1.326644270679794
5752 0.1037476720469943 1.326973763341155
5753 0.1037477628173607 1.327303300757554
5754 0.1037478346474372 1.32763200838993
5755 0.1037480912882669 1.327961607712341
5756 0.1037482428400114 1.328290996306324
5757 0.1037483395607977 1.32862031004219
5758 0.1037484083133413 1.328949449600961
5759 0.1037484009784848 1.329278572936222
5760 0.1037478957167711 1.329602478252253
5761 0.1037475058160032 1.329930794415632
5762 0.1037479451669344 1.330266139254782
5763 0.1037483067840357 1.330596246693053
5764 0.1037479297670213 1.33092297299039
5765 0.1037482676480217 1.33125386440446
5766 0.1037476052684583 1.331579401059563
5767 0.1037477160827591 1.331910210578399
5768 0.103747370746729 1.332240774883962
5769 0.1037473034780787 1.33256874183454
5770 0.103746980686509 1.332896008267772
5771 0.1037466411018691 1.333223709931744
5772 0.1037458392200531 1.333546883273144
5773 0.1037457563915035 1.333877474951938
5774 0.1037453181555503 1.334206359452024
5775 0.1037447558284189 1.334536516985201
5776 0.103744612973817 1.334864797291558
5777 0.103743850034346 1.335188145781772
5778 0.1037436285562011 1.335520136625804
5779 0.1037433229527549 1.335848600569622
5780 0.1037424670211807 1.336171974457969
5781 0.1037421341240729 1.336504030902109
5782 0.1037412392690085 1.336827564383392
5783 0.1037411397970003 1.337157968425831
5784 0.1037404384705273 1.337487628783513
5785 0.1037395807200416 1.337810893386464
5786 0.1037393269070142 1.338140874968011
5787 0.1037386298481219 1.338468570336473
5788 0.1037378440747107 1.338796104766948
5789 0.1037370105714169 1.339123254675836
5790 0.1037363412393982 1.339450521941113
5791 0.1037355492401813 1.339777672415634
5792 0.1037347680765873 1.340104823695841
5793 0.1037339325046193 1.340431878875463
5794 0.1037330770197814 1.340758930467221
5795 0.103732103905177 1.34108593396285
5796 0.1037311387728269 1.341412854593072
5797 0.1037299166427588 1.341734743614959
5798 0.1037284938838737 1.342060173868725
5799 0.1037275223970688 1.342387956841512
5800 0.1037271352873622 1.342721465009435
5801 0.103726484961256 1.343048643969264
5802 0.1037251890802589 1.34337439592528
5803 0.1037245554493643 1.343702725935147
5804 0.1037234823661047 1.344027843405142
5805 0.1037222712471806 1.344355902833883
5806 0.1037211751007343 1.344681512045096
5807 0.1037200609869154 1.345005592376177
5808 0.1037186479544936 1.345330960698004
5809 0.1037172400316352 1.345657081427096
5810 0.1037158722485268 1.345983161441125
5811 0.1037146660553447 1.346308890532018
5812 0.1037133617478093 1.346634993819557
5813 0.1037120727196323 1.346961043888698
5814 0.1037107620630564 1.347287034648526
5815 0.1037094077655633 1.347612958652124
5816 0.1037078575008708 1.347938963072022
5817 0.1037064252185078 1.348264747156252
5818 0.1037051156181872 1.348590424825916
5819 0.1037036910519948 1.34891602930074
5820 0.1037022338184816 1.34924154518841
5821 0.1037007441262615 1.349567001919798
5822 0.1036991888466145 1.349891433243091
5823 0.1036974600875153 1.350216637015169
5824 0.1036957472740184 1.350541865592408
5825 0.1036942408500004 1.350867362072331
5826 0.1036922223354273 1.351191836787589
5827 0.1036905832306265 1.351516928388919
5828 0.1036890315421862 1.351842183728605
5829 0.1036874323389012 1.352167587968284
5830 0.1036857374059322 1.352492794730239
5831 0.103684002755632 1.352817990087407
5832 0.1036823994923926 1.353142950376815
5833 0.1036806759410727 1.35346796354327
5834 0.1036789317077797 1.353792726622835
5835 0.103677139025494 1.354117540601961
5836 0.1036752975936897 1.354442139629465
5837 0.1036733491084212 1.354766835034844
5838 0.103671428805215 1.355091362523814
5839 0.1036695790908115 1.35541585757161
5840 0.1036676288465743 1.355740136382037
5841 0.1036656533917644 1.356064469120634
5842 0.1036636538973733 1.356388598897273
5843 0.1036615997942303 1.356712815854093
5844 0.103659459242639 1.357036878358117
5845 0.1036572923226388 1.357360945729573
5846 0.1036552741003474 1.357684836895498
5847 0.1036529447975989 1.358007975827916
5848 0.1036508388764561 1.358331863046865
5849 0.1036487457936625 1.358655974966212
5850 0.1036465907242839 1.358979859643584
5851 0.1036443246156243 1.359303817916759
5852 0.1036420389802595 1.359627479874946
5853 0.1036398785140264 1.359951209674943
5854 0.1036376262232165 1.360274733367037
5855 0.1036353597105751 1.360598333285908
5856 0.1036330568809334 1.360921725024402
5857 0.1036306878493642 1.3612451540544
5858 0.1036282307285771 1.361568432562839
5859 0.1036257426184483 1.361891692388391
5860 0.1036232742583484 1.362214393640922
5861 0.1036208167160191 1.362537514230172
5862 0.103618375664499 1.362860523066359
5863 0.1036159001398548 1.363183603339591
5864 0.1036133871446658 1.363506532205343
5865 0.1036107708518806 1.363829544387261
5866 0.1036081419001651 1.36415231975677
5867 0.103605717781284 1.364475459784672
5868 0.1036031193305898 1.364798110876128
5869 0.103600522188883 1.365121923402601
5870 0.1035979359309171 1.365444214290924
5871 0.1035952357958327 1.365766577556828
5872 0.1035924093356699 1.366088749698119
5873 0.1035895580605002 1.366410976476552
5874 0.1035870779592369 1.3667337962378
5875 0.103584269277869 1.367056015324428
5876 0.1035814246824377 1.367377937823208
5877 0.1035785421859509 1.36769988366477
5878 0.1035756282621077 1.368021720576291
5879 0.1035724713259336 1.368343011015344
5880 0.1035694636620802 1.368664766659035
5881 0.103566612402853 1.368986705255055
5882 0.1035636741394863 1.369308522224625
5883 0.1035610125950973 1.369631090975243
5884 0.1035579829518946 1.369952787347865
5885 0.1035548858733155 1.370274387242561
5886 0.1035517102594217 1.370595830154204
5887 0.1035485118595536 1.370917256424472
5888 0.103545468344463 1.371238551984088
5889 0.1035423204980906 1.371559907804841
5890 0.1035391713844608 1.371881106391462
5891 0.1035359837916062 1.372202348860906
5892 0.1035327612851957 1.37252345034708
5893 0.103529437313551 1.372844627423617
5894 0.1035261047825011 1.373165588969719
5895 0.1035228986657113 1.373486601394663
5896 0.1035196029669623 1.373807462185079
5897 0.1035162770249342 1.374128433352476
5898 0.1035129253519093 1.374449095847171
5899 0.1035095251360682 1.374769852589133
5900 0.1035060460679335 1.375090476170874
5901 0.1035025426276929 1.375411122274284
5902 0.1034991918807502 1.375731613159827
5903 0.1034957365932508 1.376052188701152
5904 0.1034922785760182 1.376372572798606
5905 0.1034887807294283 1.37669301819007
5906 0.1034852460442398 1.377013286774486
5907 0.1034816094801316 1.377333649350475
5908 0.1034779576655702 1.377653752580489
5909 0.1034744344538335 1.377973941109172
5910 0.1034708708418414 1.378293665109988
5911 0.1034671796036576 1.378613722523988
5912 0.1034634949623089 1.378933600257063
5913 0.1034597618398901 1.379253550527746
5914 0.1034559499569218 1.379573340341856
5915 0.103452108650375 1.379893127665344
5916 0.1034484150324619 1.380212732624932
5917 0.103444611243498 1.380532403443557
5918 0.10344080200916 1.380851867642803
5919 0.1034369512521085 1.381171389862003
5920 0.1034330634223334 1.38149072716897
5921 0.1034290731825603 1.381810161911095
5922 0.103425074602616 1.382129345314798
5923 0.1034212024224878 1.382448606239641
5924 0.1034172426558209 1.382767681407367
5925 0.1034123968744853 1.383084323581917
5926 0.1034084949703272 1.383403370329941
5927 0.1034045993606046 1.383722827510082
5928 0.1034002128075808 1.384040983424892
5929 0.1033962020600375 1.384360371995561
5930 0.1033923306080247 1.384679521313235
5931 0.1033883299973525 1.384998675671309
5932 0.1033849605570374 1.385319638768522
5933 0.103380794601254 1.385638384580928
5934 0.1033765294859443 1.385956642826379
5935 0.1033721704845349 1.38627497379007
5936 0.1033678204835168 1.386593090987183
5937 0.1033636102347443 1.386911326996996
5938 0.1033593233309503 1.38722941967403
5939 0.1033550139000942 1.387547588846783
5940 0.1033506862768988 1.387865581456661
5941 0.1033464004839789 1.388184834373791
5942 0.1033422102139476 1.388503268038935
5943 0.1033376353369831 1.388820906450343
5944 0.1033331984114688 1.389138334176731
5945 0.1033286553706481 1.389455878699306
5946 0.1033241181342011 1.389773255395663
5947 0.1033195474619497 1.390090746517684
5948 0.1033149515690306 1.390408083806437
5949 0.1033102573597413 1.390725557230869
5950 0.1033055890837631 1.391042926946674
5951 0.1033010234544003 1.391360260656888
5952 0.103296376301102 1.391677410390902
5953 0.103291703639495 1.39199463387733
5954 0.1032870195884039 1.392311673068304
5955 0.1032822791142521 1.39262880743053
5956 0.1032777274789672 1.392946695229336
5957 0.1032745108332134 1.393263125109023
5958 0.1032693753741951 1.393579460934344
5959 0.1032641955727677 1.393896521670569
5960 0.1032591584084735 1.394213613522759
5961 0.1032541768963469 1.394530555175387
5962 0.1032493295715814 1.39485210774905
5963 0.1032443112983397 1.395163097574707
5964 0.1032390408742223 1.395478817643166
5965 0.1032339981033415 1.395795566289936
5966 0.103228961416745 1.396112324398189
5967 0.1032239596398449 1.396428891726382
5968 0.1032191112467455 1.396746058219284
5969 0.103214068607146 1.397062302555974
5970 0.1032089076830402 1.397378361037594
5971 0.1032037209910732 1.397694266962546
5972 0.1031987214824348 1.398014521966064
5973 0.1031936082847457 1.398324782652128
5974 0.1031882792567474 1.398639880289978
5975 0.1031829971369906 1.398955937502294
5976 0.1031777588278917 1.399272015686617
5977 0.1031724696128405 1.399587964986372
5978 0.1031671688688985 1.399903680974598
5979 0.1031619986344492 1.400219263658643
5980 0.1031567218930474 1.400534741715647
5981 0.103151550396908 1.400854803198036
5982 0.1031462760016706 1.401164541616697
5983 0.1031407097843992 1.401479075730547
5984 0.1031351199170336 1.401794576835947
5985 0.1031296094997561 1.402110028625315
5986 0.1031242615230639 1.402425303605509
5987 0.1031188245428624 1.402740411162117
5988 0.103113369179331 1.403055365193256
5989 0.1031078819331691 1.403370224549262
5990 0.1031023393182457 1.403684990786413
5991 0.1030968244248098 1.404004375030914
5992 0.1030912263079632 1.404313463688396
5993 0.1030855363658544 1.404627374980331
5994 0.10307981156335 1.40494217536949
5995 0.1030741563755475 1.405256947691802
5996 0.1030685092118953 1.405571543923622
5997 0.103062823049435 1.405885973913556
5998 0.1030570419850038 1.406200296049245
5999 0.1030512356602186 1.406514448940279
6000 0.1030455598220611 1.406828525835997
6001 0.1030399018988326 1.407147199225184
6002 0.1030341694859736 1.407455504959922
6003 0.1030281603662092 1.407768682929028
6004 0.1030221740396627 1.408082796539956
6005 0.1030162817478912 1.408397232576439
6006 0.1030101678707983 1.408710681948389
6007 0.1030043385721542 1.409024348167042
6008 0.1029984344108491 1.409338000159603
6009 0.102992516691089 1.409651568300682
6010 0.1029865476795195 1.409965005727123
6011 0.1029805525903042 1.410278428327315
6012 0.1029744767901049 1.410596144824351
6013 0.1029683532227257 1.410903693340184
6014 0.1029621676878702 1.411216112469575
6015 0.1029558976083897 1.411529347289422
6016 0.1029497580677676 1.411842665724148
6017 0.1029436381266472 1.412155847091037
6018 0.102937582752931 1.412468838312134
6019 0.1029313002039599 1.412781711023672
6020 0.1029251348275078 1.413099239200421
6021 0.1029192830498115 1.413407900235627
6022 0.102910728199345 1.413715103761646
6023 0.1029045105719944 1.414027822503658
6024 0.1028984638945343 1.414340995253452
6025 0.1028928206191492 1.414659223964049
6026 0.1028863472690089 1.414966510717943
6027 0.1028798464703935 1.415278052334506
6028 0.1028735747981827 1.415590683554808
6029 0.1028672640687551 1.41590332269102
6030 0.102860482999541 1.416214917379759
6031 0.1028547140942425 1.416532352226626
6032 0.1028480028978483 1.41683859175559
6033 0.1028412878927863 1.417149663719365
6034 0.1028346784567285 1.41746188968899
6035 0.1028282688218926 1.417774118345805
6036 0.1028217685751425 1.418086104439256
6037 0.1028157512741037 1.418403142719171
6038 0.1028088750049813 1.418709072310008
6039 0.1028021135735799 1.41901985150769
6040 0.1027952585310432 1.419331474217737
6041 0.1027884330735766 1.419642942842747
6042 0.1027817529476169 1.419954167490244
6043 0.1027749782585027 1.42026519712058
6044 0.1027686733549358 1.420581290114439
6045 0.1027615134491736 1.42088622337721
6046 0.1027544065051764 1.421195956836091
6047 0.1027473621022836 1.421507000126337
6048 0.1027403924071991 1.421818029003453
6049 0.1027335362317569 1.422128705982571
6050 0.1027266431639099 1.422439356329528
6051 0.10272022426905 1.422755080513536
6052 0.1027146174288079 1.423063765049265
6053 0.102707245598928 1.423372969111457
6054 0.1026997939480033 1.423682969846658
6055 0.102692421231197 1.423992945702869
6056 0.1026852918547099 1.424302923919168
6057 0.1026780514723089 1.424612593457462
6058 0.1026708084817864 1.424922126436387
6059 0.1026642351251724 1.425232648623055
6060 0.1026567684205358 1.425542029591923
6061 0.1026493764581028 1.425855684238023
6062 0.102641706393033 1.426159042085252
6063 0.1026342686603265 1.426467465784247
6064 0.1026268589322839 1.426777139457971
6065 0.1026195449469363 1.427086881236075
6066 0.1026122547008863 1.427396465219894
6067 0.1026049344549596 1.427705874143598
6068 0.1025975246037573 1.428015161745898
6069 0.102590091621186 1.428324268018753
6070 0.1025829402828596 1.428637792833034
6071 0.1025755603348262 1.428941585458676
6072 0.1025679628344313 1.429249633668084
6073 0.102560407750906 1.429558753042003
6074 0.1025529591212912 1.429868512713244
6075 0.1025453858903448 1.430177391665843
6076 0.1025377934416517 1.430486004247407
6077 0.1025303264810541 1.430794455094944
6078 0.1025227536902389 1.431102797150677
6079 0.1025151570452176 1.431411038895781
6080 0.102507678310974 1.431723704715661
6081 0.1025000374808981 1.432026695202545
6082 0.1024920837191726 1.43233398715862
6083 0.1024841865844648 1.432642262395575
6084 0.1024765181507869 1.432950584800724
6085 0.1024687136342449 1.433258516884133
6086 0.1024609831029386 1.433566407299318
6087 0.1024532355032711 1.43387420453596
6088 0.1024454352853349 1.434181901014409
6089 0.1024375372597163 1.434489536133575
6090 0.1024297736048189 1.434801517953639
6091 0.1024220249301954 1.435103924373356
6092 0.1024139525281624 1.435410502422081
6093 0.102405936592402 1.435718067030285
6094 0.1023979807500739 1.436025651242289
6095 0.102390023179351 1.436333076435208
6096 0.1023819936231274 1.436640369909369
6097 0.1023739404461231 1.436947428819966
6098 0.1023660064229092 1.437254346530255
6099 0.1023581208382697 1.437565665227159
6100 0.1023500915640727 1.437867301412088
6101 0.1023418050950934 1.438173124686443
6102 0.1023335382181176 1.438479962950039
6103 0.102325267646548 1.438786854470019
6104 0.102317017295486 1.439093498738736
6105 0.1023090582031979 1.439404417354539
6106 0.102300904024587 1.439705882911316
6107 0.1022924794677773 1.440011209778554
6108 0.1022840758066511 1.440317460896853
6109 0.1022757096791855 1.44062374393694
6110 0.1022673013997662 1.440929906026937
6111 0.1022588939315056 1.441235841549557
6112 0.1022506268697171 1.441541653009286
6113 0.1022422647464862 1.441847370736189
6114 0.1022338883074676 1.442153000428287
6115 0.1022256365019547 1.442463051555659
6116 0.1022172263283246 1.442763462331923
6117 0.1022085059291346 1.443068157921035
6118 0.1021998388851535 1.443373808846841
6119 0.1021913949986638 1.443679488027687
6120 0.1021829558614062 1.443985126815923
6121 0.1021744548805112 1.44429045786628
6122 0.1021658967743517 1.444595540121937
6123 0.1021572787539024 1.444900472651395
6124 0.1021485655158329 1.445205335523394
6125 0.1021399690973469 1.445514482143079
6126 0.1021314334764776 1.445814172156262
6127 0.1021225648761286 1.446118034731644
6128 0.102113748708848 1.446422853650157
6129 0.1021049920368877 1.4467276827667
6130 0.1020962528386024 1.447032503684654
6131 0.1020874770315395 1.447337145823815
6132 0.1020786068985473 1.447641378380114
6133 0.1020698570888544 1.447945482493778
6134 0.1020610053937926 1.448249502206843
6135 0.1020522649888334 1.448557855279363
6136 0.1020433237304251 1.448856373389693
6137 0.1020342148255834 1.449159436997842
6138 0.1020250918743994 1.449463545831179
6139 0.1020160384685773 1.449767613603361
6140 0.1020073747685198 1.450071382127002
6141 0.1019983690360688 1.450375109899741
6142 0.1019893307093235 1.450678680704101
6143 0.1019802701706958 1.450982125243987
6144 0.101971170330686 1.451285475233725
6145 0.1019619867976137 1.4515887674815
6146 0.1019527886853449 1.451891911550019
6147 0.10194372778461 1.452194981006107
6148 0.1019345697987142 1.452497957504419
6149 0.1019254059770553 1.452800873297362
6150 0.1019161761367927 1.453103623646553
6151 0.1019069150286703 1.453406299028109
6152 0.1018975787961341 1.453708944526035
6153 0.1018882320729961 1.454011464602092
6154 0.101879020916663 1.454313922197585
6155 0.1018697131457871 1.454616309000498
6156 0.1018603141618784 1.454918429369403
6157 0.101850912905194 1.455225265776111
6158 0.1018415975126503 1.455521958648605
6159 0.1018319700783357 1.455823304154869
6160 0.1018223889669271 1.456125626691914
6161 0.1018130270654649 1.456427983796098
6162 0.1018036042187459 1.456730157771224
6163 0.1017945010333503 1.457033077898109
6164 0.1017849580238732 1.457334657102819
6165 0.1017753496653628 1.457636066247219
6166 0.1017639538670847 1.457932040995644
6167 0.101754374784876 1.458233424472641
6168 0.1017451182058579 1.458535635710581
6169 0.101735752119202 1.45883781475756
6170 0.1017263096772345 1.459139715249113
6171 0.1017167767981046 1.459441327994143
6172 0.1017074642249408 1.45974774568283
6173 0.1016996771412894 1.460053897588159
6174 0.1016874729744232 1.460342137919173
6175 0.101680088201979 1.46065639462585
6176 0.1016677485845834 1.460944872223671
6177 0.1016576722180556 1.461243132806827
6178 0.1016478592680083 1.461543837945963
6179 0.1016408619286682 1.461856561017961
6180 0.1016282480231146 1.462145929613274
6181 0.1016180684003607 1.462444625312346
6182 0.1016087918600314 1.462748240444436
6183 0.1016013244128668 1.463059533784012
6184 0.1015889478718774 1.463347457992796
6185 0.1015786344936879 1.463645197086034
6186 0.1015685551314577 1.463945217649937
6187 0.1015612904709514 1.464257855251728
6188 0.1015488304484058 1.46454725598114
6189 0.1015385707417408 1.464845125710774
6190 0.1015287654542725 1.465142305958193
6191 0.1015186713624149 1.465442016075987
6192 0.1015084197691681 1.465742444374538
6193 0.101498243116515 1.466042671573614
6194 0.1014877033420132 1.466345364156627
6195 0.1014777665897906 1.466645012289125
6196 0.101468153815026 1.466941338866497
6197 0.1014577355522495 1.467239854165335
6198 0.1014469933810983 1.467541550553919
6199 0.1014372712215385 1.467838132830941
6200 0.1014268317505975 1.468136478575542
6201 0.1014158707594752 1.468437933542481
6202 0.1014057033962652 1.468736663602344
6203 0.1013958756541831 1.46903223604638
6204 0.1013852737119389 1.469330004030253
6205 0.1013747103096472 1.469628337883928
6206 0.1013638873444657 1.469929376541251
6207 0.1013536636187875 1.470227731716274
6208 0.1013435519523794 1.470522908910851
6209 0.1013327449084265 1.470820176526185
6210 0.101322126756875 1.4711180417305
6211 0.1013111867291681 1.471418629328958
6212 0.101301195199982 1.47171400468419
6213 0.1012904906589933 1.472011216884467
6214 0.1012794399503985 1.472311347873262
6215 0.1012692600453997 1.47260643636599
6216 0.101258396752398 1.47290323046637
6217 0.1012473463643392 1.473203062757562
6218 0.1012376047004243 1.473497603365934
6219 0.1012266816172057 1.473794239670854
6220 0.101215735248957 1.474091332038636
6221 0.1012048325387567 1.474388439418134
6222 0.1011939172656088 1.474685493072059
6223 0.1011830137260964 1.474982359046577
6224 0.1011722530648125 1.475279100327797
6225 0.1011610079467308 1.475578436485539
6226 0.1011507947156839 1.475872274824963
6227 0.1011397905318338 1.476167987537016
6228 0.1011287252672352 1.476464199651807
6229 0.1011176966800898 1.476760633805569
6230 0.1011066281447486 1.477056808624786
6231 0.1010957071508353 1.47735288445851
6232 0.101084267404056 1.477651488924737
6233 0.1010737967040242 1.47794785430377
6234 0.1010627089293366 1.478242744467428
6235 0.1010519300634163 1.478535056502159
6236 0.1010404545230813 1.478829969680713
6237 0.1010288167195624 1.479124718882874
6238 0.1010177333746157 1.479420463609761
6239 0.101006660809659 1.479716265151002
6240 0.1009954711616746 1.480015505853448
6241 0.1009846559031041 1.48031107792429
6242 0.100973613246894 1.480605764379653
6243 0.1009623412043489 1.480900245866663
6244 0.1009509866795689 1.481194613318535
6245 0.1009398069024409 1.481490598838826
6246 0.1009285123412019 1.481784732235825
6247 0.1009171615779782 1.482078731487675
6248 0.1009057655473802 1.482372734131329
6249 0.1008943257335314 1.482666765819346
6250 0.1008828065640936 1.482960837330475
6251 0.1008712794194474 1.483254839418628
6252 0.1008598939859016 1.483548825924591
6253 0.1008482277648761 1.483842714053852
6254 0.1008368338121983 1.484136589913268
6255 0.1008253869431357 1.484430449650342
6256 0.1008138701778731 1.484724241717162
6257 0.1008022563973101 1.485017980760959
6258 0.1007907690632041 1.485315909362516
6259 0.1007792809748225 1.485604192384889
6260 0.1007674937262233 1.485897073403273
6261 0.1007557950527276 1.486190762040933
6262 0.1007441554557493 1.486484433045772
6263 0.1007325049754978 1.486777925241804
6264 0.1007207717670424 1.487071243829414
6265 0.1007088977659355 1.487364038051532
6266 0.1006972553718614 1.48765691771881
6267 0.100685539381503 1.487949778053959
6268 0.1006738094266375 1.488242549147228
6269 0.1006620468336501 1.4885352277102
6270 0.100650235978236 1.488827824982296
6271 0.1006383352391604 1.489120361424445
6272 0.100626414345396 1.489412743755978
6273 0.1006147803065368 1.489709407896817
6274 0.1006027791600928 1.489996232154866
6275 0.1005905373704616 1.490287446418961
6276 0.1005784260987976 1.490579579576172
6277 0.1005664289255559 1.490871857723236
6278 0.100554439629954 1.491164103338104
6279 0.1005424732632439 1.491456156586241
6280 0.1005306426916353 1.491748058935582
6281 0.1005187045129158 1.492039805238458
6282 0.1005067343475002 1.492331391782346
6283 0.1004947197154571 1.492622851932522
6284 0.1004832480568574 1.492914508526235
6285 0.1004708734013413 1.493205806633339
6286 0.1004585356575233 1.493496856933546
6287 0.1004463862373564 1.493787839702505
6288 0.100434211550071 1.494083012182427
6289 0.1004221721897654 1.494368870576677
6290 0.1004097358574829 1.49465902825024
6291 0.1003973465729348 1.494949975606728
6292 0.1003849663449215 1.495240929054687
6293 0.10037261053781 1.495531633177924
6294 0.1003603961704978 1.495822142865721
6295 0.1003480844532503 1.496112477477614
6296 0.1003357528644401 1.496402650202025
6297 0.1003230429923307 1.496690804449074
6298 0.1003105987163792 1.496980712598681
6299 0.1002981446407604 1.497271031593423
6300 0.1002857007874495 1.497561236541431
6301 0.1002733945592035 1.49785130089887
6302 0.1002609905675717 1.498141209609565
6303 0.1002485666242388 1.49843095499281
6304 0.1002347159783718 1.498716753008919
6305 0.1002222945222341 1.499006425809547
6306 0.1002098963938063 1.499296351928565
6307 0.100197469014589 1.499586083271322
6308 0.1001849611239991 1.499876179665567
6309 0.1001726320553002 1.500165585117502
6310 0.1001602157787851 1.500454754044773
6311 0.1001477042744293 1.500743733756374
6312 0.1001351063957928 1.501032572263709
6313 0.1001223963913417 1.50132131744802
6314 0.1001096510258592 1.501609882234591
6315 0.1000970240378955 1.501898342690437
6316 0.1000842928917987 1.502186697087263
6317 0.1000715399030755 1.502474928394495
6318 0.1000587227485386 1.502762975481533
6319 0.1000458839066291 1.503050986819849
6320 0.1000329622106151 1.503338952735215
6321 0.1000200225959316 1.503626766033703
6322 0.1000072139328943 1.503914495393349
6323 0.09999491854060008 1.504208130677833
6324 0.09998186931715944 1.504489718588958
6325 0.09996861815181175 1.504776290850739
6326 0.09995548049526477 1.50506383206975
6327 0.09994236556417678 1.505351411391697
6328 0.09992927692116127 1.50563875131583
6329 0.09991633035410938 1.505925907788831
6330 0.09990328909257692 1.506212903200141
6331 0.09989023153922848 1.506499752649858
6332 0.09987714453202333 1.506786493291126
6333 0.09986401456578171 1.507073155680256
6334 0.09985080190012108 1.507359771414375
6335 0.09983757622799731 1.507646248616817
6336 0.09982476668587108 1.50793750106057
6337 0.09981151400723436 1.508218257727371
6338 0.09979807941570053 1.508503780868135
6339 0.09978476162401473 1.508790229570237
6340 0.09977149726212128 1.509076668821545
6341 0.09975818150719847 1.509362933658597
6342 0.09974485230553046 1.509648920192791
6343 0.09973164750673524 1.509934729815302
6344 0.09971834026312501 1.510220390984092
6345 0.09970501308489192 1.510505915610156
6346 0.09969165453273515 1.510791335276227
6347 0.09967825135766509 1.511076674624651
6348 0.09966476404668954 1.511361962022428
6349 0.09965129807171928 1.511647166745467
6350 0.09963792735155672 1.511932243276898
6351 0.09962472559367405 1.512221993517515
6352 0.09961117661790403 1.51250128986355
6353 0.09959786720102969 1.512788302697817
6354 0.0995838714432896 1.513070370294404
6355 0.09957014338440622 1.513355033489774
6356 0.09955650058529142 1.513639778532923
6357 0.09954302160243052 1.513924399873501
6358 0.09952945509408981 1.514208850211897
6359 0.09951587187126512 1.514493127532438
6360 0.09950225617620147 1.514777269980677
6361 0.09948859973307508 1.515061318387708
6362 0.09947484666856267 1.515345283650801
6363 0.09946108278798781 1.51562912030149
6364 0.09944771259224874 1.515917645424136
6365 0.09943393157980444 1.516195813992492
6366 0.09942039034090926 1.516481632644655
6367 0.09940618375452349 1.516762480527211
6368 0.09939227807271066 1.51704589107607
6369 0.09937838613777937 1.517329465365542
6370 0.09936450829987527 1.5176128361945
6371 0.09935051184702992 1.517896093275364
6372 0.0993367499412716 1.518179149886179
6373 0.09932294850218601 1.518462002996656
6374 0.09930908747852105 1.518744726761682
6375 0.0992951667465837 1.519027370180505
6376 0.09928115512991655 1.51930996578026
6377 0.09926712557464326 1.519592419554343
6378 0.09925352063804474 1.519879499373843
6379 0.09923942027341029 1.520156322263648
6380 0.09922517456299958 1.520437817902158
6381 0.09921104949494094 1.520720218773294
6382 0.09919697428823093 1.521002603202521
6383 0.09918284416114913 1.521284805438233
6384 0.09916868954582059 1.521566694007247
6385 0.09915466354089575 1.521848421223245
6386 0.09914054813443229 1.522130020517237
6387 0.09912639994280471 1.522411467602201
6388 0.09911221965761027 1.522692798697833
6389 0.0990979950858375 1.522974043991617
6390 0.09908368711865806 1.523255233608129
6391 0.09906936555124946 1.523536275926835
6392 0.09905518324846929 1.523817229081351
6393 0.09904126709189265 1.524103323243055
6394 0.09902681321743388 1.524378571794059
6395 0.09901224638659945 1.524658315115722
6396 0.09899779462483409 1.524939161546961
6397 0.09898335866907927 1.525220061360257
6398 0.09896893801527361 1.525500685046681
6399 0.09895464847896819 1.525781099198254
6400 0.09894025697203959 1.526061322741559
6401 0.09892584093557462 1.526341369969418
6402 0.09891139037594995 1.526621286585433
6403 0.09889689354496285 1.52690110868188
6404 0.09888231315511525 1.527180876007685
6405 0.09886804895451665 1.527465151288966
6406 0.09885344232904009 1.527739434161676
6407 0.09883866103440536 1.528018135331559
6408 0.09882401774972414 1.528297831917048
6409 0.09880944093079494 1.528577512448179
6410 0.09879485203215263 1.528856983300892
6411 0.09878017954603054 1.529136253479157
6412 0.09876548195083235 1.529415261168385
6413 0.09875123930747035 1.529698775168269
6414 0.09873644062940856 1.529972396447323
6415 0.09872152919831369 1.53025030301878
6416 0.09870673256221812 1.53052917284648
6417 0.09869198327812927 1.530808013013613
6418 0.09867717813670691 1.531086668673993
6419 0.09866235741868204 1.531365037275913
6420 0.098647658053342 1.531643215573816
6421 0.09863285620542785 1.53192122974668
6422 0.09861803590728002 1.532199097835823
6423 0.09860318524039459 1.53247684512796
6424 0.09858829336233481 1.532754506168589
6425 0.09857331594460714 1.533032090116802
6426 0.09855832425615424 1.533309515467576
6427 0.09854346621172271 1.533586858206758
6428 0.09852851953880407 1.533864117316478
6429 0.09851356397249469 1.534141275802342
6430 0.09849890602138812 1.534422950171568
6431 0.09848374568512741 1.534694711730532
6432 0.09846841669292368 1.534970892238041
6433 0.09845322102562093 1.535248003974715
6434 0.09843824934067179 1.535525102481553
6435 0.09842321602587993 1.535801978198044
6436 0.09840816886688802 1.536078594352211
6437 0.09839308305316312 1.536354991217716
6438 0.0983779427166588 1.536631220152894
6439 0.09836271109414911 1.536907341321354
6440 0.09834746094092268 1.537183289461891
6441 0.09833241623479914 1.537463098837933
6442 0.09831706873767414 1.537733649871471
6443 0.09830167341701704 1.538008689155644
6444 0.09828640174366168 1.538284767856024
6445 0.09827117071395383 1.538560819901177
6446 0.09825587455239557 1.538836651080813
6447 0.0982405539949123 1.539112160259543
6448 0.09822534753327077 1.53938745194664
6449 0.0982100276455754 1.53966254790084
6450 0.09819432710922464 1.539936741393976
6451 0.09817871272479732 1.540211067726013
6452 0.09816363947435526 1.540490402925969
6453 0.09814806875916582 1.540760100971959
6454 0.09813214654740311 1.541033474737015
6455 0.09811665361179815 1.541308168125422
6456 0.09810132304363793 1.541583167846789
6457 0.09808579635977394 1.541857510282486
6458 0.0980703802170784 1.542131912770371
6459 0.09805503547631032 1.542406367028225
6460 0.09803965371254242 1.54268079219242
6461 0.09802424837259714 1.542955009914574
6462 0.09800893949542493 1.543229053395749
6463 0.09799349995253537 1.54350291134747
6464 0.09797801172493049 1.543776570302576
6465 0.09796246547368481 1.54405004940462
6466 0.09794685169520781 1.544323372716464
6467 0.09793113734412488 1.54459658170342
6468 0.09791539413292871 1.54486959632996
6469 0.097899768699129 1.545142481356224
6470 0.0978840459119302 1.545415258229704
6471 0.09786830841255612 1.545687921114152
6472 0.09785254410423055 1.545960487875033
6473 0.09783709745772845 1.546237642097123
6474 0.09782104278752388 1.546504832207447
6475 0.09780490320490111 1.546776300816547
6476 0.09778905652978458 1.547048834563528
6477 0.097773216271467 1.5473213604347
6478 0.09775739478942487 1.547593641790605
6479 0.0977415450477828 1.547865667164316
6480 0.09772564103390434 1.548137478141167
6481 0.09770964289923749 1.548409139670636
6482 0.0976936342062127 1.54868065819131
6483 0.09767793494983096 1.548952460585433
6484 0.09766193583062924 1.549223670565942
6485 0.09764591595708039 1.549494737255396
6486 0.09762981084267332 1.549765950146604
6487 0.09761376015166338 1.550036843736241
6488 0.09759761313336807 1.550307603155844
6489 0.09758132996723624 1.550577978028643
6490 0.09756548117414232 1.550852706503292
6491 0.0975490858182889 1.551117846320228
6492 0.09753266032852789 1.551387274941171
6493 0.09751641162079111 1.551657851994865
6494 0.09750025138935878 1.551928507386112
6495 0.0974840675423172 1.552199030911918
6496 0.09746788785430717 1.552469289864806
6497 0.09745184024425349 1.552739368492974
6498 0.09743569787092679 1.553009288705429
6499 0.09741955044642911 1.553279095282269
6500 0.09740336532188348 1.553548753338358
6501 0.097387131709533 1.553818290632741
6502 0.09737074785018188 1.554087534680393
6503 0.09735442119118236 1.554356863702803
6504 0.09733822452085227 1.554626093636198
6505 0.09732193645455066 1.554895219894607
6506 0.09730597222796915 1.555168719352519
6507 0.09728947017816077 1.555432391442155
6508 0.09727285250730108 1.555700341299646
6509 0.0972563070887288 1.555969364695445
6510 0.09723984051760384 1.556238311409061
6511 0.09722356722462354 1.556507154883772
6512 0.09720716399348088 1.556775625268468
6513 0.09719073299785864 1.55704384505685
6514 0.09717426394131147 1.557311877506311
6515 0.09715774422054593 1.557579767957995
6516 0.09714113774313918 1.557847565222206
6517 0.09712451738058453 1.558115199343858
6518 0.09710802984502508 1.558382745633437
6519 0.09709145688128551 1.558650211594889
6520 0.09707506243737311 1.558918013072314
6521 0.09705843041406652 1.559185266644836
6522 0.0970420313555682 1.559456627950801
6523 0.09702511752379107 1.559718514767666
6524 0.09700812027909365 1.559984481998921
6525 0.09699141103014819 1.560251537434382
6526 0.09697471224911934 1.560518617283014
6527 0.09695803941273014 1.5607854801494
6528 0.09694134706431033 1.561052113700236
6529 0.09692461213264078 1.561318567873997
6530 0.09690778765281677 1.561584884080017
6531 0.09689093829329756 1.561850986732273
6532 0.09687450405060234 1.562121306316641
6533 0.09685760220377794 1.562382346506622
6534 0.09684053965494843 1.562647264335832
6535 0.096823587091799 1.562913169656956
6536 0.0968066843506461 1.563179073050212
6537 0.09678976523178233 1.563445051988311
6538 0.09677273749853391 1.563710214176309
6539 0.09675589832490131 1.563975411845681
6540 0.09673886297640373 1.564240398198854
6541 0.09672196758827252 1.564505366193514
6542 0.09670502721302357 1.564770220620328
6543 0.09668803873561711 1.565034978886949
6544 0.09667096862768651 1.565299667186252
6545 0.09665418864776552 1.565568506737407
6546 0.09663706391918975 1.565827912804419
6547 0.09661980332970999 1.566091422704184
6548 0.09660267701116569 1.56635592814273
6549 0.09658561554883029 1.566620423322193
6550 0.09656854385951173 1.566884710587419
6551 0.09655139183752631 1.567148792006607
6552 0.09653420762073713 1.567412583994728
6553 0.09651721110351089 1.567676432997933
6554 0.0965000537437799 1.567939909998558
6555 0.09648287940727436 1.568203248006451
6556 0.0964659851893923 1.568470766708818
6557 0.09644862661175542 1.56872905285096
6558 0.09643107982198794 1.568991276547401
6559 0.09641366227534598 1.569254447734355
6560 0.09639646868280792 1.569517629237897
6561 0.09637922117590417 1.569780608409662
6562 0.09636196714476651 1.570043345773923
6563 0.09634466388610907 1.570305625839907
6564 0.09632732114683215 1.570568007705546
6565 0.0963098940558348 1.570830289706569
6566 0.09629246301982795 1.571092413518131
6567 0.09627516563141174 1.571354435724861
6568 0.09625808305078813 1.571620655093551
6569 0.09624052697121703 1.571877506560144
6570 0.09622288040011415 1.572138313825391
6571 0.09620534436511459 1.572400161393396
6572 0.09618781925683878 1.572662039578187
6573 0.09617031160957819 1.572923638780137
6574 0.0961528945676743 1.573184772540223
6575 0.09613541504724017 1.573445947135292
6576 0.09611792701116481 1.573706961990504
6577 0.09610041041729513 1.573967830811316
6578 0.09608314846810115 1.574232886742954
6579 0.09606539384324374 1.574488696742067
6580 0.09604750133923211 1.574748340859203
6581 0.09602988097152135 1.575008965558933
6582 0.096012267988663 1.57526961504875
6583 0.09599467781808392 1.575530034263753
6584 0.09597706415988794 1.575790210062235
6585 0.09595940116547913 1.576050182724155
6586 0.09594164941531202 1.576310014322663
6587 0.09592387909699794 1.576569643493574
6588 0.09590624029988852 1.57682915613424
6589 0.09588850902525682 1.577088564151498
6590 0.09587105656621162 1.577352128960641
6591 0.09585313979897016 1.577606374122138
6592 0.09583511048285082 1.577864586034898
6593 0.09581715149245369 1.578123857218644
6594 0.09579926997194266 1.57838306277936
6595 0.09578154886919009 1.57864205695529
6596 0.09576373912966449 1.578900811178925
6597 0.09574590908724039 1.579159335424736
6598 0.09572804431044572 1.579417678311828
6599 0.09571026818956195 1.579676533986476
6600 0.09569227700667698 1.57993461837308
6601 0.09567452170896439 1.580196623877476
6602 0.09565653729900998 1.580449624599633
6603 0.09563832953562498 1.580706445370247
6604 0.09562025117139442 1.580964236467558
6605 0.09560224295981595 1.581222028712597
6606 0.09558423197406772 1.581479630937269
6607 0.09556612423147728 1.581736908668739
6608 0.09554802575924165 1.581994087927469
6609 0.09553005665809361 1.582251117625199
6610 0.09551199804132041 1.582508015087544
6611 0.09549392938100419 1.582764776181911
6612 0.09547583811618686 1.583021420887986
6613 0.09545770993158 1.58327796517849
6614 0.09543950515576938 1.583534426800778
6615 0.09542142099975244 1.583794422548363
6616 0.09540324432206596 1.584045828740409
6617 0.09538488015163712 1.584301173488623
6618 0.09536664537548323 1.584557478205637
6619 0.09534847366937589 1.584813754848741
6620 0.09533029214622935 1.585069813265798
6621 0.09531203157213862 1.585325654923353
6622 0.0952937490728165 1.585581215926362
6623 0.09527558762599976 1.585836604570731
6624 0.0952573323544426 1.586091847199307
6625 0.09523906461894176 1.586346945279817
6626 0.09522077215248899 1.586601918134614
6627 0.09520272198510241 1.586860990818557
6628 0.09518421442208044 1.587110968686933
6629 0.09516557187759565 1.587364762730904
6630 0.09514719771698917 1.587619535796742
6631 0.09512882909689555 1.587874305778986
6632 0.09511048665601955 1.588128854113678
6633 0.09509212410417497 1.588383158620225
6634 0.0950737155959113 1.588637259834399
6635 0.09505522182325193 1.588891217620956
6636 0.09503671461128371 1.589144967924228
6637 0.09501833286211672 1.589398603490045
6638 0.09499986594083779 1.589652126919093
6639 0.09498139252574007 1.58990552227616
6640 0.09496284465447301 1.59015869854563
6641 0.09494459903440165 1.590416029464005
6642 0.09492584780849837 1.590664230150962
6643 0.09490701952214438 1.590916345973657
6644 0.09488846552802661 1.591169463157331
6645 0.09486994210367912 1.591422596522168
6646 0.09485142160076483 1.591675511325124
6647 0.09483286916227585 1.591928150140035
6648 0.09481426511710783 1.59218056339328
6649 0.09479557210216058 1.592432819586722
6650 0.09477686055663187 1.592684861328175
6651 0.09475827680551578 1.592936780688246
6652 0.0947396062053016 1.593188583473578
6653 0.09472119901868874 1.593444403744194
6654 0.09470240795195253 1.59369121191491
6655 0.09468344591278448 1.5939418370175
6656 0.09466454365662806 1.59419346152973
6657 0.09464572116670114 1.594445014848054
6658 0.09462706296077698 1.594696363555389
6659 0.09460829900044604 1.594947396230553
6660 0.0945895415164978 1.595198279277491
6661 0.0945707555315325 1.595448990762763
6662 0.09455192486937292 1.595699558569712
6663 0.09453301344548699 1.59595002422647
6664 0.09451409096151066 1.596200315279839
6665 0.09449529944975066 1.596450488338616
6666 0.09447668740134277 1.596704661974849
6667 0.09445766459178948 1.596949771704473
6668 0.09443854622226903 1.597198777518854
6669 0.09441966108579321 1.597448890370424
6670 0.09440061808093878 1.597698884957684
6671 0.09438160706909687 1.597948585434286
6672 0.09436273760953165 1.598198052453349
6673 0.09434377876493479 1.598447309509639
6674 0.0943248058347816 1.598696373164626
6675 0.09430580596452391 1.598945282281418
6676 0.09428676605168931 1.59919406759103
6677 0.09426764944497462 1.599442762264069
6678 0.09424876876220414 1.599695374200195
6679 0.09422971519125051 1.599939080677705
6680 0.094210418096703 1.600186587920764
6681 0.09419124767865716 1.60043502542885
6682 0.09417214843201284 1.600683448684652
6683 0.0941530459433514 1.600931666130073
6684 0.09413386996065615 1.601179673379593
6685 0.09411467795786484 1.601427410878202
6686 0.09409561014097582 1.601674979838477
6687 0.09407645212540054 1.601922402463126
6688 0.09405728379639224 1.602169676457966
6689 0.09403809260097884 1.602416821123892
6690 0.09401886483329699 1.602663854039196
6691 0.09399956277646183 1.602910800429897
6692 0.09398048503430317 1.603161612448054
6693 0.09396120472533383 1.603403507761142
6694 0.09394173330878117 1.603649267199875
6695 0.09392218350047224 1.603895166151485
6696 0.09390290824474973 1.604141869262863
6697 0.09388366528007616 1.604388480662766
6698 0.09386434746976954 1.604634878557067
6699 0.09384500490291595 1.604880974034672
6700 0.09382577806738576 1.605126869617991
6701 0.09380646400986212 1.605372603858
6702 0.09378711901173234 1.605618150556916
6703 0.09376801113145276 1.60586769434848
6704 0.09374853730414527 1.606108294141484
6705 0.09372882408633532 1.60635265056965
6706 0.09370923675918892 1.606597904463437
6707 0.09368987242324572 1.606843148591458
6708 0.09367055536913416 1.607088561640039
6709 0.09365114340457456 1.607333319367608
6710 0.09363168126667618 1.607577809017124
6711 0.09361216734156091 1.607822114289972
6712 0.09359257229571444 1.608066302220367
6713 0.09357296829660905 1.608310306175325
6714 0.0935537368373569 1.608558246110166
6715 0.09353407722953119 1.608797378792392
6716 0.09351431301803312 1.60904023450714
6717 0.09349467163043322 1.609284075191018
6718 0.09347508354964719 1.609527914076019
6719 0.09345545071818628 1.609771562305466
6720 0.09343581092282226 1.610014907948176
6721 0.09341629502716622 1.61025804763239
6722 0.0933966869200146 1.610501012041399
6723 0.09337706636352655 1.610743810300162
6724 0.09335766474481082 1.610990503637562
6725 0.09333794007005261 1.611228543965819
6726 0.09331795744353591 1.611470188847526
6727 0.09329809844163138 1.611712702847048
6728 0.09327846055006983 1.611955202982993
6729 0.09325876669454188 1.612197608563494
6730 0.09323912947532638 1.612439758367272
6731 0.09321940675473143 1.612681566811319
6732 0.09319963256030694 1.612923165360824
6733 0.09317977903031915 1.613164639761403
6734 0.09315991686441268 1.613405929640701
6735 0.09314018908128116 1.613647114985562
6736 0.09312038091899562 1.613888188806419
6737 0.09310079883890962 1.614133104236213
6738 0.09308086804829395 1.614369291702888
6739 0.09306079438951555 1.614609201608832
6740 0.09304078213075084 1.614850107192151
6741 0.09302084838722173 1.615090947401081
6742 0.09300108221815634 1.615331566765645
6743 0.09298123352404744 1.615571941825683
6744 0.0929613696439394 1.615812079705462
6745 0.0929414753502759 1.616052024246796
6746 0.09292153760240823 1.616291816874291
6747 0.0929015217706585 1.616531502398193
6748 0.09288173053441873 1.616774961423597
6749 0.0928617970927718 1.617009867143282
6750 0.09284160469828753 1.617248343281704
6751 0.09282153504486065 1.617487724820829
6752 0.09280153374042507 1.617727075955556
6753 0.09278152842644742 1.617966211539406
6754 0.09276145213761709 1.618205136095878
6755 0.09274136141384685 1.618443785721144
6756 0.09272139610773364 1.618682264919154
6757 0.09270134346616521 1.618920596286085
6758 0.09268128335168273 1.619158778313734
6759 0.09266120297903035 1.619396828213398
6760 0.09264108764686772 1.619634759414231
6761 0.09262112156361217 1.619876515527189
6762 0.09260083040416429 1.620109582051238
6763 0.09258056329439632 1.62034632974174
6764 0.09256034775654139 1.620584035246484
6765 0.09254021459071479 1.620821706433831
6766 0.09252009109430942 1.621059144010188
6767 0.0924999314279069 1.621296334668865
6768 0.09247969200664138 1.621533349212329
6769 0.09245943630830421 1.621770111285536
6770 0.0924393064621056 1.622006721191785
6771 0.09241909132407222 1.622243196028695
6772 0.09239909365336094 1.622483423685875
6773 0.09237881937075773 1.622715211396931
6774 0.09235832429145498 1.622950487251131
6775 0.09233788151062158 1.623186712938427
6776 0.09231751904895952 1.623422851760912
6777 0.0922973207703229 1.623658776598978
6778 0.09227704289908049 1.6238944606088
6779 0.092256752581497 1.62412991093843
6780 0.09223643416342726 1.624365170670986
6781 0.09221607491510805 1.624600283659584
6782 0.09219563843835822 1.624835282600538
6783 0.09217513085590444 1.625069824818541
6784 0.09215480990883183 1.625304498057085
6785 0.09213464520897238 1.625543004177735
6786 0.09211416285613538 1.625772890705296
6787 0.09209355096880333 1.626006433501206
6788 0.09207303687485763 1.62624092871504
6789 0.09205253659196533 1.626475427292477
6790 0.09203205812396503 1.626709632128311
6791 0.09201171120776659 1.626943589061721
6792 0.09199127199321881 1.627177316363525
6793 0.0919708177527164 1.627410836042589
6794 0.09195033666763142 1.627644187229676
6795 0.09192981639459931 1.627877400834987
6796 0.09190944771727003 1.628114419132148
6797 0.09188881903520681 1.628342952045213
6798 0.09186813821437122 1.62857497786732
6799 0.09184750043901363 1.62880790756073
6800 0.09182694632632354 1.629040791402228
6801 0.09180640565825646 1.629273446743756
6802 0.09178583386233759 1.629505865142654
6803 0.09176518355894937 1.62973809688999
6804 0.09174452001557948 1.629970085426768
6805 0.09172399276278023 1.630201954399478
6806 0.09170337700007379 1.630433674738361
6807 0.09168275397690129 1.630665235691078
6808 0.09166211230687842 1.630896659826321
6809 0.09164164837819125 1.631131808960822
6810 0.09162081293634383 1.631358501984044
6811 0.09159985845051896 1.631588743461977
6812 0.09157917064627523 1.63181992350585
6813 0.09155848312800696 1.632051079514605
6814 0.09153782266965789 1.632281993574985
6815 0.09151714505505873 1.632512651832977
6816 0.09149642643103374 1.632743095472581
6817 0.09147562403910084 1.632973372955628
6818 0.09145480893171636 1.633203428961701
6819 0.09143412374601166 1.633433352926257
6820 0.09141357332623022 1.633667001738069
6821 0.09139278097052804 1.633892307665813
6822 0.09137178343499709 1.634121063039942
6823 0.09135087459729387 1.634350712810305
6824 0.09132997776501603 1.634580346322163
6825 0.09130910720007847 1.634809696565359
6826 0.09128837372722839 1.635038814709384
6827 0.09126755425077138 1.635267720025686
6828 0.0912467237889542 1.635496423820928
6829 0.09122586949682888 1.635724961845086
6830 0.09120497840149644 1.635953363637323
6831 0.09118453756446265 1.636186543719607
6832 0.0911634433282989 1.636410197747185
6833 0.09114254738720239 1.636641080700369
6834 0.09112174223013747 1.636869194846086
6835 0.09110077576503911 1.63709609907428
6836 0.09107962691663825 1.637319604242506
6837 0.0910583594558963 1.637546238953685
6838 0.09103717227026391 1.637773728297637
6839 0.09101627698646704 1.638004903935075
6840 0.09099553081373786 1.638231714406494
6841 0.09097449578115815 1.638455186261348
6842 0.09095348295935399 1.638684890673857
6843 0.09093235290455161 1.638907705646258
6844 0.09091132829906381 1.639137507523224
6845 0.09089023030087408 1.639360806889393
6846 0.09086898097459772 1.639586595561703
6847 0.09084813246214317 1.63981669900477
6848 0.09082724868675975 1.640042643377558
6849 0.09080615354576849 1.640264956987322
6850 0.09078488815205633 1.64048996865727
6851 0.09076387032432129 1.640719356724576
6852 0.09074265855086662 1.640941076829462
6853 0.09072153496567453 1.641169625202859
6854 0.0907005197955488 1.641391650224592
6855 0.09067926182015541 1.641616161132828
6856 0.09065807959489176 1.641841240875227
6857 0.09063694943516863 1.642066264713121
6858 0.09061581509674874 1.64229108824562
6859 0.09059461475833219 1.642515714723994
6860 0.09057358013026293 1.642743698595774
6861 0.0905524552049751 1.642963721819092
6862 0.09053130219371215 1.643190839645968
6863 0.09051012593335661 1.643411561795131
6864 0.09048876144224502 1.643634619555524
6865 0.09046743755766518 1.643858268936847
6866 0.09044611285257767 1.644081930186567
6867 0.09042498927789333 1.644308980847021
6868 0.09040379652823416 1.644528084647513
6869 0.09038257619415666 1.644754201362952
6870 0.09036133524576255 1.644973925684071
6871 0.09033990708821428 1.645196015881638
6872 0.09031852090789781 1.645418694100077
6873 0.09029713481624189 1.645641379360182
6874 0.090275778594523 1.645863833293653
6875 0.09025473604070129 1.646089697606641
6876 0.09023340670454173 1.646307650315792
6877 0.09021212069897866 1.646532613626676
6878 0.09019071475509802 1.646751063209643
6879 0.09016937003332859 1.646975625562586
6880 0.090148019081613 1.64719693106646
6881 0.09012649093085809 1.64741459072583
6882 0.09010514659596507 1.647638653714163
6883 0.0900838257140618 1.647859554961409
6884 0.09006235662459575 1.648076948947914
6885 0.09004092956727903 1.648300686062691
6886 0.09001957480666831 1.648521252410261
6887 0.08999800293190233 1.648738342784567
6888 0.08997648353173389 1.64896169620749
6889 0.08995520180128597 1.649181881558616
6890 0.08993386186293414 1.649402002433342
6891 0.08991239240986333 1.649621359879422
6892 0.08989096198140117 1.649841013995875
6893 0.08986941344966602 1.650060210780323
6894 0.08984769748160265 1.650276142644009
6895 0.08982607984156778 1.650498620534834
6896 0.08980474234472263 1.650718039058675
6897 0.08978335468497696 1.650937228895889
6898 0.08976184077505589 1.651155726925905
6899 0.08974013114913444 1.651373949925046
6900 0.08971858546543236 1.651592236331064
6901 0.08969703549883298 1.651810733410726
6902 0.08967540257021359 1.652028866722877
6903 0.08965395823930487 1.652247014292331
6904 0.08963237394745785 1.652464900482556
6905 0.0896108546863512 1.652682768846377
6906 0.0895893288980688 1.652900552414654
6907 0.08956774732884164 1.653118113107668
6908 0.08954604300837815 1.65333547312235
6909 0.08952437677054671 1.653552668265563
6910 0.08950280514729884 1.653769694992262
6911 0.08948120044505639 1.653986626416909
6912 0.08945955696175582 1.654203376359504
6913 0.08943794109929505 1.654420015924667
6914 0.08941625565281675 1.654636498750034
6915 0.0893945443029163 1.654852899746355
6916 0.08937279229771572 1.655069081262767
6917 0.08935121673617114 1.655285158817908
6918 0.0893295257273921 1.655501079881619
6919 0.08930787538768938 1.655716869239682
6920 0.08928617036889605 1.655932491981212
6921 0.08926463915198297 1.656148084389292
6922 0.08924277947208341 1.656363497115763
6923 0.08922097064618424 1.656578653605159
6924 0.08919928124988338 1.656793674905509
6925 0.0891775543662202 1.657008569419434
6926 0.08915580326175976 1.657223315365109
6927 0.0891340718632327 1.657437924741056
6928 0.08911228300721304 1.657652402078011
6929 0.08909045961878842 1.657866773598881
6930 0.08906860677343474 1.658080946039314
6931 0.08904692113245725 1.658294993009231
6932 0.08902513058652681 1.658508901489489
6933 0.08900337034403071 1.658722656278521
6934 0.08898156685311909 1.658936264316111
6935 0.08895976365677982 1.659149740431441
6936 0.08893786339723235 1.65936310066901
6937 0.08891599249559951 1.659576263880414
6938 0.08889422704524889 1.659789292181461
6939 0.08887241666744773 1.660002185520509
6940 0.0888505770919065 1.660214920282342
6941 0.08882907833123115 1.660424997602507
6942 0.08880697664876751 1.660637346483913
6943 0.08878490916029522 1.660850236785997
6944 0.08876294688812979 1.661062976764041
6945 0.08874116764223203 1.66127548277129
6946 0.08871932515228287 1.6614877287938
6947 0.08869747987017758 1.661699713596626
6948 0.0886756122037272 1.661911471954955
6949 0.08865376147757387 1.662126351003675
6950 0.08863190605414746 1.662333999542545
6951 0.08860977216888724 1.66254468824914
6952 0.08858782941174148 1.662755928295015
6953 0.08856588248810224 1.662967077512089
6954 0.08854382942112553 1.663177288779764
6955 0.08852189540289397 1.663387886926287
6956 0.08849995409363866 1.663598431554736
6957 0.08847794959664637 1.663808864940878
6958 0.08845594311770497 1.664019081318632
6959 0.08843406877741036 1.664229146419195
6960 0.08841211587055488 1.66443905499885
6961 0.08839023038920052 1.664652230772999
6962 0.08836838029113483 1.664857884016335
6963 0.08834621339482052 1.66506678790454
6964 0.08832404230435127 1.66527629266377
6965 0.0883019436251298 1.665485650303286
6966 0.08828001241417271 1.665694795447491
6967 0.08825801282460367 1.665903710276495
6968 0.08823601009547261 1.666112396964897
6969 0.08821398704222828 1.666320891385353
6970 0.08819192923234666 1.666529227926574
6971 0.08816980216877836 1.666737444359257
6972 0.08814767378195131 1.666945461658595
6973 0.08812567965641115 1.667153333470927
6974 0.08810367588474712 1.667364462041809
6975 0.0880817378424628 1.667568188917874
6976 0.08805950203952397 1.667775155199173
6977 0.08803728142203224 1.667982611289584
6978 0.08801509815489283 1.668190104562772
6979 0.08799294713678776 1.668397321750929
6980 0.08797093747614736 1.668604316141958
6981 0.08794898297056061 1.668811392423944
6982 0.08792689553750158 1.669018013173868
6983 0.0879047557040714 1.669224481144876
6984 0.08788260677700352 1.669430713730589
6985 0.08786038337727801 1.669636825254502
6986 0.08783815728161454 1.669842738723082
6987 0.08781611370229958 1.670051858054834
6988 0.08779408799870132 1.67025365505273
6989 0.08777177441762066 1.670458659729887
6990 0.08774951026853015 1.670664231205663
6991 0.08772729241896919 1.670869729591696
6992 0.08770504454549874 1.671075046003231
6993 0.08768280594691148 1.671280077734542
6994 0.08766070128850299 1.671484911882385
6995 0.08763851806890458 1.671689565001323
6996 0.08761633289406018 1.671894041429949
6997 0.08759413239459697 1.672098365747765
6998 0.08757190222854358 1.672302553935128
6999 0.08754960699019347 1.672506629775749
7000 0.08752735400581539 1.672713775154621
